Dates,CENTRO,NORESTE,NORESTE2,NOROESTE,NOROESTE2,NORTE,NORTE2,SUR,SURESTE,SURESTE2,SURESTE3,SUROESTE,SUROESTE2
2015-01-01 00:00:00,52,350,7,234,,54,,,180,207,,113,118
2015-01-01 01:00:00,46,344,3,247,,46,,,181,300,,85,110
2015-01-01 02:00:00,65,341,360,220,,32,,,190,286,,87,99
2015-01-01 03:00:00,82,346,6,255,,31,,,104,290,,72,91
2015-01-01 04:00:00,77,356,350,260,,52,,,103,289,,76,94
2015-01-01 05:00:00,80,336,345,277,,40,,,200,314,,86,106
2015-01-01 06:00:00,77,342,356,280,,331,,,242,322,,99,91
2015-01-01 07:00:00,71,358,347,294,,349,,,164,309,,88,85
2015-01-01 08:00:00,85,354,339,275,,304,,,142,314,,86,72
2015-01-01 09:00:00,52,15,2,275,,73,,,77,312,,95,108
2015-01-01 10:00:00,77,66,31,148,,85,,,61,15,,120,76
2015-01-01 11:00:00,62,43,47,147,,81,,,90,8,,104,77
2015-01-01 12:00:00,16,29,23,131,,86,,,95,50,,91,92
2015-01-01 13:00:00,10,2,352,213,,51,,,93,93,,77,96
2015-01-01 14:00:00,81,47,38,153,,88,,,80,58,,85,101
2015-01-01 15:00:00,67,42,83,147,,85,,,74,95,,92,116
2015-01-01 16:00:00,73,54,110,160,,64,,,55,88,,99,92
2015-01-01 17:00:00,76,81,116,151,,71,,,60,95,,80,86
2015-01-01 18:00:00,56,58,125,156,,52,,,74,109,,93,90
2015-01-01 19:00:00,66,101,152,111,,51,,,79,129,,98,92
2015-01-01 20:00:00,76,118,158,124,,62,,,75,122,,100,84
2015-01-01 21:00:00,54,111,159,140,,112,,,76,118,,92,95
2015-01-01 22:00:00,68,103,160,155,,94,,,75,121,,113,118
2015-01-01 23:00:00,68,106,151,158,,100,,,74,126,,99,109
2015-01-02 00:00:00,5,83,134,190,,76,,,74,129,,129,131
2015-01-02 01:00:00,7,29,62,216,,44,,,69,127,,104,119
2015-01-02 02:00:00,51,20,13,220,,38,,,53,79,,88,100
2015-01-02 03:00:00,55,10,12,250,,32,,,79,147,,103,90
2015-01-02 04:00:00,26,5,360,263,,42,,,76,258,,101,91
2015-01-02 05:00:00,55,354,2,225,,51,,,59,311,,92,90
2015-01-02 06:00:00,70,1,359,196,,37,,,47,307,,100,89
2015-01-02 07:00:00,73,1,7,200,,57,,,57,311,,96,92
2015-01-02 08:00:00,59,5,348,174,,54,,,45,316,,97,84
2015-01-02 09:00:00,73,31,348,162,,56,,,74,307,,97,93
2015-01-02 10:00:00,61,21,1,158,,73,,,57,31,,98,84
2015-01-02 11:00:00,88,53,38,146,,99,,,79,103,,106,85
2015-01-02 12:00:00,81,70,68,141,,173,,,79,122,,113,98
2015-01-02 13:00:00,83,76,97,178,,145,,,89,134,,109,86
2015-01-02 14:00:00,81,66,84,162,,128,,,102,99,,118,112
2015-01-02 15:00:00,78,58,101,171,,83,,,71,111,,112,106
2015-01-02 16:00:00,92,55,163,148,,80,,,78,92,,127,116
2015-01-02 17:00:00,77,103,159,135,,105,,,81,107,,113,116
2015-01-02 18:00:00,70,112,161,154,,94,,,83,96,,96,107
2015-01-02 19:00:00,78,93,141,151,,66,,,80,94,,89,113
2015-01-02 20:00:00,74,68,103,170,,58,,,76,63,,46,141
2015-01-02 21:00:00,113,78,84,248,,46,,,87,122,,360,174
2015-01-02 22:00:00,106,33,18,316,,14,,,64,124,,311,129
2015-01-02 23:00:00,60,29,25,267,,18,,,128,107,,331,96
2015-01-03 00:00:00,38,3,5,284,,43,,,147,49,,341,111
2015-01-03 01:00:00,59,356,18,267,,358,,,91,40,,64,92
2015-01-03 02:00:00,58,31,346,235,,40,,,120,59,,65,105
2015-01-03 03:00:00,48,165,320,279,,58,,,78,32,,360,192
2015-01-03 04:00:00,346,60,324,281,,88,,,114,140,,305,253
2015-01-03 05:00:00,339,114,195,224,,121,,,165,135,,220,279
2015-01-03 06:00:00,357,30,153,104,,124,,,99,119,,33,93
2015-01-03 07:00:00,258,22,52,191,,122,,,127,115,,153,65
2015-01-03 08:00:00,224,43,68,191,,,,,113,96,,199,57
2015-01-03 09:00:00,147,21,54,113,,,,,114,69,,112,103
2015-01-03 10:00:00,48,6,51,215,,,,,87,58,,68,114
2015-01-03 11:00:00,5,349,349,276,,,,,137,335,,74,104
2015-01-03 12:00:00,17,349,340,317,,,,,235,316,,123,102
2015-01-03 13:00:00,14,356,7,241,,37,,,194,323,,110,107
2015-01-03 14:00:00,80,340,348,251,,89,,,121,317,,103,94
2015-01-03 15:00:00,124,245,246,170,,169,,,258,257,,80,68
2015-01-03 16:00:00,122,197,212,206,,171,,,173,159,,231,246
2015-01-03 17:00:00,251,189,173,206,,221,,,116,139,,158,157
2015-01-03 18:00:00,219,126,158,201,,229,,,172,137,,161,168
2015-01-03 19:00:00,222,129,161,182,,229,,,108,147,,245,250
2015-01-03 20:00:00,83,129,170,219,,173,,,204,179,,253,220
2015-01-03 21:00:00,298,136,199,147,,199,,,191,265,,168,146
2015-01-03 22:00:00,260,284,3,278,,282,,,235,309,,286,267
2015-01-03 23:00:00,277,334,349,317,,280,,,179,294,,267,250
2015-01-04 00:00:00,249,309,327,297,,311,,,266,312,,221,232
2015-01-04 01:00:00,254,281,310,311,,273,,,266,310,,273,263
2015-01-04 02:00:00,250,235,302,323,,227,,,274,298,,249,264
2015-01-04 03:00:00,264,218,325,329,,242,,,264,281,,257,269
2015-01-04 04:00:00,248,224,302,322,,223,,,262,292,,284,268
2015-01-04 05:00:00,221,216,324,285,,261,,,257,332,,264,266
2015-01-04 06:00:00,233,22,343,304,,267,,,208,318,,264,260
2015-01-04 07:00:00,126,298,310,170,,230,,,161,282,,306,121
2015-01-04 08:00:00,133,289,310,139,,148,,,243,288,,287,91
2015-01-04 09:00:00,129,324,339,133,,132,,,244,285,,276,125
2015-01-04 10:00:00,81,332,355,202,,138,,,261,294,,93,119
2015-01-04 11:00:00,13,352,357,41,,61,,,267,297,,126,125
2015-01-04 12:00:00,17,3,17,44,,44,,,183,301,,120,112
2015-01-04 13:00:00,23,18,22,50,,46,,,135,319,,99,94
2015-01-04 14:00:00,22,11,19,43,,46,,,94,310,,101,92
2015-01-04 15:00:00,36,11,23,50,,30,,,90,162,,93,84
2015-01-04 16:00:00,30,15,17,55,,33,,,59,141,,97,89
2015-01-04 17:00:00,12,16,36,34,,27,,,95,129,,117,95
2015-01-04 18:00:00,13,41,347,68,,94,,,55,163,,132,86
2015-01-04 19:00:00,24,14,286,136,,68,,,119,183,,131,105
2015-01-04 20:00:00,34,340,191,253,,335,,,258,172,,127,87
2015-01-04 21:00:00,69,313,179,218,,271,,,263,170,,120,79
2015-01-04 22:00:00,108,266,172,241,,269,,,173,148,,119,87
2015-01-04 23:00:00,37,126,168,253,,262,,,152,135,,114,99
2015-01-05 00:00:00,76,119,156,126,,124,,,121,148,,111,97
2015-01-05 01:00:00,91,119,168,107,,123,,,112,148,,125,84
2015-01-05 02:00:00,60,118,160,108,,135,,,99,140,,119,88
2015-01-05 03:00:00,64,107,159,109,,134,,,101,159,,151,95
2015-01-05 04:00:00,37,95,149,154,,117,,,61,110,,152,111
2015-01-05 05:00:00,39,88,109,131,,95,,,49,93,,152,107
2015-01-05 06:00:00,33,51,86,128,,70,,,51,105,,151,118
2015-01-05 07:00:00,51,85,147,215,,113,,,52,120,,131,121
2015-01-05 08:00:00,52,101,153,155,,99,,,67,143,,109,117
2015-01-05 09:00:00,70,84,151,170,,80,,,79,158,,131,100
2015-01-05 10:00:00,7,71,142,162,,92,,,86,161,,144,101
2015-01-05 11:00:00,22,66,181,162,,77,,,57,141,,27,82
2015-01-05 12:00:00,63,109,146,166,,88,,,71,118,,91,92
2015-01-05 13:00:00,65,97,127,145,,90,,,63,91,,115,97
2015-01-05 14:00:00,52,100,140,100,,113,,,65,101,,102,91
2015-01-05 15:00:00,46,106,145,98,,108,,,77,106,,104,82
2015-01-05 16:00:00,46,105,151,102,,,,,78,117,,106,88
2015-01-05 17:00:00,41,103,150,86,,97,,,83,108,,113,92
2015-01-05 18:00:00,36,105,149,135,,105,,,75,102,,113,98
2015-01-05 19:00:00,40,107,149,147,,118,,,76,104,,134,135
2015-01-05 20:00:00,41,112,148,149,,123,,,67,105,,119,130
2015-01-05 21:00:00,71,111,158,154,,116,,,73,128,,110,124
2015-01-05 22:00:00,88,115,161,155,,130,,,82,124,,120,127
2015-01-05 23:00:00,312,111,159,189,,112,,,41,123,,95,133
2015-01-06 00:00:00,310,101,149,176,,115,,,48,92,,321,129
2015-01-06 01:00:00,349,64,53,304,,59,,,146,10,,305,118
2015-01-06 02:00:00,2,28,17,302,,334,,,82,24,,297,241
2015-01-06 03:00:00,53,38,45,285,,38,,,67,62,,318,114
2015-01-06 04:00:00,75,35,19,240,,50,,,45,111,,94,108
2015-01-06 05:00:00,51,18,18,306,,350,,,37,74,,116,128
2015-01-06 06:00:00,20,75,81,245,,88,,,79,16,,100,105
2015-01-06 07:00:00,77,149,222,186,,103,,,129,282,,111,99
2015-01-06 08:00:00,191,251,319,141,,274,,,279,351,,149,102
2015-01-06 09:00:00,260,327,23,306,,302,,,189,43,,356,268
2015-01-06 10:00:00,350,22,24,284,,146,,,96,125,,350,237
2015-01-06 11:00:00,14,91,24,183,,118,,,68,144,,64,104
2015-01-06 12:00:00,58,41,131,158,,121,,,89,142,,136,79
2015-01-06 13:00:00,70,75,177,131,,89,,,97,167,,99,98
2015-01-06 14:00:00,66,117,152,151,,101,,,62,99,,87,97
2015-01-06 15:00:00,67,113,153,147,,116,,,72,129,,104,107
2015-01-06 16:00:00,68,107,160,156,,113,,,84,120,,104,111
2015-01-06 17:00:00,57,105,153,156,,104,,,82,100,,120,107
2015-01-06 18:00:00,58,101,150,161,,113,,,78,91,,126,117
2015-01-06 19:00:00,71,92,155,161,,150,,,75,109,,111,127
2015-01-06 20:00:00,74,107,156,148,,150,,,85,147,,119,120
2015-01-06 21:00:00,36,108,148,137,,138,,,68,117,,140,131
2015-01-06 22:00:00,7,107,158,292,,129,,,58,173,,129,147
2015-01-06 23:00:00,318,37,70,304,,188,,,159,343,,124,130
2015-01-07 00:00:00,266,6,16,293,,306,,,177,279,,121,117
2015-01-07 01:00:00,305,355,353,274,,233,,,117,354,,270,131
2015-01-07 02:00:00,185,355,334,317,,314,,,101,285,,119,76
2015-01-07 03:00:00,283,299,340,291,,288,,,218,289,,296,261
2015-01-07 04:00:00,176,356,297,313,,276,,,188,284,,288,253
2015-01-07 05:00:00,332,327,344,299,,262,,,146,252,,111,124
2015-01-07 06:00:00,225,343,328,265,,244,,,242,305,,151,51
2015-01-07 07:00:00,338,344,354,303,,199,,,174,308,,272,182
2015-01-07 08:00:00,5,5,12,292,,156,,,61,351,,28,153
2015-01-07 09:00:00,10,11,2,264,,41,,,126,357,,146,116
2015-01-07 10:00:00,334,338,349,247,,22,,,203,330,,137,71
2015-01-07 11:00:00,343,3,49,251,,35,,,95,352,,287,322
2015-01-07 12:00:00,326,30,54,274,,57,,,141,16,,306,68
2015-01-07 13:00:00,9,17,60,186,,39,,,93,39,,89,96
2015-01-07 14:00:00,19,21,27,47,,36,,,58,22,,103,80
2015-01-07 15:00:00,17,360,11,48,,30,,,63,340,,115,82
2015-01-07 16:00:00,34,351,10,139,,63,,,96,316,,122,122
2015-01-07 17:00:00,38,0,19,101,,37,,,118,306,,110,119
2015-01-07 18:00:00,22,360,17,34,,28,,,75,318,,118,117
2015-01-07 19:00:00,22,345,8,42,,13,,,98,308,,122,113
2015-01-07 20:00:00,45,351,10,44,,356,,,169,304,,122,115
2015-01-07 21:00:00,29,356,5,41,,33,,,127,303,,120,104
2015-01-07 22:00:00,25,1,11,36,,33,,,192,298,,118,112
2015-01-07 23:00:00,19,359,9,48,,35,,,177,313,,117,113
2015-01-08 00:00:00,29,5,7,105,,38,,,141,353,,108,110
2015-01-08 01:00:00,13,7,16,71,,37,,,142,315,,108,107
2015-01-08 02:00:00,34,8,13,70,,45,,,129,306,,111,104
2015-01-08 03:00:00,28,6,7,69,,37,,,167,304,,117,119
2015-01-08 04:00:00,34,358,4,71,,32,,,138,314,,111,115
2015-01-08 05:00:00,29,349,6,44,,18,,,212,324,,110,108
2015-01-08 06:00:00,39,344,10,186,,49,,,203,319,,117,113
2015-01-08 07:00:00,34,352,6,198,,74,,,229,320,,109,101
2015-01-08 08:00:00,28,1,15,82,,89,,,84,315,,103,98
2015-01-08 09:00:00,43,22,23,73,,65,,,66,316,,94,92
2015-01-08 10:00:00,59,0,33,122,,56,,,98,146,,104,104
2015-01-08 11:00:00,22,335,275,269,,18,,,204,138,,102,88
2015-01-08 12:00:00,47,305,179,275,,342,,,125,136,,98,83
2015-01-08 13:00:00,148,121,167,192,,35,,,90,142,,50,87
2015-01-08 14:00:00,79,123,173,143,,67,,,94,146,,89,92
2015-01-08 15:00:00,68,128,178,121,,113,,,83,155,,93,90
2015-01-08 16:00:00,76,116,186,130,,113,,,82,179,,93,92
2015-01-08 17:00:00,63,122,184,133,,127,,,76,196,,95,96
2015-01-08 18:00:00,35,130,155,137,,136,,,131,157,,104,92
2015-01-08 19:00:00,73,124,149,143,,130,,,76,107,,116,98
2015-01-08 20:00:00,39,115,150,137,,107,,,88,106,,110,83
2015-01-08 21:00:00,66,107,177,152,,95,,,69,143,,109,95
2015-01-08 22:00:00,78,114,176,150,,120,,,76,147,,49,96
2015-01-08 23:00:00,24,120,221,153,,97,,,162,236,,282,108
2015-01-09 00:00:00,327,284,322,290,,329,,,290,310,,290,109
2015-01-09 01:00:00,308,281,336,285,,294,,,271,319,,341,92
2015-01-09 02:00:00,315,303,339,313,,295,,,273,327,,310,235
2015-01-09 03:00:00,292,308,333,318,,287,,,263,307,,299,259
2015-01-09 04:00:00,295,296,323,296,,245,,,272,299,,333,142
2015-01-09 05:00:00,86,312,323,182,,252,,,261,64,,123,109
2015-01-09 06:00:00,99,310,333,294,,288,,,259,148,,149,118
2015-01-09 07:00:00,139,294,346,268,,227,,,277,281,,92,62
2015-01-09 08:00:00,22,294,350,107,,193,,,233,208,,163,105
2015-01-09 09:00:00,325,323,353,162,,35,,,240,221,,13,105
2015-01-09 10:00:00,345,348,5,133,,43,,,278,27,,104,113
2015-01-09 11:00:00,67,333,4,192,,51,,,258,323,,75,85
2015-01-09 12:00:00,60,344,358,162,,56,,,124,319,,223,74
2015-01-09 13:00:00,28,347,4,259,,46,,,176,322,,192,106
2015-01-09 14:00:00,43,347,13,150,,62,,,185,324,,90,102
2015-01-09 15:00:00,36,359,9,157,,63,,,211,311,,101,102
2015-01-09 16:00:00,52,350,5,206,,112,,,86,314,,103,107
2015-01-09 17:00:00,66,353,7,191,,68,,,76,330,,108,104
2015-01-09 18:00:00,66,358,4,209,,77,,,62,307,,108,105
2015-01-09 19:00:00,52,353,5,163,,66,,,102,304,,106,106
2015-01-09 20:00:00,54,355,7,57,,84,,,197,313,,100,107
2015-01-09 21:00:00,49,351,7,139,,50,,,136,313,,102,107
2015-01-09 22:00:00,42,325,7,161,,38,,,180,307,,98,113
2015-01-09 23:00:00,41,337,4,159,,52,,,251,310,,97,117
2015-01-10 00:00:00,42,331,354,190,,72,,,267,303,,106,124
2015-01-10 01:00:00,53,344,357,191,,122,,,245,305,,91,111
2015-01-10 02:00:00,90,1,4,187,,100,,,142,306,,78,102
2015-01-10 03:00:00,114,356,2,147,,40,,,118,309,,87,100
2015-01-10 04:00:00,45,7,351,216,,33,,,74,303,,94,112
2015-01-10 05:00:00,20,347,349,215,,49,,,83,302,,101,102
2015-01-10 06:00:00,32,342,346,188,,90,,,219,299,,95,92
2015-01-10 07:00:00,75,336,353,222,,74,,,268,305,,101,101
2015-01-10 08:00:00,40,333,359,217,,16,,,270,305,,92,101
2015-01-10 09:00:00,40,338,9,192,,25,,,282,318,,82,84
2015-01-10 10:00:00,89,340,360,186,,40,,,147,313,,94,94
2015-01-10 11:00:00,95,348,0,171,,50,,,97,321,,116,88
2015-01-10 12:00:00,96,359,3,179,,98,,,75,322,,90,81
2015-01-10 13:00:00,93,358,9,128,,62,,,91,326,,68,81
2015-01-10 14:00:00,115,12,16,183,,64,,,67,328,,79,84
2015-01-10 15:00:00,81,15,8,144,,54,,,62,332,,74,89
2015-01-10 16:00:00,74,32,19,162,,56,,,54,11,,81,98
2015-01-10 17:00:00,51,12,4,199,,43,,,66,343,,91,106
2015-01-10 18:00:00,52,35,23,171,,68,,,122,342,,90,111
2015-01-10 19:00:00,24,355,350,259,,42,,,115,11,,96,102
2015-01-10 20:00:00,26,27,22,216,,49,,,51,37,,107,104
2015-01-10 21:00:00,333,337,352,299,,1,,,70,322,,125,113
2015-01-10 22:00:00,73,15,5,274,,37,,,62,308,,76,106
2015-01-10 23:00:00,65,350,355,184,,51,,,49,316,,86,94
2015-01-11 00:00:00,80,6,356,133,,40,,,81,317,,60,89
2015-01-11 01:00:00,337,356,359,177,,18,,,178,320,,306,105
2015-01-11 02:00:00,9,335,338,306,,340,,,299,322,,284,254
2015-01-11 03:00:00,46,313,340,262,,16,,,284,313,,255,45
2015-01-11 04:00:00,195,218,305,124,,144,,,160,306,,78,102
2015-01-11 05:00:00,301,29,284,127,,128,,,120,217,,109,113
2015-01-11 06:00:00,192,39,300,158,,60,,,199,143,,275,49
2015-01-11 07:00:00,281,54,273,124,,167,,,85,145,,306,287
2015-01-11 08:00:00,76,341,80,136,,114,,,118,177,,303,141
2015-01-11 09:00:00,100,346,16,128,,146,,,127,286,,45,58
2015-01-11 10:00:00,95,64,68,206,,118,,,127,326,,11,289
2015-01-11 11:00:00,90,60,81,205,,108,,,99,351,,81,79
2015-01-11 12:00:00,38,116,96,136,,116,,,106,79,,113,101
2015-01-11 13:00:00,104,122,154,143,,108,,,92,103,,114,101
2015-01-11 14:00:00,87,113,157,134,,109,,,111,116,,104,99
2015-01-11 15:00:00,73,105,138,152,,,,,76,112,,116,99
2015-01-11 16:00:00,67,108,151,154,,99,,,76,101,,111,107
2015-01-11 17:00:00,47,98,128,154,,108,,,77,93,,138,121
2015-01-11 18:00:00,50,75,136,142,,120,,,75,95,,123,125
2015-01-11 19:00:00,53,101,162,151,,127,,,76,109,,128,130
2015-01-11 20:00:00,34,96,170,146,,130,,,97,145,,136,128
2015-01-11 21:00:00,301,115,175,180,,166,,,211,146,,220,148
2015-01-11 22:00:00,273,31,311,312,,263,,,255,233,,245,254
2015-01-11 23:00:00,255,143,305,309,,266,,,200,236,,269,238
2015-01-12 00:00:00,265,349,1,299,,268,,,150,276,,283,258
2015-01-12 01:00:00,283,303,329,285,,271,,,232,285,,283,257
2015-01-12 02:00:00,247,308,330,291,,280,,,262,306,,280,258
2015-01-12 03:00:00,294,281,301,294,,270,,,208,289,,286,251
2015-01-12 04:00:00,338,306,301,309,,241,,,266,267,,280,263
2015-01-12 05:00:00,334,283,305,318,,166,,,278,264,,301,253
2015-01-12 06:00:00,251,256,308,312,,265,,,275,281,,282,262
2015-01-12 07:00:00,335,298,311,306,,259,,,268,261,,273,275
2015-01-12 08:00:00,317,207,307,328,,55,,,278,132,,295,270
2015-01-12 09:00:00,17,150,1,278,,84,,,168,120,,325,253
2015-01-12 10:00:00,80,52,70,167,,114,,,79,153,,148,97
2015-01-12 11:00:00,89,51,147,154,,112,,,82,110,,117,110
2015-01-12 12:00:00,64,104,136,164,,101,,,70,81,,117,106
2015-01-12 13:00:00,56,104,134,135,,99,,,74,83,,111,101
2015-01-12 14:00:00,58,102,129,112,,98,,,77,122,,105,92
2015-01-12 15:00:00,56,102,117,99,,98,,,83,119,,106,86
2015-01-12 16:00:00,55,100,143,98,,98,,,82,118,,97,77
2015-01-12 17:00:00,63,103,144,101,,104,,,80,102,,116,79
2015-01-12 18:00:00,53,106,143,115,,112,,,74,101,,142,84
2015-01-12 19:00:00,57,113,156,110,,126,,,77,134,,145,90
2015-01-12 20:00:00,54,111,161,106,,123,,,79,159,,147,76
2015-01-12 21:00:00,64,115,181,108,,117,,,94,196,,125,74
2015-01-12 22:00:00,92,113,160,114,,139,,,93,157,,99,86
2015-01-12 23:00:00,69,87,111,95,,98,,,76,78,,87,78
2015-01-13 00:00:00,47,22,25,162,,32,,,64,52,,87,72
2015-01-13 01:00:00,1,340,349,199,,334,,,96,74,,123,114
2015-01-13 02:00:00,5,343,8,128,,34,,,119,64,,115,129
2015-01-13 03:00:00,42,,19,122,,62,,,88,338,,126,123
2015-01-13 04:00:00,70,359,4,194,,119,,,71,290,,100,93
2015-01-13 05:00:00,58,356,356,181,,110,,,56,298,,116,89
2015-01-13 06:00:00,46,352,357,245,,91,,,186,304,,109,106
2015-01-13 07:00:00,67,340,4,210,,81,,,197,291,,94,115
2015-01-13 08:00:00,49,337,18,263,,76,,,221,278,,94,100
2015-01-13 09:00:00,33,351,15,239,,64,,,267,266,,94,100
2015-01-13 10:00:00,16,346,7,208,,27,,,277,145,,99,104
2015-01-13 11:00:00,6,336,127,237,,4,,,286,136,,110,125
2015-01-13 12:00:00,3,338,110,159,,37,,,259,130,,117,106
2015-01-13 13:00:00,3,19,85,73,,28,,,251,122,,120,105
2015-01-13 14:00:00,1,56,134,65,,45,,,136,143,,122,92
2015-01-13 15:00:00,52,104,154,80,,50,,,81,144,,127,82
2015-01-13 16:00:00,59,118,156,115,,49,,,79,142,,128,98
2015-01-13 17:00:00,41,113,165,146,,67,,,75,150,,144,104
2015-01-13 18:00:00,34,111,169,153,,41,,,71,150,,139,104
2015-01-13 19:00:00,44,118,159,136,,43,,,91,127,,114,78
2015-01-13 20:00:00,51,108,148,119,,64,,,79,129,,118,76
2015-01-13 21:00:00,40,103,148,114,,69,,,79,136,,123,80
2015-01-13 22:00:00,32,101,127,107,,58,,,75,138,,123,87
2015-01-13 23:00:00,35,102,145,112,,97,,,82,135,,121,81
2015-01-14 00:00:00,34,108,148,111,,110,,,79,138,,122,83
2015-01-14 01:00:00,38,106,143,82,,102,,,65,143,,130,84
2015-01-14 02:00:00,32,105,120,115,,113,,,75,137,,131,91
2015-01-14 03:00:00,5,108,185,146,,133,,,63,138,,115,123
2015-01-14 04:00:00,4,99,188,146,,85,,,66,127,,121,113
2015-01-14 05:00:00,23,108,199,163,,49,,,73,123,,117,116
2015-01-14 06:00:00,66,102,37,170,,60,,,74,133,,101,100
2015-01-14 07:00:00,42,17,16,154,,49,,,58,126,,106,107
2015-01-14 08:00:00,53,28,30,158,,41,,,73,136,,105,103
2015-01-14 09:00:00,47,359,20,264,,38,,,68,130,,99,92
2015-01-14 10:00:00,14,2,22,291,,52,,,84,135,,101,84
2015-01-14 11:00:00,4,353,5,227,,63,,,73,143,,97,88
2015-01-14 12:00:00,16,10,22,248,,60,,,117,122,,101,97
2015-01-14 13:00:00,357,7,16,182,,41,,,91,128,,103,100
2015-01-14 14:00:00,5,358,18,240,,45,,,104,101,,105,93
2015-01-14 15:00:00,16,9,26,307,,49,,,75,80,,111,97
2015-01-14 16:00:00,3,4,17,262,,22,,,116,92,,137,114
2015-01-14 17:00:00,8,4,14,207,,39,,,119,72,,152,133
2015-01-14 18:00:00,8,11,8,270,,29,,,78,16,,107,125
2015-01-14 19:00:00,17,2,357,218,,49,,,72,323,,104,94
2015-01-14 20:00:00,34,358,353,225,,60,,,47,307,,98,98
2015-01-14 21:00:00,52,356,360,247,,48,,,55,313,,93,100
2015-01-14 22:00:00,56,353,4,239,,61,,,48,305,,99,96
2015-01-14 23:00:00,43,353,358,261,,39,,,58,315,,107,102
2015-01-15 00:00:00,70,356,6,239,,46,,,97,298,,96,102
2015-01-15 01:00:00,93,344,9,234,,64,,,53,307,,90,89
2015-01-15 02:00:00,67,342,4,253,,20,,,88,310,,78,104
2015-01-15 03:00:00,54,352,2,223,,124,,,147,320,,99,90
2015-01-15 04:00:00,49,344,7,261,,117,,,188,329,,84,89
2015-01-15 05:00:00,52,342,8,216,,162,,,135,333,,88,90
2015-01-15 06:00:00,39,348,6,159,,130,,,95,338,,88,87
2015-01-15 07:00:00,76,351,4,163,,76,,,125,332,,82,94
2015-01-15 08:00:00,143,353,2,138,,347,,,140,340,,88,122
2015-01-15 09:00:00,126,348,358,142,,8,,,207,337,,35,100
2015-01-15 10:00:00,79,358,4,172,,29,,,212,331,,93,88
2015-01-15 11:00:00,41,357,8,194,,128,,,145,341,,100,97
2015-01-15 12:00:00,22,359,19,167,,35,,,,341,,102,108
2015-01-15 13:00:00,116,357,14,185,,79,,,162,340,,99,108
2015-01-15 14:00:00,152,6,20,188,,174,,,213,352,,103,121
2015-01-15 15:00:00,139,10,26,163,,50,,,239,1,,95,115
2015-01-15 16:00:00,119,32,66,161,,125,,,207,33,,99,104
2015-01-15 17:00:00,156,74,65,174,,56,,,127,346,,116,119
2015-01-15 18:00:00,97,91,59,142,,108,,,161,190,,147,135
2015-01-15 19:00:00,91,35,13,144,,70,,,207,113,,162,134
2015-01-15 20:00:00,90,8,348,173,,67,,,86,181,,107,120
2015-01-15 21:00:00,80,321,337,280,,301,,,178,218,,117,117
2015-01-15 22:00:00,35,322,354,243,,299,,,206,81,,117,108
2015-01-15 23:00:00,51,325,0,214,,285,,,221,140,,129,109
2015-01-16 00:00:00,37,350,357,268,,278,,,151,225,,164,125
2015-01-16 01:00:00,181,311,315,272,,262,,,244,234,,230,145
2015-01-16 02:00:00,244,270,328,268,,271,,,267,258,,270,198
2015-01-16 03:00:00,225,258,8,297,,228,,,251,296,,266,251
2015-01-16 04:00:00,291,262,356,324,,259,,,253,269,,278,263
2015-01-16 05:00:00,222,261,317,325,,254,,,254,269,,284,251
2015-01-16 06:00:00,225,37,342,329,,202,,,261,190,,290,268
2015-01-16 07:00:00,308,1,337,318,,122,,,265,216,,261,259
2015-01-16 08:00:00,8,307,326,299,,142,,,275,288,,293,143
2015-01-16 09:00:00,98,342,312,292,,86,,,263,286,,112,129
2015-01-16 10:00:00,65,125,335,134,,87,,,235,292,,120,101
2015-01-16 11:00:00,76,6,0,247,,117,,,126,326,,109,114
2015-01-16 12:00:00,88,32,349,140,,98,,,119,320,,89,112
2015-01-16 13:00:00,82,20,181,129,,110,,,124,83,,65,106
2015-01-16 14:00:00,76,50,268,143,,122,,,83,99,,73,79
2015-01-16 15:00:00,78,27,188,160,,99,,,93,263,,96,92
2015-01-16 16:00:00,84,113,160,126,,156,,,66,102,,111,98
2015-01-16 17:00:00,71,123,157,115,,185,,,81,120,,143,112
2015-01-16 18:00:00,78,117,155,114,,162,,,85,124,,155,118
2015-01-16 19:00:00,93,123,159,113,,149,,,135,159,,134,132
2015-01-16 20:00:00,118,125,153,119,,141,,,183,142,,138,151
2015-01-16 21:00:00,108,118,151,115,,138,,,153,146,,291,173
2015-01-16 22:00:00,144,109,156,109,,67,,,219,182,,324,253
2015-01-16 23:00:00,179,120,152,101,,253,,,165,235,,225,242
2015-01-17 00:00:00,281,91,137,223,,191,,,178,142,,274,192
2015-01-17 01:00:00,222,44,92,316,,299,,,204,15,,232,238
2015-01-17 02:00:00,227,6,323,312,,299,,,226,297,,298,245
2015-01-17 03:00:00,256,15,320,302,,176,,,244,352,,267,183
2015-01-17 04:00:00,237,314,331,310,,284,,,248,306,,270,181
2015-01-17 05:00:00,226,301,312,267,,311,,,251,293,,148,235
2015-01-17 06:00:00,255,299,314,272,,286,,,283,275,,275,244
2015-01-17 07:00:00,243,307,318,285,,264,,,262,273,,277,251
2015-01-17 08:00:00,228,260,312,261,,191,,,279,314,,298,262
2015-01-17 09:00:00,214,57,343,281,,148,,,256,325,,310,238
2015-01-17 10:00:00,110,10,332,281,,120,,,184,287,,67,68
2015-01-17 11:00:00,75,157,262,229,,143,,,142,246,,116,90
2015-01-17 12:00:00,30,304,284,208,,122,,,103,306,,115,117
2015-01-17 13:00:00,54,34,335,158,,25,,,101,270,,94,113
2015-01-17 14:00:00,63,19,163,175,,96,,,105,253,,83,103
2015-01-17 15:00:00,68,98,136,166,,91,,,103,157,,108,115
2015-01-17 16:00:00,120,125,171,128,,138,,,85,139,,132,116
2015-01-17 17:00:00,299,114,143,101,,123,,,70,107,,157,118
2015-01-17 18:00:00,41,101,152,96,,130,,,71,123,,199,132
2015-01-17 19:00:00,242,129,169,186,,192,,,191,217,,172,170
2015-01-17 20:00:00,320,51,80,263,,334,,,102,33,,226,221
2015-01-17 21:00:00,222,16,9,136,,54,,,168,193,,126,119
2015-01-17 22:00:00,301,13,352,294,,92,,,139,344,,150,113
2015-01-17 23:00:00,239,284,290,142,,266,,,198,263,,131,116
2015-01-18 00:00:00,236,270,328,201,,270,,,246,281,,177,97
2015-01-18 01:00:00,304,291,316,209,,281,,,242,299,,292,108
2015-01-18 02:00:00,178,0,358,209,,290,,,164,303,,304,86
2015-01-18 03:00:00,159,341,356,240,,285,,,73,315,,278,207
2015-01-18 04:00:00,123,334,360,162,,215,,,157,307,,108,133
2015-01-18 05:00:00,22,340,12,101,,279,,,152,321,,109,125
2015-01-18 06:00:00,46,344,7,93,,168,,,153,301,,114,120
2015-01-18 07:00:00,81,319,348,188,,229,,,188,281,,114,127
2015-01-18 08:00:00,95,317,323,168,,159,,,228,283,,113,125
2015-01-18 09:00:00,53,315,321,141,,193,,,239,290,,110,122
2015-01-18 10:00:00,34,320,343,46,,108,,,265,327,,107,110
2015-01-18 11:00:00,35,321,357,149,,84,,,284,26,,101,97
2015-01-18 12:00:00,17,3,21,145,,70,,,201,157,,112,97
2015-01-18 13:00:00,134,3,67,194,,64,,,171,107,,113,101
2015-01-18 14:00:00,146,295,109,142,,37,,,204,133,,141,113
2015-01-18 15:00:00,165,21,118,157,,100,,,138,125,,121,119
2015-01-18 16:00:00,139,67,57,109,,127,,,126,120,,124,127
2015-01-18 17:00:00,147,129,170,94,,114,,,97,148,,115,130
2015-01-18 18:00:00,112,130,167,116,,154,,,161,147,,142,153
2015-01-18 19:00:00,188,130,168,124,,137,,,128,173,,197,160
2015-01-18 20:00:00,110,131,175,116,,129,,,193,157,,128,177
2015-01-18 21:00:00,153,137,176,124,,195,,,225,177,,302,240
2015-01-18 22:00:00,116,134,180,133,,193,,,135,197,,116,157
2015-01-18 23:00:00,124,147,169,129,,233,,,231,218,,233,159
2015-01-19 00:00:00,208,186,203,132,,238,,,203,262,,152,236
2015-01-19 01:00:00,199,223,20,313,,254,,,213,299,,276,202
2015-01-19 02:00:00,226,278,347,320,,279,,,221,288,,331,249
2015-01-19 03:00:00,214,358,318,325,,285,,,247,285,,278,249
2015-01-19 04:00:00,221,170,280,273,,195,,,240,266,,284,266
2015-01-19 05:00:00,223,139,339,297,,141,,,234,267,,284,264
2015-01-19 06:00:00,246,345,343,319,,282,,,235,298,,293,175
2015-01-19 07:00:00,213,281,306,255,,300,,,271,268,,284,242
2015-01-19 08:00:00,217,266,304,276,,81,,,255,274,,243,269
2015-01-19 09:00:00,359,234,301,305,,109,,,274,192,,299,306
2015-01-19 10:00:00,62,158,310,282,,117,,,267,129,,292,301
2015-01-19 11:00:00,358,105,305,230,,103,,,159,160,,334,284
2015-01-19 12:00:00,4,97,263,199,,144,,,92,77,,335,251
2015-01-19 13:00:00,85,123,302,152,,144,,,81,204,,286,102
2015-01-19 14:00:00,85,126,212,148,,159,,,79,245,,95,89
2015-01-19 15:00:00,112,124,158,148,,137,,,121,92,,92,89
2015-01-19 16:00:00,66,121,134,156,,175,,,113,112,,93,103
2015-01-19 17:00:00,105,120,154,127,,135,,,82,141,,129,119
2015-01-19 18:00:00,76,132,163,127,,135,,,96,153,,180,151
2015-01-19 19:00:00,283,126,147,121,,138,,,143,102,,136,169
2015-01-19 20:00:00,40,35,147,237,,92,,,201,161,,307,154
2015-01-19 21:00:00,284,39,132,303,,200,,,254,336,,277,228
2015-01-19 22:00:00,258,297,20,295,,246,,,207,293,,275,226
2015-01-19 23:00:00,268,334,334,281,,294,,,229,309,,275,220
2015-01-20 00:00:00,249,285,321,301,,264,,,273,297,,292,269
2015-01-20 01:00:00,227,217,312,311,,228,,,268,303,,257,268
2015-01-20 02:00:00,239,193,319,313,,233,,,277,304,,275,311
2015-01-20 03:00:00,221,344,329,318,,14,,,264,272,,249,223
2015-01-20 04:00:00,216,261,297,304,,237,,,251,306,,256,224
2015-01-20 05:00:00,230,204,277,322,,202,,,251,268,,248,248
2015-01-20 06:00:00,233,235,302,309,,151,,,249,254,,253,263
2015-01-20 07:00:00,267,198,273,322,,216,,,257,257,,299,255
2015-01-20 08:00:00,339,227,276,313,,190,,,256,273,,290,272
2015-01-20 09:00:00,356,144,290,324,,194,,,251,290,,11,294
2015-01-20 10:00:00,342,10,318,273,,125,,,241,295,,359,290
2015-01-20 11:00:00,7,355,322,149,,169,,,247,282,,47,283
2015-01-20 12:00:00,7,345,290,151,,142,,,203,192,,103,80
2015-01-20 13:00:00,81,118,197,146,,120,,,113,122,,102,79
2015-01-20 14:00:00,69,131,162,141,,96,,,80,144,,108,82
2015-01-20 15:00:00,59,119,167,123,,86,,,94,122,,89,72
2015-01-20 16:00:00,81,110,164,106,,93,,,97,121,,96,96
2015-01-20 17:00:00,117,111,153,101,,111,,,85,111,,168,150
2015-01-20 18:00:00,87,113,152,103,,165,,,125,150,,176,153
2015-01-20 19:00:00,68,116,162,113,,157,,,160,218,,159,173
2015-01-20 20:00:00,276,108,144,157,,158,,,191,159,,339,210
2015-01-20 21:00:00,277,108,141,,,110,,,218,144,,302,267
2015-01-20 22:00:00,235,114,138,,,104,,,205,157,,297,241
2015-01-20 23:00:00,217,66,84,,,355,,,215,38,,243,217
2015-01-21 00:00:00,286,339,80,,,338,,,145,318,,262,166
2015-01-21 01:00:00,244,317,333,,,291,,,237,308,,268,230
2015-01-21 02:00:00,260,312,307,,,278,,,266,317,,307,248
2015-01-21 03:00:00,248,321,324,,,276,,,214,303,,282,250
2015-01-21 04:00:00,233,279,308,,,278,,,250,314,,304,174
2015-01-21 05:00:00,249,292,308,,,272,,,243,304,,299,242
2015-01-21 06:00:00,236,287,332,,,289,,,257,301,,301,246
2015-01-21 07:00:00,218,312,337,,,274,,,258,321,,238,255
2015-01-21 08:00:00,235,331,346,,,355,,,250,317,,314,134
2015-01-21 09:00:00,2,8,54,,,103,,,272,36,,334,267
2015-01-21 10:00:00,22,8,44,,,30,,,209,40,,60,22
2015-01-21 11:00:00,29,32,101,,,62,,,156,34,,117,101
2015-01-21 12:00:00,38,89,148,,,82,,,88,91,,121,117
2015-01-21 13:00:00,44,93,128,,,87,,,74,126,,128,112
2015-01-21 14:00:00,57,107,145,84,,103,,,78,122,,117,88
2015-01-21 15:00:00,71,112,145,90,,99,,,86,104,,121,111
2015-01-21 16:00:00,58,112,156,93,,93,,,106,100,,123,92
2015-01-21 17:00:00,70,110,115,102,,107,,,98,101,,115,67
2015-01-21 18:00:00,83,109,108,104,,95,,,112,189,,107,94
2015-01-21 19:00:00,72,87,108,100,,55,,,109,93,,118,85
2015-01-21 20:00:00,74,83,11,106,,12,,,77,125,,117,91
2015-01-21 21:00:00,100,4,9,125,,106,,,102,124,,123,98
2015-01-21 22:00:00,90,27,105,106,,335,,,107,130,,114,78
2015-01-21 23:00:00,62,117,147,101,,322,,,86,148,,115,76
2015-01-22 00:00:00,58,124,156,97,,345,,,79,165,,108,86
2015-01-22 01:00:00,62,102,164,104,,293,,,91,161,,119,86
2015-01-22 02:00:00,5,62,66,159,,332,,,81,105,,146,111
2015-01-22 03:00:00,20,357,10,252,,31,,,49,8,,129,105
2015-01-22 04:00:00,6,344,344,291,,357,,,80,332,,148,121
2015-01-22 05:00:00,18,328,357,253,,297,,,156,309,,130,118
2015-01-22 06:00:00,56,346,4,266,,58,,,197,315,,130,113
2015-01-22 07:00:00,86,351,2,246,,71,,,55,314,,112,98
2015-01-22 08:00:00,96,350,2,162,,71,,,57,309,,97,84
2015-01-22 09:00:00,81,349,4,179,,139,,,76,312,,105,102
2015-01-22 10:00:00,99,353,2,168,,103,,,146,318,,115,100
2015-01-22 11:00:00,73,353,16,175,,48,,,76,322,,119,103
2015-01-22 12:00:00,74,356,15,189,,37,,,167,326,,133,113
2015-01-22 13:00:00,31,359,13,203,,27,,,139,324,,131,120
2015-01-22 14:00:00,49,357,13,116,,24,,,190,335,,102,96
2015-01-22 15:00:00,56,0,12,76,,20,,,162,326,,104,109
2015-01-22 16:00:00,48,356,17,43,,37,,,121,324,,106,113
2015-01-22 17:00:00,52,360,20,88,,56,,,120,325,,101,119
2015-01-22 18:00:00,69,3,20,47,,19,,,104,323,,103,118
2015-01-22 19:00:00,74,14,21,168,,74,,,123,311,,106,118
2015-01-22 20:00:00,80,14,19,217,,43,,,84,315,,103,108
2015-01-22 21:00:00,83,6,15,224,,69,,,82,314,,103,107
2015-01-22 22:00:00,49,3,3,83,,43,,,152,322,,104,112
2015-01-22 23:00:00,40,356,7,236,,55,,,204,321,,119,104
2015-01-23 00:00:00,67,349,4,200,,150,,,160,318,,92,103
2015-01-23 01:00:00,55,345,14,157,,15,,,130,325,,82,110
2015-01-23 02:00:00,52,342,8,137,,252,,,149,327,,74,108
2015-01-23 03:00:00,31,347,3,160,,127,,,210,334,,48,104
2015-01-23 04:00:00,57,348,360,232,,310,,,210,335,,302,93
2015-01-23 05:00:00,112,356,4,300,,353,,,180,336,,294,
2015-01-23 06:00:00,125,340,0,300,,120,,,117,340,,287,251
2015-01-23 07:00:00,103,352,1,269,,359,,,140,335,,275,261
2015-01-23 08:00:00,92,354,9,299,,350,,,81,338,,271,254
2015-01-23 09:00:00,106,350,12,203,,358,,,98,330,,291,229
2015-01-23 10:00:00,108,356,8,160,,356,,,62,335,,50,109
2015-01-23 11:00:00,114,353,10,169,,347,,,93,344,,94,114
2015-01-23 12:00:00,126,2,12,169,,3,,,98,339,,88,114
2015-01-23 13:00:00,117,359,14,174,,18,,,103,355,,81,115
2015-01-23 14:00:00,113,2,9,163,,15,,,125,357,,99,118
2015-01-23 15:00:00,105,4,8,122,,17,,,90,5,,95,114
2015-01-23 16:00:00,91,355,20,83,,28,,,57,8,,99,121
2015-01-23 17:00:00,109,18,34,84,,22,,,87,360,,113,125
2015-01-23 18:00:00,110,73,35,83,,116,,,73,308,,114,122
2015-01-23 19:00:00,116,102,355,129,,124,,,76,288,,102,88
2015-01-23 20:00:00,118,33,332,125,,122,,,138,276,,108,101
2015-01-23 21:00:00,70,359,339,140,,76,,,67,245,,133,103
2015-01-23 22:00:00,70,302,309,170,,311,,,120,203,,130,111
2015-01-23 23:00:00,99,268,299,164,,285,,,222,165,,108,102
2015-01-24 00:00:00,115,25,149,123,,290,,,93,143,,164,162
2015-01-24 01:00:00,100,123,172,272,,76,,,99,152,,10,169
2015-01-24 02:00:00,314,113,162,325,,16,,,117,151,,283,226
2015-01-24 03:00:00,344,115,154,304,,345,,,135,181,,311,153
2015-01-24 04:00:00,4,132,176,293,,318,,,154,185,,266,126
2015-01-24 05:00:00,318,108,185,312,,308,,,209,210,,66,134
2015-01-24 06:00:00,215,355,12,302,,297,,,152,232,,222,155
2015-01-24 07:00:00,359,334,358,304,,303,,,92,343,,34,136
2015-01-24 08:00:00,328,336,343,318,,307,,,211,332,,328,102
2015-01-24 09:00:00,20,330,335,312,,66,,,241,317,,329,273
2015-01-24 10:00:00,13,314,335,239,,170,,,276,337,,46,350
2015-01-24 11:00:00,1,346,353,243,,72,,,150,344,,84,100
2015-01-24 12:00:00,8,357,339,260,,77,,,112,351,,97,97
2015-01-24 13:00:00,43,97,6,211,,116,,,190,310,,27,76
2015-01-24 14:00:00,57,101,131,132,,102,,,86,51,,75,68
2015-01-24 15:00:00,60,117,196,115,,125,,,92,118,,65,77
2015-01-24 16:00:00,66,112,187,133,,141,,,80,145,,106,86
2015-01-24 17:00:00,64,107,147,124,,121,,,92,140,,106,93
2015-01-24 18:00:00,83,122,170,103,,182,,,88,141,,117,107
2015-01-24 19:00:00,96,143,178,142,,190,,,152,174,,136,160
2015-01-24 20:00:00,184,124,168,327,,236,,,214,187,,322,182
2015-01-24 21:00:00,200,130,162,307,,263,,,226,180,,312,238
2015-01-24 22:00:00,233,352,87,317,,267,,,162,301,,317,223
2015-01-24 23:00:00,236,29,21,323,,273,,,217,315,,318,215
2015-01-25 00:00:00,285,339,341,308,,308,,,218,288,,289,260
2015-01-25 01:00:00,222,311,312,317,,298,,,248,281,,270,259
2015-01-25 02:00:00,264,313,320,325,,288,,,268,294,,307,251
2015-01-25 03:00:00,242,310,312,297,,253,,,269,296,,213,276
2015-01-25 04:00:00,250,235,314,271,,214,,,279,289,,287,208
2015-01-25 05:00:00,283,277,327,315,,252,,,260,285,,268,235
2015-01-25 06:00:00,225,268,315,294,,327,,,253,265,,239,279
2015-01-25 07:00:00,288,227,297,303,,349,,,255,275,,241,289
2015-01-25 08:00:00,232,303,323,312,,19,,,269,246,,258,282
2015-01-25 09:00:00,57,295,321,313,,94,,,244,261,,39,286
2015-01-25 10:00:00,121,169,322,282,,86,,,187,261,,48,105
2015-01-25 11:00:00,80,18,340,243,,116,,,233,302,,97,102
2015-01-25 12:00:00,348,309,317,277,,311,,,242,284,,106,111
2015-01-25 13:00:00,13,321,323,268,,347,,,215,312,,69,102
2015-01-25 14:00:00,32,321,334,224,,81,,,226,301,,63,100
2015-01-25 15:00:00,93,322,327,197,,347,,,134,332,,79,104
2015-01-25 16:00:00,131,352,30,189,,357,,,175,88,,106,118
2015-01-25 17:00:00,52,27,36,86,,64,,,87,96,,116,106
2015-01-25 18:00:00,41,40,28,130,,112,,,50,133,,107,112
2015-01-25 19:00:00,35,10,302,155,,139,,,68,185,,117,103
2015-01-25 20:00:00,49,336,257,154,,148,,,218,201,,146,112
2015-01-25 21:00:00,243,274,317,98,,226,,,250,207,,250,126
2015-01-25 22:00:00,219,4,359,277,,233,,,128,63,,313,262
2015-01-25 23:00:00,99,336,31,289,,246,,,88,359,,316,140
2015-01-26 00:00:00,188,319,1,299,,255,,,83,279,,289,116
2015-01-26 01:00:00,310,268,300,152,,158,,,214,294,,266,102
2015-01-26 02:00:00,197,284,306,190,,324,,,229,256,,272,216
2015-01-26 03:00:00,213,295,326,314,,253,,,218,300,,270,237
2015-01-26 04:00:00,229,223,316,236,,238,,,204,297,,192,194
2015-01-26 05:00:00,232,283,307,288,,243,,,234,273,,303,243
2015-01-26 06:00:00,267,257,315,293,,258,,,250,316,,272,254
2015-01-26 07:00:00,250,308,46,294,,230,,,245,324,,248,180
2015-01-26 08:00:00,210,42,317,151,,315,,,233,266,,323,93
2015-01-26 09:00:00,66,352,324,134,,172,,,234,323,,310,119
2015-01-26 10:00:00,93,6,113,170,,101,,,115,44,,112,104
2015-01-26 11:00:00,49,112,153,179,,85,,,81,106,,113,86
2015-01-26 12:00:00,55,125,151,124,,99,,,64,121,,113,83
2015-01-26 13:00:00,56,115,158,94,,135,,,74,108,,108,73
2015-01-26 14:00:00,46,121,149,83,,86,,,88,101,,92,70
2015-01-26 15:00:00,59,117,116,94,,92,,,84,103,,98,68
2015-01-26 16:00:00,63,112,105,105,,84,,,91,107,,92,57
2015-01-26 17:00:00,62,107,100,71,,65,,,80,104,,82,63
2015-01-26 18:00:00,72,106,139,101,,88,,,77,105,,109,92
2015-01-26 19:00:00,59,107,149,108,,109,,,95,126,,126,93
2015-01-26 20:00:00,89,117,156,102,,130,,,109,156,,137,83
2015-01-26 21:00:00,103,118,167,106,,139,,,111,181,,156,93
2015-01-26 22:00:00,58,112,168,125,,134,,,126,219,,230,111
2015-01-26 23:00:00,65,110,169,153,,148,,,171,233,,252,151
2015-01-27 00:00:00,244,100,48,309,,279,,,189,271,,286,232
2015-01-27 01:00:00,238,351,6,317,,287,,,225,2,,288,258
2015-01-27 02:00:00,231,359,303,314,,282,,,229,241,,306,231
2015-01-27 03:00:00,25,13,348,318,,339,,,75,293,,311,215
2015-01-27 04:00:00,317,299,315,242,,195,,,125,287,,137,114
2015-01-27 05:00:00,269,323,335,325,,307,,,264,304,,238,236
2015-01-27 06:00:00,221,283,323,304,,296,,,254,320,,281,263
2015-01-27 07:00:00,280,305,318,329,,259,,,262,306,,294,251
2015-01-27 08:00:00,253,291,332,330,,115,,,259,311,,238,260
2015-01-27 09:00:00,265,319,332,314,,110,,,264,310,,24,272
2015-01-27 10:00:00,21,3,5,281,,96,,,181,322,,99,108
2015-01-27 11:00:00,32,312,345,245,,76,,,106,344,,94,88
2015-01-27 12:00:00,34,327,0,226,,92,,,157,299,,97,116
2015-01-27 13:00:00,63,344,46,141,,119,,,172,311,,87,113
2015-01-27 14:00:00,74,39,99,157,,73,,,130,196,,111,113
2015-01-27 15:00:00,52,131,136,107,,94,,,119,102,,107,95
2015-01-27 16:00:00,69,114,118,114,,92,,,107,102,,118,108
2015-01-27 17:00:00,77,107,135,108,,91,,,101,113,,126,115
2015-01-27 18:00:00,85,120,146,103,,108,,,86,109,,128,107
2015-01-27 19:00:00,80,124,154,107,,151,,,105,185,,145,94
2015-01-27 20:00:00,74,110,150,113,,164,,,181,165,,156,154
2015-01-27 21:00:00,23,88,138,118,,103,,,210,251,,264,190
2015-01-27 22:00:00,263,352,149,272,,281,,,217,276,,321,261
2015-01-27 23:00:00,223,325,331,292,,261,,,233,282,,314,266
2015-01-28 00:00:00,221,325,351,310,,263,,,244,298,,292,265
2015-01-28 01:00:00,228,300,327,326,,253,,,251,286,,271,253
2015-01-28 02:00:00,222,304,322,320,,250,,,269,318,,280,243
2015-01-28 03:00:00,306,304,329,329,,268,,,281,300,,299,222
2015-01-28 04:00:00,224,293,304,310,,273,,,248,301,,299,255
2015-01-28 05:00:00,315,277,313,313,,257,,,250,305,,288,264
2015-01-28 06:00:00,261,262,323,303,,286,,,267,321,,281,258
2015-01-28 07:00:00,281,268,320,320,,299,,,260,305,,292,265
2015-01-28 08:00:00,297,298,325,305,,199,,,267,286,,310,264
2015-01-28 09:00:00,358,315,334,288,,332,,,253,319,,10,246
2015-01-28 10:00:00,5,354,11,180,,51,,,247,315,,115,68
2015-01-28 11:00:00,3,12,7,166,,68,,,195,352,,106,77
2015-01-28 12:00:00,5,85,150,151,,93,,,102,97,,95,94
2015-01-28 13:00:00,57,114,125,113,,99,,,84,97,,116,97
2015-01-28 14:00:00,59,101,123,100,,92,,,83,101,,100,92
2015-01-28 15:00:00,61,116,139,105,,90,,,92,104,,98,89
2015-01-28 16:00:00,94,121,135,103,,101,,,95,96,,88,87
2015-01-28 17:00:00,79,116,124,101,,101,,,87,87,,93,92
2015-01-28 18:00:00,67,107,122,90,,100,,,68,108,,125,85
2015-01-28 19:00:00,121,102,148,115,,206,,,125,117,,143,88
2015-01-28 20:00:00,122,75,120,203,,238,,,153,176,,171,151
2015-01-28 21:00:00,102,36,134,294,,281,,,149,113,,313,220
2015-01-28 22:00:00,326,11,115,283,,243,,,209,94,,307,260
2015-01-28 23:00:00,228,74,121,310,,278,,,183,109,,295,260
2015-01-29 00:00:00,261,64,110,307,,298,,,145,327,,270,238
2015-01-29 01:00:00,337,3,129,295,,285,,,227,325,,300,253
2015-01-29 02:00:00,306,348,301,315,,281,,,231,291,,301,268
2015-01-29 03:00:00,301,318,317,317,,276,,,226,277,,290,241
2015-01-29 04:00:00,279,322,299,234,,254,,,242,283,,318,191
2015-01-29 05:00:00,266,299,337,297,,258,,,249,303,,324,237
2015-01-29 06:00:00,257,313,338,319,,294,,,270,312,,300,250
2015-01-29 07:00:00,246,301,322,321,,297,,,254,297,,300,262
2015-01-29 08:00:00,226,303,322,313,,317,,,262,326,,353,266
2015-01-29 09:00:00,252,333,335,202,,111,,,269,339,,335,182
2015-01-29 10:00:00,13,347,45,195,,75,,,179,6,,136,107
2015-01-29 11:00:00,45,10,119,144,,65,,,131,60,,96,95
2015-01-29 12:00:00,32,63,136,147,,114,,,112,54,,115,100
2015-01-29 13:00:00,45,97,106,130,,96,,,68,73,,106,100
2015-01-29 14:00:00,53,94,139,119,,107,,,75,99,,109,83
2015-01-29 15:00:00,60,109,136,97,,94,,,77,90,,98,84
2015-01-29 16:00:00,48,88,131,98,,93,,,77,106,,97,70
2015-01-29 17:00:00,60,91,133,104,,94,,,78,107,,97,77
2015-01-29 18:00:00,64,102,114,101,,93,,,75,87,,124,82
2015-01-29 19:00:00,72,92,112,94,,101,,,90,92,,113,87
2015-01-29 20:00:00,66,118,129,93,,135,,,94,211,,119,82
2015-01-29 21:00:00,79,111,192,90,,131,,,100,231,,128,99
2015-01-29 22:00:00,115,83,96,114,,36,,,95,85,,106,126
2015-01-29 23:00:00,38,96,140,103,,96,,,75,110,,130,109
2015-01-30 00:00:00,20,104,132,168,,112,,,84,110,,126,107
2015-01-30 01:00:00,40,106,149,144,,112,,,74,110,,131,109
2015-01-30 02:00:00,72,78,119,136,,82,,,76,91,,138,119
2015-01-30 03:00:00,74,70,113,103,,83,,,71,80,,133,123
2015-01-30 04:00:00,77,83,162,115,,95,,,87,114,,119,118
2015-01-30 05:00:00,79,111,71,109,,97,,,89,201,,109,118
2015-01-30 06:00:00,86,38,54,89,,64,,,79,181,,124,106
2015-01-30 07:00:00,71,56,70,94,,79,,,51,53,,116,104
2015-01-30 08:00:00,69,46,72,81,,85,,,62,87,,108,91
2015-01-30 09:00:00,70,85,123,85,,70,,,80,124,,113,88
2015-01-30 10:00:00,60,106,152,102,,78,,,80,98,,99,74
2015-01-30 11:00:00,60,104,154,94,,89,,,78,128,,88,72
2015-01-30 12:00:00,63,105,134,99,,103,,,76,122,,84,69
2015-01-30 13:00:00,69,85,112,95,,87,,,88,75,,80,79
2015-01-30 14:00:00,54,83,102,84,,87,,,94,84,,83,73
2015-01-30 15:00:00,68,78,104,81,,79,,,98,62,,85,74
2015-01-30 16:00:00,69,88,106,92,,99,,,98,68,,97,76
2015-01-30 17:00:00,60,93,107,94,,104,,,72,71,,110,80
2015-01-30 18:00:00,64,85,112,93,,324,,,118,81,,110,80
2015-01-30 19:00:00,62,87,118,94,,82,,,115,105,,99,73
2015-01-30 20:00:00,69,96,147,91,,93,,,98,104,,93,71
2015-01-30 21:00:00,60,87,121,88,,90,,,82,92,,96,75
2015-01-30 22:00:00,72,98,124,99,,87,,,82,94,,104,75
2015-01-30 23:00:00,61,101,130,105,,93,,,97,104,,127,78
2015-01-31 00:00:00,62,104,134,109,,96,,,107,106,,108,73
2015-01-31 01:00:00,100,99,135,108,,90,,,88,101,,95,72
2015-01-31 02:00:00,40,97,122,98,,86,,,68,91,,103,76
2015-01-31 03:00:00,54,94,116,95,,83,,,66,82,,117,77
2015-01-31 04:00:00,56,85,110,94,,82,,,67,81,,139,89
2015-01-31 05:00:00,64,93,114,98,,88,,,74,83,,130,79
2015-01-31 06:00:00,57,86,111,91,,85,,,63,70,,142,89
2015-01-31 07:00:00,41,84,134,99,,61,,,67,46,,217,135
2015-01-31 08:00:00,8,79,110,191,,61,,,77,27,,297,120
2015-01-31 09:00:00,82,99,113,141,,73,,,111,51,,90,108
2015-01-31 10:00:00,66,107,131,132,,88,,,121,70,,113,106
2015-01-31 11:00:00,48,99,122,98,,85,,,81,85,,112,97
2015-01-31 12:00:00,11,83,113,177,,78,,,92,109,,104,105
2015-01-31 13:00:00,350,17,91,274,,8,,,103,46,,88,129
2015-01-31 14:00:00,351,10,19,204,,1,,,200,29,,67,129
2015-01-31 15:00:00,3,309,341,291,,318,,,229,337,,96,124
2015-01-31 16:00:00,273,292,296,245,,307,,,227,295,,92,121
2015-01-31 17:00:00,190,213,216,125,,145,,,241,249,,84,98
2015-01-31 18:00:00,103,135,173,145,,291,,,143,144,,127,106
2015-01-31 19:00:00,132,111,144,129,,77,,,192,117,,114,128
2015-01-31 20:00:00,2,114,156,148,,333,,,219,155,,308,139
2015-01-31 21:00:00,345,80,156,235,,96,,,177,154,,295,172
2015-01-31 22:00:00,290,71,61,247,,75,,,220,68,,233,146
2015-01-31 23:00:00,38,31,37,247,,256,,,172,355,,288,210
2015-02-01 00:00:00,339,27,53,198,,71,,,186,352,,40,153
2015-02-01 01:00:00,312,332,313,268,,333,,,238,321,,312,173
2015-02-01 02:00:00,306,330,292,308,,314,,,268,313,,296,265
2015-02-01 03:00:00,302,312,315,291,,307,,,276,330,,303,241
2015-02-01 04:00:00,313,289,307,289,,308,,,285,310,,269,286
2015-02-01 05:00:00,257,294,300,236,,81,,,260,305,,288,244
2015-02-01 06:00:00,189,286,298,270,,288,,,273,282,,318,136
2015-02-01 07:00:00,229,289,324,303,,203,,,258,314,,280,273
2015-02-01 08:00:00,174,231,297,278,,0,,,268,110,,270,286
2015-02-01 09:00:00,289,357,347,151,,108,,,255,219,,6,313
2015-02-01 10:00:00,275,307,324,231,,75,,,249,262,,320,106
2015-02-01 11:00:00,329,305,337,253,,322,,,260,317,,294,281
2015-02-01 12:00:00,350,284,279,217,,326,,,262,335,,243,226
2015-02-01 13:00:00,73,210,248,138,,110,,,242,,,108,73
2015-02-01 14:00:00,119,187,186,145,,160,,,224,95,,105,116
2015-02-01 15:00:00,199,155,145,167,,57,,,253,102,,47,118
2015-02-01 16:00:00,245,97,153,272,,245,,,180,91,,289,263
2015-02-01 17:00:00,253,325,324,288,,249,,,258,127,,311,289
2015-02-01 18:00:00,245,267,236,225,,243,,,237,151,,287,259
2015-02-01 19:00:00,237,218,225,291,,240,,,230,195,,209,277
2015-02-01 20:00:00,230,289,314,188,,270,,,234,30,,181,291
2015-02-01 21:00:00,300,307,2,229,,273,,,257,55,,179,
2015-02-01 22:00:00,48,351,16,237,,102,,,241,8,,125,127
2015-02-01 23:00:00,33,324,339,138,,206,,,248,237,,115,115
2015-02-02 00:00:00,233,267,299,196,,262,,,246,227,,126,137
2015-02-02 01:00:00,217,222,250,126,,222,,,228,243,,308,165
2015-02-02 02:00:00,213,218,296,120,,19,,,222,266,,278,245
2015-02-02 03:00:00,358,349,0,101,,26,,,281,298,,132,106
2015-02-02 04:00:00,3,357,13,38,,19,,,203,289,,129,99
2015-02-02 05:00:00,61,352,10,66,,37,,,154,296,,114,118
2015-02-02 06:00:00,43,359,9,44,,49,,,130,296,,116,113
2015-02-02 07:00:00,53,10,14,114,,44,,,116,309,,111,106
2015-02-02 08:00:00,60,3,9,58,,63,,,165,296,,119,117
2015-02-02 09:00:00,28,351,2,126,,30,,,221,342,,123,120
2015-02-02 10:00:00,19,332,293,213,,14,,,294,239,,114,115
2015-02-02 11:00:00,25,250,274,242,,10,,,239,229,,115,121
2015-02-02 12:00:00,344,317,338,200,,338,,,239,182,,105,92
2015-02-02 13:00:00,49,311,327,325,,278,,,153,174,,99,86
2015-02-02 14:00:00,59,317,316,317,,252,,,129,187,,145,86
2015-02-02 15:00:00,39,285,283,324,,283,,,104,44,,140,95
2015-02-02 16:00:00,21,181,217,319,,290,,,114,223,,131,107
2015-02-02 17:00:00,61,188,260,265,,303,,,188,212,,133,103
2015-02-02 18:00:00,20,120,182,116,,87,,,158,180,,95,104
2015-02-02 19:00:00,62,126,165,128,,96,,,98,196,,110,111
2015-02-02 20:00:00,77,113,161,103,,129,,,115,155,,108,105
2015-02-02 21:00:00,48,107,163,110,,111,,,65,173,,131,108
2015-02-02 22:00:00,52,88,164,114,,100,,,86,188,,112,97
2015-02-02 23:00:00,41,27,96,146,,85,,,72,238,,115,111
2015-02-03 00:00:00,358,20,81,233,,318,,,123,85,,144,137
2015-02-03 01:00:00,24,63,99,132,,78,,,56,104,,149,125
2015-02-03 02:00:00,36,85,141,155,,80,,,62,142,,129,109
2015-02-03 03:00:00,51,73,115,190,,85,,,71,99,,135,120
2015-02-03 04:00:00,50,100,117,145,,79,,,64,108,,124,121
2015-02-03 05:00:00,36,86,133,192,,65,,,57,107,,129,121
2015-02-03 06:00:00,31,61,108,264,,66,,,69,111,,142,126
2015-02-03 07:00:00,40,80,104,146,,93,,,81,126,,127,112
2015-02-03 08:00:00,18,78,60,198,,72,,,83,123,,107,139
2015-02-03 09:00:00,50,40,38,223,,65,,,89,66,,99,110
2015-02-03 10:00:00,71,74,83,134,,93,,,69,59,,90,99
2015-02-03 11:00:00,70,114,146,141,,114,,,69,64,,102,112
2015-02-03 12:00:00,52,112,149,124,,103,,,87,121,,114,99
2015-02-03 13:00:00,23,101,151,153,,94,,,64,126,,115,111
2015-02-03 14:00:00,336,83,133,203,,70,,,57,104,,108,123
2015-02-03 15:00:00,35,62,82,196,,79,,,58,86,,136,116
2015-02-03 16:00:00,1,43,62,189,,359,,,53,75,,131,126
2015-02-03 17:00:00,47,29,56,241,,22,,,85,51,,184,124
2015-02-03 18:00:00,330,323,340,320,,321,,,146,46,,329,278
2015-02-03 19:00:00,63,1,338,172,,44,,,240,329,,142,147
2015-02-03 20:00:00,82,30,60,156,,90,,,92,65,,338,139
2015-02-03 21:00:00,58,51,277,207,,64,,,110,228,,112,111
2015-02-03 22:00:00,97,109,162,144,,137,,,89,144,,64,89
2015-02-03 23:00:00,24,84,184,250,,111,,,55,151,,332,136
2015-02-04 00:00:00,192,150,171,182,,185,,,110,132,,352,127
2015-02-04 01:00:00,118,79,180,318,,64,,,83,138,,299,242
2015-02-04 02:00:00,294,23,19,320,,110,,,148,155,,290,230
2015-02-04 03:00:00,236,271,58,291,,107,,,264,16,,271,248
2015-02-04 04:00:00,186,29,174,292,,212,,,229,42,,268,98
2015-02-04 05:00:00,284,333,357,322,,325,,,254,335,,276,86
2015-02-04 06:00:00,221,289,348,291,,301,,,262,44,,278,262
2015-02-04 07:00:00,163,290,252,218,,178,,,268,327,,278,310
2015-02-04 08:00:00,199,238,299,124,,118,,,257,236,,51,106
2015-02-04 09:00:00,215,200,326,123,,113,,,258,136,,332,295
2015-02-04 10:00:00,153,149,43,133,,147,,,125,141,,357,13
2015-02-04 11:00:00,88,119,108,245,,151,,,99,142,,340,104
2015-02-04 12:00:00,101,126,163,291,,164,,,76,146,,343,111
2015-02-04 13:00:00,89,124,161,298,,129,,,96,145,,341,104
2015-02-04 14:00:00,83,116,163,203,,142,,,86,145,,20,103
2015-02-04 15:00:00,71,109,155,151,,141,,,85,136,,56,96
2015-02-04 16:00:00,104,112,158,142,,145,,,96,129,,114,102
2015-02-04 17:00:00,65,113,162,137,,154,,,102,118,,162,102
2015-02-04 18:00:00,81,114,143,133,,147,,,85,93,,174,132
2015-02-04 19:00:00,80,107,156,141,,121,,,90,123,,205,155
2015-02-04 20:00:00,351,126,169,156,,131,,,95,165,,175,171
2015-02-04 21:00:00,318,87,144,281,,85,,,209,134,,282,245
2015-02-04 22:00:00,322,66,78,314,,180,,,236,308,,4,144
2015-02-04 23:00:00,292,37,207,301,,271,,,184,242,,287,174
2015-02-05 00:00:00,259,5,283,269,,265,,,244,286,,259,237
2015-02-05 01:00:00,267,304,320,307,,284,,,248,265,,287,285
2015-02-05 02:00:00,183,270,326,218,,219,,,233,270,,285,301
2015-02-05 03:00:00,234,286,317,292,,289,,,179,274,,276,325
2015-02-05 04:00:00,272,283,321,245,,202,,,211,279,,278,171
2015-02-05 05:00:00,284,322,347,246,,270,,,286,316,,286,174
2015-02-05 06:00:00,101,342,6,176,,110,,,147,312,,84,112
2015-02-05 07:00:00,99,359,7,228,,129,,,142,307,,105,120
2015-02-05 08:00:00,107,13,354,238,,133,,,162,299,,111,122
2015-02-05 09:00:00,99,9,352,168,,126,,,112,294,,113,122
2015-02-05 10:00:00,48,357,5,99,,39,,,121,304,,108,107
2015-02-05 11:00:00,23,355,6,173,,28,,,184,327,,111,97
2015-02-05 12:00:00,10,343,353,204,,51,,,225,336,,97,103
2015-02-05 13:00:00,35,357,15,170,,85,,,134,349,,107,103
2015-02-05 14:00:00,36,10,22,124,,34,,,117,346,,109,97
2015-02-05 15:00:00,30,6,19,145,,41,,,61,7,,110,93
2015-02-05 16:00:00,53,17,31,144,,40,,,62,107,,107,89
2015-02-05 17:00:00,40,79,157,124,,51,,,87,151,,102,88
2015-02-05 18:00:00,46,123,164,146,,58,,,90,151,,112,107
2015-02-05 19:00:00,81,120,167,271,,36,,,88,137,,120,97
2015-02-05 20:00:00,90,120,166,228,,11,,,94,147,,119,84
2015-02-05 21:00:00,91,118,165,210,,114,,,91,161,,110,104
2015-02-05 22:00:00,82,116,172,274,,101,,,71,154,,118,112
2015-02-05 23:00:00,87,112,165,161,,114,,,79,156,,121,113
2015-02-06 00:00:00,58,104,150,114,,110,,,84,156,,124,114
2015-02-06 01:00:00,68,106,147,145,,104,,,71,130,,132,112
2015-02-06 02:00:00,48,103,157,169,,102,,,80,126,,116,112
2015-02-06 03:00:00,27,106,168,153,,105,,,57,137,,119,108
2015-02-06 04:00:00,17,99,150,145,,111,,,74,112,,117,99
2015-02-06 05:00:00,26,110,142,143,,106,,,80,120,,114,106
2015-02-06 06:00:00,46,118,151,151,,113,,,80,129,,121,102
2015-02-06 07:00:00,45,110,154,146,,89,,,82,126,,117,102
2015-02-06 08:00:00,57,110,161,143,,90,,,82,128,,114,102
2015-02-06 09:00:00,52,124,162,108,,95,,,79,131,,71,106
2015-02-06 10:00:00,16,114,159,92,,86,,,81,122,,226,110
2015-02-06 11:00:00,26,124,142,99,,83,,,83,103,,77,95
2015-02-06 12:00:00,,119,151,96,,115,,,103,100,,81,121
2015-02-06 13:00:00,,91,99,127,,,,,109,93,,96,109
2015-02-06 14:00:00,,61,,129,,112,,,105,96,,92,95
2015-02-06 15:00:00,,43,,118,,92,,,103,109,,97,95
2015-02-06 16:00:00,,67,133,119,,100,,,96,80,,96,90
2015-02-06 17:00:00,,109,141,98,,94,,,105,102,,101,93
2015-02-06 18:00:00,,112,149,106,,84,,,84,114,,98,89
2015-02-06 19:00:00,,107,155,107,,85,,,92,128,,98,77
2015-02-06 20:00:00,,113,162,96,,89,,,91,146,,100,89
2015-02-06 21:00:00,,101,183,99,,92,,,91,181,,150,147
2015-02-06 22:00:00,,120,180,116,,97,,,106,173,,116,150
2015-02-06 23:00:00,,129,179,101,,140,,,220,231,,101,126
2015-02-07 00:00:00,,109,190,99,,220,,,161,246,,98,138
2015-02-07 01:00:00,,128,244,50,,119,,,158,332,,120,107
2015-02-07 02:00:00,,158,288,73,,148,,,196,280,,94,171
2015-02-07 03:00:00,,107,230,147,,224,,,139,276,,337,252
2015-02-07 04:00:00,,80,221,184,,229,,,192,257,,319,266
2015-02-07 05:00:00,,326,203,264,,284,,,214,295,,274,274
2015-02-07 06:00:00,,314,346,204,,262,,,236,343,,299,243
2015-02-07 07:00:00,,318,334,284,,225,,,193,323,,322,293
2015-02-07 08:00:00,,344,308,127,,183,,,169,216,,345,282
2015-02-07 09:00:00,,58,277,110,,151,,,128,170,,92,84
2015-02-07 10:00:00,,100,83,173,,94,,,117,234,,125,90
2015-02-07 11:00:00,,98,109,136,,115,,,102,82,,116,93
2015-02-07 12:00:00,,97,195,140,,110,,,84,353,,122,94
2015-02-07 13:00:00,,113,170,135,,108,,,67,57,,97,99
2015-02-07 14:00:00,,118,162,140,,115,,,79,128,,107,97
2015-02-07 15:00:00,,114,150,149,,113,,,85,120,,105,93
2015-02-07 16:00:00,,111,148,151,,123,,,82,117,,111,92
2015-02-07 17:00:00,,105,153,131,,105,,,82,114,,125,95
2015-02-07 18:00:00,42,104,128,130,,129,,,62,101,,168,111
2015-02-07 19:00:00,48,101,121,131,,147,,,81,144,,171,147
2015-02-07 20:00:00,308,,159,307,,140,,,149,196,,58,154
2015-02-07 21:00:00,243,100,159,314,,161,,,191,160,,299,219
2015-02-07 22:00:00,239,64,106,320,,201,,,229,270,,298,238
2015-02-07 23:00:00,242,15,325,291,,282,,,238,286,,263,222
2015-02-08 00:00:00,235,320,317,318,,290,,,247,286,,296,262
2015-02-08 01:00:00,247,281,311,307,,250,,,261,299,,297,257
2015-02-08 02:00:00,278,303,314,303,,269,,,259,301,,257,268
2015-02-08 03:00:00,290,246,301,307,,233,,,266,310,,283,262
2015-02-08 04:00:00,314,227,311,297,,273,,,265,289,,244,269
2015-02-08 05:00:00,277,230,305,315,,310,,,253,260,,264,259
2015-02-08 06:00:00,282,226,297,294,,328,,,255,250,,272,279
2015-02-08 07:00:00,257,227,291,317,,130,,,256,263,,248,287
2015-02-08 08:00:00,215,246,275,322,,241,,,260,250,,80,295
2015-02-08 09:00:00,326,34,287,299,,250,,,255,95,,56,286
2015-02-08 10:00:00,92,82,294,287,,75,,,245,191,,147,276
2015-02-08 11:00:00,13,322,286,277,,88,,,261,324,,126,241
2015-02-08 12:00:00,21,346,329,295,,4,,,246,326,,282,285
2015-02-08 13:00:00,338,338,336,287,,297,,,151,317,,310,318
2015-02-08 14:00:00,317,338,347,297,,264,,,187,332,,316,315
2015-02-08 15:00:00,322,339,351,302,,326,,,280,339,,318,316
2015-02-08 16:00:00,318,352,356,303,,343,,,188,340,,316,310
2015-02-08 17:00:00,301,357,9,272,,309,,,75,5,,289,277
2015-02-08 18:00:00,175,38,62,237,,231,,,120,86,,260,135
2015-02-08 19:00:00,315,93,133,111,,123,,,106,155,,258,156
2015-02-08 20:00:00,275,13,172,257,,246,,,176,231,,279,174
2015-02-08 21:00:00,216,218,268,302,,260,,,249,249,,282,259
2015-02-08 22:00:00,228,357,341,329,,256,,,254,285,,278,250
2015-02-08 23:00:00,265,340,346,313,,287,,,249,329,,276,248
2015-02-09 00:00:00,180,294,311,136,,233,,,244,293,,296,87
2015-02-09 01:00:00,219,229,283,145,,234,,,228,279,,278,266
2015-02-09 02:00:00,222,227,265,256,,256,,,250,269,,256,273
2015-02-09 03:00:00,222,312,301,308,,319,,,264,296,,275,281
2015-02-09 04:00:00,210,246,307,313,,274,,,227,298,,290,262
2015-02-09 05:00:00,219,352,343,324,,284,,,266,318,,226,262
2015-02-09 06:00:00,180,316,349,204,,283,,,148,306,,258,248
2015-02-09 07:00:00,188,300,3,164,,277,,,132,298,,282,254
2015-02-09 08:00:00,177,330,342,145,,282,,,196,302,,341,288
2015-02-09 09:00:00,105,330,2,100,,44,,,206,317,,110,266
2015-02-09 10:00:00,87,347,5,208,,346,,,203,329,,117,98
2015-02-09 11:00:00,83,350,0,231,,26,,,154,331,,76,113
2015-02-09 12:00:00,71,359,343,134,,34,,,159,318,,82,95
2015-02-09 13:00:00,28,356,11,182,,53,,,149,330,,116,114
2015-02-09 14:00:00,51,9,23,119,,47,,,165,4,,102,86
2015-02-09 15:00:00,56,63,68,82,,61,,,76,43,,92,100
2015-02-09 16:00:00,68,121,124,108,,85,,,105,86,,89,84
2015-02-09 17:00:00,81,112,148,97,,98,,,125,98,,105,105
2015-02-09 18:00:00,98,111,127,97,,96,,,125,99,,104,125
2015-02-09 19:00:00,118,122,147,106,,128,,,114,173,,103,123
2015-02-09 20:00:00,124,130,166,111,,153,,,120,186,,147,150
2015-02-09 21:00:00,119,125,163,114,,143,,,167,181,,152,166
2015-02-09 22:00:00,285,117,159,124,,175,,,197,225,,145,172
2015-02-09 23:00:00,285,107,158,152,,136,,,197,254,,332,185
2015-02-10 00:00:00,276,121,,267,,209,,,220,245,,321,273
2015-02-10 01:00:00,223,13,24,313,,254,,,223,243,,300,272
2015-02-10 02:00:00,237,343,3,313,,244,,,251,350,,311,278
2015-02-10 03:00:00,245,12,5,320,,221,,,197,317,,285,267
2015-02-10 04:00:00,243,327,294,174,,201,,,210,268,,297,241
2015-02-10 05:00:00,227,315,307,183,,,,,228,275,,283,269
2015-02-10 06:00:00,262,306,318,292,,255,,,228,283,,288,259
2015-02-10 07:00:00,223,302,336,323,,281,,,256,294,,298,257
2015-02-10 08:00:00,260,334,355,315,,312,,,260,330,,321,280
2015-02-10 09:00:00,11,358,33,223,,28,,,258,351,,20,45
2015-02-10 10:00:00,7,38,38,185,,73,,,149,26,,139,74
2015-02-10 11:00:00,15,95,115,245,,128,,,104,73,,127,107
2015-02-10 12:00:00,47,112,136,173,,94,,,86,106,,108,92
2015-02-10 13:00:00,47,126,154,98,,105,,,78,98,,105,79
2015-02-10 14:00:00,46,111,160,102,,98,,,97,118,,101,80
2015-02-10 15:00:00,102,112,158,97,,95,,,92,107,,98,69
2015-02-10 16:00:00,118,112,149,99,,97,,,91,114,,90,88
2015-02-10 17:00:00,78,109,153,101,,104,,,100,112,,109,102
2015-02-10 18:00:00,98,110,148,103,,102,,,99,115,,129,92
2015-02-10 19:00:00,117,114,151,117,,153,,,106,148,,147,82
2015-02-10 20:00:00,125,103,156,122,,243,,,135,124,,143,167
2015-02-10 21:00:00,43,102,142,125,,184,,,136,108,,121,177
2015-02-10 22:00:00,339,105,151,132,,112,,,96,123,,27,177
2015-02-10 23:00:00,9,95,124,304,,121,,,71,119,,306,196
2015-02-11 00:00:00,18,15,70,253,,26,,,138,34,,96,187
2015-02-11 01:00:00,233,23,29,303,,302,,,158,349,,288,239
2015-02-11 02:00:00,348,8,13,295,,283,,,134,335,,296,258
2015-02-11 03:00:00,302,320,332,319,,301,,,241,307,,309,246
2015-02-11 04:00:00,293,310,318,307,,284,,,279,313,,291,260
2015-02-11 05:00:00,298,306,320,319,,290,,,271,317,,268,268
2015-02-11 06:00:00,299,303,323,312,,308,,,259,320,,314,244
2015-02-11 07:00:00,219,301,309,265,,272,,,263,314,,308,173
2015-02-11 08:00:00,176,297,308,156,,310,,,263,309,,326,241
2015-02-11 09:00:00,29,317,325,196,,63,,,240,318,,310,94
2015-02-11 10:00:00,30,334,13,215,,318,,,273,334,,111,92
2015-02-11 11:00:00,51,30,79,204,,34,,,191,27,,112,98
2015-02-11 12:00:00,42,63,116,222,,93,,,70,43,,103,96
2015-02-11 13:00:00,66,73,126,133,,86,,,61,47,,93,93
2015-02-11 14:00:00,54,92,143,110,,95,,,62,74,,99,94
2015-02-11 15:00:00,59,82,136,115,,91,,,74,89,,95,81
2015-02-11 16:00:00,65,111,143,110,,110,,,78,110,,101,89
2015-02-11 17:00:00,74,110,133,108,,98,,,89,127,,109,89
2015-02-11 18:00:00,78,94,116,95,,87,,,84,106,,131,88
2015-02-11 19:00:00,79,90,112,77,,94,,,94,123,,128,76
2015-02-11 20:00:00,55,65,119,93,,134,,,85,222,,139,88
2015-02-11 21:00:00,45,57,133,156,,71,,,120,90,,159,103
2015-02-11 22:00:00,43,106,140,120,,113,,,80,117,,134,107
2015-02-11 23:00:00,8,94,142,157,,123,,,79,118,,133,107
2015-02-12 00:00:00,33,73,130,130,,102,,,83,101,,125,109
2015-02-12 01:00:00,23,68,111,122,,103,,,83,50,,127,110
2015-02-12 02:00:00,65,105,136,108,,114,,,68,69,,104,105
2015-02-12 03:00:00,80,102,82,132,,118,,,90,95,,107,104
2015-02-12 04:00:00,76,80,15,137,,81,,,78,110,,109,103
2015-02-12 05:00:00,61,2,352,114,,50,,,76,70,,120,86
2015-02-12 06:00:00,24,352,6,171,,146,,,98,18,,127,121
2015-02-12 07:00:00,72,20,74,89,,66,,,92,14,,130,127
2015-02-12 08:00:00,45,29,97,62,,49,,,54,31,,124,113
2015-02-12 09:00:00,63,71,75,98,,43,,,71,53,,117,106
2015-02-12 10:00:00,62,59,68,77,,48,,,75,57,,111,90
2015-02-12 11:00:00,14,357,13,33,,56,,,83,49,,128,96
2015-02-12 12:00:00,12,357,360,32,,57,,,112,331,,122,136
2015-02-12 13:00:00,28,342,2,35,,46,,,209,303,,116,132
2015-02-12 14:00:00,61,331,360,184,,46,,,272,302,,107,125
2015-02-12 15:00:00,57,345,354,227,,94,,,298,306,,103,117
2015-02-12 16:00:00,66,346,360,200,,108,,,205,307,,107,117
2015-02-12 17:00:00,90,339,356,167,,120,,,184,301,,113,122
2015-02-12 18:00:00,108,343,350,203,,106,,,177,302,,117,121
2015-02-12 19:00:00,104,341,354,210,,98,,,216,302,,118,118
2015-02-12 20:00:00,109,342,350,203,,91,,,221,304,,122,119
2015-02-12 21:00:00,108,333,348,181,,99,,,222,297,,123,125
2015-02-12 22:00:00,81,1,351,199,,101,,,111,314,,124,127
2015-02-12 23:00:00,40,354,2,245,,113,,,57,314,,125,124
2015-02-13 00:00:00,60,352,354,264,,126,,,51,308,,132,122
2015-02-13 01:00:00,55,356,5,220,,52,,,64,313,,137,130
2015-02-13 02:00:00,11,353,8,62,,33,,,130,301,,130,128
2015-02-13 03:00:00,11,353,8,69,,49,,,176,306,,131,134
2015-02-13 04:00:00,47,345,5,174,,136,,,139,303,,112,123
2015-02-13 05:00:00,57,333,3,192,,167,,,188,298,,103,112
2015-02-13 06:00:00,100,319,333,183,,145,,,272,302,,98,120
2015-02-13 07:00:00,123,302,303,195,,115,,,194,302,,108,114
2015-02-13 08:00:00,114,121,320,167,,89,,,210,302,,139,107
2015-02-13 09:00:00,73,39,1,181,,69,,,152,317,,126,116
2015-02-13 10:00:00,43,17,358,134,,79,,,117,338,,115,126
2015-02-13 11:00:00,66,53,76,141,,80,,,136,54,,116,112
2015-02-13 12:00:00,67,115,173,143,,100,,,113,100,,123,105
2015-02-13 13:00:00,59,122,178,137,,106,,,139,120,,141,105
2015-02-13 14:00:00,58,116,159,129,,98,,,83,97,,133,105
2015-02-13 15:00:00,67,118,158,145,,98,,,81,130,,130,92
2015-02-13 16:00:00,45,103,155,168,,105,,,63,138,,133,145
2015-02-13 17:00:00,29,38,118,126,,78,,,63,88,,134,135
2015-02-13 18:00:00,66,82,141,122,,84,,,73,94,,130,129
2015-02-13 19:00:00,66,89,173,146,,82,,,71,93,,122,104
2015-02-13 20:00:00,57,78,150,145,,69,,,75,94,,130,104
2015-02-13 21:00:00,62,101,163,117,,79,,,73,106,,123,107
2015-02-13 22:00:00,51,116,180,148,,105,,,57,123,,138,108
2015-02-13 23:00:00,49,111,200,180,,126,,,75,182,,121,123
2015-02-14 00:00:00,52,31,345,203,,65,,,123,241,,46,136
2015-02-14 01:00:00,241,319,356,285,,3,,,233,304,,56,70
2015-02-14 02:00:00,295,1,6,295,,349,,,270,346,,334,230
2015-02-14 03:00:00,231,16,19,313,,34,,,200,346,,315,235
2015-02-14 04:00:00,5,358,8,243,,49,,,51,342,,256,136
2015-02-14 05:00:00,40,11,342,297,,1,,,54,308,,185,104
2015-02-14 06:00:00,16,330,332,298,,334,,,77,315,,124,114
2015-02-14 07:00:00,83,349,351,249,,43,,,52,311,,109,104
2015-02-14 08:00:00,73,356,13,209,,307,,,67,329,,100,110
2015-02-14 09:00:00,17,8,16,134,,91,,,52,19,,99,116
2015-02-14 10:00:00,35,50,154,144,,106,,,111,94,,112,109
2015-02-14 11:00:00,23,91,156,157,,93,,,85,91,,131,130
2015-02-14 12:00:00,46,100,157,94,,84,,,65,136,,134,131
2015-02-14 13:00:00,54,105,160,103,,97,,,84,135,,138,116
2015-02-14 14:00:00,51,105,163,132,,84,,,75,155,,151,109
2015-02-14 15:00:00,62,106,148,120,,90,,,84,124,,139,111
2015-02-14 16:00:00,32,108,159,128,,78,,,98,128,,140,96
2015-02-14 17:00:00,21,102,149,137,,85,,,71,107,,143,101
2015-02-14 18:00:00,346,60,84,183,,39,,,69,93,,153,104
2015-02-14 19:00:00,347,10,37,210,,355,,,209,51,,176,159
2015-02-14 20:00:00,359,9,0,161,,310,,,148,348,,94,164
2015-02-14 21:00:00,310,330,314,221,,280,,,219,309,,326,206
2015-02-14 22:00:00,247,298,337,284,,307,,,201,318,,279,257
2015-02-14 23:00:00,195,5,2,247,,148,,,161,310,,126,189
2015-02-15 00:00:00,117,42,19,136,,91,,,79,319,,82,113
2015-02-15 01:00:00,88,45,33,183,,62,,,71,353,,103,127
2015-02-15 02:00:00,45,351,6,291,,341,,,96,10,,288,156
2015-02-15 03:00:00,157,352,6,271,,40,,,127,313,,34,233
2015-02-15 04:00:00,225,347,338,286,,11,,,126,317,,169,255
2015-02-15 05:00:00,222,350,3,304,,324,,,201,318,,186,231
2015-02-15 06:00:00,273,4,343,314,,325,,,162,318,,286,204
2015-02-15 07:00:00,294,342,321,323,,323,,,139,325,,276,163
2015-02-15 08:00:00,3,355,319,285,,37,,,108,31,,290,130
2015-02-15 09:00:00,302,315,317,310,,317,,,151,138,,313,263
2015-02-15 10:00:00,,11,333,265,,59,,,183,259,,310,267
2015-02-15 11:00:00,,61,35,157,,109,,,154,3,,120,87
2015-02-15 12:00:00,,108,76,158,,148,,,110,85,,106,89
2015-02-15 13:00:00,59,110,155,143,,145,,,126,82,,98,87
2015-02-15 14:00:00,51,105,135,137,,91,,,105,,,105,96
2015-02-15 15:00:00,66,95,132,114,,109,,,85,125,,121,103
2015-02-15 16:00:00,88,112,138,143,,107,,,94,154,,105,107
2015-02-15 17:00:00,53,115,162,147,,122,,,93,144,,91,106
2015-02-15 18:00:00,353,98,121,166,,142,,,119,136,,112,116
2015-02-15 19:00:00,244,80,127,173,,117,,,165,73,,112,151
2015-02-15 20:00:00,256,41,49,176,,271,,,185,16,,321,208
2015-02-15 21:00:00,302,54,339,221,,317,,,148,172,,299,169
2015-02-15 22:00:00,267,10,30,288,,281,,,172,10,,292,246
2015-02-15 23:00:00,240,333,320,243,,209,,,225,310,,302,215
2015-02-16 00:00:00,269,285,326,324,,255,,,223,304,,292,247
2015-02-16 01:00:00,275,282,295,299,,291,,,274,308,,290,256
2015-02-16 02:00:00,130,330,343,212,,287,,,248,329,,245,222
2015-02-16 03:00:00,212,13,275,173,,259,,,156,275,,294,234
2015-02-16 04:00:00,210,249,320,192,,287,,,191,223,,276,134
2015-02-16 05:00:00,288,279,329,302,,305,,,225,277,,277,237
2015-02-16 06:00:00,286,302,307,304,,296,,,277,292,,245,182
2015-02-16 07:00:00,236,264,322,191,,132,,,264,253,,251,225
2015-02-16 08:00:00,214,266,347,309,,77,,,265,260,,231,299
2015-02-16 09:00:00,125,285,330,322,,304,,,257,96,,282,292
2015-02-16 10:00:00,70,323,339,311,,358,,,254,296,,321,268
2015-02-16 11:00:00,323,332,335,308,,323,,,201,308,,329,305
2015-02-16 12:00:00,314,340,345,303,,333,,,246,310,,323,301
2015-02-16 13:00:00,314,330,349,298,,328,,,261,321,,327,303
2015-02-16 14:00:00,334,0,6,245,,6,,,159,323,,326,321
2015-02-16 15:00:00,14,359,18,42,,40,,,150,347,,83,116
2015-02-16 16:00:00,44,360,14,57,,60,,,108,307,,95,93
2015-02-16 17:00:00,45,359,13,178,,52,,,62,308,,100,92
2015-02-16 18:00:00,56,360,16,94,,51,,,81,283,,105,96
2015-02-16 19:00:00,55,347,6,50,,61,,,119,267,,106,112
2015-02-16 20:00:00,47,343,18,67,,63,,,267,267,,115,111
2015-02-16 21:00:00,43,346,9,214,,96,,,272,286,,105,112
2015-02-16 22:00:00,101,345,359,149,,85,,,172,290,,102,106
2015-02-16 23:00:00,57,331,357,273,,89,,,151,297,,117,109
2015-02-17 00:00:00,68,323,353,183,,286,,,143,303,,103,105
2015-02-17 01:00:00,62,314,335,260,,263,,,251,292,,122,109
2015-02-17 02:00:00,106,335,344,262,,249,,,154,283,,132,84
2015-02-17 03:00:00,55,356,354,300,,37,,,46,311,,114,115
2015-02-17 04:00:00,42,336,344,266,,34,,,60,270,,115,84
2015-02-17 05:00:00,31,334,358,256,,29,,,112,215,,109,95
2015-02-17 06:00:00,51,343,354,242,,36,,,180,295,,106,87
2015-02-17 07:00:00,83,352,1,259,,39,,,80,312,,104,84
2015-02-17 08:00:00,34,2,15,229,,40,,,78,328,,108,98
2015-02-17 09:00:00,37,2,19,176,,102,,,96,314,,102,99
2015-02-17 10:00:00,55,14,17,234,,64,,,87,320,,104,101
2015-02-17 11:00:00,88,345,9,187,,57,,,105,334,,111,88
2015-02-17 12:00:00,65,358,18,179,,62,,,111,344,,95,87
2015-02-17 13:00:00,69,0,16,250,,32,,,108,330,,68,86
2015-02-17 14:00:00,14,351,15,147,,29,,,209,327,,95,95
2015-02-17 15:00:00,53,12,9,149,,197,,,133,333,,112,99
2015-02-17 16:00:00,34,1,19,191,,170,,,149,117,,102,97
2015-02-17 17:00:00,308,84,158,238,,52,,,141,128,,118,111
2015-02-17 18:00:00,103,123,168,204,,85,,,92,139,,125,123
2015-02-17 19:00:00,108,121,167,133,,114,,,76,145,,116,128
2015-02-17 20:00:00,108,128,182,117,,110,,,115,179,,106,129
2015-02-17 21:00:00,104,187,187,124,,228,,,138,228,,117,109
2015-02-17 22:00:00,257,238,37,107,,328,,,114,4,,115,111
2015-02-17 23:00:00,291,11,14,257,,308,,,74,330,,139,123
2015-02-18 00:00:00,80,324,325,296,,293,,,66,276,,129,134
2015-02-18 01:00:00,142,320,310,300,,300,,,185,267,,86,125
2015-02-18 02:00:00,5,319,283,300,,270,,,111,261,,343,122
2015-02-18 03:00:00,33,268,282,229,,245,,,189,252,,343,124
2015-02-18 04:00:00,142,244,282,131,,244,,,237,267,,58,124
2015-02-18 05:00:00,215,234,256,114,,212,,,238,229,,101,109
2015-02-18 06:00:00,193,183,84,97,,239,,,239,218,,113,111
2015-02-18 07:00:00,87,88,57,279,,202,,,241,246,,72,121
2015-02-18 08:00:00,93,97,350,228,,72,,,204,175,,73,128
2015-02-18 09:00:00,83,118,129,215,,103,,,73,87,,74,108
2015-02-18 10:00:00,74,114,159,130,,111,,,73,123,,81,95
2015-02-18 11:00:00,31,120,156,113,,101,,,95,120,,110,89
2015-02-18 12:00:00,65,105,159,107,,86,,,92,119,,104,65
2015-02-18 13:00:00,52,114,165,98,,106,,,90,126,,84,71
2015-02-18 14:00:00,88,115,162,115,,104,,,91,134,,89,65
2015-02-18 15:00:00,100,120,165,100,,109,,,92,113,,95,75
2015-02-18 16:00:00,107,110,160,96,,101,,,104,123,,88,77
2015-02-18 17:00:00,132,110,153,98,,96,,,95,125,,99,88
2015-02-18 18:00:00,128,107,141,98,,94,,,115,114,,125,96
2015-02-18 19:00:00,109,102,124,92,,,,,119,113,,118,83
2015-02-18 20:00:00,66,111,162,93,,123,,,87,168,,155,98
2015-02-18 21:00:00,92,108,158,95,,149,,,100,161,,178,110
2015-02-18 22:00:00,104,114,147,107,,144,,,100,143,,164,118
2015-02-18 23:00:00,86,107,155,122,,124,,,95,138,,334,147
2015-02-19 00:00:00,351,113,143,193,,110,,,94,118,,172,125
2015-02-19 01:00:00,355,55,95,269,,79,,,76,81,,77,130
2015-02-19 02:00:00,5,20,80,296,,347,,,73,29,,112,127
2015-02-19 03:00:00,9,12,100,279,,327,,,42,321,,80,136
2015-02-19 04:00:00,10,5,326,298,,245,,,61,313,,85,139
2015-02-19 05:00:00,25,1,325,306,,307,,,216,307,,55,117
2015-02-19 06:00:00,355,310,311,314,,274,,,253,289,,295,184
2015-02-19 07:00:00,303,308,315,329,,289,,,244,310,,302,255
2015-02-19 08:00:00,339,334,347,320,,304,,,242,342,,302,257
2015-02-19 09:00:00,21,337,337,293,,43,,,144,353,,24,34
2015-02-19 10:00:00,69,5,172,198,,60,,,215,37,,84,69
2015-02-19 11:00:00,35,121,163,144,,100,,,85,132,,74,93
2015-02-19 12:00:00,56,101,159,154,,110,,,82,130,,96,91
2015-02-19 13:00:00,67,110,163,149,,98,,,70,132,,121,89
2015-02-19 14:00:00,47,103,152,112,,92,,,94,120,,101,88
2015-02-19 15:00:00,55,110,155,104,,95,,,89,122,,93,78
2015-02-19 16:00:00,116,114,161,100,,101,,,88,123,,98,66
2015-02-19 17:00:00,132,119,161,101,,111,,,101,135,,100,83
2015-02-19 18:00:00,138,114,158,100,,104,,,110,127,,111,87
2015-02-19 19:00:00,119,115,156,99,,118,,,121,130,,137,79
2015-02-19 20:00:00,121,105,162,112,,175,,,195,172,,160,137
2015-02-19 21:00:00,101,100,148,228,,206,,,177,157,,138,168
2015-02-19 22:00:00,253,104,149,197,,70,,,160,108,,315,189
2015-02-19 23:00:00,291,106,145,232,,87,,,90,113,,328,237
2015-02-20 00:00:00,339,104,138,313,,112,,,74,91,,264,216
2015-02-20 01:00:00,334,90,129,323,,143,,,107,82,,284,245
2015-02-20 02:00:00,350,26,153,288,,145,,,137,297,,195,224
2015-02-20 03:00:00,334,46,205,300,,311,,,224,275,,296,236
2015-02-20 04:00:00,322,10,296,299,,302,,,233,281,,312,232
2015-02-20 05:00:00,293,281,297,292,,246,,,254,304,,285,251
2015-02-20 06:00:00,289,327,323,290,,280,,,255,327,,21,118
2015-02-20 07:00:00,271,305,313,270,,245,,,254,310,,282,189
2015-02-20 08:00:00,69,300,318,201,,281,,,261,299,,8,187
2015-02-20 09:00:00,19,283,343,230,,332,,,241,303,,85,81
2015-02-20 10:00:00,15,53,9,220,,87,,,209,9,,126,87
2015-02-20 11:00:00,64,102,8,131,,86,,,78,57,,117,94
2015-02-20 12:00:00,59,119,160,138,,108,,,74,81,,84,101
2015-02-20 13:00:00,47,105,148,145,,117,,,72,135,,110,94
2015-02-20 14:00:00,49,115,158,150,,108,,,79,122,,115,93
2015-02-20 15:00:00,50,103,154,136,,99,,,82,127,,112,88
2015-02-20 16:00:00,43,107,156,97,,99,,,80,121,,123,85
2015-02-20 17:00:00,50,112,151,94,,103,,,85,126,,137,82
2015-02-20 18:00:00,90,108,149,92,,125,,,89,117,,177,98
2015-02-20 19:00:00,85,108,146,96,,146,,,121,127,,174,141
2015-02-20 20:00:00,117,117,157,130,,134,,,169,147,,134,180
2015-02-20 21:00:00,154,132,160,109,,152,,,158,139,,310,212
2015-02-20 22:00:00,198,116,134,243,,314,,,163,99,,285,234
2015-02-20 23:00:00,289,72,116,292,,131,,,158,78,,316,246
2015-02-21 00:00:00,14,71,102,307,,76,,,61,48,,287,150
2015-02-21 01:00:00,358,46,104,320,,306,,,49,24,,318,195
2015-02-21 02:00:00,359,12,73,308,,284,,,220,6,,298,205
2015-02-21 03:00:00,289,0,5,315,,278,,,274,334,,303,252
2015-02-21 04:00:00,294,311,342,325,,289,,,287,308,,303,253
2015-02-21 05:00:00,268,309,316,327,,301,,,275,302,,280,237
2015-02-21 06:00:00,269,305,322,309,,274,,,275,,,264,230
2015-02-21 07:00:00,249,261,319,306,,265,,,268,273,,267,274
2015-02-21 08:00:00,278,17,313,291,,115,,,253,206,,280,286
2015-02-21 09:00:00,10,80,0,279,,141,,,244,173,,11,318
2015-02-21 10:00:00,84,125,260,280,,104,,,231,299,,141,79
2015-02-21 11:00:00,63,38,64,315,,116,,,100,339,,21,96
2015-02-21 12:00:00,82,86,30,187,,136,,,94,44,,37,110
2015-02-21 13:00:00,124,113,119,134,,21,,,95,120,,96,116
2015-02-21 14:00:00,99,115,152,90,,67,,,92,121,,106,115
2015-02-21 15:00:00,91,111,154,139,,111,,,86,104,,102,107
2015-02-21 16:00:00,73,112,155,114,,107,,,86,116,,94,85
2015-02-21 17:00:00,75,118,166,120,,131,,,84,146,,90,68
2015-02-21 18:00:00,85,132,175,112,,142,,,98,176,,104,72
2015-02-21 19:00:00,94,135,176,120,,152,,,114,197,,142,76
2015-02-21 20:00:00,117,150,176,127,,142,,,153,204,,178,127
2015-02-21 21:00:00,81,115,146,117,,273,,,214,57,,185,180
2015-02-21 22:00:00,39,94,84,249,,269,,,229,239,,288,159
2015-02-21 23:00:00,321,353,90,278,,300,,,206,14,,217,230
2015-02-22 00:00:00,317,351,99,267,,238,,,181,118,,293,284
2015-02-22 01:00:00,274,246,143,236,,190,,,193,225,,317,194
2015-02-22 02:00:00,269,213,178,318,,228,,,213,89,,271,270
2015-02-22 03:00:00,229,81,161,226,,200,,,139,224,,303,258
2015-02-22 04:00:00,234,124,178,170,,153,,,99,146,,278,276
2015-02-22 05:00:00,286,111,166,287,,201,,,126,94,,274,240
2015-02-22 06:00:00,290,126,183,313,,126,,,116,74,,285,250
2015-02-22 07:00:00,278,153,227,322,,272,,,258,323,,279,246
2015-02-22 08:00:00,295,348,322,311,,71,,,261,342,,282,261
2015-02-22 09:00:00,347,316,340,283,,345,,,260,330,,84,263
2015-02-22 10:00:00,44,11,13,242,,88,,,194,13,,96,100
2015-02-22 11:00:00,94,92,104,146,,113,,,83,93,,108,102
2015-02-22 12:00:00,67,107,135,136,,109,,,69,89,,96,97
2015-02-22 13:00:00,73,113,147,156,,101,,,70,92,,97,94
2015-02-22 14:00:00,65,109,151,142,,,,,77,111,,87,95
2015-02-22 15:00:00,51,108,148,143,,99,,,80,106,,96,94
2015-02-22 16:00:00,56,106,144,155,,111,,,79,98,,109,96
2015-02-22 17:00:00,55,104,138,154,,97,,,77,100,,119,100
2015-02-22 18:00:00,28,105,140,151,,105,,,70,102,,142,110
2015-02-22 19:00:00,48,99,114,154,,107,,,61,124,,142,114
2015-02-22 20:00:00,26,72,120,112,,114,,,117,194,,153,126
2015-02-22 21:00:00,48,57,110,137,,101,,,81,152,,151,134
2015-02-22 22:00:00,45,21,31,286,,87,,,47,237,,125,131
2015-02-22 23:00:00,2,355,13,230,,274,,,58,317,,133,127
2015-02-23 00:00:00,46,356,3,91,,78,,,110,330,,111,124
2015-02-23 01:00:00,46,28,39,49,,59,,,148,54,,108,108
2015-02-23 02:00:00,13,6,13,42,,43,,,69,117,,124,91
2015-02-23 03:00:00,48,350,7,242,,41,,,127,296,,116,117
2015-02-23 04:00:00,55,343,9,221,,342,,,117,307,,116,119
2015-02-23 05:00:00,56,338,5,91,,59,,,90,305,,125,115
2015-02-23 06:00:00,69,341,9,179,,159,,,82,304,,113,114
2015-02-23 07:00:00,44,342,9,143,,68,,,139,299,,94,105
2015-02-23 08:00:00,44,352,14,166,,35,,,156,293,,113,104
2015-02-23 09:00:00,50,348,11,192,,45,,,100,274,,119,114
2015-02-23 10:00:00,36,351,13,101,,56,,,64,287,,116,108
2015-02-23 11:00:00,44,350,7,124,,41,,,63,301,,103,113
2015-02-23 12:00:00,40,340,2,188,,56,,,74,299,,103,91
2015-02-23 13:00:00,46,357,360,216,,47,,,84,302,,85,90
2015-02-23 14:00:00,43,349,2,207,,41,,,126,309,,96,99
2015-02-23 15:00:00,58,339,359,224,,47,,,107,307,,102,102
2015-02-23 16:00:00,62,2,358,199,,55,,,128,308,,97,103
2015-02-23 17:00:00,46,1,2,244,,63,,,59,309,,109,99
2015-02-23 18:00:00,45,348,2,247,,62,,,71,235,,125,88
2015-02-23 19:00:00,30,352,359,240,,43,,,54,161,,127,91
2015-02-23 20:00:00,52,358,3,227,,56,,,127,178,,118,92
2015-02-23 21:00:00,71,340,356,217,,47,,,85,178,,125,99
2015-02-23 22:00:00,65,335,353,228,,30,,,138,149,,133,96
2015-02-23 23:00:00,40,342,358,200,,33,,,211,146,,136,109
2015-02-24 00:00:00,17,344,5,163,,21,,,230,139,,142,110
2015-02-24 01:00:00,13,352,9,221,,26,,,161,148,,126,107
2015-02-24 02:00:00,19,334,4,230,,358,,,229,170,,117,101
2015-02-24 03:00:00,29,337,360,201,,6,,,254,189,,85,105
2015-02-24 04:00:00,24,0,356,232,,43,,,79,307,,98,90
2015-02-24 05:00:00,40,9,345,252,,51,,,50,312,,105,86
2015-02-24 06:00:00,63,358,351,272,,48,,,49,316,,107,83
2015-02-24 07:00:00,61,12,359,221,,49,,,50,179,,108,78
2015-02-24 08:00:00,54,29,24,158,,50,,,45,154,,116,95
2015-02-24 09:00:00,53,22,63,174,,60,,,75,142,,107,82
2015-02-24 10:00:00,36,57,122,200,,90,,,110,168,,114,87
2015-02-24 11:00:00,66,115,163,151,,82,,,84,112,,115,93
2015-02-24 12:00:00,46,121,138,111,,112,,,101,102,,112,97
2015-02-24 13:00:00,67,113,132,136,,106,,,60,,,114,101
2015-02-24 14:00:00,61,108,123,141,,98,,,75,88,,112,95
2015-02-24 15:00:00,60,88,127,148,,90,,,76,94,,109,102
2015-02-24 16:00:00,45,106,136,137,,98,,,69,82,,110,97
2015-02-24 17:00:00,52,106,149,136,,120,,,89,97,,114,92
2015-02-24 18:00:00,58,111,152,129,,122,,,85,116,,108,81
2015-02-24 19:00:00,87,110,150,119,,112,,,81,112,,148,94
2015-02-24 20:00:00,69,113,148,111,,121,,,89,109,,134,93
2015-02-24 21:00:00,56,111,146,107,,121,,,86,114,,124,86
2015-02-24 22:00:00,60,115,141,102,,122,,,83,104,,107,87
2015-02-24 23:00:00,55,106,142,94,,113,,,81,108,,119,88
2015-02-25 00:00:00,13,46,88,142,,72,,,72,78,,323,104
2015-02-25 01:00:00,3,11,42,255,,34,,,75,11,,290,114
2015-02-25 02:00:00,21,13,348,254,,41,,,125,322,,287,120
2015-02-25 03:00:00,35,356,355,283,,53,,,84,339,,90,102
2015-02-25 04:00:00,30,2,12,111,,42,,,219,320,,106,95
2015-02-25 05:00:00,44,3,26,106,,25,,,123,332,,102,112
2015-02-25 06:00:00,106,343,8,176,,276,,,124,326,,77,110
2015-02-25 07:00:00,245,252,345,189,,238,,,247,42,,82,349
2015-02-25 08:00:00,350,319,353,288,,319,,,243,268,,342,299
2015-02-25 09:00:00,3,321,330,252,,155,,,274,150,,82,48
2015-02-25 10:00:00,19,322,322,175,,66,,,255,285,,75,96
2015-02-25 11:00:00,66,11,349,167,,27,,,86,10,,88,104
2015-02-25 12:00:00,91,59,145,189,,356,,,103,97,,101,107
2015-02-25 13:00:00,98,97,125,195,,4,,,98,103,,102,105
2015-02-25 14:00:00,104,106,132,147,,109,,,111,102,,90,94
2015-02-25 15:00:00,67,106,145,125,,103,,,85,103,,89,104
2015-02-25 16:00:00,54,108,151,127,,108,,,85,117,,91,78
2015-02-25 17:00:00,51,111,157,112,,107,,,86,113,,105,80
2015-02-25 18:00:00,66,105,147,115,,109,,,75,111,,108,75
2015-02-25 19:00:00,38,106,149,123,,116,,,73,148,,157,89
2015-02-25 20:00:00,39,117,165,124,,153,,,74,172,,172,118
2015-02-25 21:00:00,93,120,169,119,,168,,,149,173,,173,143
2015-02-25 22:00:00,87,110,172,220,,189,,,202,163,,269,161
2015-02-25 23:00:00,182,129,152,274,,219,,,149,224,,312,209
2015-02-26 00:00:00,254,83,11,279,,172,,,230,278,,297,213
2015-02-26 01:00:00,226,6,16,310,,309,,,204,317,,308,222
2015-02-26 02:00:00,235,99,324,297,,270,,,198,263,,280,251
2015-02-26 03:00:00,309,312,313,304,,236,,,243,280,,313,256
2015-02-26 04:00:00,218,216,300,315,,225,,,249,278,,277,259
2015-02-26 05:00:00,215,207,285,322,,248,,,236,272,,307,247
2015-02-26 06:00:00,266,328,356,288,,314,,,247,,,292,141
2015-02-26 07:00:00,198,315,333,313,,241,,,229,295,,289,269
2015-02-26 08:00:00,60,308,319,248,,175,,,178,285,,303,263
2015-02-26 09:00:00,0,331,331,144,,32,,,235,310,,26,100
2015-02-26 10:00:00,42,58,155,152,,102,,,205,281,,107,81
2015-02-26 11:00:00,47,111,161,147,,106,,,85,115,,79,101
2015-02-26 12:00:00,65,120,159,117,,108,,,78,112,,109,88
2015-02-26 13:00:00,54,114,132,104,,100,,,84,120,,114,77
2015-02-26 14:00:00,80,109,148,94,,108,,,88,105,,85,69
2015-02-26 15:00:00,107,108,154,106,,98,,,95,110,,78,80
2015-02-26 16:00:00,86,108,140,104,,96,,,96,102,,73,81
2015-02-26 17:00:00,71,108,135,98,,97,,,100,106,,86,90
2015-02-26 18:00:00,74,103,127,101,,95,,,107,99,,92,92
2015-02-26 19:00:00,95,105,131,102,,96,,,109,114,,94,99
2015-02-26 20:00:00,104,117,148,106,,109,,,103,126,,89,90
2015-02-26 21:00:00,64,116,143,105,,113,,,97,120,,89,72
2015-02-26 22:00:00,71,108,139,108,,102,,,98,110,,87,78
2015-02-26 23:00:00,77,104,117,106,,97,,,92,83,,89,87
2015-02-27 00:00:00,78,108,128,108,,109,,,87,105,,83,71
2015-02-27 01:00:00,79,111,133,101,,104,,,87,117,,85,71
2015-02-27 02:00:00,71,108,148,101,,95,,,77,126,,82,77
2015-02-27 03:00:00,56,109,147,100,,92,,,73,108,,86,79
2015-02-27 04:00:00,50,103,130,94,,95,,,64,95,,85,76
2015-02-27 05:00:00,50,94,103,85,,75,,,64,104,,88,72
2015-02-27 06:00:00,64,72,115,92,,83,,,73,105,,94,75
2015-02-27 07:00:00,63,99,103,101,,78,,,66,100,,98,76
2015-02-27 08:00:00,63,88,106,96,,81,,,69,85,,103,77
2015-02-27 09:00:00,49,79,101,83,,24,,,65,74,,110,79
2015-02-27 10:00:00,49,94,119,109,,31,,,71,96,,129,79
2015-02-27 11:00:00,45,107,139,121,,42,,,83,112,,114,84
2015-02-27 12:00:00,47,85,114,216,,45,,,97,152,,129,90
2015-02-27 13:00:00,61,67,145,266,,50,,,88,154,,127,92
2015-02-27 14:00:00,74,74,144,151,,54,,,71,142,,124,111
2015-02-27 15:00:00,59,109,148,103,,62,,,74,134,,118,104
2015-02-27 16:00:00,48,114,152,126,,64,,,79,,,115,99
2015-02-27 17:00:00,46,116,166,134,,35,,,66,141,,125,92
2015-02-27 18:00:00,55,108,160,134,,29,,,52,130,,114,84
2015-02-27 19:00:00,39,103,160,114,,20,,,61,132,,126,109
2015-02-27 20:00:00,28,104,168,272,,23,,,59,132,,129,104
2015-02-27 21:00:00,5,357,21,310,,51,,,61,132,,133,120
2015-02-27 22:00:00,9,1,10,280,,39,,,67,155,,132,124
2015-02-27 23:00:00,11,2,7,217,,50,,,129,161,,131,124
2015-02-28 00:00:00,5,357,8,145,,47,,,70,156,,124,114
2015-02-28 01:00:00,1,352,357,167,,35,,,146,165,,138,115
2015-02-28 02:00:00,346,344,358,261,,353,,,240,125,,160,133
2015-02-28 03:00:00,7,340,2,271,,299,,,187,70,,65,121
2015-02-28 04:00:00,31,352,2,257,,27,,,273,322,,113,117
2015-02-28 05:00:00,84,17,13,230,,59,,,94,320,,110,85
2015-02-28 06:00:00,69,6,1,153,,39,,,48,323,,107,90
2015-02-28 07:00:00,44,2,358,162,,66,,,47,358,,105,105
2015-02-28 08:00:00,70,9,348,171,,69,,,43,333,,92,88
2015-02-28 09:00:00,32,354,352,168,,58,,,74,338,,71,91
2015-02-28 10:00:00,36,350,10,178,,70,,,99,340,,77,98
2015-02-28 11:00:00,76,15,13,132,,127,,,88,7,,106,96
2015-02-28 12:00:00,75,18,23,204,,146,,,138,12,,91,99
2015-02-28 13:00:00,72,356,16,194,,31,,,192,43,,82,107
2015-02-28 14:00:00,21,316,52,263,,29,,,135,42,,86,109
2015-02-28 15:00:00,50,39,56,200,,84,,,110,74,,92,101
2015-02-28 16:00:00,65,78,150,137,,91,,,78,101,,94,105
2015-02-28 17:00:00,74,108,150,134,,98,,,80,114,,102,107
2015-02-28 18:00:00,72,113,161,101,,100,,,75,129,,106,112
2015-02-28 19:00:00,73,124,156,153,,108,,,84,132,,109,107
2015-02-28 20:00:00,78,122,170,152,,110,,,70,154,,126,112
2015-02-28 21:00:00,49,120,172,144,,121,,,62,154,,119,121
2015-02-28 22:00:00,29,107,173,157,,110,,,50,144,,120,128
2015-02-28 23:00:00,360,99,175,151,,98,,,47,131,,167,124
2015-03-01 00:00:00,23,104,167,161,,75,,,66,124,,79,83
2015-03-01 01:00:00,70,93,132,153,,99,,,64,116,,40,84
2015-03-01 02:00:00,55,79,122,163,,91,,,54,112,,353,93
2015-03-01 03:00:00,29,53,122,156,,65,,,44,78,,111,131
2015-03-01 04:00:00,30,11,70,140,,25,,,93,98,,108,280
2015-03-01 05:00:00,35,28,38,216,,47,,,82,156,,357,109
2015-03-01 06:00:00,52,55,48,292,,47,,,73,95,,155,104
2015-03-01 07:00:00,55,52,28,304,,55,,,44,115,,127,103
2015-03-01 08:00:00,38,26,23,286,,49,,,62,194,,100,101
2015-03-01 09:00:00,12,0,15,302,,4,,,75,0,,356,
2015-03-01 10:00:00,49,18,10,283,,58,,,71,89,,287,258
2015-03-01 11:00:00,70,89,92,256,,141,,,54,114,,130,121
2015-03-01 12:00:00,79,106,159,200,,103,,,87,102,,76,108
2015-03-01 13:00:00,88,86,107,154,,98,,,95,81,,85,106
2015-03-01 14:00:00,67,93,113,145,,101,,,68,95,,82,92
2015-03-01 15:00:00,68,115,161,147,,122,,,77,117,,81,94
2015-03-01 16:00:00,68,110,160,150,,109,,,80,131,,89,99
2015-03-01 17:00:00,74,113,165,159,,99,,,75,135,,102,106
2015-03-01 18:00:00,69,112,168,155,,108,,,80,143,,126,110
2015-03-01 19:00:00,51,135,181,150,,114,,,68,184,,138,119
2015-03-01 20:00:00,30,161,214,155,,111,,,52,193,,135,124
2015-03-01 21:00:00,316,284,238,190,,150,,,125,104,,108,141
2015-03-01 22:00:00,28,109,174,144,,93,,,55,126,,113,128
2015-03-01 23:00:00,40,87,95,138,,97,,,48,131,,121,126
2015-03-02 00:00:00,18,101,143,148,,97,,,67,155,,118,125
2015-03-02 01:00:00,7,94,153,136,,96,,,117,153,,122,129
2015-03-02 02:00:00,34,114,164,127,,93,,,78,153,,126,122
2015-03-02 03:00:00,39,121,173,129,,129,,,95,161,,134,90
2015-03-02 04:00:00,48,120,170,145,,117,,,65,176,,112,109
2015-03-02 05:00:00,46,109,167,161,,65,,,71,154,,111,116
2015-03-02 06:00:00,32,18,185,136,,52,,,47,158,,119,115
2015-03-02 07:00:00,9,4,3,223,,54,,,43,158,,125,112
2015-03-02 08:00:00,11,345,4,273,,47,,,159,172,,116,103
2015-03-02 09:00:00,37,3,18,218,,35,,,57,170,,100,104
2015-03-02 10:00:00,28,5,28,272,,62,,,53,7,,109,107
2015-03-02 11:00:00,58,23,29,312,,66,,,58,52,,115,93
2015-03-02 12:00:00,57,20,29,298,,60,,,135,109,,128,101
2015-03-02 13:00:00,40,30,40,270,,84,,,86,91,,118,102
2015-03-02 14:00:00,23,14,76,291,,78,,,58,98,,119,103
2015-03-02 15:00:00,27,50,98,162,,74,,,56,107,,127,99
2015-03-02 16:00:00,48,96,130,107,,83,,,80,107,,137,88
2015-03-02 17:00:00,58,109,147,107,,92,,,82,107,,109,85
2015-03-02 18:00:00,54,109,146,112,,98,,,71,110,,108,81
2015-03-02 19:00:00,48,111,145,113,,106,,,70,112,,118,80
2015-03-02 20:00:00,56,117,144,109,,118,,,74,106,,110,81
2015-03-02 21:00:00,53,107,147,104,,104,,,72,107,,105,81
2015-03-02 22:00:00,49,121,150,110,,106,,,64,121,,115,88
2015-03-02 23:00:00,56,122,147,115,,130,,,57,114,,122,88
2015-03-03 00:00:00,47,128,152,122,,135,,,61,125,,128,105
2015-03-03 01:00:00,35,111,157,170,,156,,,54,122,,166,146
2015-03-03 02:00:00,41,62,102,151,,144,,,88,319,,156,69
2015-03-03 03:00:00,350,71,59,123,,112,,,81,137,,276,260
2015-03-03 04:00:00,309,53,41,139,,109,,,70,191,,317,120
2015-03-03 05:00:00,123,13,321,278,,140,,,200,300,,283,127
2015-03-03 06:00:00,222,286,319,316,,15,,,272,334,,211,224
2015-03-03 07:00:00,214,259,308,284,,321,,,246,351,,325,262
2015-03-03 08:00:00,236,251,322,290,,130,,,255,90,,338,233
2015-03-03 09:00:00,60,309,325,248,,191,,,228,105,,103,127
2015-03-03 10:00:00,94,166,337,244,,117,,,239,82,,129,86
2015-03-03 11:00:00,67,100,188,177,,82,,,129,79,,124,86
2015-03-03 12:00:00,84,102,154,146,,87,,,92,132,,120,103
2015-03-03 13:00:00,51,69,153,180,,81,,,62,134,,95,102
2015-03-03 14:00:00,75,71,132,199,,78,,,79,106,,103,103
2015-03-03 15:00:00,67,114,131,153,,79,,,85,100,,102,89
2015-03-03 16:00:00,60,98,119,154,,100,,,73,97,,107,97
2015-03-03 17:00:00,47,106,116,150,,104,,,74,109,,110,94
2015-03-03 18:00:00,34,96,118,153,,113,,,74,100,,124,106
2015-03-03 19:00:00,52,71,92,177,,88,,,61,97,,150,129
2015-03-03 20:00:00,46,41,88,167,,104,,,57,114,,136,130
2015-03-03 21:00:00,2,356,146,227,,110,,,74,132,,121,133
2015-03-03 22:00:00,342,329,318,296,,36,,,136,245,,176,184
2015-03-03 23:00:00,297,351,352,294,,246,,,220,288,,45,243
2015-03-04 00:00:00,263,306,340,221,,261,,,196,294,,193,229
2015-03-04 01:00:00,211,254,322,293,,259,,,269,291,,202,239
2015-03-04 02:00:00,297,300,354,307,,293,,,287,303,,294,271
2015-03-04 03:00:00,267,313,327,301,,280,,,288,321,,310,265
2015-03-04 04:00:00,231,306,336,304,,287,,,258,321,,296,251
2015-03-04 05:00:00,226,302,323,155,,264,,,268,332,,295,257
2015-03-04 06:00:00,218,312,337,207,,308,,,283,328,,283,169
2015-03-04 07:00:00,207,321,23,294,,302,,,291,348,,311,163
2015-03-04 08:00:00,222,326,322,202,,319,,,276,312,,107,298
2015-03-04 09:00:00,344,329,323,99,,51,,,281,348,,117,89
2015-03-04 10:00:00,29,311,35,130,,83,,,243,63,,132,87
2015-03-04 11:00:00,51,71,112,143,,117,,,72,87,,119,85
2015-03-04 12:00:00,50,122,151,152,,111,,,73,79,,104,94
2015-03-04 13:00:00,57,114,143,153,,118,,,75,86,,121,97
2015-03-04 14:00:00,58,112,139,144,,107,,,74,106,,112,94
2015-03-04 15:00:00,46,106,140,151,,92,,,83,111,,112,94
2015-03-04 16:00:00,28,96,138,159,,103,,,70,103,,114,100
2015-03-04 17:00:00,62,103,118,142,,103,,,77,79,,113,107
2015-03-04 18:00:00,52,55,82,148,,89,,,72,73,,135,120
2015-03-04 19:00:00,35,19,38,206,,87,,,58,323,,142,118
2015-03-04 20:00:00,64,23,14,250,,121,,,84,272,,130,123
2015-03-04 21:00:00,85,1,300,173,,209,,,159,244,,125,133
2015-03-04 22:00:00,237,336,345,316,,323,,,207,258,,157,150
2015-03-04 23:00:00,15,353,6,162,,117,,,197,313,,125,125
2015-03-05 00:00:00,21,348,12,34,,41,,,113,307,,128,128
2015-03-05 01:00:00,25,359,18,35,,21,,,128,310,,128,123
2015-03-05 02:00:00,62,347,16,136,,114,,,133,314,,110,111
2015-03-05 03:00:00,94,354,12,178,,54,,,94,313,,101,119
2015-03-05 04:00:00,82,352,10,194,,288,,,130,322,,109,117
2015-03-05 05:00:00,39,353,16,192,,20,,,110,321,,102,116
2015-03-05 06:00:00,59,0,16,150,,67,,,84,314,,100,117
2015-03-05 07:00:00,46,10,14,200,,51,,,125,313,,95,108
2015-03-05 08:00:00,44,358,18,122,,64,,,171,316,,96,104
2015-03-05 09:00:00,73,4,21,168,,60,,,160,315,,103,107
2015-03-05 10:00:00,49,352,17,185,,59,,,244,320,,109,99
2015-03-05 11:00:00,23,351,16,194,,31,,,259,328,,105,93
2015-03-05 12:00:00,30,355,17,225,,34,,,243,330,,112,96
2015-03-05 13:00:00,53,351,13,215,,34,,,218,336,,103,92
2015-03-05 14:00:00,32,359,20,239,,45,,,138,333,,110,93
2015-03-05 15:00:00,49,8,20,194,,35,,,89,334,,117,96
2015-03-05 16:00:00,22,1,20,159,,49,,,98,336,,91,101
2015-03-05 17:00:00,27,3,19,86,,34,,,135,342,,100,96
2015-03-05 18:00:00,29,6,21,50,,54,,,67,332,,95,93
2015-03-05 19:00:00,28,,19,61,,53,,,62,323,,105,95
2015-03-05 20:00:00,43,12,19,62,,68,,,53,299,,106,96
2015-03-05 21:00:00,36,359,17,53,,72,,,61,299,,95,92
2015-03-05 22:00:00,35,353,11,56,,83,,,80,300,,94,90
2015-03-05 23:00:00,30,343,351,106,,110,,,115,300,,107,99
2015-03-06 00:00:00,49,335,355,167,,115,,,209,296,,109,108
2015-03-06 01:00:00,38,342,0,195,,135,,,228,291,,115,121
2015-03-06 02:00:00,28,349,3,185,,111,,,212,293,,109,121
2015-03-06 03:00:00,31,357,18,184,,78,,,225,306,,127,123
2015-03-06 04:00:00,15,358,31,65,,63,,,94,316,,133,121
2015-03-06 05:00:00,5,0,29,64,,13,,,161,153,,125,111
2015-03-06 06:00:00,11,14,20,126,,1,,,102,146,,132,115
2015-03-06 07:00:00,2,103,187,87,,7,,,144,131,,125,108
2015-03-06 08:00:00,342,125,154,106,,24,,,100,110,,124,82
2015-03-06 09:00:00,131,115,149,85,,79,,,89,127,,119,72
2015-03-06 10:00:00,125,118,168,104,,103,,,85,126,,108,94
2015-03-06 11:00:00,116,114,165,93,,104,,,90,118,,113,75
2015-03-06 12:00:00,107,110,160,95,,107,,,87,149,,121,95
2015-03-06 13:00:00,91,119,161,110,,108,,,95,117,,119,91
2015-03-06 14:00:00,97,133,183,119,,111,,,97,138,,117,85
2015-03-06 15:00:00,85,151,179,109,,127,,,87,149,,120,90
2015-03-06 16:00:00,122,135,175,123,,123,,,161,158,,124,105
2015-03-06 17:00:00,126,142,184,143,,128,,,194,175,,108,85
2015-03-06 18:00:00,115,131,176,139,,124,,,80,163,,103,90
2015-03-06 19:00:00,105,128,176,141,,110,,,121,171,,119,82
2015-03-06 20:00:00,117,126,175,149,,114,,,102,175,,106,80
2015-03-06 21:00:00,101,127,174,145,,114,,,67,160,,124,77
2015-03-06 22:00:00,94,119,131,118,,100,,,79,97,,118,96
2015-03-06 23:00:00,112,79,121,98,,85,,,79,84,,121,103
2015-03-07 00:00:00,80,77,98,81,,93,,,77,54,,142,112
2015-03-07 01:00:00,58,104,124,109,,120,,,58,65,,131,102
2015-03-07 02:00:00,74,99,151,157,,93,,,84,105,,143,114
2015-03-07 03:00:00,317,104,114,146,,86,,,87,91,,132,119
2015-03-07 04:00:00,357,44,83,265,,59,,,79,67,,98,139
2015-03-07 05:00:00,3,67,106,288,,47,,,76,101,,109,125
2015-03-07 06:00:00,62,95,148,237,,107,,,70,136,,111,122
2015-03-07 07:00:00,47,119,170,141,,122,,,65,152,,123,109
2015-03-07 08:00:00,86,114,151,127,,118,,,113,126,,113,89
2015-03-07 09:00:00,57,99,159,154,,86,,,96,122,,318,99
2015-03-07 10:00:00,32,108,128,112,,94,,,80,123,,114,83
2015-03-07 11:00:00,44,89,147,119,,83,,,86,107,,113,94
2015-03-07 12:00:00,43,107,130,100,,89,,,75,115,,111,84
2015-03-07 13:00:00,45,100,156,120,,97,,,90,122,,103,73
2015-03-07 14:00:00,58,108,162,136,,83,,,79,120,,102,88
2015-03-07 15:00:00,63,116,166,116,,106,,,92,154,,109,78
2015-03-07 16:00:00,121,120,157,98,,100,,,100,116,,100,82
2015-03-07 17:00:00,78,95,112,101,,99,,,90,81,,119,100
2015-03-07 18:00:00,46,73,101,70,,71,,,73,75,,214,95
2015-03-07 19:00:00,51,74,102,86,,85,,,81,77,,127,82
2015-03-07 20:00:00,56,82,103,77,,88,,,88,79,,125,85
2015-03-07 21:00:00,30,37,141,158,,247,,,54,20,,141,122
2015-03-07 22:00:00,337,345,128,310,,275,,,68,223,,278,184
2015-03-07 23:00:00,235,273,315,301,,246,,,260,311,,309,272
2015-03-08 00:00:00,230,33,336,176,,272,,,240,343,,165,55
2015-03-08 01:00:00,215,99,70,138,,124,,,190,172,,204,191
2015-03-08 02:00:00,98,39,153,191,,187,,,138,126,,152,264
2015-03-08 03:00:00,239,72,166,289,,274,,,56,127,,221,152
2015-03-08 04:00:00,113,126,178,126,,137,,,119,177,,114,125
2015-03-08 05:00:00,31,122,164,155,,119,,,118,155,,122,140
2015-03-08 06:00:00,304,117,170,186,,138,,,168,171,,311,165
2015-03-08 07:00:00,284,92,159,292,,71,,,175,134,,252,207
2015-03-08 08:00:00,341,105,148,195,,88,,,69,123,,146,124
2015-03-08 09:00:00,338,97,49,275,,52,,,83,58,,298,133
2015-03-08 10:00:00,10,358,346,279,,50,,,205,344,,343,251
2015-03-08 11:00:00,31,336,47,256,,34,,,268,8,,349,43
2015-03-08 12:00:00,8,17,45,246,,88,,,159,27,,21,85
2015-03-08 13:00:00,49,86,65,130,,97,,,189,36,,84,107
2015-03-08 14:00:00,11,74,77,132,,79,,,77,53,,68,92
2015-03-08 15:00:00,76,74,90,155,,91,,,70,80,,78,102
2015-03-08 16:00:00,73,75,116,149,,83,,,72,82,,88,92
2015-03-08 17:00:00,72,82,135,157,,90,,,72,99,,103,105
2015-03-08 18:00:00,74,106,151,153,,99,,,77,110,,111,112
2015-03-08 19:00:00,94,116,154,148,,102,,,77,115,,182,152
2015-03-08 20:00:00,152,136,168,146,,78,,,134,148,,267,310
2015-03-08 21:00:00,100,103,152,153,,108,,,149,169,,110,94
2015-03-08 22:00:00,103,164,183,134,,124,,,174,191,,120,103
2015-03-08 23:00:00,257,212,225,114,,304,,,194,90,,118,140
2015-03-09 00:00:00,,85,85,285,,280,,,113,93,,292,279
2015-03-09 01:00:00,73,74,143,280,,97,,,70,63,,299,177
2015-03-09 02:00:00,28,314,316,282,,342,,,239,303,,219,218
2015-03-09 03:00:00,2,321,338,250,,11,,,263,302,,340,109
2015-03-09 04:00:00,263,287,327,293,,280,,,197,305,,290,260
2015-03-09 05:00:00,247,306,308,246,,270,,,257,321,,249,264
2015-03-09 06:00:00,273,285,326,297,,294,,,271,305,,285,298
2015-03-09 07:00:00,248,286,303,311,,261,,,235,305,,297,271
2015-03-09 08:00:00,94,5,346,283,,283,,,248,42,,201,306
2015-03-09 09:00:00,69,130,161,159,,117,,,111,141,,241,36
2015-03-09 10:00:00,89,122,176,131,,101,,,59,113,,109,121
2015-03-09 11:00:00,83,121,144,132,,87,,,73,109,,102,93
2015-03-09 12:00:00,58,107,152,134,,115,,,86,127,,97,81
2015-03-09 13:00:00,50,107,158,133,,99,,,77,107,,99,82
2015-03-09 14:00:00,51,99,137,115,,101,,,74,100,,93,71
2015-03-09 15:00:00,49,101,130,105,,105,,,84,104,,102,78
2015-03-09 16:00:00,56,105,128,102,,103,,,80,103,,92,66
2015-03-09 17:00:00,63,97,117,96,,102,,,79,108,,91,66
2015-03-09 18:00:00,55,75,85,88,,92,,,74,83,,111,78
2015-03-09 19:00:00,36,87,109,74,,134,,,60,88,,142,84
2015-03-09 20:00:00,56,106,161,101,,133,,,79,159,,143,86
2015-03-09 21:00:00,54,97,165,103,,126,,,80,97,,148,85
2015-03-09 22:00:00,57,101,164,89,,107,,,68,88,,137,87
2015-03-09 23:00:00,64,124,172,111,,97,,,74,116,,116,87
2015-03-10 00:00:00,62,115,170,124,,113,,,77,118,,142,98
2015-03-10 01:00:00,67,115,206,138,,50,,,92,130,,124,101
2015-03-10 02:00:00,27,8,353,251,,46,,,60,32,,122,107
2015-03-10 03:00:00,21,351,360,207,,81,,,70,256,,135,113
2015-03-10 04:00:00,80,323,356,200,,90,,,123,299,,97,134
2015-03-10 05:00:00,102,355,13,191,,75,,,102,303,,62,109
2015-03-10 06:00:00,65,359,9,219,,96,,,132,319,,101,104
2015-03-10 07:00:00,57,344,21,226,,106,,,117,323,,109,120
2015-03-10 08:00:00,50,2,44,238,,101,,,229,260,,92,125
2015-03-10 09:00:00,358,8,56,192,,81,,,262,126,,118,123
2015-03-10 10:00:00,,8,134,209,,95,,,157,145,,115,129
2015-03-10 11:00:00,345,103,182,193,,70,,,59,106,,121,136
2015-03-10 12:00:00,266,123,186,155,,140,,,142,141,,118,133
2015-03-10 13:00:00,33,109,180,150,,146,,,205,153,,120,118
2015-03-10 14:00:00,64,130,177,129,,134,,,90,179,,109,85
2015-03-10 15:00:00,77,124,178,133,,121,,,113,157,,,88
2015-03-10 16:00:00,67,122,180,181,,34,,,107,195,,120,101
2015-03-10 17:00:00,81,124,318,172,,25,,,103,231,,104,96
2015-03-10 18:00:00,59,338,318,269,,301,,,138,237,,141,101
2015-03-10 19:00:00,52,327,328,160,,158,,,227,295,,122,119
2015-03-10 20:00:00,53,61,89,91,,81,,,100,143,,131,102
2015-03-10 21:00:00,84,105,147,106,,81,,,84,179,,125,102
2015-03-10 22:00:00,77,121,189,138,,132,,,111,211,,118,93
2015-03-10 23:00:00,12,103,157,115,,148,,,191,229,,135,128
2015-03-11 00:00:00,27,224,222,141,,157,,,223,277,,126,131
2015-03-11 01:00:00,61,66,247,201,,140,,,169,315,,125,112
2015-03-11 02:00:00,331,277,57,114,,225,,,122,271,,137,135
2015-03-11 03:00:00,9,309,296,167,,187,,,225,307,,97,130
2015-03-11 04:00:00,187,197,5,154,,219,,,156,306,,246,97
2015-03-11 05:00:00,157,154,247,135,,145,,,114,270,,133,72
2015-03-11 06:00:00,136,212,,111,,44,,,194,135,,231,117
2015-03-11 07:00:00,84,325,,216,,111,,,96,346,,136,114
2015-03-11 08:00:00,120,332,,185,,313,,,252,43,,92,138
2015-03-11 09:00:00,53,353,21,131,,63,,,133,98,,106,117
2015-03-11 10:00:00,358,307,328,163,,27,,,278,254,,78,111
2015-03-11 11:00:00,111,353,339,130,,43,,,245,314,,109,51
2015-03-11 12:00:00,43,10,19,138,,54,,,183,335,,133,197
2015-03-11 13:00:00,50,21,34,96,,54,,,118,335,,105,102
2015-03-11 14:00:00,41,11,23,64,,60,,,71,334,,83,78
2015-03-11 15:00:00,59,7,,46,,40,,,62,23,,84,90
2015-03-11 16:00:00,8,27,,58,,48,,,52,24,,100,115
2015-03-11 17:00:00,27,27,26,61,,60,,,62,91,,133,115
2015-03-11 18:00:00,107,38,3,69,,102,,,96,139,,90,95
2015-03-11 19:00:00,139,5,164,190,,152,,,224,145,,126,148
2015-03-11 20:00:00,225,20,167,291,,274,,,240,163,,184,152
2015-03-11 21:00:00,4,123,170,217,,249,,,128,152,,214,160
2015-03-11 22:00:00,305,127,180,281,,314,,,239,153,,296,230
2015-03-11 23:00:00,233,249,188,243,,312,,,231,160,,285,259
2015-03-12 00:00:00,219,321,34,309,,322,,,256,165,,292,291
2015-03-12 01:00:00,217,331,20,326,,113,,,255,222,,307,293
2015-03-12 02:00:00,293,351,343,325,,135,,,256,175,,344,298
2015-03-12 03:00:00,244,354,316,318,,104,,,190,214,,312,299
2015-03-12 04:00:00,304,335,276,307,,130,,,160,247,,292,212
2015-03-12 05:00:00,233,313,335,317,,242,,,291,317,,281,223
2015-03-12 06:00:00,332,334,349,319,,268,,,254,33,,286,289
2015-03-12 07:00:00,267,318,332,283,,301,,,149,214,,298,237
2015-03-12 08:00:00,12,343,346,182,,122,,,147,318,,357,295
2015-03-12 09:00:00,65,43,46,132,,90,,,65,261,,59,89
2015-03-12 10:00:00,74,11,67,151,,129,,,70,241,,128,103
2015-03-12 11:00:00,68,5,46,179,,101,,,106,65,,,101
2015-03-12 12:00:00,54,12,76,141,,110,,,81,102,,89,100
2015-03-12 13:00:00,73,93,74,171,,104,,,81,94,,100,87
2015-03-12 14:00:00,73,102,123,143,,124,,,106,107,,110,98
2015-03-12 15:00:00,87,103,150,119,,109,,,105,152,,115,105
2015-03-12 16:00:00,75,119,155,108,,94,,,102,131,,115,112
2015-03-12 17:00:00,98,127,156,109,,109,,,94,140,,107,85
2015-03-12 18:00:00,134,129,162,113,,117,,,96,151,,103,88
2015-03-12 19:00:00,120,126,169,125,,123,,,175,176,,145,97
2015-03-12 20:00:00,94,115,155,120,,132,,,171,110,,168,122
2015-03-12 21:00:00,106,104,148,118,,119,,,192,149,,155,131
2015-03-12 22:00:00,310,113,158,110,,99,,,231,165,,158,181
2015-03-12 23:00:00,129,111,153,138,,96,,,139,171,,114,151
2015-03-13 00:00:00,40,115,154,250,,264,,,179,150,,93,171
2015-03-13 01:00:00,282,10,360,294,,336,,,236,290,,263,186
2015-03-13 02:00:00,234,355,13,299,,287,,,216,313,,310,232
2015-03-13 03:00:00,251,319,344,208,,256,,,211,,,318,186
2015-03-13 04:00:00,222,303,335,291,,271,,,254,298,,303,248
2015-03-13 05:00:00,281,295,321,321,,265,,,268,303,,328,269
2015-03-13 06:00:00,128,127,291,226,,231,,,228,297,,192,177
2015-03-13 07:00:00,244,265,322,181,,254,,,209,277,,134,267
2015-03-13 08:00:00,225,244,284,231,,250,,,260,291,,303,263
2015-03-13 09:00:00,7,269,334,233,,267,,,242,319,,192,265
2015-03-13 10:00:00,278,312,323,295,,51,,,297,291,,289,258
2015-03-13 11:00:00,284,323,339,309,,271,,,262,311,,105,327
2015-03-13 12:00:00,357,9,9,283,,317,,,114,341,,192,112
2015-03-13 13:00:00,348,316,326,241,,22,,,137,307,,274,105
2015-03-13 14:00:00,70,0,271,130,,102,,,144,241,,123,107
2015-03-13 15:00:00,110,122,261,146,,137,,,158,243,,158,101
2015-03-13 16:00:00,88,88,47,140,,100,,,136,314,,139,87
2015-03-13 17:00:00,19,19,19,122,,125,,,79,212,,125,93
2015-03-13 18:00:00,348,7,38,202,,41,,,56,10,,132,118
2015-03-13 19:00:00,354,24,3,267,,242,,,161,350,,161,143
2015-03-13 20:00:00,322,317,316,226,,223,,,190,291,,140,142
2015-03-13 21:00:00,200,213,270,179,,233,,,234,234,,88,146
2015-03-13 22:00:00,219,213,287,250,,264,,,215,250,,296,227
2015-03-13 23:00:00,214,211,302,316,,255,,,249,255,,300,254
2015-03-14 00:00:00,231,236,345,292,,219,,,256,291,,199,235
2015-03-14 01:00:00,203,194,347,302,,264,,,252,139,,315,213
2015-03-14 02:00:00,238,232,21,203,,107,,,214,148,,277,170
2015-03-14 03:00:00,232,62,96,195,,300,,,233,237,,339,236
2015-03-14 04:00:00,218,345,320,209,,219,,,259,286,,154,211
2015-03-14 05:00:00,261,321,358,292,,295,,,243,322,,278,133
2015-03-14 06:00:00,212,266,297,165,,283,,,266,298,,296,207
2015-03-14 07:00:00,219,289,328,293,,289,,,244,292,,243,261
2015-03-14 08:00:00,224,295,319,289,,152,,,287,322,,221,281
2015-03-14 09:00:00,185,299,335,275,,104,,,256,323,,330,269
2015-03-14 10:00:00,22,284,321,188,,114,,,243,315,,90,109
2015-03-14 11:00:00,321,89,301,117,,109,,,177,295,,115,118
2015-03-14 12:00:00,10,356,355,157,,58,,,87,359,,124,108
2015-03-14 13:00:00,353,308,349,224,,130,,,136,283,,132,116
2015-03-14 14:00:00,322,260,223,238,,177,,,214,283,,127,139
2015-03-14 15:00:00,199,194,187,97,,108,,,228,345,,122,122
2015-03-14 16:00:00,210,214,244,98,,298,,,229,243,,1,143
2015-03-14 17:00:00,199,199,234,107,,129,,,221,224,,141,106
2015-03-14 18:00:00,182,194,231,124,,279,,,218,218,,170,343
2015-03-14 19:00:00,172,179,208,113,,62,,,201,200,,156,204
2015-03-14 20:00:00,165,179,180,112,,354,,,262,170,,171,229
2015-03-14 21:00:00,148,162,167,111,,113,,,188,185,,160,236
2015-03-14 22:00:00,210,261,161,145,,6,,,209,253,,152,181
2015-03-14 23:00:00,73,327,36,152,,319,,,194,29,,146,214
2015-03-15 00:00:00,72,24,81,165,,82,,,84,103,,151,124
2015-03-15 01:00:00,37,27,243,143,,189,,,66,194,,143,134
2015-03-15 02:00:00,72,33,76,157,,70,,,107,115,,129,130
2015-03-15 03:00:00,335,313,292,192,,298,,,208,321,,165,138
2015-03-15 04:00:00,32,21,329,213,,280,,,190,338,,148,130
2015-03-15 05:00:00,318,317,343,244,,311,,,182,318,,217,112
2015-03-15 06:00:00,97,23,26,163,,181,,,135,305,,143,125
2015-03-15 07:00:00,72,323,329,186,,206,,,182,260,,130,122
2015-03-15 08:00:00,117,329,315,209,,174,,,145,272,,124,133
2015-03-15 09:00:00,75,341,339,163,,101,,,201,222,,121,96
2015-03-15 10:00:00,39,77,127,153,,105,,,59,119,,121,93
2015-03-15 11:00:00,53,102,148,144,,78,,,188,131,,108,78
2015-03-15 12:00:00,127,115,148,122,,74,,,116,108,,89,83
2015-03-15 13:00:00,119,117,162,98,,100,,,87,142,,88,85
2015-03-15 14:00:00,118,127,175,104,,111,,,88,146,,94,100
2015-03-15 15:00:00,124,125,160,110,,113,,,114,137,,93,96
2015-03-15 16:00:00,112,93,108,103,,77,,,99,111,,97,96
2015-03-15 17:00:00,78,49,67,64,,70,,,73,102,,88,87
2015-03-15 18:00:00,51,102,161,82,,117,,,66,110,,86,76
2015-03-15 19:00:00,63,110,156,113,,97,,,81,158,,98,77
2015-03-15 20:00:00,63,119,153,109,,91,,,74,151,,90,84
2015-03-15 21:00:00,69,113,150,110,,101,,,69,105,,96,76
2015-03-15 22:00:00,57,111,137,101,,118,,,61,125,,104,83
2015-03-15 23:00:00,67,117,155,121,,111,,,88,143,,108,78
2015-03-16 00:00:00,64,119,162,120,,109,,,109,151,,99,77
2015-03-16 01:00:00,77,115,174,109,,135,,,78,159,,114,85
2015-03-16 02:00:00,75,126,180,128,,153,,,84,186,,121,100
2015-03-16 03:00:00,92,96,101,140,,124,,,199,92,,132,94
2015-03-16 04:00:00,26,52,126,110,,70,,,104,83,,115,100
2015-03-16 05:00:00,21,69,123,134,,78,,,121,96,,125,109
2015-03-16 06:00:00,31,84,119,153,,105,,,81,74,,131,113
2015-03-16 07:00:00,45,121,189,170,,129,,,61,138,,145,118
2015-03-16 08:00:00,52,162,216,153,,118,,,103,203,,131,123
2015-03-16 09:00:00,80,163,209,154,,125,,,119,229,,132,110
2015-03-16 10:00:00,17,129,195,159,,109,,,100,176,,135,108
2015-03-16 11:00:00,52,119,176,139,,105,,,86,137,,139,117
2015-03-16 12:00:00,63,110,164,117,,99,,,89,108,,150,122
2015-03-16 13:00:00,69,115,167,110,,90,,,87,115,,149,123
2015-03-16 14:00:00,174,132,170,214,,147,,,153,159,,136,114
2015-03-16 15:00:00,168,111,195,293,,297,,,200,195,,121,117
2015-03-16 16:00:00,69,118,179,276,,318,,,97,193,,136,101
2015-03-16 17:00:00,211,111,158,258,,355,,,182,176,,139,117
2015-03-16 18:00:00,97,109,161,274,,28,,,111,172,,144,117
2015-03-16 19:00:00,287,136,178,154,,293,,,129,199,,150,119
2015-03-16 20:00:00,318,104,206,287,,318,,,238,225,,153,123
2015-03-16 21:00:00,345,114,289,301,,352,,,198,250,,159,128
2015-03-16 22:00:00,319,303,319,308,,294,,,250,264,,280,211
2015-03-16 23:00:00,291,300,314,280,,274,,,240,294,,293,258
2015-03-17 00:00:00,142,356,326,246,,305,,,244,300,,265,67
2015-03-17 01:00:00,285,328,329,175,,162,,,236,298,,254,198
2015-03-17 02:00:00,146,177,228,158,,162,,,203,1,,215,296
2015-03-17 03:00:00,257,278,295,167,,320,,,208,223,,1,123
2015-03-17 04:00:00,208,250,303,106,,173,,,237,181,,275,135
2015-03-17 05:00:00,300,116,55,173,,166,,,125,144,,259,168
2015-03-17 06:00:00,260,162,177,156,,162,,,166,172,,293,96
2015-03-17 07:00:00,85,133,165,137,,118,,,175,147,,115,134
2015-03-17 08:00:00,7,113,157,185,,91,,,170,147,,66,144
2015-03-17 09:00:00,357,100,156,296,,97,,,160,86,,179,142
2015-03-17 10:00:00,66,100,141,229,,103,,,175,113,,130,122
2015-03-17 11:00:00,32,,146,173,,89,,,162,116,,149,117
2015-03-17 12:00:00,18,101,128,127,,103,,,146,115,,141,102
2015-03-17 13:00:00,42,99,107,91,,71,,,75,89,,111,69
2015-03-17 14:00:00,39,86,118,93,,56,,,74,85,,131,68
2015-03-17 15:00:00,325,12,69,282,,14,,,71,67,,285,241
2015-03-17 16:00:00,36,22,40,211,,73,,,252,350,,237,118
2015-03-17 17:00:00,78,69,70,138,,96,,,102,348,,104,107
2015-03-17 18:00:00,93,71,93,168,,104,,,131,47,,99,119
2015-03-17 19:00:00,231,344,346,230,,209,,,264,319,,95,137
2015-03-17 20:00:00,140,49,69,142,,114,,,146,63,,141,137
2015-03-17 21:00:00,107,109,135,150,,110,,,78,173,,120,121
2015-03-17 22:00:00,330,129,181,133,,348,,,168,130,,218,150
2015-03-17 23:00:00,240,97,165,217,,287,,,159,143,,307,250
2015-03-18 00:00:00,234,81,174,287,,188,,,239,150,,276,240
2015-03-18 01:00:00,224,95,158,213,,251,,,163,141,,295,234
2015-03-18 02:00:00,282,57,65,155,,178,,,177,16,,240,104
2015-03-18 03:00:00,230,114,86,227,,175,,,203,107,,271,246
2015-03-18 04:00:00,285,33,352,277,,217,,,127,320,,269,179
2015-03-18 05:00:00,271,346,342,313,,278,,,218,324,,290,257
2015-03-18 06:00:00,279,306,335,288,,284,,,249,335,,255,230
2015-03-18 07:00:00,305,304,322,301,,297,,,245,312,,294,253
2015-03-18 08:00:00,221,298,307,262,,81,,,258,307,,113,237
2015-03-18 09:00:00,222,264,302,214,,70,,,264,306,,107,202
2015-03-18 10:00:00,344,335,320,302,,33,,,259,,,63,41
2015-03-18 11:00:00,15,347,347,218,,27,,,103,340,,165,88
2015-03-18 12:00:00,12,8,355,154,,68,,,65,357,,96,103
2015-03-18 13:00:00,37,18,332,164,,67,,,73,38,,116,106
2015-03-18 14:00:00,21,79,165,146,,84,,,83,70,,113,121
2015-03-18 15:00:00,83,111,161,142,,116,,,101,82,,116,97
2015-03-18 16:00:00,80,115,165,133,,109,,,100,118,,117,98
2015-03-18 17:00:00,51,121,161,116,,100,,,98,97,,130,115
2015-03-18 18:00:00,69,117,132,105,,92,,,94,112,,130,118
2015-03-18 19:00:00,64,116,155,112,,113,,,78,158,,135,125
2015-03-18 20:00:00,103,122,165,119,,129,,,160,181,,118,143
2015-03-18 21:00:00,153,136,160,148,,179,,,248,199,,0,159
2015-03-18 22:00:00,221,44,123,212,,238,,,131,227,,306,248
2015-03-18 23:00:00,221,80,17,296,,210,,,227,219,,211,230
2015-03-19 00:00:00,238,45,73,297,,213,,,234,283,,288,245
2015-03-19 01:00:00,238,346,30,302,,244,,,221,118,,282,259
2015-03-19 02:00:00,254,299,215,293,,211,,,220,124,,272,263
2015-03-19 03:00:00,219,3,32,298,,255,,,224,9,,264,256
2015-03-19 04:00:00,221,307,328,193,,193,,,253,279,,266,247
2015-03-19 05:00:00,223,248,10,292,,299,,,252,318,,296,266
2015-03-19 06:00:00,223,133,322,322,,209,,,265,306,,271,261
2015-03-19 07:00:00,230,189,298,309,,143,,,251,306,,334,273
2015-03-19 08:00:00,214,136,320,302,,20,,,251,325,,351,282
2015-03-19 09:00:00,251,12,330,288,,178,,,256,298,,337,251
2015-03-19 10:00:00,5,353,299,138,,321,,,218,54,,315,278
2015-03-19 11:00:00,38,77,86,231,,78,,,116,63,,270,75
2015-03-19 12:00:00,33,58,134,125,,73,,,103,82,,148,104
2015-03-19 13:00:00,65,93,112,73,,87,,,99,103,,88,86
2015-03-19 14:00:00,77,108,132,86,,87,,,88,119,,93,81
2015-03-19 15:00:00,65,99,146,105,,97,,,93,120,,101,91
2015-03-19 16:00:00,62,111,143,114,,91,,,88,160,,101,94
2015-03-19 17:00:00,52,117,137,113,,119,,,81,96,,102,87
2015-03-19 18:00:00,80,84,106,115,,109,,,80,47,,106,76
2015-03-19 19:00:00,55,84,108,116,,97,,,63,74,,126,93
2015-03-19 20:00:00,73,102,129,113,,125,,,73,109,,131,90
2015-03-19 21:00:00,43,103,163,110,,115,,,80,155,,138,116
2015-03-19 22:00:00,62,114,168,107,,126,,,94,166,,139,122
2015-03-19 23:00:00,90,111,157,109,,116,,,105,124,,169,129
2015-03-20 00:00:00,42,107,151,109,,110,,,88,121,,208,177
2015-03-20 01:00:00,15,92,138,113,,113,,,75,106,,268,263
2015-03-20 02:00:00,305,56,97,176,,137,,,120,51,,147,253
2015-03-20 03:00:00,232,29,72,291,,322,,,163,36,,277,179
2015-03-20 04:00:00,213,49,79,320,,332,,,68,82,,322,254
2015-03-20 05:00:00,246,56,88,289,,249,,,183,107,,321,270
2015-03-20 06:00:00,227,88,358,218,,308,,,218,,,340,258
2015-03-20 07:00:00,216,321,332,280,,327,,,256,36,,286,244
2015-03-20 08:00:00,206,22,10,164,,94,,,217,128,,289,301
2015-03-20 09:00:00,47,21,36,228,,86,,,187,91,,288,36
2015-03-20 10:00:00,32,110,165,245,,87,,,66,123,,116,87
2015-03-20 11:00:00,65,110,146,211,,87,,,84,101,,112,88
2015-03-20 12:00:00,62,108,145,110,,91,,,77,111,,106,85
2015-03-20 13:00:00,69,112,144,103,,89,,,82,91,,103,92
2015-03-20 14:00:00,61,112,148,106,,99,,,83,85,,94,90
2015-03-20 15:00:00,77,78,139,151,,116,,,84,76,,101,115
2015-03-20 16:00:00,84,106,107,155,,94,,,87,68,,103,111
2015-03-20 17:00:00,91,97,111,92,,85,,,61,103,,103,110
2015-03-20 18:00:00,85,127,143,119,,103,,,78,117,,98,95
2015-03-20 19:00:00,64,82,133,88,,70,,,144,143,,118,78
2015-03-20 20:00:00,56,70,97,95,,40,,,70,153,,121,93
2015-03-20 21:00:00,65,86,109,107,,32,,,62,111,,117,85
2015-03-20 22:00:00,83,100,125,115,,76,,,125,200,,112,121
2015-03-20 23:00:00,98,16,0,144,,30,,,220,266,,129,112
2015-03-21 00:00:00,351,335,351,292,,292,,,250,287,,312,164
2015-03-21 01:00:00,191,359,0,290,,357,,,215,319,,295,272
2015-03-21 02:00:00,38,342,356,266,,358,,,219,324,,304,286
2015-03-21 03:00:00,92,342,2,263,,13,,,239,313,,275,284
2015-03-21 04:00:00,25,346,1,206,,10,,,217,313,,45,113
2015-03-21 05:00:00,26,327,357,137,,241,,,190,309,,111,123
2015-03-21 06:00:00,53,327,5,153,,247,,,138,301,,98,119
2015-03-21 07:00:00,53,326,357,133,,122,,,154,290,,107,124
2015-03-21 08:00:00,130,294,319,144,,165,,,218,296,,97,126
2015-03-21 09:00:00,176,318,345,179,,41,,,227,307,,69,91
2015-03-21 10:00:00,141,73,354,107,,329,,,182,319,,9,44
2015-03-21 11:00:00,72,326,15,126,,325,,,160,328,,41,118
2015-03-21 12:00:00,71,68,42,144,,67,,,107,333,,109,107
2015-03-21 13:00:00,101,34,31,146,,89,,,176,348,,105,105
2015-03-21 14:00:00,92,38,68,137,,140,,,81,13,,107,104
2015-03-21 15:00:00,55,38,60,97,,115,,,75,62,,125,99
2015-03-21 16:00:00,78,88,346,134,,144,,,84,341,,128,110
2015-03-21 17:00:00,82,118,189,152,,151,,,103,59,,132,133
2015-03-21 18:00:00,354,106,158,127,,189,,,108,90,,150,153
2015-03-21 19:00:00,314,73,146,149,,141,,,115,101,,128,110
2015-03-21 20:00:00,9,98,145,138,,111,,,78,118,,182,166
2015-03-21 21:00:00,334,113,160,148,,126,,,95,133,,308,172
2015-03-21 22:00:00,271,124,160,130,,123,,,131,141,,280,247
2015-03-21 23:00:00,242,124,169,143,,134,,,67,139,,285,195
2015-03-22 00:00:00,314,111,155,173,,87,,,130,138,,270,160
2015-03-22 01:00:00,87,119,149,138,,96,,,80,83,,92,131
2015-03-22 02:00:00,46,108,126,133,,97,,,73,74,,80,137
2015-03-22 03:00:00,55,109,126,151,,89,,,70,47,,202,127
2015-03-22 04:00:00,33,74,146,150,,113,,,72,20,,316,259
2015-03-22 05:00:00,287,83,114,190,,46,,,86,92,,273,258
2015-03-22 06:00:00,79,54,37,287,,31,,,67,188,,281,300
2015-03-22 07:00:00,286,347,335,308,,36,,,195,333,,302,272
2015-03-22 08:00:00,338,319,356,301,,15,,,287,26,,302,296
2015-03-22 09:00:00,341,321,346,264,,14,,,251,343,,36,104
2015-03-22 10:00:00,28,356,330,145,,64,,,229,354,,30,82
2015-03-22 11:00:00,112,348,357,239,,36,,,161,336,,325,95
2015-03-22 12:00:00,109,43,63,250,,31,,,100,323,,339,103
2015-03-22 13:00:00,111,73,85,176,,23,,,111,77,,327,106
2015-03-22 14:00:00,91,36,102,133,,360,,,101,89,,20,95
2015-03-22 15:00:00,68,104,89,86,,36,,,122,113,,38,82
2015-03-22 16:00:00,83,111,144,118,,86,,,107,99,,91,93
2015-03-22 17:00:00,70,119,147,107,,123,,,97,105,,98,72
2015-03-22 18:00:00,79,116,154,105,,120,,,87,120,,101,68
2015-03-22 19:00:00,62,121,159,105,,119,,,91,144,,134,71
2015-03-22 20:00:00,72,126,161,106,,139,,,109,163,,170,83
2015-03-22 21:00:00,109,123,168,115,,141,,,140,169,,150,79
2015-03-22 22:00:00,86,127,176,124,,144,,,218,172,,148,158
2015-03-22 23:00:00,129,146,178,102,,270,,,223,200,,353,222
2015-03-23 00:00:00,200,216,191,172,,283,,,162,242,,311,283
2015-03-23 01:00:00,222,182,24,321,,279,,,238,300,,320,281
2015-03-23 02:00:00,198,17,353,326,,310,,,239,332,,305,251
2015-03-23 03:00:00,215,279,309,311,,222,,,218,256,,304,229
2015-03-23 04:00:00,215,281,304,267,,218,,,251,278,,250,193
2015-03-23 05:00:00,219,260,312,271,,247,,,255,291,,264,228
2015-03-23 06:00:00,212,154,16,323,,248,,,257,317,,311,204
2015-03-23 07:00:00,238,34,336,329,,161,,,255,233,,316,225
2015-03-23 08:00:00,203,57,312,297,,81,,,241,323,,310,258
2015-03-23 09:00:00,34,83,338,277,,86,,,243,36,,335,206
2015-03-23 10:00:00,49,125,67,142,,69,,,96,45,,96,79
2015-03-23 11:00:00,72,108,157,187,,77,,,76,79,,101,94
2015-03-23 12:00:00,57,107,135,120,,97,,,65,86,,111,79
2015-03-23 13:00:00,64,106,147,109,,106,,,90,112,,94,74
2015-03-23 14:00:00,72,125,152,111,,93,,,95,112,,86,69
2015-03-23 15:00:00,121,111,136,103,,99,,,100,127,,91,99
2015-03-23 16:00:00,135,127,149,106,,106,,,105,127,,95,97
2015-03-23 17:00:00,114,122,159,111,,116,,,107,108,,101,91
2015-03-23 18:00:00,123,116,149,118,,113,,,110,103,,87,78
2015-03-23 19:00:00,110,112,151,107,,109,,,102,119,,93,74
2015-03-23 20:00:00,109,110,159,107,,108,,,111,141,,107,71
2015-03-23 21:00:00,107,108,139,101,,90,,,109,106,,132,73
2015-03-23 22:00:00,55,101,144,99,,112,,,75,122,,149,94
2015-03-23 23:00:00,37,97,117,137,,106,,,93,105,,152,139
2015-03-24 00:00:00,35,47,115,268,,57,,,95,78,,103,152
2015-03-24 01:00:00,3,23,106,272,,45,,,119,48,,95,142
2015-03-24 02:00:00,352,40,105,282,,51,,,78,56,,88,129
2015-03-24 03:00:00,9,353,20,278,,275,,,200,329,,119,152
2015-03-24 04:00:00,22,340,352,286,,281,,,260,318,,289,242
2015-03-24 05:00:00,306,344,341,321,,268,,,277,324,,289,256
2015-03-24 06:00:00,281,299,315,321,,294,,,269,320,,306,243
2015-03-24 07:00:00,248,305,326,316,,302,,,277,328,,314,268
2015-03-24 08:00:00,334,321,324,316,,307,,,283,338,,321,245
2015-03-24 09:00:00,14,314,327,294,,1,,,271,331,,334,252
2015-03-24 10:00:00,24,352,32,284,,21,,,246,355,,338,178
2015-03-24 11:00:00,24,38,59,183,,63,,,89,345,,68,92
2015-03-24 12:00:00,60,65,103,197,,69,,,85,37,,96,94
2015-03-24 13:00:00,52,76,128,109,,92,,,67,78,,111,91
2015-03-24 14:00:00,75,95,149,107,,96,,,74,82,,114,87
2015-03-24 15:00:00,61,104,140,93,,84,,,74,107,,102,82
2015-03-24 16:00:00,58,120,135,87,,94,,,84,108,,94,75
2015-03-24 17:00:00,88,124,136,97,,97,,,86,111,,84,69
2015-03-24 18:00:00,113,117,117,101,,89,,,92,91,,93,91
2015-03-24 19:00:00,69,96,114,96,,95,,,92,106,,100,79
2015-03-24 20:00:00,103,107,143,103,,96,,,98,117,,119,79
2015-03-24 21:00:00,65,104,146,110,,98,,,76,126,,137,87
2015-03-24 22:00:00,45,106,144,133,,120,,,79,113,,120,135
2015-03-24 23:00:00,26,113,146,192,,112,,,75,110,,129,130
2015-03-25 00:00:00,350,107,147,223,,103,,,75,116,,136,118
2015-03-25 01:00:00,3,100,135,192,,95,,,70,108,,115,133
2015-03-25 02:00:00,35,97,153,179,,101,,,76,99,,119,114
2015-03-25 03:00:00,290,21,93,202,,42,,,198,334,,118,116
2015-03-25 04:00:00,318,323,355,271,,341,,,270,326,,298,253
2015-03-25 05:00:00,297,322,338,294,,315,,,255,348,,294,253
2015-03-25 06:00:00,315,331,342,304,,302,,,296,348,,298,261
2015-03-25 07:00:00,323,316,331,318,,320,,,286,334,,273,254
2015-03-25 08:00:00,16,314,329,314,,129,,,284,349,,245,128
2015-03-25 09:00:00,5,3,19,271,,24,,,144,45,,122,90
2015-03-25 10:00:00,34,57,86,195,,85,,,58,61,,78,100
2015-03-25 11:00:00,69,88,122,142,,88,,,67,81,,88,106
2015-03-25 12:00:00,68,84,133,153,,88,,,71,74,,102,100
2015-03-25 13:00:00,59,86,132,169,,93,,,80,91,,104,97
2015-03-25 14:00:00,59,81,126,169,,93,,,76,102,,108,98
2015-03-25 15:00:00,63,89,141,154,,94,,,74,97,,107,100
2015-03-25 16:00:00,65,109,151,132,,98,,,86,127,,109,102
2015-03-25 17:00:00,59,112,143,124,,105,,,90,146,,116,101
2015-03-25 18:00:00,58,110,155,135,,118,,,86,132,,124,99
2015-03-25 19:00:00,50,106,159,112,,102,,,70,128,,133,93
2015-03-25 20:00:00,92,111,160,128,,109,,,117,206,,128,84
2015-03-25 21:00:00,59,106,163,130,,101,,,89,193,,134,87
2015-03-25 22:00:00,63,35,183,167,,105,,,197,232,,156,105
2015-03-25 23:00:00,33,8,18,257,,336,,,216,311,,117,143
2015-03-26 00:00:00,11,357,8,64,,239,,,106,310,,116,125
2015-03-26 01:00:00,171,235,249,185,,204,,,167,245,,131,134
2015-03-26 02:00:00,201,205,236,151,,244,,,233,232,,92,212
2015-03-26 03:00:00,205,207,247,286,,255,,,247,308,,267,286
2015-03-26 04:00:00,253,212,315,307,,250,,,237,261,,296,288
2015-03-26 05:00:00,72,314,327,272,,321,,,254,293,,229,305
2015-03-26 06:00:00,176,324,341,322,,12,,,248,304,,270,250
2015-03-26 07:00:00,167,338,345,311,,108,,,158,300,,273,285
2015-03-26 08:00:00,22,343,355,219,,82,,,158,314,,107,67
2015-03-26 09:00:00,33,1,15,148,,17,,,95,321,,95,111
2015-03-26 10:00:00,3,345,18,39,,21,,,190,329,,111,129
2015-03-26 11:00:00,19,360,22,78,,29,,,90,329,,111,121
2015-03-26 12:00:00,48,359,20,110,,35,,,128,320,,94,104
2015-03-26 13:00:00,31,359,15,52,,44,,,120,326,,93,93
2015-03-26 14:00:00,32,3,17,57,,29,,,154,331,,97,105
2015-03-26 15:00:00,77,356,8,65,,105,,,83,317,,96,106
2015-03-26 16:00:00,83,351,17,188,,105,,,82,323,,94,106
2015-03-26 17:00:00,65,348,20,197,,31,,,147,321,,116,120
2015-03-26 18:00:00,58,343,22,173,,79,,,160,312,,105,120
2015-03-26 19:00:00,80,354,20,147,,66,,,132,309,,93,98
2015-03-26 20:00:00,67,357,11,164,,72,,,101,307,,102,91
2015-03-26 21:00:00,30,352,11,179,,100,,,139,299,,103,106
2015-03-26 22:00:00,86,355,15,170,,207,,,130,290,,105,111
2015-03-26 23:00:00,122,335,3,169,,178,,,132,299,,91,112
2015-03-27 00:00:00,138,9,351,131,,102,,,130,295,,45,85
2015-03-27 01:00:00,118,20,348,129,,243,,,116,298,,111,92
2015-03-27 02:00:00,128,196,353,95,,281,,,164,356,,85,97
2015-03-27 03:00:00,122,136,83,85,,303,,,132,329,,309,93
2015-03-27 04:00:00,119,35,28,156,,181,,,144,298,,93,89
2015-03-27 05:00:00,82,26,334,180,,103,,,210,299,,111,117
2015-03-27 06:00:00,55,332,321,98,,129,,,125,284,,,131
2015-03-27 07:00:00,38,353,344,132,,99,,,107,293,,110,119
2015-03-27 08:00:00,56,352,352,212,,41,,,85,318,,98,98
2015-03-27 09:00:00,94,37,22,176,,81,,,118,19,,93,89
2015-03-27 10:00:00,53,57,97,147,,,,,114,50,,99,86
2015-03-27 11:00:00,93,42,64,156,,81,,,130,22,,114,84
2015-03-27 12:00:00,80,93,106,117,,82,,,75,74,,100,77
2015-03-27 13:00:00,53,98,98,115,,93,,,71,68,,94,78
2015-03-27 14:00:00,51,105,101,118,,86,,,86,95,,92,74
2015-03-27 15:00:00,63,113,150,103,,87,,,76,91,,104,70
2015-03-27 16:00:00,60,94,143,86,,84,,,86,110,,93,67
2015-03-27 17:00:00,65,117,131,96,,84,,,95,112,,80,69
2015-03-27 18:00:00,79,114,149,98,,91,,,95,111,,98,97
2015-03-27 19:00:00,113,108,141,101,,96,,,101,100,,111,85
2015-03-27 20:00:00,100,121,142,102,,119,,,87,173,,101,78
2015-03-27 21:00:00,112,119,174,105,,175,,,99,184,,122,93
2015-03-27 22:00:00,109,119,160,115,,196,,,123,169,,167,128
2015-03-27 23:00:00,101,108,150,121,,182,,,170,172,,271,202
2015-03-28 00:00:00,149,113,152,151,,146,,,169,166,,305,255
2015-03-28 01:00:00,221,102,97,300,,176,,,220,24,,334,232
2015-03-28 02:00:00,232,28,65,308,,312,,,170,336,,306,247
2015-03-28 03:00:00,284,351,349,306,,301,,,130,324,,325,226
2015-03-28 04:00:00,320,340,5,317,,293,,,181,313,,278,259
2015-03-28 05:00:00,296,319,314,313,,296,,,252,314,,307,246
2015-03-28 06:00:00,277,309,310,320,,304,,,265,312,,300,253
2015-03-28 07:00:00,291,319,323,314,,47,,,269,315,,304,262
2015-03-28 08:00:00,12,344,359,321,,76,,,262,340,,352,268
2015-03-28 09:00:00,17,350,7,267,,76,,,198,339,,77,81
2015-03-28 10:00:00,45,20,54,172,,99,,,110,4,,96,91
2015-03-28 11:00:00,75,24,109,165,,90,,,76,70,,73,92
2015-03-28 12:00:00,66,93,155,147,,101,,,77,91,,78,90
2015-03-28 13:00:00,69,106,154,127,,100,,,70,130,,96,89
2015-03-28 14:00:00,55,107,164,107,,98,,,74,114,,105,81
2015-03-28 15:00:00,56,112,157,95,,97,,,92,120,,106,65
2015-03-28 16:00:00,100,115,159,95,,94,,,89,113,,79,67
2015-03-28 17:00:00,113,108,145,97,,102,,,92,120,,92,90
2015-03-28 18:00:00,103,112,147,100,,108,,,88,116,,,85
2015-03-28 19:00:00,123,111,148,104,,108,,,100,129,,105,89
2015-03-28 20:00:00,118,111,143,103,,123,,,132,143,,140,98
2015-03-28 21:00:00,129,83,126,121,,92,,,183,78,,162,109
2015-03-28 22:00:00,107,59,112,227,,102,,,110,81,,346,182
2015-03-28 23:00:00,3,83,131,296,,99,,,40,110,,316,178
2015-03-29 00:00:00,352,45,162,278,,92,,,185,329,,322,203
2015-03-29 01:00:00,281,22,84,316,,309,,,236,,,287,214
2015-03-29 02:00:00,316,1,104,306,,300,,,167,327,,310,256
2015-03-29 03:00:00,321,321,27,309,,306,,,281,,,296,259
2015-03-29 04:00:00,294,322,326,303,,297,,,272,303,,281,262
2015-03-29 05:00:00,253,322,337,271,,252,,,282,297,,292,174
2015-03-29 06:00:00,245,298,331,324,,273,,,286,295,,284,237
2015-03-29 07:00:00,254,3,319,325,,125,,,272,320,,297,263
2015-03-29 08:00:00,40,74,341,281,,106,,,239,150,,57,282
2015-03-29 09:00:00,342,83,298,269,,82,,,214,156,,351,250
2015-03-29 10:00:00,356,50,137,174,,118,,,163,137,,335,276
2015-03-29 11:00:00,45,99,172,159,,156,,,70,108,,96,77
2015-03-29 12:00:00,82,121,163,173,,85,,,66,119,,109,99
2015-03-29 13:00:00,60,114,152,147,,,,,78,111,,111,92
2015-03-29 14:00:00,53,105,136,135,,111,,,84,125,,98,83
2015-03-29 15:00:00,61,107,142,108,,109,,,82,110,,110,70
2015-03-29 16:00:00,93,108,148,102,,102,,,90,101,,80,64
2015-03-29 17:00:00,116,107,146,97,,105,,,89,107,,85,86
2015-03-29 18:00:00,105,107,147,102,,100,,,88,109,,99,87
2015-03-29 19:00:00,100,112,147,99,,110,,,91,125,,131,72
2015-03-29 20:00:00,93,107,148,101,,123,,,107,154,,149,60
2015-03-29 21:00:00,132,95,133,128,,118,,,175,83,,147,86
2015-03-29 22:00:00,54,97,119,162,,98,,,65,104,,337,225
2015-03-29 23:00:00,47,87,136,167,,116,,,61,96,,126,121
2015-03-30 00:00:00,340,19,124,188,,28,,,162,10,,298,174
2015-03-30 01:00:00,297,26,65,315,,301,,,247,9,,320,228
2015-03-30 02:00:00,6,50,111,291,,284,,,61,9,,315,126
2015-03-30 03:00:00,326,4,101,312,,298,,,226,341,,299,205
2015-03-30 04:00:00,267,322,11,324,,302,,,284,352,,293,218
2015-03-30 05:00:00,281,323,1,323,,285,,,288,343,,311,223
2015-03-30 06:00:00,289,347,353,317,,261,,,240,268,,286,230
2015-03-30 07:00:00,23,354,339,304,,334,,,99,268,,294,170
2015-03-30 08:00:00,28,320,336,293,,50,,,185,330,,295,96
2015-03-30 09:00:00,20,340,4,261,,37,,,143,337,,78,84
2015-03-30 10:00:00,65,15,70,234,,69,,,66,33,,97,96
2015-03-30 11:00:00,58,67,101,222,,96,,,69,42,,103,93
2015-03-30 12:00:00,63,106,149,154,,94,,,71,93,,86,92
2015-03-30 13:00:00,53,92,121,111,,90,,,67,101,,92,87
2015-03-30 14:00:00,44,98,129,94,,82,,,78,108,,95,71
2015-03-30 15:00:00,73,111,137,99,,96,,,83,105,,78,66
2015-03-30 16:00:00,87,107,127,100,,100,,,96,89,,83,85
2015-03-30 17:00:00,74,96,122,99,,94,,,84,82,,79,79
2015-03-30 18:00:00,72,91,117,100,,96,,,108,80,,81,91
2015-03-30 19:00:00,85,102,115,100,,102,,,104,116,,97,102
2015-03-30 20:00:00,96,111,141,97,,109,,,93,130,,106,99
2015-03-30 21:00:00,74,112,149,104,,114,,,75,130,,103,86
2015-03-30 22:00:00,67,104,144,109,,104,,,74,105,,106,84
2015-03-30 23:00:00,54,104,123,125,,97,,,81,88,,116,88
2015-03-31 00:00:00,47,88,114,123,,91,,,76,80,,123,103
2015-03-31 01:00:00,52,96,124,103,,92,,,79,92,,114,96
2015-03-31 02:00:00,58,94,141,104,,81,,,80,78,,138,99
2015-03-31 03:00:00,58,82,148,97,,76,,,82,96,,128,106
2015-03-31 04:00:00,56,85,154,93,,71,,,52,99,,129,109
2015-03-31 05:00:00,58,51,126,132,,47,,,62,79,,202,137
2015-03-31 06:00:00,24,40,78,250,,40,,,48,52,,284,142
2015-03-31 07:00:00,84,73,102,269,,62,,,59,77,,320,100
2015-03-31 08:00:00,72,70,119,153,,62,,,56,68,,322,91
2015-03-31 09:00:00,62,86,144,156,,67,,,57,100,,137,86
2015-03-31 10:00:00,68,65,144,131,,84,,,69,91,,112,87
2015-03-31 11:00:00,63,72,105,106,,183,,,92,110,,87,72
2015-03-31 12:00:00,64,38,131,77,,57,,,93,95,,78,67
2015-03-31 13:00:00,32,12,110,71,,81,,,100,101,,91,82
2015-03-31 14:00:00,59,67,139,85,,79,,,112,101,,95,86
2015-03-31 15:00:00,55,107,142,86,,89,,,91,114,,97,84
2015-03-31 16:00:00,61,103,121,99,,89,,,86,125,,89,76
2015-03-31 17:00:00,84,109,140,93,,81,,,87,94,,89,78
2015-03-31 18:00:00,108,101,144,91,,88,,,92,85,,96,83
2015-03-31 19:00:00,91,102,132,83,,81,,,83,86,,104,112
2015-03-31 20:00:00,91,112,138,102,,136,,,80,170,,119,129
2015-03-31 21:00:00,91,121,169,106,,275,,,87,185,,132,135
2015-03-31 22:00:00,92,128,174,114,,159,,,93,171,,139,141
2015-03-31 23:00:00,123,126,159,132,,123,,,137,126,,133,151
2015-04-01 00:00:00,108,102,149,122,,100,,,185,95,,240,223
2015-04-01 01:00:00,121,112,148,115,,102,,,103,110,,137,141
2015-04-01 02:00:00,96,81,127,124,,58,,,195,100,,108,189
2015-04-01 03:00:00,21,42,95,180,,51,,,111,97,,283,186
2015-04-01 04:00:00,18,21,81,212,,68,,,144,40,,269,233
2015-04-01 05:00:00,12,36,99,288,,44,,,127,26,,212,181
2015-04-01 06:00:00,332,15,64,298,,344,,,182,10,,282,220
2015-04-01 07:00:00,296,342,18,309,,322,,,297,6,,271,265
2015-04-01 08:00:00,4,352,351,310,,345,,,286,1,,87,40
2015-04-01 09:00:00,38,347,0,304,,36,,,206,7,,338,97
2015-04-01 10:00:00,,349,26,225,,355,,,155,54,,6,100
2015-04-01 11:00:00,53,30,101,214,,11,,,78,81,,102,112
2015-04-01 12:00:00,68,103,149,82,,92,,,100,101,,111,112
2015-04-01 13:00:00,61,108,148,118,,109,,,92,128,,95,74
2015-04-01 14:00:00,66,116,150,111,,112,,,87,141,,98,83
2015-04-01 15:00:00,102,126,160,116,,108,,,86,127,,93,73
2015-04-01 16:00:00,101,115,168,110,,97,,,87,137,,101,83
2015-04-01 17:00:00,119,121,165,103,,104,,,96,150,,106,94
2015-04-01 18:00:00,110,116,166,95,,109,,,86,140,,115,84
2015-04-01 19:00:00,100,103,155,87,,106,,,162,156,,125,72
2015-04-01 20:00:00,104,97,145,88,,128,,,197,219,,136,76
2015-04-01 21:00:00,96,94,96,117,,78,,,248,221,,151,140
2015-04-01 22:00:00,100,50,153,184,,310,,,215,141,,162,170
2015-04-01 23:00:00,55,73,128,224,,66,,,154,108,,307,175
2015-04-02 00:00:00,9,94,153,185,,105,,,170,114,,343,182
2015-04-02 01:00:00,325,97,148,306,,110,,,172,13,,311,190
2015-04-02 02:00:00,226,30,67,311,,317,,,151,22,,314,257
2015-04-02 03:00:00,229,16,85,319,,314,,,183,1,,321,256
2015-04-02 04:00:00,305,349,61,317,,323,,,251,351,,299,269
2015-04-02 05:00:00,215,312,13,291,,350,,,287,332,,318,258
2015-04-02 06:00:00,346,324,348,299,,309,,,251,340,,297,254
2015-04-02 07:00:00,263,282,319,262,,301,,,265,332,,307,236
2015-04-02 08:00:00,4,304,350,305,,90,,,265,349,,325,252
2015-04-02 09:00:00,31,333,353,309,,67,,,241,345,,334,90
2015-04-02 10:00:00,33,315,332,265,,30,,,121,355,,46,108
2015-04-02 11:00:00,40,56,353,185,,85,,,82,79,,109,97
2015-04-02 12:00:00,70,95,136,145,,112,,,70,94,,101,85
2015-04-02 13:00:00,60,99,135,117,,99,,,65,94,,108,85
2015-04-02 14:00:00,52,97,140,99,,98,,,79,100,,100,79
2015-04-02 15:00:00,66,102,150,89,,97,,,81,104,,83,53
2015-04-02 16:00:00,76,105,139,99,,101,,,84,106,,75,67
2015-04-02 17:00:00,,108,145,101,,108,,,95,108,,85,86
2015-04-02 18:00:00,98,108,144,105,,101,,,100,108,,95,85
2015-04-02 19:00:00,106,107,131,108,,104,,,108,108,,93,75
2015-04-02 20:00:00,106,110,145,109,,103,,,117,115,,98,74
2015-04-02 21:00:00,89,108,147,104,,112,,,86,115,,118,95
2015-04-02 22:00:00,47,104,149,100,,124,,,86,136,,136,156
2015-04-02 23:00:00,8,107,145,158,,103,,,74,107,,128,155
2015-04-03 00:00:00,4,104,143,243,,112,,,62,103,,117,139
2015-04-03 01:00:00,357,104,137,171,,117,,,72,64,,106,126
2015-04-03 02:00:00,1,94,108,258,,93,,,66,74,,358,160
2015-04-03 03:00:00,63,72,155,166,,92,,,123,73,,69,158
2015-04-03 04:00:00,208,25,163,179,,54,,,140,44,,10,192
2015-04-03 05:00:00,36,14,111,284,,49,,,144,12,,344,226
2015-04-03 06:00:00,48,51,144,313,,49,,,90,41,,332,274
2015-04-03 07:00:00,220,40,172,320,,22,,,84,21,,303,271
2015-04-03 08:00:00,219,26,67,306,,339,,,49,14,,319,269
2015-04-03 09:00:00,357,10,222,298,,277,,,52,53,,81,105
2015-04-03 10:00:00,342,312,308,205,,351,,,129,89,,65,83
2015-04-03 11:00:00,10,7,24,239,,64,,,147,59,,62,91
2015-04-03 12:00:00,44,51,97,201,,79,,,94,65,,83,94
2015-04-03 13:00:00,34,55,110,175,,94,,,71,85,,97,92
2015-04-03 14:00:00,53,60,115,107,,83,,,72,86,,96,91
2015-04-03 15:00:00,34,56,132,72,,89,,,67,75,,100,84
2015-04-03 16:00:00,45,43,106,103,,76,,,69,71,,105,91
2015-04-03 17:00:00,64,77,127,106,,88,,,53,89,,104,96
2015-04-03 18:00:00,70,108,149,105,,89,,,86,90,,106,93
2015-04-03 19:00:00,67,103,143,106,,93,,,83,87,,106,89
2015-04-03 20:00:00,81,103,138,110,,92,,,102,134,,81,72
2015-04-03 21:00:00,83,110,87,103,,96,,,107,155,,95,80
2015-04-03 22:00:00,79,76,13,105,,38,,,82,100,,94,81
2015-04-03 23:00:00,70,101,127,101,,52,,,82,108,,106,96
2015-04-04 00:00:00,69,107,148,122,,114,,,89,119,,105,88
2015-04-04 01:00:00,328,109,154,163,,127,,,82,107,,131,83
2015-04-04 02:00:00,84,109,155,122,,115,,,77,101,,114,94
2015-04-04 03:00:00,67,110,158,121,,115,,,88,104,,109,92
2015-04-04 04:00:00,62,122,166,119,,128,,,83,132,,95,86
2015-04-04 05:00:00,62,120,164,134,,135,,,81,134,,88,79
2015-04-04 06:00:00,73,112,153,126,,102,,,89,161,,108,89
2015-04-04 07:00:00,9,360,11,41,,25,,,174,52,,118,109
2015-04-04 08:00:00,61,336,2,121,,74,,,208,300,,115,134
2015-04-04 09:00:00,78,333,1,195,,127,,,236,306,,92,117
2015-04-04 10:00:00,85,348,7,168,,44,,,151,319,,100,116
2015-04-04 11:00:00,60,343,12,60,,43,,,145,317,,109,118
2015-04-04 12:00:00,42,357,9,73,,47,,,188,319,,111,108
2015-04-04 13:00:00,23,4,5,133,,55,,,69,320,,111,105
2015-04-04 14:00:00,23,1,10,115,,42,,,72,312,,110,101
2015-04-04 15:00:00,21,359,14,97,,41,,,167,345,,125,114
2015-04-04 16:00:00,8,357,13,91,,38,,,50,19,,133,114
2015-04-04 17:00:00,2,352,14,269,,34,,,52,106,,135,114
2015-04-04 18:00:00,7,347,7,267,,47,,,148,119,,129,123
2015-04-04 19:00:00,18,4,1,183,,67,,,69,140,,125,120
2015-04-04 20:00:00,9,6,19,117,,55,,,83,140,,123,92
2015-04-04 21:00:00,23,77,177,122,,30,,,70,141,,107,88
2015-04-04 22:00:00,57,101,170,124,,13,,,70,134,,109,78
2015-04-04 23:00:00,51,104,166,127,,31,,,82,133,,109,84
2015-04-05 00:00:00,41,107,171,137,,355,,,72,140,,136,90
2015-04-05 01:00:00,50,116,170,157,,13,,,65,138,,141,96
2015-04-05 02:00:00,,106,,309,,328,,,75,,,168,121
2015-04-05 03:00:00,52,329,197,295,,8,,,46,193,,135,133
2015-04-05 04:00:00,354,336,345,300,,335,,,202,226,,112,137
2015-04-05 05:00:00,196,337,352,302,,353,,,292,266,,278,261
2015-04-05 06:00:00,326,21,360,152,,116,,,280,331,,261,287
2015-04-05 07:00:00,119,156,337,95,,108,,,142,310,,313,132
2015-04-05 08:00:00,125,108,9,127,,118,,,86,141,,301,102
2015-04-05 09:00:00,26,123,146,127,,95,,,84,162,,221,97
2015-04-05 10:00:00,54,113,158,133,,104,,,75,144,,102,99
2015-04-05 11:00:00,63,112,157,140,,122,,,82,134,,105,89
2015-04-05 12:00:00,49,114,149,133,,112,,,97,120,,81,85
2015-04-05 13:00:00,38,109,149,146,,109,,,79,121,,83,92
2015-04-05 14:00:00,41,103,155,137,,101,,,73,110,,105,86
2015-04-05 15:00:00,52,102,155,111,,98,,,80,119,,103,92
2015-04-05 16:00:00,45,100,123,94,,94,,,79,120,,115,79
2015-04-05 17:00:00,44,102,119,100,,89,,,86,106,,109,78
2015-04-05 18:00:00,53,91,117,94,,85,,,87,115,,97,79
2015-04-05 19:00:00,97,87,114,86,,68,,,96,104,,119,96
2015-04-05 20:00:00,88,90,112,97,,77,,,191,104,,143,96
2015-04-05 21:00:00,85,98,120,98,,106,,,104,123,,155,92
2015-04-05 22:00:00,37,99,156,100,,105,,,76,110,,149,101
2015-04-05 23:00:00,37,103,147,146,,99,,,65,108,,159,128
2015-04-06 00:00:00,56,87,150,231,,82,,,65,111,,143,119
2015-04-06 01:00:00,35,72,147,186,,97,,,76,92,,98,123
2015-04-06 02:00:00,14,93,134,155,,104,,,75,101,,98,111
2015-04-06 03:00:00,49,101,139,157,,96,,,79,86,,109,102
2015-04-06 04:00:00,58,103,141,148,,98,,,77,103,,122,112
2015-04-06 05:00:00,75,101,146,153,,91,,,72,105,,108,104
2015-04-06 06:00:00,62,40,127,165,,54,,,54,102,,124,119
2015-04-06 07:00:00,27,29,104,231,,42,,,49,70,,121,108
2015-04-06 08:00:00,57,70,99,221,,39,,,56,58,,110,103
2015-04-06 09:00:00,8,109,100,258,,87,,,58,76,,110,100
2015-04-06 10:00:00,17,76,122,211,,77,,,63,88,,95,131
2015-04-06 11:00:00,22,109,150,117,,109,,,71,102,,103,122
2015-04-06 12:00:00,77,105,152,125,,107,,,81,95,,105,112
2015-04-06 13:00:00,80,106,157,112,,96,,,107,120,,111,103
2015-04-06 14:00:00,82,92,145,107,,98,,,94,83,,114,100
2015-04-06 15:00:00,75,111,151,108,,106,,,91,105,,116,95
2015-04-06 16:00:00,63,120,137,115,,92,,,80,137,,104,
2015-04-06 17:00:00,62,117,155,109,,110,,,101,148,,109,
2015-04-06 18:00:00,111,106,162,104,,115,,,189,131,,116,103
2015-04-06 19:00:00,112,97,161,102,,195,,,139,113,,149,124
2015-04-06 20:00:00,84,48,142,125,,276,,,176,125,,191,140
2015-04-06 21:00:00,44,356,86,157,,237,,,119,190,,179,157
2015-04-06 22:00:00,26,44,120,203,,133,,,138,213,,124,163
2015-04-06 23:00:00,317,88,148,109,,33,,,203,154,,277,165
2015-04-07 00:00:00,319,107,145,140,,68,,,151,122,,350,230
2015-04-07 01:00:00,51,99,148,231,,71,,,183,111,,107,207
2015-04-07 02:00:00,227,26,115,246,,92,,,101,105,,254,160
2015-04-07 03:00:00,5,88,89,130,,79,,,88,65,,112,19
2015-04-07 04:00:00,44,71,148,194,,61,,,151,71,,182,207
2015-04-07 05:00:00,343,67,136,258,,84,,,72,79,,135,164
2015-04-07 06:00:00,42,103,143,161,,90,,,77,104,,106,191
2015-04-07 07:00:00,65,68,123,173,,83,,,63,99,,331,231
2015-04-07 08:00:00,56,71,109,218,,63,,,49,71,,345,287
2015-04-07 09:00:00,53,38,93,290,,44,,,76,44,,315,119
2015-04-07 10:00:00,17,31,82,277,,79,,,64,47,,94,98
2015-04-07 11:00:00,21,52,67,263,,80,,,62,93,,79,88
2015-04-07 12:00:00,49,64,86,106,,104,,,100,74,,92,95
2015-04-07 13:00:00,58,77,116,93,,95,,,108,188,,100,106
2015-04-07 14:00:00,57,119,149,107,,117,,,90,169,,105,103
2015-04-07 15:00:00,50,114,173,99,,130,,,92,150,,117,96
2015-04-07 16:00:00,45,117,162,98,,107,,,95,154,,107,94
2015-04-07 17:00:00,90,121,169,100,,110,,,87,142,,111,98
2015-04-07 18:00:00,119,115,164,89,,115,,,130,135,,111,98
2015-04-07 19:00:00,105,106,159,91,,141,,,107,131,,137,100
2015-04-07 20:00:00,80,102,159,142,,194,,,178,143,,140,143
2015-04-07 21:00:00,28,86,153,198,,301,,,204,204,,142,167
2015-04-07 22:00:00,27,95,145,126,,121,,,127,150,,162,163
2015-04-07 23:00:00,37,101,139,112,,95,,,89,116,,146,129
2015-04-08 00:00:00,40,92,147,214,,70,,,70,110,,171,151
2015-04-08 01:00:00,337,69,141,296,,84,,,61,103,,19,141
2015-04-08 02:00:00,7,22,147,297,,64,,,108,113,,94,150
2015-04-08 03:00:00,346,27,150,237,,69,,,183,79,,70,184
2015-04-08 04:00:00,0,27,137,284,,36,,,89,35,,334,218
2015-04-08 05:00:00,4,27,118,292,,18,,,95,9,,302,216
2015-04-08 06:00:00,1,33,99,319,,323,,,209,23,,281,247
2015-04-08 07:00:00,338,64,159,269,,40,,,193,22,,16,213
2015-04-08 08:00:00,323,58,142,196,,45,,,56,70,,289,109
2015-04-08 09:00:00,359,70,145,191,,79,,,56,74,,264,89
2015-04-08 10:00:00,344,34,152,246,,43,,,93,71,,110,
2015-04-08 11:00:00,48,105,142,295,,68,,,71,116,,64,97
2015-04-08 12:00:00,60,79,153,275,,218,,,84,170,,94,94
2015-04-08 13:00:00,71,102,167,154,,94,,,99,203,,100,106
2015-04-08 14:00:00,73,121,,115,,112,,,87,219,,112,95
2015-04-08 15:00:00,52,123,181,113,,172,,,167,150,,100,92
2015-04-08 16:00:00,67,122,168,105,,117,,,229,150,,113,92
2015-04-08 17:00:00,102,122,171,118,,120,,,197,160,,101,93
2015-04-08 18:00:00,107,119,139,120,,102,,,193,158,,109,89
2015-04-08 19:00:00,88,92,146,116,,83,,,152,159,,137,86
2015-04-08 20:00:00,57,37,114,127,,276,,,111,143,,195,105
2015-04-08 21:00:00,322,8,85,211,,213,,,234,136,,155,239
2015-04-08 22:00:00,162,51,342,128,,157,,,89,331,,157,128
2015-04-08 23:00:00,53,98,84,193,,146,,,168,83,,176,146
2015-04-09 00:00:00,317,331,165,251,,286,,,235,172,,281,235
2015-04-09 01:00:00,297,152,355,149,,143,,,138,346,,182,260
2015-04-09 02:00:00,207,133,192,118,,83,,,119,116,,155,38
2015-04-09 03:00:00,152,119,165,164,,330,,,213,146,,165,228
2015-04-09 04:00:00,290,20,187,258,,343,,,112,145,,281,153
2015-04-09 05:00:00,299,313,66,280,,50,,,118,52,,300,188
2015-04-09 06:00:00,12,310,42,295,,295,,,287,328,,279,230
2015-04-09 07:00:00,268,289,330,291,,302,,,274,339,,293,274
2015-04-09 08:00:00,271,302,319,308,,148,,,259,323,,15,278
2015-04-09 09:00:00,221,323,346,277,,5,,,256,333,,83,272
2015-04-09 10:00:00,14,332,346,210,,352,,,273,334,,72,55
2015-04-09 11:00:00,27,40,346,137,,72,,,132,352,,79,77
2015-04-09 12:00:00,53,91,14,145,,149,,,80,21,,100,97
2015-04-09 13:00:00,97,106,119,139,,110,,,82,97,,108,104
2015-04-09 14:00:00,67,101,149,120,,95,,,96,87,,106,96
2015-04-09 15:00:00,82,116,150,115,,104,,,89,134,,98,82
2015-04-09 16:00:00,64,109,148,99,,98,,,87,130,,106,77
2015-04-09 17:00:00,91,110,143,91,,86,,,90,137,,105,75
2015-04-09 18:00:00,77,104,137,105,,92,,,90,111,,110,77
2015-04-09 19:00:00,77,101,146,104,,95,,,83,98,,114,81
2015-04-09 20:00:00,92,118,140,110,,122,,,137,145,,160,119
2015-04-09 21:00:00,84,90,152,94,,289,,,226,160,,131,158
2015-04-09 22:00:00,110,45,110,289,,295,,,185,121,,132,180
2015-04-09 23:00:00,96,64,103,264,,46,,,118,85,,43,148
2015-04-10 00:00:00,43,43,118,273,,309,,,84,80,,10,134
2015-04-10 01:00:00,7,358,91,300,,277,,,193,2,,312,233
2015-04-10 02:00:00,10,332,8,188,,158,,,235,349,,345,130
2015-04-10 03:00:00,347,345,355,188,,50,,,134,332,,104,114
2015-04-10 04:00:00,65,333,6,231,,254,,,146,321,,290,182
2015-04-10 05:00:00,352,327,8,302,,276,,,255,313,,307,280
2015-04-10 06:00:00,242,301,339,281,,319,,,237,323,,265,169
2015-04-10 07:00:00,10,246,294,295,,241,,,244,312,,276,299
2015-04-10 08:00:00,233,1,333,234,,215,,,240,320,,279,109
2015-04-10 09:00:00,216,23,339,257,,182,,,256,316,,275,166
2015-04-10 10:00:00,278,179,327,170,,115,,,221,295,,94,70
2015-04-10 11:00:00,34,92,288,100,,84,,,83,168,,95,80
2015-04-10 12:00:00,75,91,123,96,,91,,,80,87,,90,90
2015-04-10 13:00:00,70,111,128,103,,95,,,84,92,,95,111
2015-04-10 14:00:00,78,118,147,107,,109,,,107,97,,96,108
2015-04-10 15:00:00,111,123,144,117,,111,,,110,98,,95,99
2015-04-10 16:00:00,131,127,147,119,,121,,,104,122,,92,104
2015-04-10 17:00:00,139,126,140,102,,108,,,95,154,,100,109
2015-04-10 18:00:00,127,127,154,109,,113,,,99,167,,115,98
2015-04-10 19:00:00,119,114,164,108,,104,,,107,179,,122,101
2015-04-10 20:00:00,119,122,172,109,,109,,,151,134,,136,94
2015-04-10 21:00:00,91,132,173,140,,130,,,232,185,,110,86
2015-04-10 22:00:00,80,124,177,123,,109,,,65,189,,131,125
2015-04-10 23:00:00,99,118,163,116,,130,,,170,135,,172,120
2015-04-11 00:00:00,143,96,139,108,,109,,,147,15,,329,222
2015-04-11 01:00:00,96,85,137,155,,84,,,176,58,,335,156
2015-04-11 02:00:00,87,73,107,142,,71,,,83,87,,121,217
2015-04-11 03:00:00,87,79,104,131,,75,,,52,67,,182,129
2015-04-11 04:00:00,117,110,127,155,,87,,,67,67,,94,141
2015-04-11 05:00:00,60,33,163,225,,54,,,192,114,,339,215
2015-04-11 06:00:00,28,48,134,186,,58,,,61,45,,52,139
2015-04-11 07:00:00,67,80,91,142,,94,,,53,26,,117,129
2015-04-11 08:00:00,70,93,107,135,,76,,,67,62,,93,114
2015-04-11 09:00:00,78,92,149,128,,95,,,82,,,113,97
2015-04-11 10:00:00,75,90,121,111,,107,,,62,82,,110,106
2015-04-11 11:00:00,45,75,161,102,,93,,,76,97,,103,78
2015-04-11 12:00:00,47,104,153,113,,96,,,68,104,,99,80
2015-04-11 13:00:00,35,98,146,87,,99,,,85,98,,104,86
2015-04-11 14:00:00,63,105,141,83,,93,,,100,87,,104,85
2015-04-11 15:00:00,69,114,149,93,,87,,,106,101,,98,86
2015-04-11 16:00:00,87,106,137,104,,87,,,105,118,,98,91
2015-04-11 17:00:00,117,125,142,112,,103,,,130,120,,106,103
2015-04-11 18:00:00,139,72,147,115,,86,,,113,87,,127,108
2015-04-11 19:00:00,58,0,89,237,,313,,,87,101,,293,245
2015-04-11 20:00:00,333,337,,256,,90,,,175,341,,262,205
2015-04-11 21:00:00,49,316,,174,,312,,,143,323,,318,140
2015-04-11 22:00:00,42,308,,251,,294,,,182,290,,328,276
2015-04-11 23:00:00,337,50,,171,,104,,,77,51,,109,93
2015-04-12 00:00:00,56,82,213,126,,94,,,96,173,,126,100
2015-04-12 01:00:00,40,356,165,248,,287,,,156,181,,121,114
2015-04-12 02:00:00,353,99,53,256,,215,,,76,90,,93,132
2015-04-12 03:00:00,41,114,144,127,,121,,,103,106,,98,115
2015-04-12 04:00:00,69,107,155,123,,102,,,252,145,,106,142
2015-04-12 05:00:00,122,75,158,232,,20,,,201,250,,303,106
2015-04-12 06:00:00,327,221,116,146,,242,,,242,171,,100,202
2015-04-12 07:00:00,174,106,314,139,,299,,,151,291,,143,270
2015-04-12 08:00:00,151,21,149,284,,309,,,169,147,,202,119
2015-04-12 09:00:00,318,42,52,239,,47,,,148,148,,295,112
2015-04-12 10:00:00,355,6,85,251,,44,,,87,116,,101,107
2015-04-12 11:00:00,353,34,68,229,,87,,,84,77,,68,103
2015-04-12 12:00:00,47,344,57,279,,346,,,224,66,,333,95
2015-04-12 13:00:00,16,3,347,244,,38,,,183,351,,85,93
2015-04-12 14:00:00,32,47,23,181,,74,,,85,13,,91,86
2015-04-12 15:00:00,41,109,113,126,,106,,,81,359,,107,91
2015-04-12 16:00:00,86,110,160,104,,106,,,84,95,,100,88
2015-04-12 17:00:00,59,104,149,95,,101,,,96,124,,100,81
2015-04-12 18:00:00,110,110,149,102,,105,,,88,119,,108,77
2015-04-12 19:00:00,94,,147,252,,,,,221,122,,307,
2015-04-12 20:00:00,256,319,303,284,,,,,247,,,316,250
2015-04-12 21:00:00,,308,,167,,,,,180,,,288,293
2015-04-12 22:00:00,157,110,,145,,,,,118,169,,86,108
2015-04-12 23:00:00,110,315,,175,,,,,193,286,,131,181
2015-04-13 00:00:00,243,293,347,318,,304,,,158,140,,275,254
2015-04-13 01:00:00,266,57,304,235,,212,,,139,128,,322,286
2015-04-13 02:00:00,301,113,331,277,,169,,,192,115,,308,248
2015-04-13 03:00:00,196,133,163,246,,294,,,152,155,,271,239
2015-04-13 04:00:00,201,118,171,211,,93,,,113,133,,273,187
2015-04-13 05:00:00,210,85,170,274,,104,,,188,149,,297,206
2015-04-13 06:00:00,288,97,161,311,,351,,,65,102,,291,251
2015-04-13 07:00:00,330,120,167,236,,99,,,76,106,,341,138
2015-04-13 08:00:00,19,128,171,199,,108,,,219,165,,77,68
2015-04-13 09:00:00,38,108,186,237,,78,,,250,141,,120,92
2015-04-13 10:00:00,50,93,171,255,,113,,,133,91,,68,91
2015-04-13 11:00:00,64,67,169,156,,84,,,100,77,,78,94
2015-04-13 12:00:00,49,110,187,138,,84,,,69,102,,105,81
2015-04-13 13:00:00,67,107,149,101,,107,,,82,99,,98,74
2015-04-13 14:00:00,62,109,145,115,,100,,,77,91,,97,86
2015-04-13 15:00:00,63,109,150,125,,106,,,88,111,,100,88
2015-04-13 16:00:00,52,111,149,111,,96,,,95,123,,101,83
2015-04-13 17:00:00,57,109,151,95,,98,,,90,139,,96,77
2015-04-13 18:00:00,119,112,149,100,,101,,,76,131,,103,91
2015-04-13 19:00:00,119,106,156,83,,79,,,94,111,,120,91
2015-04-13 20:00:00,104,70,135,95,,92,,,68,79,,132,141
2015-04-13 21:00:00,81,72,99,93,,111,,,74,112,,124,115
2015-04-13 22:00:00,65,107,113,106,,73,,,74,149,,136,119
2015-04-13 23:00:00,50,104,154,105,,99,,,74,147,,141,115
2015-04-14 00:00:00,65,113,156,155,,112,,,123,211,,166,142
2015-04-14 01:00:00,55,15,187,298,,330,,,205,83,,327,195
2015-04-14 02:00:00,335,15,40,125,,95,,,102,29,,109,123
2015-04-14 03:00:00,15,36,56,197,,84,,,69,42,,124,122
2015-04-14 04:00:00,50,61,77,150,,107,,,55,247,,140,116
2015-04-14 05:00:00,61,83,118,202,,60,,,117,316,,125,129
2015-04-14 06:00:00,177,32,154,145,,50,,,136,326,,147,259
2015-04-14 07:00:00,3,348,306,95,,8,,,119,342,,306,292
2015-04-14 08:00:00,1,1,4,169,,35,,,146,322,,103,107
2015-04-14 09:00:00,27,351,359,125,,94,,,113,308,,116,117
2015-04-14 10:00:00,42,356,3,190,,80,,,100,317,,104,117
2015-04-14 11:00:00,82,355,17,194,,32,,,231,331,,99,125
2015-04-14 12:00:00,41,11,17,123,,33,,,98,337,,109,129
2015-04-14 13:00:00,23,18,23,139,,51,,,65,333,,119,113
2015-04-14 14:00:00,53,24,28,129,,63,,,62,70,,108,99
2015-04-14 15:00:00,45,85,38,86,,63,,,71,114,,106,100
2015-04-14 16:00:00,50,120,136,109,,93,,,103,131,,104,89
2015-04-14 17:00:00,67,120,164,125,,100,,,68,152,,107,88
2015-04-14 18:00:00,67,118,165,103,,101,,,76,160,,105,82
2015-04-14 19:00:00,94,118,166,117,,115,,,87,172,,109,84
2015-04-14 20:00:00,79,107,180,106,,144,,,133,125,,120,90
2015-04-14 21:00:00,87,100,175,219,,89,,,191,159,,112,96
2015-04-14 22:00:00,77,47,148,264,,53,,,61,9,,112,105
2015-04-14 23:00:00,88,7,44,299,,357,,,115,205,,119,114
2015-04-15 00:00:00,116,78,7,111,,111,,,71,104,,112,104
2015-04-15 01:00:00,93,100,110,123,,92,,,82,109,,117,91
2015-04-15 02:00:00,91,62,137,109,,84,,,169,84,,114,86
2015-04-15 03:00:00,76,21,136,143,,353,,,108,20,,112,103
2015-04-15 04:00:00,104,354,72,315,,335,,,58,27,,157,118
2015-04-15 05:00:00,59,19,18,304,,19,,,58,13,,115,132
2015-04-15 06:00:00,23,27,13,302,,48,,,71,12,,82,139
2015-04-15 07:00:00,23,67,38,305,,39,,,53,44,,275,166
2015-04-15 08:00:00,49,107,113,177,,87,,,86,99,,101,104
2015-04-15 09:00:00,71,110,169,141,,88,,,89,127,,100,85
2015-04-15 10:00:00,64,106,159,128,,78,,,79,90,,112,78
2015-04-15 11:00:00,64,89,135,101,,99,,,84,91,,94,71
2015-04-15 12:00:00,58,78,121,74,,103,,,94,94,,106,87
2015-04-15 13:00:00,60,65,138,91,,89,,,86,84,,96,95
2015-04-15 14:00:00,63,84,133,78,,109,,,91,118,,88,73
2015-04-15 15:00:00,67,110,142,96,,106,,,83,102,,116,95
2015-04-15 16:00:00,69,108,149,102,,109,,,89,115,,111,103
2015-04-15 17:00:00,93,85,143,101,,104,,,77,119,,110,85
2015-04-15 18:00:00,61,91,142,102,,93,,,81,120,,104,83
2015-04-15 19:00:00,82,107,144,108,,86,,,85,107,,104,91
2015-04-15 20:00:00,67,110,138,117,,104,,,92,118,,122,90
2015-04-15 21:00:00,64,109,147,151,,123,,,109,189,,318,106
2015-04-15 22:00:00,16,58,169,140,,95,,,122,,,119,107
2015-04-15 23:00:00,79,123,80,127,,131,,,86,138,,97,101
2015-04-16 00:00:00,92,104,166,125,,129,,,83,147,,89,146
2015-04-16 01:00:00,53,90,165,118,,98,,,131,138,,104,140
2015-04-16 02:00:00,92,105,162,155,,107,,,144,177,,316,158
2015-04-16 03:00:00,63,114,165,196,,165,,,165,187,,293,147
2015-04-16 04:00:00,342,169,165,239,,146,,,161,193,,6,115
2015-04-16 05:00:00,152,249,169,303,,314,,,216,346,,315,238
2015-04-16 06:00:00,246,336,199,294,,273,,,226,315,,306,265
2015-04-16 07:00:00,316,308,3,302,,269,,,235,301,,277,269
2015-04-16 08:00:00,288,279,336,292,,,,,262,321,,304,259
2015-04-16 09:00:00,312,314,336,274,,344,,,278,335,,348,29
2015-04-16 10:00:00,337,7,360,247,,57,,,160,3,,101,87
2015-04-16 11:00:00,355,354,33,204,,102,,,136,228,,108,96
2015-04-16 12:00:00,357,56,107,126,,67,,,81,123,,103,87
2015-04-16 13:00:00,28,45,113,84,,77,,,64,76,,104,87
2015-04-16 14:00:00,36,79,87,118,,93,,,65,101,,96,83
2015-04-16 15:00:00,42,97,152,101,,92,,,83,104,,96,91
2015-04-16 16:00:00,60,118,155,98,,95,,,96,120,,100,85
2015-04-16 17:00:00,63,120,144,106,,107,,,92,119,,100,98
2015-04-16 18:00:00,120,114,154,107,,102,,,92,133,,109,103
2015-04-16 19:00:00,111,105,150,121,,90,,,90,122,,118,99
2015-04-16 20:00:00,78,18,148,185,,165,,,115,284,,223,120
2015-04-16 21:00:00,358,90,45,144,,146,,,148,154,,118,125
2015-04-16 22:00:00,335,137,114,134,,186,,,200,226,,102,122
2015-04-16 23:00:00,194,168,190,133,,303,,,223,208,,132,212
2015-04-17 00:00:00,208,168,193,304,,255,,,195,178,,236,130
2015-04-17 01:00:00,143,175,170,282,,252,,,225,167,,319,164
2015-04-17 02:00:00,220,18,52,241,,351,,,230,76,,285,220
2015-04-17 03:00:00,209,311,43,304,,273,,,170,340,,304,247
2015-04-17 04:00:00,216,313,17,318,,236,,,235,343,,284,263
2015-04-17 05:00:00,225,282,350,318,,283,,,248,322,,312,275
2015-04-17 06:00:00,223,82,331,318,,154,,,257,326,,295,258
2015-04-17 07:00:00,233,113,299,181,,69,,,267,204,,293,193
2015-04-17 08:00:00,213,336,300,258,,78,,,263,185,,318,280
2015-04-17 09:00:00,191,355,316,272,,40,,,223,38,,123,101
2015-04-17 10:00:00,10,41,342,186,,66,,,107,83,,62,113
2015-04-17 11:00:00,16,93,76,138,,82,,,91,100,,78,92
2015-04-17 12:00:00,97,86,139,119,,97,,,83,118,,86,86
2015-04-17 13:00:00,63,97,157,129,,77,,,87,120,,91,77
2015-04-17 14:00:00,57,93,146,139,,95,,,83,91,,69,89
2015-04-17 15:00:00,60,87,151,120,,99,,,98,115,,97,87
2015-04-17 16:00:00,57,111,143,124,,91,,,93,125,,105,98
2015-04-17 17:00:00,59,110,147,147,,104,,,85,129,,109,109
2015-04-17 18:00:00,40,119,153,143,,115,,,88,123,,322,123
2015-04-17 19:00:00,53,104,156,,,105,,,87,99,,314,232
2015-04-17 20:00:00,64,107,143,,,110,,,81,98,,296,266
2015-04-17 21:00:00,12,47,150,303,,177,,,85,49,,309,297
2015-04-17 22:00:00,25,83,70,224,,134,,,68,61,,128,249
2015-04-17 23:00:00,116,111,100,131,,128,,,75,133,,144,252
2015-04-18 00:00:00,53,101,145,178,,103,,,94,107,,260,150
2015-04-18 01:00:00,13,77,144,264,,26,,,76,114,,277,174
2015-04-18 02:00:00,328,53,133,267,,317,,,107,32,,296,159
2015-04-18 03:00:00,355,70,31,156,,20,,,144,1,,289,121
2015-04-18 04:00:00,161,85,306,159,,123,,,101,84,,301,76
2015-04-18 05:00:00,85,135,154,120,,220,,,101,156,,280,254
2015-04-18 06:00:00,118,13,166,260,,346,,,246,161,,267,247
2015-04-18 07:00:00,,208,88,231,,346,,,217,193,,228,236
2015-04-18 08:00:00,,338,165,,,355,,,273,35,,309,118
2015-04-18 09:00:00,325,326,71,217,,86,,,231,304,,143,119
2015-04-18 10:00:00,18,312,52,204,,41,,,258,318,,106,111
2015-04-18 11:00:00,28,16,332,188,,70,,,216,327,,303,108
2015-04-18 12:00:00,61,66,15,290,,36,,,146,10,,315,310
2015-04-18 13:00:00,77,51,70,309,,265,,,74,26,,321,316
2015-04-18 14:00:00,90,88,61,294,,277,,,104,105,,341,323
2015-04-18 15:00:00,91,109,87,262,,254,,,105,100,,349,156
2015-04-18 16:00:00,65,114,144,142,,100,,,92,105,,355,101
2015-04-18 17:00:00,102,94,145,102,,109,,,97,99,,100,97
2015-04-18 18:00:00,111,105,137,100,,111,,,89,107,,107,72
2015-04-18 19:00:00,108,103,132,99,,96,,,90,110,,120,74
2015-04-18 20:00:00,112,104,123,108,,108,,,90,113,,109,74
2015-04-18 21:00:00,121,112,146,102,,104,,,100,135,,129,77
2015-04-18 22:00:00,117,91,148,89,,107,,,103,107,,143,83
2015-04-18 23:00:00,92,95,150,107,,114,,,77,78,,122,102
2015-04-19 00:00:00,85,52,150,193,,98,,,52,62,,105,149
2015-04-19 01:00:00,9,36,115,309,,101,,,67,106,,31,137
2015-04-19 02:00:00,44,77,172,271,,308,,,164,199,,328,246
2015-04-19 03:00:00,242,320,221,297,,306,,,189,246,,297,246
2015-04-19 04:00:00,223,319,298,297,,301,,,290,340,,275,242
2015-04-19 05:00:00,240,318,332,286,,332,,,272,326,,301,237
2015-04-19 06:00:00,241,330,330,320,,278,,,272,307,,270,255
2015-04-19 07:00:00,263,306,309,281,,55,,,261,316,,66,270
2015-04-19 08:00:00,17,290,325,277,,49,,,248,313,,27,181
2015-04-19 09:00:00,28,299,332,199,,10,,,221,338,,70,164
2015-04-19 10:00:00,26,336,348,205,,28,,,169,348,,95,92
2015-04-19 11:00:00,25,346,360,149,,27,,,113,357,,100,105
2015-04-19 12:00:00,38,6,13,60,,41,,,92,32,,111,108
2015-04-19 13:00:00,62,35,29,68,,48,,,61,78,,100,95
2015-04-19 14:00:00,57,40,44,83,,53,,,74,107,,119,108
2015-04-19 15:00:00,69,99,70,91,,88,,,87,122,,126,92
2015-04-19 16:00:00,53,104,154,120,,132,,,80,32,,115,84
2015-04-19 17:00:00,65,113,148,103,,107,,,77,120,,107,65
2015-04-19 18:00:00,107,78,150,78,,84,,,66,105,,106,65
2015-04-19 19:00:00,63,61,118,114,,52,,,62,123,,119,86
2015-04-19 20:00:00,47,94,88,117,,46,,,70,170,,135,93
2015-04-19 21:00:00,48,12,17,96,,44,,,69,190,,139,82
2015-04-19 22:00:00,66,342,356,119,,146,,,76,241,,125,91
2015-04-19 23:00:00,42,314,337,108,,299,,,117,287,,124,115
2015-04-20 00:00:00,77,10,351,85,,264,,,168,338,,63,136
2015-04-20 01:00:00,100,13,4,104,,260,,,181,87,,97,140
2015-04-20 02:00:00,156,59,13,118,,341,,,87,151,,219,182
2015-04-20 03:00:00,119,332,26,209,,112,,,81,302,,141,130
2015-04-20 04:00:00,36,299,354,281,,277,,,192,282,,119,133
2015-04-20 05:00:00,90,310,301,262,,322,,,153,266,,116,132
2015-04-20 06:00:00,123,314,315,183,,150,,,228,239,,134,123
2015-04-20 07:00:00,86,8,306,89,,91,,,120,242,,131,111
2015-04-20 08:00:00,27,321,335,155,,62,,,257,222,,132,95
2015-04-20 09:00:00,9,341,337,157,,24,,,158,18,,123,90
2015-04-20 10:00:00,14,359,36,39,,20,,,69,50,,120,84
2015-04-20 11:00:00,8,318,9,86,,152,,,206,61,,139,116
2015-04-20 12:00:00,2,350,1,172,,93,,,101,93,,136,121
2015-04-20 13:00:00,,14,1,154,,86,,,126,298,,131,118
2015-04-20 14:00:00,,42,12,191,,,,,74,175,,119,114
2015-04-20 15:00:00,52,325,267,285,,124,,,83,172,,114,100
2015-04-20 16:00:00,5,21,239,168,,67,,,110,175,,108,84
2015-04-20 17:00:00,25,113,193,97,,46,,,106,169,,93,76
2015-04-20 18:00:00,66,123,176,109,,98,,,96,179,,100,77
2015-04-20 19:00:00,72,113,176,122,,133,,,103,204,,96,83
2015-04-20 20:00:00,69,110,177,122,,139,,,91,192,,105,84
2015-04-20 21:00:00,69,114,177,112,,138,,,106,183,,108,101
2015-04-20 22:00:00,84,94,176,112,,129,,,158,168,,122,109
2015-04-20 23:00:00,,103,169,109,,114,,,207,114,,125,100
2015-04-21 00:00:00,68,103,150,110,,95,,,224,111,,142,104
2015-04-21 01:00:00,0,125,158,116,,141,,,120,139,,125,98
2015-04-21 02:00:00,62,110,158,106,,106,,,102,152,,111,95
2015-04-21 03:00:00,111,113,157,99,,110,,,107,132,,99,81
2015-04-21 04:00:00,119,107,152,92,,106,,,131,98,,276,75
2015-04-21 05:00:00,100,106,149,91,,108,,,78,82,,280,81
2015-04-21 06:00:00,63,102,156,95,,105,,,71,94,,291,97
2015-04-21 07:00:00,53,105,154,125,,88,,,72,101,,98,111
2015-04-21 08:00:00,57,108,156,159,,111,,,71,77,,277,96
2015-04-21 09:00:00,51,76,143,197,,87,,,85,35,,287,111
2015-04-21 10:00:00,36,32,78,167,,95,,,71,37,,88,96
2015-04-21 11:00:00,6,13,63,181,,79,,,44,20,,119,116
2015-04-21 12:00:00,,71,2,164,,131,,,139,21,,95,122
2015-04-21 13:00:00,73,66,323,130,,110,,,179,48,,100,115
2015-04-21 14:00:00,88,118,165,102,,86,,,90,109,,121,122
2015-04-21 15:00:00,72,97,164,105,,83,,,83,145,,120,106
2015-04-21 16:00:00,69,92,157,91,,85,,,98,123,,112,97
2015-04-21 17:00:00,71,100,147,93,,94,,,78,128,,110,86
2015-04-21 18:00:00,51,88,146,98,,78,,,76,106,,105,85
2015-04-21 19:00:00,44,79,138,115,,76,,,69,101,,113,96
2015-04-21 20:00:00,40,67,134,110,,75,,,65,95,,131,108
2015-04-21 21:00:00,31,46,113,93,,73,,,67,90,,137,105
2015-04-21 22:00:00,31,83,112,117,,81,,,71,112,,128,106
2015-04-21 23:00:00,46,84,143,135,,76,,,87,116,,145,137
2015-04-22 00:00:00,5,95,142,141,,70,,,66,122,,141,136
2015-04-22 01:00:00,33,102,142,159,,66,,,60,115,,135,157
2015-04-22 02:00:00,25,82,149,267,,101,,,65,123,,142,152
2015-04-22 03:00:00,33,53,95,228,,56,,,54,166,,113,139
2015-04-22 04:00:00,61,7,86,248,,354,,,100,44,,51,113
2015-04-22 05:00:00,127,309,267,301,,327,,,246,307,,51,207
2015-04-22 06:00:00,257,328,306,305,,323,,,267,303,,287,138
2015-04-22 07:00:00,264,322,323,290,,289,,,290,329,,69,139
2015-04-22 08:00:00,20,335,351,304,,283,,,285,341,,329,265
2015-04-22 09:00:00,347,356,347,271,,24,,,224,342,,74,224
2015-04-22 10:00:00,22,2,9,213,,37,,,216,357,,99,84
2015-04-22 11:00:00,27,13,50,167,,59,,,122,358,,359,86
2015-04-22 12:00:00,74,57,44,122,,80,,,97,60,,96,88
2015-04-22 13:00:00,80,26,42,106,,84,,,83,80,,90,86
2015-04-22 14:00:00,78,42,64,118,,75,,,87,115,,92,93
2015-04-22 15:00:00,68,63,83,75,,65,,,69,92,,102,92
2015-04-22 16:00:00,63,95,106,76,,78,,,81,90,,103,88
2015-04-22 17:00:00,61,97,115,103,,90,,,70,89,,103,90
2015-04-22 18:00:00,74,102,138,122,,89,,,82,96,,106,99
2015-04-22 19:00:00,68,85,151,133,,112,,,80,88,,121,103
2015-04-22 20:00:00,54,79,118,146,,119,,,72,70,,153,110
2015-04-22 21:00:00,56,85,114,144,,122,,,78,176,,138,112
2015-04-22 22:00:00,64,101,118,145,,152,,,65,145,,135,125
2015-04-22 23:00:00,69,102,154,116,,122,,,80,169,,121,151
2015-04-23 00:00:00,61,94,159,107,,125,,,218,116,,127,132
2015-04-23 01:00:00,63,5,169,171,,311,,,191,75,,274,182
2015-04-23 02:00:00,327,5,55,264,,215,,,105,276,,301,193
2015-04-23 03:00:00,202,219,313,253,,198,,,195,110,,310,211
2015-04-23 04:00:00,201,123,257,299,,255,,,237,51,,337,261
2015-04-23 05:00:00,220,70,20,324,,199,,,245,38,,299,259
2015-04-23 06:00:00,213,316,350,329,,293,,,243,,,324,275
2015-04-23 07:00:00,213,309,349,321,,324,,,266,,,353,282
2015-04-23 08:00:00,213,344,325,184,,92,,,245,,,325,130
2015-04-23 09:00:00,16,7,4,188,,56,,,155,,,95,57
2015-04-23 10:00:00,11,107,16,157,,,,,77,,,99,94
2015-04-23 11:00:00,43,95,130,89,,,,,74,,,103,89
2015-04-23 12:00:00,68,99,125,94,,85,,,70,,,106,88
2015-04-23 13:00:00,58,92,149,92,,97,,,85,,,99,78
2015-04-23 14:00:00,51,92,147,86,,86,,,87,,,88,67
2015-04-23 15:00:00,51,93,147,80,,81,,,86,,,74,57
2015-04-23 16:00:00,59,104,138,87,,82,,,84,,,72,74
2015-04-23 17:00:00,62,104,134,96,,88,,,90,,,88,97
2015-04-23 18:00:00,68,101,138,103,,92,,,98,,,103,91
2015-04-23 19:00:00,78,83,108,90,,86,,,104,,,95,85
2015-04-23 20:00:00,78,113,115,99,,86,,,95,,,101,88
2015-04-23 21:00:00,106,48,143,85,,88,,,73,,,119,75
2015-04-23 22:00:00,26,37,74,220,,339,,,63,,,129,118
2015-04-23 23:00:00,41,115,54,188,,146,,,128,,,126,129
2015-04-24 00:00:00,112,111,163,138,,137,,,85,,,141,133
2015-04-24 01:00:00,49,64,152,175,,53,,,96,,,134,121
2015-04-24 02:00:00,15,70,101,283,,98,,,69,,,151,131
2015-04-24 03:00:00,343,99,124,151,,96,,,118,,,114,135
2015-04-24 04:00:00,10,121,131,133,,127,,,117,,,101,84
2015-04-24 05:00:00,68,120,162,174,,92,,,205,,,131,128
2015-04-24 06:00:00,121,78,156,238,,60,,,151,,,307,171
2015-04-24 07:00:00,195,28,144,300,,61,,,108,,,306,325
2015-04-24 08:00:00,309,317,140,206,,4,,,251,,,4,68
2015-04-24 09:00:00,348,335,333,250,,302,,,259,,,357,303
2015-04-24 10:00:00,345,70,15,169,,72,,,79,,,85,94
2015-04-24 11:00:00,53,18,57,147,,69,,,62,,,98,94
2015-04-24 12:00:00,65,47,52,175,,62,,,70,,,100,102
2015-04-24 13:00:00,54,108,114,136,,98,,,77,,,108,98
2015-04-24 14:00:00,72,110,154,115,,104,,,92,,,110,90
2015-04-24 15:00:00,54,116,152,116,,97,,,81,,,104,77
2015-04-24 16:00:00,68,109,153,94,,98,,,95,,,85,83
2015-04-24 17:00:00,116,96,144,271,,283,,,88,,,261,31
2015-04-24 18:00:00,107,57,143,166,,155,,,145,,,147,138
2015-04-24 19:00:00,30,88,,175,,126,,,151,,,149,191
2015-04-24 20:00:00,206,139,,290,,223,,,197,,,221,57
2015-04-24 21:00:00,187,146,172,134,,164,,,240,,,186,256
2015-04-24 22:00:00,182,110,166,171,,97,,,146,,,286,197
2015-04-24 23:00:00,323,62,161,231,,37,,,222,,,0,269
2015-04-25 00:00:00,231,0,65,290,,281,,,175,,,307,247
2015-04-25 01:00:00,219,360,20,303,,284,,,255,,,272,273
2015-04-25 02:00:00,221,333,339,322,,167,,,255,,,253,269
2015-04-25 03:00:00,221,54,18,255,,122,,,197,,,279,258
2015-04-25 04:00:00,146,296,337,241,,231,,,249,,,292,271
2015-04-25 05:00:00,225,273,316,299,,290,,,281,,,254,283
2015-04-25 06:00:00,223,265,307,315,,258,,,263,,,252,269
2015-04-25 07:00:00,204,112,297,310,,245,,,246,,,78,303
2015-04-25 08:00:00,192,302,281,295,,305,,,254,,,297,298
2015-04-25 09:00:00,192,289,321,276,,11,,,245,,,70,276
2015-04-25 10:00:00,206,333,327,291,,30,,,214,,,4,273
2015-04-25 11:00:00,,8,1,51,,34,,,139,,,329,248
2015-04-25 12:00:00,21,16,20,58,,56,,,87,,,89,93
2015-04-25 13:00:00,34,27,24,53,,55,,,64,,,94,79
2015-04-25 14:00:00,36,122,97,65,,47,,,96,,,93,78
2015-04-25 15:00:00,65,126,156,107,,114,,,94,,,90,81
2015-04-25 16:00:00,125,122,168,107,,117,,,95,,,93,84
2015-04-25 17:00:00,127,123,159,107,,110,,,92,,,94,83
2015-04-25 18:00:00,126,119,154,108,,122,,,99,,,96,84
2015-04-25 19:00:00,108,117,148,113,,112,,,102,,,98,86
2015-04-25 20:00:00,111,110,153,111,,115,,,92,,,100,79
2015-04-25 21:00:00,102,116,163,106,,107,,,91,,,104,69
2015-04-25 22:00:00,105,114,159,104,,111,,,120,,,113,84
2015-04-25 23:00:00,114,122,161,141,,122,,,125,,,119,114
2015-04-26 00:00:00,109,139,166,115,,267,,,256,,,263,202
2015-04-26 01:00:00,122,144,174,98,,182,,,237,,,273,249
2015-04-26 02:00:00,180,136,165,146,,231,,,249,,,293,259
2015-04-26 03:00:00,223,140,103,298,,265,,,225,,,349,261
2015-04-26 04:00:00,211,178,78,326,,283,,,229,,,309,279
2015-04-26 05:00:00,220,326,360,315,,283,,,244,,,301,256
2015-04-26 06:00:00,212,315,349,302,,239,,,252,,,305,249
2015-04-26 07:00:00,228,286,319,240,,282,,,265,,,313,299
2015-04-26 08:00:00,232,312,321,149,,347,,,268,,,13,59
2015-04-26 09:00:00,238,317,340,109,,335,,,238,,,113,353
2015-04-26 10:00:00,18,337,337,140,,132,,,118,,,78,89
2015-04-26 11:00:00,45,100,348,137,,121,,,93,,,344,107
2015-04-26 12:00:00,82,110,105,128,,110,,,82,,,333,105
2015-04-26 13:00:00,72,125,103,108,,109,,,91,,,331,97
2015-04-26 14:00:00,74,115,164,102,,120,,,95,,,83,91
2015-04-26 15:00:00,124,121,161,105,,109,,,95,,,84,100
2015-04-26 16:00:00,138,123,158,106,,109,,,104,,,75,90
2015-04-26 17:00:00,139,114,167,93,,110,,,90,,,93,86
2015-04-26 18:00:00,125,119,159,102,,111,,,107,,,122,76
2015-04-26 19:00:00,121,114,148,104,,114,,,149,,,175,91
2015-04-26 20:00:00,101,111,150,91,,113,,,165,,,156,140
2015-04-26 21:00:00,105,104,151,111,,115,,,196,,,344,138
2015-04-26 22:00:00,122,105,128,129,,17,,,199,,,316,169
2015-04-26 23:00:00,114,113,148,207,,100,,,139,,,299,217
2015-04-27 00:00:00,168,102,159,292,,167,,,150,,,45,243
2015-04-27 01:00:00,200,65,161,316,,250,,,228,,,295,273
2015-04-27 02:00:00,220,334,233,323,,290,,,258,,,304,273
2015-04-27 03:00:00,216,301,11,256,,292,,,256,,,260,235
2015-04-27 04:00:00,212,331,342,161,,38,,,209,,,91,168
2015-04-27 05:00:00,53,340,4,107,,248,,,89,,,95,106
2015-04-27 06:00:00,102,330,9,127,,280,,,131,,,37,111
2015-04-27 07:00:00,42,323,5,60,,223,,,185,,,55,117
2015-04-27 08:00:00,4,331,359,41,,330,,,232,,,72,125
2015-04-27 09:00:00,7,327,353,38,,359,,,238,,,340,105
2015-04-27 10:00:00,22,350,357,48,,21,,,181,,,53,99
2015-04-27 11:00:00,37,10,7,61,,45,,,117,,,100,100
2015-04-27 12:00:00,65,42,21,82,,51,,,86,,,95,74
2015-04-27 13:00:00,,34,28,82,,57,,,103,,,88,70
2015-04-27 14:00:00,32,45,22,50,,52,,,82,,,87,71
2015-04-27 15:00:00,34,38,2,63,,41,,,66,,,85,72
2015-04-27 16:00:00,63,42,2,79,,56,,,117,,,98,82
2015-04-27 17:00:00,70,106,112,80,,62,,,101,,,107,114
2015-04-27 18:00:00,120,101,145,96,,98,,,97,,,110,115
2015-04-27 19:00:00,107,105,144,109,,126,,,99,,,91,80
2015-04-27 20:00:00,108,117,156,119,,142,,,188,,,107,73
2015-04-27 21:00:00,131,139,169,117,,147,,,202,,,136,86
2015-04-27 22:00:00,119,172,165,100,,317,,,228,,,329,210
2015-04-27 23:00:00,145,354,169,207,,307,,,201,,,285,149
2015-04-28 00:00:00,191,335,41,239,,256,,,227,,,149,162
2015-04-28 01:00:00,137,309,349,253,,295,,,248,,,353,214
2015-04-28 02:00:00,197,326,329,280,,233,,,195,,,297,165
2015-04-28 03:00:00,27,353,352,58,,125,,,143,,,122,119
2015-04-28 04:00:00,64,329,15,82,,138,,,191,,,125,129
2015-04-28 05:00:00,92,349,4,169,,136,,,196,,,110,113
2015-04-28 06:00:00,84,354,358,221,,43,,,155,,,95,97
2015-04-28 07:00:00,74,334,355,253,,100,,,131,,,96,98
2015-04-28 08:00:00,50,347,6,273,,48,,,199,,,96,98
2015-04-28 09:00:00,59,348,17,176,,37,,,157,,,85,118
2015-04-28 10:00:00,35,351,12,157,,27,,,164,,,61,112
2015-04-28 11:00:00,31,2,17,62,,27,,,98,,,92,105
2015-04-28 12:00:00,39,19,22,95,,38,,,113,,,104,115
2015-04-28 13:00:00,11,9,26,56,,46,,,138,,,104,103
2015-04-28 14:00:00,22,7,15,56,,55,,,131,,,104,89
2015-04-28 15:00:00,26,19,23,54,,54,,,106,,,118,89
2015-04-28 16:00:00,38,22,35,51,,50,,,104,,,106,74
2015-04-28 17:00:00,41,21,31,50,,54,,,83,,,91,64
2015-04-28 18:00:00,15,8,23,45,,43,,,97,,,107,76
2015-04-28 19:00:00,25,20,26,42,,60,,,101,,,110,89
2015-04-28 20:00:00,26,9,27,38,,91,,,72,,,107,102
2015-04-28 21:00:00,23,360,25,43,,99,,,98,,,107,99
2015-04-28 22:00:00,43,358,25,46,,98,,,78,,,98,95
2015-04-28 23:00:00,59,354,18,39,,90,,,88,,,101,98
2015-04-29 00:00:00,45,350,23,40,,106,,,60,,,127,105
2015-04-29 01:00:00,1,341,15,198,,111,,,90,,,103,99
2015-04-29 02:00:00,39,337,349,211,,119,,,156,,,87,87
2015-04-29 03:00:00,64,313,353,233,,306,,,154,,,110,115
2015-04-29 04:00:00,86,304,353,326,,302,,,87,,,126,77
2015-04-29 05:00:00,121,342,340,310,,285,,,87,,,255,191
2015-04-29 06:00:00,184,354,355,315,,323,,,91,,,296,225
2015-04-29 07:00:00,229,353,341,300,,357,,,142,,,317,178
2015-04-29 08:00:00,43,340,12,221,,3,,,178,,,330,316
2015-04-29 09:00:00,54,359,9,243,,10,,,126,,,340,337
2015-04-29 10:00:00,24,354,14,213,,358,,,154,,,342,74
2015-04-29 11:00:00,35,357,14,162,,34,,,135,,,347,103
2015-04-29 12:00:00,42,7,10,171,,353,,,139,,,335,116
2015-04-29 13:00:00,42,27,21,184,,33,,,150,,,89,116
2015-04-29 14:00:00,57,13,11,54,,51,,,117,,,87,97
2015-04-29 15:00:00,22,49,36,62,,68,,,136,,,99,81
2015-04-29 16:00:00,50,31,53,76,,55,,,105,,,105,87
2015-04-29 17:00:00,52,40,46,70,,51,,,97,,,83,67
2015-04-29 18:00:00,53,63,28,47,,39,,,103,,,75,99
2015-04-29 19:00:00,73,121,132,76,,66,,,98,,,88,71
2015-04-29 20:00:00,108,128,157,99,,122,,,99,,,96,78
2015-04-29 21:00:00,123,124,172,107,,125,,,115,,,96,70
2015-04-29 22:00:00,118,128,170,125,,133,,,117,,,95,79
2015-04-29 23:00:00,118,125,171,133,,127,,,170,,,137,81
2015-04-30 00:00:00,115,115,153,115,,347,,,153,,,170,91
2015-04-30 01:00:00,96,98,143,133,,302,,,206,,,163,71
2015-04-30 02:00:00,104,91,154,272,,309,,,211,,,191,119
2015-04-30 03:00:00,119,13,133,300,,325,,,199,,,317,199
2015-04-30 04:00:00,160,338,11,299,,304,,,132,,,323,214
2015-04-30 05:00:00,114,21,1,296,,316,,,115,,,102,166
2015-04-30 06:00:00,99,357,357,297,,304,,,62,,,299,164
2015-04-30 07:00:00,59,9,348,200,,38,,,205,,,95,195
2015-04-30 08:00:00,115,9,348,207,,42,,,83,,,77,86
2015-04-30 09:00:00,63,82,31,127,,91,,,115,,,82,85
2015-04-30 10:00:00,89,103,123,112,,97,,,86,,,102,80
2015-04-30 11:00:00,67,94,149,98,,80,,,74,,,108,79
2015-04-30 12:00:00,56,113,147,103,,96,,,80,,,100,65
2015-04-30 13:00:00,55,99,132,102,,,,,81,,,88,72
2015-04-30 14:00:00,49,101,147,117,,96,,,99,,,88,102
2015-04-30 15:00:00,111,126,151,99,,103,,,105,,,100,106
2015-04-30 16:00:00,137,122,164,109,,118,,,89,,,104,102
2015-04-30 17:00:00,120,119,160,119,,107,,,96,,,98,105
2015-04-30 18:00:00,126,117,169,102,,102,,,94,,,104,87
2015-04-30 19:00:00,122,121,169,123,,106,,,139,,,117,89
2015-04-30 20:00:00,106,98,170,130,,106,,,240,,,128,104
2015-04-30 21:00:00,99,118,164,133,,112,,,264,,,126,98
2015-04-30 22:00:00,111,106,169,131,,110,,,233,,,118,117
2015-04-30 23:00:00,113,96,160,214,,98,,,215,,,190,91
2015-05-01 00:00:00,116,121,160,233,,344,,,204,,,280,123
2015-05-01 01:00:00,96,83,147,,,11,,,205,,,299,218
2015-05-01 02:00:00,134,79,100,286,,77,,,60,,,296,207
2015-05-01 03:00:00,82,46,111,287,,49,,,74,,,323,144
2015-05-01 04:00:00,11,9,81,312,,307,,,164,,,109,120
2015-05-01 05:00:00,9,311,21,286,,293,,,187,,,115,127
2015-05-01 06:00:00,334,353,359,298,,340,,,129,,,320,169
2015-05-01 07:00:00,356,21,4,318,,51,,,126,,,1,86
2015-05-01 08:00:00,8,44,66,231,,64,,,63,,,69,83
2015-05-01 09:00:00,32,19,69,157,,72,,,87,,,109,99
2015-05-01 10:00:00,28,75,44,132,,95,,,70,,,98,86
2015-05-01 11:00:00,62,101,127,104,,96,,,77,,,98,84
2015-05-01 12:00:00,57,99,145,113,,99,,,87,,,102,77
2015-05-01 13:00:00,63,86,135,103,,77,,,80,,,101,65
2015-05-01 14:00:00,61,105,149,110,,80,,,84,,,97,61
2015-05-01 15:00:00,67,96,134,99,,94,,,90,,,90,71
2015-05-01 16:00:00,57,88,143,107,,92,,,91,,,87,66
2015-05-01 17:00:00,64,115,157,106,,95,,,100,,,82,80
2015-05-01 18:00:00,78,101,145,105,,107,,,99,,,95,102
2015-05-01 19:00:00,95,93,147,105,,100,,,105,,,94,90
2015-05-01 20:00:00,107,112,146,108,,113,,,93,,,94,78
2015-05-01 21:00:00,106,121,149,106,,113,,,104,,,123,76
2015-05-01 22:00:00,106,103,161,109,,106,,,113,,,123,97
2015-05-01 23:00:00,113,100,142,96,,83,,,85,,,132,144
2015-05-02 00:00:00,85,85,123,108,,85,,,90,,,140,113
2015-05-02 01:00:00,45,66,116,308,,92,,,78,,,113,139
2015-05-02 02:00:00,25,43,111,307,,98,,,51,,,106,118
2015-05-02 03:00:00,24,33,111,325,,63,,,43,,,108,112
2015-05-02 04:00:00,40,64,124,290,,52,,,84,,,109,103
2015-05-02 05:00:00,41,71,152,202,,66,,,45,,,138,89
2015-05-02 06:00:00,36,89,158,81,,88,,,60,,,157,112
2015-05-02 07:00:00,10,85,157,178,,62,,,71,,,143,117
2015-05-02 08:00:00,3,15,160,265,,9,,,57,,,120,118
2015-05-02 09:00:00,11,24,155,263,,39,,,93,,,108,134
2015-05-02 10:00:00,17,40,169,132,,70,,,59,,,123,149
2015-05-02 11:00:00,5,69,162,92,,75,,,63,,,122,103
2015-05-02 12:00:00,35,96,148,88,,92,,,97,,,116,84
2015-05-02 13:00:00,43,89,141,99,,101,,,100,,,120,94
2015-05-02 14:00:00,62,112,156,111,,108,,,91,,,106,98
2015-05-02 15:00:00,94,112,159,103,,99,,,98,,,106,116
2015-05-02 16:00:00,125,101,152,110,,98,,,99,,,97,90
2015-05-02 17:00:00,98,110,151,103,,106,,,92,,,90,92
2015-05-02 18:00:00,113,117,155,102,,105,,,94,,,93,93
2015-05-02 19:00:00,123,120,152,103,,106,,,101,,,95,81
2015-05-02 20:00:00,116,116,147,105,,107,,,110,,,100,77
2015-05-02 21:00:00,108,105,149,105,,94,,,95,,,130,107
2015-05-02 22:00:00,104,103,143,100,,91,,,83,,,138,120
2015-05-02 23:00:00,63,82,141,106,,98,,,78,,,142,90
2015-05-03 00:00:00,59,84,146,126,,99,,,82,,,134,103
2015-05-03 01:00:00,62,95,145,130,,89,,,79,,,141,114
2015-05-03 02:00:00,64,98,148,127,,90,,,80,,,155,116
2015-05-03 03:00:00,54,101,148,153,,96,,,97,,,131,123
2015-05-03 04:00:00,37,105,146,164,,109,,,90,,,106,109
2015-05-03 05:00:00,16,99,145,165,,95,,,92,,,128,100
2015-05-03 06:00:00,58,87,118,107,,71,,,64,,,150,112
2015-05-03 07:00:00,42,47,95,99,,49,,,70,,,124,102
2015-05-03 08:00:00,52,69,91,152,,78,,,83,,,127,102
2015-05-03 09:00:00,57,69,112,104,,80,,,71,,,122,89
2015-05-03 10:00:00,52,72,101,138,,78,,,94,,,126,97
2015-05-03 11:00:00,44,87,149,102,,74,,,91,,,123,101
2015-05-03 12:00:00,66,93,132,75,,74,,,89,,,129,86
2015-05-03 13:00:00,66,103,115,77,,84,,,84,,,117,92
2015-05-03 14:00:00,70,103,113,98,,94,,,88,,,108,89
2015-05-03 15:00:00,86,102,135,102,,94,,,96,,,102,87
2015-05-03 16:00:00,98,89,139,102,,98,,,94,,,103,96
2015-05-03 17:00:00,65,116,140,102,,101,,,95,,,90,81
2015-05-03 18:00:00,95,125,154,112,,110,,,110,,,95,84
2015-05-03 19:00:00,121,93,169,109,,104,,,106,,,104,78
2015-05-03 20:00:00,83,105,164,118,,97,,,101,,,122,80
2015-05-03 21:00:00,74,95,149,110,,101,,,78,,,138,88
2015-05-03 22:00:00,79,94,138,106,,90,,,67,,,128,84
2015-05-03 23:00:00,57,95,123,106,,90,,,71,,,119,87
2015-05-04 00:00:00,52,100,121,104,,95,,,73,,,130,101
2015-05-04 01:00:00,58,101,136,106,,98,,,75,,,120,92
2015-05-04 02:00:00,42,97,129,104,,93,,,67,,,133,86
2015-05-04 03:00:00,51,100,129,99,,93,,,75,,,152,84
2015-05-04 04:00:00,39,76,121,97,,80,,,68,,,153,92
2015-05-04 05:00:00,52,76,102,88,,73,,,55,,,136,91
2015-05-04 06:00:00,63,99,118,98,,87,,,75,,,118,83
2015-05-04 07:00:00,68,93,120,105,,103,,,80,,,107,89
2015-05-04 08:00:00,68,87,124,98,,89,,,77,,,134,93
2015-05-04 09:00:00,58,78,113,99,,88,,,76,,,120,79
2015-05-04 10:00:00,62,83,120,102,,116,,,80,,,116,87
2015-05-04 11:00:00,67,108,132,99,,103,,,79,,,113,95
2015-05-04 12:00:00,68,109,146,98,,109,,,72,,,125,102
2015-05-04 13:00:00,75,108,145,99,,99,,,67,,,102,101
2015-05-04 14:00:00,66,74,136,94,,83,,,66,,,90,79
2015-05-04 15:00:00,76,90,98,103,,101,,,70,,,108,75
2015-05-04 16:00:00,60,116,107,124,,130,,,95,,,103,82
2015-05-04 17:00:00,76,138,110,133,,126,,,99,,,105,99
2015-05-04 18:00:00,80,115,117,113,,110,,,97,,,121,96
2015-05-04 19:00:00,76,107,146,113,,102,,,73,,,115,85
2015-05-04 20:00:00,76,104,144,114,,102,,,101,,,105,79
2015-05-04 21:00:00,123,95,139,100,,98,,,86,,,88,75
2015-05-04 22:00:00,108,76,123,86,,79,,,69,,,95,75
2015-05-04 23:00:00,59,89,110,102,,98,,,73,,,104,76
2015-05-05 00:00:00,66,94,123,102,,93,,,85,,,111,77
2015-05-05 01:00:00,48,99,129,101,,92,,,81,,,104,77
2015-05-05 02:00:00,63,91,118,101,,97,,,77,,,104,78
2015-05-05 03:00:00,68,92,129,105,,103,,,73,,,103,82
2015-05-05 04:00:00,58,93,143,106,,98,,,75,,,105,86
2015-05-05 05:00:00,62,90,145,99,,91,,,72,,,115,82
2015-05-05 06:00:00,63,86,136,102,,92,,,76,,,130,92
2015-05-05 07:00:00,72,83,122,105,,101,,,88,,,128,100
2015-05-05 08:00:00,50,70,111,95,,86,,,82,,,123,85
2015-05-05 09:00:00,63,72,105,95,,92,,,75,,,125,84
2015-05-05 10:00:00,47,57,110,113,,99,,,78,,,113,105
2015-05-05 11:00:00,52,44,104,90,,119,,,64,,,102,101
2015-05-05 12:00:00,46,66,108,120,,123,,,80,,,96,95
2015-05-05 13:00:00,50,88,173,68,,92,,,84,,,98,81
2015-05-05 14:00:00,70,44,150,82,,83,,,84,,,101,87
2015-05-05 15:00:00,44,82,125,68,,76,,,81,,,90,62
2015-05-05 16:00:00,65,90,162,84,,91,,,96,,,86,71
2015-05-05 17:00:00,71,105,163,96,,90,,,84,,,90,91
2015-05-05 18:00:00,110,107,151,95,,102,,,76,,,98,85
2015-05-05 19:00:00,101,103,138,101,,110,,,78,,,108,81
2015-05-05 20:00:00,93,92,131,109,,81,,,92,,,125,98
2015-05-05 21:00:00,87,87,136,96,,314,,,91,,,121,87
2015-05-05 22:00:00,73,101,129,91,,90,,,74,,,130,75
2015-05-05 23:00:00,53,87,113,105,,90,,,70,,,130,109
2015-05-06 00:00:00,48,88,124,107,,97,,,75,,,126,112
2015-05-06 01:00:00,42,86,146,110,,102,,,79,,,144,110
2015-05-06 02:00:00,56,93,134,105,,94,,,75,,,138,124
2015-05-06 03:00:00,54,96,122,98,,99,,,76,,,144,109
2015-05-06 04:00:00,58,89,130,107,,98,,,80,,,126,107
2015-05-06 05:00:00,63,97,125,96,,104,,,82,,,130,88
2015-05-06 06:00:00,66,104,140,98,,117,,,75,,,131,105
2015-05-06 07:00:00,64,110,123,103,,109,,,69,,,126,123
2015-05-06 08:00:00,57,103,142,124,,126,,,64,,,108,99
2015-05-06 09:00:00,49,101,144,138,,103,,,76,,,110,94
2015-05-06 10:00:00,35,94,145,129,,109,,,73,,,111,94
2015-05-06 11:00:00,39,113,156,100,,91,,,65,,,105,85
2015-05-06 12:00:00,60,91,151,96,,92,,,80,,,94,82
2015-05-06 13:00:00,61,74,151,91,,107,,,89,,,104,72
2015-05-06 14:00:00,55,112,146,89,,93,,,88,,,91,75
2015-05-06 15:00:00,55,111,144,96,,98,,,92,,,90,87
2015-05-06 16:00:00,86,112,159,104,,108,,,92,,,86,91
2015-05-06 17:00:00,120,120,157,106,,106,,,86,,,103,99
2015-05-06 18:00:00,115,116,154,107,,112,,,89,,,91,83
2015-05-06 19:00:00,129,122,163,98,,117,,,95,,,87,76
2015-05-06 20:00:00,118,111,157,103,,113,,,86,,,95,73
2015-05-06 21:00:00,109,107,145,104,,93,,,77,,,102,99
2015-05-06 22:00:00,104,103,141,102,,89,,,76,,,107,94
2015-05-06 23:00:00,77,101,127,102,,98,,,78,,,130,94
2015-05-07 00:00:00,53,102,127,98,,96,,,89,,,136,101
2015-05-07 01:00:00,48,104,137,107,,109,,,84,,,162,113
2015-05-07 02:00:00,31,115,144,119,,128,,,79,,,134,126
2015-05-07 03:00:00,58,122,147,143,,133,,,77,,,269,231
2015-05-07 04:00:00,5,107,152,141,,103,,,83,,,270,230
2015-05-07 05:00:00,352,100,151,168,,106,,,83,,,314,285
2015-05-07 06:00:00,232,76,150,294,,67,,,71,,,44,283
2015-05-07 07:00:00,225,55,102,258,,63,,,58,,,43,288
2015-05-07 08:00:00,91,83,92,129,,87,,,80,,,76,88
2015-05-07 09:00:00,72,97,160,140,,95,,,80,,,68,75
2015-05-07 10:00:00,69,95,170,120,,111,,,85,,,102,74
2015-05-07 11:00:00,60,102,163,102,,106,,,80,,,93,78
2015-05-07 12:00:00,69,94,162,111,,96,,,82,,,83,74
2015-05-07 13:00:00,51,106,146,100,,92,,,82,,,82,74
2015-05-07 14:00:00,57,107,148,95,,101,,,86,,,90,84
2015-05-07 15:00:00,112,112,155,98,,98,,,89,,,98,93
2015-05-07 16:00:00,121,123,150,101,,106,,,93,,,91,86
2015-05-07 17:00:00,128,113,154,103,,103,,,91,,,87,81
2015-05-07 18:00:00,119,118,153,108,,109,,,89,,,90,84
2015-05-07 19:00:00,114,121,148,105,,110,,,108,,,99,77
2015-05-07 20:00:00,97,114,140,98,,92,,,104,,,122,80
2015-05-07 21:00:00,95,104,143,98,,90,,,92,,,118,74
2015-05-07 22:00:00,71,99,126,120,,94,,,80,,,137,114
2015-05-07 23:00:00,24,79,142,149,,112,,,99,,,133,133
2015-05-08 00:00:00,7,71,151,254,,76,,,74,,,102,134
2015-05-08 01:00:00,25,48,124,241,,55,,,61,,,318,178
2015-05-08 02:00:00,6,72,140,202,,99,,,63,,,219,118
2015-05-08 03:00:00,69,92,131,252,,100,,,64,,,322,201
2015-05-08 04:00:00,78,108,158,312,,116,,,66,,,289,273
2015-05-08 05:00:00,72,87,119,291,,79,,,71,,,319,238
2015-05-08 06:00:00,62,105,142,290,,43,,,73,,,346,187
2015-05-08 07:00:00,78,73,149,277,,69,,,79,,,106,124
2015-05-08 08:00:00,70,62,142,220,,77,,,78,,,58,92
2015-05-08 09:00:00,50,48,114,133,,94,,,82,,,114,83
2015-05-08 10:00:00,82,88,92,129,,77,,,76,,,95,80
2015-05-08 11:00:00,50,105,150,116,,87,,,69,,,98,82
2015-05-08 12:00:00,56,100,149,105,,76,,,70,,,98,80
2015-05-08 13:00:00,45,85,145,68,,77,,,72,,,110,83
2015-05-08 14:00:00,48,78,135,79,,71,,,69,,,113,89
2015-05-08 15:00:00,56,90,122,93,,70,,,70,,,107,101
2015-05-08 16:00:00,63,115,151,122,,113,,,99,,,103,89
2015-05-08 17:00:00,113,103,167,127,,128,,,147,,,117,129
2015-05-08 18:00:00,126,91,109,113,,107,,,206,,,151,218
2015-05-08 19:00:00,162,78,129,141,,84,,,222,,,155,163
2015-05-08 20:00:00,95,92,130,164,,272,,,203,,,136,176
2015-05-08 21:00:00,118,19,154,215,,300,,,148,,,131,167
2015-05-08 22:00:00,107,72,89,248,,40,,,184,,,131,147
2015-05-08 23:00:00,357,29,116,276,,331,,,212,,,107,175
2015-05-09 00:00:00,330,12,145,255,,276,,,212,,,338,234
2015-05-09 01:00:00,16,9,106,221,,16,,,177,,,298,176
2015-05-09 02:00:00,333,358,113,292,,289,,,163,,,339,162
2015-05-09 03:00:00,258,10,99,299,,304,,,210,,,257,228
2015-05-09 04:00:00,268,337,94,297,,295,,,217,,,285,233
2015-05-09 05:00:00,308,303,25,294,,301,,,285,,,60,184
2015-05-09 06:00:00,311,281,324,274,,266,,,280,,,123,162
2015-05-09 07:00:00,339,277,292,262,,317,,,266,,,343,291
2015-05-09 08:00:00,21,339,306,240,,357,,,249,,,106,39
2015-05-09 09:00:00,24,22,354,136,,78,,,191,,,126,86
2015-05-09 10:00:00,18,36,42,134,,78,,,59,,,109,82
2015-05-09 11:00:00,78,92,95,145,,86,,,56,,,105,98
2015-05-09 12:00:00,54,106,151,129,,95,,,74,,,96,91
2015-05-09 13:00:00,57,107,142,103,,98,,,91,,,90,80
2015-05-09 14:00:00,41,106,156,87,,95,,,92,,,83,75
2015-05-09 15:00:00,108,113,153,100,,99,,,89,,,82,84
2015-05-09 16:00:00,120,123,152,113,,119,,,97,,,79,77
2015-05-09 17:00:00,107,118,155,118,,109,,,90,,,110,83
2015-05-09 18:00:00,107,130,150,124,,126,,,88,,,107,142
2015-05-09 19:00:00,135,136,156,167,,147,,,160,,,263,209
2015-05-09 20:00:00,74,132,162,128,,132,,,128,,,117,115
2015-05-09 21:00:00,98,125,162,116,,82,,,183,,,109,176
2015-05-09 22:00:00,139,114,157,222,,292,,,238,,,255,238
2015-05-09 23:00:00,127,108,157,192,,92,,,176,,,43,200
2015-05-10 00:00:00,23,115,149,128,,75,,,230,,,295,162
2015-05-10 01:00:00,74,100,149,265,,51,,,202,,,303,200
2015-05-10 02:00:00,73,104,145,190,,103,,,72,,,198,255
2015-05-10 03:00:00,349,95,145,246,,109,,,86,,,242,205
2015-05-10 04:00:00,348,70,142,221,,89,,,88,,,282,227
2015-05-10 05:00:00,359,63,109,257,,58,,,60,,,71,170
2015-05-10 06:00:00,17,71,112,304,,44,,,64,,,65,275
2015-05-10 07:00:00,40,54,124,306,,62,,,63,,,303,270
2015-05-10 08:00:00,14,55,109,318,,33,,,71,,,331,334
2015-05-10 09:00:00,347,11,73,288,,9,,,62,,,317,119
2015-05-10 10:00:00,1,31,120,163,,57,,,92,,,88,79
2015-05-10 11:00:00,22,81,163,178,,92,,,103,,,88,88
2015-05-10 12:00:00,9,94,165,155,,73,,,84,,,99,91
2015-05-10 13:00:00,35,83,137,185,,73,,,71,,,105,92
2015-05-10 14:00:00,53,51,144,81,,76,,,65,,,98,84
2015-05-10 15:00:00,43,49,155,90,,89,,,92,,,110,105
2015-05-10 16:00:00,53,81,152,85,,72,,,87,,,121,104
2015-05-10 17:00:00,67,83,144,89,,84,,,92,,,113,100
2015-05-10 18:00:00,71,101,139,92,,87,,,82,,,111,91
2015-05-10 19:00:00,60,100,141,104,,90,,,90,,,108,85
2015-05-10 20:00:00,82,100,145,99,,89,,,104,,,119,89
2015-05-10 21:00:00,114,99,148,97,,96,,,130,,,129,95
2015-05-10 22:00:00,108,119,159,106,,140,,,113,,,126,137
2015-05-10 23:00:00,111,86,150,97,,73,,,205,,,163,161
2015-05-11 00:00:00,94,75,138,110,,88,,,101,,,52,142
2015-05-11 01:00:00,54,83,119,140,,103,,,56,,,143,126
2015-05-11 02:00:00,45,90,117,205,,85,,,64,,,132,116
2015-05-11 03:00:00,34,90,121,92,,78,,,87,,,139,127
2015-05-11 04:00:00,41,86,155,124,,87,,,89,,,123,117
2015-05-11 05:00:00,50,86,128,144,,87,,,80,,,145,124
2015-05-11 06:00:00,44,92,142,124,,85,,,67,,,116,158
2015-05-11 07:00:00,67,88,139,147,,57,,,73,,,98,295
2015-05-11 08:00:00,58,33,123,137,,49,,,60,,,101,29
2015-05-11 09:00:00,24,29,97,153,,53,,,48,,,111,112
2015-05-11 10:00:00,28,25,78,76,,57,,,51,,,97,94
2015-05-11 11:00:00,34,58,58,103,,69,,,58,,,109,112
2015-05-11 12:00:00,54,62,97,63,,58,,,62,,,116,104
2015-05-11 13:00:00,47,67,130,120,,88,,,58,,,100,92
2015-05-11 14:00:00,62,75,123,108,,85,,,59,,,92,82
2015-05-11 15:00:00,60,80,128,82,,87,,,77,,,99,85
2015-05-11 16:00:00,67,98,127,108,,92,,,89,,,101,82
2015-05-11 17:00:00,60,104,144,91,,90,,,84,,,82,79
2015-05-11 18:00:00,68,97,153,84,,83,,,79,,,79,82
2015-05-11 19:00:00,76,88,134,92,,82,,,79,,,85,81
2015-05-11 20:00:00,74,93,139,95,,71,,,83,,,91,85
2015-05-11 21:00:00,62,14,108,242,,291,,,114,,,120,83
2015-05-11 22:00:00,27,5,34,206,,108,,,55,,,122,109
2015-05-11 23:00:00,25,339,37,162,,299,,,55,,,134,113
2015-05-12 00:00:00,1,15,8,43,,96,,,76,,,132,123
2015-05-12 01:00:00,16,353,34,66,,30,,,95,,,128,116
2015-05-12 02:00:00,15,312,10,129,,100,,,183,,,110,121
2015-05-12 03:00:00,54,24,356,109,,83,,,97,,,97,107
2015-05-12 04:00:00,83,1,56,73,,30,,,67,,,125,101
2015-05-12 05:00:00,31,3,17,138,,16,,,199,,,126,132
2015-05-12 06:00:00,342,11,23,75,,84,,,130,,,122,128
2015-05-12 07:00:00,11,20,58,81,,81,,,44,,,130,109
2015-05-12 08:00:00,14,24,68,239,,343,,,51,,,165,111
2015-05-12 09:00:00,352,100,53,130,,118,,,67,,,121,85
2015-05-12 10:00:00,79,107,148,106,,99,,,127,,,83,67
2015-05-12 11:00:00,102,100,,90,,79,,,109,,,99,86
2015-05-12 12:00:00,113,87,126,89,,76,,,89,,,91,76
2015-05-12 13:00:00,66,95,119,87,,78,,,87,,,85,70
2015-05-12 14:00:00,70,104,128,95,,82,,,89,,,76,78
2015-05-12 15:00:00,85,97,139,103,,92,,,92,,,78,77
2015-05-12 16:00:00,76,92,128,94,,85,,,79,,,88,82
2015-05-12 17:00:00,73,95,111,97,,87,,,87,,,90,87
2015-05-12 18:00:00,82,98,118,95,,90,,,82,,,86,78
2015-05-12 19:00:00,84,103,121,105,,105,,,57,,,113,84
2015-05-12 20:00:00,105,106,141,113,,104,,,78,,,122,77
2015-05-12 21:00:00,89,108,149,111,,106,,,90,,,101,73
2015-05-12 22:00:00,110,106,145,99,,104,,,101,,,194,47
2015-05-12 23:00:00,107,96,146,111,,105,,,119,,,96,71
2015-05-13 00:00:00,125,87,128,97,,98,,,121,,,74,138
2015-05-13 01:00:00,28,74,113,190,,64,,,122,,,285,165
2015-05-13 02:00:00,9,63,93,300,,59,,,109,,,298,149
2015-05-13 03:00:00,226,88,113,204,,55,,,95,,,98,107
2015-05-13 04:00:00,107,100,122,216,,88,,,133,,,122,158
2015-05-13 05:00:00,39,105,159,294,,56,,,89,,,153,124
2015-05-13 06:00:00,195,30,159,306,,336,,,114,,,287,245
2015-05-13 07:00:00,278,65,157,305,,27,,,102,,,293,294
2015-05-13 08:00:00,327,98,155,303,,327,,,97,,,310,238
2015-05-13 09:00:00,337,104,154,147,,76,,,85,,,85,88
2015-05-13 10:00:00,49,106,148,112,,98,,,96,,,98,83
2015-05-13 11:00:00,75,106,152,,,113,,,91,,,92,75
2015-05-13 12:00:00,65,113,161,113,,115,,,95,,,92,68
2015-05-13 13:00:00,76,107,155,102,,112,,,95,,,84,72
2015-05-13 14:00:00,95,106,155,96,,96,,,95,,,102,100
2015-05-13 15:00:00,81,107,153,107,,104,,,89,,,99,96
2015-05-13 16:00:00,109,100,142,100,,101,,,82,,,101,86
2015-05-13 17:00:00,86,110,139,102,,103,,,95,,,97,83
2015-05-13 18:00:00,109,106,141,96,,106,,,96,,,91,76
2015-05-13 19:00:00,96,103,140,100,,100,,,75,,,97,90
2015-05-13 20:00:00,110,78,135,92,,79,,,62,,,133,97
2015-05-13 21:00:00,53,107,98,103,,87,,,79,,,103,86
2015-05-13 22:00:00,94,108,132,111,,99,,,77,,,141,94
2015-05-13 23:00:00,99,104,141,112,,92,,,79,,,132,95
2015-05-14 00:00:00,54,105,142,116,,90,,,74,,,144,125
2015-05-14 01:00:00,53,98,140,116,,94,,,68,,,134,163
2015-05-14 02:00:00,19,65,145,169,,64,,,61,,,266,244
2015-05-14 03:00:00,351,83,141,169,,52,,,66,,,262,237
2015-05-14 04:00:00,11,96,102,215,,67,,,81,,,130,140
2015-05-14 05:00:00,76,99,109,144,,84,,,85,,,313,271
2015-05-14 06:00:00,84,80,141,140,,82,,,77,,,309,273
2015-05-14 07:00:00,52,85,131,151,,71,,,91,,,321,268
2015-05-14 08:00:00,57,97,157,104,,64,,,86,,,119,87
2015-05-14 09:00:00,52,68,159,244,,75,,,78,,,130,104
2015-05-14 10:00:00,7,59,150,135,,81,,,77,,,101,79
2015-05-14 11:00:00,47,85,135,67,,81,,,84,,,102,79
2015-05-14 12:00:00,69,95,123,83,,62,,,98,,,99,83
2015-05-14 13:00:00,73,108,144,72,,82,,,100,,,105,75
2015-05-14 14:00:00,56,112,149,88,,87,,,115,,,114,72
2015-05-14 15:00:00,88,113,135,103,,97,,,103,,,94,98
2015-05-14 16:00:00,98,120,137,112,,98,,,101,,,103,98
2015-05-14 17:00:00,156,114,140,146,,103,,,104,,,113,105
2015-05-14 18:00:00,123,109,152,110,,102,,,109,,,95,89
2015-05-14 19:00:00,108,105,134,107,,85,,,87,,,103,99
2015-05-14 20:00:00,110,103,135,93,,80,,,90,,,137,93
2015-05-14 21:00:00,69,70,123,84,,77,,,67,,,121,87
2015-05-14 22:00:00,45,82,114,86,,90,,,57,,,127,80
2015-05-14 23:00:00,35,78,117,137,,77,,,73,,,150,113
2015-05-15 00:00:00,31,82,116,112,,79,,,82,,,126,114
2015-05-15 01:00:00,50,85,113,236,,72,,,69,,,125,131
2015-05-15 02:00:00,38,81,128,275,,58,,,52,,,298,138
2015-05-15 03:00:00,9,29,128,317,,21,,,123,,,289,249
2015-05-15 04:00:00,349,56,145,302,,335,,,146,,,297,278
2015-05-15 05:00:00,315,92,92,312,,246,,,236,,,296,283
2015-05-15 06:00:00,74,124,150,249,,252,,,164,,,306,298
2015-05-15 07:00:00,191,103,141,278,,97,,,95,,,299,298
2015-05-15 08:00:00,44,110,138,122,,101,,,83,,,85,96
2015-05-15 09:00:00,91,18,157,216,,64,,,76,,,102,105
2015-05-15 10:00:00,35,308,354,161,,0,,,171,,,296,207
2015-05-15 11:00:00,21,314,317,183,,103,,,216,,,11,44
2015-05-15 12:00:00,297,121,304,166,,77,,,88,,,106,79
2015-05-15 13:00:00,92,96,169,129,,99,,,94,,,94,89
2015-05-15 14:00:00,74,109,141,105,,98,,,89,,,86,81
2015-05-15 15:00:00,74,111,149,102,,97,,,93,,,90,91
2015-05-15 16:00:00,93,114,150,102,,96,,,95,,,93,99
2015-05-15 17:00:00,91,117,144,107,,99,,,87,,,99,97
2015-05-15 18:00:00,117,114,149,102,,115,,,86,,,92,88
2015-05-15 19:00:00,124,104,146,104,,98,,,94,,,91,80
2015-05-15 20:00:00,104,100,124,101,,91,,,90,,,101,84
2015-05-15 21:00:00,81,107,118,103,,96,,,83,,,92,74
2015-05-15 22:00:00,67,116,129,110,,114,,,87,,,100,80
2015-05-15 23:00:00,108,135,155,126,,114,,,164,,,88,69
2015-05-16 00:00:00,129,28,161,132,,18,,,261,,,109,103
2015-05-16 01:00:00,98,7,106,214,,76,,,82,,,92,116
2015-05-16 02:00:00,34,15,85,272,,45,,,97,,,91,137
2015-05-16 03:00:00,15,15,15,304,,33,,,126,,,306,138
2015-05-16 04:00:00,71,319,355,301,,316,,,260,,,302,99
2015-05-16 05:00:00,322,322,353,313,,296,,,289,,,306,285
2015-05-16 06:00:00,315,314,325,294,,318,,,292,,,308,278
2015-05-16 07:00:00,331,324,299,303,,357,,,289,,,344,292
2015-05-16 08:00:00,20,316,320,247,,332,,,290,,,333,267
2015-05-16 09:00:00,349,331,356,261,,0,,,287,,,328,308
2015-05-16 10:00:00,42,45,355,193,,76,,,135,,,339,100
2015-05-16 11:00:00,76,105,76,199,,114,,,86,,,350,95
2015-05-16 12:00:00,81,115,141,136,,114,,,94,,,95,84
2015-05-16 13:00:00,71,114,153,131,,106,,,93,,,102,82
2015-05-16 14:00:00,55,112,146,109,,95,,,91,,,89,69
2015-05-16 15:00:00,108,109,137,103,,105,,,95,,,83,81
2015-05-16 16:00:00,129,114,144,95,,105,,,96,,,87,84
2015-05-16 17:00:00,124,111,143,98,,105,,,97,,,80,80
2015-05-16 18:00:00,116,119,141,103,,109,,,101,,,78,80
2015-05-16 19:00:00,104,110,141,107,,111,,,106,,,80,74
2015-05-16 20:00:00,108,111,143,111,,110,,,97,,,94,74
2015-05-16 21:00:00,110,103,138,116,,105,,,157,,,104,83
2015-05-16 22:00:00,132,99,118,112,,70,,,170,,,105,234
2015-05-16 23:00:00,125,92,118,121,,88,,,104,,,134,182
2015-05-17 00:00:00,60,95,116,159,,91,,,70,,,86,141
2015-05-17 01:00:00,26,103,117,221,,98,,,81,,,92,118
2015-05-17 02:00:00,41,106,134,131,,97,,,97,,,97,123
2015-05-17 03:00:00,25,105,143,271,,74,,,98,,,315,222
2015-05-17 04:00:00,19,73,147,267,,68,,,112,,,223,245
2015-05-17 05:00:00,261,61,125,285,,42,,,64,,,300,280
2015-05-17 06:00:00,228,43,104,310,,20,,,61,,,296,252
2015-05-17 07:00:00,253,16,87,288,,326,,,72,,,336,229
2015-05-17 08:00:00,355,326,55,269,,346,,,183,,,108,252
2015-05-17 09:00:00,359,51,3,293,,353,,,139,,,308,282
2015-05-17 10:00:00,37,60,68,242,,55,,,69,,,312,110
2015-05-17 11:00:00,71,63,70,63,,86,,,77,,,33,114
2015-05-17 12:00:00,48,61,82,55,,50,,,83,,,109,120
2015-05-17 13:00:00,81,86,64,65,,63,,,96,,,92,78
2015-05-17 14:00:00,77,115,146,112,,107,,,90,,,112,97
2015-05-17 15:00:00,78,135,155,128,,135,,,129,,,101,102
2015-05-17 16:00:00,129,139,174,149,,286,,,137,,,78,87
2015-05-17 17:00:00,119,326,196,158,,242,,,205,,,101,78
2015-05-17 18:00:00,76,305,348,143,,310,,,202,,,107,87
2015-05-17 19:00:00,108,137,274,145,,147,,,191,,,110,79
2015-05-17 20:00:00,99,123,191,124,,120,,,172,,,95,85
2015-05-17 21:00:00,119,105,153,121,,32,,,98,,,101,99
2015-05-17 22:00:00,101,102,129,109,,318,,,115,,,99,91
2015-05-17 23:00:00,64,343,148,199,,289,,,201,,,125,146
2015-05-18 00:00:00,43,22,29,255,,47,,,118,,,127,125
2015-05-18 01:00:00,66,91,21,111,,51,,,116,,,129,119
2015-05-18 02:00:00,76,102,157,113,,47,,,98,,,140,125
2015-05-18 03:00:00,64,102,145,129,,80,,,114,,,134,118
2015-05-18 04:00:00,59,86,127,117,,83,,,83,,,158,140
2015-05-18 05:00:00,24,101,119,144,,86,,,87,,,137,102
2015-05-18 06:00:00,73,106,130,171,,80,,,62,,,114,104
2015-05-18 07:00:00,25,109,145,303,,58,,,62,,,111,130
2015-05-18 08:00:00,9,113,145,234,,91,,,94,,,54,
2015-05-18 09:00:00,33,100,154,120,,99,,,76,,,102,98
2015-05-18 10:00:00,56,105,161,100,,82,,,90,,,115,96
2015-05-18 11:00:00,59,105,149,67,,77,,,103,,,111,95
2015-05-18 12:00:00,61,95,146,85,,69,,,96,,,99,93
2015-05-18 13:00:00,63,98,142,97,,78,,,83,,,95,91
2015-05-18 14:00:00,70,104,128,100,,90,,,89,,,93,83
2015-05-18 15:00:00,100,117,132,111,,112,,,94,,,,93
2015-05-18 16:00:00,119,114,146,106,,99,,,87,,,,81
2015-05-18 17:00:00,106,110,143,104,,94,,,92,,,,86
2015-05-18 18:00:00,115,103,129,102,,93,,,91,,,,88
2015-05-18 19:00:00,95,105,125,101,,91,,,81,,,,82
2015-05-18 20:00:00,98,107,118,101,,90,,,88,,,,85
2015-05-18 21:00:00,102,105,116,96,,92,,,108,,,85,79
2015-05-18 22:00:00,82,100,120,95,,94,,,99,,,79,69
2015-05-18 23:00:00,77,108,124,108,,116,,,85,,,81,74
2015-05-19 00:00:00,69,116,136,118,,117,,,91,,,90,76
2015-05-19 01:00:00,63,106,142,112,,99,,,63,,,90,74
2015-05-19 02:00:00,41,98,132,99,,77,,,57,,,95,74
2015-05-19 03:00:00,36,99,111,102,,85,,,77,,,117,79
2015-05-19 04:00:00,60,91,125,99,,93,,,71,,,131,84
2015-05-19 05:00:00,49,106,109,105,,100,,,78,,,113,81
2015-05-19 06:00:00,65,110,132,106,,104,,,82,,,98,78
2015-05-19 07:00:00,58,115,140,104,,110,,,79,,,98,76
2015-05-19 08:00:00,68,104,140,103,,101,,,87,,,96,82
2015-05-19 09:00:00,41,105,143,104,,95,,,102,,,118,86
2015-05-19 10:00:00,49,101,122,100,,93,,,85,,,106,82
2015-05-19 11:00:00,65,111,120,98,,93,,,87,,,102,77
2015-05-19 12:00:00,53,117,142,102,,107,,,90,,,100,76
2015-05-19 13:00:00,129,123,153,108,,118,,,100,,,94,89
2015-05-19 14:00:00,122,129,159,115,,116,,,97,,,90,95
2015-05-19 15:00:00,133,127,165,106,,116,,,88,,,106,94
2015-05-19 16:00:00,121,117,161,112,,111,,,100,,,101,81
2015-05-19 17:00:00,114,123,156,108,,112,,,95,,,88,85
2015-05-19 18:00:00,118,122,156,118,,108,,,110,,,85,78
2015-05-19 19:00:00,115,119,160,105,,104,,,97,,,84,76
2015-05-19 20:00:00,122,117,166,106,,113,,,107,,,89,76
2015-05-19 21:00:00,114,101,147,101,,89,,,82,,,98,79
2015-05-19 22:00:00,80,103,127,103,,87,,,78,,,94,72
2015-05-19 23:00:00,58,102,123,115,,96,,,81,,,123,93
2015-05-20 00:00:00,56,106,136,102,,102,,,106,,,121,88
2015-05-20 01:00:00,63,106,143,106,,106,,,81,,,125,98
2015-05-20 02:00:00,61,87,121,148,,91,,,67,,,124,118
2015-05-20 03:00:00,69,86,112,120,,68,,,68,,,105,93
2015-05-20 04:00:00,65,69,142,169,,55,,,55,,,122,110
2015-05-20 05:00:00,52,103,92,162,,79,,,70,,,96,105
2015-05-20 06:00:00,70,83,178,159,,63,,,83,,,79,115
2015-05-20 07:00:00,71,66,150,266,,50,,,77,,,109,96
2015-05-20 08:00:00,53,108,143,240,,64,,,94,,,118,98
2015-05-20 09:00:00,66,113,161,145,,117,,,104,,,104,100
2015-05-20 10:00:00,18,58,143,148,,85,,,88,,,75,89
2015-05-20 11:00:00,53,100,95,108,,82,,,115,,,131,68
2015-05-20 12:00:00,70,84,87,110,,73,,,85,,,106,71
2015-05-20 13:00:00,58,91,130,93,,90,,,84,,,91,82
2015-05-20 14:00:00,69,98,129,90,,92,,,80,,,92,80
2015-05-20 15:00:00,62,112,142,99,,92,,,92,,,80,71
2015-05-20 16:00:00,87,129,138,114,,95,,,91,,,103,108
2015-05-20 17:00:00,116,133,145,113,,116,,,106,,,121,109
2015-05-20 18:00:00,119,145,155,122,,145,,,193,,,114,96
2015-05-20 19:00:00,125,139,192,119,,147,,,103,,,94,90
2015-05-20 20:00:00,113,50,161,97,,52,,,235,,,141,147
2015-05-20 21:00:00,59,127,60,107,,85,,,128,,,109,95
2015-05-20 22:00:00,114,108,173,104,,295,,,256,,,132,110
2015-05-20 23:00:00,104,76,112,96,,62,,,90,,,134,132
2015-05-21 00:00:00,77,86,95,85,,74,,,64,,,112,74
2015-05-21 01:00:00,55,103,97,84,,88,,,64,,,117,84
2015-05-21 02:00:00,54,124,111,105,,114,,,75,,,101,84
2015-05-21 03:00:00,68,110,141,108,,107,,,77,,,119,108
2015-05-21 04:00:00,65,89,144,78,,80,,,65,,,103,114
2015-05-21 05:00:00,56,81,109,96,,77,,,61,,,111,122
2015-05-21 06:00:00,61,112,110,108,,97,,,74,,,106,96
2015-05-21 07:00:00,68,118,120,117,,117,,,85,,,119,90
2015-05-21 08:00:00,51,112,152,133,,105,,,76,,,92,113
2015-05-21 09:00:00,349,97,160,115,,91,,,73,,,109,89
2015-05-21 10:00:00,356,8,125,57,,15,,,86,,,123,92
2015-05-21 11:00:00,24,339,20,194,,278,,,84,,,119,108
2015-05-21 12:00:00,5,128,348,169,,312,,,47,,,113,117
2015-05-21 13:00:00,19,113,183,126,,78,,,110,,,84,80
2015-05-21 14:00:00,62,113,178,94,,84,,,153,,,78,81
2015-05-21 15:00:00,115,90,148,115,,79,,,68,,,80,78
2015-05-21 16:00:00,103,111,138,98,,88,,,88,,,101,105
2015-05-21 17:00:00,75,105,136,101,,98,,,91,,,97,81
2015-05-21 18:00:00,64,102,134,95,,94,,,75,,,99,73
2015-05-21 19:00:00,53,103,137,87,,89,,,67,,,80,72
2015-05-21 20:00:00,55,93,120,90,,90,,,70,,,93,73
2015-05-21 21:00:00,72,105,129,102,,99,,,83,,,86,79
2015-05-21 22:00:00,73,120,147,98,,99,,,77,,,82,81
2015-05-21 23:00:00,62,119,166,103,,109,,,88,,,92,90
2015-05-22 00:00:00,90,119,170,84,,115,,,93,,,95,91
2015-05-22 01:00:00,128,234,178,146,,259,,,155,,,133,147
2015-05-22 02:00:00,209,268,287,276,,282,,,240,,,294,219
2015-05-22 03:00:00,233,295,261,313,,290,,,236,,,277,260
2015-05-22 04:00:00,259,192,281,123,,157,,,237,,,180,275
2015-05-22 05:00:00,186,149,233,116,,122,,,198,,,169,328
2015-05-22 06:00:00,154,121,184,139,,117,,,174,,,246,151
2015-05-22 07:00:00,88,142,160,222,,7,,,205,,,272,139
2015-05-22 08:00:00,353,14,134,294,,24,,,219,,,269,120
2015-05-22 09:00:00,353,3,33,168,,33,,,145,,,261,104
2015-05-22 10:00:00,10,355,22,253,,47,,,173,,,294,105
2015-05-22 11:00:00,20,45,7,161,,60,,,130,,,63,80
2015-05-22 12:00:00,65,100,133,84,,78,,,78,,,102,98
2015-05-22 13:00:00,73,109,153,92,,95,,,81,,,91,81
2015-05-22 14:00:00,65,111,159,107,,110,,,85,,,83,74
2015-05-22 15:00:00,70,106,147,102,,102,,,76,,,98,86
2015-05-22 16:00:00,74,106,147,97,,83,,,103,,,98,79
2015-05-22 17:00:00,85,109,146,91,,100,,,99,,,91,85
2015-05-22 18:00:00,102,108,143,103,,109,,,72,,,85,84
2015-05-22 19:00:00,105,105,151,90,,89,,,87,,,105,92
2015-05-22 20:00:00,100,109,144,114,,106,,,183,,,136,106
2015-05-22 21:00:00,83,103,155,107,,92,,,136,,,119,86
2015-05-22 22:00:00,83,107,147,99,,49,,,97,,,125,96
2015-05-22 23:00:00,61,98,145,89,,73,,,71,,,124,81
2015-05-23 00:00:00,46,102,114,97,,80,,,78,,,124,86
2015-05-23 01:00:00,47,103,120,114,,59,,,93,,,160,118
2015-05-23 02:00:00,39,98,111,149,,62,,,77,,,287,168
2015-05-23 03:00:00,38,68,109,159,,102,,,99,,,290,238
2015-05-23 04:00:00,355,105,99,144,,124,,,61,,,118,134
2015-05-23 05:00:00,78,115,153,120,,118,,,75,,,90,107
2015-05-23 06:00:00,74,117,157,112,,113,,,74,,,115,107
2015-05-23 07:00:00,47,125,147,105,,118,,,79,,,109,109
2015-05-23 08:00:00,44,113,146,129,,99,,,51,,,113,91
2015-05-23 09:00:00,51,84,142,132,,77,,,79,,,116,97
2015-05-23 10:00:00,42,97,146,87,,81,,,82,,,98,89
2015-05-23 11:00:00,62,117,146,98,,93,,,95,,,96,66
2015-05-23 12:00:00,38,114,148,97,,101,,,95,,,71,69
2015-05-23 13:00:00,114,115,151,104,,102,,,90,,,74,81
2015-05-23 14:00:00,86,123,151,96,,102,,,94,,,75,79
2015-05-23 15:00:00,118,118,155,105,,102,,,98,,,86,90
2015-05-23 16:00:00,124,121,152,107,,108,,,115,,,87,84
2015-05-23 17:00:00,109,125,149,112,,118,,,115,,,85,83
2015-05-23 18:00:00,113,119,150,106,,107,,,125,,,79,77
2015-05-23 19:00:00,122,105,150,105,,93,,,107,,,85,82
2015-05-23 20:00:00,116,324,132,225,,306,,,110,,,300,297
2015-05-23 21:00:00,345,313,357,315,,252,,,266,,,290,295
2015-05-23 22:00:00,116,340,349,208,,293,,,203,,,213,267
2015-05-23 23:00:00,107,99,11,182,,121,,,87,,,82,89
2015-05-24 00:00:00,73,109,153,125,,127,,,74,,,115,115
2015-05-24 01:00:00,47,116,151,112,,122,,,87,,,119,82
2015-05-24 02:00:00,67,90,158,139,,87,,,210,,,117,80
2015-05-24 03:00:00,149,233,191,191,,252,,,181,,,12,299
2015-05-24 04:00:00,188,167,191,257,,54,,,197,,,181,280
2015-05-24 05:00:00,183,199,186,227,,181,,,202,,,279,297
2015-05-24 06:00:00,73,241,337,190,,306,,,252,,,261,243
2015-05-24 07:00:00,223,308,340,304,,315,,,255,,,319,251
2015-05-24 08:00:00,1,305,336,244,,96,,,137,,,308,107
2015-05-24 09:00:00,5,310,337,278,,41,,,280,,,350,346
2015-05-24 10:00:00,16,14,332,166,,188,,,215,,,342,59
2015-05-24 11:00:00,29,107,354,139,,113,,,75,,,97,86
2015-05-24 12:00:00,68,97,140,126,,116,,,86,,,98,85
2015-05-24 13:00:00,65,122,140,132,,117,,,106,,,97,116
2015-05-24 14:00:00,139,129,147,122,,132,,,142,,,108,90
2015-05-24 15:00:00,114,118,167,144,,124,,,210,,,106,82
2015-05-24 16:00:00,124,127,165,136,,113,,,134,,,89,75
2015-05-24 17:00:00,123,133,162,136,,126,,,149,,,81,69
2015-05-24 18:00:00,125,104,157,130,,92,,,118,,,104,76
2015-05-24 19:00:00,101,103,136,102,,94,,,76,,,120,75
2015-05-24 20:00:00,71,103,131,120,,99,,,114,,,139,131
2015-05-24 21:00:00,75,105,151,106,,101,,,127,,,139,111
2015-05-24 22:00:00,95,112,145,116,,118,,,149,,,131,125
2015-05-24 23:00:00,83,85,143,124,,85,,,108,,,125,142
2015-05-25 00:00:00,53,105,120,125,,95,,,100,,,124,133
2015-05-25 01:00:00,353,111,127,120,,105,,,118,,,168,135
2015-05-25 02:00:00,9,110,134,165,,109,,,246,,,312,148
2015-05-25 03:00:00,341,116,139,189,,78,,,126,,,289,205
2015-05-25 04:00:00,341,86,143,282,,53,,,198,,,282,252
2015-05-25 05:00:00,249,62,146,299,,73,,,247,,,256,236
2015-05-25 06:00:00,226,38,96,301,,28,,,254,,,323,252
2015-05-25 07:00:00,249,6,103,291,,351,,,255,,,293,283
2015-05-25 08:00:00,304,349,49,295,,333,,,268,,,293,276
2015-05-25 09:00:00,349,53,17,132,,2,,,111,,,56,93
2015-05-25 10:00:00,30,45,74,187,,27,,,95,,,95,102
2015-05-25 11:00:00,64,92,57,146,,90,,,83,,,92,101
2015-05-25 12:00:00,90,100,122,123,,96,,,98,,,96,84
2015-05-25 13:00:00,76,114,143,104,,99,,,89,,,91,79
2015-05-25 14:00:00,56,114,152,105,,91,,,92,,,95,65
2015-05-25 15:00:00,85,111,147,98,,93,,,95,,,95,72
2015-05-25 16:00:00,123,113,145,100,,98,,,93,,,93,80
2015-05-25 17:00:00,123,115,152,100,,107,,,93,,,100,86
2015-05-25 18:00:00,125,112,150,101,,103,,,95,,,115,74
2015-05-25 19:00:00,114,108,144,103,,109,,,101,,,104,69
2015-05-25 20:00:00,106,108,145,95,,105,,,127,,,94,67
2015-05-25 21:00:00,103,95,144,83,,99,,,178,,,155,85
2015-05-25 22:00:00,120,76,117,90,,91,,,232,,,156,135
2015-05-25 23:00:00,108,96,114,111,,100,,,85,,,143,142
2015-05-26 00:00:00,11,95,125,134,,107,,,93,,,145,145
2015-05-26 01:00:00,350,96,140,195,,94,,,68,,,127,166
2015-05-26 02:00:00,34,99,118,108,,91,,,80,,,137,126
2015-05-26 03:00:00,54,100,136,114,,86,,,103,,,110,123
2015-05-26 04:00:00,5,96,148,161,,59,,,102,,,89,136
2015-05-26 05:00:00,30,77,142,128,,59,,,79,,,112,132
2015-05-26 06:00:00,60,66,140,126,,53,,,57,,,151,125
2015-05-26 07:00:00,73,75,118,81,,74,,,52,,,135,101
2015-05-26 08:00:00,68,97,128,90,,79,,,62,,,132,96
2015-05-26 09:00:00,60,84,136,95,,83,,,77,,,132,102
2015-05-26 10:00:00,52,77,144,72,,77,,,74,,,125,92
2015-05-26 11:00:00,54,85,140,80,,72,,,91,,,117,84
2015-05-26 12:00:00,37,62,133,71,,81,,,81,,,109,82
2015-05-26 13:00:00,34,82,100,82,,80,,,81,,,104,88
2015-05-26 14:00:00,66,105,110,87,,87,,,79,,,93,70
2015-05-26 15:00:00,58,105,126,95,,88,,,91,,,99,83
2015-05-26 16:00:00,75,115,133,97,,86,,,99,,,108,89
2015-05-26 17:00:00,122,119,141,105,,102,,,96,,,86,80
2015-05-26 18:00:00,124,108,145,104,,93,,,91,,,83,79
2015-05-26 19:00:00,114,109,125,103,,88,,,88,,,90,79
2015-05-26 20:00:00,116,111,128,105,,78,,,95,,,99,87
2015-05-26 21:00:00,112,103,139,106,,86,,,88,,,106,83
2015-05-26 22:00:00,101,101,130,101,,88,,,74,,,105,76
2015-05-26 23:00:00,58,95,123,105,,89,,,72,,,111,78
2015-05-27 00:00:00,65,103,118,111,,94,,,69,,,124,91
2015-05-27 01:00:00,68,110,125,110,,94,,,75,,,133,92
2015-05-27 02:00:00,43,109,144,104,,101,,,80,,,143,89
2015-05-27 03:00:00,32,96,146,101,,87,,,79,,,155,105
2015-05-27 04:00:00,26,102,145,124,,88,,,74,,,134,121
2015-05-27 05:00:00,70,108,144,134,,91,,,77,,,121,122
2015-05-27 06:00:00,43,102,147,135,,83,,,76,,,140,126
2015-05-27 07:00:00,50,102,146,134,,72,,,74,,,122,105
2015-05-27 08:00:00,48,79,118,60,,63,,,68,,,127,96
2015-05-27 09:00:00,55,93,103,76,,79,,,81,,,128,93
2015-05-27 10:00:00,57,100,122,94,,77,,,90,,,126,93
2015-05-27 11:00:00,47,96,124,88,,80,,,87,,,113,91
2015-05-27 12:00:00,54,109,126,86,,89,,,104,,,109,88
2015-05-27 13:00:00,67,105,132,90,,90,,,103,,,111,85
2015-05-27 14:00:00,82,110,125,109,,97,,,113,,,95,95
2015-05-27 15:00:00,92,109,137,109,,99,,,120,,,97,100
2015-05-27 16:00:00,138,107,125,122,,92,,,107,,,97,89
2015-05-27 17:00:00,128,118,132,123,,96,,,99,,,85,74
2015-05-27 18:00:00,122,107,123,105,,88,,,110,,,91,89
2015-05-27 19:00:00,105,103,127,105,,94,,,101,,,96,93
2015-05-27 20:00:00,105,107,136,103,,96,,,97,,,92,81
2015-05-27 21:00:00,81,107,132,103,,97,,,94,,,84,76
2015-05-27 22:00:00,79,115,144,104,,106,,,83,,,89,80
2015-05-27 23:00:00,84,110,150,106,,102,,,75,,,92,78
2015-05-28 00:00:00,71,106,146,106,,98,,,72,,,89,80
2015-05-28 01:00:00,64,103,137,101,,91,,,64,,,93,86
2015-05-28 02:00:00,47,104,128,108,,93,,,66,,,115,85
2015-05-28 03:00:00,45,105,137,105,,90,,,77,,,134,100
2015-05-28 04:00:00,51,104,141,108,,89,,,82,,,158,97
2015-05-28 05:00:00,59,108,144,106,,94,,,68,,,160,94
2015-05-28 06:00:00,54,104,146,116,,86,,,71,,,147,108
2015-05-28 07:00:00,41,102,126,148,,71,,,65,,,39,120
2015-05-28 08:00:00,36,49,88,245,,48,,,62,,,306,127
2015-05-28 09:00:00,17,73,83,222,,65,,,63,,,24,98
2015-05-28 10:00:00,54,80,110,91,,88,,,104,,,104,88
2015-05-28 11:00:00,60,112,152,92,,87,,,79,,,99,94
2015-05-28 12:00:00,44,103,132,82,,93,,,85,,,102,89
2015-05-28 13:00:00,70,105,150,87,,100,,,95,,,97,70
2015-05-28 14:00:00,54,121,135,90,,96,,,97,,,99,80
2015-05-28 15:00:00,103,131,151,132,,113,,,112,,,103,97
2015-05-28 16:00:00,130,121,170,119,,109,,,99,,,104,88
2015-05-28 17:00:00,119,122,160,105,,114,,,104,,,107,80
2015-05-28 18:00:00,104,118,162,100,,102,,,179,,,173,120
2015-05-28 19:00:00,95,113,169,104,,144,,,157,,,274,213
2015-05-28 20:00:00,107,105,171,193,,211,,,169,,,285,282
2015-05-28 21:00:00,232,100,128,182,,98,,,105,,,317,263
2015-05-28 22:00:00,241,112,132,98,,101,,,95,,,108,116
2015-05-28 23:00:00,79,99,144,100,,92,,,90,,,245,76
2015-05-29 00:00:00,52,87,124,120,,93,,,73,,,123,94
2015-05-29 01:00:00,36,104,109,137,,91,,,79,,,101,113
2015-05-29 02:00:00,49,65,117,122,,64,,,73,,,114,125
2015-05-29 03:00:00,23,94,96,143,,91,,,71,,,113,118
2015-05-29 04:00:00,46,76,109,95,,79,,,64,,,127,110
2015-05-29 05:00:00,40,72,101,115,,68,,,63,,,119,117
2015-05-29 06:00:00,58,103,82,127,,130,,,77,,,111,110
2015-05-29 07:00:00,64,108,159,106,,116,,,86,,,89,96
2015-05-29 08:00:00,64,97,142,106,,74,,,88,,,113,112
2015-05-29 09:00:00,73,101,116,106,,1,,,93,,,101,90
2015-05-29 10:00:00,63,106,108,104,,129,,,95,,,93,76
2015-05-29 11:00:00,69,96,141,94,,101,,,83,,,81,71
2015-05-29 12:00:00,59,106,132,98,,96,,,86,,,86,72
2015-05-29 13:00:00,66,109,140,104,,100,,,88,,,88,84
2015-05-29 14:00:00,92,111,150,99,,101,,,86,,,91,78
2015-05-29 15:00:00,112,111,144,95,,98,,,86,,,82,83
2015-05-29 16:00:00,90,113,142,101,,100,,,93,,,78,85
2015-05-29 17:00:00,84,108,146,103,,100,,,102,,,84,89
2015-05-29 18:00:00,90,104,137,99,,94,,,98,,,89,83
2015-05-29 19:00:00,96,99,130,100,,93,,,98,,,89,82
2015-05-29 20:00:00,89,107,120,100,,98,,,84,,,88,77
2015-05-29 21:00:00,93,107,130,101,,95,,,77,,,96,83
2015-05-29 22:00:00,75,100,144,104,,93,,,78,,,121,76
2015-05-29 23:00:00,61,97,133,113,,89,,,73,,,104,80
2015-05-30 00:00:00,55,93,146,144,,75,,,67,,,124,107
2015-05-30 01:00:00,26,81,122,116,,56,,,68,,,141,110
2015-05-30 02:00:00,35,64,102,126,,43,,,70,,,121,124
2015-05-30 03:00:00,31,104,136,86,,53,,,60,,,116,127
2015-05-30 04:00:00,45,105,120,211,,49,,,73,,,83,140
2015-05-30 05:00:00,53,60,119,211,,54,,,62,,,327,121
2015-05-30 06:00:00,51,76,86,254,,57,,,66,,,1,99
2015-05-30 07:00:00,74,68,111,264,,79,,,70,,,147,94
2015-05-30 08:00:00,72,67,114,200,,67,,,58,,,117,86
2015-05-30 09:00:00,68,74,104,135,,59,,,74,,,104,78
2015-05-30 10:00:00,58,73,122,69,,49,,,73,,,96,89
2015-05-30 11:00:00,44,42,160,97,,44,,,84,,,113,88
2015-05-30 12:00:00,359,111,106,101,,102,,,84,,,100,81
2015-05-30 13:00:00,68,110,146,97,,96,,,86,,,72,66
2015-05-30 14:00:00,55,108,139,97,,92,,,95,,,69,75
2015-05-30 15:00:00,81,103,142,103,,92,,,109,,,83,88
2015-05-30 16:00:00,77,80,134,94,,72,,,95,,,74,91
2015-05-30 17:00:00,72,1,97,49,,17,,,73,,,61,61
2015-05-30 18:00:00,,358,14,68,,25,,,161,,,114,120
2015-05-30 19:00:00,,60,13,119,,98,,,98,,,100,106
2015-05-30 20:00:00,,227,1,176,,253,,,196,,,114,115
2015-05-30 21:00:00,,142,216,104,,48,,,112,,,109,96
2015-05-30 22:00:00,,117,185,128,,352,,,178,,,121,102
2015-05-30 23:00:00,,101,168,142,,297,,,246,,,136,103
2015-05-31 00:00:00,,341,25,256,,316,,,212,,,210,151
2015-05-31 01:00:00,,358,4,287,,310,,,188,,,75,159
2015-05-31 02:00:00,,12,2,294,,95,,,57,,,39,147
2015-05-31 03:00:00,,2,24,248,,129,,,92,,,100,115
2015-05-31 04:00:00,,16,356,289,,78,,,129,,,110,106
2015-05-31 05:00:00,,19,13,302,,89,,,71,,,109,98
2015-05-31 06:00:00,,346,11,197,,56,,,75,,,123,98
2015-05-31 07:00:00,,355,343,139,,64,,,89,,,104,99
2015-05-31 08:00:00,,327,354,127,,125,,,143,,,92,57
2015-05-31 09:00:00,,318,355,152,,93,,,263,,,15,241
2015-05-31 10:00:00,,328,332,245,,338,,,187,,,5,346
2015-05-31 11:00:00,,56,358,193,,70,,,130,,,44,100
2015-05-31 12:00:00,,46,15,199,,71,,,95,,,90,68
2015-05-31 13:00:00,,68,60,91,,95,,,70,,,98,73
2015-05-31 14:00:00,,98,99,104,,107,,,90,,,92,98
2015-05-31 15:00:00,,90,,101,,76,,,92,,,96,87
2015-05-31 16:00:00,,96,106,96,,82,,,95,,,89,84
2015-05-31 17:00:00,57,101,128,102,,85,,,109,,,77,76
2015-05-31 18:00:00,72,96,128,96,,93,,,122,,,100,107
2015-05-31 19:00:00,86,103,146,104,,97,,,115,,,99,92
2015-05-31 20:00:00,80,109,144,105,,101,,,92,,,87,79
2015-05-31 21:00:00,107,111,131,105,,106,,,84,,,96,76
2015-05-31 22:00:00,73,111,147,112,,110,,,75,,,105,79
2015-05-31 23:00:00,101,96,168,108,,76,,,135,,,121,87
2015-06-01 00:00:00,122,99,145,112,337,316,,,169,,,114,120
2015-06-01 01:00:00,97,120,142,206,335,309,,,117,,,139,146
2015-06-01 02:00:00,70,29,110,311,334,330,,,128,,,71,175
2015-06-01 03:00:00,13,344,14,286,333,314,,,169,,,329,205
2015-06-01 04:00:00,8,314,353,294,332,305,,,255,,,348,253
2015-06-01 05:00:00,319,307,315,298,328,296,,,264,,,298,252
2015-06-01 06:00:00,258,320,328,315,326,299,,,275,,,322,267
2015-06-01 07:00:00,288,331,329,315,335,146,,,250,,,354,284
2015-06-01 08:00:00,181,355,324,234,347,61,,,250,,,31,317
2015-06-01 09:00:00,21,9,334,158,345,62,,,143,,,77,96
2015-06-01 10:00:00,55,65,31,113,342,77,,,77,,,114,84
2015-06-01 11:00:00,65,102,80,107,343,92,,,83,,,95,
2015-06-01 12:00:00,71,100,139,105,346,85,,,83,,,94,68
2015-06-01 13:00:00,66,112,146,110,321,97,,,101,,,89,71
2015-06-01 14:00:00,77,109,147,101,244,96,,,107,,,92,95
2015-06-01 15:00:00,86,104,139,101,258,90,,,105,,,100,104
2015-06-01 16:00:00,81,103,140,100,211,96,,,118,,,74,82
2015-06-01 17:00:00,83,110,135,105,229,101,,,126,,,85,95
2015-06-01 18:00:00,84,108,143,115,313,114,,,121,,,98,97
2015-06-01 19:00:00,120,109,145,114,329,101,,,110,,,91,89
2015-06-01 20:00:00,118,109,147,108,310,92,,,113,,,104,83
2015-06-01 21:00:00,115,111,145,105,323,96,,,111,,,100,76
2015-06-01 22:00:00,111,105,151,101,326,93,,,107,,,113,78
2015-06-01 23:00:00,107,97,139,94,309,34,,,79,,,137,81
2015-06-02 00:00:00,98,35,103,123,310,345,,,81,,,150,131
2015-06-02 01:00:00,62,15,96,287,350,317,,,55,,,130,172
2015-06-02 02:00:00,6,48,103,297,352,287,,,67,,,88,171
2015-06-02 03:00:00,5,33,139,295,259,324,,,102,,,115,170
2015-06-02 04:00:00,326,25,108,322,241,306,,,141,,,251,192
2015-06-02 05:00:00,331,21,77,295,262,1,,,89,,,301,227
2015-06-02 06:00:00,3,335,37,315,247,319,,,125,,,319,263
2015-06-02 07:00:00,345,4,10,320,228,334,,,209,,,338,11
2015-06-02 08:00:00,1,36,38,285,160,42,,,128,,,333,72
2015-06-02 09:00:00,14,42,57,99,244,73,,,55,,,62,86
2015-06-02 10:00:00,42,101,117,88,295,83,,,61,,,117,86
2015-06-02 11:00:00,45,108,150,99,294,91,,,88,,,100,71
2015-06-02 12:00:00,48,104,148,102,311,86,,,93,,,99,59
2015-06-02 13:00:00,48,110,142,95,300,103,,,96,,,90,65
2015-06-02 14:00:00,66,123,138,107,239,97,,,99,,,89,83
2015-06-02 15:00:00,98,114,151,105,233,92,,,103,,,95,107
2015-06-02 16:00:00,123,115,139,106,169,100,,,105,,,92,108
2015-06-02 17:00:00,103,107,142,109,226,102,,,99,,,101,110
2015-06-02 18:00:00,122,106,139,104,190,101,,,111,,,89,92
2015-06-02 19:00:00,125,102,136,100,219,92,,,113,,,94,92
2015-06-02 20:00:00,100,107,122,103,247,97,,,104,,,106,84
2015-06-02 21:00:00,107,117,143,106,266,107,,,107,,,117,76
2015-06-02 22:00:00,115,108,159,106,264,101,,,105,,,123,79
2015-06-02 23:00:00,110,107,148,101,337,94,,,78,,,127,164
2015-06-03 00:00:00,91,100,145,142,345,105,,,77,,,136,151
2015-06-03 01:00:00,51,77,141,186,335,74,,,73,,,59,152
2015-06-03 02:00:00,24,38,113,215,312,68,,,73,,,104,125
2015-06-03 03:00:00,351,54,105,274,149,313,,,76,,,75,208
2015-06-03 04:00:00,259,43,114,320,128,356,,,59,,,331,239
2015-06-03 05:00:00,356,56,149,321,125,320,,,93,,,357,258
2015-06-03 06:00:00,357,31,185,323,119,33,,,91,,,303,282
2015-06-03 07:00:00,13,11,148,294,102,30,,,47,,,99,94
2015-06-03 08:00:00,9,9,68,309,167,5,,,70,,,123,92
2015-06-03 09:00:00,28,0,24,291,173,346,,,150,,,100,94
2015-06-03 10:00:00,18,4,10,243,159,342,,,93,,,83,77
2015-06-03 11:00:00,7,105,79,162,193,122,,,86,,,106,78
2015-06-03 12:00:00,48,103,142,108,217,,,,82,,,106,68
2015-06-03 13:00:00,43,101,140,102,289,99,,,87,,,106,62
2015-06-03 14:00:00,50,115,146,107,249,99,,,90,,,88,61
2015-06-03 15:00:00,55,109,146,99,243,99,,,99,,,97,102
2015-06-03 16:00:00,113,115,150,100,197,103,,,98,,,91,102
2015-06-03 17:00:00,120,126,150,104,211,109,,,96,,,86,97
2015-06-03 18:00:00,125,121,152,112,227,106,,,103,,,95,93
2015-06-03 19:00:00,129,107,145,110,240,106,,,110,,,89,88
2015-06-03 20:00:00,131,116,145,107,251,96,,,108,,,93,79
2015-06-03 21:00:00,115,113,140,103,236,102,,,107,,,102,80
2015-06-03 22:00:00,108,99,141,104,250,92,,,84,,,127,79
2015-06-03 23:00:00,79,103,144,106,280,101,,,82,,,116,85
2015-06-04 00:00:00,62,93,145,121,264,91,,,79,,,126,102
2015-06-04 01:00:00,39,74,128,191,329,82,,,57,,,137,110
2015-06-04 02:00:00,31,41,113,272,342,67,,,64,,,137,119
2015-06-04 03:00:00,46,71,111,266,324,66,,,58,,,123,90
2015-06-04 04:00:00,43,102,118,277,298,47,,,63,,,120,93
2015-06-04 05:00:00,12,74,132,246,286,36,,,50,,,167,150
2015-06-04 06:00:00,21,71,146,281,270,35,,,53,,,110,115
2015-06-04 07:00:00,44,67,152,213,309,44,,,73,,,125,98
2015-06-04 08:00:00,55,75,123,70,341,63,,,70,,,139,97
2015-06-04 09:00:00,56,74,132,74,333,70,,,76,,,127,93
2015-06-04 10:00:00,36,93,134,79,327,76,,,73,,,119,77
2015-06-04 11:00:00,63,96,162,74,285,77,,,80,,,114,66
2015-06-04 12:00:00,50,104,156,91,237,90,,,82,,,91,55
2015-06-04 13:00:00,57,107,146,93,199,,,,99,,,80,66
2015-06-04 14:00:00,77,111,147,106,169,107,,,105,,,91,95
2015-06-04 15:00:00,112,117,150,106,199,98,,,110,,,81,95
2015-06-04 16:00:00,127,108,146,105,225,97,,,112,,,84,94
2015-06-04 17:00:00,110,109,146,105,243,95,,,113,,,86,92
2015-06-04 18:00:00,98,103,145,111,239,99,,,118,,,80,89
2015-06-04 19:00:00,102,106,141,106,284,93,,,105,,,83,91
2015-06-04 20:00:00,89,105,142,104,290,99,,,101,,,93,99
2015-06-04 21:00:00,113,116,131,106,280,106,,,116,,,89,94
2015-06-04 22:00:00,103,116,143,107,238,110,,,101,,,82,83
2015-06-04 23:00:00,117,104,146,108,204,106,,,78,,,87,80
2015-06-05 00:00:00,119,95,138,102,234,91,,,73,,,108,92
2015-06-05 01:00:00,53,97,119,107,235,90,,,85,,,129,112
2015-06-05 02:00:00,29,94,124,138,238,94,,,77,,,141,104
2015-06-05 03:00:00,45,104,124,128,273,86,,,74,,,126,103
2015-06-05 04:00:00,50,106,120,103,278,81,,,70,,,131,100
2015-06-05 05:00:00,48,98,136,86,238,76,,,76,,,144,100
2015-06-05 06:00:00,60,99,129,95,288,72,,,66,,,143,115
2015-06-05 07:00:00,43,85,145,88,292,63,,,68,,,114,113
2015-06-05 08:00:00,52,91,138,111,306,66,,,80,,,127,102
2015-06-05 09:00:00,47,100,150,74,287,72,,,82,,,131,96
2015-06-05 10:00:00,48,91,135,83,281,71,,,66,,,123,81
2015-06-05 11:00:00,47,95,121,88,257,77,,,85,,,122,72
2015-06-05 12:00:00,55,100,127,93,249,90,,,82,,,98,70
2015-06-05 13:00:00,69,108,138,103,261,95,,,96,,,87,90
2015-06-05 14:00:00,122,119,139,107,226,108,,,103,,,91,93
2015-06-05 15:00:00,130,115,139,115,231,104,,,104,,,85,88
2015-06-05 16:00:00,116,107,142,111,223,103,,,117,,,85,81
2015-06-05 17:00:00,103,120,144,116,218,110,,,108,,,92,84
2015-06-05 18:00:00,95,106,144,115,208,96,,,113,,,91,92
2015-06-05 19:00:00,86,108,138,108,223,91,,,111,,,87,83
2015-06-05 20:00:00,106,103,127,103,216,90,,,111,,,92,93
2015-06-05 21:00:00,115,108,128,98,165,97,,,112,,,91,80
2015-06-05 22:00:00,79,123,144,106,321,110,,,98,,,80,77
2015-06-05 23:00:00,74,107,147,104,310,98,,,78,,,90,80
2015-06-06 00:00:00,64,95,134,104,314,88,,,79,,,99,86
2015-06-06 01:00:00,42,98,116,91,301,93,,,73,,,126,89
2015-06-06 02:00:00,47,92,115,110,298,91,,,86,,,129,99
2015-06-06 03:00:00,45,105,119,102,283,92,,,83,,,136,98
2015-06-06 04:00:00,40,97,121,103,271,95,,,69,,,145,104
2015-06-06 05:00:00,46,87,118,112,273,95,,,65,,,138,115
2015-06-06 06:00:00,46,109,121,161,219,64,,,72,,,108,125
2015-06-06 07:00:00,41,111,117,117,303,73,,,81,,,109,109
2015-06-06 08:00:00,60,103,142,97,287,77,,,65,,,127,104
2015-06-06 09:00:00,57,108,145,82,225,82,,,69,,,125,110
2015-06-06 10:00:00,59,111,163,107,306,116,,,75,,,125,98
2015-06-06 11:00:00,67,117,150,90,302,106,,,80,,,123,111
2015-06-06 12:00:00,48,110,156,79,289,88,,,86,,,110,81
2015-06-06 13:00:00,50,112,157,92,193,101,,,99,,,78,76
2015-06-06 14:00:00,78,109,143,101,135,95,,,97,,,92,95
2015-06-06 15:00:00,114,122,148,108,137,101,,,106,,,91,92
2015-06-06 16:00:00,122,120,152,117,159,108,,,109,,,86,85
2015-06-06 17:00:00,118,130,157,112,162,120,,,106,,,84,83
2015-06-06 18:00:00,120,128,154,110,165,114,,,108,,,85,84
2015-06-06 19:00:00,122,129,159,112,192,111,,,102,,,86,85
2015-06-06 20:00:00,122,119,166,118,169,107,,,119,,,94,80
2015-06-06 21:00:00,123,108,156,105,137,100,,,110,,,87,83
2015-06-06 22:00:00,102,112,138,108,146,108,,,110,,,83,83
2015-06-06 23:00:00,95,104,145,102,140,99,,,90,,,82,87
2015-06-07 00:00:00,104,88,127,96,132,90,,,69,,,90,76
2015-06-07 01:00:00,69,91,116,93,115,83,,,73,,,83,72
2015-06-07 02:00:00,62,89,111,93,116,89,,,73,,,84,72
2015-06-07 03:00:00,58,102,116,102,115,96,,,65,,,93,80
2015-06-07 04:00:00,58,102,115,113,116,98,,,65,,,100,82
2015-06-07 05:00:00,60,96,124,117,130,101,,,76,,,129,87
2015-06-07 06:00:00,57,98,127,122,145,110,,,77,,,119,115
2015-06-07 07:00:00,58,94,130,84,138,89,,,74,,,107,120
2015-06-07 08:00:00,52,94,129,70,132,84,,,77,,,113,116
2015-06-07 09:00:00,38,99,129,104,135,167,,,71,,,109,121
2015-06-07 10:00:00,7,109,165,114,139,190,,,83,,,116,121
2015-06-07 11:00:00,358,112,157,155,139,121,,,88,,,118,139
2015-06-07 12:00:00,357,106,158,106,142,119,,,97,,,118,112
2015-06-07 13:00:00,311,118,148,113,133,108,,,97,,,92,80
2015-06-07 14:00:00,54,113,155,117,142,110,,,98,,,80,83
2015-06-07 15:00:00,123,117,147,107,82,109,,,106,,,84,91
2015-06-07 16:00:00,129,116,150,114,120,109,,,106,,,88,86
2015-06-07 17:00:00,125,126,161,110,165,116,,,103,,,86,84
2015-06-07 18:00:00,117,125,155,108,317,109,,,106,,,85,80
2015-06-07 19:00:00,119,116,159,108,353,105,,,94,,,86,77
2015-06-07 20:00:00,112,115,154,106,357,112,,,106,,,101,91
2015-06-07 21:00:00,108,123,151,106,354,118,,,93,,,97,89
2015-06-07 22:00:00,113,112,163,108,351,111,,,114,,,90,86
2015-06-07 23:00:00,132,108,151,108,341,105,,,89,,,111,87
2015-06-08 00:00:00,105,104,134,116,342,102,,,82,,,126,98
2015-06-08 01:00:00,51,99,115,138,355,100,,,84,,,111,110
2015-06-08 02:00:00,57,91,116,93,292,98,,,81,,,139,116
2015-06-08 03:00:00,36,102,115,94,279,95,,,79,,,126,119
2015-06-08 04:00:00,44,101,147,109,332,89,,,87,,,141,122
2015-06-08 05:00:00,45,107,146,112,288,86,,,84,,,129,116
2015-06-08 06:00:00,49,92,151,167,345,55,,,172,,,342,206
2015-06-08 07:00:00,13,61,164,272,353,51,,,97,,,37,102
2015-06-08 08:00:00,5,72,92,214,355,38,,,72,,,103,94
2015-06-08 09:00:00,29,57,129,233,356,53,,,57,,,123,91
2015-06-08 10:00:00,54,42,130,154,354,60,,,68,,,114,104
2015-06-08 11:00:00,28,98,125,86,354,60,,,60,,,118,98
2015-06-08 12:00:00,46,113,155,73,354,96,,,79,,,117,87
2015-06-08 13:00:00,49,110,160,101,353,104,,,90,,,95,86
2015-06-08 14:00:00,54,108,163,86,349,102,,,88,,,97,94
2015-06-08 15:00:00,91,107,158,100,354,96,,,97,,,100,106
2015-06-08 16:00:00,98,116,152,108,354,114,,,108,,,99,95
2015-06-08 17:00:00,124,130,153,116,351,116,,,110,,,92,88
2015-06-08 18:00:00,131,123,154,123,356,131,,,125,,,96,83
2015-06-08 19:00:00,126,129,159,129,355,126,,,121,,,102,81
2015-06-08 20:00:00,124,128,171,131,359,112,,,129,,,119,98
2015-06-08 21:00:00,113,118,166,112,359,106,,,106,,,120,128
2015-06-08 22:00:00,123,102,142,91,358,86,,,82,,,124,96
2015-06-08 23:00:00,90,103,136,100,358,99,,,82,,,113,85
2015-06-09 00:00:00,65,104,132,106,356,98,,,75,,,120,83
2015-06-09 01:00:00,60,103,126,132,357,108,,,75,,,138,102
2015-06-09 02:00:00,39,91,122,138,353,88,,,75,,,130,109
2015-06-09 03:00:00,54,79,117,155,345,76,,,49,,,138,111
2015-06-09 04:00:00,46,95,143,93,345,68,,,54,,,132,113
2015-06-09 05:00:00,43,14,144,127,345,62,,,69,,,150,126
2015-06-09 06:00:00,46,21,111,244,343,40,,,60,,,111,111
2015-06-09 07:00:00,21,56,105,151,348,58,,,58,,,157,100
2015-06-09 08:00:00,45,50,117,103,354,50,,,66,,,168,99
2015-06-09 09:00:00,37,34,166,122,356,62,,,78,,,143,84
2015-06-09 10:00:00,31,49,146,141,338,60,,,71,,,137,90
2015-06-09 11:00:00,23,88,135,97,353,79,,,79,,,115,83
2015-06-09 12:00:00,47,,142,92,346,88,,,84,,,102,74
2015-06-09 13:00:00,54,108,146,103,334,95,,,85,,,87,78
2015-06-09 14:00:00,75,115,150,116,352,104,,,101,,,90,90
2015-06-09 15:00:00,98,118,157,113,348,103,,,99,,,85,95
2015-06-09 16:00:00,130,126,155,112,343,115,,,116,,,84,100
2015-06-09 17:00:00,129,117,149,112,356,109,,,116,,,87,89
2015-06-09 18:00:00,126,126,155,124,356,120,,,124,,,85,79
2015-06-09 19:00:00,132,121,158,112,357,105,,,117,,,87,76
2015-06-09 20:00:00,119,123,154,108,356,107,,,111,,,93,80
2015-06-09 21:00:00,115,123,166,103,359,106,,,113,,,120,88
2015-06-09 22:00:00,122,97,135,100,359,79,,,112,,,115,109
2015-06-09 23:00:00,86,103,118,107,357,98,,,92,,,102,85
2015-06-10 00:00:00,72,104,135,103,359,96,,,90,,,103,78
2015-06-10 01:00:00,66,99,135,99,357,89,,,77,,,138,92
2015-06-10 02:00:00,53,82,119,107,349,88,,,75,,,120,99
2015-06-10 03:00:00,48,105,119,86,346,88,,,72,,,112,98
2015-06-10 04:00:00,54,99,129,96,349,90,,,77,,,123,102
2015-06-10 05:00:00,39,86,153,147,344,61,,,98,,,127,126
2015-06-10 06:00:00,42,97,150,92,339,82,,,84,,,113,114
2015-06-10 07:00:00,63,67,156,198,329,52,,,76,,,122,114
2015-06-10 08:00:00,56,36,114,206,356,67,,,97,,,76,103
2015-06-10 09:00:00,12,55,78,202,357,54,,,76,,,94,100
2015-06-10 10:00:00,53,64,65,173,357,45,,,100,,,80,107
2015-06-10 11:00:00,43,111,169,140,357,95,,,89,,,103,89
2015-06-10 12:00:00,50,109,152,107,354,98,,,80,,,102,80
2015-06-10 13:00:00,54,108,157,102,346,94,,,87,,,87,77
2015-06-10 14:00:00,68,116,150,102,355,97,,,108,,,96,100
2015-06-10 15:00:00,99,116,150,105,357,106,,,99,,,94,96
2015-06-10 16:00:00,137,121,149,106,357,110,,,120,,,87,99
2015-06-10 17:00:00,136,129,156,125,344,116,,,128,,,96,107
2015-06-10 18:00:00,134,121,144,122,326,113,,,125,,,85,99
2015-06-10 19:00:00,121,116,134,119,358,105,,,118,,,80,85
2015-06-10 20:00:00,116,110,149,105,356,104,,,113,,,83,79
2015-06-10 21:00:00,111,104,142,99,359,93,,,93,,,112,85
2015-06-10 22:00:00,96,107,130,104,330,101,,,92,,,96,86
2015-06-10 23:00:00,100,110,148,109,328,110,,,81,,,111,81
2015-06-11 00:00:00,92,94,143,110,322,95,,,77,,,120,84
2015-06-11 01:00:00,71,83,117,100,350,97,,,68,,,123,107
2015-06-11 02:00:00,36,83,116,123,354,80,,,73,,,114,123
2015-06-11 03:00:00,13,105,116,77,357,105,,,83,,,126,114
2015-06-11 04:00:00,7,107,117,100,357,104,,,70,,,109,121
2015-06-11 05:00:00,53,105,135,140,355,82,,,73,,,113,124
2015-06-11 06:00:00,58,73,146,107,356,71,,,84,,,103,106
2015-06-11 07:00:00,59,65,128,124,358,71,,,69,,,109,95
2015-06-11 08:00:00,59,71,117,108,359,89,,,60,,,82,91
2015-06-11 09:00:00,56,77,121,215,359,119,,,88,,,77,94
2015-06-11 10:00:00,9,61,95,160,359,102,,,77,,,93,87
2015-06-11 11:00:00,24,68,126,131,359,80,,,88,,,101,97
2015-06-11 12:00:00,344,105,119,109,358,76,,,99,,,107,78
2015-06-11 13:00:00,15,102,146,123,310,88,,,92,,,106,82
2015-06-11 14:00:00,50,110,143,116,348,99,,,86,,,87,76
2015-06-11 15:00:00,,116,151,95,357,93,,,92,,,86,74
2015-06-11 16:00:00,,121,155,98,225,105,,,96,,,94,100
2015-06-11 17:00:00,,128,160,106,177,104,,,87,,,92,94
2015-06-11 18:00:00,,124,166,107,212,109,,,100,,,90,83
2015-06-11 19:00:00,,123,156,110,282,112,,,108,,,82,78
2015-06-11 20:00:00,,116,148,107,277,106,,,110,,,87,77
2015-06-11 21:00:00,,104,139,103,282,102,,,94,,,102,76
2015-06-11 22:00:00,,104,135,105,269,101,,,86,,,89,73
2015-06-11 23:00:00,,104,139,106,273,94,,,79,,,92,74
2015-06-12 00:00:00,,98,131,103,194,91,,,72,,,97,76
2015-06-12 01:00:00,,105,129,107,264,89,,,71,,,97,77
2015-06-12 02:00:00,,100,128,94,236,88,,,83,,,111,85
2015-06-12 03:00:00,,97,126,97,184,89,,,75,,,123,104
2015-06-12 04:00:00,,103,127,96,177,92,,,82,,,129,86
2015-06-12 05:00:00,,98,129,126,198,110,,,83,,,128,110
2015-06-12 06:00:00,,101,132,102,197,103,,,72,,,119,122
2015-06-12 07:00:00,47,105,148,125,172,114,,,87,,,100,111
2015-06-12 08:00:00,27,50,135,235,206,66,,,77,,,89,100
2015-06-12 09:00:00,4,60,113,197,273,69,,,81,,,36,88
2015-06-12 10:00:00,23,69,113,142,328,69,,,77,,,119,86
2015-06-12 11:00:00,60,61,88,81,343,70,,,84,,,108,83
2015-06-12 12:00:00,59,98,119,86,354,84,,,86,,,95,79
2015-06-12 13:00:00,59,107,136,95,344,100,,,101,,,87,63
2015-06-12 14:00:00,60,116,142,103,308,106,,,98,,,90,91
2015-06-12 15:00:00,107,121,154,104,240,105,,,105,,,89,96
2015-06-12 16:00:00,115,111,153,106,304,104,,,108,,,97,105
2015-06-12 17:00:00,120,121,153,114,251,108,,,119,,,86,90
2015-06-12 18:00:00,122,116,155,114,274,106,,,110,,,84,85
2015-06-12 19:00:00,102,119,150,119,314,119,,,115,,,84,77
2015-06-12 20:00:00,110,106,144,104,317,98,,,100,,,85,74
2015-06-12 21:00:00,97,101,132,103,277,99,,,91,,,84,73
2015-06-12 22:00:00,73,102,134,104,197,101,,,93,,,84,72
2015-06-12 23:00:00,79,102,137,102,178,96,,,83,,,88,70
2015-06-13 00:00:00,72,101,131,107,157,90,,,73,,,98,71
2015-06-13 01:00:00,63,93,128,93,148,78,,,75,,,121,92
2015-06-13 02:00:00,43,85,110,89,148,76,,,67,,,147,80
2015-06-13 03:00:00,57,101,120,108,138,106,,,76,,,119,94
2015-06-13 04:00:00,76,105,146,107,129,110,,,79,,,111,115
2015-06-13 05:00:00,47,111,150,104,183,107,,,77,,,116,111
2015-06-13 06:00:00,43,108,146,135,211,88,,,69,,,121,113
2015-06-13 07:00:00,70,90,139,147,182,69,,,77,,,92,101
2015-06-13 08:00:00,48,59,137,182,170,60,,,66,,,34,92
2015-06-13 09:00:00,28,24,106,168,252,40,,,73,,,56,110
2015-06-13 10:00:00,20,51,48,126,195,61,,,70,,,97,111
2015-06-13 11:00:00,27,78,102,126,147,89,,,92,,,103,99
2015-06-13 12:00:00,46,101,121,76,183,83,,,91,,,99,80
2015-06-13 13:00:00,79,104,140,96,218,88,,,97,,,91,68
2015-06-13 14:00:00,64,119,148,105,250,113,,,113,,,89,94
2015-06-13 15:00:00,127,121,152,112,235,109,,,115,,,87,93
2015-06-13 16:00:00,132,113,146,109,241,105,,,112,,,95,101
2015-06-13 17:00:00,121,106,138,109,265,103,,,120,,,86,97
2015-06-13 18:00:00,107,101,136,105,282,99,,,128,,,90,91
2015-06-13 19:00:00,84,106,137,102,285,103,,,120,,,90,88
2015-06-13 20:00:00,79,116,142,104,282,107,,,104,,,91,85
2015-06-13 21:00:00,74,118,146,107,247,119,,,99,,,92,83
2015-06-13 22:00:00,93,108,146,106,135,108,,,79,,,91,74
2015-06-13 23:00:00,66,111,134,105,125,106,,,72,,,95,73
2015-06-14 00:00:00,76,105,133,103,122,94,,,74,,,101,82
2015-06-14 01:00:00,51,103,120,108,123,97,,,71,,,110,78
2015-06-14 02:00:00,57,110,136,108,122,104,,,71,,,100,73
2015-06-14 03:00:00,58,105,142,96,135,81,,,73,,,88,69
2015-06-14 04:00:00,39,94,121,100,146,76,,,71,,,114,111
2015-06-14 05:00:00,39,85,110,80,156,75,,,66,,,128,94
2015-06-14 06:00:00,59,73,116,100,170,72,,,71,,,118,109
2015-06-14 07:00:00,58,76,116,127,145,73,,,52,,,101,121
2015-06-14 08:00:00,57,101,106,131,125,95,,,71,,,99,108
2015-06-14 09:00:00,85,105,145,102,118,76,,,76,,,99,96
2015-06-14 10:00:00,69,63,163,84,130,81,,,72,,,98,84
2015-06-14 11:00:00,61,114,168,95,136,94,,,73,,,94,82
2015-06-14 12:00:00,47,102,149,105,130,96,,,92,,,90,76
2015-06-14 13:00:00,59,110,154,108,130,95,,,92,,,87,60
2015-06-14 14:00:00,66,113,147,98,129,104,,,100,,,87,88
2015-06-14 15:00:00,96,125,152,102,129,101,,,103,,,91,100
2015-06-14 16:00:00,122,114,157,107,131,99,,,111,,,93,102
2015-06-14 17:00:00,118,108,158,110,141,98,,,124,,,90,90
2015-06-14 18:00:00,117,102,133,105,138,98,,,117,,,89,95
2015-06-14 19:00:00,92,101,138,107,139,101,,,104,,,88,96
2015-06-14 20:00:00,99,113,131,126,137,117,,,148,,,87,76
2015-06-14 21:00:00,122,112,141,129,131,117,,,124,,,112,77
2015-06-14 22:00:00,83,105,142,110,138,95,,,107,,,89,80
2015-06-14 23:00:00,86,106,145,110,133,93,,,106,,,91,78
2015-06-15 00:00:00,76,106,134,110,129,92,,,86,,,93,79
2015-06-15 01:00:00,74,101,130,109,121,90,,,76,,,93,77
2015-06-15 02:00:00,60,100,122,90,136,83,,,75,,,114,82
2015-06-15 03:00:00,49,90,115,100,162,69,,,83,,,137,94
2015-06-15 04:00:00,61,75,109,168,155,55,,,67,,,120,107
2015-06-15 05:00:00,59,63,102,119,165,74,,,59,,,109,113
2015-06-15 06:00:00,75,83,110,124,148,74,,,69,,,110,112
2015-06-15 07:00:00,87,108,129,98,143,71,,,85,,,111,102
2015-06-15 08:00:00,78,101,153,108,138,91,,,94,,,95,94
2015-06-15 09:00:00,67,112,162,104,132,104,,,96,,,100,79
2015-06-15 10:00:00,66,112,148,101,134,99,,,92,,,106,85
2015-06-15 11:00:00,51,105,145,98,137,95,,,92,,,107,72
2015-06-15 12:00:00,64,107,143,108,142,104,,,92,,,89,93
2015-06-15 13:00:00,63,106,143,119,143,109,,,110,,,113,113
2015-06-15 14:00:00,71,113,148,111,149,94,,,118,,,105,115
2015-06-15 15:00:00,74,103,156,102,144,96,,,129,,,107,110
2015-06-15 16:00:00,110,128,131,143,177,105,,,139,,,104,113
2015-06-15 17:00:00,136,135,163,143,180,127,,,145,,,94,94
2015-06-15 18:00:00,137,129,174,136,199,129,,,145,,,79,86
2015-06-15 19:00:00,126,130,174,115,195,115,,,138,,,95,101
2015-06-15 20:00:00,119,145,182,138,232,134,,,179,,,99,98
2015-06-15 21:00:00,124,147,184,127,220,144,,,188,,,84,112
2015-06-15 22:00:00,114,143,172,114,212,141,,,185,,,94,102
2015-06-15 23:00:00,115,108,143,107,225,103,,,134,,,109,122
2015-06-16 00:00:00,109,117,142,109,222,120,,,97,,,120,103
2015-06-16 01:00:00,81,109,150,108,233,107,,,108,,,129,130
2015-06-16 02:00:00,77,54,154,184,255,78,,,171,,,225,180
2015-06-16 03:00:00,40,360,124,289,230,284,,,159,,,305,258
2015-06-16 04:00:00,353,348,3,317,84,304,,,213,,,307,268
2015-06-16 05:00:00,234,334,346,318,169,268,,,222,,,329,279
2015-06-16 06:00:00,288,324,345,281,129,330,,,218,,,328,248
2015-06-16 07:00:00,226,343,326,215,150,344,,,215,,,48,148
2015-06-16 08:00:00,321,345,341,162,170,37,,,160,,,122,118
2015-06-16 09:00:00,359,2,342,215,182,54,,,143,,,105,118
2015-06-16 10:00:00,181,22,10,171,173,137,,,126,,,85,113
2015-06-16 11:00:00,118,340,13,154,138,38,,,115,,,88,93
2015-06-16 12:00:00,83,11,38,84,151,304,,,105,,,94,78
2015-06-16 13:00:00,47,119,70,108,160,110,,,99,,,111,106
2015-06-16 14:00:00,94,172,182,135,240,135,,,198,,,92,112
2015-06-16 15:00:00,149,45,223,118,183,43,,,201,,,107,121
2015-06-16 16:00:00,100,354,40,177,147,27,,,139,,,110,95
2015-06-16 17:00:00,91,18,0,84,134,41,,,126,,,114,130
2015-06-16 18:00:00,155,42,4,132,165,94,,,173,,,123,143
2015-06-16 19:00:00,187,167,8,139,181,260,,,226,,,111,166
2015-06-16 20:00:00,199,184,242,127,194,181,,,212,,,134,182
2015-06-16 21:00:00,211,106,177,121,202,137,,,185,,,132,169
2015-06-16 22:00:00,88,110,162,122,209,299,,,216,,,317,268
2015-06-16 23:00:00,186,74,164,237,248,264,,,192,,,293,273
2015-06-17 00:00:00,171,107,105,132,171,95,,,86,,,93,178
2015-06-17 01:00:00,91,36,145,237,187,309,,,159,,,113,142
2015-06-17 02:00:00,50,10,184,305,168,295,,,259,,,1,234
2015-06-17 03:00:00,286,0,7,305,170,345,,,174,,,318,268
2015-06-17 04:00:00,238,6,12,314,66,308,,,175,,,332,255
2015-06-17 05:00:00,173,316,353,289,35,309,,,234,,,335,247
2015-06-17 06:00:00,21,306,310,314,221,311,,,268,,,328,290
2015-06-17 07:00:00,308,344,336,202,308,33,,,251,,,356,248
2015-06-17 08:00:00,18,55,26,228,313,15,,,57,,,115,102
2015-06-17 09:00:00,18,39,42,178,177,95,,,105,,,118,116
2015-06-17 10:00:00,74,64,51,209,139,110,,,82,,,101,116
2015-06-17 11:00:00,106,79,101,143,128,89,,,61,,,117,116
2015-06-17 12:00:00,66,87,146,124,138,84,,,77,,,105,106
2015-06-17 13:00:00,78,97,124,85,120,86,,,69,,,94,98
2015-06-17 14:00:00,77,102,132,91,138,100,,,80,,,94,89
2015-06-17 15:00:00,72,113,146,95,131,55,,,94,,,89,80
2015-06-17 16:00:00,69,123,132,78,194,64,,,92,,,100,87
2015-06-17 17:00:00,102,118,121,88,163,59,,,105,,,102,105
2015-06-17 18:00:00,128,181,124,,223,184,,,170,,,246,223
2015-06-17 19:00:00,299,222,167,113,212,263,,,252,,,96,33
2015-06-17 20:00:00,,136,234,106,229,39,,,158,,,141,249
2015-06-17 21:00:00,208,47,146,60,201,83,,,81,,,157,115
2015-06-17 22:00:00,20,101,75,137,132,137,,,68,,,116,104
2015-06-17 23:00:00,82,141,150,129,121,134,,,164,,,83,92
2015-06-18 00:00:00,279,87,180,266,160,340,,,116,,,94,179
2015-06-18 01:00:00,3,94,129,307,187,48,,,196,,,107,127
2015-06-18 02:00:00,27,95,150,266,206,357,,,185,,,131,132
2015-06-18 03:00:00,352,107,165,252,167,33,,,88,,,139,119
2015-06-18 04:00:00,43,110,146,147,146,45,,,77,,,137,116
2015-06-18 05:00:00,48,59,156,233,205,67,,,84,,,129,149
2015-06-18 06:00:00,9,355,149,290,259,37,,,116,,,293,155
2015-06-18 07:00:00,24,21,5,303,347,346,,,194,,,297,315
2015-06-18 08:00:00,33,31,8,303,323,53,,,129,,,36,80
2015-06-18 09:00:00,27,35,46,196,171,60,,,87,,,82,85
2015-06-18 10:00:00,38,49,66,206,158,60,,,79,,,95,77
2015-06-18 11:00:00,36,78,91,113,137,75,,,88,,,96,81
2015-06-18 12:00:00,44,88,91,72,146,75,,,97,,,106,73
2015-06-18 13:00:00,52,109,120,97,199,98,,,84,,,106,79
2015-06-18 14:00:00,67,120,147,101,254,111,,,87,,,95,72
2015-06-18 15:00:00,90,95,140,96,294,93,,,85,,,102,92
2015-06-18 16:00:00,110,108,152,97,283,99,,,81,,,92,88
2015-06-18 17:00:00,121,119,158,103,261,95,,,83,,,101,94
2015-06-18 18:00:00,120,90,159,100,235,98,,,77,,,98,87
2015-06-18 19:00:00,94,103,132,100,165,95,,,89,,,92,79
2015-06-18 20:00:00,75,115,141,122,162,110,,,123,,,93,85
2015-06-18 21:00:00,125,65,159,134,161,113,,,215,,,130,118
2015-06-18 22:00:00,29,41,121,180,202,349,,,63,,,143,128
2015-06-18 23:00:00,355,44,76,134,236,65,,,125,,,156,122
2015-06-19 00:00:00,15,84,95,123,197,78,,,126,,,128,94
2015-06-19 01:00:00,6,108,150,114,153,98,,,79,,,123,110
2015-06-19 02:00:00,26,120,131,109,144,117,,,86,,,127,83
2015-06-19 03:00:00,88,113,147,104,129,95,,,87,,,250,136
2015-06-19 04:00:00,88,101,147,135,143,83,,,74,,,283,115
2015-06-19 05:00:00,29,94,126,199,161,95,,,54,,,285,134
2015-06-19 06:00:00,46,89,116,251,161,92,,,60,,,291,130
2015-06-19 07:00:00,20,102,106,126,147,147,,,64,,,88,115
2015-06-19 08:00:00,9,91,136,243,148,56,,,,,,130,125
2015-06-19 09:00:00,24,112,141,75,150,69,,,74,,,105,126
2015-06-19 10:00:00,13,117,156,182,144,156,,,109,,,105,125
2015-06-19 11:00:00,337,113,136,170,137,171,,,83,,,112,120
2015-06-19 12:00:00,256,175,143,228,156,236,,,149,,,102,128
2015-06-19 13:00:00,276,167,127,277,165,288,,,246,,,108,113
2015-06-19 14:00:00,280,246,155,294,156,281,,,250,,,72,116
2015-06-19 15:00:00,336,27,150,194,170,340,,,221,,,207,195
2015-06-19 16:00:00,355,79,142,298,164,351,,,102,,,144,112
2015-06-19 17:00:00,32,103,118,169,187,88,,,,,,88,58
2015-06-19 18:00:00,68,124,133,114,213,,,,120,,,90,76
2015-06-19 19:00:00,88,87,159,106,152,61,,,145,,,120,91
2015-06-19 20:00:00,36,33,90,101,149,326,,,55,,,123,98
2015-06-19 21:00:00,39,88,22,139,143,66,,,52,,,122,92
2015-06-19 22:00:00,44,63,289,124,135,52,,,211,,,121,91
2015-06-19 23:00:00,29,91,129,119,137,79,,,65,,,142,95
2015-06-20 00:00:00,29,109,145,112,129,93,,,63,,,138,109
2015-06-20 01:00:00,118,116,148,115,143,117,,,82,,,159,135
2015-06-20 02:00:00,130,108,148,98,150,111,,,98,,,308,288
2015-06-20 03:00:00,101,104,147,127,163,113,,,129,,,23,142
2015-06-20 04:00:00,48,100,147,147,188,87,,,59,,,298,159
2015-06-20 05:00:00,311,94,113,126,155,69,,,62,,,281,164
2015-06-20 06:00:00,357,103,110,126,151,70,,,69,,,291,126
2015-06-20 07:00:00,356,104,118,134,158,75,,,70,,,306,137
2015-06-20 08:00:00,65,105,115,118,153,84,,,77,,,107,101
2015-06-20 09:00:00,74,102,120,131,141,94,,,81,,,102,106
2015-06-20 10:00:00,55,110,154,133,128,99,,,86,,,104,100
2015-06-20 11:00:00,40,110,153,109,153,87,,,88,,,111,112
2015-06-20 12:00:00,37,103,148,93,188,94,,,89,,,131,99
2015-06-20 13:00:00,45,110,130,100,250,84,,,89,,,132,143
2015-06-20 14:00:00,150,119,154,113,226,112,,,94,,,114,125
2015-06-20 15:00:00,137,109,161,107,232,101,,,96,,,120,119
2015-06-20 16:00:00,211,108,139,103,231,93,,,109,,,108,97
2015-06-20 17:00:00,,87,161,118,215,102,,,164,,,108,103
2015-06-20 18:00:00,123,27,170,285,212,292,,,211,,,126,120
2015-06-20 19:00:00,65,348,56,266,211,281,,,77,,,134,138
2015-06-20 20:00:00,347,344,359,289,305,295,,,126,,,129,153
2015-06-20 21:00:00,356,8,310,188,225,307,,,114,,,138,142
2015-06-20 22:00:00,337,43,70,176,210,343,,,139,,,123,151
2015-06-20 23:00:00,347,95,138,123,220,64,,,93,,,85,143
2015-06-21 00:00:00,344,102,131,240,184,72,,,86,,,124,151
2015-06-21 01:00:00,35,108,121,119,147,76,,,67,,,112,145
2015-06-21 02:00:00,58,107,118,142,145,91,,,56,,,115,124
2015-06-21 03:00:00,61,102,119,119,135,80,,,63,,,112,120
2015-06-21 04:00:00,67,96,116,108,136,78,,,74,,,92,125
2015-06-21 05:00:00,54,82,120,94,139,78,,,80,,,108,124
2015-06-21 06:00:00,57,76,109,97,143,92,,,69,,,104,112
2015-06-21 07:00:00,57,100,133,128,141,86,,,66,,,107,104
2015-06-21 08:00:00,67,93,121,141,134,91,,,74,,,105,108
2015-06-21 09:00:00,54,97,115,134,139,75,,,85,,,107,114
2015-06-21 10:00:00,51,41,138,264,150,59,,,94,,,122,115
2015-06-21 11:00:00,7,353,164,238,158,51,,,109,,,107,112
2015-06-21 12:00:00,11,64,124,185,158,80,,,94,,,107,135
2015-06-21 13:00:00,344,116,132,124,162,99,,,104,,,115,135
2015-06-21 14:00:00,65,130,153,118,207,121,,,185,,,122,130
2015-06-21 15:00:00,134,120,164,117,202,116,,,205,,,106,84
2015-06-21 16:00:00,114,118,165,137,247,97,,,166,,,101,77
2015-06-21 17:00:00,116,112,160,114,276,105,,,104,,,102,78
2015-06-21 18:00:00,103,107,147,101,317,100,,,90,,,119,100
2015-06-21 19:00:00,89,106,148,102,345,103,,,89,,,111,97
2015-06-21 20:00:00,63,108,151,117,318,114,,,78,,,109,109
2015-06-21 21:00:00,39,99,150,126,282,97,,,77,,,123,116
2015-06-21 22:00:00,13,84,140,78,251,66,,,74,,,136,112
2015-06-21 23:00:00,12,65,107,154,206,57,,,62,,,144,119
2015-06-22 00:00:00,37,70,110,119,180,45,,,85,,,127,111
2015-06-22 01:00:00,57,100,110,105,172,51,,,97,,,131,134
2015-06-22 02:00:00,18,108,133,105,161,93,,,104,,,116,139
2015-06-22 03:00:00,356,109,151,126,137,113,,,88,,,93,120
2015-06-22 04:00:00,166,111,154,122,146,80,,,68,,,89,121
2015-06-22 05:00:00,351,100,171,214,149,45,,,137,,,96,132
2015-06-22 06:00:00,350,85,123,301,158,29,,,69,,,38,145
2015-06-22 07:00:00,350,28,87,200,145,45,,,59,,,57,121
2015-06-22 08:00:00,7,,71,111,155,53,,,59,,,123,123
2015-06-22 09:00:00,36,108,115,125,159,46,,,60,,,116,124
2015-06-22 10:00:00,35,82,108,119,175,61,,,80,,,116,135
2015-06-22 11:00:00,335,92,107,114,168,61,,,63,,,103,123
2015-06-22 12:00:00,15,105,109,106,165,82,,,80,,,122,108
2015-06-22 13:00:00,61,102,126,92,180,82,,,82,,,131,122
2015-06-22 14:00:00,50,99,125,89,184,79,,,75,,,122,85
2015-06-22 15:00:00,52,95,147,95,203,83,,,71,,,100,81
2015-06-22 16:00:00,62,89,114,91,195,79,,,64,,,108,75
2015-06-22 17:00:00,62,104,128,101,206,94,,,88,,,88,66
2015-06-22 18:00:00,66,111,130,101,212,88,,,99,,,95,83
2015-06-22 19:00:00,69,126,130,103,200,103,,,94,,,97,78
2015-06-22 20:00:00,78,101,141,109,172,104,,,119,,,103,95
2015-06-22 21:00:00,130,109,165,113,171,119,,,86,,,127,92
2015-06-22 22:00:00,68,100,148,119,169,96,,,110,,,132,86
2015-06-22 23:00:00,64,67,143,104,181,69,,,101,,,139,105
2015-06-23 00:00:00,358,74,95,125,157,15,,,83,,,146,106
2015-06-23 01:00:00,18,67,116,243,175,59,,,103,,,165,138
2015-06-23 02:00:00,7,103,121,135,193,286,,,173,,,162,136
2015-06-23 03:00:00,8,107,125,157,184,111,,,137,,,129,139
2015-06-23 04:00:00,358,108,142,210,177,107,,,202,,,105,156
2015-06-23 05:00:00,353,103,137,119,223,91,,,112,,,31,152
2015-06-23 06:00:00,332,96,130,112,163,86,,,124,,,137,147
2015-06-23 07:00:00,349,100,128,109,153,87,,,117,,,136,140
2015-06-23 08:00:00,29,103,124,113,146,90,,,78,,,128,87
2015-06-23 09:00:00,55,121,123,106,148,97,,,89,,,111,74
2015-06-23 10:00:00,71,116,127,103,148,106,,,73,,,81,75
2015-06-23 11:00:00,95,115,137,110,160,101,,,81,,,82,84
2015-06-23 12:00:00,116,115,166,108,193,100,,,100,,,84,78
2015-06-23 13:00:00,120,114,151,105,199,98,,,104,,,83,81
2015-06-23 14:00:00,124,102,135,103,236,90,,,102,,,91,83
2015-06-23 15:00:00,114,91,140,93,309,80,,,97,,,88,84
2015-06-23 16:00:00,92,85,103,81,326,90,,,79,,,92,68
2015-06-23 17:00:00,61,115,114,98,323,102,,,86,,,92,66
2015-06-23 18:00:00,69,116,130,103,328,104,,,101,,,96,69
2015-06-23 19:00:00,87,117,151,107,309,102,,,103,,,94,85
2015-06-23 20:00:00,121,102,140,102,305,89,,,101,,,82,91
2015-06-23 21:00:00,128,102,148,96,307,91,,,75,,,89,101
2015-06-23 22:00:00,81,103,133,103,264,98,,,75,,,81,79
2015-06-23 23:00:00,67,105,129,106,206,100,,,80,,,82,82
2015-06-24 00:00:00,65,104,129,107,198,97,,,78,,,86,74
2015-06-24 01:00:00,96,100,135,103,161,95,,,75,,,90,68
2015-06-24 02:00:00,74,98,128,115,150,96,,,76,,,119,79
2015-06-24 03:00:00,35,98,123,113,141,93,,,70,,,113,87
2015-06-24 04:00:00,31,101,123,108,125,90,,,63,,,98,82
2015-06-24 05:00:00,56,103,138,114,126,94,,,73,,,94,77
2015-06-24 06:00:00,49,115,146,116,132,102,,,77,,,117,84
2015-06-24 07:00:00,49,108,141,115,134,98,,,75,,,116,91
2015-06-24 08:00:00,49,103,127,104,138,93,,,75,,,117,88
2015-06-24 09:00:00,43,108,133,96,191,91,,,85,,,95,67
2015-06-24 10:00:00,68,106,144,98,265,93,,,82,,,84,82
2015-06-24 11:00:00,105,99,142,94,278,87,,,88,,,74,77
2015-06-24 12:00:00,66,100,134,94,289,89,,,98,,,77,75
2015-06-24 13:00:00,61,98,132,97,273,85,,,97,,,71,73
2015-06-24 14:00:00,75,107,135,101,309,92,,,100,,,75,91
2015-06-24 15:00:00,81,117,133,109,328,100,,,125,,,83,96
2015-06-24 16:00:00,108,123,141,113,319,114,,,114,,,84,87
2015-06-24 17:00:00,86,121,141,101,337,106,,,93,,,78,87
2015-06-24 18:00:00,67,108,148,104,334,107,,,86,,,81,87
2015-06-24 19:00:00,90,107,147,96,331,97,,,76,,,79,67
2015-06-24 20:00:00,71,102,150,94,333,66,,,73,,,82,75
2015-06-24 21:00:00,70,103,148,96,332,45,,,70,,,91,76
2015-06-24 22:00:00,66,82,147,89,327,42,,,76,,,93,67
2015-06-24 23:00:00,75,42,131,96,318,46,,,74,,,93,79
2015-06-25 00:00:00,97,49,107,110,289,40,,,63,,,104,83
2015-06-25 01:00:00,37,60,101,112,226,47,,,64,,,131,85
2015-06-25 02:00:00,38,68,95,159,261,46,,,61,,,131,94
2015-06-25 03:00:00,37,74,103,134,232,51,,,61,,,133,90
2015-06-25 04:00:00,42,77,120,154,209,52,,,60,,,138,103
2015-06-25 05:00:00,41,96,122,143,177,60,,,51,,,149,110
2015-06-25 06:00:00,45,81,141,136,171,58,,,71,,,106,117
2015-06-25 07:00:00,11,86,124,157,198,69,,,79,,,123,103
2015-06-25 08:00:00,5,87,103,89,201,59,,,84,,,155,111
2015-06-25 09:00:00,3,105,104,141,273,66,,,99,,,135,100
2015-06-25 10:00:00,34,101,151,141,257,88,,,90,,,135,82
2015-06-25 11:00:00,62,106,154,114,299,93,,,70,,,121,79
2015-06-25 12:00:00,53,101,146,84,311,87,,,94,,,102,79
2015-06-25 13:00:00,46,101,149,87,321,91,,,91,,,87,81
2015-06-25 14:00:00,78,110,,103,332,85,,,110,,,76,103
2015-06-25 15:00:00,72,,136,102,343,89,,,106,,,105,108
2015-06-25 16:00:00,78,,132,105,322,101,,,126,,,91,96
2015-06-25 17:00:00,107,,137,112,332,101,,,124,,,84,93
2015-06-25 18:00:00,119,,137,110,338,112,,,125,,,86,92
2015-06-25 19:00:00,117,,137,115,337,103,,,128,,,86,84
2015-06-25 20:00:00,112,,140,108,328,102,,,134,,,100,83
2015-06-25 21:00:00,109,,159,115,324,86,,,128,,,117,82
2015-06-25 22:00:00,105,,128,90,316,95,,,84,,,125,106
2015-06-25 23:00:00,66,,122,107,337,92,,,66,,,132,100
2015-06-26 00:00:00,61,,119,96,326,94,,,69,,,133,111
2015-06-26 01:00:00,36,,127,151,273,88,,,60,,,136,134
2015-06-26 02:00:00,3,,126,305,254,33,,,63,,,207,147
2015-06-26 03:00:00,349,,91,271,115,38,,,47,,,265,165
2015-06-26 04:00:00,15,,86,257,112,39,,,85,,,107,148
2015-06-26 05:00:00,29,,74,247,23,24,,,151,,,70,212
2015-06-26 06:00:00,3,,108,297,221,53,,,74,,,346,232
2015-06-26 07:00:00,326,,144,299,227,60,,,65,,,307,297
2015-06-26 08:00:00,335,14,85,289,324,355,,,78,,,19,118
2015-06-26 09:00:00,327,357,61,292,265,19,,,186,,,31,78
2015-06-26 10:00:00,3,31,44,236,301,50,,,155,,,92,96
2015-06-26 11:00:00,23,21,46,198,309,76,,,118,,,66,88
2015-06-26 12:00:00,46,84,39,136,332,77,,,73,,,93,100
2015-06-26 13:00:00,62,92,132,92,341,80,,,74,,,96,87
2015-06-26 14:00:00,56,92,139,102,345,85,,,85,,,92,72
2015-06-26 15:00:00,47,111,130,109,345,86,,,86,,,82,57
2015-06-26 16:00:00,61,101,152,97,346,92,,,91,,,81,92
2015-06-26 17:00:00,98,109,161,95,346,92,,,96,,,102,95
2015-06-26 18:00:00,129,111,144,106,348,97,,,109,,,97,100
2015-06-26 19:00:00,110,117,145,110,349,104,,,122,,,98,84
2015-06-26 20:00:00,124,122,151,108,349,115,,,124,,,108,76
2015-06-26 21:00:00,121,114,164,133,349,119,,,141,,,102,152
2015-06-26 22:00:00,129,94,140,106,349,98,,,100,,,112,118
2015-06-26 23:00:00,118,99,127,115,351,97,,,88,,,131,125
2015-06-27 00:00:00,26,91,130,80,353,90,,,65,,,129,140
2015-06-27 01:00:00,23,92,118,153,355,91,,,78,,,125,132
2015-06-27 02:00:00,14,39,128,280,348,46,,,103,,,116,117
2015-06-27 03:00:00,355,43,112,251,339,20,,,63,,,167,136
2015-06-27 04:00:00,356,24,98,315,318,10,,,142,,,284,185
2015-06-27 05:00:00,319,56,71,308,344,40,,,70,,,309,183
2015-06-27 06:00:00,316,49,98,321,240,42,,,69,,,276,153
2015-06-27 07:00:00,318,4,80,293,342,22,,,176,,,279,274
2015-06-27 08:00:00,326,16,25,285,280,29,,,155,,,331,49
2015-06-27 09:00:00,352,341,40,279,243,9,,,168,,,93,95
2015-06-27 10:00:00,23,7,3,235,323,100,,,155,,,88,100
2015-06-27 11:00:00,26,33,12,204,336,63,,,126,,,101,102
2015-06-27 12:00:00,58,85,90,88,348,77,,,83,,,106,98
2015-06-27 13:00:00,62,92,114,99,349,92,,,53,,,110,90
2015-06-27 14:00:00,70,92,133,108,350,95,,,74,,,100,99
2015-06-27 15:00:00,65,95,134,111,352,89,,,81,,,94,79
2015-06-27 16:00:00,55,99,144,113,351,89,,,80,,,111,88
2015-06-27 17:00:00,58,92,132,116,352,94,,,79,,,105,77
2015-06-27 18:00:00,59,79,143,87,350,95,,,76,,,101,75
2015-06-27 19:00:00,63,92,149,82,345,83,,,94,,,98,82
2015-06-27 20:00:00,77,84,124,74,340,57,,,105,,,88,89
2015-06-27 21:00:00,94,88,112,94,346,75,,,98,,,110,104
2015-06-27 22:00:00,99,105,124,98,348,96,,,105,,,96,94
2015-06-27 23:00:00,88,103,124,111,344,101,,,90,,,92,84
2015-06-28 00:00:00,116,21,136,112,286,329,,,222,,,98,110
2015-06-28 01:00:00,90,58,80,130,354,76,,,99,,,280,121
2015-06-28 02:00:00,62,41,105,157,333,70,,,81,,,109,128
2015-06-28 03:00:00,14,24,108,271,315,0,,,111,,,101,122
2015-06-28 04:00:00,4,74,86,245,324,42,,,72,,,341,120
2015-06-28 05:00:00,18,44,95,277,294,45,,,57,,,343,110
2015-06-28 06:00:00,10,36,108,284,294,31,,,69,,,332,101
2015-06-28 07:00:00,10,323,128,297,168,298,,,189,,,321,157
2015-06-28 08:00:00,328,345,36,311,287,307,,,259,,,318,301
2015-06-28 09:00:00,337,14,20,275,306,25,,,145,,,81,94
2015-06-28 10:00:00,29,15,26,177,283,53,,,195,,,97,92
2015-06-28 11:00:00,356,67,49,119,341,78,,,119,,,106,77
2015-06-28 12:00:00,28,82,102,66,349,88,,,65,,,97,72
2015-06-28 13:00:00,45,88,135,89,350,81,,,77,,,84,63
2015-06-28 14:00:00,57,94,134,94,352,92,,,94,,,72,64
2015-06-28 15:00:00,65,107,130,100,352,92,,,102,,,90,102
2015-06-28 16:00:00,105,94,121,98,352,84,,,108,,,95,106
2015-06-28 17:00:00,122,96,123,91,353,85,,,111,,,91,95
2015-06-28 18:00:00,129,93,121,92,351,73,,,110,,,85,87
2015-06-28 19:00:00,102,79,110,84,351,53,,,93,,,92,85
2015-06-28 20:00:00,106,86,99,85,345,68,,,98,,,112,96
2015-06-28 21:00:00,87,100,105,84,349,88,,,63,,,113,105
2015-06-28 22:00:00,82,111,133,105,350,107,,,72,,,90,76
2015-06-28 23:00:00,105,96,152,97,352,94,,,58,,,93,75
2015-06-29 00:00:00,87,71,125,117,353,71,,,94,,,107,87
2015-06-29 01:00:00,24,40,112,286,353,9,,,45,,,133,120
2015-06-29 02:00:00,15,63,91,233,353,79,,,57,,,124,111
2015-06-29 03:00:00,41,33,102,280,347,48,,,45,,,110,111
2015-06-29 04:00:00,38,52,84,229,297,26,,,52,,,96,97
2015-06-29 05:00:00,42,75,96,210,260,49,,,67,,,42,97
2015-06-29 06:00:00,31,59,111,221,242,35,,,60,,,342,109
2015-06-29 07:00:00,18,44,103,274,226,350,,,72,,,294,136
2015-06-29 08:00:00,2,38,138,296,164,35,,,73,,,70,122
2015-06-29 09:00:00,,37,137,295,218,28,,,115,,,72,96
2015-06-29 10:00:00,10,35,212,265,291,34,,,70,,,99,86
2015-06-29 11:00:00,36,55,66,172,323,69,,,74,,,91,77
2015-06-29 12:00:00,42,68,112,66,350,70,,,81,,,105,83
2015-06-29 13:00:00,55,103,145,85,352,84,,,70,,,95,71
2015-06-29 14:00:00,39,96,152,96,352,84,,,88,,,103,70
2015-06-29 15:00:00,47,126,159,92,351,100,,,99,,,95,93
2015-06-29 16:00:00,131,130,159,109,350,122,,,103,,,88,90
2015-06-29 17:00:00,132,118,156,114,352,109,,,104,,,90,77
2015-06-29 18:00:00,117,108,161,101,353,100,,,118,,,90,70
2015-06-29 19:00:00,114,80,143,81,351,83,,,78,,,108,71
2015-06-29 20:00:00,67,90,103,121,350,43,,,69,,,122,92
2015-06-29 21:00:00,62,64,104,114,352,91,,,55,,,131,107
2015-06-29 22:00:00,35,113,129,120,353,92,,,81,,,139,112
2015-06-29 23:00:00,58,111,169,110,352,106,,,124,,,174,86
2015-06-30 00:00:00,110,101,152,112,343,76,,,164,,,236,96
2015-06-30 01:00:00,108,65,137,247,354,346,,,117,,,270,186
2015-06-30 02:00:00,349,351,81,283,354,302,,,51,,,283,176
2015-06-30 03:00:00,9,21,12,218,335,101,,,50,,,41,119
2015-06-30 04:00:00,22,48,99,250,345,80,,,72,,,104,112
2015-06-30 05:00:00,54,71,141,307,351,12,,,65,,,121,111
2015-06-30 06:00:00,6,112,130,190,335,88,,,77,,,119,119
2015-06-30 07:00:00,68,103,155,145,287,86,,,83,,,110,94
2015-06-30 08:00:00,56,70,158,177,323,66,,,64,,,93,70
2015-06-30 09:00:00,357,86,138,155,308,68,,,84,,,91,76
2015-06-30 10:00:00,45,110,142,74,348,80,,,81,,,108,68
2015-06-30 11:00:00,62,108,151,141,350,90,,,111,,,106,61
2015-06-30 12:00:00,75,90,141,109,351,71,,,99,,,90,72
2015-06-30 13:00:00,62,107,102,99,350,75,,,92,,,83,68
2015-06-30 14:00:00,83,107,129,94,352,88,,,93,,,88,71
2015-06-30 15:00:00,73,110,141,105,353,97,,,103,,,85,95
2015-06-30 16:00:00,93,116,145,,353,102,,,113,,,90,95
2015-06-30 17:00:00,112,115,151,,353,97,,,119,,,88,84
2015-06-30 18:00:00,117,121,152,,353,111,,,112,,,91,94
2015-06-30 19:00:00,115,126,160,,353,117,,,115,,,82,81
2015-06-30 20:00:00,,113,164,,350,107,,,102,,,85,71
2015-06-30 21:00:00,103,109,146,,345,101,,,84,,,84,72
2015-06-30 22:00:00,106,117,150,,351,105,,,90,,,89,76
2015-06-30 23:00:00,104,119,145,,351,108,,,86,,,104,78
2015-07-01 00:00:00,136,96,152,,,92,,,77,,,123,86
2015-07-01 01:00:00,68,83,105,,,64,,,80,,,116,85
2015-07-01 02:00:00,56,79,110,,,63,,,73,,,131,98
2015-07-01 03:00:00,48,99,115,,,57,,,82,,,124,102
2015-07-01 04:00:00,45,109,121,,,78,,,82,,,127,91
2015-07-01 05:00:00,64,119,147,,,94,,,107,,,132,104
2015-07-01 06:00:00,35,125,167,,,116,,,175,,,102,83
2015-07-01 07:00:00,232,101,176,,,78,,,134,,,137,61
2015-07-01 08:00:00,101,61,149,,,55,,,84,,,309,85
2015-07-01 09:00:00,93,31,85,,,63,,,90,,,154,71
2015-07-01 10:00:00,22,104,83,,,111,,,107,,,132,79
2015-07-01 11:00:00,61,107,78,134,,123,,,122,,,104,68
2015-07-01 12:00:00,96,93,139,122,,97,,,91,,,92,71
2015-07-01 13:00:00,81,84,118,110,,83,,,94,,,88,66
2015-07-01 14:00:00,61,106,108,102,,83,,,97,,,95,73
2015-07-01 15:00:00,93,109,130,106,,104,,,79,,,84,61
2015-07-01 16:00:00,66,104,165,110,,101,,,111,,,85,78
2015-07-01 17:00:00,101,106,166,124,,97,,,74,,,103,67
2015-07-01 18:00:00,58,120,145,106,,106,,,99,,,93,65
2015-07-01 19:00:00,58,111,151,114,,118,,,89,,,102,79
2015-07-01 20:00:00,119,102,158,109,,110,,,78,,,116,87
2015-07-01 21:00:00,48,86,136,148,,87,,,63,,,129,112
2015-07-01 22:00:00,33,94,115,220,,48,,,80,,,139,117
2015-07-01 23:00:00,359,69,150,305,,22,,,136,,,107,108
2015-07-02 00:00:00,1,88,110,97,,93,,,71,,,119,104
2015-07-02 01:00:00,42,90,139,204,,78,,,69,,,123,121
2015-07-02 02:00:00,36,106,146,108,,117,,,77,,,110,118
2015-07-02 03:00:00,51,95,195,140,,139,,,156,,,103,123
2015-07-02 04:00:00,355,124,184,217,,78,,,86,,,91,130
2015-07-02 05:00:00,21,50,165,291,,330,,,193,,,296,183
2015-07-02 06:00:00,311,36,173,314,,30,,,229,,,309,163
2015-07-02 07:00:00,342,27,62,310,,4,,,222,,,31,152
2015-07-02 08:00:00,335,354,46,299,,329,,,188,,,352,141
2015-07-02 09:00:00,8,5,73,234,,22,,,84,,,66,83
2015-07-02 10:00:00,353,342,105,222,,79,,,118,,,94,95
2015-07-02 11:00:00,32,102,144,123,,115,,,88,,,94,89
2015-07-02 12:00:00,81,113,160,111,,91,,,80,,,95,76
2015-07-02 13:00:00,37,117,153,97,,102,,,94,,,98,84
2015-07-02 14:00:00,101,121,147,97,,105,,,91,,,106,94
2015-07-02 15:00:00,121,107,148,107,,105,,,104,,,95,96
2015-07-02 16:00:00,123,101,141,102,,97,,,100,,,86,89
2015-07-02 17:00:00,112,95,131,104,,87,,,92,,,85,79
2015-07-02 18:00:00,110,111,125,102,,99,,,96,,,85,77
2015-07-02 19:00:00,70,112,147,100,,126,,,87,,,88,76
2015-07-02 20:00:00,69,114,135,103,,101,,,85,,,94,82
2015-07-02 21:00:00,107,109,146,102,,115,,,70,,,100,82
2015-07-02 22:00:00,108,112,147,102,,119,,,69,,,112,82
2015-07-02 23:00:00,96,100,143,103,,109,,,104,,,133,81
2015-07-03 00:00:00,55,48,130,135,,30,,,117,,,138,112
2015-07-03 01:00:00,22,13,94,140,,36,,,68,,,281,120
2015-07-03 02:00:00,14,356,64,295,,33,,,104,,,332,121
2015-07-03 03:00:00,359,15,88,267,,33,,,65,,,110,118
2015-07-03 04:00:00,3,15,70,270,,45,,,50,,,102,116
2015-07-03 05:00:00,10,44,85,216,,42,,,47,,,108,113
2015-07-03 06:00:00,9,122,113,278,,77,,,56,,,119,110
2015-07-03 07:00:00,31,72,126,305,,99,,,70,,,128,108
2015-07-03 08:00:00,50,48,130,275,,64,,,71,,,111,111
2015-07-03 09:00:00,63,68,152,246,,76,,,91,,,90,101
2015-07-03 10:00:00,63,346,157,199,,48,,,197,,,75,117
2015-07-03 11:00:00,353,16,6,190,,89,,,116,,,96,83
2015-07-03 12:00:00,48,112,140,102,,84,,,80,,,95,84
2015-07-03 13:00:00,66,114,150,90,,89,,,90,,,90,79
2015-07-03 14:00:00,66,105,162,89,,101,,,96,,,80,80
2015-07-03 15:00:00,110,116,166,101,,98,,,108,,,87,93
2015-07-03 16:00:00,83,115,151,112,,104,,,124,,,93,101
2015-07-03 17:00:00,94,119,148,116,,109,,,128,,,83,104
2015-07-03 18:00:00,124,124,154,121,,115,,,134,,,87,96
2015-07-03 19:00:00,117,119,165,110,,118,,,130,,,84,95
2015-07-03 20:00:00,123,110,149,107,,101,,,120,,,85,88
2015-07-03 21:00:00,121,99,132,98,,92,,,78,,,89,87
2015-07-03 22:00:00,127,101,131,94,,88,,,70,,,93,83
2015-07-03 23:00:00,123,106,132,100,,93,,,84,,,103,85
2015-07-04 00:00:00,96,102,138,106,,75,,,97,,,141,101
2015-07-04 01:00:00,61,75,112,163,,35,,,61,,,134,115
2015-07-04 02:00:00,59,61,105,190,,67,,,57,,,111,103
2015-07-04 03:00:00,63,92,105,74,,91,,,71,,,113,104
2015-07-04 04:00:00,50,102,130,89,,82,,,76,,,124,111
2015-07-04 05:00:00,16,74,143,176,,74,,,77,,,100,125
2015-07-04 06:00:00,346,40,109,291,,38,,,51,,,85,121
2015-07-04 07:00:00,4,42,80,238,,39,,,60,,,113,108
2015-07-04 08:00:00,19,24,96,298,,54,,,92,,,66,121
2015-07-04 09:00:00,14,47,82,282,,60,,,72,,,7,110
2015-07-04 10:00:00,31,71,89,116,,101,,,96,,,91,89
2015-07-04 11:00:00,61,111,128,103,,93,,,97,,,82,80
2015-07-04 12:00:00,47,107,169,79,,77,,,95,,,90,74
2015-07-04 13:00:00,68,110,169,91,,101,,,93,,,82,73
2015-07-04 14:00:00,57,124,162,108,,105,,,101,,,89,92
2015-07-04 15:00:00,122,123,157,105,,109,,,104,,,86,100
2015-07-04 16:00:00,125,127,166,107,,117,,,114,,,82,90
2015-07-04 17:00:00,129,127,169,107,,111,,,120,,,77,78
2015-07-04 18:00:00,121,126,169,111,,111,,,112,,,78,82
2015-07-04 19:00:00,125,121,159,113,,110,,,117,,,82,81
2015-07-04 20:00:00,115,121,150,112,,112,,,117,,,86,78
2015-07-04 21:00:00,116,122,153,126,,112,,,89,,,104,86
2015-07-04 22:00:00,118,112,150,100,,119,,,92,,,145,105
2015-07-04 23:00:00,93,105,143,103,,98,,,89,,,140,102
2015-07-05 00:00:00,34,99,130,114,,83,,,62,,,133,87
2015-07-05 01:00:00,48,105,137,108,,92,,,102,,,131,115
2015-07-05 02:00:00,7,108,146,151,,110,,,84,,,129,123
2015-07-05 03:00:00,63,91,148,240,,97,,,95,,,142,110
2015-07-05 04:00:00,34,102,113,249,,67,,,85,,,109,136
2015-07-05 05:00:00,6,77,116,272,,36,,,82,,,107,128
2015-07-05 06:00:00,359,56,110,270,,48,,,63,,,49,134
2015-07-05 07:00:00,10,60,111,271,,61,,,44,,,338,108
2015-07-05 08:00:00,11,69,103,296,,55,,,67,,,88,91
2015-07-05 09:00:00,53,67,110,251,,92,,,70,,,110,113
2015-07-05 10:00:00,48,81,156,105,,89,,,81,,,99,88
2015-07-05 11:00:00,51,56,160,101,,93,,,75,,,108,99
2015-07-05 12:00:00,9,101,138,92,,91,,,80,,,101,83
2015-07-05 13:00:00,28,114,159,97,,119,,,82,,,97,80
2015-07-05 14:00:00,49,112,169,106,,111,,,87,,,102,78
2015-07-05 15:00:00,58,115,162,97,,109,,,90,,,98,84
2015-07-05 16:00:00,122,120,153,110,,106,,,105,,,88,93
2015-07-05 17:00:00,112,117,159,107,,99,,,109,,,81,79
2015-07-05 18:00:00,129,125,154,110,,110,,,105,,,83,78
2015-07-05 19:00:00,117,125,164,114,,118,,,91,,,83,76
2015-07-05 20:00:00,125,119,162,119,,111,,,91,,,104,94
2015-07-05 21:00:00,121,119,150,103,,112,,,87,,,120,100
2015-07-05 22:00:00,102,105,147,102,,113,,,79,,,142,101
2015-07-05 23:00:00,50,102,138,102,,100,,,96,,,137,105
2015-07-06 00:00:00,30,83,133,188,,60,,,80,,,129,133
2015-07-06 01:00:00,340,66,123,197,,29,,,81,,,104,133
2015-07-06 02:00:00,2,48,104,206,,33,,,74,,,115,125
2015-07-06 03:00:00,7,77,102,227,,50,,,66,,,123,118
2015-07-06 04:00:00,16,53,116,277,,40,,,66,,,80,140
2015-07-06 05:00:00,12,51,109,285,,34,,,46,,,297,169
2015-07-06 06:00:00,353,63,99,285,,45,,,47,,,342,253
2015-07-06 07:00:00,354,70,109,298,,53,,,60,,,357,157
2015-07-06 08:00:00,5,82,111,287,,62,,,58,,,77,97
2015-07-06 09:00:00,13,53,98,261,,111,,,64,,,76,87
2015-07-06 10:00:00,39,74,96,168,,97,,,78,,,94,91
2015-07-06 11:00:00,71,57,87,187,,70,,,92,,,105,87
2015-07-06 12:00:00,31,115,122,137,,108,,,87,,,99,87
2015-07-06 13:00:00,71,96,161,108,,89,,,78,,,99,82
2015-07-06 14:00:00,48,109,150,92,,94,,,81,,,87,67
2015-07-06 15:00:00,65,108,156,98,,106,,,89,,,90,97
2015-07-06 16:00:00,120,114,149,102,,102,,,94,,,76,95
2015-07-06 17:00:00,116,125,156,111,,106,,,107,,,81,93
2015-07-06 18:00:00,114,126,155,114,,105,,,106,,,80,86
2015-07-06 19:00:00,120,125,156,108,,110,,,106,,,76,76
2015-07-06 20:00:00,127,120,155,122,,111,,,,,,78,79
2015-07-06 21:00:00,127,118,163,106,,112,,,,,,100,86
2015-07-06 22:00:00,123,112,156,93,,110,,,,,,140,82
2015-07-06 23:00:00,94,102,145,86,,108,,,,,,224,126
2015-07-07 00:00:00,40,92,119,62,,87,,,,,,117,124
2015-07-07 01:00:00,29,97,116,77,,99,,,,,,119,124
2015-07-07 02:00:00,10,103,118,170,,95,,,,,,112,125
2015-07-07 03:00:00,16,104,116,223,,83,,,,,,130,123
2015-07-07 04:00:00,40,81,118,290,,81,,,,,,109,120
2015-07-07 05:00:00,58,83,112,257,,91,,,,,,212,168
2015-07-07 06:00:00,79,81,118,273,,80,,,,,,295,118
2015-07-07 07:00:00,58,78,120,254,,75,,,62,,,7,106
2015-07-07 08:00:00,72,100,126,175,,79,,,64,,,112,87
2015-07-07 09:00:00,68,86,135,172,,103,,,71,,,111,83
2015-07-07 10:00:00,59,109,125,97,,101,,,91,,,92,86
2015-07-07 11:00:00,71,95,141,71,,86,,,79,,,99,73
2015-07-07 12:00:00,51,107,138,72,,85,,,85,,,96,76
2015-07-07 13:00:00,38,103,156,91,,84,,,84,,,86,65
2015-07-07 14:00:00,56,116,155,97,,98,,,94,,,90,73
2015-07-07 15:00:00,117,120,157,104,,98,,,98,,,85,82
2015-07-07 16:00:00,131,109,153,110,,97,,,108,,,86,90
2015-07-07 17:00:00,107,111,155,106,,107,,,120,,,82,92
2015-07-07 18:00:00,131,113,147,102,,100,,,125,,,91,92
2015-07-07 19:00:00,117,121,146,116,,101,,,133,,,26,81
2015-07-07 20:00:00,114,99,156,254,,285,,,121,,,280,296
2015-07-07 21:00:00,69,104,152,273,,29,,,118,,,46,212
2015-07-07 22:00:00,328,117,168,186,,315,,,102,,,175,173
2015-07-07 23:00:00,130,113,154,106,,112,,,99,,,133,80
2015-07-08 00:00:00,112,115,148,94,,128,,,109,,,148,71
2015-07-08 01:00:00,99,111,151,93,,116,,,94,,,151,109
2015-07-08 02:00:00,86,108,147,86,,115,,,78,,,184,101
2015-07-08 03:00:00,47,87,130,129,,89,,,94,,,173,109
2015-07-08 04:00:00,16,63,108,245,,57,,,77,,,147,131
2015-07-08 05:00:00,8,76,115,266,,28,,,54,,,131,141
2015-07-08 06:00:00,47,66,102,264,,42,,,49,,,253,212
2015-07-08 07:00:00,7,65,113,279,,63,,,63,,,85,150
2015-07-08 08:00:00,48,57,131,190,,71,,,72,,,99,102
2015-07-08 09:00:00,61,56,123,139,,70,,,61,,,102,93
2015-07-08 10:00:00,33,54,135,127,,79,,,84,,,78,83
2015-07-08 11:00:00,62,103,97,105,,79,,,73,,,103,80
2015-07-08 12:00:00,54,117,155,101,,97,,,92,,,87,76
2015-07-08 13:00:00,69,118,154,104,,107,,,100,,,85,97
2015-07-08 14:00:00,123,128,162,102,,107,,,115,,,85,92
2015-07-08 15:00:00,124,124,161,118,,112,,,120,,,78,96
2015-07-08 16:00:00,124,121,150,116,,111,,,124,,,80,92
2015-07-08 17:00:00,114,122,152,121,,109,,,127,,,81,93
2015-07-08 18:00:00,101,120,149,119,,105,,,127,,,84,95
2015-07-08 19:00:00,106,117,152,111,,111,,,117,,,82,89
2015-07-08 20:00:00,111,116,153,104,,111,,,115,,,87,82
2015-07-08 21:00:00,116,110,152,104,,107,,,100,,,81,78
2015-07-08 22:00:00,101,106,142,100,,99,,,98,,,97,69
2015-07-08 23:00:00,122,109,133,95,,98,,,84,,,106,74
2015-07-09 00:00:00,107,104,136,88,,98,,,81,,,136,79
2015-07-09 01:00:00,79,97,134,99,,96,,,75,,,143,101
2015-07-09 02:00:00,19,92,130,141,,101,,,81,,,139,131
2015-07-09 03:00:00,41,92,130,256,,90,,,80,,,132,127
2015-07-09 04:00:00,16,91,121,275,,104,,,72,,,122,115
2015-07-09 05:00:00,10,57,116,295,,68,,,81,,,116,125
2015-07-09 06:00:00,351,49,117,273,,42,,,105,,,87,128
2015-07-09 07:00:00,15,55,104,269,,50,,,80,,,26,136
2015-07-09 08:00:00,351,53,112,276,,54,,,159,,,63,75
2015-07-09 09:00:00,10,78,150,207,,50,,,77,,,79,75
2015-07-09 10:00:00,4,106,156,110,,63,,,76,,,99,83
2015-07-09 11:00:00,52,118,161,106,,84,,,85,,,96,79
2015-07-09 12:00:00,28,114,146,105,,110,,,98,,,108,74
2015-07-09 13:00:00,58,120,158,99,,98,,,98,,,94,73
2015-07-09 14:00:00,121,125,170,108,,108,,,109,,,85,79
2015-07-09 15:00:00,129,120,162,114,,102,,,111,,,86,97
2015-07-09 16:00:00,118,128,155,115,,112,,,117,,,87,91
2015-07-09 17:00:00,120,125,151,118,,114,,,120,,,82,90
2015-07-09 18:00:00,122,122,153,116,,108,,,125,,,83,99
2015-07-09 19:00:00,115,125,158,125,,126,,,118,,,73,82
2015-07-09 20:00:00,118,123,162,112,,114,,,112,,,73,73
2015-07-09 21:00:00,105,114,158,111,,111,,,105,,,99,70
2015-07-09 22:00:00,115,113,152,105,,100,,,86,,,103,87
2015-07-09 23:00:00,122,109,145,102,,110,,,93,,,95,77
2015-07-10 00:00:00,116,109,146,103,,97,,,83,,,108,84
2015-07-10 01:00:00,99,103,138,88,,99,,,89,,,137,97
2015-07-10 02:00:00,47,95,131,98,,85,,,106,,,136,111
2015-07-10 03:00:00,39,88,122,175,,68,,,79,,,134,115
2015-07-10 04:00:00,13,76,122,301,,73,,,74,,,147,125
2015-07-10 05:00:00,24,41,126,278,,40,,,67,,,128,122
2015-07-10 06:00:00,357,37,112,268,,41,,,70,,,137,116
2015-07-10 07:00:00,25,45,113,279,,48,,,50,,,100,104
2015-07-10 08:00:00,11,48,135,247,,45,,,103,,,60,134
2015-07-10 09:00:00,16,12,172,236,,44,,,90,,,98,97
2015-07-10 10:00:00,0,92,181,194,,71,,,96,,,98,88
2015-07-10 11:00:00,43,113,160,84,,92,,,97,,,112,79
2015-07-10 12:00:00,38,105,162,97,,98,,,94,,,98,82
2015-07-10 13:00:00,71,120,168,105,,101,,,104,,,89,85
2015-07-10 14:00:00,127,124,160,118,,117,,,123,,,78,82
2015-07-10 15:00:00,121,127,153,118,,118,,,122,,,80,96
2015-07-10 16:00:00,117,116,153,114,,110,,,121,,,85,92
2015-07-10 17:00:00,117,117,149,107,,110,,,110,,,82,89
2015-07-10 18:00:00,110,115,156,116,,105,,,120,,,89,102
2015-07-10 19:00:00,102,120,151,124,,118,,,137,,,93,98
2015-07-10 20:00:00,105,105,147,112,,99,,,127,,,93,93
2015-07-10 21:00:00,103,103,125,100,,96,,,109,,,83,88
2015-07-10 22:00:00,76,99,127,98,,96,,,97,,,85,83
2015-07-10 23:00:00,74,98,129,102,,98,,,87,,,86,76
2015-07-11 00:00:00,75,101,124,103,,94,,,78,,,95,73
2015-07-11 01:00:00,101,102,123,96,,96,,,77,,,103,76
2015-07-11 02:00:00,57,100,116,89,,76,,,75,,,117,90
2015-07-11 03:00:00,29,90,115,95,,70,,,78,,,127,103
2015-07-11 04:00:00,28,66,115,70,,66,,,63,,,118,109
2015-07-11 05:00:00,34,99,109,110,,73,,,66,,,109,103
2015-07-11 06:00:00,44,97,120,133,,64,,,74,,,117,120
2015-07-11 07:00:00,36,102,146,117,,68,,,86,,,123,110
2015-07-11 08:00:00,52,104,153,81,,88,,,88,,,113,81
2015-07-11 09:00:00,27,114,152,109,,86,,,84,,,122,92
2015-07-11 10:00:00,31,111,146,87,,91,,,53,,,132,90
2015-07-11 11:00:00,28,111,155,88,,103,,,86,,,104,77
2015-07-11 12:00:00,50,119,164,104,,96,,,88,,,86,83
2015-07-11 13:00:00,90,115,143,107,,95,,,106,,,89,89
2015-07-11 14:00:00,114,110,137,103,,102,,,164,,,80,88
2015-07-11 15:00:00,109,114,136,107,,99,,,198,,,81,87
2015-07-11 16:00:00,109,117,139,112,,113,,,144,,,81,88
2015-07-11 17:00:00,106,119,157,112,,104,,,120,,,96,111
2015-07-11 18:00:00,119,124,151,112,,116,,,124,,,94,113
2015-07-11 19:00:00,112,120,148,113,,111,,,133,,,96,103
2015-07-11 20:00:00,115,111,138,108,,98,,,128,,,95,99
2015-07-11 21:00:00,119,104,144,97,,96,,,102,,,106,96
2015-07-11 22:00:00,120,102,129,96,,94,,,75,,,93,84
2015-07-11 23:00:00,73,100,124,101,,97,,,64,,,93,87
2015-07-12 00:00:00,76,98,124,98,,89,,,69,,,120,94
2015-07-12 01:00:00,62,90,116,92,,81,,,81,,,118,84
2015-07-12 02:00:00,40,89,118,99,,88,,,76,,,142,104
2015-07-12 03:00:00,39,76,115,152,,58,,,72,,,139,107
2015-07-12 04:00:00,4,47,112,163,,57,,,77,,,133,121
2015-07-12 05:00:00,3,53,116,289,,53,,,52,,,107,113
2015-07-12 06:00:00,17,58,108,269,,54,,,47,,,114,86
2015-07-12 07:00:00,32,41,104,272,,33,,,63,,,99,90
2015-07-12 08:00:00,6,43,101,287,,54,,,69,,,51,91
2015-07-12 09:00:00,5,35,148,267,,13,,,105,,,62,107
2015-07-12 10:00:00,9,40,140,217,,75,,,92,,,71,106
2015-07-12 11:00:00,57,112,130,124,,90,,,122,,,93,83
2015-07-12 12:00:00,59,108,152,125,,103,,,87,,,95,78
2015-07-12 13:00:00,44,118,158,98,,97,,,93,,,87,68
2015-07-12 14:00:00,112,124,163,108,,103,,,92,,,90,78
2015-07-12 15:00:00,127,121,153,111,,103,,,119,,,80,81
2015-07-12 16:00:00,123,121,159,119,,116,,,129,,,95,96
2015-07-12 17:00:00,111,121,154,118,,110,,,136,,,91,95
2015-07-12 18:00:00,124,119,153,122,,111,,,126,,,90,98
2015-07-12 19:00:00,129,126,153,116,,113,,,129,,,94,91
2015-07-12 20:00:00,119,126,165,116,,116,,,132,,,92,87
2015-07-12 21:00:00,122,120,165,127,,112,,,119,,,98,97
2015-07-12 22:00:00,127,100,147,100,,87,,,90,,,114,91
2015-07-12 23:00:00,118,101,122,88,,111,,,77,,,113,79
2015-07-13 00:00:00,78,101,125,91,,106,,,67,,,127,101
2015-07-13 01:00:00,42,90,125,73,,92,,,71,,,133,101
2015-07-13 02:00:00,33,90,115,251,,87,,,82,,,146,124
2015-07-13 03:00:00,27,72,114,285,,76,,,69,,,112,126
2015-07-13 04:00:00,25,93,117,277,,84,,,41,,,114,128
2015-07-13 05:00:00,64,61,132,264,,52,,,63,,,357,176
2015-07-13 06:00:00,75,57,115,280,,47,,,45,,,305,251
2015-07-13 07:00:00,348,44,101,296,,41,,,50,,,332,193
2015-07-13 08:00:00,335,51,96,257,,45,,,73,,,6,34
2015-07-13 09:00:00,25,44,68,194,,80,,,86,,,26,103
2015-07-13 10:00:00,75,47,39,157,,88,,,79,,,114,90
2015-07-13 11:00:00,64,88,94,143,,93,,,85,,,92,82
2015-07-13 12:00:00,65,103,136,115,,94,,,74,,,95,79
2015-07-13 13:00:00,61,93,149,114,,85,,,82,,,92,82
2015-07-13 14:00:00,53,104,143,113,,80,,,75,,,93,76
2015-07-13 15:00:00,50,104,144,103,,92,,,90,,,76,63
2015-07-13 16:00:00,58,121,144,98,,105,,,101,,,82,95
2015-07-13 17:00:00,118,111,154,109,,108,,,112,,,82,91
2015-07-13 18:00:00,120,125,137,114,,108,,,126,,,87,90
2015-07-13 19:00:00,126,109,137,115,,107,,,128,,,89,80
2015-07-13 20:00:00,121,120,149,116,,101,,,126,,,113,76
2015-07-13 21:00:00,98,97,139,103,,304,,,99,,,121,135
2015-07-13 22:00:00,84,97,125,100,,64,,,79,,,125,149
2015-07-13 23:00:00,63,104,126,121,,97,,,82,,,128,138
2015-07-14 00:00:00,356,101,146,292,,94,,,85,,,115,149
2015-07-14 01:00:00,349,58,132,251,,77,,,76,,,99,134
2015-07-14 02:00:00,10,41,119,253,,38,,,67,,,105,153
2015-07-14 03:00:00,25,72,108,285,,49,,,49,,,51,179
2015-07-14 04:00:00,22,69,110,290,,61,,,66,,,93,176
2015-07-14 05:00:00,14,75,120,289,,66,,,55,,,327,157
2015-07-14 06:00:00,21,29,142,301,,8,,,69,,,345,153
2015-07-14 07:00:00,20,3,106,286,,28,,,76,,,81,87
2015-07-14 08:00:00,12,358,57,263,,22,,,91,,,25,97
2015-07-14 09:00:00,337,13,51,211,,70,,,67,,,122,95
2015-07-14 10:00:00,41,11,72,209,,57,,,74,,,83,102
2015-07-14 11:00:00,51,35,89,157,,82,,,87,,,90,101
2015-07-14 12:00:00,45,97,120,115,,75,,,57,,,99,94
2015-07-14 13:00:00,64,91,134,90,,83,,,76,,,96,80
2015-07-14 14:00:00,67,100,149,104,,87,,,73,,,88,70
2015-07-14 15:00:00,51,111,128,98,,93,,,88,,,80,63
2015-07-14 16:00:00,60,111,146,100,,95,,,93,,,77,90
2015-07-14 17:00:00,96,122,152,108,,115,,,103,,,93,100
2015-07-14 18:00:00,119,118,145,117,,110,,,121,,,83,92
2015-07-14 19:00:00,105,104,135,109,,97,,,118,,,88,84
2015-07-14 20:00:00,118,107,127,108,,71,,,131,,,99,83
2015-07-14 21:00:00,109,98,115,108,,68,,,102,,,131,95
2015-07-14 22:00:00,103,97,124,92,,109,,,70,,,128,106
2015-07-14 23:00:00,68,102,116,107,,104,,,73,,,128,119
2015-07-15 00:00:00,5,68,137,154,,80,,,79,,,132,110
2015-07-15 01:00:00,2,80,136,293,,84,,,80,,,125,112
2015-07-15 02:00:00,16,45,115,257,,69,,,49,,,121,120
2015-07-15 03:00:00,24,73,115,270,,85,,,49,,,103,107
2015-07-15 04:00:00,49,72,121,276,,77,,,43,,,113,108
2015-07-15 05:00:00,48,81,115,286,,83,,,44,,,108,105
2015-07-15 06:00:00,29,87,117,256,,68,,,38,,,97,88
2015-07-15 07:00:00,37,67,148,241,,56,,,49,,,104,101
2015-07-15 08:00:00,31,59,121,234,,56,,,64,,,62,96
2015-07-15 09:00:00,39,32,96,232,,334,,,105,,,55,97
2015-07-15 10:00:00,57,65,123,231,,106,,,154,,,78,93
2015-07-15 11:00:00,51,90,148,137,,101,,,92,,,95,105
2015-07-15 12:00:00,31,97,129,108,,94,,,71,,,100,88
2015-07-15 13:00:00,53,106,132,115,,96,,,77,,,99,81
2015-07-15 14:00:00,68,106,154,99,,101,,,92,,,88,60
2015-07-15 15:00:00,61,120,148,102,,103,,,91,,,86,74
2015-07-15 16:00:00,79,121,139,104,,105,,,100,,,102,109
2015-07-15 17:00:00,131,125,146,115,,113,,,117,,,84,96
2015-07-15 18:00:00,130,113,129,118,,100,,,126,,,82,84
2015-07-15 19:00:00,124,110,149,111,,96,,,121,,,82,85
2015-07-15 20:00:00,116,111,132,107,,91,,,138,,,100,84
2015-07-15 21:00:00,123,109,135,98,,100,,,90,,,103,84
2015-07-15 22:00:00,90,104,132,105,,99,,,87,,,86,81
2015-07-15 23:00:00,82,100,147,105,,89,,,76,,,105,76
2015-07-16 00:00:00,75,87,127,90,,96,,,69,,,118,86
2015-07-16 01:00:00,55,93,115,90,,77,,,69,,,130,105
2015-07-16 02:00:00,40,101,123,115,,89,,,69,,,143,112
2015-07-16 03:00:00,36,94,118,83,,89,,,70,,,128,103
2015-07-16 04:00:00,32,64,115,98,,70,,,74,,,121,113
2015-07-16 05:00:00,35,68,107,115,,55,,,60,,,111,118
2015-07-16 06:00:00,21,65,111,193,,50,,,55,,,132,135
2015-07-16 07:00:00,24,80,112,260,,56,,,44,,,93,120
2015-07-16 08:00:00,46,41,98,267,,49,,,82,,,60,77
2015-07-16 09:00:00,33,17,115,207,,84,,,123,,,53,115
2015-07-16 10:00:00,359,57,80,136,,68,,,90,,,73,88
2015-07-16 11:00:00,49,93,96,133,,87,,,92,,,79,92
2015-07-16 12:00:00,57,104,108,82,,76,,,74,,,98,73
2015-07-16 13:00:00,51,102,128,104,,90,,,74,,,97,74
2015-07-16 14:00:00,55,105,141,99,,90,,,89,,,80,68
2015-07-16 15:00:00,62,116,149,103,,101,,,103,,,81,86
2015-07-16 16:00:00,111,117,153,105,,109,,,109,,,81,84
2015-07-16 17:00:00,120,123,135,111,,98,,,121,,,83,97
2015-07-16 18:00:00,114,127,154,121,,111,,,132,,,86,102
2015-07-16 19:00:00,109,129,140,113,,111,,,141,,,92,101
2015-07-16 20:00:00,121,112,149,128,,102,,,142,,,103,89
2015-07-16 21:00:00,133,108,133,100,,102,,,105,,,104,82
2015-07-16 22:00:00,81,107,135,104,,99,,,91,,,90,87
2015-07-16 23:00:00,79,105,134,97,,88,,,69,,,94,85
2015-07-17 00:00:00,90,99,134,104,,81,,,74,,,119,83
2015-07-17 01:00:00,69,94,128,86,,70,,,79,,,158,115
2015-07-17 02:00:00,36,100,117,117,,84,,,80,,,136,118
2015-07-17 03:00:00,43,104,124,148,,64,,,83,,,137,100
2015-07-17 04:00:00,37,44,111,118,,38,,,100,,,103,139
2015-07-17 05:00:00,27,23,82,229,,48,,,57,,,270,132
2015-07-17 06:00:00,4,28,60,214,,56,,,55,,,293,114
2015-07-17 07:00:00,11,65,90,122,,72,,,58,,,92,104
2015-07-17 08:00:00,8,80,122,258,,49,,,82,,,76,58
2015-07-17 09:00:00,49,69,132,148,,64,,,79,,,99,84
2015-07-17 10:00:00,65,101,144,147,,78,,,91,,,92,88
2015-07-17 11:00:00,50,116,146,108,,86,,,79,,,84,75
2015-07-17 12:00:00,54,109,139,122,,96,,,77,,,93,74
2015-07-17 13:00:00,54,108,133,105,,82,,,84,,,87,72
2015-07-17 14:00:00,59,112,152,108,,95,,,84,,,82,75
2015-07-17 15:00:00,111,118,160,103,,104,,,97,,,101,92
2015-07-17 16:00:00,136,133,152,105,,101,,,105,,,90,101
2015-07-17 17:00:00,133,132,160,123,,121,,,124,,,87,96
2015-07-17 18:00:00,125,134,157,122,,119,,,134,,,85,98
2015-07-17 19:00:00,128,129,161,120,,119,,,135,,,84,96
2015-07-17 20:00:00,117,125,165,136,,107,,,131,,,92,83
2015-07-17 21:00:00,124,117,154,115,,110,,,104,,,98,75
2015-07-17 22:00:00,123,118,149,112,,110,,,97,,,122,94
2015-07-17 23:00:00,129,119,151,105,,110,,,83,,,113,107
2015-07-18 00:00:00,126,112,151,100,,107,,,90,,,109,85
2015-07-18 01:00:00,97,106,145,103,,108,,,88,,,131,89
2015-07-18 02:00:00,48,105,141,111,,96,,,99,,,164,110
2015-07-18 03:00:00,49,105,139,106,,99,,,94,,,147,114
2015-07-18 04:00:00,47,109,148,114,,98,,,95,,,122,117
2015-07-18 05:00:00,24,99,149,157,,84,,,94,,,111,124
2015-07-18 06:00:00,24,98,149,183,,83,,,77,,,287,130
2015-07-18 07:00:00,12,84,147,248,,54,,,74,,,285,110
2015-07-18 08:00:00,23,28,63,247,,16,,,98,,,59,116
2015-07-18 09:00:00,17,7,100,210,,54,,,90,,,89,106
2015-07-18 10:00:00,28,50,78,187,,69,,,77,,,74,83
2015-07-18 11:00:00,67,114,106,127,,91,,,59,,,92,83
2015-07-18 12:00:00,79,113,150,112,,89,,,79,,,90,81
2015-07-18 13:00:00,39,119,159,125,,100,,,91,,,96,77
2015-07-18 14:00:00,50,115,156,126,,95,,,93,,,94,59
2015-07-18 15:00:00,32,120,165,113,,93,,,94,,,87,61
2015-07-18 16:00:00,62,127,162,107,,94,,,111,,,87,89
2015-07-18 17:00:00,125,127,165,123,,110,,,117,,,98,99
2015-07-18 18:00:00,113,125,153,110,,107,,,131,,,100,98
2015-07-18 19:00:00,108,129,159,121,,121,,,146,,,98,109
2015-07-18 20:00:00,129,110,166,127,,105,,,142,,,107,98
2015-07-18 21:00:00,123,105,140,102,,100,,,97,,,97,83
2015-07-18 22:00:00,87,104,138,104,,97,,,83,,,95,76
2015-07-18 23:00:00,93,108,135,100,,97,,,75,,,100,80
2015-07-19 00:00:00,116,105,139,97,,105,,,82,,,125,103
2015-07-19 01:00:00,53,96,129,112,,90,,,75,,,150,114
2015-07-19 02:00:00,42,84,120,108,,85,,,73,,,152,116
2015-07-19 03:00:00,37,73,116,311,,68,,,89,,,128,129
2015-07-19 04:00:00,22,50,110,293,,53,,,77,,,126,119
2015-07-19 05:00:00,39,64,110,294,,67,,,60,,,131,110
2015-07-19 06:00:00,41,60,110,278,,78,,,43,,,122,98
2015-07-19 07:00:00,66,53,120,277,,62,,,54,,,43,84
2015-07-19 08:00:00,26,39,115,301,,27,,,92,,,71,96
2015-07-19 09:00:00,358,39,87,248,,14,,,84,,,79,92
2015-07-19 10:00:00,16,47,68,121,,83,,,88,,,78,89
2015-07-19 11:00:00,51,74,124,148,,91,,,66,,,90,89
2015-07-19 12:00:00,52,83,161,134,,87,,,63,,,104,81
2015-07-19 13:00:00,60,86,143,111,,82,,,70,,,102,81
2015-07-19 14:00:00,46,113,144,114,,103,,,76,,,104,84
2015-07-19 15:00:00,57,123,139,106,,88,,,88,,,98,65
2015-07-19 16:00:00,52,116,156,105,,104,,,97,,,93,106
2015-07-19 17:00:00,115,125,161,107,,117,,,118,,,97,94
2015-07-19 18:00:00,130,130,155,114,,110,,,123,,,95,89
2015-07-19 19:00:00,,128,148,114,,114,,,146,,,90,91
2015-07-19 20:00:00,121,113,164,134,,97,,,162,,,91,82
2015-07-19 21:00:00,129,101,123,90,,95,,,93,,,115,88
2015-07-19 22:00:00,94,103,125,105,,121,,,73,,,129,93
2015-07-19 23:00:00,70,97,126,103,,106,,,72,,,139,102
2015-07-20 00:00:00,54,81,116,108,,97,,,77,,,144,135
2015-07-20 01:00:00,42,91,118,205,,114,,,65,,,147,105
2015-07-20 02:00:00,39,105,120,284,,104,,,64,,,138,125
2015-07-20 03:00:00,24,75,115,270,,79,,,83,,,109,127
2015-07-20 04:00:00,27,33,113,256,,57,,,96,,,99,136
2015-07-20 05:00:00,15,54,99,265,,46,,,72,,,304,122
2015-07-20 06:00:00,38,51,127,275,,48,,,87,,,347,135
2015-07-20 07:00:00,339,42,157,300,,52,,,57,,,65,133
2015-07-20 08:00:00,358,35,147,181,,21,,,78,,,74,101
2015-07-20 09:00:00,24,7,91,135,,71,,,89,,,139,91
2015-07-20 10:00:00,44,21,92,210,,67,,,94,,,76,92
2015-07-20 11:00:00,76,65,107,141,,74,,,82,,,98,93
2015-07-20 12:00:00,79,101,111,112,,85,,,64,,,108,101
2015-07-20 13:00:00,51,100,142,117,,94,,,85,,,103,82
2015-07-20 14:00:00,62,108,130,103,,107,,,83,,,82,62
2015-07-20 15:00:00,86,118,147,101,,101,,,88,,,77,68
2015-07-20 16:00:00,96,114,154,101,,110,,,100,,,96,97
2015-07-20 17:00:00,117,129,158,105,,106,,,116,,,93,103
2015-07-20 18:00:00,124,121,145,122,,115,,,130,,,90,95
2015-07-20 19:00:00,113,102,147,113,,89,,,124,,,88,91
2015-07-20 20:00:00,120,108,146,103,,98,,,129,,,98,86
2015-07-20 21:00:00,83,104,137,98,,98,,,103,,,95,94
2015-07-20 22:00:00,66,99,138,100,,89,,,78,,,97,83
2015-07-20 23:00:00,44,101,128,116,,93,,,93,,,139,95
2015-07-21 00:00:00,45,98,130,95,,95,,,85,,,131,111
2015-07-21 01:00:00,31,76,118,102,,104,,,84,,,111,121
2015-07-21 02:00:00,47,63,112,251,,77,,,72,,,118,113
2015-07-21 03:00:00,71,100,113,176,,98,,,70,,,120,115
2015-07-21 04:00:00,73,106,138,150,,93,,,82,,,109,115
2015-07-21 05:00:00,38,78,152,175,,79,,,89,,,96,118
2015-07-21 06:00:00,67,101,127,165,,83,,,73,,,113,123
2015-07-21 07:00:00,34,63,150,296,,46,,,49,,,2,124
2015-07-21 08:00:00,358,15,107,256,,30,,,84,,,29,96
2015-07-21 09:00:00,7,2,46,191,,58,,,111,,,78,84
2015-07-21 10:00:00,62,66,360,194,,75,,,75,,,90,93
2015-07-21 11:00:00,68,111,113,137,,92,,,73,,,97,83
2015-07-21 12:00:00,48,96,139,108,,92,,,70,,,97,77
2015-07-21 13:00:00,50,103,128,99,,94,,,84,,,92,67
2015-07-21 14:00:00,69,111,134,100,,90,,,99,,,75,62
2015-07-21 15:00:00,75,119,120,111,,103,,,96,,,73,92
2015-07-21 16:00:00,122,120,130,111,,113,,,127,,,94,105
2015-07-21 17:00:00,126,117,142,118,,110,,,125,,,101,115
2015-07-21 18:00:00,109,111,148,123,,100,,,125,,,94,103
2015-07-21 19:00:00,111,121,126,112,,103,,,135,,,95,110
2015-07-21 20:00:00,128,119,149,124,,114,,,152,,,99,104
2015-07-21 21:00:00,80,100,142,91,,90,,,96,,,88,95
2015-07-21 22:00:00,77,98,119,85,,101,,,86,,,86,70
2015-07-21 23:00:00,102,79,117,90,,97,,,95,,,120,64
2015-07-22 00:00:00,63,85,114,93,,103,,,81,,,130,99
2015-07-22 01:00:00,62,100,120,116,,107,,,74,,,102,92
2015-07-22 02:00:00,56,105,135,123,,96,,,74,,,105,99
2015-07-22 03:00:00,36,94,132,123,,87,,,74,,,119,120
2015-07-22 04:00:00,34,84,113,70,,71,,,71,,,105,121
2015-07-22 05:00:00,49,69,113,71,,60,,,66,,,111,99
2015-07-22 06:00:00,39,53,124,124,,50,,,43,,,130,113
2015-07-22 07:00:00,55,72,103,227,,69,,,53,,,96,100
2015-07-22 08:00:00,56,82,104,269,,59,,,61,,,78,79
2015-07-22 09:00:00,24,78,95,237,,65,,,67,,,99,89
2015-07-22 10:00:00,51,54,105,114,,79,,,93,,,90,92
2015-07-22 11:00:00,57,84,127,111,,83,,,89,,,83,79
2015-07-22 12:00:00,46,105,126,121,,84,,,60,,,97,88
2015-07-22 13:00:00,58,110,,115,,98,,,72,,,96,77
2015-07-22 14:00:00,67,115,,110,,97,,,87,,,96,72
2015-07-22 15:00:00,78,114,,108,,99,,,97,,,82,71
2015-07-22 16:00:00,124,119,,112,,99,,,103,,,91,102
2015-07-22 17:00:00,122,125,148,116,,113,,,127,,,94,93
2015-07-22 18:00:00,117,120,151,117,,106,,,122,,,87,95
2015-07-22 19:00:00,122,128,153,121,,115,,,140,,,91,100
2015-07-22 20:00:00,125,128,162,143,,116,,,152,,,95,96
2015-07-22 21:00:00,129,126,160,138,,101,,,119,,,96,88
2015-07-22 22:00:00,119,108,133,109,,100,,,82,,,109,96
2015-07-22 23:00:00,128,113,131,105,,113,,,72,,,94,85
2015-07-23 00:00:00,65,115,144,106,,106,,,80,,,103,88
2015-07-23 01:00:00,53,102,147,98,,104,,,89,,,136,114
2015-07-23 02:00:00,44,104,141,114,,90,,,87,,,151,117
2015-07-23 03:00:00,30,99,144,93,,83,,,88,,,121,120
2015-07-23 04:00:00,22,93,136,134,,87,,,92,,,132,113
2015-07-23 05:00:00,32,78,125,181,,79,,,79,,,99,119
2015-07-23 06:00:00,57,74,92,208,,71,,,57,,,103,109
2015-07-23 07:00:00,29,63,68,260,,57,,,62,,,64,102
2015-07-23 08:00:00,22,73,99,239,,52,,,84,,,67,93
2015-07-23 09:00:00,56,44,100,168,,88,,,76,,,65,94
2015-07-23 10:00:00,51,78,93,153,,75,,,90,,,86,97
2015-07-23 11:00:00,63,85,166,156,,84,,,67,,,94,88
2015-07-23 12:00:00,64,96,139,124,,99,,,73,,,92,88
2015-07-23 13:00:00,62,98,149,96,,109,,,86,,,94,80
2015-07-23 14:00:00,58,110,137,112,,104,,,86,,,89,69
2015-07-23 15:00:00,69,112,150,106,,100,,,102,,,74,68
2015-07-23 16:00:00,114,131,147,111,,109,,,118,,,82,104
2015-07-23 17:00:00,125,120,148,123,,110,,,131,,,103,101
2015-07-23 18:00:00,110,124,147,128,,114,,,125,,,101,106
2015-07-23 19:00:00,112,124,151,122,,114,,,136,,,88,89
2015-07-23 20:00:00,108,101,140,114,,98,,,125,,,92,98
2015-07-23 21:00:00,74,102,133,99,,102,,,99,,,100,74
2015-07-23 22:00:00,61,103,126,94,,104,,,92,,,107,76
2015-07-23 23:00:00,57,104,119,88,,110,,,81,,,130,80
2015-07-24 00:00:00,47,87,118,100,,110,,,74,,,132,97
2015-07-24 01:00:00,22,82,115,129,,93,,,62,,,117,112
2015-07-24 02:00:00,16,69,119,126,,,,,69,,,113,119
2015-07-24 03:00:00,14,65,110,237,,80,,,50,,,93,116
2015-07-24 04:00:00,49,57,95,238,,71,,,48,,,98,110
2015-07-24 05:00:00,77,72,116,241,,76,,,65,,,17,110
2015-07-24 06:00:00,59,88,124,266,,72,,,41,,,312,131
2015-07-24 07:00:00,28,75,163,280,,58,,,51,,,53,114
2015-07-24 08:00:00,22,112,154,222,,77,,,84,,,124,104
2015-07-24 09:00:00,50,93,158,196,,75,,,87,,,91,95
2015-07-24 10:00:00,58,99,145,142,,85,,,83,,,72,86
2015-07-24 11:00:00,64,96,130,134,,89,,,81,,,90,81
2015-07-24 12:00:00,50,94,143,109,,87,,,80,,,103,83
2015-07-24 13:00:00,56,90,143,104,,94,,,80,,,93,70
2015-07-24 14:00:00,68,95,147,93,,91,,,82,,,78,82
2015-07-24 15:00:00,111,118,145,108,,94,,,90,,,100,110
2015-07-24 16:00:00,114,121,156,104,,101,,,103,,,100,98
2015-07-24 17:00:00,95,109,141,109,,93,,,119,,,102,101
2015-07-24 18:00:00,98,112,136,115,,105,,,127,,,99,95
2015-07-24 19:00:00,114,98,128,116,,94,,,128,,,102,100
2015-07-24 20:00:00,102,109,116,106,,80,,,117,,,105,87
2015-07-24 21:00:00,81,103,116,100,,92,,,99,,,111,97
2015-07-24 22:00:00,76,106,137,101,,107,,,88,,,81,75
2015-07-24 23:00:00,56,100,143,98,,101,,,80,,,102,76
2015-07-25 00:00:00,51,102,129,99,,96,,,75,,,109,86
2015-07-25 01:00:00,37,103,145,133,,94,,,69,,,119,97
2015-07-25 02:00:00,30,87,143,150,,89,,,70,,,113,115
2015-07-25 03:00:00,26,79,150,172,,89,,,63,,,104,119
2015-07-25 04:00:00,30,66,152,174,,86,,,55,,,88,162
2015-07-25 05:00:00,12,63,157,287,,40,,,65,,,276,244
2015-07-25 06:00:00,10,65,131,276,,48,,,77,,,321,264
2015-07-25 07:00:00,18,33,72,278,,46,,,64,,,345,
2015-07-25 08:00:00,8,7,68,265,,24,,,91,,,20,60
2015-07-25 09:00:00,8,59,70,188,,81,,,118,,,110,90
2015-07-25 10:00:00,53,66,26,220,,97,,,93,,,41,115
2015-07-25 11:00:00,66,30,39,160,,106,,,66,,,92,89
2015-07-25 12:00:00,91,109,102,118,,99,,,78,,,99,77
2015-07-25 13:00:00,63,84,119,115,,102,,,99,,,102,81
2015-07-25 14:00:00,62,117,95,111,,101,,,90,,,123,121
2015-07-25 15:00:00,123,125,160,122,,118,,,109,,,177,158
2015-07-25 16:00:00,142,115,156,125,,94,,,136,,,169,124
2015-07-25 17:00:00,125,119,144,123,,103,,,142,,,115,114
2015-07-25 18:00:00,119,129,139,127,,116,,,143,,,106,100
2015-07-25 19:00:00,126,97,131,108,,81,,,143,,,93,91
2015-07-25 20:00:00,132,82,88,78,,90,,,79,,,104,90
2015-07-25 21:00:00,66,104,117,110,,95,,,93,,,304,138
2015-07-25 22:00:00,194,100,127,105,,104,,,84,,,285,281
2015-07-25 23:00:00,40,92,120,145,,92,,,74,,,281,20
2015-07-26 00:00:00,49,106,143,123,,115,,,78,,,109,111
2015-07-26 01:00:00,27,100,143,150,,107,,,99,,,112,119
2015-07-26 02:00:00,41,102,154,154,,101,,,86,,,96,107
2015-07-26 03:00:00,39,105,151,158,,111,,,90,,,108,111
2015-07-26 04:00:00,20,135,163,175,,100,,,105,,,87,116
2015-07-26 05:00:00,264,101,163,286,,47,,,99,,,312,233
2015-07-26 06:00:00,2,71,151,275,,24,,,82,,,308,188
2015-07-26 07:00:00,360,71,149,300,,26,,,73,,,306,286
2015-07-26 08:00:00,349,340,186,305,,333,,,167,,,335,306
2015-07-26 09:00:00,12,33,346,173,,33,,,129,,,40,53
2015-07-26 10:00:00,44,37,18,141,,97,,,116,,,64,91
2015-07-26 11:00:00,53,18,13,178,,92,,,98,,,85,93
2015-07-26 12:00:00,65,109,101,112,,106,,,74,,,101,95
2015-07-26 13:00:00,67,99,137,105,,96,,,83,,,108,83
2015-07-26 14:00:00,69,122,147,112,,101,,,88,,,98,82
2015-07-26 15:00:00,72,122,158,113,,96,,,96,,,125,123
2015-07-26 16:00:00,72,113,132,109,,99,,,97,,,165,160
2015-07-26 17:00:00,89,114,156,107,,95,,,114,,,136,109
2015-07-26 18:00:00,109,104,130,107,,96,,,120,,,119,111
2015-07-26 19:00:00,102,87,120,98,,84,,,132,,,113,97
2015-07-26 20:00:00,113,94,110,102,,97,,,125,,,118,116
2015-07-26 21:00:00,75,104,125,102,,94,,,84,,,112,108
2015-07-26 22:00:00,67,91,,111,,98,,,76,,,116,76
2015-07-26 23:00:00,46,91,125,105,,99,,,76,,,125,96
2015-07-27 00:00:00,35,105,119,81,,113,,,72,,,123,108
2015-07-27 01:00:00,25,103,135,122,,117,,,75,,,132,105
2015-07-27 02:00:00,7,104,152,103,,104,,,79,,,133,116
2015-07-27 03:00:00,358,91,153,184,,96,,,89,,,131,146
2015-07-27 04:00:00,9,61,153,314,,52,,,37,,,313,201
2015-07-27 05:00:00,8,70,97,278,,4,,,66,,,305,228
2015-07-27 06:00:00,15,91,104,264,,50,,,80,,,327,217
2015-07-27 07:00:00,3,336,146,313,,336,,,9,,,5,265
2015-07-27 08:00:00,23,345,334,338,,338,,,348,,,338,324
2015-07-27 09:00:00,342,20,358,337,,350,,,350,,,39,198
2015-07-27 10:00:00,35,38,36,74,,95,,,40,,,61,96
2015-07-27 11:00:00,59,70,43,140,,96,,,64,,,111,99
2015-07-27 12:00:00,69,97,141,106,,98,,,68,,,111,83
2015-07-27 13:00:00,60,91,134,105,,97,,,73,,,101,81
2015-07-27 14:00:00,67,100,128,102,,88,,,79,,,93,69
2015-07-27 15:00:00,84,114,137,106,,97,,,104,,,78,76
2015-07-27 16:00:00,111,116,148,111,,102,,,117,,,91,100
2015-07-27 17:00:00,106,115,151,117,,114,,,122,,,93,92
2015-07-27 18:00:00,103,110,142,117,,99,,,124,,,96,101
2015-07-27 19:00:00,124,107,128,109,,87,,,129,,,107,91
2015-07-27 20:00:00,110,105,122,97,,93,,,76,,,123,102
2015-07-27 21:00:00,73,108,126,92,,99,,,84,,,112,80
2015-07-27 22:00:00,65,96,117,94,,95,,,73,,,123,71
2015-07-27 23:00:00,50,80,117,90,,92,,,71,,,141,89
2015-07-28 00:00:00,36,72,113,78,,83,,,75,,,141,100
2015-07-28 01:00:00,18,72,114,54,,76,,,58,,,128,106
2015-07-28 02:00:00,22,68,112,24,,75,,,56,,,136,111
2015-07-28 03:00:00,28,64,110,73,,85,,,51,,,143,113
2015-07-28 04:00:00,81,85,116,81,,74,,,44,,,162,113
2015-07-28 05:00:00,53,74,119,142,,81,,,45,,,184,131
2015-07-28 06:00:00,59,69,117,173,,51,,,60,,,251,134
2015-07-28 07:00:00,63,99,119,244,,78,,,76,,,110,103
2015-07-28 08:00:00,32,46,146,281,,61,,,70,,,81,100
2015-07-28 09:00:00,35,18,101,255,,69,,,48,,,86,83
2015-07-28 10:00:00,31,32,41,208,,75,,,61,,,87,89
2015-07-28 11:00:00,49,82,45,135,,70,,,61,,,91,92
2015-07-28 12:00:00,74,95,102,138,,78,,,58,,,102,91
2015-07-28 13:00:00,47,108,136,104,,86,,,68,,,113,85
2015-07-28 14:00:00,57,112,141,110,,101,,,82,,,99,64
2015-07-28 15:00:00,100,121,157,112,,96,,,91,,,82,80
2015-07-28 16:00:00,130,126,168,110,,113,,,106,,,96,97
2015-07-28 17:00:00,112,128,166,117,,105,,,145,,,93,105
2015-07-28 18:00:00,113,128,154,121,,118,,,127,,,100,108
2015-07-28 19:00:00,130,138,157,132,,126,,,150,,,96,106
2015-07-28 20:00:00,126,128,167,138,,114,,,141,,,92,82
2015-07-28 21:00:00,128,117,155,131,,106,,,107,,,107,81
2015-07-28 22:00:00,107,101,126,105,,94,,,89,,,120,71
2015-07-28 23:00:00,64,101,124,97,,97,,,70,,,143,100
2015-07-29 00:00:00,47,108,117,100,,82,,,84,,,147,89
2015-07-29 01:00:00,26,104,115,93,,60,,,87,,,161,111
2015-07-29 02:00:00,24,104,112,108,,47,,,80,,,191,124
2015-07-29 03:00:00,6,60,112,78,,57,,,80,,,161,124
2015-07-29 04:00:00,33,66,106,12,,76,,,58,,,132,117
2015-07-29 05:00:00,46,72,102,252,,68,,,54,,,119,112
2015-07-29 06:00:00,70,69,104,242,,78,,,70,,,100,108
2015-07-29 07:00:00,42,110,118,245,,73,,,68,,,25,108
2015-07-29 08:00:00,25,45,155,279,,73,,,32,,,92,97
2015-07-29 09:00:00,347,2,130,243,,53,,,53,,,68,75
2015-07-29 10:00:00,22,46,54,254,,35,,,18,,,102,103
2015-07-29 11:00:00,53,56,52,110,,74,,,60,,,104,83
2015-07-29 12:00:00,67,107,130,96,,90,,,65,,,107,73
2015-07-29 13:00:00,61,103,138,101,,96,,,75,,,107,72
2015-07-29 14:00:00,66,112,160,107,,101,,,90,,,94,63
2015-07-29 15:00:00,122,125,157,110,,120,,,95,,,93,107
2015-07-29 16:00:00,124,127,159,109,,121,,,129,,,95,113
2015-07-29 17:00:00,114,113,155,122,,102,,,126,,,94,110
2015-07-29 18:00:00,115,125,154,118,,113,,,124,,,98,102
2015-07-29 19:00:00,122,111,145,119,,111,,,120,,,105,111
2015-07-29 20:00:00,103,100,132,99,,93,,,100,,,100,88
2015-07-29 21:00:00,80,104,125,102,,99,,,110,,,82,86
2015-07-29 22:00:00,90,101,129,103,,102,,,88,,,80,86
2015-07-29 23:00:00,68,103,148,98,,93,,,74,,,93,73
2015-07-30 00:00:00,56,87,136,100,,93,,,74,,,99,77
2015-07-30 01:00:00,58,71,131,115,,92,,,75,,,119,88
2015-07-30 02:00:00,45,72,127,122,,90,,,68,,,122,103
2015-07-30 03:00:00,54,94,118,74,,86,,,70,,,112,103
2015-07-30 04:00:00,44,88,113,94,,76,,,56,,,103,102
2015-07-30 05:00:00,33,60,115,91,,53,,,38,,,117,130
2015-07-30 06:00:00,25,45,86,233,,44,,,46,,,197,190
2015-07-30 07:00:00,73,57,13,269,,44,,,55,,,331,185
2015-07-30 08:00:00,37,36,77,114,,11,,,57,,,90,101
2015-07-30 09:00:00,43,15,47,94,,71,,,61,,,72,96
2015-07-30 10:00:00,53,54,50,142,,84,,,57,,,99,89
2015-07-30 11:00:00,46,81,121,106,,90,,,87,,,110,85
2015-07-30 12:00:00,41,65,134,115,,90,,,71,,,95,85
2015-07-30 13:00:00,64,102,138,103,,99,,,70,,,82,65
2015-07-30 14:00:00,97,98,121,106,,112,,,85,,,78,84
2015-07-30 15:00:00,86,110,126,112,,107,,,97,,,91,94
2015-07-30 16:00:00,89,115,131,109,,101,,,87,,,88,90
2015-07-30 17:00:00,111,105,138,119,,115,,,119,,,97,100
2015-07-30 18:00:00,137,125,143,140,,113,,,142,,,93,114
2015-07-30 19:00:00,134,97,170,131,,109,,,117,,,85,103
2015-07-30 20:00:00,125,107,157,106,,104,,,86,,,84,84
2015-07-30 21:00:00,114,83,122,98,,95,,,67,,,81,80
2015-07-30 22:00:00,83,60,121,88,,97,,,56,,,102,72
2015-07-30 23:00:00,50,75,115,136,,107,,,69,,,115,99
2015-07-31 00:00:00,2,56,138,162,,77,,,55,,,141,124
2015-07-31 01:00:00,25,16,148,296,,46,,,71,,,126,117
2015-07-31 02:00:00,41,45,87,236,,41,,,60,,,136,110
2015-07-31 03:00:00,3,53,119,258,,309,,,38,,,135,126
2015-07-31 04:00:00,348,44,145,289,,301,,,77,,,77,162
2015-07-31 05:00:00,233,25,216,280,,334,,,360,,,331,206
2015-07-31 06:00:00,41,52,9,315,,54,,,84,,,181,177
2015-07-31 07:00:00,48,22,65,320,,22,,,54,,,343,222
2015-07-31 08:00:00,16,341,51,340,,3,,,342,,,357,82
2015-07-31 09:00:00,358,4,344,335,,4,,,335,,,351,155
2015-07-31 10:00:00,14,24,12,163,,80,,,25,,,95,99
2015-07-31 11:00:00,62,97,51,87,,96,,,64,,,102,85
2015-07-31 12:00:00,77,110,97,124,,101,,,79,,,95,87
2015-07-31 13:00:00,74,88,164,125,,132,,,78,,,95,66
2015-07-31 14:00:00,78,78,138,118,,79,,,97,,,97,83
2015-07-31 15:00:00,78,74,125,112,,93,,,94,,,83,82
2015-07-31 16:00:00,90,80,91,110,,104,,,87,,,78,76
2015-07-31 17:00:00,94,95,124,104,,100,,,96,,,114,118
2015-07-31 18:00:00,100,88,116,102,,93,,,87,,,112,118
2015-07-31 19:00:00,84,85,115,96,,94,,,94,,,97,96
2015-07-31 20:00:00,108,116,123,112,,115,,,109,,,83,88
2015-07-31 21:00:00,108,111,153,124,,117,,,118,,,85,83
2015-07-31 22:00:00,96,96,155,109,,105,,,83,,,87,76
2015-07-31 23:00:00,91,86,148,104,,109,,,67,,,98,76
2015-08-01 00:00:00,96,53,148,116,,75,,,58,,,117,89
2015-08-01 01:00:00,42,69,119,175,,60,,,48,,,127,108
2015-08-01 02:00:00,34,12,110,262,,44,,,40,,,113,110
2015-08-01 03:00:00,59,18,68,262,,66,,,43,,,129,109
2015-08-01 04:00:00,62,43,359,306,,50,,,80,,,109,146
2015-08-01 05:00:00,72,37,147,304,,295,,,61,,,111,155
2015-08-01 06:00:00,356,24,184,297,,274,,,183,,,82,173
2015-08-01 07:00:00,18,11,356,343,,3,,,166,,,7,118
2015-08-01 08:00:00,356,11,32,12,,73,,,63,,,118,117
2015-08-01 09:00:00,55,14,3,103,,97,,,66,,,108,88
2015-08-01 10:00:00,53,98,99,99,,91,,,62,,,87,75
2015-08-01 11:00:00,42,94,162,119,,112,,,80,,,97,76
2015-08-01 12:00:00,53,102,142,116,,105,,,88,,,87,85
2015-08-01 13:00:00,58,118,153,110,,118,,,85,,,90,70
2015-08-01 14:00:00,64,92,166,123,,112,,,75,,,81,78
2015-08-01 15:00:00,42,109,149,114,,88,,,91,,,70,59
2015-08-01 16:00:00,56,116,131,110,,87,,,113,,,72,78
2015-08-01 17:00:00,81,90,124,104,,76,,,116,,,92,105
2015-08-01 18:00:00,103,88,120,100,,83,,,139,,,106,120
2015-08-01 19:00:00,109,101,150,103,,97,,,140,,,112,124
2015-08-01 20:00:00,103,101,144,108,,96,,,128,,,115,129
2015-08-01 21:00:00,118,107,136,104,,104,,,105,,,102,111
2015-08-01 22:00:00,124,102,140,99,,105,,,85,,,88,82
2015-08-01 23:00:00,83,82,122,105,,97,,,75,,,91,76
2015-08-02 00:00:00,44,94,132,75,,87,,,80,,,101,100
2015-08-02 01:00:00,43,67,128,164,,78,,,73,,,127,121
2015-08-02 02:00:00,2,5,142,286,,328,,,54,,,146,118
2015-08-02 03:00:00,1,307,57,298,,300,,,14,,,87,143
2015-08-02 04:00:00,294,304,5,286,,279,,,338,,,277,226
2015-08-02 05:00:00,207,293,344,298,,308,,,309,,,323,250
2015-08-02 06:00:00,210,294,314,314,,98,,,260,,,305,276
2015-08-02 07:00:00,316,327,340,332,,293,,,277,,,306,283
2015-08-02 08:00:00,220,318,338,335,,152,,,287,,,350,289
2015-08-02 09:00:00,357,8,5,349,,67,,,349,,,73,118
2015-08-02 10:00:00,32,89,32,140,,96,,,61,,,110,108
2015-08-02 11:00:00,68,74,104,97,,95,,,94,,,105,99
2015-08-02 12:00:00,69,112,153,114,,125,,,65,,,92,84
2015-08-02 13:00:00,66,89,157,128,,117,,,82,,,82,85
2015-08-02 14:00:00,62,107,147,109,,90,,,78,,,73,81
2015-08-02 15:00:00,73,72,132,111,,94,,,101,,,77,69
2015-08-02 16:00:00,72,65,142,103,,99,,,107,,,78,96
2015-08-02 17:00:00,78,68,146,103,,90,,,109,,,114,125
2015-08-02 18:00:00,115,91,142,105,,93,,,135,,,120,119
2015-08-02 19:00:00,126,102,137,101,,92,,,130,,,116,107
2015-08-02 20:00:00,96,85,139,100,,104,,,105,,,102,107
2015-08-02 21:00:00,106,93,143,103,,108,,,81,,,90,86
2015-08-02 22:00:00,98,93,132,104,,102,,,69,,,99,76
2015-08-02 23:00:00,74,80,150,107,,93,,,74,,,110,67
2015-08-03 00:00:00,51,78,135,130,,95,,,79,,,123,111
2015-08-03 01:00:00,8,57,147,342,,85,,,75,,,125,132
2015-08-03 02:00:00,15,45,142,322,,75,,,74,,,124,123
2015-08-03 03:00:00,9,24,141,291,,21,,,56,,,99,136
2015-08-03 04:00:00,278,17,99,285,,291,,,347,,,330,239
2015-08-03 05:00:00,307,360,24,315,,291,,,333,,,307,237
2015-08-03 06:00:00,256,287,348,330,,295,,,308,,,292,251
2015-08-03 07:00:00,313,319,320,317,,314,,,292,,,306,285
2015-08-03 08:00:00,20,350,319,295,,19,,,306,,,52,333
2015-08-03 09:00:00,38,18,12,141,,58,,,359,,,104,102
2015-08-03 10:00:00,50,87,359,135,,95,,,66,,,103,84
2015-08-03 11:00:00,59,98,126,116,,102,,,63,,,87,78
2015-08-03 12:00:00,52,69,143,94,,94,,,83,,,84,64
2015-08-03 13:00:00,71,99,122,105,,105,,,95,,,86,74
2015-08-03 14:00:00,76,85,157,94,,115,,,92,,,75,80
2015-08-03 15:00:00,76,110,148,104,,108,,,103,,,93,109
2015-08-03 16:00:00,81,83,127,104,,98,,,103,,,103,120
2015-08-03 17:00:00,108,82,137,108,,96,,,129,,,120,123
2015-08-03 18:00:00,118,76,126,112,,96,,,132,,,108,114
2015-08-03 19:00:00,107,79,124,100,,89,,,126,,,108,123
2015-08-03 20:00:00,84,86,118,96,,88,,,103,,,119,131
2015-08-03 21:00:00,77,103,115,98,,92,,,90,,,103,121
2015-08-03 22:00:00,81,90,118,87,,91,,,85,,,74,68
2015-08-03 23:00:00,72,99,118,86,,86,,,76,,,96,66
2015-08-04 00:00:00,51,100,117,109,,104,,,78,,,129,96
2015-08-04 01:00:00,51,85,118,96,,85,,,69,,,131,105
2015-08-04 02:00:00,39,101,118,64,,86,,,77,,,133,106
2015-08-04 03:00:00,22,91,124,6,,83,,,97,,,125,109
2015-08-04 04:00:00,43,91,118,297,,67,,,85,,,135,118
2015-08-04 05:00:00,45,63,119,244,,54,,,49,,,118,109
2015-08-04 06:00:00,39,66,105,262,,50,,,52,,,110,103
2015-08-04 07:00:00,21,54,100,225,,42,,,49,,,117,113
2015-08-04 08:00:00,27,73,114,273,,69,,,62,,,72,100
2015-08-04 09:00:00,336,52,122,17,,43,,,51,,,52,71
2015-08-04 10:00:00,350,21,48,124,,56,,,32,,,68,115
2015-08-04 11:00:00,47,52,118,131,,77,,,41,,,92,92
2015-08-04 12:00:00,64,103,100,106,,96,,,66,,,99,82
2015-08-04 13:00:00,54,101,130,115,,95,,,70,,,93,72
2015-08-04 14:00:00,63,108,125,103,,99,,,85,,,86,67
2015-08-04 15:00:00,75,121,129,105,,100,,,100,,,75,86
2015-08-04 16:00:00,133,134,158,113,,112,,,109,,,147,99
2015-08-04 17:00:00,136,120,166,116,,112,,,127,,,157,109
2015-08-04 18:00:00,126,116,156,124,,119,,,141,,,154,109
2015-08-04 19:00:00,128,101,150,119,,99,,,133,,,144,133
2015-08-04 20:00:00,112,88,105,91,,85,,,95,,,134,113
2015-08-04 21:00:00,75,89,116,88,,93,,,82,,,97,78
2015-08-04 22:00:00,78,98,119,90,,104,,,85,,,93,73
2015-08-04 23:00:00,89,102,120,100,,107,,,76,,,113,83
2015-08-05 00:00:00,104,94,123,93,,98,,,87,,,117,81
2015-08-05 01:00:00,75,99,116,90,,93,,,83,,,126,95
2015-08-05 02:00:00,50,79,124,101,,77,,,78,,,134,103
2015-08-05 03:00:00,25,76,115,109,,67,,,84,,,126,111
2015-08-05 04:00:00,38,65,114,60,,53,,,88,,,124,112
2015-08-05 05:00:00,73,66,95,80,,77,,,49,,,136,105
2015-08-05 06:00:00,44,64,111,214,,74,,,55,,,115,115
2015-08-05 07:00:00,46,65,107,232,,79,,,55,,,115,107
2015-08-05 08:00:00,30,78,113,187,,39,,,45,,,103,98
2015-08-05 09:00:00,33,112,91,141,,66,,,33,,,74,97
2015-08-05 10:00:00,91,59,60,82,,76,,,29,,,68,87
2015-08-05 11:00:00,43,95,106,139,,86,,,53,,,83,92
2015-08-05 12:00:00,55,105,145,109,,94,,,65,,,101,93
2015-08-05 13:00:00,50,107,128,116,,99,,,72,,,98,78
2015-08-05 14:00:00,62,111,138,113,,108,,,77,,,87,69
2015-08-05 15:00:00,64,109,150,116,,104,,,85,,,79,68
2015-08-05 16:00:00,121,121,155,108,,103,,,99,,,95,107
2015-08-05 17:00:00,123,134,161,116,,119,,,117,,,95,104
2015-08-05 18:00:00,114,124,160,124,,117,,,131,,,90,107
2015-08-05 19:00:00,118,117,150,114,,109,,,135,,,102,116
2015-08-05 20:00:00,93,94,139,97,,95,,,106,,,91,94
2015-08-05 21:00:00,78,85,120,80,,97,,,78,,,78,72
2015-08-05 22:00:00,92,86,119,91,,98,,,78,,,80,72
2015-08-05 23:00:00,83,92,118,102,,104,,,74,,,111,78
2015-08-06 00:00:00,74,101,119,108,,100,,,79,,,133,94
2015-08-06 01:00:00,71,103,127,103,,101,,,76,,,129,91
2015-08-06 02:00:00,43,102,137,119,,98,,,76,,,133,108
2015-08-06 03:00:00,38,94,124,93,,82,,,74,,,123,123
2015-08-06 04:00:00,36,57,110,63,,68,,,86,,,115,117
2015-08-06 05:00:00,47,55,118,135,,58,,,46,,,164,112
2015-08-06 06:00:00,40,72,104,277,,44,,,51,,,291,169
2015-08-06 07:00:00,23,64,94,266,,53,,,62,,,311,169
2015-08-06 08:00:00,13,38,96,302,,52,,,50,,,32,113
2015-08-06 09:00:00,7,35,48,316,,60,,,36,,,17,85
2015-08-06 10:00:00,56,55,60,310,,100,,,27,,,78,96
2015-08-06 11:00:00,58,97,60,121,,97,,,58,,,88,84
2015-08-06 12:00:00,52,110,138,111,,102,,,60,,,90,86
2015-08-06 13:00:00,71,75,111,115,,93,,,49,,,95,83
2015-08-06 14:00:00,77,97,152,95,,96,,,55,,,86,76
2015-08-06 15:00:00,66,85,142,114,,96,,,55,,,83,68
2015-08-06 16:00:00,73,98,132,105,,92,,,89,,,82,78
2015-08-06 17:00:00,124,114,141,102,,94,,,111,,,103,125
2015-08-06 18:00:00,116,114,155,125,,116,,,139,,,101,117
2015-08-06 19:00:00,129,133,151,118,,118,,,138,,,91,98
2015-08-06 20:00:00,128,109,163,136,,103,,,141,,,84,83
2015-08-06 21:00:00,83,91,125,88,,95,,,77,,,102,73
2015-08-06 22:00:00,75,99,120,92,,108,,,82,,,121,69
2015-08-06 23:00:00,58,104,120,98,,105,,,74,,,123,83
2015-08-07 00:00:00,53,97,131,90,,108,,,76,,,114,95
2015-08-07 01:00:00,56,101,125,102,,98,,,72,,,115,99
2015-08-07 02:00:00,44,86,121,108,,87,,,79,,,125,104
2015-08-07 03:00:00,41,77,114,65,,86,,,70,,,117,116
2015-08-07 04:00:00,16,72,121,38,,101,,,78,,,110,118
2015-08-07 05:00:00,37,75,121,197,,95,,,70,,,105,114
2015-08-07 06:00:00,47,105,123,187,,82,,,41,,,104,97
2015-08-07 07:00:00,28,59,140,259,,50,,,30,,,357,107
2015-08-07 08:00:00,12,31,112,316,,11,,,26,,,34,60
2015-08-07 09:00:00,19,17,93,221,,77,,,37,,,47,91
2015-08-07 10:00:00,52,43,43,157,,77,,,49,,,68,99
2015-08-07 11:00:00,65,78,93,136,,76,,,52,,,91,91
2015-08-07 12:00:00,39,67,140,124,,82,,,63,,,93,85
2015-08-07 13:00:00,67,77,127,116,,86,,,66,,,95,85
2015-08-07 14:00:00,50,69,125,102,,103,,,78,,,87,77
2015-08-07 15:00:00,77,77,151,99,,94,,,77,,,74,72
2015-08-07 16:00:00,122,89,139,109,,95,,,115,,,83,93
2015-08-07 17:00:00,131,81,138,110,,105,,,121,,,86,95
2015-08-07 18:00:00,122,91,154,113,,103,,,115,,,87,100
2015-08-07 19:00:00,134,96,159,128,,108,,,146,,,107,123
2015-08-07 20:00:00,128,78,143,110,,92,,,124,,,105,94
2015-08-07 21:00:00,73,80,126,90,,102,,,92,,,89,77
2015-08-07 22:00:00,76,80,124,102,,97,,,75,,,78,73
2015-08-07 23:00:00,82,67,121,93,,98,,,64,,,101,80
2015-08-08 00:00:00,57,84,117,86,,91,,,75,,,113,92
2015-08-08 01:00:00,48,72,113,120,,83,,,74,,,127,101
2015-08-08 02:00:00,28,67,113,126,,64,,,75,,,145,107
2015-08-08 03:00:00,10,62,114,54,,44,,,88,,,125,127
2015-08-08 04:00:00,30,50,111,9,,49,,,87,,,114,128
2015-08-08 05:00:00,19,47,102,306,,46,,,47,,,286,141
2015-08-08 06:00:00,13,47,103,286,,51,,,50,,,299,215
2015-08-08 07:00:00,6,57,96,296,,39,,,66,,,312,292
2015-08-08 08:00:00,12,64,112,318,,57,,,47,,,349,353
2015-08-08 09:00:00,48,51,130,90,,93,,,58,,,94,105
2015-08-08 10:00:00,79,66,94,151,,95,,,74,,,85,95
2015-08-08 11:00:00,62,86,128,127,,98,,,76,,,99,86
2015-08-08 12:00:00,55,71,130,119,,109,,,79,,,92,85
2015-08-08 13:00:00,60,65,131,96,,83,,,78,,,96,80
2015-08-08 14:00:00,51,66,136,96,,95,,,73,,,81,65
2015-08-08 15:00:00,50,69,142,102,,97,,,80,,,66,63
2015-08-08 16:00:00,102,110,166,99,,103,,,98,,,82,97
2015-08-08 17:00:00,122,87,160,113,,101,,,116,,,88,99
2015-08-08 18:00:00,102,94,156,119,,106,,,124,,,91,97
2015-08-08 19:00:00,113,93,153,110,,100,,,131,,,89,102
2015-08-08 20:00:00,126,89,151,119,,113,,,142,,,94,107
2015-08-08 21:00:00,78,82,135,97,,97,,,86,,,94,77
2015-08-08 22:00:00,74,82,126,95,,91,,,76,,,84,73
2015-08-08 23:00:00,61,72,120,87,,84,,,63,,,97,83
2015-08-09 00:00:00,39,56,110,75,,79,,,74,,,113,78
2015-08-09 01:00:00,41,52,109,99,,90,,,75,,,119,87
2015-08-09 02:00:00,30,66,108,88,,98,,,72,,,130,104
2015-08-09 03:00:00,31,80,121,77,,98,,,80,,,126,117
2015-08-09 04:00:00,40,75,119,98,,93,,,82,,,126,108
2015-08-09 05:00:00,40,82,113,155,,95,,,73,,,105,104
2015-08-09 06:00:00,49,91,113,149,,96,,,67,,,106,106
2015-08-09 07:00:00,48,62,116,157,,78,,,61,,,94,96
2015-08-09 08:00:00,29,27,127,283,,50,,,46,,,58,95
2015-08-09 09:00:00,66,359,89,351,,38,,,13,,,59,76
2015-08-09 10:00:00,57,359,22,356,,77,,,12,,,93,94
2015-08-09 11:00:00,34,82,24,184,,81,,,38,,,73,94
2015-08-09 12:00:00,54,93,128,97,,90,,,66,,,94,86
2015-08-09 13:00:00,57,91,131,103,,92,,,61,,,95,80
2015-08-09 14:00:00,56,94,136,102,,103,,,76,,,91,71
2015-08-09 15:00:00,87,116,161,105,,97,,,85,,,82,83
2015-08-09 16:00:00,111,82,162,104,,108,,,114,,,91,93
2015-08-09 17:00:00,131,74,127,111,,97,,,110,,,79,91
2015-08-09 18:00:00,104,68,139,104,,96,,,89,,,91,100
2015-08-09 19:00:00,81,59,120,92,,80,,,126,,,108,119
2015-08-09 20:00:00,95,83,109,91,,85,,,109,,,102,122
2015-08-09 21:00:00,94,79,129,101,,108,,,101,,,83,87
2015-08-09 22:00:00,92,101,134,106,,108,,,81,,,85,80
2015-08-09 23:00:00,80,78,140,97,,100,,,74,,,93,71
2015-08-10 00:00:00,58,72,119,92,,91,,,72,,,130,80
2015-08-10 01:00:00,37,76,119,120,,96,,,73,,,132,84
2015-08-10 02:00:00,19,51,118,38,,94,,,62,,,115,113
2015-08-10 03:00:00,17,55,119,233,,81,,,42,,,92,122
2015-08-10 04:00:00,74,56,107,194,,65,,,67,,,102,113
2015-08-10 05:00:00,70,80,121,264,,70,,,60,,,149,113
2015-08-10 06:00:00,64,84,169,283,,66,,,60,,,285,85
2015-08-10 07:00:00,58,90,99,308,,73,,,58,,,341,72
2015-08-10 08:00:00,30,26,102,317,,54,,,45,,,333,107
2015-08-10 09:00:00,358,307,102,356,,37,,,29,,,75,99
2015-08-10 10:00:00,29,348,74,209,,40,,,39,,,80,94
2015-08-10 11:00:00,67,76,70,101,,84,,,64,,,95,83
2015-08-10 12:00:00,62,77,137,108,,105,,,77,,,98,81
2015-08-10 13:00:00,65,97,139,110,,105,,,94,,,89,68
2015-08-10 14:00:00,71,97,129,112,,92,,,96,,,71,78
2015-08-10 15:00:00,76,102,131,116,,90,,,105,,,69,91
2015-08-10 16:00:00,94,108,131,120,,88,,,106,,,108,114
2015-08-10 17:00:00,98,87,136,115,,90,,,109,,,91,95
2015-08-10 18:00:00,95,68,121,107,,90,,,110,,,98,115
2015-08-10 19:00:00,102,81,125,108,,88,,,124,,,106,117
2015-08-10 20:00:00,97,77,141,113,,96,,,118,,,109,122
2015-08-10 21:00:00,100,84,137,108,,104,,,109,,,93,98
2015-08-10 22:00:00,97,82,142,105,,110,,,91,,,87,80
2015-08-10 23:00:00,79,82,142,105,,93,,,78,,,91,81
2015-08-11 00:00:00,62,76,119,100,,103,,,72,,,101,77
2015-08-11 01:00:00,50,66,119,94,,83,,,73,,,124,90
2015-08-11 02:00:00,27,60,115,120,,97,,,65,,,141,108
2015-08-11 03:00:00,40,42,118,221,,75,,,52,,,108,119
2015-08-11 04:00:00,59,44,82,205,,56,,,45,,,119,110
2015-08-11 05:00:00,49,52,121,227,,50,,,52,,,150,131
2015-08-11 06:00:00,79,18,87,280,,7,,,46,,,230,149
2015-08-11 07:00:00,28,37,88,292,,36,,,78,,,355,127
2015-08-11 08:00:00,20,293,128,338,,43,,,69,,,145,96
2015-08-11 09:00:00,8,90,203,187,,82,,,355,,,69,116
2015-08-11 10:00:00,53,23,327,104,,84,,,25,,,63,117
2015-08-11 11:00:00,77,111,129,131,,96,,,58,,,102,85
2015-08-11 12:00:00,62,90,149,99,,105,,,65,,,81,73
2015-08-11 13:00:00,64,95,143,108,,102,,,84,,,74,63
2015-08-11 14:00:00,76,117,130,111,,101,,,87,,,75,94
2015-08-11 15:00:00,81,83,129,110,,105,,,100,,,95,104
2015-08-11 16:00:00,102,89,135,113,,99,,,128,,,109,124
2015-08-11 17:00:00,100,84,131,103,,98,,,127,,,99,110
2015-08-11 18:00:00,96,84,132,108,,95,,,140,,,102,107
2015-08-11 19:00:00,105,93,127,103,,88,,,143,,,112,129
2015-08-11 20:00:00,112,75,141,103,,90,,,142,,,109,136
2015-08-11 21:00:00,80,65,126,93,,88,,,97,,,104,106
2015-08-11 22:00:00,112,86,117,106,,103,,,106,,,81,95
2015-08-11 23:00:00,102,94,145,104,,120,,,91,,,92,68
2015-08-12 00:00:00,113,83,155,113,,111,,,67,,,108,78
2015-08-12 01:00:00,88,82,141,119,,111,,,69,,,98,75
2015-08-12 02:00:00,52,81,145,119,,101,,,74,,,133,103
2015-08-12 03:00:00,41,73,143,165,,75,,,70,,,150,112
2015-08-12 04:00:00,27,96,135,147,,78,,,75,,,144,116
2015-08-12 05:00:00,358,36,151,265,,12,,,52,,,146,143
2015-08-12 06:00:00,40,52,61,234,,60,,,53,,,112,99
2015-08-12 07:00:00,19,44,26,283,,53,,,337,,,87,87
2015-08-12 08:00:00,12,340,2,287,,295,,,24,,,63,109
2015-08-12 09:00:00,42,12,15,281,,65,,,27,,,58,102
2015-08-12 10:00:00,38,6,38,310,,118,,,56,,,107,96
2015-08-12 11:00:00,73,34,172,104,,82,,,48,,,107,92
2015-08-12 12:00:00,62,89,75,110,,96,,,90,,,78,75
2015-08-12 13:00:00,69,64,136,115,,95,,,65,,,78,73
2015-08-12 14:00:00,68,71,148,102,,107,,,102,,,74,79
2015-08-12 15:00:00,89,62,151,102,,109,,,129,,,79,82
2015-08-12 16:00:00,87,74,124,104,,91,,,97,,,82,88
2015-08-12 17:00:00,92,83,123,99,,87,,,86,,,98,88
2015-08-12 18:00:00,127,98,122,117,,109,,,106,,,100,119
2015-08-12 19:00:00,129,171,166,124,,142,,,85,,,103,101
2015-08-12 20:00:00,105,82,176,116,,115,,,345,,,146,97
2015-08-12 21:00:00,98,58,117,137,,55,,,360,,,119,106
2015-08-12 22:00:00,91,51,99,193,,5,,,34,,,115,123
2015-08-12 23:00:00,21,28,117,190,,302,,,64,,,99,155
2015-08-13 00:00:00,81,16,71,139,,95,,,60,,,105,138
2015-08-13 01:00:00,63,47,80,172,,81,,,65,,,104,133
2015-08-13 02:00:00,18,344,113,286,,317,,,31,,,156,154
2015-08-13 03:00:00,316,314,35,277,,285,,,265,,,292,199
2015-08-13 04:00:00,203,293,2,274,,306,,,282,,,270,235
2015-08-13 05:00:00,209,284,318,320,,299,,,242,,,310,264
2015-08-13 06:00:00,219,287,325,324,,167,,,251,,,319,288
2015-08-13 07:00:00,233,290,328,327,,103,,,251,,,15,289
2015-08-13 08:00:00,3,334,342,328,,330,,,240,,,44,297
2015-08-13 09:00:00,353,296,4,283,,1,,,335,,,56,128
2015-08-13 10:00:00,52,6,5,130,,116,,,46,,,96,116
2015-08-13 11:00:00,67,0,20,141,,139,,,69,,,104,76
2015-08-13 12:00:00,85,41,107,72,,104,,,82,,,99,59
2015-08-13 13:00:00,68,68,127,119,,102,,,64,,,86,0
2015-08-13 14:00:00,0,78,111,110,,105,,,117,,,0,76
2015-08-13 15:00:00,67,109,138,116,,104,,,104,,,77,
2015-08-13 16:00:00,91,61,150,109,,104,,,100,,,97,
2015-08-13 17:00:00,81,81,138,113,,97,,,133,,,104,104
2015-08-13 18:00:00,101,65,142,118,,95,,,140,,,117,131
2015-08-13 19:00:00,117,77,149,121,,99,,,147,,,104,124
2015-08-13 20:00:00,127,109,150,113,,108,,,146,,,112,132
2015-08-13 21:00:00,132,122,151,122,,114,,,152,,,114,129
2015-08-13 22:00:00,126,97,152,116,,100,,,126,,,99,107
2015-08-13 23:00:00,131,85,152,105,,106,,,81,,,98,90
2015-08-14 00:00:00,41,56,118,144,,87,,,76,,,134,129
2015-08-14 01:00:00,24,42,107,307,,338,,,51,,,112,134
2015-08-14 02:00:00,37,38,94,261,,18,,,70,,,83,126
2015-08-14 03:00:00,22,14,100,285,,308,,,337,,,53,141
2015-08-14 04:00:00,28,2,64,280,,302,,,328,,,336,184
2015-08-14 05:00:00,332,348,15,296,,295,,,308,,,319,207
2015-08-14 06:00:00,206,285,305,323,,305,,,272,,,319,258
2015-08-14 07:00:00,219,302,333,331,,309,,,267,,,334,306
2015-08-14 08:00:00,356,293,347,324,,332,,,246,,,351,1
2015-08-14 09:00:00,5,317,345,21,,3,,,328,,,112,94
2015-08-14 10:00:00,68,42,18,131,,89,,,23,,,102,100
2015-08-14 11:00:00,60,70,106,128,,114,,,65,,,88,65
2015-08-14 12:00:00,49,65,161,127,,113,,,67,,,81,73
2015-08-14 13:00:00,80,74,115,110,,109,,,97,,,79,73
2015-08-14 14:00:00,74,83,132,121,,122,,,97,,,84,80
2015-08-14 15:00:00,69,68,134,110,,98,,,128,,,103,120
2015-08-14 16:00:00,75,76,129,116,,86,,,111,,,105,114
2015-08-14 17:00:00,88,77,112,108,,90,,,118,,,115,122
2015-08-14 18:00:00,90,74,119,97,,90,,,127,,,121,123
2015-08-14 19:00:00,95,62,116,95,,89,,,121,,,121,127
2015-08-14 20:00:00,99,69,116,102,,93,,,123,,,120,132
2015-08-14 21:00:00,107,90,118,107,,103,,,106,,,100,117
2015-08-14 22:00:00,123,118,147,109,,122,,,96,,,82,74
2015-08-14 23:00:00,91,90,153,103,,108,,,70,,,119,69
2015-08-15 00:00:00,103,78,138,101,,98,,,73,,,113,69
2015-08-15 01:00:00,37,54,130,89,,54,,,67,,,125,96
2015-08-15 02:00:00,39,56,107,257,,83,,,57,,,142,111
2015-08-15 03:00:00,42,29,115,283,,42,,,46,,,112,119
2015-08-15 04:00:00,75,91,78,244,,81,,,49,,,120,109
2015-08-15 05:00:00,60,94,171,281,,109,,,69,,,88,132
2015-08-15 06:00:00,1,69,177,309,,195,,,49,,,66,142
2015-08-15 07:00:00,70,104,122,17,,91,,,81,,,79,104
2015-08-15 08:00:00,36,61,157,346,,57,,,59,,,93,105
2015-08-15 09:00:00,57,3,112,236,,73,,,35,,,101,103
2015-08-15 10:00:00,50,21,82,137,,83,,,67,,,107,90
2015-08-15 11:00:00,43,42,75,131,,103,,,80,,,97,85
2015-08-15 12:00:00,68,65,175,113,,82,,,69,,,73,95
2015-08-15 13:00:00,88,98,143,111,,81,,,81,,,96,70
2015-08-15 14:00:00,70,44,118,100,,58,,,100,,,63,62
2015-08-15 15:00:00,82,79,121,102,,80,,,111,,,80,
2015-08-15 16:00:00,85,96,131,111,,90,,,91,,,75,
2015-08-15 17:00:00,95,77,126,112,,97,,,82,,,111,104
2015-08-15 18:00:00,92,61,131,99,,86,,,97,,,117,125
2015-08-15 19:00:00,11,31,104,126,,154,,,92,,,120,122
2015-08-15 20:00:00,234,136,71,106,,75,,,124,,,89,
2015-08-15 21:00:00,68,81,160,108,,92,,,88,,,97,
2015-08-15 22:00:00,114,103,160,110,,133,,,68,,,100,
2015-08-15 23:00:00,98,123,168,116,,110,,,346,,,108,
2015-08-16 00:00:00,62,65,168,338,,298,,,293,,,120,
2015-08-16 01:00:00,13,25,91,108,,64,,,132,,,128,
2015-08-16 02:00:00,51,340,75,121,,77,,,65,,,113,
2015-08-16 03:00:00,21,353,57,161,,2,,,38,,,111,
2015-08-16 04:00:00,347,292,316,321,,310,,,274,,,31,
2015-08-16 05:00:00,303,293,349,287,,335,,,274,,,347,
2015-08-16 06:00:00,312,300,348,329,,310,,,313,,,305,215
2015-08-16 07:00:00,285,280,323,331,,323,,,298,,,308,
2015-08-16 08:00:00,354,302,331,8,,8,,,321,,,21,315
2015-08-16 09:00:00,5,350,338,344,,17,,,345,,,18,
2015-08-16 10:00:00,8,6,26,24,,97,,,345,,,54,
2015-08-16 11:00:00,24,36,72,123,,102,,,77,,,101,112
2015-08-16 12:00:00,38,324,28,71,,73,,,48,,,109,
2015-08-16 13:00:00,59,23,345,104,,98,,,54,,,103,
2015-08-16 14:00:00,52,28,49,116,,81,,,71,,,101,85
2015-08-16 15:00:00,80,50,101,93,,106,,,89,,,90,89
2015-08-16 16:00:00,88,60,94,124,,97,,,120,,,98,
2015-08-16 17:00:00,94,54,108,98,,90,,,98,,,106,
2015-08-16 18:00:00,123,72,110,98,,90,,,82,,,104,120
2015-08-16 19:00:00,89,61,116,102,,,,,75,,,116,
2015-08-16 20:00:00,123,76,118,123,,104,,,145,,,116,126
2015-08-16 21:00:00,92,61,135,121,,91,,,270,,,163,298
2015-08-16 22:00:00,99,67,101,109,,81,,,65,,,155,19
2015-08-16 23:00:00,31,72,117,122,,104,,,67,,,138,112
2015-08-17 00:00:00,45,68,135,138,,87,,,44,,,142,109
2015-08-17 01:00:00,20,43,128,124,,101,,,110,,,120,136
2015-08-17 02:00:00,18,16,114,299,,30,,,58,,,133,142
2015-08-17 03:00:00,1,341,98,292,,350,,,292,,,278,258
2015-08-17 04:00:00,228,317,353,307,,295,,,277,,,300,247
2015-08-17 05:00:00,242,274,358,316,,272,,,277,,,305,266
2015-08-17 06:00:00,308,304,321,329,,304,,,285,,,322,250
2015-08-17 07:00:00,224,272,325,338,,58,,,266,,,22,289
2015-08-17 08:00:00,15,298,319,333,,17,,,241,,,342,217
2015-08-17 09:00:00,52,314,323,219,,32,,,309,,,48,76
2015-08-17 10:00:00,29,37,341,118,,105,,,59,,,119,79
2015-08-17 11:00:00,66,65,128,117,,102,,,77,,,92,78
2015-08-17 12:00:00,74,69,126,102,,99,,,96,,,80,
2015-08-17 13:00:00,66,58,126,112,,88,,,116,,,77,75
2015-08-17 14:00:00,70,73,136,105,,101,,,99,,,80,71
2015-08-17 15:00:00,76,94,138,113,,92,,,111,,,83,93
2015-08-17 16:00:00,78,80,146,112,,97,,,114,,,79,96
2015-08-17 17:00:00,107,84,147,101,,105,,,123,,,107,121
2015-08-17 18:00:00,117,85,130,108,,89,,,144,,,109,123
2015-08-17 19:00:00,138,112,152,125,,119,,,154,,,102,111
2015-08-17 20:00:00,127,97,167,140,,115,,,164,,,107,99
2015-08-17 21:00:00,124,102,147,127,,94,,,124,,,84,119
2015-08-17 22:00:00,133,95,157,124,,106,,,54,,,87,94
2015-08-17 23:00:00,46,96,126,108,,111,,,68,,,125,104
2015-08-18 00:00:00,29,85,125,128,,98,,,71,,,123,109
2015-08-18 01:00:00,17,90,132,13,,91,,,71,,,132,109
2015-08-18 02:00:00,37,98,128,222,,98,,,84,,,112,120
2015-08-18 03:00:00,66,83,123,253,,88,,,89,,,104,
2015-08-18 04:00:00,29,54,152,213,,67,,,63,,,115,
2015-08-18 05:00:00,20,54,106,255,,40,,,63,,,350,
2015-08-18 06:00:00,6,74,113,251,,44,,,57,,,349,160
2015-08-18 07:00:00,10,14,135,286,,41,,,37,,,323,221
2015-08-18 08:00:00,20,14,66,281,,47,,,51,,,0,275
2015-08-18 09:00:00,31,352,36,304,,7,,,14,,,87,
2015-08-18 10:00:00,14,32,34,243,,87,,,30,,,90,89
2015-08-18 11:00:00,62,13,33,145,,99,,,65,,,83,
2015-08-18 12:00:00,64,108,120,126,,90,,,59,,,95,
2015-08-18 13:00:00,62,106,125,109,,84,,,60,,,94,
2015-08-18 14:00:00,61,93,138,110,,107,,,91,,,93,73
2015-08-18 15:00:00,130,128,143,125,,125,,,117,,,132,98
2015-08-18 16:00:00,129,101,172,133,,127,,,87,,,176,71
2015-08-18 17:00:00,124,123,165,112,,113,,,95,,,163,
2015-08-18 18:00:00,137,106,182,124,,120,,,111,,,99,93
2015-08-18 19:00:00,133,114,178,142,,145,,,140,,,95,
2015-08-18 20:00:00,107,113,180,128,,136,,,136,,,109,163
2015-08-18 21:00:00,132,87,162,132,,85,,,253,,,133,222
2015-08-18 22:00:00,96,75,148,135,,79,,,353,,,156,180
2015-08-18 23:00:00,24,77,123,114,,56,,,99,,,161,
2015-08-19 00:00:00,28,77,105,342,,95,,,61,,,137,
2015-08-19 01:00:00,333,60,140,171,,86,,,64,,,94,
2015-08-19 02:00:00,356,72,135,274,,88,,,102,,,320,
2015-08-19 03:00:00,34,74,131,267,,86,,,75,,,89,
2015-08-19 04:00:00,36,60,125,268,,78,,,54,,,29,
2015-08-19 05:00:00,35,63,115,259,,89,,,41,,,41,
2015-08-19 06:00:00,2,41,144,287,,53,,,96,,,336,
2015-08-19 07:00:00,338,326,112,297,,344,,,135,,,303,244
2015-08-19 08:00:00,342,291,36,307,,345,,,264,,,10,246
2015-08-19 09:00:00,36,349,8,261,,51,,,356,,,69,95
2015-08-19 10:00:00,56,62,34,148,,128,,,54,,,84,93
2015-08-19 11:00:00,78,66,84,130,,122,,,73,,,91,94
2015-08-19 12:00:00,67,120,103,146,,122,,,90,,,84,92
2015-08-19 13:00:00,66,63,124,141,,123,,,95,,,90,101
2015-08-19 14:00:00,78,65,150,120,,125,,,88,,,96,85
2015-08-19 15:00:00,111,77,150,124,,110,,,114,,,98,96
2015-08-19 16:00:00,63,6,129,52,,167,,,126,,,105,
2015-08-19 17:00:00,221,170,,76,,241,,,161,,,153,
2015-08-19 18:00:00,270,239,,320,,278,,,261,,,281,
2015-08-19 19:00:00,256,236,,346,,250,,,258,,,39,269
2015-08-19 20:00:00,263,273,,329,,280,,,245,,,166,228
2015-08-19 21:00:00,301,291,321,334,,316,,,300,,,193,
2015-08-19 22:00:00,353,279,342,327,,280,,,275,,,275,
2015-08-19 23:00:00,318,53,344,298,,249,,,235,,,349,
2015-08-20 00:00:00,346,10,311,328,,275,,,277,,,10,
2015-08-20 01:00:00,98,178,332,319,,180,,,239,,,248,
2015-08-20 02:00:00,223,191,313,355,,28,,,251,,,198,
2015-08-20 03:00:00,217,95,15,327,,199,,,239,,,337,
2015-08-20 04:00:00,221,252,308,321,,233,,,249,,,290,
2015-08-20 05:00:00,226,213,287,302,,196,,,245,,,261,
2015-08-20 06:00:00,213,344,306,330,,275,,,257,,,246,
2015-08-20 07:00:00,197,274,316,352,,291,,,257,,,302,
2015-08-20 08:00:00,167,314,309,113,,114,,,247,,,10,
2015-08-20 09:00:00,51,48,15,88,,95,,,43,,,110,
2015-08-20 10:00:00,59,55,90,102,,85,,,65,,,97,
2015-08-20 11:00:00,43,28,109,74,,99,,,51,,,102,
2015-08-20 12:00:00,37,46,139,82,,88,,,84,,,96,
2015-08-20 13:00:00,51,322,188,132,,71,,,59,,,90,
2015-08-20 14:00:00,43,338,28,76,,56,,,91,,,98,
2015-08-20 15:00:00,33,4,48,49,,79,,,66,,,102,
2015-08-20 16:00:00,102,80,76,102,,88,,,130,,,92,
2015-08-20 17:00:00,97,102,134,79,,37,,,208,,,89,
2015-08-20 18:00:00,,145,140,128,,143,,,97,,,84,
2015-08-20 19:00:00,,137,194,98,,330,,,186,,,82,
2015-08-20 20:00:00,,71,,148,,122,,,308,,,79,
2015-08-20 21:00:00,,356,,299,,6,,,76,,,104,
2015-08-20 22:00:00,,324,,297,,53,,,46,,,125,
2015-08-20 23:00:00,,308,,275,,308,,,309,,,94,
2015-08-21 00:00:00,,272,,317,,168,,,164,,,92,
2015-08-21 01:00:00,,288,,267,,292,,,261,,,77,
2015-08-21 02:00:00,,285,,321,,303,,,245,,,306,
2015-08-21 03:00:00,,307,,333,,295,,,255,,,298,
2015-08-21 04:00:00,,291,,329,,305,,,269,,,192,
2015-08-21 05:00:00,,28,,2,,88,,,47,,,326,
2015-08-21 06:00:00,,329,,293,,189,,,95,,,88,
2015-08-21 07:00:00,,299,,290,,329,,,16,,,54,
2015-08-21 08:00:00,,320,,309,,6,,,269,,,9,
2015-08-21 09:00:00,,334,,293,,13,,,350,,,329,
2015-08-21 10:00:00,,334,,286,,6,,,348,,,74,
2015-08-21 11:00:00,16,14,,260,,45,,,339,,,65,
2015-08-21 12:00:00,59,27,,208,,73,,,43,,,91,
2015-08-21 13:00:00,56,41,,69,,100,,,68,,,93,
2015-08-21 14:00:00,40,96,,99,,106,,,74,,,95,
2015-08-21 15:00:00,71,63,,103,,98,,,98,,,96,
2015-08-21 16:00:00,108,50,,107,,87,,,90,,,95,
2015-08-21 17:00:00,122,76,,108,,101,,,81,,,88,
2015-08-21 18:00:00,137,133,,108,,116,,,108,,,88,
2015-08-21 19:00:00,121,110,,123,,102,,,100,,,86,
2015-08-21 20:00:00,111,73,,109,,93,,,104,,,106,
2015-08-21 21:00:00,109,80,,105,,101,,,90,,,117,
2015-08-21 22:00:00,117,94,,112,,118,,,109,,,114,
2015-08-21 23:00:00,119,113,,112,,103,,,141,,,112,
2015-08-22 00:00:00,36,92,,110,,121,,,102,,,116,
2015-08-22 01:00:00,40,97,,124,,101,,,91,,,129,
2015-08-22 02:00:00,22,84,,303,,58,,,81,,,129,
2015-08-22 03:00:00,351,51,,259,,17,,,71,,,132,
2015-08-22 04:00:00,343,16,,252,,36,,,71,,,107,
2015-08-22 05:00:00,335,17,,262,,47,,,49,,,120,
2015-08-22 06:00:00,315,31,,276,,38,,,48,,,313,
2015-08-22 07:00:00,316,37,,297,,49,,,46,,,281,
2015-08-22 08:00:00,351,30,,296,,42,,,34,,,0,
2015-08-22 09:00:00,25,16,,318,,57,,,44,,,61,
2015-08-22 10:00:00,74,18,,109,,88,,,77,,,81,79
2015-08-22 11:00:00,52,79,,95,,70,,,93,,,95,69
2015-08-22 12:00:00,65,95,,113,,102,,,87,,,102,69
2015-08-22 13:00:00,66,72,,117,,89,,,79,,,96,61
2015-08-22 14:00:00,93,116,,100,,102,,,87,,,85,67
2015-08-22 15:00:00,140,103,,101,,113,,,87,,,89,79
2015-08-22 16:00:00,134,99,,122,,126,,,107,,,84,69
2015-08-22 17:00:00,130,125,,136,,121,,,131,,,82,69
2015-08-22 18:00:00,122,105,,139,,122,,,142,,,99,
2015-08-22 19:00:00,117,93,,130,,110,,,140,,,109,
2015-08-22 20:00:00,125,84,,111,,103,,,123,,,98,
2015-08-22 21:00:00,118,76,,99,,92,,,85,,,91,
2015-08-22 22:00:00,119,92,,101,,99,,,74,,,98,
2015-08-22 23:00:00,83,104,,103,,101,,,75,,,108,
2015-08-23 00:00:00,91,90,,103,,114,,,76,,,119,
2015-08-23 01:00:00,58,89,,95,,104,,,75,,,151,
2015-08-23 02:00:00,12,71,,119,,81,,,79,,,128,
2015-08-23 03:00:00,353,76,,10,,68,,,86,,,121,
2015-08-23 04:00:00,3,70,,60,,55,,,84,,,120,
2015-08-23 05:00:00,357,44,,9,,40,,,84,,,118,
2015-08-23 06:00:00,46,39,,259,,53,,,55,,,112,
2015-08-23 07:00:00,18,28,,257,,45,,,49,,,92,
2015-08-23 08:00:00,13,23,,287,,48,,,45,,,75,
2015-08-23 09:00:00,3,343,,304,,29,,,321,,,84,
2015-08-23 10:00:00,77,290,,263,,72,,,33,,,83,
2015-08-23 11:00:00,57,70,,169,,76,,,47,,,87,
2015-08-23 12:00:00,64,94,,96,,79,,,83,,,94,
2015-08-23 13:00:00,63,95,,103,,79,,,75,,,88,
2015-08-23 14:00:00,127,94,,109,,100,,,90,,,91,
2015-08-23 15:00:00,129,98,,104,,101,,,111,,,95,
2015-08-23 16:00:00,126,84,,117,,114,,,123,,,86,
2015-08-23 17:00:00,125,108,,109,,121,,,109,,,88,
2015-08-23 18:00:00,124,102,,128,,132,,,140,,,96,
2015-08-23 19:00:00,124,87,,136,,110,,,149,,,111,
2015-08-23 20:00:00,87,78,,106,,103,,,122,,,103,
2015-08-23 21:00:00,101,77,,104,,100,,,109,,,85,
2015-08-23 22:00:00,83,102,,106,,95,,,97,,,88,
2015-08-23 23:00:00,85,86,,104,,99,,,92,,,87,
2015-08-24 00:00:00,80,80,,104,,99,,,82,,,97,
2015-08-24 01:00:00,43,84,,,,100,,,75,,,108,
2015-08-24 02:00:00,54,88,,100,,103,,,67,,,115,
2015-08-24 03:00:00,55,66,,104,,89,,,79,,,122,
2015-08-24 04:00:00,8,57,,212,,44,,,46,,,151,
2015-08-24 05:00:00,33,12,,309,,39,,,52,,,145,
2015-08-24 06:00:00,50,8,,279,,39,,,19,,,108,
2015-08-24 07:00:00,42,349,,299,,349,,,268,,,346,
2015-08-24 08:00:00,339,325,,296,,28,,,358,,,73,
2015-08-24 09:00:00,37,325,,225,,339,,,3,,,85,
2015-08-24 10:00:00,17,11,,84,,69,,,35,,,105,
2015-08-24 11:00:00,48,67,128,80,,82,,,69,,,99,68
2015-08-24 12:00:00,66,71,134,95,,82,,,87,,,80,51
2015-08-24 13:00:00,99,80,140,98,,91,,,117,,,80,68
2015-08-24 14:00:00,65,99,132,109,,93,,,95,,,90,79
2015-08-24 15:00:00,74,66,141,108,,85,,,102,,,102,93
2015-08-24 16:00:00,86,69,134,102,,91,,,106,,,104,96
2015-08-24 17:00:00,83,89,130,96,,92,,,92,,,119,100
2015-08-24 18:00:00,74,54,135,90,,92,,,80,,,98,75
2015-08-24 19:00:00,86,106,113,109,,123,,,85,,,88,67
2015-08-24 20:00:00,113,113,172,110,,114,,,55,,,96,58
2015-08-24 21:00:00,123,113,154,125,,84,,,88,,,91,61
2015-08-24 22:00:00,119,111,151,113,,100,,,131,,,95,70
2015-08-24 23:00:00,88,89,169,111,,111,,,88,,,112,64
2015-08-25 00:00:00,64,96,152,119,,98,,,200,,,126,76
2015-08-25 01:00:00,32,63,142,140,,103,,,82,,,123,95
2015-08-25 02:00:00,38,74,144,127,,99,,,91,,,116,94
2015-08-25 03:00:00,40,58,143,140,,84,,,60,,,127,103
2015-08-25 04:00:00,25,63,118,105,,67,,,48,,,123,99
2015-08-25 05:00:00,20,70,130,5,,68,,,39,,,119,115
2015-08-25 06:00:00,323,41,171,287,,83,,,56,,,192,150
2015-08-25 07:00:00,5,33,186,296,,52,,,48,,,103,127
2015-08-25 08:00:00,13,53,150,306,,53,,,34,,,72,82
2015-08-25 09:00:00,37,37,117,7,,53,,,6,,,88,72
2015-08-25 10:00:00,51,40,124,128,,102,,,46,,,111,62
2015-08-25 11:00:00,50,63,137,102,,92,,,59,,,104,61
2015-08-25 12:00:00,,63,163,102,,100,,,83,,,79,49
2015-08-25 13:00:00,,71,164,95,,96,,,91,,,72,61
2015-08-25 14:00:00,,72,161,100,,101,,,96,,,68,67
2015-08-25 15:00:00,,72,161,103,,109,,,121,,,81,97
2015-08-25 16:00:00,,79,157,106,,100,,,88,,,109,107
2015-08-25 17:00:00,101,79,155,109,,102,,,122,,,108,101
2015-08-25 18:00:00,129,81,153,103,,106,,,137,,,119,115
2015-08-25 19:00:00,103,115,151,114,,128,,,102,,,101,86
2015-08-25 20:00:00,,72,179,99,,99,,,108,,,80,70
2015-08-25 21:00:00,,69,113,91,,102,,,66,,,93,54
2015-08-25 22:00:00,,67,120,112,,96,,,67,,,114,79
2015-08-25 23:00:00,,78,125,140,,94,,,63,,,129,110
2015-08-26 00:00:00,,74,144,129,,97,,,90,,,158,114
2015-08-26 01:00:00,,62,153,132,,45,,,59,,,149,128
2015-08-26 02:00:00,,52,117,122,,43,,,52,,,130,116
2015-08-26 03:00:00,,59,113,270,,19,,,56,,,119,108
2015-08-26 04:00:00,,8,113,220,,309,,,100,,,115,111
2015-08-26 05:00:00,,330,159,306,,310,,,325,,,47,142
2015-08-26 06:00:00,,346,53,288,,311,,,315,,,285,186
2015-08-26 07:00:00,,36,2,295,,56,,,21,,,344,272
2015-08-26 08:00:00,,355,38,339,,45,,,50,,,353,55
2015-08-26 09:00:00,,9,34,222,,93,,,51,,,107,68
2015-08-26 10:00:00,,69,58,119,,93,,,48,,,100,60
2015-08-26 11:00:00,61,80,123,96,,82,,,71,,,96,58
2015-08-26 12:00:00,62,90,151,109,,98,,,83,,,74,48
2015-08-26 13:00:00,73,74,155,101,,102,,,90,,,70,58
2015-08-26 14:00:00,75,81,152,98,,92,,,88,,,85,81
2015-08-26 15:00:00,79,65,149,105,,94,,,115,,,94,88
2015-08-26 16:00:00,85,69,141,103,,96,,,110,,,102,102
2015-08-26 17:00:00,89,62,141,102,,95,,,87,,,107,109
2015-08-26 18:00:00,102,73,148,109,,96,,,112,,,122,107
2015-08-26 19:00:00,117,94,138,110,,102,,,131,,,113,103
2015-08-26 20:00:00,132,91,158,134,,116,,,133,,,87,79
2015-08-26 21:00:00,125,86,157,111,,113,,,122,,,80,64
2015-08-26 22:00:00,112,81,147,108,,107,,,108,,,83,51
2015-08-26 23:00:00,103,86,150,106,,110,,,95,,,83,52
2015-08-27 00:00:00,87,81,156,105,,110,,,73,,,109,62
2015-08-27 01:00:00,97,72,149,109,,106,,,78,,,155,92
2015-08-27 02:00:00,52,56,116,108,,56,,,78,,,127,87
2015-08-27 03:00:00,21,351,113,257,,311,,,54,,,131,113
2015-08-27 04:00:00,46,344,75,271,,277,,,335,,,100,117
2015-08-27 05:00:00,21,1,16,273,,43,,,6,,,62,147
2015-08-27 06:00:00,65,355,31,287,,28,,,72,,,110,157
2015-08-27 07:00:00,354,18,355,286,,59,,,22,,,131,138
2015-08-27 08:00:00,,10,36,325,,48,,,52,,,121,84
2015-08-27 09:00:00,28,9,26,146,,81,,,50,,,107,70
2015-08-27 10:00:00,42,36,68,125,,86,,,57,,,109,48
2015-08-27 11:00:00,75,59,150,95,,78,,,68,,,109,47
2015-08-27 12:00:00,67,39,177,111,,78,,,77,,,77,50
2015-08-27 13:00:00,56,80,175,121,,87,,,81,,,86,71
2015-08-27 14:00:00,66,89,169,115,,112,,,83,,,80,60
2015-08-27 15:00:00,72,77,147,114,,96,,,87,,,79,56
2015-08-27 16:00:00,66,60,141,100,,99,,,76,,,80,61
2015-08-27 17:00:00,83,68,139,116,,100,,,124,,,110,103
2015-08-27 18:00:00,102,71,157,111,,101,,,101,,,111,112
2015-08-27 19:00:00,117,66,135,109,,96,,,132,,,94,91
2015-08-27 20:00:00,128,85,131,109,,102,,,132,,,78,72
2015-08-27 21:00:00,107,74,141,108,,101,,,119,,,79,68
2015-08-27 22:00:00,125,72,144,109,,115,,,105,,,82,64
2015-08-27 23:00:00,88,97,154,103,,117,,,88,,,85,59
2015-08-28 00:00:00,91,70,148,106,,107,,,80,,,100,48
2015-08-28 01:00:00,88,72,133,95,,95,,,75,,,130,57
2015-08-28 02:00:00,80,78,155,88,,90,,,97,,,137,64
2015-08-28 03:00:00,43,79,175,301,,146,,,76,,,61,120
2015-08-28 04:00:00,40,342,50,288,,319,,,87,,,333,149
2015-08-28 05:00:00,198,347,23,319,,305,,,52,,,312,237
2015-08-28 06:00:00,220,19,11,320,,312,,,41,,,347,263
2015-08-28 07:00:00,292,5,10,318,,12,,,33,,,338,267
2015-08-28 08:00:00,323,312,336,326,,2,,,148,,,0,269
2015-08-28 09:00:00,19,313,333,8,,350,,,228,,,100,282
2015-08-28 10:00:00,24,14,324,,,57,,,88,,,62,80
2015-08-28 11:00:00,52,333,319,64,,103,,,66,,,111,73
2015-08-28 12:00:00,36,331,37,67,,67,,,60,,,99,62
2015-08-28 13:00:00,58,40,74,98,,109,,,63,,,90,0
2015-08-28 14:00:00,63,47,152,111,,109,,,75,,,80,54
2015-08-28 15:00:00,56,87,157,,,103,,,72,,,79,55
2015-08-28 16:00:00,73,101,152,105,,100,,,95,,,81,67
2015-08-28 17:00:00,98,55,149,106,,103,,,94,,,106,89
2015-08-28 18:00:00,79,50,138,101,,96,,,,,,105,81
2015-08-28 19:00:00,86,62,124,103,,100,,,117,,,112,94
2015-08-28 20:00:00,97,,119,107,,113,,,109,,,115,76
2015-08-28 21:00:00,119,77,120,112,,111,,,96,,,111,76
2015-08-28 22:00:00,114,70,152,104,,108,,,87,,,109,68
2015-08-28 23:00:00,110,66,151,104,,107,,,81,,,118,61
2015-08-29 00:00:00,49,65,136,96,,102,,,72,,,130,70
2015-08-29 01:00:00,40,65,117,92,,105,,,,,,135,92
2015-08-29 02:00:00,25,44,116,342,,90,,,73,,,143,98
2015-08-29 03:00:00,13,34,163,353,,86,,,68,,,152,99
2015-08-29 04:00:00,14,57,130,299,,102,,,44,,,169,104
2015-08-29 05:00:00,352,24,149,291,,170,,,44,,,19,202
2015-08-29 06:00:00,270,10,237,301,,230,,,198,,,347,180
2015-08-29 07:00:00,334,32,326,331,,289,,,89,,,334,18
2015-08-29 08:00:00,331,71,347,355,,62,,,50,,,98,57
2015-08-29 09:00:00,23,61,58,76,,79,,,68,,,95,72
2015-08-29 10:00:00,25,354,167,181,,78,,,73,,,114,83
2015-08-29 11:00:00,42,25,136,125,,87,,,79,,,108,57
2015-08-29 12:00:00,48,26,137,96,,92,,,63,,,101,59
2015-08-29 13:00:00,42,42,161,87,,84,,,66,,,95,50
2015-08-29 14:00:00,56,37,148,87,,109,,,70,,,84,51
2015-08-29 15:00:00,47,42,152,116,,99,,,77,,,76,50
2015-08-29 16:00:00,72,46,143,101,,104,,,75,,,77,67
2015-08-29 17:00:00,103,69,133,107,,105,,,113,,,117,106
2015-08-29 18:00:00,108,79,133,112,,114,,,128,,,124,107
2015-08-29 19:00:00,112,52,122,112,,96,,,133,,,120,118
2015-08-29 20:00:00,91,53,112,92,,102,,,118,,,108,106
2015-08-29 21:00:00,98,74,108,102,,104,,,93,,,89,76
2015-08-29 22:00:00,122,77,148,106,,114,,,107,,,85,66
2015-08-29 23:00:00,97,67,145,106,,97,,,85,,,100,71
2015-08-30 00:00:00,62,71,116,110,,109,,,77,,,119,66
2015-08-30 01:00:00,,76,134,102,,90,,,78,,,124,69
2015-08-30 02:00:00,58,78,147,94,,85,,,81,,,129,77
2015-08-30 03:00:00,35,74,150,105,,83,,,66,,,137,94
2015-08-30 04:00:00,15,39,148,191,,68,,,70,,,121,95
2015-08-30 05:00:00,40,17,136,295,,36,,,61,,,118,103
2015-08-30 06:00:00,33,28,82,273,,319,,,66,,,103,153
2015-08-30 07:00:00,25,,81,296,,349,,,74,,,76,152
2015-08-30 08:00:00,325,,81,311,,5,,,49,,,84,118
2015-08-30 09:00:00,3,350,22,341,,30,,,37,,,36,69
2015-08-30 10:00:00,52,24,282,200,,72,,,,,,92,72
2015-08-30 11:00:00,43,65,129,94,,89,,,60,,,115,61
2015-08-30 12:00:00,60,59,139,104,,97,,,79,,,92,57
2015-08-30 13:00:00,55,71,163,110,,104,,,,,,91,57
2015-08-30 14:00:00,71,70,165,104,,106,,,98,,,85,61
2015-08-30 15:00:00,80,71,171,101,,90,,,113,,,86,56
2015-08-30 16:00:00,140,76,160,102,,97,,,121,,,115,114
2015-08-30 17:00:00,143,92,138,146,,103,,,,,,111,110
2015-08-30 18:00:00,144,107,146,151,,146,,,161,,,110,99
2015-08-30 19:00:00,133,81,185,133,,111,,,151,,,140,102
2015-08-30 20:00:00,84,76,129,101,,109,,,88,,,91,50
2015-08-30 21:00:00,128,70,143,103,,108,,,96,,,91,59
2015-08-30 22:00:00,78,69,149,118,,102,,,79,,,108,64
2015-08-30 23:00:00,35,,142,184,,91,,,71,,,112,93
2015-08-31 00:00:00,70,,121,160,,100,,,,,,115,103
2015-08-31 01:00:00,26,,150,167,,61,,,74,,,130,105
2015-08-31 02:00:00,10,,141,246,,357,,,45,,,132,113
2015-08-31 03:00:00,9,,103,265,,12,,,310,,,118,98
2015-08-31 04:00:00,56,18,56,260,,48,,,343,,,35,97
2015-08-31 05:00:00,44,20,135,293,,38,,,92,,,298,175
2015-08-31 06:00:00,10,351,71,269,,54,,,96,,,125,150
2015-08-31 07:00:00,42,,31,296,,1,,,14,,,36,132
2015-08-31 08:00:00,,20,60,275,,54,,,33,,,356,56
2015-08-31 09:00:00,55,,82,,,51,,,58,,,69,80
2015-08-31 10:00:00,2,299,97,,,41,,,47,,,72,93
2015-08-31 11:00:00,14,328,117,,,67,,,33,,,103,84
2015-08-31 12:00:00,44,47,118,92,,97,,,65,,,105,63
2015-08-31 13:00:00,70,,145,106,,104,,,70,,,105,56
2015-08-31 14:00:00,57,,142,,,98,,,82,,,97,58
2015-08-31 15:00:00,68,56,142,108,,99,,,79,,,93,53
2015-08-31 16:00:00,50,10,137,74,,73,,,100,,,82,57
2015-08-31 17:00:00,65,57,74,84,,84,,,71,,,82,51
2015-08-31 18:00:00,69,,126,103,,111,,,80,,,102,48
2015-08-31 19:00:00,90,,154,97,,95,,,89,,,96,
2015-08-31 20:00:00,93,65,137,104,,96,,,103,,,83,56
2015-08-31 21:00:00,77,,114,103,,103,,,99,,,90,62
2015-08-31 22:00:00,114,,141,118,,149,,,91,,,99,57
2015-08-31 23:00:00,129,,187,121,,59,,,1,,,62,85
2015-09-01 00:00:00,157,41,147,140,,88,,,243,,,265,102
2015-09-01 01:00:00,233,357,114,129,,40,,,107,,,298,218
2015-09-01 02:00:00,345,334,55,291,,2,,,10,,,288,277
2015-09-01 03:00:00,20,298,21,289,,332,,,354,,,291,220
2015-09-01 04:00:00,324,279,324,296,,319,,,293,,,299,295
2015-09-01 05:00:00,290,303,318,297,,295,,,269,,,295,180
2015-09-01 06:00:00,340,298,318,318,,222,,,318,,,285,183
2015-09-01 07:00:00,21,305,350,317,,329,,,38,,,351,72
2015-09-01 08:00:00,8,344,2,328,,26,,,36,,,101,78
2015-09-01 09:00:00,15,355,16,113,,27,,,62,,,101,92
2015-09-01 10:00:00,24,31,66,342,,60,,,48,,,87,79
2015-09-01 11:00:00,61,51,101,91,,84,,,70,,,100,77
2015-09-01 12:00:00,58,60,130,100,,96,,,67,,,99,62
2015-09-01 13:00:00,45,62,145,103,,95,,,68,,,96,69
2015-09-01 14:00:00,43,61,161,101,,98,,,64,,,99,69
2015-09-01 15:00:00,48,68,155,106,,103,,,353,,,91,61
2015-09-01 16:00:00,75,66,146,111,,94,,,98,,,87,54
2015-09-01 17:00:00,88,66,140,108,,101,,,103,,,86,77
2015-09-01 18:00:00,100,83,150,113,,113,,,110,,,89,83
2015-09-01 19:00:00,123,92,160,118,,122,,,91,,,93,83
2015-09-01 20:00:00,118,91,165,114,,122,,,125,,,106,73
2015-09-01 21:00:00,121,82,154,107,,112,,,78,,,116,62
2015-09-01 22:00:00,96,77,147,102,,108,,,45,,,116,71
2015-09-01 23:00:00,120,81,141,106,,112,,,63,,,,58
2015-09-02 00:00:00,79,72,136,103,,92,,,90,,,128,68
2015-09-02 01:00:00,47,71,126,114,,89,,,85,,,122,79
2015-09-02 02:00:00,54,80,130,138,,97,,,70,,,136,89
2015-09-02 03:00:00,32,51,142,160,,83,,,99,,,127,107
2015-09-02 04:00:00,67,13,90,188,,43,,,49,,,123,125
2015-09-02 05:00:00,103,24,65,290,,42,,,108,,,243,232
2015-09-02 06:00:00,83,57,77,274,,69,,,69,,,179,126
2015-09-02 07:00:00,76,83,127,141,,82,,,76,,,65,258
2015-09-02 08:00:00,70,65,101,125,,88,,,82,,,129,345
2015-09-02 09:00:00,49,55,135,123,,79,,,93,,,125,74
2015-09-02 10:00:00,60,49,119,108,,94,,,77,,,111,57
2015-09-02 11:00:00,46,53,129,75,,82,,,67,,,107,51
2015-09-02 12:00:00,54,84,145,83,,87,,,82,,,103,49
2015-09-02 13:00:00,60,64,146,97,,90,,,93,,,86,37
2015-09-02 14:00:00,65,90,146,102,,102,,,87,,,91,47
2015-09-02 15:00:00,73,83,160,102,,102,,,96,,,101,70
2015-09-02 16:00:00,78,93,168,112,,111,,,75,,,99,76
2015-09-02 17:00:00,84,73,161,107,,94,,,112,,,100,99
2015-09-02 18:00:00,105,118,161,114,,113,,,138,,,116,112
2015-09-02 19:00:00,134,84,162,116,,103,,,139,,,106,103
2015-09-02 20:00:00,100,75,117,103,,94,,,95,,,114,87
2015-09-02 21:00:00,122,87,140,104,,112,,,115,,,89,71
2015-09-02 22:00:00,115,83,152,110,,118,,,96,,,90,68
2015-09-02 23:00:00,104,80,154,108,,102,,,81,,,113,69
2015-09-03 00:00:00,58,74,133,102,,112,,,68,,,113,73
2015-09-03 01:00:00,40,76,126,110,,89,,,71,,,136,91
2015-09-03 02:00:00,48,71,120,142,,102,,,50,,,129,94
2015-09-03 03:00:00,40,64,123,237,,73,,,58,,,112,100
2015-09-03 04:00:00,30,31,131,291,,53,,,35,,,108,101
2015-09-03 05:00:00,25,14,71,260,,51,,,359,,,111,103
2015-09-03 06:00:00,355,36,114,267,,45,,,160,,,132,86
2015-09-03 07:00:00,350,20,97,302,,37,,,326,,,109,215
2015-09-03 08:00:00,24,345,51,310,,3,,,275,,,37,291
2015-09-03 09:00:00,30,344,37,346,,22,,,255,,,11,143
2015-09-03 10:00:00,30,355,4,37,,82,,,48,,,114,80
2015-09-03 11:00:00,55,64,161,106,,87,,,46,,,91,64
2015-09-03 12:00:00,57,68,152,106,,111,,,8,,,86,68
2015-09-03 13:00:00,74,72,159,105,,95,,,72,,,86,64
2015-09-03 14:00:00,102,74,146,110,,100,,,112,,,87,87
2015-09-03 15:00:00,96,20,139,83,,51,,,118,,,119,100
2015-09-03 16:00:00,131,72,68,101,,45,,,146,,,90,69
2015-09-03 17:00:00,123,78,84,146,,83,,,134,,,86,73
2015-09-03 18:00:00,91,115,175,119,,133,,,78,,,84,63
2015-09-03 19:00:00,181,120,193,109,,124,,,215,,,102,79
2015-09-03 20:00:00,54,78,184,88,,41,,,314,,,99,87
2015-09-03 21:00:00,112,76,140,130,,93,,,303,,,109,81
2015-09-03 22:00:00,75,79,122,116,,104,,,72,,,127,74
2015-09-03 23:00:00,34,84,123,123,,104,,,37,,,132,99
2015-09-04 00:00:00,66,86,147,83,,97,,,9,,,143,87
2015-09-04 01:00:00,52,66,148,96,,87,,,0,,,120,84
2015-09-04 02:00:00,39,87,150,129,,104,,,17,,,127,80
2015-09-04 03:00:00,40,110,167,127,,108,,,351,,,132,104
2015-09-04 04:00:00,19,93,156,118,,110,,,347,,,129,107
2015-09-04 05:00:00,343,58,57,131,,22,,,232,,,83,135
2015-09-04 06:00:00,24,40,39,129,,26,,,36,,,265,112
2015-09-04 07:00:00,26,39,57,271,,48,,,47,,,316,166
2015-09-04 08:00:00,39,45,75,293,,47,,,54,,,76,83
2015-09-04 09:00:00,41,59,87,136,,56,,,78,,,90,73
2015-09-04 10:00:00,23,80,123,91,,88,,,80,,,106,87
2015-09-04 11:00:00,344,78,110,96,,94,,,88,,,112,95
2015-09-04 12:00:00,46,69,130,82,,88,,,85,,,111,55
2015-09-04 13:00:00,46,76,140,105,,88,,,97,,,107,53
2015-09-04 14:00:00,101,111,151,96,,97,,,95,,,94,58
2015-09-04 15:00:00,131,83,163,109,,108,,,102,,,89,83
2015-09-04 16:00:00,135,85,153,123,,103,,,133,,,89,79
2015-09-04 17:00:00,126,99,161,135,,124,,,140,,,88,69
2015-09-04 18:00:00,137,98,154,132,,126,,,141,,,130,79
2015-09-04 19:00:00,134,113,153,136,,120,,,144,,,120,72
2015-09-04 20:00:00,135,108,171,129,,112,,,147,,,128,80
2015-09-04 21:00:00,82,96,141,106,,104,,,74,,,110,68
2015-09-04 22:00:00,75,88,143,102,,107,,,69,,,99,61
2015-09-04 23:00:00,100,93,149,105,,99,,,70,,,91,61
2015-09-05 00:00:00,78,101,139,102,,85,,,70,,,100,72
2015-09-05 01:00:00,44,104,121,101,,69,,,,,,117,81
2015-09-05 02:00:00,29,92,120,104,,71,,,73,,,142,99
2015-09-05 03:00:00,31,99,120,109,,85,,,4,,,133,109
2015-09-05 04:00:00,51,92,132,110,,83,,,5,,,124,97
2015-09-05 05:00:00,39,91,139,128,,81,,,74,,,119,111
2015-09-05 06:00:00,40,60,113,102,,67,,,20,,,105,116
2015-09-05 07:00:00,59,66,116,156,,58,,,353,,,72,106
2015-09-05 08:00:00,49,73,116,164,,76,,,348,,,78,85
2015-09-05 09:00:00,47,64,126,123,,66,,,338,,,101,79
2015-09-05 10:00:00,53,54,124,101,,87,,,357,,,98,67
2015-09-05 11:00:00,49,106,138,113,,116,,,74,,,91,64
2015-09-05 12:00:00,51,119,155,144,,101,,,67,,,96,66
2015-09-05 13:00:00,38,107,154,102,,104,,,89,,,91,46
2015-09-05 14:00:00,114,125,159,111,,108,,,94,,,84,63
2015-09-05 15:00:00,121,117,164,108,,108,,,110,,,77,64
2015-09-05 16:00:00,121,119,164,117,,107,,,120,,,87,69
2015-09-05 17:00:00,110,113,158,106,,106,,,119,,,87,76
2015-09-05 18:00:00,113,108,157,108,,108,,,121,,,86,74
2015-09-05 19:00:00,121,115,161,112,,114,,,123,,,90,80
2015-09-05 20:00:00,121,114,162,116,,119,,,130,,,96,75
2015-09-05 21:00:00,117,81,157,107,,101,,,130,,,102,67
2015-09-05 22:00:00,65,81,132,97,,104,,,74,,,105,58
2015-09-05 23:00:00,71,78,131,92,,89,,,72,,,129,58
2015-09-06 00:00:00,77,83,137,90,,84,,,71,,,119,66
2015-09-06 01:00:00,40,78,135,93,,80,,,83,,,148,79
2015-09-06 02:00:00,42,81,118,98,,80,,,82,,,143,94
2015-09-06 03:00:00,31,86,136,93,,76,,,88,,,147,107
2015-09-06 04:00:00,55,63,135,85,,65,,,11,,,287,133
2015-09-06 05:00:00,64,56,108,144,,75,,,62,,,281,188
2015-09-06 06:00:00,61,65,113,161,,80,,,63,,,30,230
2015-09-06 07:00:00,67,71,111,125,,79,,,68,,,96,69
2015-09-06 08:00:00,63,65,119,156,,92,,,70,,,95,67
2015-09-06 09:00:00,35,36,121,146,,91,,,75,,,102,62
2015-09-06 10:00:00,41,348,107,141,,98,,,92,,,106,63
2015-09-06 11:00:00,33,83,131,127,,99,,,51,,,87,70
2015-09-06 12:00:00,55,82,144,121,,106,,,73,,,98,67
2015-09-06 13:00:00,57,97,146,84,,101,,,82,,,90,51
2015-09-06 14:00:00,113,81,149,99,,108,,,96,,,79,60
2015-09-06 15:00:00,133,107,163,127,,114,,,127,,,82,69
2015-09-06 16:00:00,127,107,156,124,,118,,,123,,,90,79
2015-09-06 17:00:00,117,113,149,122,,116,,,122,,,89,85
2015-09-06 18:00:00,122,106,164,114,,124,,,128,,,96,88
2015-09-06 19:00:00,125,100,165,121,,119,,,132,,,103,91
2015-09-06 20:00:00,125,87,164,129,,98,,,149,,,103,76
2015-09-06 21:00:00,75,83,139,103,,102,,,88,,,97,68
2015-09-06 22:00:00,75,78,133,105,,98,,,73,,,114,71
2015-09-06 23:00:00,71,81,146,101,,106,,,67,,,132,73
2015-09-07 00:00:00,50,78,149,103,,91,,,68,,,135,80
2015-09-07 01:00:00,38,68,136,120,,76,,,58,,,145,104
2015-09-07 02:00:00,21,70,112,311,,55,,,15,,,135,116
2015-09-07 03:00:00,30,48,125,251,,60,,,53,,,109,109
2015-09-07 04:00:00,43,34,107,273,,62,,,0,,,131,96
2015-09-07 05:00:00,15,44,119,292,,56,,,340,,,111,97
2015-09-07 06:00:00,4,50,117,177,,51,,,348,,,109,94
2015-09-07 07:00:00,19,48,132,171,,49,,,341,,,85,90
2015-09-07 08:00:00,15,44,146,101,,56,,,340,,,85,81
2015-09-07 09:00:00,25,306,173,136,,58,,,330,,,54,68
2015-09-07 10:00:00,35,40,181,223,,69,,,310,,,66,88
2015-09-07 11:00:00,66,72,0,144,,102,,,56,,,95,65
2015-09-07 12:00:00,52,61,125,108,,86,,,60,,,96,61
2015-09-07 13:00:00,53,69,139,99,,107,,,75,,,90,54
2015-09-07 14:00:00,55,80,142,106,,92,,,79,,,68,51
2015-09-07 15:00:00,68,77,135,100,,92,,,91,,,71,60
2015-09-07 16:00:00,120,103,156,99,,109,,,106,,,83,71
2015-09-07 17:00:00,122,64,149,119,,104,,,120,,,88,83
2015-09-07 18:00:00,122,69,136,121,,90,,,132,,,95,96
2015-09-07 19:00:00,127,77,120,101,,88,,,139,,,104,99
2015-09-07 20:00:00,122,94,125,94,,83,,,120,,,103,91
2015-09-07 21:00:00,79,87,137,101,,101,,,76,,,98,68
2015-09-07 22:00:00,83,83,145,92,,100,,,79,,,90,63
2015-09-07 23:00:00,56,73,141,95,,102,,,74,,,109,62
2015-09-08 00:00:00,46,73,137,101,,102,,,75,,,118,76
2015-09-08 01:00:00,42,87,134,117,,100,,,74,,,134,88
2015-09-08 02:00:00,51,78,121,115,,92,,,65,,,124,87
2015-09-08 03:00:00,41,84,116,137,,84,,,56,,,133,95
2015-09-08 04:00:00,52,82,120,90,,74,,,56,,,128,81
2015-09-08 05:00:00,60,58,139,92,,81,,,10,,,130,99
2015-09-08 06:00:00,55,56,153,170,,54,,,3,,,161,117
2015-09-08 07:00:00,32,36,120,205,,45,,,333,,,77,117
2015-09-08 08:00:00,4,14,92,268,,54,,,50,,,42,296
2015-09-08 09:00:00,359,349,74,218,,68,,,24,,,48,55
2015-09-08 10:00:00,4,334,314,90,,66,,,344,,,95,94
2015-09-08 11:00:00,45,59,41,153,,103,,,44,,,106,72
2015-09-08 12:00:00,60,79,142,89,,107,,,69,,,102,58
2015-09-08 13:00:00,51,74,122,104,,92,,,87,,,85,48
2015-09-08 14:00:00,67,78,139,97,,98,,,94,,,77,47
2015-09-08 15:00:00,97,98,134,104,,94,,,99,,,76,74
2015-09-08 16:00:00,118,76,128,105,,92,,,109,,,96,86
2015-09-08 17:00:00,121,73,137,103,,95,,,93,,,103,99
2015-09-08 18:00:00,108,67,127,102,,93,,,116,,,103,91
2015-09-08 19:00:00,95,66,120,99,,89,,,119,,,93,86
2015-09-08 20:00:00,99,84,116,107,,106,,,110,,,104,85
2015-09-08 21:00:00,90,82,138,106,,102,,,100,,,86,71
2015-09-08 22:00:00,86,95,138,102,,96,,,76,,,96,63
2015-09-08 23:00:00,51,69,,104,,99,,,72,,,116,71
2015-09-09 00:00:00,42,63,118,85,,85,,,72,,,136,73
2015-09-09 01:00:00,39,70,118,81,,85,,,64,,,134,85
2015-09-09 02:00:00,40,82,119,69,,91,,,66,,,127,98
2015-09-09 03:00:00,356,70,128,173,,92,,,70,,,117,110
2015-09-09 04:00:00,346,42,114,172,,74,,,40,,,75,99
2015-09-09 05:00:00,58,57,110,220,,68,,,31,,,77,99
2015-09-09 06:00:00,21,60,124,289,,61,,,327,,,139,84
2015-09-09 07:00:00,24,34,142,313,,31,,,3,,,280,251
2015-09-09 08:00:00,346,346,78,318,,355,,,350,,,313,212
2015-09-09 09:00:00,355,320,33,304,,360,,,359,,,33,72
2015-09-09 10:00:00,351,334,8,310,,11,,,3,,,75,73
2015-09-09 11:00:00,26,25,16,247,,85,,,35,,,96,78
2015-09-09 12:00:00,43,64,130,98,,95,,,59,,,106,68
2015-09-09 13:00:00,60,66,139,113,,111,,,77,,,95,64
2015-09-09 14:00:00,76,68,145,109,,94,,,93,,,83,50
2015-09-09 15:00:00,73,89,142,105,,88,,,95,,,77,57
2015-09-09 16:00:00,82,79,136,102,,89,,,110,,,89,89
2015-09-09 17:00:00,106,64,142,120,,89,,,109,,,119,111
2015-09-09 18:00:00,116,61,105,96,,79,,,128,,,109,98
2015-09-09 19:00:00,103,79,116,98,,94,,,72,,,109,91
2015-09-09 20:00:00,130,92,150,103,,92,,,113,,,104,74
2015-09-09 21:00:00,84,74,147,94,,92,,,77,,,110,78
2015-09-09 22:00:00,61,71,123,102,,103,,,75,,,118,64
2015-09-09 23:00:00,43,68,131,85,,105,,,69,,,141,78
2015-09-10 00:00:00,39,71,117,141,,103,,,67,,,142,83
2015-09-10 01:00:00,25,68,118,249,,84,,,73,,,126,95
2015-09-10 02:00:00,64,53,111,84,,75,,,62,,,113,100
2015-09-10 03:00:00,45,84,116,328,,66,,,26,,,123,98
2015-09-10 04:00:00,57,50,126,181,,52,,,1,,,136,95
2015-09-10 05:00:00,60,29,107,268,,33,,,357,,,172,120
2015-09-10 06:00:00,62,29,86,309,,27,,,32,,,180,154
2015-09-10 07:00:00,13,15,57,308,,26,,,338,,,281,207
2015-09-10 08:00:00,10,35,56,307,,45,,,335,,,120,98
2015-09-10 09:00:00,5,28,54,330,,32,,,55,,,352,77
2015-09-10 10:00:00,1,4,31,89,,66,,,33,,,88,83
2015-09-10 11:00:00,16,45,20,149,,72,,,38,,,121,87
2015-09-10 12:00:00,59,63,126,127,,104,,,53,,,102,72
2015-09-10 13:00:00,59,60,129,104,,90,,,75,,,97,54
2015-09-10 14:00:00,75,54,129,97,,88,,,85,,,76,57
2015-09-10 15:00:00,86,68,141,98,,89,,,87,,,78,67
2015-09-10 16:00:00,108,83,164,107,,97,,,103,,,87,77
2015-09-10 17:00:00,124,79,157,96,,88,,,88,,,86,69
2015-09-10 18:00:00,118,72,68,97,,60,,,49,,,92,73
2015-09-10 19:00:00,103,359,15,61,,359,,,65,,,108,81
2015-09-10 20:00:00,34,331,16,103,,8,,,44,,,105,95
2015-09-10 21:00:00,38,18,81,112,,85,,,55,,,116,94
2015-09-10 22:00:00,53,76,156,109,,113,,,72,,,105,80
2015-09-10 23:00:00,72,77,158,107,,107,,,73,,,117,65
2015-09-11 00:00:00,114,71,112,88,,72,,,50,,,136,78
2015-09-11 01:00:00,47,37,106,172,,55,,,66,,,128,85
2015-09-11 02:00:00,50,12,118,246,,61,,,48,,,121,95
2015-09-11 03:00:00,79,9,230,230,,121,,,43,,,99,93
2015-09-11 04:00:00,46,347,346,304,,342,,,35,,,81,100
2015-09-11 05:00:00,42,9,359,310,,313,,,22,,,84,99
2015-09-11 06:00:00,357,323,7,289,,300,,,77,,,10,137
2015-09-11 07:00:00,359,346,17,304,,2,,,11,,,294,214
2015-09-11 08:00:00,349,328,32,316,,23,,,16,,,10,56
2015-09-11 09:00:00,333,327,12,335,,359,,,17,,,320,51
2015-09-11 10:00:00,12,8,18,312,,44,,,24,,,50,71
2015-09-11 11:00:00,44,12,40,356,,63,,,22,,,117,90
2015-09-11 12:00:00,28,36,77,55,,71,,,43,,,122,67
2015-09-11 13:00:00,159,124,151,126,,119,,,105,,,328,286
2015-09-11 14:00:00,233,210,31,335,,290,,,238,,,284,281
2015-09-11 15:00:00,339,22,55,21,,6,,,308,,,226,218
2015-09-11 16:00:00,245,255,302,205,,190,,,2,,,70,110
2015-09-11 17:00:00,222,262,332,43,,35,,,241,,,336,236
2015-09-11 18:00:00,268,335,342,310,,314,,,244,,,283,262
2015-09-11 19:00:00,306,313,329,275,,305,,,298,,,185,148
2015-09-11 20:00:00,156,349,26,347,,330,,,218,,,124,99
2015-09-11 21:00:00,349,354,13,13,,355,,,41,,,145,51
2015-09-11 22:00:00,327,334,359,341,,334,,,,,,156,41
2015-09-11 23:00:00,287,286,304,277,,262,,,,,,153,131
2015-09-12 00:00:00,206,229,264,343,,254,,,,,,27,294
2015-09-12 01:00:00,231,217,260,316,,243,,,,,,166,341
2015-09-12 02:00:00,204,211,247,331,,296,,,,,,171,244
2015-09-12 03:00:00,289,240,334,318,,335,,,,,,290,283
2015-09-12 04:00:00,76,353,3,326,,5,,,,,,295,61
2015-09-12 05:00:00,128,336,349,286,,103,,,,,,68,84
2015-09-12 06:00:00,91,306,327,241,,257,,,,,,279,78
2015-09-12 07:00:00,136,291,320,111,,62,,,,,,15,58
2015-09-12 08:00:00,98,315,335,333,,335,,,,,,262,236
2015-09-12 09:00:00,349,306,326,352,,308,,,,,,297,100
2015-09-12 10:00:00,43,310,332,13,,263,,,,,,27,60
2015-09-12 11:00:00,213,231,308,114,,3,,,,,,91,120
2015-09-12 12:00:00,193,256,302,138,,119,,,,,,62,6
2015-09-12 13:00:00,179,287,322,230,,18,,,,,,75,337
2015-09-12 14:00:00,221,310,324,298,,18,,,,,,130,157
2015-09-12 15:00:00,178,281,342,167,,349,,,,,,148,217
2015-09-12 16:00:00,211,176,301,144,,66,,,,,,153,358
2015-09-12 17:00:00,204,200,240,145,,137,,,,,,149,318
2015-09-12 18:00:00,224,196,241,159,,147,,,,,,156,280
2015-09-12 19:00:00,196,199,244,98,,295,,,,,,151,216
2015-09-12 20:00:00,188,198,228,114,,230,,,,,,145,153
2015-09-12 21:00:00,93,74,91,86,,87,,,,,,120,99
2015-09-12 22:00:00,241,264,287,302,,278,,,,,,124,107
2015-09-12 23:00:00,271,31,334,311,,248,,,,,,288,283
2015-09-13 00:00:00,285,91,38,338,,133,,,,,,285,87
2015-09-13 01:00:00,259,221,316,22,,300,,,,,,88,151
2015-09-13 02:00:00,48,72,13,274,,219,,,,,,124,139
2015-09-13 03:00:00,18,44,20,173,,97,,,,,,108,131
2015-09-13 04:00:00,17,355,31,224,,331,,,,,,243,137
2015-09-13 05:00:00,2,341,306,287,,303,,,,,,127,137
2015-09-13 06:00:00,182,12,346,280,,291,,,,,,296,129
2015-09-13 07:00:00,66,75,161,90,,72,,,,,,103,121
2015-09-13 08:00:00,65,106,168,120,,87,,,,,,126,83
2015-09-13 09:00:00,62,105,154,116,,90,,,,,,96,58
2015-09-13 10:00:00,64,89,136,111,,95,,,,,,82,58
2015-09-13 11:00:00,55,81,140,100,,91,,,,,,82,48
2015-09-13 12:00:00,63,102,163,103,,95,,,,,,72,61
2015-09-13 13:00:00,67,99,145,99,,97,,,,,,72,57
2015-09-13 14:00:00,68,94,140,98,,84,,,,,,,60
2015-09-13 15:00:00,77,86,144,98,,91,,,,,,81,77
2015-09-13 16:00:00,83,96,146,101,,94,,,,,,99,89
2015-09-13 17:00:00,87,116,161,115,,107,,,,,,95,88
2015-09-13 18:00:00,135,128,157,120,,125,,,,,,110,97
2015-09-13 19:00:00,134,123,163,137,,113,,,,,,100,73
2015-09-13 20:00:00,126,116,156,131,,112,,,,,,92,66
2015-09-13 21:00:00,135,109,145,131,,101,,,,,,96,61
2015-09-13 22:00:00,130,93,103,106,,70,,,,,,107,67
2015-09-13 23:00:00,88,82,114,107,,47,,,,,,122,65
2015-09-14 00:00:00,50,88,133,102,,36,,,,,,115,73
2015-09-14 01:00:00,37,91,152,109,,56,,,,,,98,71
2015-09-14 02:00:00,84,100,157,105,,58,,,,,,97,71
2015-09-14 03:00:00,64,98,158,106,,70,,,,,,106,68
2015-09-14 04:00:00,46,100,155,98,,91,,,,,,124,72
2015-09-14 05:00:00,65,99,157,107,,102,,,,,,121,79
2015-09-14 06:00:00,64,102,159,115,,102,,,,,,137,85
2015-09-14 07:00:00,57,106,155,118,,105,,,,,,127,82
2015-09-14 08:00:00,34,102,146,118,,97,,,,,,115,74
2015-09-14 09:00:00,58,111,156,116,,104,,,,,,105,54
2015-09-14 10:00:00,77,113,149,119,,99,,,,,,104,59
2015-09-14 11:00:00,50,109,148,114,,92,,,,,,91,64
2015-09-14 12:00:00,61,112,155,110,,101,,,,,,85,58
2015-09-14 13:00:00,42,105,143,112,,86,,,,,,87,58
2015-09-14 14:00:00,53,102,148,98,,102,,,,,,90,52
2015-09-14 15:00:00,72,99,145,102,,97,,,,,,86,59
2015-09-14 16:00:00,66,107,152,94,,97,,,,,,82,76
2015-09-14 17:00:00,92,105,150,97,,92,,,,,,93,87
2015-09-14 18:00:00,92,122,148,109,,102,,,,,,100,92
2015-09-14 19:00:00,102,121,151,110,,110,,,,,,108,89
2015-09-14 20:00:00,114,115,157,109,,109,,,,,,105,70
2015-09-14 21:00:00,116,119,161,111,,103,,,,,,130,79
2015-09-14 22:00:00,109,117,170,106,,101,,,,,,113,70
2015-09-14 23:00:00,114,112,153,97,,101,,,,,,120,75
2015-09-15 00:00:00,102,113,161,105,,92,,,,,,127,90
2015-09-15 01:00:00,102,124,160,114,,106,,,,,,147,76
2015-09-15 02:00:00,106,108,149,111,,115,,,,,,132,82
2015-09-15 03:00:00,92,90,121,129,,99,,,,,,121,89
2015-09-15 04:00:00,70,54,112,131,,79,,,,,,141,131
2015-09-15 05:00:00,64,70,107,133,,65,,,,,,133,91
2015-09-15 06:00:00,77,73,108,148,,92,,,,,,134,87
2015-09-15 07:00:00,83,107,161,116,,82,,,,,,114,93
2015-09-15 08:00:00,57,92,160,126,,83,,,,,,119,89
2015-09-15 09:00:00,25,82,150,148,,80,,,,,,116,79
2015-09-15 10:00:00,57,48,137,141,,94,,,,,,115,73
2015-09-15 11:00:00,45,101,144,112,,83,,,,,,107,60
2015-09-15 12:00:00,75,103,157,102,,104,,,86,,,102,68
2015-09-15 13:00:00,66,100,167,104,,88,,,92,,,90,64
2015-09-15 14:00:00,70,98,163,103,,91,,,100,,,98,68
2015-09-15 15:00:00,71,114,150,112,,104,,,110,,,83,74
2015-09-15 16:00:00,85,124,160,110,,107,,,109,,,111,103
2015-09-15 17:00:00,135,127,162,120,,99,,,128,,,106,107
2015-09-15 18:00:00,134,123,132,130,,114,,,153,,,103,95
2015-09-15 19:00:00,112,110,134,118,,102,,,88,,,103,85
2015-09-15 20:00:00,90,108,145,108,,108,,,108,,,88,75
2015-09-15 21:00:00,109,107,138,107,,105,,,102,,,84,66
2015-09-15 22:00:00,93,113,147,116,,111,,,116,,,87,59
2015-09-15 23:00:00,83,106,149,106,,113,,,81,,,111,69
2015-09-16 00:00:00,22,85,117,151,,12,,,166,,,103,101
2015-09-16 01:00:00,51,59,94,39,,65,,,79,,,137,101
2015-09-16 02:00:00,70,100,152,108,,87,,,76,,,117,83
2015-09-16 03:00:00,63,109,149,117,,89,,,77,,,124,90
2015-09-16 04:00:00,74,120,152,118,,100,,,80,,,129,81
2015-09-16 05:00:00,65,101,153,113,,115,,,80,,,113,96
2015-09-16 06:00:00,62,96,129,112,,85,,,71,,,120,70
2015-09-16 07:00:00,50,100,134,126,,76,,,71,,,139,72
2015-09-16 08:00:00,30,75,116,118,,72,,,61,,,122,69
2015-09-16 09:00:00,36,82,134,101,,57,,,70,,,114,63
2015-09-16 10:00:00,51,84,119,92,,65,,,70,,,108,52
2015-09-16 11:00:00,58,105,145,96,,85,,,78,,,111,56
2015-09-16 12:00:00,68,108,150,108,,95,,,93,,,92,50
2015-09-16 13:00:00,76,105,134,108,,93,,,103,,,82,67
2015-09-16 14:00:00,112,111,149,104,,106,,,107,,,97,91
2015-09-16 15:00:00,137,112,138,113,,112,,,104,,,99,88
2015-09-16 16:00:00,105,106,123,111,,102,,,109,,,87,81
2015-09-16 17:00:00,117,110,144,112,,98,,,101,,,85,74
2015-09-16 18:00:00,115,107,145,112,,105,,,97,,,87,71
2015-09-16 19:00:00,111,107,140,108,,107,,,78,,,92,66
2015-09-16 20:00:00,91,104,136,106,,98,,,72,,,94,66
2015-09-16 21:00:00,60,107,145,109,,93,,,66,,,97,
2015-09-16 22:00:00,34,101,152,111,,94,,,60,,,106,75
2015-09-16 23:00:00,39,103,151,110,,88,,,56,,,104,68
2015-09-17 00:00:00,41,100,153,109,,91,,,60,,,106,67
2015-09-17 01:00:00,45,95,144,116,,80,,,53,,,126,77
2015-09-17 02:00:00,35,99,129,135,,76,,,65,,,131,93
2015-09-17 03:00:00,33,82,119,132,,77,,,75,,,148,107
2015-09-17 04:00:00,43,67,123,138,,64,,,74,,,147,115
2015-09-17 05:00:00,53,73,89,126,,58,,,75,,,141,120
2015-09-17 06:00:00,51,47,92,147,,37,,,94,,,111,112
2015-09-17 07:00:00,45,87,132,141,,49,,,97,,,119,97
2015-09-17 08:00:00,34,108,155,114,,73,,,88,,,121,83
2015-09-17 09:00:00,42,102,145,119,,87,,,83,,,111,84
2015-09-17 10:00:00,45,102,139,106,,95,,,76,,,132,49
2015-09-17 11:00:00,83,108,150,98,,93,,,78,,,111,35
2015-09-17 12:00:00,107,112,152,102,,94,,,83,,,99,80
2015-09-17 13:00:00,69,110,160,108,,99,,,93,,,109,94
2015-09-17 14:00:00,100,107,159,105,,103,,,93,,,107,90
2015-09-17 15:00:00,99,123,143,106,,99,,,106,,,115,100
2015-09-17 16:00:00,131,135,144,111,,127,,,119,,,97,83
2015-09-17 17:00:00,131,128,155,118,,119,,,149,,,92,77
2015-09-17 18:00:00,,129,129,127,,117,,,145,,,90,71
2015-09-17 19:00:00,121,110,129,117,,95,,,121,,,100,71
2015-09-17 20:00:00,108,111,141,105,,98,,,89,,,117,70
2015-09-17 21:00:00,104,113,149,105,,111,,,83,,,107,71
2015-09-17 22:00:00,117,109,148,110,,99,,,82,,,105,69
2015-09-17 23:00:00,67,108,145,111,,96,,,73,,,108,76
2015-09-18 00:00:00,71,104,145,105,,103,,,82,,,123,89
2015-09-18 01:00:00,38,102,139,111,,99,,,82,,,126,92
2015-09-18 02:00:00,25,98,123,108,,109,,,79,,,133,103
2015-09-18 03:00:00,39,89,110,105,,73,,,69,,,140,93
2015-09-18 04:00:00,40,78,99,78,,57,,,64,,,145,101
2015-09-18 05:00:00,38,73,113,74,,43,,,65,,,96,120
2015-09-18 06:00:00,48,49,93,187,,48,,,53,,,178,127
2015-09-18 07:00:00,43,50,98,178,,67,,,58,,,61,198
2015-09-18 08:00:00,14,52,91,284,,44,,,47,,,56,230
2015-09-18 09:00:00,31,52,89,293,,32,,,52,,,29,52
2015-09-18 10:00:00,17,46,155,135,,45,,,105,,,103,79
2015-09-18 11:00:00,30,103,158,112,,79,,,80,,,105,79
2015-09-18 12:00:00,53,102,153,83,,97,,,87,,,102,65
2015-09-18 13:00:00,64,113,154,116,,107,,,97,,,108,64
2015-09-18 14:00:00,110,118,177,96,,102,,,94,,,90,68
2015-09-18 15:00:00,132,119,169,106,,110,,,98,,,101,82
2015-09-18 16:00:00,131,136,170,113,,120,,,117,,,94,81
2015-09-18 17:00:00,129,138,169,112,,120,,,125,,,97,80
2015-09-18 18:00:00,134,135,153,121,,130,,,141,,,100,69
2015-09-18 19:00:00,121,110,120,135,,102,,,118,,,105,63
2015-09-18 20:00:00,84,107,134,105,,100,,,107,,,117,70
2015-09-18 21:00:00,97,106,143,107,,103,,,86,,,113,72
2015-09-18 22:00:00,107,107,149,107,,105,,,80,,,117,64
2015-09-18 23:00:00,90,102,147,101,,107,,,81,,,128,61
2015-09-19 00:00:00,81,103,130,108,,101,,,76,,,132,62
2015-09-19 01:00:00,41,99,126,100,,99,,,84,,,133,103
2015-09-19 02:00:00,45,98,120,86,,93,,,74,,,139,91
2015-09-19 03:00:00,62,106,124,78,,90,,,75,,,131,79
2015-09-19 04:00:00,88,106,142,95,,77,,,72,,,135,83
2015-09-19 05:00:00,61,89,129,102,,75,,,69,,,136,81
2015-09-19 06:00:00,46,73,108,117,,65,,,55,,,141,99
2015-09-19 07:00:00,60,74,106,122,,62,,,53,,,120,91
2015-09-19 08:00:00,67,68,120,86,,63,,,51,,,145,77
2015-09-19 09:00:00,64,85,145,103,,67,,,61,,,133,70
2015-09-19 10:00:00,48,95,147,81,,61,,,61,,,121,60
2015-09-19 11:00:00,41,105,146,89,,80,,,81,,,117,48
2015-09-19 12:00:00,70,110,150,102,,88,,,87,,,97,55
2015-09-19 13:00:00,96,112,159,97,,97,,,95,,,94,92
2015-09-19 14:00:00,122,120,147,109,,105,,,112,,,95,89
2015-09-19 15:00:00,136,123,138,108,,105,,,120,,,98,85
2015-09-19 16:00:00,137,126,152,118,,116,,,128,,,94,88
2015-09-19 17:00:00,132,117,147,124,,96,,,141,,,99,96
2015-09-19 18:00:00,120,106,146,109,,97,,,124,,,104,82
2015-09-19 19:00:00,67,132,152,127,,127,,,118,,,86,69
2015-09-19 20:00:00,78,124,162,131,,132,,,107,,,75,57
2015-09-19 21:00:00,68,121,148,113,,120,,,85,,,80,56
2015-09-19 22:00:00,98,101,134,124,,107,,,101,,,90,62
2015-09-19 23:00:00,48,117,134,121,,98,,,99,,,101,67
2015-09-20 00:00:00,98,119,140,115,,123,,,102,,,95,65
2015-09-20 01:00:00,112,128,174,116,,122,,,125,,,113,67
2015-09-20 02:00:00,63,113,171,122,,134,,,43,,,135,77
2015-09-20 03:00:00,76,101,156,159,,138,,,45,,,129,113
2015-09-20 04:00:00,7,78,91,171,,28,,,82,,,143,109
2015-09-20 05:00:00,53,85,108,108,,62,,,71,,,125,106
2015-09-20 06:00:00,24,58,102,161,,38,,,86,,,117,108
2015-09-20 07:00:00,32,108,108,297,,43,,,72,,,108,108
2015-09-20 08:00:00,50,108,138,300,,61,,,74,,,77,104
2015-09-20 09:00:00,26,88,122,335,,70,,,72,,,134,77
2015-09-20 10:00:00,46,112,138,169,,85,,,88,,,119,71
2015-09-20 11:00:00,37,101,150,120,,65,,,53,,,109,57
2015-09-20 12:00:00,49,97,142,85,,90,,,83,,,112,51
2015-09-20 13:00:00,60,117,155,102,,88,,,84,,,93,50
2015-09-20 14:00:00,84,120,162,102,,95,,,92,,,87,64
2015-09-20 15:00:00,129,120,158,108,,117,,,105,,,106,91
2015-09-20 16:00:00,137,136,140,113,,119,,,133,,,99,89
2015-09-20 17:00:00,132,139,169,136,,125,,,152,,,87,71
2015-09-20 18:00:00,119,137,174,137,,128,,,138,,,107,62
2015-09-20 19:00:00,131,129,152,128,,112,,,147,,,130,72
2015-09-20 20:00:00,126,100,133,112,,90,,,103,,,130,120
2015-09-20 21:00:00,83,102,134,94,,96,,,73,,,129,126
2015-09-20 22:00:00,96,104,135,101,,104,,,85,,,127,91
2015-09-20 23:00:00,81,98,145,105,,103,,,76,,,117,64
2015-09-21 00:00:00,51,101,140,110,,99,,,71,,,130,64
2015-09-21 01:00:00,42,100,123,100,,88,,,74,,,135,79
2015-09-21 02:00:00,47,96,152,112,,86,,,81,,,140,82
2015-09-21 03:00:00,32,101,146,134,,83,,,73,,,157,106
2015-09-21 04:00:00,50,74,126,180,,69,,,64,,,119,114
2015-09-21 05:00:00,57,60,126,187,,57,,,50,,,24,130
2015-09-21 06:00:00,59,44,89,144,,52,,,48,,,111,171
2015-09-21 07:00:00,15,46,85,223,,42,,,75,,,6,245
2015-09-21 08:00:00,18,60,54,232,,58,,,49,,,123,343
2015-09-21 09:00:00,22,32,47,309,,45,,,44,,,106,76
2015-09-21 10:00:00,10,53,163,337,,50,,,55,,,101,76
2015-09-21 11:00:00,47,89,141,21,,68,,,46,,,111,65
2015-09-21 12:00:00,53,99,144,102,,97,,,74,,,89,58
2015-09-21 13:00:00,71,106,170,110,,111,,,87,,,97,59
2015-09-21 14:00:00,67,113,167,120,,97,,,101,,,92,72
2015-09-21 15:00:00,99,96,139,112,,82,,,106,,,110,99
2015-09-21 16:00:00,132,98,143,95,,110,,,128,,,120,115
2015-09-21 17:00:00,127,114,155,107,,114,,,125,,,113,102
2015-09-21 18:00:00,140,123,147,125,,121,,,149,,,109,97
2015-09-21 19:00:00,133,98,138,127,,105,,,142,,,105,84
2015-09-21 20:00:00,85,108,147,103,,110,,,99,,,92,73
2015-09-21 21:00:00,117,109,147,112,,113,,,110,,,87,66
2015-09-21 22:00:00,84,98,136,106,,103,,,88,,,91,68
2015-09-21 23:00:00,84,101,130,106,,102,,,91,,,86,58
2015-09-22 00:00:00,71,102,131,104,,96,,,80,,,99,59
2015-09-22 01:00:00,97,97,124,103,,97,,,73,,,95,65
2015-09-22 02:00:00,86,100,132,99,,88,,,76,,,104,67
2015-09-22 03:00:00,64,97,136,106,,81,,,84,,,109,64
2015-09-22 04:00:00,42,73,81,134,,43,,,61,,,108,77
2015-09-22 05:00:00,49,35,54,112,,47,,,50,,,103,80
2015-09-22 06:00:00,26,17,31,152,,21,,,49,,,113,82
2015-09-22 07:00:00,12,14,34,311,,359,,,74,,,132,84
2015-09-22 08:00:00,32,333,312,297,,63,,,95,,,132,85
2015-09-22 09:00:00,42,353,118,60,,66,,,41,,,107,67
2015-09-22 10:00:00,62,112,164,141,,92,,,58,,,104,65
2015-09-22 11:00:00,65,86,152,108,,99,,,77,,,87,53
2015-09-22 12:00:00,73,103,141,113,,97,,,96,,,81,59
2015-09-22 13:00:00,76,113,149,120,,92,,,116,,,95,70
2015-09-22 14:00:00,90,106,156,105,,100,,,114,,,92,82
2015-09-22 15:00:00,74,80,110,87,,58,,,142,,,84,73
2015-09-22 16:00:00,86,91,143,88,,79,,,138,,,102,94
2015-09-22 17:00:00,93,117,134,110,,90,,,137,,,115,104
2015-09-22 18:00:00,132,108,147,122,,94,,,139,,,108,99
2015-09-22 19:00:00,99,112,143,109,,105,,,111,,,102,80
2015-09-22 20:00:00,104,108,142,111,,111,,,108,,,81,67
2015-09-22 21:00:00,105,101,143,120,,101,,,91,,,98,86
2015-09-22 22:00:00,106,104,140,141,,98,,,45,,,112,79
2015-09-22 23:00:00,85,96,118,131,,83,,,49,,,112,100
2015-09-23 00:00:00,67,84,115,97,,84,,,72,,,,113
2015-09-23 01:00:00,56,77,115,119,,83,,,65,,,113,86
2015-09-23 02:00:00,41,67,110,113,,79,,,77,,,138,93
2015-09-23 03:00:00,42,75,135,123,,74,,,56,,,136,92
2015-09-23 04:00:00,71,95,154,109,,86,,,77,,,110,89
2015-09-23 05:00:00,55,74,133,99,,70,,,77,,,127,89
2015-09-23 06:00:00,40,88,147,121,,76,,,71,,,143,93
2015-09-23 07:00:00,41,106,144,109,,81,,,71,,,137,66
2015-09-23 08:00:00,54,103,154,103,,96,,,83,,,130,70
2015-09-23 09:00:00,59,107,163,110,,96,,,75,,,129,61
2015-09-23 10:00:00,56,108,165,112,,109,,,79,,,110,53
2015-09-23 11:00:00,80,121,153,102,,118,,,79,,,105,54
2015-09-23 12:00:00,127,115,159,110,,103,,,86,,,107,91
2015-09-23 13:00:00,127,101,155,110,,86,,,83,,,94,84
2015-09-23 14:00:00,126,124,162,106,,98,,,92,,,99,86
2015-09-23 15:00:00,137,109,157,114,,112,,,114,,,110,94
2015-09-23 16:00:00,136,139,186,131,,136,,,148,,,97,88
2015-09-23 17:00:00,138,135,176,125,,128,,,143,,,100,92
2015-09-23 18:00:00,136,118,173,128,,125,,,149,,,101,96
2015-09-23 19:00:00,137,117,171,139,,126,,,134,,,95,78
2015-09-23 20:00:00,125,113,147,126,,117,,,112,,,94,77
2015-09-23 21:00:00,124,112,149,118,,110,,,121,,,92,80
2015-09-23 22:00:00,132,116,158,139,,110,,,119,,,82,75
2015-09-23 23:00:00,113,97,122,132,,101,,,89,,,83,59
2015-09-24 00:00:00,97,92,123,106,,89,,,80,,,90,57
2015-09-24 01:00:00,75,97,123,106,,89,,,84,,,106,66
2015-09-24 02:00:00,65,102,130,103,,111,,,73,,,128,80
2015-09-24 03:00:00,47,89,159,103,,109,,,74,,,133,86
2015-09-24 04:00:00,62,76,145,104,,96,,,78,,,132,88
2015-09-24 05:00:00,43,109,150,174,,104,,,86,,,139,97
2015-09-24 06:00:00,23,44,101,203,,42,,,59,,,147,102
2015-09-24 07:00:00,5,6,64,310,,25,,,29,,,198,159
2015-09-24 08:00:00,30,35,15,303,,61,,,34,,,100,128
2015-09-24 09:00:00,359,42,101,255,,73,,,36,,,107,75
2015-09-24 10:00:00,4,16,162,127,,101,,,41,,,113,72
2015-09-24 11:00:00,26,81,164,98,,110,,,49,,,113,66
2015-09-24 12:00:00,65,83,163,112,,95,,,73,,,107,91
2015-09-24 13:00:00,77,98,129,110,,85,,,99,,,104,84
2015-09-24 14:00:00,84,121,164,105,,102,,,86,,,89,64
2015-09-24 15:00:00,96,111,175,107,,116,,,107,,,102,93
2015-09-24 16:00:00,143,113,151,104,,107,,,137,,,120,112
2015-09-24 17:00:00,141,121,148,127,,108,,,165,,,115,110
2015-09-24 18:00:00,132,110,150,135,,111,,,152,,,117,98
2015-09-24 19:00:00,133,104,124,129,,99,,,149,,,103,102
2015-09-24 20:00:00,108,94,148,88,,96,,,81,,,108,72
2015-09-24 21:00:00,101,108,145,102,,103,,,109,,,98,79
2015-09-24 22:00:00,97,100,125,91,,91,,,80,,,98,83
2015-09-24 23:00:00,87,108,153,97,,115,,,86,,,89,65
2015-09-25 00:00:00,89,112,164,104,,122,,,78,,,101,66
2015-09-25 01:00:00,69,102,150,95,,123,,,63,,,125,74
2015-09-25 02:00:00,40,90,146,99,,109,,,62,,,145,74
2015-09-25 03:00:00,40,93,129,110,,122,,,65,,,153,88
2015-09-25 04:00:00,33,61,97,106,,58,,,54,,,159,110
2015-09-25 05:00:00,339,352,359,300,,345,,,301,,,201,151
2015-09-25 06:00:00,221,351,351,297,,316,,,267,,,346,231
2015-09-25 07:00:00,210,343,10,317,,317,,,347,,,313,124
2015-09-25 08:00:00,214,307,352,330,,315,,,301,,,289,310
2015-09-25 09:00:00,306,326,340,327,,325,,,274,,,337,266
2015-09-25 10:00:00,341,323,357,348,,28,,,7,,,95,87
2015-09-25 11:00:00,42,359,24,43,,48,,,49,,,114,91
2015-09-25 12:00:00,31,21,3,96,,61,,,76,,,108,72
2015-09-25 13:00:00,38,342,348,35,,44,,,147,,,119,69
2015-09-25 14:00:00,15,352,39,58,,31,,,100,,,106,55
2015-09-25 15:00:00,6,33,357,24,,28,,,36,,,93,48
2015-09-25 16:00:00,37,18,30,65,,51,,,32,,,84,35
2015-09-25 17:00:00,62,28,19,59,,39,,,50,,,66,64
2015-09-25 18:00:00,72,44,87,85,,63,,,119,,,93,94
2015-09-25 19:00:00,85,88,117,96,,109,,,99,,,86,87
2015-09-25 20:00:00,111,109,165,120,,137,,,87,,,87,73
2015-09-25 21:00:00,127,103,166,116,,121,,,64,,,88,66
2015-09-25 22:00:00,102,103,158,118,,104,,,346,,,123,92
2015-09-25 23:00:00,95,61,112,174,,306,,,296,,,123,97
2015-09-26 00:00:00,66,352,343,252,,344,,,43,,,,115
2015-09-26 01:00:00,276,302,4,110,,328,,,235,,,132,150
2015-09-26 02:00:00,122,344,353,346,,35,,,56,,,180,191
2015-09-26 03:00:00,206,341,3,295,,310,,,229,,,46,174
2015-09-26 04:00:00,309,324,325,295,,272,,,210,,,24,176
2015-09-26 05:00:00,252,306,305,293,,285,,,271,,,315,196
2015-09-26 06:00:00,254,329,347,321,,236,,,265,,,271,272
2015-09-26 07:00:00,122,351,343,334,,356,,,310,,,0,234
2015-09-26 08:00:00,26,319,330,307,,319,,,316,,,29,90
2015-09-26 09:00:00,356,307,322,203,,139,,,265,,,96,80
2015-09-26 10:00:00,62,17,344,160,,82,,,19,,,102,90
2015-09-26 11:00:00,112,89,190,147,,111,,,58,,,121,78
2015-09-26 12:00:00,82,81,155,105,,115,,,61,,,109,90
2015-09-26 13:00:00,75,64,113,73,,90,,,81,,,79,70
2015-09-26 14:00:00,49,84,129,90,,115,,,92,,,265,41
2015-09-26 15:00:00,65,88,113,279,,94,,,112,,,313,274
2015-09-26 16:00:00,216,118,126,310,,114,,,85,,,44,266
2015-09-26 17:00:00,130,102,166,132,,90,,,115,,,119,110
2015-09-26 18:00:00,142,103,125,129,,112,,,126,,,103,97
2015-09-26 19:00:00,94,80,153,108,,102,,,79,,,110,65
2015-09-26 20:00:00,104,109,158,113,,130,,,87,,,128,64
2015-09-26 21:00:00,115,114,157,121,,111,,,324,,,138,69
2015-09-26 22:00:00,119,35,120,32,,350,,,328,,,270,192
2015-09-26 23:00:00,128,42,54,314,,63,,,262,,,275,266
2015-09-27 00:00:00,37,21,348,298,,10,,,4,,,311,185
2015-09-27 01:00:00,3,7,14,312,,307,,,353,,,305,230
2015-09-27 02:00:00,80,333,313,291,,357,,,25,,,309,251
2015-09-27 03:00:00,13,321,317,313,,308,,,226,,,262,238
2015-09-27 04:00:00,220,309,323,313,,297,,,261,,,309,181
2015-09-27 05:00:00,272,318,318,293,,255,,,280,,,292,222
2015-09-27 06:00:00,286,327,322,325,,357,,,278,,,325,234
2015-09-27 07:00:00,61,300,315,343,,66,,,290,,,31,267
2015-09-27 08:00:00,47,336,328,303,,45,,,290,,,347,127
2015-09-27 09:00:00,61,310,348,303,,15,,,245,,,29,32
2015-09-27 10:00:00,20,311,1,21,,1,,,16,,,96,103
2015-09-27 11:00:00,87,350,6,92,,30,,,45,,,115,85
2015-09-27 12:00:00,21,18,324,240,,88,,,89,,,81,90
2015-09-27 13:00:00,71,34,12,114,,93,,,38,,,114,78
2015-09-27 14:00:00,19,18,9,49,,50,,,42,,,87,75
2015-09-27 15:00:00,30,2,38,65,,65,,,44,,,83,82
2015-09-27 16:00:00,34,32,144,64,,59,,,43,,,79,49
2015-09-27 17:00:00,62,56,112,81,,72,,,115,,,76,36
2015-09-27 18:00:00,72,68,132,89,,97,,,101,,,78,61
2015-09-27 19:00:00,104,93,128,112,,111,,,113,,,105,71
2015-09-27 20:00:00,123,86,146,109,,101,,,110,,,123,90
2015-09-27 21:00:00,129,96,151,109,,110,,,106,,,122,135
2015-09-27 22:00:00,100,91,154,107,,116,,,106,,,98,161
2015-09-27 23:00:00,128,89,150,113,,111,,,297,,,106,178
2015-09-28 00:00:00,142,79,107,122,,12,,,235,,,242,196
2015-09-28 01:00:00,223,10,89,260,,306,,,357,,,330,215
2015-09-28 02:00:00,232,11,28,283,,344,,,54,,,312,203
2015-09-28 03:00:00,17,337,55,324,,287,,,106,,,319,214
2015-09-28 04:00:00,304,326,356,327,,296,,,260,,,302,230
2015-09-28 05:00:00,285,284,335,312,,301,,,271,,,316,240
2015-09-28 06:00:00,265,289,324,318,,227,,,266,,,320,168
2015-09-28 07:00:00,219,310,330,324,,304,,,255,,,317,252
2015-09-28 08:00:00,234,303,330,322,,100,,,237,,,16,284
2015-09-28 09:00:00,22,19,338,285,,11,,,253,,,334,14
2015-09-28 10:00:00,360,31,293,185,,83,,,298,,,122,66
2015-09-28 11:00:00,48,84,171,147,,71,,,86,,,107,69
2015-09-28 12:00:00,72,134,150,130,,84,,,87,,,89,77
2015-09-28 13:00:00,102,71,179,137,,100,,,110,,,94,79
2015-09-28 14:00:00,110,51,186,141,,84,,,111,,,94,84
2015-09-28 15:00:00,48,77,149,113,,100,,,122,,,100,86
2015-09-28 16:00:00,110,98,166,103,,87,,,124,,,100,97
2015-09-28 17:00:00,135,87,155,123,,109,,,195,,,104,110
2015-09-28 18:00:00,122,116,159,147,,148,,,137,,,105,72
2015-09-28 19:00:00,101,104,145,127,,141,,,198,,,133,81
2015-09-28 20:00:00,90,81,147,109,,92,,,74,,,136,136
2015-09-28 21:00:00,38,85,135,115,,102,,,77,,,123,158
2015-09-28 22:00:00,28,67,113,75,,58,,,55,,,134,136
2015-09-28 23:00:00,348,30,126,277,,301,,,353,,,26,131
2015-09-29 00:00:00,330,356,109,270,,299,,,283,,,332,170
2015-09-29 01:00:00,263,2,83,297,,313,,,267,,,292,219
2015-09-29 02:00:00,318,358,345,311,,288,,,319,,,288,219
2015-09-29 03:00:00,298,293,311,306,,289,,,286,,,278,229
2015-09-29 04:00:00,223,309,324,322,,298,,,268,,,288,250
2015-09-29 05:00:00,189,298,312,319,,274,,,266,,,319,178
2015-09-29 06:00:00,227,264,315,341,,297,,,249,,,317,182
2015-09-29 07:00:00,213,282,315,347,,297,,,238,,,282,260
2015-09-29 08:00:00,228,245,324,327,,104,,,255,,,338,274
2015-09-29 09:00:00,201,277,333,347,,90,,,229,,,25,339
2015-09-29 10:00:00,94,307,326,123,,88,,,52,,,112,81
2015-09-29 11:00:00,100,340,311,120,,83,,,54,,,99,71
2015-09-29 12:00:00,93,353,9,117,,74,,,59,,,108,84
2015-09-29 13:00:00,87,9,166,110,,88,,,102,,,90,61
2015-09-29 14:00:00,94,5,106,118,,52,,,117,,,100,82
2015-09-29 15:00:00,83,49,140,69,,69,,,147,,,116,101
2015-09-29 16:00:00,87,61,127,96,,72,,,135,,,82,75
2015-09-29 17:00:00,99,99,149,116,,94,,,106,,,109,119
2015-09-29 18:00:00,118,103,148,106,,70,,,138,,,104,114
2015-09-29 19:00:00,114,92,114,96,,62,,,105,,,90,84
2015-09-29 20:00:00,104,93,117,109,,32,,,99,,,108,101
2015-09-29 21:00:00,84,100,151,102,,59,,,90,,,101,80
2015-09-29 22:00:00,106,100,154,101,,100,,,118,,,110,102
2015-09-29 23:00:00,120,,146,99,,55,,,92,,,92,92
2015-09-30 00:00:00,93,109,128,104,,90,,,79,,,120,91
2015-09-30 01:00:00,52,55,132,286,,342,,,298,,,142,148
2015-09-30 02:00:00,18,7,86,277,,305,,,21,,,110,162
2015-09-30 03:00:00,17,1,3,276,,310,,,50,,,135,130
2015-09-30 04:00:00,2,1,312,277,,299,,,138,,,116,149
2015-09-30 05:00:00,300,16,323,322,,295,,,238,,,167,164
2015-09-30 06:00:00,238,21,337,322,,285,,,238,,,293,204
2015-09-30 07:00:00,221,315,348,320,,305,,,250,,,305,240
2015-09-30 08:00:00,310,324,347,340,,3,,,255,,,313,218
2015-09-30 09:00:00,18,305,321,72,,38,,,225,,,100,86
2015-09-30 10:00:00,84,107,196,143,,112,,,127,,,99,70
2015-09-30 11:00:00,105,84,140,118,,99,,,58,,,83,65
2015-09-30 12:00:00,79,56,169,119,,81,,,71,,,108,84
2015-09-30 13:00:00,73,111,143,118,,102,,,114,,,90,69
2015-09-30 14:00:00,81,72,62,118,,86,,,118,,,91,67
2015-09-30 15:00:00,64,85,175,121,,96,,,112,,,75,66
2015-09-30 16:00:00,86,91,181,106,,90,,,124,,,86,87
2015-09-30 17:00:00,113,124,150,99,,77,,,155,,,112,120
2015-09-30 18:00:00,135,104,147,127,,87,,,145,,,110,109
2015-09-30 19:00:00,134,115,131,126,,102,,,182,,,97,101
2015-09-30 20:00:00,128,108,135,121,,91,,,301,,,102,92
2015-09-30 21:00:00,110,100,139,111,,83,,,252,,,99,74
2015-09-30 22:00:00,129,103,123,112,,85,,,262,,,124,86
2015-09-30 23:00:00,94,94,123,92,,103,,,87,,,134,125
2015-10-01 00:00:00,67,104,135,99,,109,,,67,,,128,81
2015-10-01 01:00:00,359,111,155,90,,97,,,89,,,123,118
2015-10-01 02:00:00,334,112,154,121,,112,,,47,,,113,149
2015-10-01 03:00:00,319,115,131,288,,92,,,106,,,30,127
2015-10-01 04:00:00,112,103,19,281,,331,,,251,,,337,155
2015-10-01 05:00:00,133,6,15,296,,2,,,230,,,306,158
2015-10-01 06:00:00,293,334,358,314,,318,,,252,,,295,237
2015-10-01 07:00:00,334,346,354,306,,35,,,46,,,8,243
2015-10-01 08:00:00,353,348,348,342,,36,,,222,,,335,247
2015-10-01 09:00:00,349,346,355,351,,51,,,170,,,145,88
2015-10-01 10:00:00,55,36,145,54,,80,,,88,,,98,88
2015-10-01 11:00:00,86,105,161,133,,99,,,78,,,110,85
2015-10-01 12:00:00,47,77,179,115,,87,,,106,,,100,65
2015-10-01 13:00:00,62,93,167,117,,119,,,106,,,77,48
2015-10-01 14:00:00,108,101,179,121,,106,,,148,,,86,64
2015-10-01 15:00:00,69,77,150,102,,110,,,135,,,97,80
2015-10-01 16:00:00,133,114,154,116,,115,,,135,,,118,116
2015-10-01 17:00:00,134,139,143,122,,122,,,148,,,110,113
2015-10-01 18:00:00,130,130,154,124,,126,,,152,,,103,112
2015-10-01 19:00:00,121,101,158,120,,104,,,131,,,117,123
2015-10-01 20:00:00,118,123,171,116,,120,,,128,,,117,126
2015-10-01 21:00:00,107,108,154,121,,117,,,92,,,139,159
2015-10-01 22:00:00,104,107,146,102,,113,,,69,,,147,152
2015-10-01 23:00:00,119,120,146,116,,109,,,234,,,130,164
2015-10-02 00:00:00,124,99,112,120,,314,,,231,,,187,220
2015-10-02 01:00:00,192,337,26,295,,283,,,348,,,283,215
2015-10-02 02:00:00,318,334,316,279,,275,,,51,,,294,172
2015-10-02 03:00:00,274,285,308,309,,282,,,221,,,297,218
2015-10-02 04:00:00,242,310,314,330,,276,,,207,,,314,205
2015-10-02 05:00:00,216,324,343,329,,254,,,264,,,288,174
2015-10-02 06:00:00,244,343,1,324,,289,,,264,,,220,188
2015-10-02 07:00:00,224,332,344,311,,289,,,253,,,258,255
2015-10-02 08:00:00,228,319,358,328,,329,,,249,,,287,54
2015-10-02 09:00:00,9,6,60,322,,50,,,230,,,138,80
2015-10-02 10:00:00,69,42,117,159,,87,,,67,,,106,77
2015-10-02 11:00:00,68,94,143,114,,102,,,75,,,88,65
2015-10-02 12:00:00,87,112,154,101,,107,,,85,,,76,68
2015-10-02 13:00:00,125,90,168,105,,103,,,80,,,79,74
2015-10-02 14:00:00,125,97,158,106,,111,,,85,,,87,64
2015-10-02 15:00:00,132,112,152,114,,116,,,110,,,97,94
2015-10-02 16:00:00,127,79,143,127,,93,,,131,,,103,100
2015-10-02 17:00:00,118,110,136,133,,99,,,152,,,114,98
2015-10-02 18:00:00,135,87,123,116,,92,,,132,,,104,109
2015-10-02 19:00:00,112,97,118,104,,101,,,108,,,103,109
2015-10-02 20:00:00,118,102,145,109,,101,,,112,,,101,93
2015-10-02 21:00:00,120,92,157,105,,108,,,102,,,98,69
2015-10-02 22:00:00,108,94,147,105,,106,,,84,,,112,61
2015-10-02 23:00:00,122,105,129,108,,113,,,87,,,113,76
2015-10-03 00:00:00,61,86,120,102,,107,,,69,,,133,118
2015-10-03 01:00:00,47,84,139,94,,113,,,68,,,132,95
2015-10-03 02:00:00,28,73,155,136,,116,,,70,,,130,100
2015-10-03 03:00:00,26,85,153,150,,99,,,71,,,137,104
2015-10-03 04:00:00,10,101,160,326,,103,,,79,,,113,103
2015-10-03 05:00:00,12,95,155,55,,92,,,80,,,87,105
2015-10-03 06:00:00,6,87,168,66,,104,,,79,,,76,114
2015-10-03 07:00:00,354,74,169,329,,79,,,61,,,118,115
2015-10-03 08:00:00,357,111,155,319,,83,,,52,,,150,103
2015-10-03 09:00:00,9,94,166,255,,82,,,30,,,124,80
2015-10-03 10:00:00,352,99,144,123,,92,,,61,,,105,78
2015-10-03 11:00:00,43,108,148,130,,105,,,83,,,107,70
2015-10-03 12:00:00,47,88,167,109,,105,,,86,,,99,75
2015-10-03 13:00:00,107,119,155,103,,115,,,86,,,82,63
2015-10-03 14:00:00,130,97,155,116,,101,,,116,,,78,67
2015-10-03 15:00:00,129,112,150,122,,130,,,125,,,85,76
2015-10-03 16:00:00,132,105,141,126,,106,,,142,,,85,81
2015-10-03 17:00:00,142,111,127,129,,104,,,147,,,95,91
2015-10-03 18:00:00,129,99,125,120,,94,,,120,,,95,87
2015-10-03 19:00:00,92,102,134,106,,94,,,111,,,103,92
2015-10-03 20:00:00,127,106,136,101,,,,,100,,,87,80
2015-10-03 21:00:00,111,107,139,98,,93,,,100,,,83,71
2015-10-03 22:00:00,114,105,141,101,,106,,,87,,,85,64
2015-10-03 23:00:00,100,83,129,99,,90,,,83,,,94,69
2015-10-04 00:00:00,82,83,115,101,,86,,,70,,,96,76
2015-10-04 01:00:00,54,64,113,107,,82,,,71,,,117,68
2015-10-04 02:00:00,36,84,125,125,,97,,,72,,,127,94
2015-10-04 03:00:00,39,80,142,112,,94,,,75,,,122,83
2015-10-04 04:00:00,53,101,136,99,,102,,,62,,,123,79
2015-10-04 05:00:00,48,77,102,91,,93,,,56,,,137,64
2015-10-04 06:00:00,41,88,118,114,,93,,,49,,,130,76
2015-10-04 07:00:00,28,80,117,120,,92,,,52,,,130,116
2015-10-04 08:00:00,21,98,129,160,,118,,,57,,,,111
2015-10-04 09:00:00,38,62,181,325,,129,,,66,,,,103
2015-10-04 10:00:00,18,50,150,206,,142,,,53,,,148,105
2015-10-04 11:00:00,33,83,156,298,,330,,,48,,,142,111
2015-10-04 12:00:00,9,4,155,174,,249,,,87,,,103,123
2015-10-04 13:00:00,316,293,175,190,,154,,,102,,,109,132
2015-10-04 14:00:00,239,177,191,121,,141,,,160,,,127,114
2015-10-04 15:00:00,256,170,159,133,,165,,,278,,,130,115
2015-10-04 16:00:00,37,134,172,119,,158,,,313,,,126,126
2015-10-04 17:00:00,56,118,187,113,,148,,,219,,,139,138
2015-10-04 18:00:00,136,134,190,127,,138,,,190,,,131,124
2015-10-04 19:00:00,126,130,191,153,,134,,,243,,,120,106
2015-10-04 20:00:00,115,138,176,136,,138,,,260,,,111,109
2015-10-04 21:00:00,114,88,115,119,,101,,,313,,,96,71
2015-10-04 22:00:00,94,68,120,85,,80,,,78,,,87,65
2015-10-04 23:00:00,79,75,119,96,,98,,,95,,,85,60
2015-10-05 00:00:00,77,102,142,106,,102,,,83,,,96,63
2015-10-05 01:00:00,74,93,139,105,,100,,,74,,,102,69
2015-10-05 02:00:00,64,93,116,111,,100,,,76,,,112,68
2015-10-05 03:00:00,50,68,115,123,,94,,,68,,,125,83
2015-10-05 04:00:00,47,58,112,99,,100,,,60,,,124,87
2015-10-05 05:00:00,60,59,107,106,,92,,,68,,,126,88
2015-10-05 06:00:00,52,104,160,117,,104,,,71,,,117,111
2015-10-05 07:00:00,46,98,167,136,,116,,,79,,,129,113
2015-10-05 08:00:00,0,86,184,223,,65,,,63,,,135,114
2015-10-05 09:00:00,350,354,245,295,,317,,,30,,,140,124
2015-10-05 10:00:00,248,41,4,308,,323,,,262,,,89,103
2015-10-05 11:00:00,31,350,170,306,,70,,,133,,,42,60
2015-10-05 12:00:00,88,90,176,119,,128,,,256,,,98,62
2015-10-05 13:00:00,101,98,176,113,,101,,,180,,,107,68
2015-10-05 14:00:00,90,94,174,103,,122,,,101,,,108,86
2015-10-05 15:00:00,108,113,188,129,,134,,,166,,,110,80
2015-10-05 16:00:00,142,134,198,144,,139,,,241,,,112,98
2015-10-05 17:00:00,117,153,189,140,,136,,,261,,,102,74
2015-10-05 18:00:00,106,179,185,132,,129,,,299,,,102,68
2015-10-05 19:00:00,100,191,178,116,,128,,,266,,,93,70
2015-10-05 20:00:00,72,183,160,112,,125,,,250,,,106,70
2015-10-05 21:00:00,104,209,61,112,,98,,,254,,,110,69
2015-10-05 22:00:00,111,358,80,116,,81,,,289,,,112,67
2015-10-05 23:00:00,116,342,168,117,,182,,,137,,,127,92
2015-10-06 00:00:00,116,201,210,119,,313,,,230,,,128,108
2015-10-06 01:00:00,102,120,132,119,,295,,,235,,,141,109
2015-10-06 02:00:00,82,96,114,107,,87,,,77,,,128,113
2015-10-06 03:00:00,54,84,129,123,,89,,,98,,,149,84
2015-10-06 04:00:00,27,72,127,124,,89,,,75,,,140,117
2015-10-06 05:00:00,134,81,118,149,,75,,,59,,,122,118
2015-10-06 06:00:00,102,79,114,182,,64,,,83,,,97,98
2015-10-06 07:00:00,64,115,159,199,,75,,,66,,,129,89
2015-10-06 08:00:00,28,131,171,237,,181,,,50,,,115,80
2015-10-06 09:00:00,69,139,162,163,,136,,,38,,,127,80
2015-10-06 10:00:00,99,156,178,128,,135,,,273,,,121,83
2015-10-06 11:00:00,88,223,160,123,,119,,,62,,,181,79
2015-10-06 12:00:00,68,66,156,121,,122,,,70,,,129,77
2015-10-06 13:00:00,70,91,167,117,,131,,,166,,,101,63
2015-10-06 14:00:00,111,100,177,122,,114,,,94,,,106,64
2015-10-06 15:00:00,111,100,178,135,,122,,,89,,,85,58
2015-10-06 16:00:00,121,116,185,147,,123,,,155,,,91,70
2015-10-06 17:00:00,121,136,183,147,,153,,,237,,,104,67
2015-10-06 18:00:00,114,126,180,130,,140,,,265,,,106,72
2015-10-06 19:00:00,106,111,179,128,,138,,,291,,,109,96
2015-10-06 20:00:00,106,120,173,127,,133,,,2,,,110,127
2015-10-06 21:00:00,125,105,114,122,,90,,,134,,,123,99
2015-10-06 22:00:00,98,73,113,100,,73,,,94,,,138,81
2015-10-06 23:00:00,56,86,119,101,,118,,,79,,,129,90
2015-10-07 00:00:00,52,88,153,121,,107,,,77,,,137,119
2015-10-07 01:00:00,68,88,147,104,,122,,,70,,,147,78
2015-10-07 02:00:00,44,101,151,119,,101,,,72,,,184,91
2015-10-07 03:00:00,357,97,147,147,,98,,,55,,,170,127
2015-10-07 04:00:00,51,94,113,110,,85,,,32,,,122,113
2015-10-07 05:00:00,45,83,109,267,,25,,,60,,,127,117
2015-10-07 06:00:00,0,355,15,275,,332,,,357,,,298,159
2015-10-07 07:00:00,17,6,13,253,,349,,,46,,,53,123
2015-10-07 08:00:00,17,352,15,226,,82,,,318,,,70,58
2015-10-07 09:00:00,,52,155,131,,98,,,166,,,60,84
2015-10-07 10:00:00,33,26,199,216,,63,,,19,,,94,105
2015-10-07 11:00:00,41,73,159,122,,75,,,88,,,133,80
2015-10-07 12:00:00,88,107,157,99,,104,,,98,,,94,56
2015-10-07 13:00:00,97,107,159,104,,105,,,100,,,104,75
2015-10-07 14:00:00,135,95,134,100,,103,,,98,,,101,87
2015-10-07 15:00:00,129,97,143,107,,117,,,101,,,106,86
2015-10-07 16:00:00,125,117,167,130,,131,,,95,,,95,78
2015-10-07 17:00:00,115,128,188,144,,135,,,218,,,95,74
2015-10-07 18:00:00,132,122,180,136,,135,,,134,,,100,75
2015-10-07 19:00:00,126,132,176,130,,131,,,115,,,120,66
2015-10-07 20:00:00,109,104,171,138,,132,,,112,,,128,65
2015-10-07 21:00:00,135,113,167,141,,121,,,114,,,125,83
2015-10-07 22:00:00,132,100,140,136,,111,,,110,,,114,89
2015-10-07 23:00:00,96,85,128,103,,93,,,65,,,122,79
2015-10-08 00:00:00,64,83,139,109,,94,,,62,,,132,71
2015-10-08 01:00:00,54,101,150,113,,105,,,72,,,138,84
2015-10-08 02:00:00,40,93,149,117,,102,,,80,,,137,104
2015-10-08 03:00:00,54,90,147,93,,87,,,67,,,147,98
2015-10-08 04:00:00,61,94,135,111,,75,,,65,,,135,86
2015-10-08 05:00:00,34,86,122,113,,68,,,67,,,146,115
2015-10-08 06:00:00,8,70,110,53,,80,,,55,,,107,128
2015-10-08 07:00:00,48,75,151,172,,49,,,46,,,99,100
2015-10-08 08:00:00,40,93,153,230,,43,,,48,,,117,93
2015-10-08 09:00:00,341,112,157,196,,97,,,24,,,69,98
2015-10-08 10:00:00,6,94,148,144,,80,,,65,,,100,96
2015-10-08 11:00:00,70,100,136,105,,90,,,81,,,103,67
2015-10-08 12:00:00,48,102,151,97,,87,,,88,,,107,59
2015-10-08 13:00:00,47,99,151,93,,95,,,80,,,107,51
2015-10-08 14:00:00,57,86,163,102,,94,,,83,,,96,62
2015-10-08 15:00:00,79,109,164,104,,106,,,66,,,82,64
2015-10-08 16:00:00,103,93,167,108,,113,,,61,,,92,60
2015-10-08 17:00:00,119,102,160,108,,118,,,62,,,123,82
2015-10-08 18:00:00,102,96,164,114,,115,,,285,,,129,108
2015-10-08 19:00:00,42,80,157,163,,62,,,61,,,177,136
2015-10-08 20:00:00,258,107,139,134,,121,,,84,,,138,106
2015-10-08 21:00:00,100,100,143,113,,104,,,56,,,147,79
2015-10-08 22:00:00,85,106,159,129,,97,,,89,,,129,99
2015-10-08 23:00:00,130,111,153,123,,82,,,64,,,108,75
2015-10-09 00:00:00,119,109,143,255,,74,,,46,,,185,88
2015-10-09 01:00:00,9,73,104,237,,131,,,55,,,264,193
2015-10-09 02:00:00,333,52,191,291,,343,,,244,,,264,182
2015-10-09 03:00:00,49,98,173,193,,52,,,51,,,89,98
2015-10-09 04:00:00,74,294,131,173,,80,,,218,,,127,108
2015-10-09 05:00:00,283,358,189,321,,301,,,347,,,296,313
2015-10-09 06:00:00,324,313,347,282,,355,,,227,,,153,166
2015-10-09 07:00:00,341,320,2,310,,320,,,236,,,251,144
2015-10-09 08:00:00,353,340,8,337,,49,,,356,,,88,95
2015-10-09 09:00:00,23,325,17,274,,157,,,20,,,95,94
2015-10-09 10:00:00,73,334,5,160,,99,,,101,,,95,102
2015-10-09 11:00:00,125,218,14,129,,135,,,171,,,90,109
2015-10-09 12:00:00,125,174,345,133,,157,,,159,,,74,80
2015-10-09 13:00:00,,170,18,122,,113,,,219,,,91,91
2015-10-09 14:00:00,105,162,179,132,,148,,,109,,,97,79
2015-10-09 15:00:00,103,117,171,124,,146,,,86,,,102,80
2015-10-09 16:00:00,90,102,161,114,,101,,,95,,,108,96
2015-10-09 17:00:00,78,100,159,129,,115,,,91,,,111,77
2015-10-09 18:00:00,86,90,159,112,,101,,,79,,,113,74
2015-10-09 19:00:00,79,100,173,110,,111,,,98,,,101,65
2015-10-09 20:00:00,131,102,174,111,,104,,,135,,,93,67
2015-10-09 21:00:00,95,93,169,83,,29,,,72,,,107,65
2015-10-09 22:00:00,56,66,205,21,,12,,,40,,,123,59
2015-10-09 23:00:00,9,314,331,35,,79,,,269,,,125,97
2015-10-10 00:00:00,26,336,5,48,,93,,,55,,,138,98
2015-10-10 01:00:00,123,358,41,157,,70,,,340,,,123,94
2015-10-10 02:00:00,34,327,354,349,,53,,,37,,,112,104
2015-10-10 03:00:00,28,315,346,270,,160,,,336,,,112,114
2015-10-10 04:00:00,104,333,348,66,,199,,,218,,,,120
2015-10-10 05:00:00,159,261,351,120,,276,,,222,,,133,81
2015-10-10 06:00:00,201,74,347,144,,8,,,147,,,91,116
2015-10-10 07:00:00,173,322,326,158,,94,,,106,,,192,107
2015-10-10 08:00:00,175,288,336,137,,100,,,343,,,82,100
2015-10-10 09:00:00,123,329,356,144,,120,,,224,,,124,83
2015-10-10 10:00:00,97,321,29,192,,46,,,340,,,109,86
2015-10-10 11:00:00,7,292,341,353,,80,,,31,,,117,101
2015-10-10 12:00:00,66,34,50,105,,74,,,123,,,112,79
2015-10-10 13:00:00,85,61,85,121,,95,,,95,,,111,75
2015-10-10 14:00:00,110,97,171,100,,109,,,132,,,107,87
2015-10-10 15:00:00,135,87,163,126,,87,,,102,,,116,101
2015-10-10 16:00:00,136,81,154,119,,108,,,129,,,112,90
2015-10-10 17:00:00,131,114,154,109,,113,,,118,,,92,72
2015-10-10 18:00:00,126,101,168,121,,122,,,103,,,107,79
2015-10-10 19:00:00,124,120,161,117,,118,,,127,,,105,74
2015-10-10 20:00:00,105,90,150,138,,98,,,149,,,149,100
2015-10-10 21:00:00,122,74,152,126,,75,,,258,,,134,123
2015-10-10 22:00:00,122,101,148,129,,116,,,339,,,126,136
2015-10-10 23:00:00,78,112,163,142,,298,,,274,,,147,136
2015-10-11 00:00:00,96,94,133,128,,316,,,156,,,136,184
2015-10-11 01:00:00,10,50,97,106,,55,,,90,,,348,172
2015-10-11 02:00:00,2,34,133,300,,61,,,60,,,293,142
2015-10-11 03:00:00,334,337,109,295,,302,,,28,,,340,144
2015-10-11 04:00:00,252,338,353,292,,278,,,248,,,52,226
2015-10-11 05:00:00,224,334,332,315,,257,,,288,,,287,259
2015-10-11 06:00:00,218,334,322,322,,286,,,247,,,313,228
2015-10-11 07:00:00,233,286,339,329,,65,,,265,,,291,269
2015-10-11 08:00:00,319,300,340,331,,114,,,264,,,37,240
2015-10-11 09:00:00,23,307,352,158,,335,,,221,,,323,238
2015-10-11 10:00:00,62,109,134,140,,66,,,86,,,86,79
2015-10-11 11:00:00,67,79,180,130,,85,,,84,,,39,93
2015-10-11 12:00:00,53,73,149,132,,96,,,95,,,61,57
2015-10-11 13:00:00,76,71,162,129,,101,,,93,,,92,69
2015-10-11 14:00:00,60,65,153,130,,95,,,106,,,100,72
2015-10-11 15:00:00,77,70,135,96,,114,,,106,,,99,50
2015-10-11 16:00:00,123,91,125,102,,105,,,108,,,102,94
2015-10-11 17:00:00,141,101,132,107,,99,,,101,,,110,87
2015-10-11 18:00:00,134,119,145,130,,115,,,116,,,111,88
2015-10-11 19:00:00,130,114,142,137,,124,,,136,,,153,132
2015-10-11 20:00:00,108,93,111,130,,201,,,279,,,195,172
2015-10-11 21:00:00,173,61,131,92,,303,,,345,,,280,226
2015-10-11 22:00:00,171,71,119,130,,72,,,179,,,315,261
2015-10-11 23:00:00,214,68,126,294,,58,,,221,,,322,242
2015-10-12 00:00:00,91,36,102,294,,307,,,22,,,285,209
2015-10-12 01:00:00,319,18,112,299,,299,,,135,,,300,190
2015-10-12 02:00:00,335,6,103,305,,304,,,134,,,296,184
2015-10-12 03:00:00,296,307,5,313,,311,,,251,,,323,190
2015-10-12 04:00:00,286,295,310,321,,301,,,264,,,275,250
2015-10-12 05:00:00,235,266,341,343,,131,,,267,,,290,227
2015-10-12 06:00:00,252,296,323,279,,152,,,262,,,302,243
2015-10-12 07:00:00,321,284,315,327,,81,,,253,,,42,239
2015-10-12 08:00:00,27,321,297,330,,68,,,254,,,329,265
2015-10-12 09:00:00,41,126,314,316,,94,,,247,,,148,263
2015-10-12 10:00:00,61,53,312,342,,97,,,245,,,131,244
2015-10-12 11:00:00,66,59,319,297,,23,,,63,,,273,291
2015-10-12 12:00:00,325,52,332,286,,304,,,90,,,296,293
2015-10-12 13:00:00,316,325,5,319,,327,,,107,,,327,315
2015-10-12 14:00:00,313,319,8,333,,346,,,65,,,330,331
2015-10-12 15:00:00,52,56,344,324,,8,,,109,,,343,323
2015-10-12 16:00:00,126,74,161,85,,353,,,86,,,355,70
2015-10-12 17:00:00,114,93,157,130,,115,,,114,,,138,114
2015-10-12 18:00:00,103,104,149,113,,126,,,105,,,130,90
2015-10-12 19:00:00,102,91,141,133,,107,,,259,,,148,83
2015-10-12 20:00:00,82,69,139,131,,308,,,318,,,163,132
2015-10-12 21:00:00,295,38,108,95,,291,,,228,,,163,142
2015-10-12 22:00:00,201,55,129,267,,26,,,216,,,25,169
2015-10-12 23:00:00,241,17,116,291,,304,,,215,,,138,210
2015-10-13 00:00:00,281,7,74,301,,301,,,255,,,173,139
2015-10-13 01:00:00,288,342,328,302,,271,,,252,,,318,233
2015-10-13 02:00:00,242,269,304,304,,283,,,251,,,230,262
2015-10-13 03:00:00,220,223,309,325,,261,,,250,,,302,262
2015-10-13 04:00:00,210,360,327,326,,102,,,257,,,288,271
2015-10-13 05:00:00,252,276,317,325,,46,,,244,,,270,232
2015-10-13 06:00:00,280,149,332,322,,103,,,245,,,290,248
2015-10-13 07:00:00,240,354,325,330,,104,,,258,,,281,221
2015-10-13 08:00:00,172,310,8,319,,349,,,13,,,59,80
2015-10-13 09:00:00,99,321,5,86,,58,,,37,,,131,
2015-10-13 10:00:00,72,326,6,205,,126,,,356,,,115,95
2015-10-13 11:00:00,106,333,5,210,,33,,,167,,,100,87
2015-10-13 12:00:00,61,347,33,39,,53,,,55,,,99,64
2015-10-13 13:00:00,81,27,117,127,,71,,,93,,,106,72
2015-10-13 14:00:00,106,356,156,133,,38,,,95,,,115,98
2015-10-13 15:00:00,66,55,165,131,,71,,,143,,,106,117
2015-10-13 16:00:00,89,55,106,53,,72,,,87,,,93,66
2015-10-13 17:00:00,77,79,121,96,,93,,,75,,,81,66
2015-10-13 18:00:00,111,101,161,117,,126,,,108,,,78,73
2015-10-13 19:00:00,151,152,174,147,,139,,,182,,,107,72
2015-10-13 20:00:00,112,179,163,114,,137,,,248,,,101,98
2015-10-13 21:00:00,111,129,83,123,,302,,,187,,,101,195
2015-10-13 22:00:00,108,10,63,193,,34,,,59,,,147,123
2015-10-13 23:00:00,100,50,93,139,,72,,,71,,,99,108
2015-10-14 00:00:00,93,320,298,171,,18,,,193,,,102,99
2015-10-14 01:00:00,192,260,304,304,,301,,,223,,,95,117
2015-10-14 02:00:00,244,280,317,299,,291,,,249,,,24,239
2015-10-14 03:00:00,227,274,299,313,,273,,,247,,,289,215
2015-10-14 04:00:00,236,226,307,324,,293,,,268,,,274,223
2015-10-14 05:00:00,292,179,349,331,,249,,,255,,,304,186
2015-10-14 06:00:00,300,157,345,338,,187,,,233,,,271,163
2015-10-14 07:00:00,218,94,317,330,,140,,,228,,,331,133
2015-10-14 08:00:00,29,53,12,337,,84,,,254,,,81,87
2015-10-14 09:00:00,76,29,71,61,,75,,,266,,,121,93
2015-10-14 10:00:00,84,65,138,122,,97,,,62,,,96,74
2015-10-14 11:00:00,93,87,138,106,,99,,,79,,,94,75
2015-10-14 12:00:00,117,114,140,104,,109,,,94,,,89,68
2015-10-14 13:00:00,130,95,160,106,,100,,,101,,,97,83
2015-10-14 14:00:00,134,112,146,111,,103,,,130,,,101,92
2015-10-14 15:00:00,138,97,130,119,,102,,,130,,,104,93
2015-10-14 16:00:00,142,75,128,118,,99,,,145,,,107,100
2015-10-14 17:00:00,140,88,128,105,,96,,,150,,,112,115
2015-10-14 18:00:00,111,84,119,101,,94,,,131,,,116,111
2015-10-14 19:00:00,129,104,116,115,,101,,,129,,,99,123
2015-10-14 20:00:00,118,80,134,95,,102,,,97,,,87,100
2015-10-14 21:00:00,122,99,116,105,,89,,,99,,,109,97
2015-10-14 22:00:00,98,75,128,99,,102,,,79,,,132,84
2015-10-14 23:00:00,84,76,116,114,,108,,,66,,,139,67
2015-10-15 00:00:00,48,76,115,146,,89,,,87,,,130,100
2015-10-15 01:00:00,10,54,115,282,,11,,,47,,,119,149
2015-10-15 02:00:00,7,49,109,254,,1,,,52,,,104,133
2015-10-15 03:00:00,8,55,93,241,,41,,,64,,,103,112
2015-10-15 04:00:00,7,22,49,281,,342,,,158,,,69,117
2015-10-15 05:00:00,357,4,6,261,,313,,,227,,,292,222
2015-10-15 06:00:00,301,302,334,281,,320,,,246,,,307,241
2015-10-15 07:00:00,275,309,330,284,,320,,,331,,,323,249
2015-10-15 08:00:00,318,334,2,297,,3,,,327,,,306,253
2015-10-15 09:00:00,4,344,43,327,,58,,,333,,,26,264
2015-10-15 10:00:00,11,25,73,238,,77,,,48,,,111,87
2015-10-15 11:00:00,62,90,131,108,,103,,,57,,,98,67
2015-10-15 12:00:00,57,87,155,111,,109,,,85,,,94,63
2015-10-15 13:00:00,112,96,142,101,,95,,,107,,,87,67
2015-10-15 14:00:00,126,88,155,111,,100,,,118,,,88,74
2015-10-15 15:00:00,134,102,119,120,,99,,,125,,,93,82
2015-10-15 16:00:00,141,80,129,130,,97,,,134,,,93,95
2015-10-15 17:00:00,137,82,140,109,,94,,,141,,,108,106
2015-10-15 18:00:00,139,93,149,127,,100,,,141,,,107,106
2015-10-15 19:00:00,127,115,142,120,,104,,,128,,,101,101
2015-10-15 20:00:00,136,116,148,110,,111,,,121,,,89,103
2015-10-15 21:00:00,146,125,159,103,,114,,,118,,,88,65
2015-10-15 22:00:00,129,101,138,104,,111,,,79,,,108,73
2015-10-15 23:00:00,66,70,120,86,,95,,,69,,,114,66
2015-10-16 00:00:00,44,77,120,104,,103,,,81,,,132,93
2015-10-16 01:00:00,8,55,112,146,,98,,,70,,,123,109
2015-10-16 02:00:00,37,44,99,357,,44,,,63,,,122,97
2015-10-16 03:00:00,30,52,70,291,,41,,,56,,,134,101
2015-10-16 04:00:00,79,54,85,318,,50,,,207,,,122,117
2015-10-16 05:00:00,47,6,78,285,,28,,,192,,,114,130
2015-10-16 06:00:00,7,4,76,312,,30,,,160,,,140,148
2015-10-16 07:00:00,6,348,25,312,,348,,,244,,,61,206
2015-10-16 08:00:00,35,359,25,326,,20,,,357,,,118,344
2015-10-16 09:00:00,23,13,55,237,,79,,,42,,,119,84
2015-10-16 10:00:00,53,42,123,107,,85,,,58,,,100,71
2015-10-16 11:00:00,65,93,132,93,,94,,,70,,,91,58
2015-10-16 12:00:00,69,74,140,102,,109,,,86,,,77,60
2015-10-16 13:00:00,71,77,158,102,,110,,,108,,,96,84
2015-10-16 14:00:00,84,93,163,106,,119,,,110,,,97,98
2015-10-16 15:00:00,117,82,120,109,,122,,,101,,,93,90
2015-10-16 16:00:00,80,71,109,99,,104,,,105,,,84,69
2015-10-16 17:00:00,99,79,81,106,,75,,,98,,,91,82
2015-10-16 18:00:00,138,16,27,74,,27,,,82,,,104,93
2015-10-16 19:00:00,203,45,268,73,,311,,,135,,,121,95
2015-10-16 20:00:00,157,148,190,131,,121,,,142,,,103,83
2015-10-16 21:00:00,140,183,122,116,,122,,,343,,,133,246
2015-10-16 22:00:00,138,82,122,117,,101,,,297,,,155,234
2015-10-16 23:00:00,105,119,178,124,,113,,,92,,,117,88
2015-10-17 00:00:00,99,110,108,120,,102,,,303,,,98,129
2015-10-17 01:00:00,102,47,134,145,,52,,,291,,,103,117
2015-10-17 02:00:00,79,54,80,157,,37,,,324,,,130,124
2015-10-17 03:00:00,66,43,64,101,,72,,,261,,,129,116
2015-10-17 04:00:00,99,22,29,108,,50,,,41,,,124,125
2015-10-17 05:00:00,89,33,58,113,,62,,,68,,,147,117
2015-10-17 06:00:00,88,7,19,88,,356,,,89,,,145,125
2015-10-17 07:00:00,125,6,344,99,,62,,,82,,,132,100
2015-10-17 08:00:00,78,22,9,98,,65,,,46,,,134,74
2015-10-17 09:00:00,92,56,112,88,,75,,,63,,,94,61
2015-10-17 10:00:00,105,79,153,91,,85,,,77,,,87,69
2015-10-17 11:00:00,81,89,167,99,,99,,,87,,,80,68
2015-10-17 12:00:00,74,115,163,101,,105,,,99,,,92,79
2015-10-17 13:00:00,132,99,127,117,,110,,,92,,,87,81
2015-10-17 14:00:00,128,97,129,114,,104,,,106,,,86,86
2015-10-17 15:00:00,126,100,122,115,,85,,,103,,,85,74
2015-10-17 16:00:00,119,60,114,112,,89,,,129,,,85,83
2015-10-17 17:00:00,117,96,141,109,,94,,,119,,,93,82
2015-10-17 18:00:00,91,114,137,108,,106,,,117,,,101,96
2015-10-17 19:00:00,87,114,167,108,,121,,,114,,,74,63
2015-10-17 20:00:00,104,137,202,127,,149,,,105,,,81,73
2015-10-17 21:00:00,165,176,201,100,,150,,,187,,,122,74
2015-10-17 22:00:00,136,21,74,122,,101,,,158,,,118,81
2015-10-17 23:00:00,92,36,92,127,,59,,,64,,,121,76
2015-10-18 00:00:00,34,83,105,113,,79,,,58,,,109,77
2015-10-18 01:00:00,37,104,156,117,,136,,,68,,,143,97
2015-10-18 02:00:00,37,72,141,128,,97,,,62,,,123,72
2015-10-18 03:00:00,69,93,162,118,,98,,,60,,,144,91
2015-10-18 04:00:00,8,81,156,119,,55,,,53,,,129,102
2015-10-18 05:00:00,319,47,42,306,,11,,,50,,,152,94
2015-10-18 06:00:00,332,16,93,284,,305,,,38,,,155,104
2015-10-18 07:00:00,351,32,122,139,,18,,,295,,,147,124
2015-10-18 08:00:00,61,74,137,113,,105,,,54,,,131,88
2015-10-18 09:00:00,71,88,147,96,,82,,,70,,,87,53
2015-10-18 10:00:00,69,82,154,100,,104,,,79,,,82,67
2015-10-18 11:00:00,125,78,170,90,,93,,,84,,,89,83
2015-10-18 12:00:00,100,78,162,96,,83,,,75,,,83,75
2015-10-18 13:00:00,101,115,140,101,,90,,,85,,,84,72
2015-10-18 14:00:00,102,96,133,105,,93,,,101,,,79,72
2015-10-18 15:00:00,116,101,124,102,,101,,,109,,,94,84
2015-10-18 16:00:00,127,100,129,103,,94,,,111,,,88,73
2015-10-18 17:00:00,110,105,147,102,,99,,,121,,,93,85
2015-10-18 18:00:00,132,100,149,106,,108,,,124,,,106,83
2015-10-18 19:00:00,129,119,159,121,,108,,,134,,,109,72
2015-10-18 20:00:00,132,102,120,131,,94,,,123,,,105,76
2015-10-18 21:00:00,85,83,130,97,,101,,,91,,,101,74
2015-10-18 22:00:00,90,79,139,101,,104,,,110,,,83,78
2015-10-18 23:00:00,80,88,141,101,,102,,,100,,,81,69
2015-10-19 00:00:00,97,85,142,,,100,,,80,,,86,68
2015-10-19 01:00:00,75,77,141,102,,101,,,74,,,87,64
2015-10-19 02:00:00,93,81,149,107,,104,,,75,,,91,68
2015-10-19 03:00:00,109,81,150,112,,102,,,84,,,96,69
2015-10-19 04:00:00,124,94,132,113,,78,,,79,,,103,76
2015-10-19 05:00:00,65,94,122,110,,67,,,85,,,127,111
2015-10-19 06:00:00,69,86,129,105,,65,,,72,,,154,123
2015-10-19 07:00:00,54,75,142,91,,63,,,65,,,149,101
2015-10-19 08:00:00,43,54,119,117,,55,,,49,,,126,75
2015-10-19 09:00:00,28,62,122,109,,66,,,53,,,116,63
2015-10-19 10:00:00,49,82,149,107,,102,,,74,,,110,66
2015-10-19 11:00:00,54,91,145,116,,99,,,84,,,99,53
2015-10-19 12:00:00,69,84,132,106,,96,,,80,,,91,69
2015-10-19 13:00:00,103,95,130,106,,109,,,83,,,91,72
2015-10-19 14:00:00,122,92,152,112,,104,,,90,,,89,73
2015-10-19 15:00:00,125,107,152,110,,107,,,105,,,77,72
2015-10-19 16:00:00,136,120,170,114,,125,,,122,,,83,75
2015-10-19 17:00:00,123,137,177,134,,128,,,125,,,86,65
2015-10-19 18:00:00,114,124,174,123,,141,,,123,,,96,58
2015-10-19 19:00:00,107,114,156,117,,133,,,117,,,139,58
2015-10-19 20:00:00,99,106,146,111,,103,,,87,,,117,60
2015-10-19 21:00:00,81,99,144,106,,87,,,89,,,125,62
2015-10-19 22:00:00,98,110,127,99,,91,,,87,,,103,70
2015-10-19 23:00:00,79,95,138,99,,88,,,76,,,89,63
2015-10-20 00:00:00,57,94,131,94,,90,,,73,,,97,59
2015-10-20 01:00:00,42,101,146,98,,90,,,70,,,106,65
2015-10-20 02:00:00,55,111,143,110,,91,,,77,,,132,63
2015-10-20 03:00:00,39,86,141,117,,90,,,81,,,126,80
2015-10-20 04:00:00,49,71,119,133,,77,,,85,,,111,89
2015-10-20 05:00:00,47,81,145,140,,78,,,88,,,122,100
2015-10-20 06:00:00,38,83,147,135,,71,,,58,,,116,119
2015-10-20 07:00:00,77,81,150,141,,74,,,60,,,123,117
2015-10-20 08:00:00,48,88,157,135,,61,,,73,,,124,101
2015-10-20 09:00:00,350,90,158,109,,83,,,218,,,126,82
2015-10-20 10:00:00,322,87,158,88,,80,,,90,,,,67
2015-10-20 11:00:00,46,105,168,91,,93,,,95,,,112,48
2015-10-20 12:00:00,82,103,165,102,,101,,,88,,,87,67
2015-10-20 13:00:00,133,114,154,104,,109,,,101,,,96,87
2015-10-20 14:00:00,130,107,160,108,,104,,,89,,,115,99
2015-10-20 15:00:00,123,113,166,108,,116,,,116,,,91,69
2015-10-20 16:00:00,130,105,154,113,,129,,,126,,,90,68
2015-10-20 17:00:00,128,106,169,120,,116,,,124,,,87,69
2015-10-20 18:00:00,122,117,171,135,,126,,,142,,,110,72
2015-10-20 19:00:00,126,96,150,125,,113,,,136,,,110,75
2015-10-20 20:00:00,111,81,131,100,,96,,,81,,,119,92
2015-10-20 21:00:00,34,75,123,108,,112,,,77,,,125,90
2015-10-20 22:00:00,69,86,147,94,,118,,,76,,,116,69
2015-10-20 23:00:00,78,104,148,100,,113,,,83,,,117,63
2015-10-21 00:00:00,81,93,144,105,,111,,,73,,,123,86
2015-10-21 01:00:00,10,93,129,129,,105,,,79,,,141,106
2015-10-21 02:00:00,18,77,129,117,,91,,,70,,,156,120
2015-10-21 03:00:00,5,81,121,157,,78,,,85,,,143,116
2015-10-21 04:00:00,342,19,139,204,,349,,,333,,,54,127
2015-10-21 05:00:00,343,1,46,296,,20,,,243,,,88,123
2015-10-21 06:00:00,17,319,284,148,,48,,,99,,,123,104
2015-10-21 07:00:00,356,350,40,274,,14,,,33,,,119,92
2015-10-21 08:00:00,7,93,118,273,,44,,,74,,,102,90
2015-10-21 09:00:00,357,99,160,101,,100,,,92,,,112,97
2015-10-21 10:00:00,17,86,155,137,,167,,,85,,,118,91
2015-10-21 11:00:00,54,91,148,105,,125,,,91,,,124,96
2015-10-21 12:00:00,118,98,155,101,,109,,,88,,,105,81
2015-10-21 13:00:00,133,104,161,105,,116,,,100,,,78,70
2015-10-21 14:00:00,118,110,170,104,,113,,,114,,,85,75
2015-10-21 15:00:00,134,112,171,108,,117,,,122,,,90,88
2015-10-21 16:00:00,139,119,174,124,,124,,,148,,,94,89
2015-10-21 17:00:00,130,131,180,134,,120,,,156,,,96,85
2015-10-21 18:00:00,133,112,155,137,,108,,,155,,,103,78
2015-10-21 19:00:00,138,91,144,120,,93,,,126,,,96,76
2015-10-21 20:00:00,95,81,126,97,,96,,,88,,,101,67
2015-10-21 21:00:00,79,87,137,99,,102,,,93,,,79,66
2015-10-21 22:00:00,73,107,148,111,,103,,,84,,,86,58
2015-10-21 23:00:00,56,92,140,111,,103,,,78,,,90,46
2015-10-22 00:00:00,68,88,139,107,,105,,,74,,,111,55
2015-10-22 01:00:00,67,79,128,104,,99,,,69,,,105,63
2015-10-22 02:00:00,60,81,119,100,,85,,,72,,,111,73
2015-10-22 03:00:00,54,75,116,106,,85,,,71,,,126,102
2015-10-22 04:00:00,34,70,99,89,,59,,,61,,,140,87
2015-10-22 05:00:00,15,24,65,242,,38,,,74,,,5,140
2015-10-22 06:00:00,65,50,121,281,,46,,,66,,,209,186
2015-10-22 07:00:00,56,63,110,107,,54,,,64,,,153,115
2015-10-22 08:00:00,53,69,119,92,,63,,,59,,,111,84
2015-10-22 09:00:00,18,70,127,144,,70,,,51,,,64,104
2015-10-22 10:00:00,34,79,142,121,,73,,,83,,,113,101
2015-10-22 11:00:00,62,97,138,117,,77,,,101,,,105,103
2015-10-22 12:00:00,43,96,139,85,,88,,,95,,,112,102
2015-10-22 13:00:00,95,111,154,102,,97,,,110,,,123,85
2015-10-22 14:00:00,134,102,137,126,,120,,,111,,,105,83
2015-10-22 15:00:00,131,107,157,103,,101,,,118,,,93,72
2015-10-22 16:00:00,118,101,158,101,,113,,,100,,,101,66
2015-10-22 17:00:00,102,112,158,103,,108,,,82,,,105,73
2015-10-22 18:00:00,100,97,157,103,,99,,,94,,,131,72
2015-10-22 19:00:00,87,95,157,112,,109,,,89,,,123,57
2015-10-22 20:00:00,95,97,143,108,,120,,,92,,,111,70
2015-10-22 21:00:00,125,93,139,105,,96,,,87,,,109,66
2015-10-22 22:00:00,118,98,128,108,,93,,,91,,,139,68
2015-10-22 23:00:00,107,102,138,113,,93,,,84,,,127,70
2015-10-23 00:00:00,91,91,144,113,,98,,,69,,,124,70
2015-10-23 01:00:00,105,106,152,109,,111,,,70,,,121,74
2015-10-23 02:00:00,73,110,148,108,,103,,,73,,,143,71
2015-10-23 03:00:00,62,86,141,115,,104,,,82,,,118,82
2015-10-23 04:00:00,48,93,114,115,,96,,,76,,,136,77
2015-10-23 05:00:00,41,78,115,99,,78,,,74,,,149,119
2015-10-23 06:00:00,62,84,111,96,,80,,,68,,,137,84
2015-10-23 07:00:00,78,96,122,105,,88,,,67,,,130,82
2015-10-23 08:00:00,57,93,125,104,,98,,,69,,,124,64
2015-10-23 09:00:00,64,93,139,114,,87,,,63,,,126,86
2015-10-23 10:00:00,48,89,115,135,,92,,,71,,,116,94
2015-10-23 11:00:00,19,69,102,53,,95,,,61,,,98,93
2015-10-23 12:00:00,22,73,142,104,,93,,,79,,,108,90
2015-10-23 13:00:00,59,94,150,116,,94,,,82,,,113,77
2015-10-23 14:00:00,51,101,161,112,,130,,,83,,,112,87
2015-10-23 15:00:00,39,98,157,107,,111,,,91,,,117,78
2015-10-23 16:00:00,78,117,164,106,,120,,,103,,,102,79
2015-10-23 17:00:00,86,116,173,86,,114,,,75,,,119,71
2015-10-23 18:00:00,89,107,159,102,,109,,,97,,,131,89
2015-10-23 19:00:00,87,100,154,112,,134,,,68,,,142,88
2015-10-23 20:00:00,92,114,162,134,,178,,,105,,,145,128
2015-10-23 21:00:00,248,93,139,327,,74,,,49,,,81,147
2015-10-23 22:00:00,48,93,152,146,,85,,,71,,,109,130
2015-10-23 23:00:00,88,108,171,181,,97,,,93,,,243,135
2015-10-24 00:00:00,225,298,206,304,,112,,,111,,,78,229
2015-10-24 01:00:00,280,331,71,307,,279,,,6,,,287,255
2015-10-24 02:00:00,152,330,15,338,,107,,,326,,,248,237
2015-10-24 03:00:00,171,329,19,344,,69,,,304,,,232,244
2015-10-24 04:00:00,249,348,36,337,,295,,,322,,,298,264
2015-10-24 05:00:00,351,358,346,348,,255,,,294,,,286,237
2015-10-24 06:00:00,315,325,323,338,,255,,,281,,,304,252
2015-10-24 07:00:00,307,287,319,342,,266,,,262,,,236,252
2015-10-24 08:00:00,316,297,333,327,,287,,,269,,,309,268
2015-10-24 09:00:00,332,297,319,334,,285,,,256,,,314,281
2015-10-24 10:00:00,310,267,324,323,,242,,,265,,,314,277
2015-10-24 11:00:00,242,315,324,339,,262,,,247,,,319,219
2015-10-24 12:00:00,219,298,352,331,,322,,,237,,,63,150
2015-10-24 13:00:00,207,336,17,357,,359,,,33,,,73,140
2015-10-24 14:00:00,19,322,9,16,,358,,,65,,,125,80
2015-10-24 15:00:00,40,353,14,21,,11,,,32,,,129,96
2015-10-24 16:00:00,136,321,356,344,,339,,,181,,,124,88
2015-10-24 17:00:00,211,286,339,11,,274,,,214,,,290,225
2015-10-24 18:00:00,252,226,335,352,,242,,,240,,,192,284
2015-10-24 19:00:00,255,290,321,329,,281,,,251,,,278,280
2015-10-24 20:00:00,287,299,337,339,,284,,,250,,,301,242
2015-10-24 21:00:00,267,282,326,334,,300,,,263,,,271,241
2015-10-24 22:00:00,272,305,328,302,,264,,,282,,,309,258
2015-10-24 23:00:00,306,287,324,318,,268,,,272,,,285,283
2015-10-25 00:00:00,290,290,340,316,,314,,,274,,,287,276
2015-10-25 01:00:00,284,291,333,309,,297,,,277,,,291,282
2015-10-25 02:00:00,272,314,326,313,,296,,,280,,,301,270
2015-10-25 03:00:00,268,285,340,304,,285,,,291,,,302,270
2015-10-25 04:00:00,272,316,2,299,,293,,,297,,,304,267
2015-10-25 05:00:00,277,312,5,297,,311,,,297,,,301,276
2015-10-25 06:00:00,274,308,7,298,,293,,,305,,,295,280
2015-10-25 07:00:00,296,313,1,299,,295,,,297,,,279,258
2015-10-25 08:00:00,288,293,347,288,,314,,,297,,,283,277
2015-10-25 09:00:00,274,286,345,287,,299,,,303,,,279,268
2015-10-25 10:00:00,294,317,349,292,,284,,,297,,,287,280
2015-10-25 11:00:00,292,283,347,286,,280,,,294,,,300,291
2015-10-25 12:00:00,297,296,355,287,,305,,,302,,,293,278
2015-10-25 13:00:00,311,319,5,285,,300,,,308,,,305,295
2015-10-25 14:00:00,315,332,8,291,,308,,,336,,,320,301
2015-10-25 15:00:00,317,342,10,300,,328,,,7,,,325,294
2015-10-25 16:00:00,318,352,14,316,,357,,,15,,,322,296
2015-10-25 17:00:00,14,351,14,354,,10,,,32,,,301,288
2015-10-25 18:00:00,47,322,15,16,,265,,,32,,,64,100
2015-10-25 19:00:00,102,323,6,102,,263,,,84,,,90,88
2015-10-25 20:00:00,130,321,8,151,,204,,,182,,,116,97
2015-10-25 21:00:00,138,303,5,142,,264,,,100,,,94,118
2015-10-25 22:00:00,181,322,2,117,,307,,,78,,,213,181
2015-10-25 23:00:00,126,324,10,117,,61,,,135,,,198,163
2015-10-26 00:00:00,109,302,320,169,,199,,,134,,,,107
2015-10-26 01:00:00,132,316,352,124,,134,,,118,,,114,118
2015-10-26 02:00:00,165,301,353,139,,271,,,110,,,222,217
2015-10-26 03:00:00,178,290,346,117,,275,,,150,,,196,202
2015-10-26 04:00:00,216,288,347,98,,305,,,261,,,134,238
2015-10-26 05:00:00,232,282,332,266,,258,,,226,,,,168
2015-10-26 06:00:00,217,323,337,98,,270,,,191,,,259,159
2015-10-26 07:00:00,145,316,347,82,,343,,,247,,,73,135
2015-10-26 08:00:00,91,327,352,104,,331,,,279,,,56,354
2015-10-26 09:00:00,35,342,3,344,,345,,,335,,,355,227
2015-10-26 10:00:00,66,333,359,9,,26,,,37,,,10,74
2015-10-26 11:00:00,29,354,7,344,,51,,,45,,,94,81
2015-10-26 12:00:00,60,21,6,256,,33,,,104,,,99,91
2015-10-26 13:00:00,113,22,19,206,,42,,,96,,,102,113
2015-10-26 14:00:00,100,360,33,359,,50,,,67,,,104,112
2015-10-26 15:00:00,100,22,39,64,,70,,,128,,,110,116
2015-10-26 16:00:00,88,42,52,71,,65,,,132,,,113,117
2015-10-26 17:00:00,96,37,72,76,,63,,,97,,,116,114
2015-10-26 18:00:00,118,88,149,56,,34,,,128,,,123,110
2015-10-26 19:00:00,81,90,157,86,,85,,,208,,,136,97
2015-10-26 20:00:00,74,97,155,94,,116,,,159,,,145,126
2015-10-26 21:00:00,109,105,163,96,,122,,,227,,,,125
2015-10-26 22:00:00,125,93,149,290,,296,,,208,,,311,172
2015-10-26 23:00:00,192,123,144,302,,290,,,16,,,306,230
2015-10-27 00:00:00,211,50,15,306,,276,,,221,,,312,228
2015-10-27 01:00:00,254,325,338,320,,284,,,241,,,293,224
2015-10-27 02:00:00,225,287,318,328,,276,,,241,,,301,239
2015-10-27 03:00:00,216,275,289,341,,218,,,237,,,268,246
2015-10-27 04:00:00,211,178,270,341,,174,,,239,,,242,266
2015-10-27 05:00:00,212,178,339,316,,223,,,235,,,,215
2015-10-27 06:00:00,277,306,334,307,,252,,,241,,,249,186
2015-10-27 07:00:00,232,247,292,324,,299,,,213,,,313,210
2015-10-27 08:00:00,5,83,333,333,,105,,,244,,,302,285
2015-10-27 09:00:00,341,97,80,294,,90,,,33,,,8,103
2015-10-27 10:00:00,55,91,141,7,,103,,,88,,,69,90
2015-10-27 11:00:00,34,91,169,101,,142,,,91,,,102,85
2015-10-27 12:00:00,78,100,184,144,,126,,,93,,,93,82
2015-10-27 13:00:00,57,69,159,181,,122,,,95,,,73,81
2015-10-27 14:00:00,107,73,139,167,,125,,,104,,,103,86
2015-10-27 15:00:00,74,93,155,132,,128,,,96,,,106,89
2015-10-27 16:00:00,82,103,171,121,,116,,,107,,,107,63
2015-10-27 17:00:00,122,123,172,128,,139,,,262,,,153,98
2015-10-27 18:00:00,124,117,151,118,,140,,,143,,,181,117
2015-10-27 19:00:00,123,93,152,116,,121,,,279,,,,147
2015-10-27 20:00:00,109,88,135,284,,143,,,269,,,65,145
2015-10-27 21:00:00,242,70,117,301,,27,,,209,,,334,175
2015-10-27 22:00:00,221,72,96,310,,284,,,246,,,,234
2015-10-27 23:00:00,215,23,29,303,,260,,,244,,,323,237
2015-10-28 00:00:00,226,5,28,313,,199,,,248,,,,239
2015-10-28 01:00:00,225,330,333,314,,219,,,252,,,305,181
2015-10-28 02:00:00,220,330,327,335,,298,,,264,,,,195
2015-10-28 03:00:00,255,285,313,318,,285,,,251,,,,220
2015-10-28 04:00:00,256,235,299,319,,249,,,263,,,249,215
2015-10-28 05:00:00,236,213,290,324,,281,,,245,,,277,203
2015-10-28 06:00:00,218,238,325,328,,154,,,249,,,287,178
2015-10-28 07:00:00,295,333,337,334,,161,,,246,,,,177
2015-10-28 08:00:00,3,58,318,330,,131,,,236,,,,269
2015-10-28 09:00:00,345,348,329,331,,111,,,231,,,,257
2015-10-28 10:00:00,11,268,331,324,,101,,,243,,,66,250
2015-10-28 11:00:00,10,305,342,2,,70,,,80,,,124,96
2015-10-28 12:00:00,34,313,8,41,,78,,,127,,,76,87
2015-10-28 13:00:00,104,352,30,6,,33,,,65,,,,99
2015-10-28 14:00:00,92,28,48,87,,47,,,88,,,124,105
2015-10-28 15:00:00,89,42,45,116,,54,,,119,,,,128
2015-10-28 16:00:00,101,14,59,78,,45,,,114,,,128,132
2015-10-28 17:00:00,104,66,136,16,,20,,,120,,,108,103
2015-10-28 18:00:00,30,29,89,29,,322,,,40,,,,44
2015-10-28 19:00:00,349,326,4,34,,247,,,315,,,124,110
2015-10-28 20:00:00,352,282,304,56,,117,,,263,,,119,116
2015-10-28 21:00:00,46,304,298,232,,138,,,227,,,120,118
2015-10-28 22:00:00,119,312,342,208,,133,,,219,,,,122
2015-10-28 23:00:00,88,313,340,276,,172,,,224,,,139,114
2015-10-29 00:00:00,109,278,321,241,,238,,,239,,,152,119
2015-10-29 01:00:00,132,285,311,230,,267,,,235,,,142,108
2015-10-29 02:00:00,221,296,332,148,,225,,,227,,,228,135
2015-10-29 03:00:00,167,298,337,264,,237,,,238,,,313,225
2015-10-29 04:00:00,233,293,343,329,,237,,,221,,,255,241
2015-10-29 05:00:00,217,283,332,304,,245,,,249,,,258,248
2015-10-29 06:00:00,221,240,303,326,,288,,,243,,,252,247
2015-10-29 07:00:00,229,162,313,344,,289,,,254,,,274,244
2015-10-29 08:00:00,233,222,354,331,,82,,,320,,,8,287
2015-10-29 09:00:00,350,360,6,12,,92,,,109,,,21,257
2015-10-29 10:00:00,41,30,0,112,,92,,,107,,,72,120
2015-10-29 11:00:00,90,85,183,149,,107,,,92,,,99,76
2015-10-29 12:00:00,67,91,165,123,,103,,,94,,,93,79
2015-10-29 13:00:00,53,83,164,114,,105,,,103,,,104,67
2015-10-29 14:00:00,58,96,153,107,,103,,,96,,,93,63
2015-10-29 15:00:00,88,95,160,106,,102,,,,,,103,73
2015-10-29 16:00:00,114,80,156,102,,97,,,89,,,115,83
2015-10-29 17:00:00,113,111,150,102,,98,,,102,,,125,92
2015-10-29 18:00:00,101,106,136,114,,117,,,210,,,128,73
2015-10-29 19:00:00,107,113,148,105,,106,,,76,,,143,71
2015-10-29 20:00:00,100,92,149,111,,111,,,66,,,109,77
2015-10-29 21:00:00,73,97,132,111,,338,,,46,,,143,100
2015-10-29 22:00:00,95,98,146,139,,309,,,281,,,144,122
2015-10-29 23:00:00,51,101,101,258,,280,,,316,,,124,125
2015-10-30 00:00:00,356,100,150,237,,77,,,55,,,316,129
2015-10-30 01:00:00,7,85,120,268,,52,,,100,,,68,145
2015-10-30 02:00:00,292,118,149,307,,337,,,245,,,,230
2015-10-30 03:00:00,121,123,159,123,,92,,,186,,,,142
2015-10-30 04:00:00,61,104,159,355,,75,,,318,,,,168
2015-10-30 05:00:00,1,91,155,317,,49,,,343,,,245,163
2015-10-30 06:00:00,270,89,152,231,,71,,,28,,,266,232
2015-10-30 07:00:00,355,98,165,260,,81,,,77,,,,188
2015-10-30 08:00:00,115,118,156,166,,120,,,77,,,,128
2015-10-30 09:00:00,255,224,304,289,,203,,,277,,,311,243
2015-10-30 10:00:00,262,220,317,332,,256,,,238,,,289,279
2015-10-30 11:00:00,205,358,14,343,,276,,,248,,,299,257
2015-10-30 12:00:00,170,84,77,124,,120,,,149,,,40,66
2015-10-30 13:00:00,87,96,161,124,,124,,,109,,,103,66
2015-10-30 14:00:00,42,90,138,121,,92,,,66,,,104,65
2015-10-30 15:00:00,21,33,60,143,,182,,,56,,,,71
2015-10-30 16:00:00,8,31,62,224,,85,,,39,,,144,112
2015-10-30 17:00:00,44,55,95,246,,80,,,105,,,,137
2015-10-30 18:00:00,54,34,82,178,,63,,,70,,,,135
2015-10-30 19:00:00,45,22,87,239,,358,,,89,,,,128
2015-10-30 20:00:00,256,37,184,286,,25,,,113,,,314,187
2015-10-30 21:00:00,249,62,137,287,,236,,,91,,,,211
2015-10-30 22:00:00,297,329,312,316,,286,,,190,,,271,162
2015-10-30 23:00:00,246,266,301,301,,270,,,256,,,,230
2015-10-31 00:00:00,260,285,314,328,,292,,,261,,,,189
2015-10-31 01:00:00,230,279,310,314,,297,,,262,,,329,241
2015-10-31 02:00:00,225,282,307,327,,270,,,264,,,270,252
2015-10-31 03:00:00,172,279,295,265,,356,,,292,,,264,251
2015-10-31 04:00:00,156,288,353,355,,272,,,294,,,,244
2015-10-31 05:00:00,246,345,334,126,,103,,,143,,,258,93
2015-10-31 06:00:00,94,352,4,130,,132,,,70,,,,93
2015-10-31 07:00:00,117,3,19,165,,149,,,78,,,,92
2015-10-31 08:00:00,118,357,23,177,,129,,,98,,,,97
2015-10-31 09:00:00,101,358,13,177,,154,,,87,,,88,84
2015-10-31 10:00:00,102,12,13,176,,31,,,127,,,,97
2015-10-31 11:00:00,44,28,19,86,,35,,,60,,,,99
2015-10-31 12:00:00,117,57,39,23,,63,,,90,,,,112
2015-10-31 13:00:00,144,64,32,97,,75,,,148,,,98,98
2015-10-31 14:00:00,226,289,16,148,,55,,,236,,,144,125
2015-10-31 15:00:00,237,242,304,97,,153,,,206,,,81,227
2015-10-31 16:00:00,193,187,278,105,,246,,,237,,,294,210
2015-10-31 17:00:00,213,127,357,29,,272,,,233,,,,191
2015-10-31 18:00:00,272,343,346,356,,320,,,279,,,275,213
2015-10-31 19:00:00,195,311,346,320,,231,,,263,,,,214
2015-10-31 20:00:00,190,311,327,24,,250,,,237,,,,205
2015-10-31 21:00:00,221,292,352,319,,260,,,241,,,,251
2015-10-31 22:00:00,223,357,348,325,,294,,,295,,,,241
2015-10-31 23:00:00,168,32,331,11,,45,,,282,,,167,204
2015-11-01 00:00:00,239,308,292,102,,127,,,180,,,113,148
2015-11-01 01:00:00,250,300,324,319,,190,,,232,,,273,228
2015-11-01 02:00:00,211,298,330,290,,194,,,222,,,261,131
2015-11-01 03:00:00,213,231,309,340,,236,,,238,,,138,184
2015-11-01 04:00:00,218,243,295,320,,287,,,242,,,327,247
2015-11-01 05:00:00,243,251,304,336,,257,,,254,,,258,257
2015-11-01 06:00:00,241,26,319,316,,280,,,249,,,339,253
2015-11-01 07:00:00,221,146,312,281,,309,,,251,,,125,239
2015-11-01 08:00:00,222,40,330,300,,293,,,265,,,350,256
2015-11-01 09:00:00,37,343,338,320,,30,,,255,,,309,245
2015-11-01 10:00:00,85,309,353,317,,354,,,281,,,308,100
2015-11-01 11:00:00,120,306,350,303,,298,,,155,,,281,279
2015-11-01 12:00:00,314,282,352,302,,301,,,317,,,292,284
2015-11-01 13:00:00,317,290,359,313,,306,,,302,,,302,289
2015-11-01 14:00:00,315,314,351,313,,321,,,308,,,316,297
2015-11-01 15:00:00,318,303,358,311,,324,,,315,,,323,295
2015-11-01 16:00:00,304,324,19,314,,330,,,359,,,310,279
2015-11-01 17:00:00,117,6,48,253,,294,,,140,,,154,136
2015-11-01 18:00:00,112,95,126,143,,153,,,221,,,77,108
2015-11-01 19:00:00,105,107,168,125,,145,,,267,,,159,136
2015-11-01 20:00:00,36,125,175,113,,145,,,187,,,307,142
2015-11-01 21:00:00,97,107,168,119,,135,,,140,,,311,178
2015-11-01 22:00:00,141,128,169,126,,154,,,162,,,305,235
2015-11-01 23:00:00,184,81,101,270,,293,,,197,,,289,252
2015-11-02 00:00:00,213,320,132,293,,246,,,249,,,317,248
2015-11-02 01:00:00,224,283,24,307,,273,,,245,,,286,263
2015-11-02 02:00:00,219,197,332,322,,276,,,236,,,304,265
2015-11-02 03:00:00,214,86,31,333,,159,,,239,,,295,259
2015-11-02 04:00:00,223,332,328,325,,265,,,244,,,289,250
2015-11-02 05:00:00,216,287,319,329,,280,,,248,,,301,250
2015-11-02 06:00:00,214,169,322,329,,180,,,248,,,291,178
2015-11-02 07:00:00,212,176,310,311,,330,,,253,,,297,237
2015-11-02 08:00:00,218,202,325,326,,90,,,253,,,325,268
2015-11-02 09:00:00,220,210,335,331,,120,,,234,,,345,260
2015-11-02 10:00:00,239,123,348,135,,112,,,227,,,26,102
2015-11-02 11:00:00,63,108,181,129,,109,,,79,,,135,88
2015-11-02 12:00:00,75,107,158,127,,98,,,85,,,114,70
2015-11-02 13:00:00,56,86,136,101,,106,,,96,,,97,73
2015-11-02 14:00:00,140,133,170,99,,97,,,95,,,105,76
2015-11-02 15:00:00,137,119,159,101,,117,,,107,,,104,75
2015-11-02 16:00:00,139,109,144,108,,118,,,108,,,122,91
2015-11-02 17:00:00,136,119,136,117,,126,,,123,,,131,122
2015-11-02 18:00:00,132,116,145,132,,110,,,132,,,168,142
2015-11-02 19:00:00,130,105,163,129,,221,,,194,,,144,158
2015-11-02 20:00:00,134,96,137,119,,300,,,275,,,46,203
2015-11-02 21:00:00,199,118,148,157,,177,,,15,,,304,223
2015-11-02 22:00:00,219,101,150,146,,120,,,225,,,335,222
2015-11-02 23:00:00,226,42,111,292,,313,,,251,,,308,204
2015-11-03 00:00:00,212,23,91,289,,318,,,112,,,293,249
2015-11-03 01:00:00,282,3,171,304,,17,,,222,,,7,151
2015-11-03 02:00:00,298,6,128,311,,298,,,69,,,252,181
2015-11-03 03:00:00,7,347,174,284,,2,,,44,,,335,140
2015-11-03 04:00:00,349,27,224,317,,33,,,66,,,305,155
2015-11-03 05:00:00,332,354,168,303,,15,,,261,,,288,162
2015-11-03 06:00:00,258,71,168,304,,351,,,97,,,286,208
2015-11-03 07:00:00,345,70,157,292,,8,,,87,,,290,237
2015-11-03 08:00:00,38,86,139,297,,61,,,306,,,89,295
2015-11-03 09:00:00,19,43,124,288,,80,,,68,,,105,80
2015-11-03 10:00:00,19,82,149,231,,86,,,71,,,77,77
2015-11-03 11:00:00,27,67,145,174,,99,,,91,,,93,73
2015-11-03 12:00:00,64,112,163,193,,101,,,86,,,105,77
2015-11-03 13:00:00,53,99,177,120,,116,,,74,,,118,76
2015-11-03 14:00:00,51,102,159,106,,96,,,102,,,110,75
2015-11-03 15:00:00,66,126,160,110,,104,,,100,,,106,59
2015-11-03 16:00:00,128,114,138,105,,111,,,98,,,95,74
2015-11-03 17:00:00,118,104,152,101,,112,,,75,,,96,70
2015-11-03 18:00:00,121,95,149,105,,106,,,113,,,118,71
2015-11-03 19:00:00,109,95,159,103,,124,,,94,,,131,129
2015-11-03 20:00:00,114,98,154,114,,79,,,158,,,126,109
2015-11-03 21:00:00,98,101,135,108,,82,,,339,,,138,134
2015-11-03 22:00:00,67,88,145,99,,103,,,85,,,156,101
2015-11-03 23:00:00,47,99,150,99,,129,,,82,,,133,73
2015-11-04 00:00:00,42,97,145,115,,119,,,85,,,153,87
2015-11-04 01:00:00,32,86,136,132,,80,,,76,,,166,127
2015-11-04 02:00:00,50,93,115,333,,76,,,78,,,66,115
2015-11-04 03:00:00,29,103,105,99,,86,,,91,,,127,121
2015-11-04 04:00:00,33,89,143,140,,73,,,83,,,5,100
2015-11-04 05:00:00,64,92,147,140,,77,,,83,,,344,129
2015-11-04 06:00:00,74,100,153,131,,91,,,75,,,77,171
2015-11-04 07:00:00,66,79,129,159,,82,,,77,,,132,241
2015-11-04 08:00:00,56,63,136,222,,82,,,69,,,353,262
2015-11-04 09:00:00,56,92,111,188,,84,,,77,,,37,82
2015-11-04 10:00:00,25,346,93,162,,101,,,55,,,81,94
2015-11-04 11:00:00,13,355,342,142,,158,,,78,,,86,71
2015-11-04 12:00:00,50,100,137,128,,135,,,101,,,95,70
2015-11-04 13:00:00,45,90,170,138,,87,,,87,,,100,72
2015-11-04 14:00:00,43,88,159,139,,134,,,87,,,112,73
2015-11-04 15:00:00,59,95,164,107,,107,,,116,,,96,63
2015-11-04 16:00:00,110,131,167,115,,119,,,112,,,104,77
2015-11-04 17:00:00,137,125,168,115,,134,,,256,,,120,95
2015-11-04 18:00:00,128,135,195,134,,159,,,328,,,173,133
2015-11-04 19:00:00,100,101,178,185,,212,,,237,,,139,177
2015-11-04 20:00:00,46,92,107,282,,133,,,176,,,151,176
2015-11-04 21:00:00,261,9,107,268,,35,,,253,,,286,205
2015-11-04 22:00:00,104,102,134,246,,82,,,252,,,19,218
2015-11-04 23:00:00,8,96,150,159,,93,,,104,,,295,229
2015-11-05 00:00:00,15,96,148,128,,131,,,96,,,50,139
2015-11-05 01:00:00,39,109,137,117,,100,,,121,,,329,218
2015-11-05 02:00:00,160,109,144,118,,83,,,97,,,261,254
2015-11-05 03:00:00,222,89,147,141,,81,,,94,,,106,233
2015-11-05 04:00:00,215,96,149,120,,75,,,72,,,258,258
2015-11-05 05:00:00,187,96,132,110,,88,,,83,,,258,251
2015-11-05 06:00:00,199,102,117,127,,87,,,91,,,308,266
2015-11-05 07:00:00,211,77,130,134,,90,,,89,,,278,265
2015-11-05 08:00:00,116,87,130,165,,84,,,84,,,319,248
2015-11-05 09:00:00,57,99,136,147,,89,,,82,,,125,72
2015-11-05 10:00:00,52,87,152,147,,101,,,82,,,113,68
2015-11-05 11:00:00,34,97,127,88,,86,,,77,,,109,63
2015-11-05 12:00:00,27,31,107,101,,90,,,72,,,113,92
2015-11-05 13:00:00,51,351,138,91,,129,,,96,,,101,80
2015-11-05 14:00:00,80,110,147,136,,101,,,120,,,108,80
2015-11-05 15:00:00,69,86,144,111,,206,,,115,,,120,79
2015-11-05 16:00:00,78,113,139,91,,97,,,111,,,114,80
2015-11-05 17:00:00,130,114,157,101,,91,,,96,,,135,100
2015-11-05 18:00:00,121,123,169,106,,109,,,123,,,126,111
2015-11-05 19:00:00,113,112,168,129,,227,,,300,,,136,142
2015-11-05 20:00:00,105,87,154,97,,267,,,329,,,150,153
2015-11-05 21:00:00,72,69,123,112,,293,,,18,,,147,131
2015-11-05 22:00:00,43,93,126,99,,24,,,55,,,139,129
2015-11-05 23:00:00,17,91,145,115,,99,,,92,,,149,116
2015-11-06 00:00:00,321,84,140,234,,70,,,32,,,152,134
2015-11-06 01:00:00,12,99,122,253,,63,,,46,,,69,132
2015-11-06 02:00:00,54,82,124,316,,53,,,69,,,82,114
2015-11-06 03:00:00,101,100,96,291,,10,,,138,,,150,124
2015-11-06 04:00:00,30,71,120,288,,21,,,138,,,122,115
2015-11-06 05:00:00,331,58,96,292,,35,,,55,,,294,224
2015-11-06 06:00:00,338,41,89,218,,41,,,47,,,97,242
2015-11-06 07:00:00,355,31,74,352,,49,,,51,,,251,240
2015-11-06 08:00:00,15,42,102,235,,64,,,59,,,101,255
2015-11-06 09:00:00,45,88,161,152,,105,,,72,,,123,93
2015-11-06 10:00:00,57,97,155,69,,114,,,98,,,124,90
2015-11-06 11:00:00,61,99,150,100,,98,,,92,,,125,78
2015-11-06 12:00:00,64,96,157,81,,98,,,103,,,131,76
2015-11-06 13:00:00,67,97,162,100,,86,,,92,,,122,79
2015-11-06 14:00:00,65,104,152,107,,95,,,96,,,102,62
2015-11-06 15:00:00,86,118,157,105,,109,,,91,,,95,81
2015-11-06 16:00:00,128,107,154,95,,107,,,110,,,104,93
2015-11-06 17:00:00,134,108,165,108,,113,,,115,,,103,78
2015-11-06 18:00:00,119,119,159,103,,55,,,106,,,105,83
2015-11-06 19:00:00,103,78,142,73,,58,,,76,,,102,88
2015-11-06 20:00:00,83,29,25,99,,50,,,73,,,99,75
2015-11-06 21:00:00,80,83,54,106,,86,,,79,,,83,60
2015-11-06 22:00:00,59,97,137,96,,96,,,64,,,113,66
2015-11-06 23:00:00,47,106,144,103,,100,,,59,,,132,66
2015-11-07 00:00:00,26,109,143,94,,75,,,57,,,154,63
2015-11-07 01:00:00,42,88,108,111,,72,,,58,,,144,69
2015-11-07 02:00:00,28,39,65,36,,335,,,57,,,,100
2015-11-07 03:00:00,3,339,358,303,,346,,,41,,,299,133
2015-11-07 04:00:00,8,338,17,283,,38,,,1,,,,110
2015-11-07 05:00:00,93,94,43,194,,125,,,77,,,,82
2015-11-07 06:00:00,74,109,203,153,,89,,,78,,,,95
2015-11-07 07:00:00,34,335,1,104,,283,,,37,,,120,87
2015-11-07 08:00:00,18,316,353,170,,108,,,26,,,137,74
2015-11-07 09:00:00,37,359,14,249,,25,,,40,,,,74
2015-11-07 10:00:00,13,332,357,256,,92,,,23,,,127,98
2015-11-07 11:00:00,48,344,8,226,,120,,,47,,,,98
2015-11-07 12:00:00,73,330,11,191,,65,,,37,,,101,108
2015-11-07 13:00:00,65,332,7,200,,71,,,61,,,,85
2015-11-07 14:00:00,53,350,14,179,,33,,,31,,,100,96
2015-11-07 15:00:00,43,346,12,242,,23,,,21,,,,95
2015-11-07 16:00:00,54,352,18,20,,23,,,25,,,101,101
2015-11-07 17:00:00,40,355,15,36,,,,,51,,,104,103
2015-11-07 18:00:00,49,354,16,67,,42,,,28,,,,95
2015-11-07 19:00:00,67,357,15,200,,51,,,63,,,,98
2015-11-07 20:00:00,63,355,17,213,,40,,,40,,,,106
2015-11-07 21:00:00,97,356,9,175,,146,,,36,,,84,94
2015-11-07 22:00:00,112,357,354,175,,110,,,154,,,,97
2015-11-07 23:00:00,99,352,341,173,,112,,,134,,,94,97
2015-11-08 00:00:00,58,346,339,208,,46,,,49,,,98,94
2015-11-08 01:00:00,53,356,2,280,,36,,,52,,,96,81
2015-11-08 02:00:00,57,346,4,287,,39,,,30,,,98,82
2015-11-08 03:00:00,76,349,10,236,,67,,,318,,,99,97
2015-11-08 04:00:00,103,349,2,235,,101,,,154,,,103,101
2015-11-08 05:00:00,100,337,354,220,,77,,,61,,,,101
2015-11-08 06:00:00,59,337,359,219,,37,,,54,,,,94
2015-11-08 07:00:00,75,324,357,158,,47,,,82,,,,88
2015-11-08 08:00:00,64,320,359,268,,111,,,48,,,107,89
2015-11-08 09:00:00,76,314,2,199,,195,,,63,,,104,96
2015-11-08 10:00:00,120,341,11,137,,148,,,173,,,93,83
2015-11-08 11:00:00,154,340,10,193,,161,,,217,,,102,64
2015-11-08 12:00:00,105,351,12,146,,126,,,12,,,106,76
2015-11-08 13:00:00,135,1,7,215,,157,,,327,,,122,87
2015-11-08 14:00:00,116,1,29,216,,77,,,86,,,97,96
2015-11-08 15:00:00,102,27,22,124,,51,,,88,,,115,109
2015-11-08 16:00:00,95,38,44,94,,50,,,69,,,123,113
2015-11-08 17:00:00,70,22,53,66,,56,,,56,,,112,96
2015-11-08 18:00:00,68,63,87,66,,62,,,88,,,101,78
2015-11-08 19:00:00,73,90,146,84,,53,,,101,,,99,79
2015-11-08 20:00:00,77,89,152,89,,54,,,71,,,108,69
2015-11-08 21:00:00,60,102,160,108,,122,,,68,,,110,69
2015-11-08 22:00:00,53,105,180,120,,127,,,98,,,103,66
2015-11-08 23:00:00,94,87,168,120,,105,,,89,,,102,77
2015-11-09 00:00:00,47,85,162,108,,73,,,83,,,111,71
2015-11-09 01:00:00,28,101,160,105,,35,,,81,,,108,72
2015-11-09 02:00:00,42,102,176,123,,120,,,67,,,110,68
2015-11-09 03:00:00,47,96,146,135,,138,,,65,,,133,75
2015-11-09 04:00:00,52,94,110,147,,134,,,68,,,133,85
2015-11-09 05:00:00,50,84,136,149,,99,,,72,,,152,93
2015-11-09 06:00:00,47,92,131,145,,98,,,65,,,137,95
2015-11-09 07:00:00,67,89,160,143,,113,,,64,,,132,113
2015-11-09 08:00:00,34,93,172,152,,104,,,71,,,124,110
2015-11-09 09:00:00,343,98,169,150,,111,,,67,,,93,106
2015-11-09 10:00:00,355,83,161,155,,118,,,108,,,49,80
2015-11-09 11:00:00,11,92,168,148,,109,,,96,,,79,98
2015-11-09 12:00:00,41,112,171,164,,138,,,94,,,,103
2015-11-09 13:00:00,80,104,159,292,,154,,,85,,,,80
2015-11-09 14:00:00,84,100,115,317,,173,,,107,,,102,72
2015-11-09 15:00:00,78,104,153,96,,120,,,90,,,108,91
2015-11-09 16:00:00,68,92,149,97,,90,,,83,,,123,90
2015-11-09 17:00:00,67,100,148,107,,101,,,90,,,,75
2015-11-09 18:00:00,118,115,148,110,,115,,,75,,,,87
2015-11-09 19:00:00,110,107,,107,,102,,,81,,,,89
2015-11-09 20:00:00,110,93,146,109,,97,,,84,,,,84
2015-11-09 21:00:00,94,89,164,131,,98,,,352,,,118,105
2015-11-09 22:00:00,129,110,155,126,,94,,,61,,,,81
2015-11-09 23:00:00,105,110,169,121,,101,,,66,,,118,104
2015-11-10 00:00:00,43,125,163,95,,93,,,29,,,144,118
2015-11-10 01:00:00,4,96,117,146,,182,,,21,,,165,120
2015-11-10 02:00:00,353,22,59,342,,88,,,68,,,278,240
2015-11-10 03:00:00,58,23,37,226,,104,,,58,,,,328
2015-11-10 04:00:00,246,29,34,250,,20,,,38,,,,235
2015-11-10 05:00:00,244,4,15,310,,356,,,252,,,,265
2015-11-10 06:00:00,213,313,348,333,,348,,,282,,,52,257
2015-11-10 07:00:00,34,14,18,331,,60,,,334,,,183,257
2015-11-10 08:00:00,22,28,23,293,,60,,,55,,,,249
2015-11-10 09:00:00,15,357,69,61,,102,,,63,,,174,194
2015-11-10 10:00:00,49,354,10,102,,116,,,49,,,345,13
2015-11-10 11:00:00,39,309,70,51,,128,,,44,,,,69
2015-11-10 12:00:00,70,31,58,105,,136,,,88,,,95,68
2015-11-10 13:00:00,77,93,142,148,,92,,,97,,,,78
2015-11-10 14:00:00,64,92,155,152,,85,,,86,,,104,78
2015-11-10 15:00:00,55,93,130,154,,105,,,69,,,,
2015-11-10 16:00:00,62,51,116,144,,87,,,93,,,108,
2015-11-10 17:00:00,83,66,119,130,,83,,,82,,,,
2015-11-10 18:00:00,66,63,155,138,,96,,,79,,,137,
2015-11-10 19:00:00,39,18,210,191,,281,,,125,,,142,
2015-11-10 20:00:00,302,358,328,280,,190,,,203,,,157,
2015-11-10 21:00:00,234,31,254,160,,305,,,144,,,285,
2015-11-10 22:00:00,221,18,17,326,,165,,,208,,,,
2015-11-10 23:00:00,236,35,285,321,,223,,,184,,,281,
2015-11-11 00:00:00,218,60,300,323,,177,,,245,,,167,
2015-11-11 01:00:00,233,47,21,138,,133,,,179,,,167,
2015-11-11 02:00:00,266,18,15,104,,182,,,136,,,167,
2015-11-11 03:00:00,257,353,87,288,,132,,,218,,,167,
2015-11-11 04:00:00,236,352,151,306,,316,,,262,,,167,
2015-11-11 05:00:00,247,8,145,307,,277,,,156,,,167,
2015-11-11 06:00:00,232,265,153,294,,315,,,253,,,257,
2015-11-11 07:00:00,223,284,9,291,,321,,,260,,,140,
2015-11-11 08:00:00,216,286,358,308,,179,,,248,,,140,
2015-11-11 09:00:00,218,349,341,338,,94,,,228,,,25,
2015-11-11 10:00:00,30,60,291,266,,100,,,121,,,25,
2015-11-11 11:00:00,87,67,337,299,,114,,,84,,,123,
2015-11-11 12:00:00,86,108,176,137,,123,,,98,,,87,
2015-11-11 13:00:00,79,87,183,136,,124,,,89,,,87,78
2015-11-11 14:00:00,56,80,170,128,,123,,,82,,,87,76
2015-11-11 15:00:00,63,101,169,132,,123,,,81,,,87,
2015-11-11 16:00:00,57,78,157,135,,145,,,84,,,87,
2015-11-11 17:00:00,56,72,126,146,,132,,,66,,,,
2015-11-11 18:00:00,53,61,97,110,,135,,,56,,,145,
2015-11-11 19:00:00,55,53,89,129,,181,,,82,,,133,
2015-11-11 20:00:00,353,2,43,160,,243,,,256,,,103,
2015-11-11 21:00:00,215,324,347,115,,293,,,240,,,99,
2015-11-11 22:00:00,266,302,354,260,,248,,,256,,,,
2015-11-11 23:00:00,43,316,4,15,,50,,,38,,,,
2015-11-12 00:00:00,32,295,6,162,,161,,,238,,,110,
2015-11-12 01:00:00,58,317,358,216,,101,,,289,,,,
2015-11-12 02:00:00,57,326,4,343,,64,,,265,,,114,
2015-11-12 03:00:00,44,345,7,23,,55,,,309,,,,
2015-11-12 04:00:00,14,307,3,18,,320,,,256,,,123,
2015-11-12 05:00:00,345,285,342,16,,23,,,257,,,,
2015-11-12 06:00:00,115,305,342,16,,45,,,262,,,115,
2015-11-12 07:00:00,144,303,352,13,,54,,,242,,,,
2015-11-12 08:00:00,42,313,360,17,,63,,,208,,,,
2015-11-12 09:00:00,34,334,0,23,,17,,,314,,,,106
2015-11-12 10:00:00,350,345,4,90,,14,,,337,,,,
2015-11-12 11:00:00,14,332,11,43,,37,,,350,,,113,100
2015-11-12 12:00:00,20,346,11,44,,32,,,8,,,112,101
2015-11-12 13:00:00,17,340,15,29,,39,,,11,,,111,91
2015-11-12 14:00:00,21,350,16,34,,42,,,32,,,107,82
2015-11-12 15:00:00,33,344,10,76,,39,,,31,,,104,82
2015-11-12 16:00:00,32,343,12,55,,38,,,25,,,108,83
2015-11-12 17:00:00,7,350,22,36,,19,,,17,,,101,73
2015-11-12 18:00:00,7,27,67,32,,43,,,55,,,101,65
2015-11-12 19:00:00,51,103,169,59,,72,,,84,,,,64
2015-11-12 20:00:00,94,114,172,108,,103,,,82,,,105,61
2015-11-12 21:00:00,103,111,172,102,,46,,,86,,,106,65
2015-11-12 22:00:00,88,112,175,77,,314,,,82,,,132,70
2015-11-12 23:00:00,91,115,170,80,,66,,,85,,,108,71
2015-11-13 00:00:00,90,106,165,86,,65,,,78,,,87,69
2015-11-13 01:00:00,70,90,152,79,,93,,,69,,,87,69
2015-11-13 02:00:00,61,92,157,84,,73,,,73,,,99,64
2015-11-13 03:00:00,31,86,158,133,,92,,,76,,,112,69
2015-11-13 04:00:00,40,97,157,113,,31,,,90,,,134,67
2015-11-13 05:00:00,32,76,195,25,,33,,,41,,,113,85
2015-11-13 06:00:00,44,83,240,80,,59,,,41,,,105,73
2015-11-13 07:00:00,8,42,270,23,,0,,,44,,,91,86
2015-11-13 08:00:00,337,306,305,47,,46,,,191,,,102,99
2015-11-13 09:00:00,18,309,351,34,,58,,,157,,,111,131
2015-11-13 10:00:00,51,310,17,37,,64,,,334,,,94,134
2015-11-13 11:00:00,323,337,358,229,,26,,,65,,,107,129
2015-11-13 12:00:00,343,12,8,145,,51,,,342,,,96,97
2015-11-13 13:00:00,80,318,7,94,,49,,,360,,,112,99
2015-11-13 14:00:00,85,299,310,103,,54,,,97,,,114,104
2015-11-13 15:00:00,80,314,340,146,,132,,,344,,,118,119
2015-11-13 16:00:00,83,266,346,107,,211,,,221,,,114,122
2015-11-13 17:00:00,65,234,27,136,,202,,,173,,,114,115
2015-11-13 18:00:00,67,252,254,148,,237,,,161,,,130,97
2015-11-13 19:00:00,58,225,273,160,,281,,,74,,,131,91
2015-11-13 20:00:00,23,221,264,154,,288,,,359,,,134,100
2015-11-13 21:00:00,9,351,292,214,,306,,,46,,,140,106
2015-11-13 22:00:00,354,8,9,282,,347,,,48,,,137,115
2015-11-13 23:00:00,4,20,49,295,,328,,,48,,,130,98
2015-11-14 00:00:00,26,87,65,147,,19,,,52,,,131,75
2015-11-14 01:00:00,29,60,35,174,,16,,,48,,,136,64
2015-11-14 02:00:00,15,7,18,295,,56,,,52,,,134,77
2015-11-14 03:00:00,5,3,22,271,,57,,,32,,,125,113
2015-11-14 04:00:00,7,356,17,244,,38,,,58,,,136,121
2015-11-14 05:00:00,16,345,15,311,,51,,,44,,,135,116
2015-11-14 06:00:00,10,360,358,299,,69,,,36,,,128,114
2015-11-14 07:00:00,22,356,0,307,,19,,,40,,,121,100
2015-11-14 08:00:00,27,344,359,248,,97,,,64,,,135,104
2015-11-14 09:00:00,46,9,6,156,,70,,,22,,,121,97
2015-11-14 10:00:00,71,9,27,192,,59,,,41,,,111,
2015-11-14 11:00:00,34,12,18,164,,42,,,36,,,112,
2015-11-14 12:00:00,26,16,21,155,,40,,,38,,,114,
2015-11-14 13:00:00,349,14,3,266,,28,,,46,,,148,
2015-11-14 14:00:00,354,19,51,200,,46,,,45,,,127,
2015-11-14 15:00:00,2,36,76,260,,53,,,50,,,138,
2015-11-14 16:00:00,33,51,98,158,,59,,,68,,,131,
2015-11-14 17:00:00,44,60,86,94,,18,,,59,,,137,
2015-11-14 18:00:00,37,30,51,283,,47,,,54,,,110,
2015-11-14 19:00:00,32,26,25,223,,116,,,55,,,127,
2015-11-14 20:00:00,47,80,175,123,,104,,,56,,,120,
2015-11-14 21:00:00,50,92,151,110,,70,,,43,,,123,
2015-11-14 22:00:00,32,92,153,96,,83,,,49,,,133,
2015-11-14 23:00:00,33,101,151,133,,95,,,49,,,125,
2015-11-15 00:00:00,17,100,147,140,,102,,,50,,,132,
2015-11-15 01:00:00,28,79,104,125,,119,,,54,,,130,
2015-11-15 02:00:00,357,68,94,157,,83,,,57,,,134,
2015-11-15 03:00:00,23,48,78,255,,51,,,63,,,155,
2015-11-15 04:00:00,56,25,75,228,,44,,,55,,,97,
2015-11-15 05:00:00,78,353,79,288,,19,,,59,,,96,
2015-11-15 06:00:00,68,41,95,265,,21,,,66,,,95,
2015-11-15 07:00:00,8,106,144,272,,358,,,57,,,107,
2015-11-15 08:00:00,16,104,158,258,,85,,,71,,,115,
2015-11-15 09:00:00,38,101,168,138,,98,,,76,,,110,
2015-11-15 10:00:00,360,104,154,142,,92,,,76,,,125,
2015-11-15 11:00:00,35,107,154,334,,110,,,65,,,146,
2015-11-15 12:00:00,31,88,152,249,,110,,,56,,,140,
2015-11-15 13:00:00,30,62,125,229,,92,,,40,,,151,
2015-11-15 14:00:00,38,67,121,135,,87,,,52,,,167,
2015-11-15 15:00:00,31,98,149,111,,112,,,63,,,158,
2015-11-15 16:00:00,26,106,155,125,,191,,,58,,,164,
2015-11-15 17:00:00,47,126,185,133,,120,,,44,,,151,
2015-11-15 18:00:00,329,351,236,213,,339,,,270,,,173,
2015-11-15 19:00:00,317,6,305,262,,338,,,271,,,110,
2015-11-15 20:00:00,333,80,153,7,,17,,,324,,,110,
2015-11-15 21:00:00,339,97,142,313,,329,,,177,,,127,
2015-11-15 22:00:00,306,85,132,147,,329,,,116,,,276,
2015-11-15 23:00:00,349,65,142,96,,0,,,66,,,293,
2015-11-16 00:00:00,40,335,95,152,,62,,,50,,,93,
2015-11-16 01:00:00,89,160,147,43,,122,,,53,,,282,
2015-11-16 02:00:00,34,126,157,263,,109,,,50,,,192,
2015-11-16 03:00:00,323,175,163,318,,68,,,39,,,15,
2015-11-16 04:00:00,290,188,202,316,,25,,,308,,,21,
2015-11-16 05:00:00,242,287,189,309,,291,,,239,,,250,
2015-11-16 06:00:00,276,275,281,321,,313,,,260,,,268,
2015-11-16 07:00:00,240,304,349,303,,294,,,246,,,25,
2015-11-16 08:00:00,177,15,38,142,,106,,,261,,,158,
2015-11-16 09:00:00,137,40,73,114,,66,,,289,,,198,
2015-11-16 10:00:00,330,70,144,147,,94,,,29,,,121,
2015-11-16 11:00:00,32,71,196,99,,101,,,21,,,41,
2015-11-16 12:00:00,88,89,157,137,,132,,,90,,,127,
2015-11-16 13:00:00,72,118,159,114,,140,,,99,,,123,
2015-11-16 14:00:00,55,120,176,112,,121,,,92,,,119,
2015-11-16 15:00:00,52,120,159,113,,127,,,96,,,111,
2015-11-16 16:00:00,47,121,155,107,,152,,,77,,,113,
2015-11-16 17:00:00,106,129,164,105,,130,,,95,,,125,
2015-11-16 18:00:00,83,119,161,102,,130,,,22,,,141,
2015-11-16 19:00:00,80,94,162,107,,95,,,141,,,166,
2015-11-16 20:00:00,125,112,142,104,,101,,,79,,,138,
2015-11-16 21:00:00,272,85,97,257,,144,,,78,,,39,
2015-11-16 22:00:00,320,92,106,238,,60,,,63,,,6,
2015-11-16 23:00:00,320,107,123,276,,112,,,84,,,348,
2015-11-17 00:00:00,284,62,120,298,,150,,,252,,,275,
2015-11-17 01:00:00,276,341,143,277,,300,,,239,,,310,
2015-11-17 02:00:00,232,265,62,26,,288,,,255,,,293,
2015-11-17 03:00:00,247,83,112,342,,316,,,217,,,281,
2015-11-17 04:00:00,240,284,167,326,,267,,,282,,,117,
2015-11-17 05:00:00,208,88,252,305,,299,,,244,,,269,
2015-11-17 06:00:00,213,264,230,290,,243,,,196,,,244,
2015-11-17 07:00:00,241,292,283,309,,274,,,255,,,301,
2015-11-17 08:00:00,237,305,321,347,,256,,,263,,,316,
2015-11-17 09:00:00,78,5,355,311,,317,,,282,,,158,
2015-11-17 10:00:00,35,352,357,212,,130,,,28,,,107,
2015-11-17 11:00:00,50,349,6,218,,71,,,19,,,96,
2015-11-17 12:00:00,53,10,18,219,,67,,,33,,,103,
2015-11-17 13:00:00,49,353,7,312,,70,,,39,,,105,
2015-11-17 14:00:00,29,355,18,345,,34,,,21,,,124,
2015-11-17 15:00:00,13,3,19,25,,25,,,359,,,116,
2015-11-17 16:00:00,1,353,32,29,,38,,,345,,,108,
2015-11-17 17:00:00,29,50,165,17,,324,,,311,,,137,
2015-11-17 18:00:00,7,35,193,229,,32,,,259,,,150,
2015-11-17 19:00:00,52,320,232,257,,275,,,257,,,130,
2015-11-17 20:00:00,120,230,245,287,,227,,,241,,,99,
2015-11-17 21:00:00,153,167,181,103,,316,,,250,,,91,
2015-11-17 22:00:00,221,348,54,293,,248,,,231,,,294,
2015-11-17 23:00:00,296,330,23,294,,295,,,166,,,278,
2015-11-18 00:00:00,207,289,311,303,,294,,,237,,,12,
2015-11-18 01:00:00,263,328,302,324,,182,,,210,,,301,
2015-11-18 02:00:00,228,148,320,327,,209,,,205,,,289,
2015-11-18 03:00:00,281,272,337,284,,68,,,229,,,288,
2015-11-18 04:00:00,203,65,275,31,,206,,,185,,,267,
2015-11-18 05:00:00,304,334,357,308,,272,,,202,,,252,
2015-11-18 06:00:00,276,26,342,300,,241,,,196,,,348,
2015-11-18 07:00:00,235,323,342,315,,266,,,209,,,309,
2015-11-18 08:00:00,175,323,336,318,,81,,,230,,,315,
2015-11-18 09:00:00,61,19,30,53,,56,,,28,,,63,
2015-11-18 10:00:00,33,86,146,146,,80,,,66,,,108,84
2015-11-18 11:00:00,61,120,160,141,,100,,,65,,,102,71
2015-11-18 12:00:00,34,122,157,119,,115,,,74,,,97,69
2015-11-18 13:00:00,95,120,149,102,,97,,,91,,,102,64
2015-11-18 14:00:00,106,121,155,103,,105,,,91,,,107,71
2015-11-18 15:00:00,105,122,157,96,,116,,,102,,,105,66
2015-11-18 16:00:00,105,120,156,100,,106,,,90,,,101,64
2015-11-18 17:00:00,101,120,147,103,,125,,,96,,,145,93
2015-11-18 18:00:00,114,,155,99,,148,,,143,,,156,105
2015-11-18 19:00:00,126,115,162,123,,149,,,231,,,105,122
2015-11-18 20:00:00,127,107,159,106,,211,,,227,,,352,134
2015-11-18 21:00:00,161,98,101,177,,244,,,212,,,282,219
2015-11-18 22:00:00,190,45,17,282,,293,,,209,,,269,211
2015-11-18 23:00:00,243,1,43,302,,277,,,243,,,313,214
2015-11-19 00:00:00,248,334,359,312,,298,,,240,,,308,240
2015-11-19 01:00:00,278,313,305,327,,295,,,246,,,289,216
2015-11-19 02:00:00,273,297,321,318,,293,,,263,,,283,232
2015-11-19 03:00:00,251,295,316,335,,292,,,269,,,294,207
2015-11-19 04:00:00,261,269,306,326,,290,,,257,,,275,251
2015-11-19 05:00:00,218,266,317,340,,298,,,256,,,255,225
2015-11-19 06:00:00,334,287,315,316,,256,,,256,,,277,222
2015-11-19 07:00:00,277,285,315,338,,269,,,245,,,254,184
2015-11-19 08:00:00,336,296,319,331,,308,,,255,,,192,236
2015-11-19 09:00:00,33,320,331,272,,352,,,247,,,36,251
2015-11-19 10:00:00,3,352,6,267,,51,,,21,,,110,86
2015-11-19 11:00:00,358,65,121,225,,106,,,38,,,109,98
2015-11-19 12:00:00,30,98,136,204,,95,,,82,,,90,91
2015-11-19 13:00:00,77,96,124,77,,90,,,65,,,107,80
2015-11-19 14:00:00,50,94,135,92,,73,,,69,,,102,73
2015-11-19 15:00:00,58,83,127,93,,80,,,73,,,96,68
2015-11-19 16:00:00,71,109,136,99,,88,,,89,,,107,78
2015-11-19 17:00:00,83,113,149,102,,91,,,105,,,108,83
2015-11-19 18:00:00,110,114,141,106,,104,,,109,,,102,
2015-11-19 19:00:00,104,102,119,104,,95,,,99,,,83,
2015-11-19 20:00:00,85,112,130,106,,102,,,120,,,108,
2015-11-19 21:00:00,101,124,158,108,,98,,,98,,,116,
2015-11-19 22:00:00,113,124,175,111,,114,,,100,,,116,
2015-11-19 23:00:00,73,138,173,111,,127,,,92,,,105,
2015-11-20 00:00:00,95,136,186,115,,158,,,107,,,107,
2015-11-20 01:00:00,103,126,186,122,,146,,,117,,,105,
2015-11-20 02:00:00,92,125,174,128,,107,,,33,,,112,
2015-11-20 03:00:00,65,94,147,119,,101,,,132,,,125,
2015-11-20 04:00:00,64,78,130,110,,11,,,133,,,135,
2015-11-20 05:00:00,61,87,128,93,,41,,,69,,,135,
2015-11-20 06:00:00,62,107,145,132,,84,,,64,,,129,
2015-11-20 07:00:00,48,103,128,129,,77,,,63,,,130,
2015-11-20 08:00:00,36,39,112,211,,41,,,62,,,135,
2015-11-20 09:00:00,15,35,36,276,,65,,,71,,,274,
2015-11-20 10:00:00,51,36,50,162,,83,,,57,,,83,
2015-11-20 11:00:00,41,32,64,132,,63,,,56,,,120,
2015-11-20 12:00:00,41,42,80,114,,71,,,59,,,119,
2015-11-20 13:00:00,70,55,85,165,,107,,,36,,,130,
2015-11-20 14:00:00,66,75,129,172,,115,,,36,,,126,
2015-11-20 15:00:00,71,109,166,137,,141,,,51,,,117,
2015-11-20 16:00:00,51,107,167,112,,126,,,90,,,118,
2015-11-20 17:00:00,54,118,168,106,,115,,,82,,,127,
2015-11-20 18:00:00,67,127,183,110,,146,,,126,,,103,
2015-11-20 19:00:00,160,130,187,117,,198,,,270,,,125,
2015-11-20 20:00:00,174,169,181,156,,200,,,249,,,103,
2015-11-20 21:00:00,188,152,160,170,,203,,,236,,,141,
2015-11-20 22:00:00,207,187,82,15,,59,,,235,,,262,
2015-11-20 23:00:00,214,74,65,342,,11,,,233,,,280,
2015-11-21 00:00:00,204,73,58,337,,56,,,100,,,193,
2015-11-21 01:00:00,201,107,126,86,,88,,,130,,,242,
2015-11-21 02:00:00,212,89,149,317,,89,,,72,,,283,
2015-11-21 03:00:00,217,76,158,306,,22,,,289,,,308,
2015-11-21 04:00:00,221,329,197,300,,305,,,254,,,137,
2015-11-21 05:00:00,228,320,343,309,,298,,,243,,,277,
2015-11-21 06:00:00,213,309,334,340,,280,,,244,,,308,
2015-11-21 07:00:00,237,298,339,343,,321,,,242,,,290,
2015-11-21 08:00:00,212,300,339,308,,26,,,246,,,75,
2015-11-21 09:00:00,342,319,351,330,,24,,,296,,,81,
2015-11-21 10:00:00,25,342,355,358,,354,,,329,,,103,
2015-11-21 11:00:00,23,8,16,34,,21,,,13,,,102,
2015-11-21 12:00:00,36,5,32,41,,18,,,37,,,116,
2015-11-21 13:00:00,21,357,29,37,,28,,,29,,,124,
2015-11-21 14:00:00,23,1,28,92,,33,,,29,,,121,
2015-11-21 15:00:00,24,7,24,40,,30,,,33,,,108,
2015-11-21 16:00:00,54,2,20,48,,59,,,26,,,99,
2015-11-21 17:00:00,38,349,10,40,,35,,,10,,,107,
2015-11-21 18:00:00,32,339,11,26,,8,,,316,,,109,
2015-11-21 19:00:00,51,334,0,6,,4,,,304,,,118,
2015-11-21 20:00:00,78,341,358,287,,3,,,332,,,123,
2015-11-21 21:00:00,82,344,3,234,,78,,,347,,,120,
2015-11-21 22:00:00,55,329,6,4,,38,,,352,,,118,
2015-11-21 23:00:00,44,342,14,50,,25,,,350,,,117,
2015-11-22 00:00:00,13,355,23,37,,25,,,8,,,115,
2015-11-22 01:00:00,12,358,25,36,,39,,,36,,,120,
2015-11-22 02:00:00,10,357,16,51,,82,,,35,,,110,
2015-11-22 03:00:00,27,352,16,59,,78,,,29,,,97,
2015-11-22 04:00:00,44,8,12,42,,64,,,35,,,99,
2015-11-22 05:00:00,47,354,10,219,,60,,,21,,,101,
2015-11-22 06:00:00,48,350,11,130,,87,,,24,,,92,
2015-11-22 07:00:00,75,341,5,135,,67,,,13,,,93,
2015-11-22 08:00:00,72,352,3,226,,55,,,11,,,95,
2015-11-22 09:00:00,68,0,11,274,,51,,,19,,,94,
2015-11-22 10:00:00,105,352,353,129,,81,,,32,,,69,
2015-11-22 11:00:00,75,95,100,168,,108,,,87,,,74,
2015-11-22 12:00:00,49,48,41,139,,111,,,74,,,87,
2015-11-22 13:00:00,71,113,173,146,,102,,,62,,,107,
2015-11-22 14:00:00,49,83,145,124,,92,,,56,,,109,
2015-11-22 15:00:00,62,99,137,98,,93,,,79,,,109,
2015-11-22 16:00:00,63,102,151,105,,92,,,88,,,99,
2015-11-22 17:00:00,66,108,148,109,,112,,,75,,,102,
2015-11-22 18:00:00,91,109,152,108,,119,,,78,,,111,
2015-11-22 19:00:00,95,116,156,108,,132,,,91,,,141,
2015-11-22 20:00:00,104,116,168,105,,129,,,94,,,154,
2015-11-22 21:00:00,115,113,159,100,,131,,,202,,,204,
2015-11-22 22:00:00,112,111,159,99,,146,,,166,,,139,
2015-11-22 23:00:00,118,113,165,104,,144,,,165,,,97,
2015-11-23 00:00:00,114,105,157,120,,218,,,236,,,43,
2015-11-23 01:00:00,147,124,44,308,,306,,,239,,,216,
2015-11-23 02:00:00,123,44,18,312,,303,,,160,,,314,
2015-11-23 03:00:00,112,30,20,290,,11,,,65,,,301,
2015-11-23 04:00:00,327,7,15,327,,26,,,58,,,120,
2015-11-23 05:00:00,315,353,338,325,,307,,,171,,,321,
2015-11-23 06:00:00,1,6,355,305,,303,,,114,,,304,
2015-11-23 07:00:00,0,349,318,326,,41,,,76,,,119,
2015-11-23 08:00:00,50,22,355,320,,69,,,22,,,71,
2015-11-23 09:00:00,32,95,107,52,,94,,,70,,,129,
2015-11-23 10:00:00,57,103,158,147,,97,,,55,,,115,
2015-11-23 11:00:00,47,104,126,105,,133,,,75,,,107,
2015-11-23 12:00:00,41,108,157,89,,112,,,86,,,100,63
2015-11-23 13:00:00,46,111,169,96,,100,,,96,,,93,59
2015-11-23 14:00:00,100,111,166,96,,92,,,88,,,85,59
2015-11-23 15:00:00,131,114,161,103,,99,,,94,,,103,80
2015-11-23 16:00:00,105,108,148,100,,107,,,93,,,93,75
2015-11-23 17:00:00,104,109,143,103,,95,,,94,,,100,78
2015-11-23 18:00:00,81,111,148,102,,93,,,93,,,119,80
2015-11-23 19:00:00,103,117,153,99,,113,,,91,,,133,78
2015-11-23 20:00:00,113,115,154,110,,185,,,108,,,134,87
2015-11-23 21:00:00,114,99,151,103,,32,,,86,,,144,93
2015-11-23 22:00:00,109,107,163,102,,116,,,80,,,140,90
2015-11-23 23:00:00,91,111,162,109,,117,,,118,,,151,121
2015-11-24 00:00:00,79,105,147,116,,109,,,256,,,161,145
2015-11-24 01:00:00,106,110,155,99,,83,,,235,,,288,153
2015-11-24 02:00:00,23,96,156,293,,325,,,288,,,222,236
2015-11-24 03:00:00,267,15,81,300,,268,,,290,,,40,238
2015-11-24 04:00:00,303,344,13,274,,67,,,220,,,93,221
2015-11-24 05:00:00,343,357,316,287,,291,,,98,,,99,236
2015-11-24 06:00:00,336,317,308,290,,254,,,166,,,235,142
2015-11-24 07:00:00,284,306,305,329,,292,,,216,,,285,220
2015-11-24 08:00:00,317,348,322,307,,320,,,230,,,300,231
2015-11-24 09:00:00,350,35,148,279,,67,,,45,,,68,106
2015-11-24 10:00:00,346,112,163,141,,114,,,88,,,130,79
2015-11-24 11:00:00,26,123,165,163,,119,,,87,,,90,71
2015-11-24 12:00:00,33,118,161,133,,123,,,84,,,119,73
2015-11-24 13:00:00,65,112,,111,,115,,,99,,,,78
2015-11-24 14:00:00,40,101,153,100,,118,,,105,,,109,69
2015-11-24 15:00:00,69,111,152,95,,108,,,93,,,110,69
2015-11-24 16:00:00,127,105,,99,,98,,,111,,,,86
2015-11-24 17:00:00,116,118,,110,,106,,,112,,,,99
2015-11-24 18:00:00,119,104,,122,,102,,,136,,,132,102
2015-11-24 19:00:00,128,102,,116,,271,,,212,,,158,146
2015-11-24 20:00:00,118,93,150,40,,283,,,254,,,141,154
2015-11-24 21:00:00,91,91,147,279,,246,,,194,,,,157
2015-11-24 22:00:00,221,88,,207,,52,,,200,,,284,243
2015-11-24 23:00:00,312,98,,155,,131,,,136,,,284,221
2015-11-25 00:00:00,309,107,,298,,98,,,53,,,320,264
2015-11-25 01:00:00,321,107,,273,,93,,,129,,,,226
2015-11-25 02:00:00,342,87,89,247,,41,,,141,,,,160
2015-11-25 03:00:00,358,27,52,229,,41,,,72,,,,160
2015-11-25 04:00:00,30,,109,120,,43,,,,,,,
2015-11-25 05:00:00,1,35,123,165,,54,,,240,,,,249
2015-11-25 06:00:00,262,24,145,296,,42,,,136,,,213,237
2015-11-25 07:00:00,215,6,,301,,345,,,274,,,235,255
2015-11-25 08:00:00,219,9,33,309,,358,,,325,,,,250
2015-11-25 09:00:00,335,14,67,279,,23,,,20,,,,281
2015-11-25 10:00:00,31,351,99,290,,13,,,62,,,209,72
2015-11-25 11:00:00,5,311,146,286,,52,,,222,,,,84
2015-11-25 12:00:00,0,192,,,,65,,,127,,,,106
2015-11-25 13:00:00,36,121,161,112,,128,,,,,,130,111
2015-11-25 14:00:00,40,118,,101,,146,,,166,,,150,94
2015-11-25 15:00:00,134,115,146,137,,103,,,84,,,171,109
2015-11-25 16:00:00,106,104,,101,,90,,,69,,,,88
2015-11-25 17:00:00,99,107,147,99,,92,,,102,,,120,78
2015-11-25 18:00:00,137,119,156,118,,106,,,111,,,122,99
2015-11-25 19:00:00,131,111,140,233,,266,,,122,,,144,130
2015-11-25 20:00:00,79,93,127,96,,290,,,66,,,130,128
2015-11-25 21:00:00,324,97,134,95,,290,,,67,,,,127
2015-11-25 22:00:00,55,105,129,109,,103,,,77,,,140,118
2015-11-25 23:00:00,123,101,144,116,,114,,,82,,,,105
2015-11-26 00:00:00,84,,140,113,,96,,,72,,,136,107
2015-11-26 01:00:00,32,105,147,111,,94,,,86,,,145,114
2015-11-26 02:00:00,41,108,146,109,,97,,,,,,147,103
2015-11-26 03:00:00,48,107,147,106,,93,,,97,,,327,93
2015-11-26 04:00:00,,107,144,101,,117,,,96,,,,276
2015-11-26 05:00:00,,99,145,123,,106,,,96,,,343,303
2015-11-26 06:00:00,,91,148,197,,82,,,64,,,,270
2015-11-26 07:00:00,,,,,,,,,,,,,
2015-11-26 08:00:00,,101,153,108,,86,,,87,,,138,284
2015-11-26 09:00:00,50,93,,91,,94,,,85,,,,77
2015-11-26 10:00:00,33,96,138,92,,93,,,98,,,,110
2015-11-26 11:00:00,,98,153,109,,81,,,89,,,,105
2015-11-26 12:00:00,47,114,160,,,137,,,92,,,,102
2015-11-26 13:00:00,327,123,177,41,,187,,,172,,,144,110
2015-11-26 14:00:00,293,121,186,237,,108,,,127,,,152,117
2015-11-26 15:00:00,120,123,191,233,,105,,,140,,,147,74
2015-11-26 16:00:00,121,130,,304,,112,,,128,,,115,70
2015-11-26 17:00:00,128,115,166,109,,112,,,110,,,129,73
2015-11-26 18:00:00,130,103,152,104,,96,,,89,,,131,82
2015-11-26 19:00:00,128,115,154,107,,109,,,97,,,,76
2015-11-26 20:00:00,121,117,154,109,,115,,,97,,,99,64
2015-11-26 21:00:00,110,109,142,108,,111,,,106,,,90,63
2015-11-26 22:00:00,83,95,,,,91,,,81,,,,58
2015-11-26 23:00:00,65,102,129,102,,92,,,71,,,143,58
2015-11-27 00:00:00,56,94,143,110,,96,,,67,,,,71
2015-11-27 01:00:00,52,101,149,111,,96,,,75,,,166,109
2015-11-27 02:00:00,84,97,,106,,89,,,74,,,,95
2015-11-27 03:00:00,75,96,121,96,,85,,,69,,,,107
2015-11-27 04:00:00,17,99,,130,,99,,,71,,,,111
2015-11-27 05:00:00,58,96,131,95,,91,,,77,,,113,102
2015-11-27 06:00:00,23,75,,175,,58,,,87,,,,125
2015-11-27 07:00:00,11,72,163,263,,45,,,53,,,96,119
2015-11-27 08:00:00,355,45,126,288,,104,,,81,,,,118
2015-11-27 09:00:00,247,338,,308,,,,,,,,,
2015-11-27 10:00:00,10,45,126,,,117,,,56,,,164,218
2015-11-27 11:00:00,42,54,107,154,,72,,,77,,,61,93
2015-11-27 12:00:00,65,74,123,,,,,,75,,,110,96
2015-11-27 13:00:00,70,94,147,106,,89,,,88,,,118,77
2015-11-27 14:00:00,60,97,,102,,75,,,83,,,122,80
2015-11-27 15:00:00,93,99,,99,,89,,,66,,,125,74
2015-11-27 16:00:00,91,106,147,114,,110,,,69,,,,78
2015-11-27 17:00:00,51,82,,295,,78,,,70,,,,89
2015-11-27 18:00:00,60,92,172,323,,66,,,73,,,129,105
2015-11-27 19:00:00,64,107,,238,,312,,,47,,,,93
2015-11-27 20:00:00,1,354,352,303,,328,,,175,,,,166
2015-11-27 21:00:00,,62,67,277,,174,,,,,,,
2015-11-27 22:00:00,355,13,,293,,,,,,,,,
2015-11-27 23:00:00,0,31,344,300,,10,,,35,,,,113
2015-11-28 00:00:00,5,358,21,318,,272,,,330,,,153,111
2015-11-28 01:00:00,345,351,77,301,,68,,,329,,,105,118
2015-11-28 02:00:00,4,333,18,270,,303,,,52,,,82,114
2015-11-28 03:00:00,34,324,357,255,,337,,,343,,,141,113
2015-11-28 04:00:00,65,326,354,254,,25,,,345,,,105,93
2015-11-28 05:00:00,63,320,356,230,,117,,,8,,,118,107
2015-11-28 06:00:00,84,323,1,167,,58,,,358,,,77,108
2015-11-28 07:00:00,92,329,5,180,,57,,,354,,,75,96
2015-11-28 08:00:00,92,336,5,184,,85,,,20,,,95,96
2015-11-28 09:00:00,74,345,13,176,,,,,359,,,85,89
2015-11-28 10:00:00,72,348,10,172,,40,,,25,,,87,81
2015-11-28 11:00:00,95,337,7,162,,32,,,50,,,98,65
2015-11-28 12:00:00,92,349,20,170,,56,,,33,,,112,66
2015-11-28 13:00:00,78,349,18,166,,63,,,13,,,105,68
2015-11-28 14:00:00,81,56,20,150,,94,,,40,,,107,71
2015-11-28 15:00:00,77,47,14,325,,72,,,49,,,112,91
2015-11-28 16:00:00,60,16,5,189,,58,,,49,,,117,90
2015-11-28 17:00:00,28,348,12,239,,43,,,38,,,118,95
2015-11-28 18:00:00,32,343,15,221,,26,,,7,,,94,77
2015-11-28 19:00:00,37,341,21,194,,41,,,43,,,103,86
2015-11-28 20:00:00,49,342,356,213,,48,,,40,,,95,78
2015-11-28 21:00:00,70,354,360,220,,61,,,53,,,95,82
2015-11-28 22:00:00,65,333,343,198,,133,,,4,,,105,92
2015-11-28 23:00:00,44,336,355,183,,172,,,352,,,94,76
2015-11-29 00:00:00,35,338,9,195,,238,,,340,,,84,75
2015-11-29 01:00:00,68,334,353,233,,267,,,321,,,93,79
2015-11-29 02:00:00,70,359,15,258,,225,,,48,,,81,84
2015-11-29 03:00:00,33,329,357,313,,237,,,349,,,79,94
2015-11-29 04:00:00,74,358,24,171,,237,,,75,,,83,75
2015-11-29 05:00:00,60,9,20,184,,245,,,48,,,101,84
2015-11-29 06:00:00,82,15,360,200,,288,,,40,,,106,79
2015-11-29 07:00:00,41,356,354,222,,289,,,27,,,105,92
2015-11-29 08:00:00,16,360,360,181,,82,,,32,,,104,76
2015-11-29 09:00:00,71,15,18,179,,92,,,35,,,95,71
2015-11-29 10:00:00,46,355,13,224,,92,,,15,,,76,86
2015-11-29 11:00:00,72,325,19,257,,107,,,6,,,74,91
2015-11-29 12:00:00,38,60,16,166,,103,,,66,,,133,80
2015-11-29 13:00:00,22,74,202,168,,105,,,112,,,97,94
2015-11-29 14:00:00,75,78,143,43,,103,,,94,,,101,100
2015-11-29 15:00:00,83,94,121,117,,102,,,93,,,115,75
2015-11-29 16:00:00,50,95,147,120,,97,,,100,,,102,84
2015-11-29 17:00:00,67,107,147,121,,98,,,89,,,108,94
2015-11-29 18:00:00,60,114,150,121,,117,,,72,,,113,77
2015-11-29 19:00:00,79,113,150,137,,106,,,77,,,108,80
2015-11-29 20:00:00,63,117,149,145,,111,,,73,,,111,69
2015-11-29 21:00:00,69,111,149,148,,338,,,82,,,66,71
2015-11-29 22:00:00,67,102,145,144,,309,,,82,,,72,62
2015-11-29 23:00:00,67,111,155,152,,280,,,72,,,94,80
2015-11-30 00:00:00,55,107,153,147,,77,,,68,,,99,77
2015-11-30 01:00:00,62,98,156,147,,52,,,76,,,97,81
2015-11-30 02:00:00,60,99,152,152,,337,,,71,,,80,74
2015-11-30 03:00:00,27,86,173,173,,92,,,49,,,101,74
2015-11-30 04:00:00,62,95,162,156,,75,,,65,,,103,91
2015-11-30 05:00:00,72,103,154,139,,49,,,56,,,68,74
2015-11-30 06:00:00,55,61,172,168,,71,,,49,,,93,90
2015-11-30 07:00:00,82,38,319,169,,81,,,42,,,87,66
2015-11-30 08:00:00,68,19,68,137,,120,,,43,,,319,80
2015-11-30 09:00:00,350,344,20,318,,203,,,32,,,329,155
2015-11-30 10:00:00,356,355,358,291,,256,,,63,,,346,246
2015-11-30 11:00:00,33,53,124,243,,276,,,30,,,180,75
2015-11-30 12:00:00,47,32,14,226,,120,,,90,,,98,72
2015-11-30 13:00:00,34,30,52,246,,124,,,112,,,97,83
2015-11-30 14:00:00,28,39,34,248,,92,,,309,,,100,95
2015-11-30 15:00:00,15,43,60,291,,182,,,53,,,102,101
2015-11-30 16:00:00,17,22,,300,,85,,,42,,,104,96
2015-11-30 17:00:00,65,57,,328,,80,,,68,,,107,
2015-11-30 18:00:00,110,91,155,328,,63,,,71,,,135,100
2015-11-30 19:00:00,125,91,,317,,358,,,68,,,124,114
2015-11-30 20:00:00,79,103,140,160,,25,,,79,,,138,138
2015-11-30 21:00:00,86,94,130,132,,236,,,68,,,93,116
2015-11-30 22:00:00,52,112,140,173,,286,,,62,,,264,115
2015-11-30 23:00:00,59,74,157,284,,270,,,60,,,105,93
2015-12-01 00:00:00,78,80,,324,,61,,,74,,,123,85
2015-12-01 01:00:00,63,48,91,312,,51,,,64,,,115,110
2015-12-01 02:00:00,80,98,135,156,,54,,,72,,,119,87
2015-12-01 03:00:00,11,299,112,180,,33,,,42,,,131,101
2015-12-01 04:00:00,324,347,42,280,,11,,,87,,,136,104
2015-12-01 05:00:00,158,5,29,293,,25,,,4,,,227,231
2015-12-01 06:00:00,95,60,131,287,,111,,,70,,,55,85
2015-12-01 07:00:00,95,71,137,37,,157,,,105,,,132,111
2015-12-01 08:00:00,94,65,93,151,,66,,,63,,,69,103
2015-12-01 09:00:00,57,21,38,202,,49,,,45,,,87,111
2015-12-01 10:00:00,54,47,33,269,,38,,,89,,,115,90
2015-12-01 11:00:00,58,9,18,233,,164,,,98,,,97,88
2015-12-01 12:00:00,85,45,47,220,,162,,,103,,,119,113
2015-12-01 13:00:00,106,90,46,177,,146,,,80,,,99,113
2015-12-01 14:00:00,29,103,185,185,,152,,,120,,,88,96
2015-12-01 15:00:00,90,92,162,164,,176,,,113,,,56,98
2015-12-01 16:00:00,50,102,153,148,,192,,,107,,,107,108
2015-12-01 17:00:00,79,100,152,121,,119,,,96,,,136,94
2015-12-01 18:00:00,75,111,159,124,,119,,,76,,,134,109
2015-12-01 19:00:00,45,103,160,151,,124,,,67,,,140,128
2015-12-01 20:00:00,27,115,161,153,,114,,,67,,,184,116
2015-12-01 21:00:00,50,95,163,155,,104,,,75,,,115,102
2015-12-01 22:00:00,40,91,144,173,,74,,,69,,,93,104
2015-12-01 23:00:00,32,81,51,166,,58,,,61,,,117,98
2015-12-02 00:00:00,7,49,66,189,,55,,,77,,,125,102
2015-12-02 01:00:00,63,48,31,235,,41,,,64,,,221,105
2015-12-02 02:00:00,19,2,27,281,,15,,,67,,,292,88
2015-12-02 03:00:00,18,332,349,290,,352,,,108,,,260,74
2015-12-02 04:00:00,344,318,350,274,,298,,,330,,,248,94
2015-12-02 05:00:00,322,315,346,310,,311,,,292,,,252,101
2015-12-02 06:00:00,308,301,340,338,,321,,,260,,,282,172
2015-12-02 07:00:00,261,291,310,322,,310,,,265,,,251,267
2015-12-02 08:00:00,24,331,343,322,,295,,,285,,,327,170
2015-12-02 09:00:00,39,327,353,267,,39,,,341,,,87,98
2015-12-02 10:00:00,72,324,7,113,,111,,,356,,,101,97
2015-12-02 11:00:00,72,346,11,158,,28,,,4,,,89,92
2015-12-02 12:00:00,46,349,16,217,,48,,,21,,,102,89
2015-12-02 13:00:00,60,348,14,223,,68,,,10,,,103,80
2015-12-02 14:00:00,68,0,18,22,,46,,,8,,,97,90
2015-12-02 15:00:00,43,6,29,358,,67,,,36,,,99,84
2015-12-02 16:00:00,51,353,10,300,,105,,,53,,,91,77
2015-12-02 17:00:00,65,338,310,281,,76,,,75,,,112,86
2015-12-02 18:00:00,26,300,277,304,,190,,,118,,,118,78
2015-12-02 19:00:00,318,299,304,276,,266,,,222,,,136,96
2015-12-02 20:00:00,142,288,307,259,,223,,,246,,,135,112
2015-12-02 21:00:00,177,186,217,319,,260,,,2,,,125,112
2015-12-02 22:00:00,105,61,174,306,,230,,,207,,,83,121
2015-12-02 23:00:00,98,101,174,120,,168,,,234,,,335,106
2015-12-03 00:00:00,112,92,169,157,,321,,,179,,,109,108
2015-12-03 01:00:00,251,189,160,294,,301,,,203,,,148,102
2015-12-03 02:00:00,286,335,31,289,,290,,,149,,,95,134
2015-12-03 03:00:00,51,305,334,292,,282,,,225,,,295,140
2015-12-03 04:00:00,230,309,328,303,,299,,,246,,,54,190
2015-12-03 05:00:00,296,292,317,326,,257,,,240,,,327,283
2015-12-03 06:00:00,252,268,297,343,,240,,,231,,,204,171
2015-12-03 07:00:00,259,237,312,329,,258,,,255,,,320,226
2015-12-03 08:00:00,25,254,322,331,,105,,,267,,,42,248
2015-12-03 09:00:00,21,10,348,312,,76,,,353,,,103,70
2015-12-03 10:00:00,72,60,86,125,,101,,,67,,,124,91
2015-12-03 11:00:00,64,90,132,123,,92,,,86,,,107,62
2015-12-03 12:00:00,53,98,143,117,,125,,,81,,,108,68
2015-12-03 13:00:00,40,101,135,123,,103,,,82,,,106,67
2015-12-03 14:00:00,68,111,147,106,,99,,,80,,,99,62
2015-12-03 15:00:00,56,100,125,95,,100,,,88,,,84,59
2015-12-03 16:00:00,80,100,149,99,,103,,,89,,,118,109
2015-12-03 17:00:00,96,,137,101,,103,,,91,,,127,105
2015-12-03 18:00:00,95,102,129,102,,100,,,101,,,128,83
2015-12-03 19:00:00,116,115,155,102,,134,,,102,,,118,91
2015-12-03 20:00:00,103,118,155,109,,161,,,91,,,122,130
2015-12-03 21:00:00,97,85,158,103,,183,,,97,,,149,137
2015-12-03 22:00:00,54,86,163,102,,194,,,170,,,147,145
2015-12-03 23:00:00,335,96,156,106,,149,,,97,,,149,138
2015-12-04 00:00:00,47,89,141,109,,115,,,64,,,170,137
2015-12-04 01:00:00,30,80,132,142,,139,,,71,,,122,137
2015-12-04 02:00:00,9,84,126,325,,121,,,67,,,75,138
2015-12-04 03:00:00,348,102,152,271,,135,,,91,,,323,150
2015-12-04 04:00:00,322,53,164,327,,130,,,170,,,35,151
2015-12-04 05:00:00,305,54,140,310,,165,,,59,,,0,144
2015-12-04 06:00:00,344,23,36,301,,118,,,89,,,349,216
2015-12-04 07:00:00,315,9,323,279,,118,,,225,,,83,128
2015-12-04 08:00:00,322,65,180,317,,122,,,274,,,151,60
2015-12-04 09:00:00,15,104,141,9,,108,,,280,,,94,113
2015-12-04 10:00:00,45,104,138,143,,121,,,86,,,141,99
2015-12-04 11:00:00,36,95,154,125,,97,,,75,,,134,81
2015-12-04 12:00:00,42,105,161,114,,111,,,84,,,109,70
2015-12-04 13:00:00,62,100,155,97,,100,,,85,,,100,57
2015-12-04 14:00:00,89,98,165,102,,97,,,93,,,88,67
2015-12-04 15:00:00,128,104,163,100,,101,,,88,,,101,76
2015-12-04 16:00:00,86,100,156,102,,95,,,94,,,113,85
2015-12-04 17:00:00,109,97,146,101,,92,,,99,,,130,86
2015-12-04 18:00:00,91,106,139,99,,95,,,105,,,130,74
2015-12-04 19:00:00,108,101,143,100,,129,,,108,,,,77
2015-12-04 20:00:00,107,114,169,103,,224,,,107,,,,109
2015-12-04 21:00:00,102,109,149,123,,238,,,124,,,,135
2015-12-04 22:00:00,97,92,153,154,,235,,,121,,,,145
2015-12-04 23:00:00,28,89,122,115,,231,,,271,,,,134
2015-12-05 00:00:00,296,347,85,265,,277,,,273,,,,225
2015-12-05 01:00:00,292,345,33,271,,190,,,70,,,,253
2015-12-05 02:00:00,272,2,119,345,,222,,,192,,,,145
2015-12-05 03:00:00,287,87,201,308,,172,,,134,,,,240
2015-12-05 04:00:00,274,263,231,319,,219,,,218,,,,179
2015-12-05 05:00:00,228,323,325,302,,278,,,228,,,,240
2015-12-05 06:00:00,219,78,7,278,,240,,,232,,,,245
2015-12-05 07:00:00,305,,41,312,,219,,,215,,,,259
2015-12-05 08:00:00,309,,357,334,,80,,,244,,,,282
2015-12-05 09:00:00,3,,36,313,,87,,,276,,,,290
2015-12-05 10:00:00,17,,164,159,,86,,,19,,,,94
2015-12-05 11:00:00,25,,139,125,,100,,,75,,,,87
2015-12-05 12:00:00,25,,122,87,,102,,,80,,,,66
2015-12-05 13:00:00,50,,148,109,,92,,,89,,,,67
2015-12-05 14:00:00,43,,144,96,,94,,,90,,,,65
2015-12-05 15:00:00,63,,173,91,,99,,,88,,,,56
2015-12-05 16:00:00,119,,158,101,,113,,,79,,,,70
2015-12-05 17:00:00,113,,147,96,,99,,,71,,,,81
2015-12-05 18:00:00,100,,164,94,,137,,,117,,,,96
2015-12-05 19:00:00,107,,172,88,,213,,,182,,,,141
2015-12-05 20:00:00,360,,175,152,,201,,,141,,,,147
2015-12-05 21:00:00,296,,172,251,,266,,,206,,,,195
2015-12-05 22:00:00,250,,62,303,,254,,,216,,,,235
2015-12-05 23:00:00,227,,49,284,,251,,,195,,,,244
2015-12-06 00:00:00,224,,3,283,,137,,,237,,,,252
2015-12-06 01:00:00,219,,344,270,,108,,,262,,,,257
2015-12-06 02:00:00,216,,345,321,,13,,,252,,,,238
2015-12-06 03:00:00,223,,24,305,,302,,,279,,,,251
2015-12-06 04:00:00,243,,353,277,,297,,,284,,,,266
2015-12-06 05:00:00,224,,337,287,,294,,,288,,,,223
2015-12-06 06:00:00,127,,315,329,,218,,,281,,,,268
2015-12-06 07:00:00,219,,315,328,,258,,,268,,,,291
2015-12-06 08:00:00,176,,316,332,,278,,,257,,,,248
2015-12-06 09:00:00,219,,340,292,,43,,,255,,,,237
2015-12-06 10:00:00,322,,332,26,,99,,,333,,,,54
2015-12-06 11:00:00,10,,2,122,,122,,,10,,,,71
2015-12-06 12:00:00,18,,16,129,,128,,,53,,,,74
2015-12-06 13:00:00,7,,32,161,,62,,,61,,,,85
2015-12-06 14:00:00,33,,59,185,,106,,,57,,,,
2015-12-06 15:00:00,39,,43,98,,92,,,43,,,,68
2015-12-06 16:00:00,60,,71,63,,86,,,55,,,,66
2015-12-06 17:00:00,72,,89,66,,77,,,66,,,,80
2015-12-06 18:00:00,72,,81,77,,71,,,90,,,,81
2015-12-06 19:00:00,56,,56,136,,70,,,40,,,,90
2015-12-06 20:00:00,37,,341,138,,18,,,57,,,,85
2015-12-06 21:00:00,30,,332,343,,299,,,62,,,,89
2015-12-06 22:00:00,17,,335,262,,282,,,235,,,,101
2015-12-06 23:00:00,100,,302,282,,297,,,200,,,,102
2015-12-07 00:00:00,108,,324,290,,259,,,184,,,,88
2015-12-07 01:00:00,275,,323,304,,249,,,219,,,,124
2015-12-07 02:00:00,287,,5,299,,253,,,227,,,,193
2015-12-07 03:00:00,248,,8,298,,255,,,130,,,,233
2015-12-07 04:00:00,215,,360,277,,136,,,183,,,,213
2015-12-07 05:00:00,279,,337,251,,112,,,269,,,,267
2015-12-07 06:00:00,253,,333,324,,189,,,121,,,,182
2015-12-07 07:00:00,186,,300,101,,336,,,119,,,,243
2015-12-07 08:00:00,162,,327,87,,356,,,50,,,,267
2015-12-07 09:00:00,84,,12,155,,29,,,54,,,,311
2015-12-07 10:00:00,77,,12,144,,103,,,69,,,91,88
2015-12-07 11:00:00,121,97,29,139,,104,,,83,,,116,106
2015-12-07 12:00:00,127,120,155,127,,94,,,90,,,98,113
2015-12-07 13:00:00,74,133,170,132,,128,,,96,,,116,99
2015-12-07 14:00:00,67,122,167,135,,113,,,98,,,103,87
2015-12-07 15:00:00,65,112,150,122,,120,,,98,,,109,86
2015-12-07 16:00:00,60,116,162,118,,113,,,99,,,104,79
2015-12-07 17:00:00,88,129,151,120,,118,,,83,,,124,87
2015-12-07 18:00:00,111,129,169,102,,142,,,94,,,144,97
2015-12-07 19:00:00,117,122,172,125,,137,,,154,,,160,93
2015-12-07 20:00:00,127,124,172,131,,148,,,243,,,152,111
2015-12-07 21:00:00,227,134,162,116,,248,,,207,,,62,137
2015-12-07 22:00:00,222,148,169,91,,230,,,221,,,286,224
2015-12-07 23:00:00,243,128,10,281,,193,,,213,,,288,242
2015-12-08 00:00:00,218,86,6,322,,226,,,240,,,355,233
2015-12-08 01:00:00,229,75,335,315,,256,,,244,,,270,238
2015-12-08 02:00:00,238,358,334,312,,254,,,250,,,270,233
2015-12-08 03:00:00,251,313,333,335,,248,,,254,,,306,231
2015-12-08 04:00:00,217,344,323,337,,257,,,241,,,266,241
2015-12-08 05:00:00,231,109,324,336,,254,,,245,,,296,241
2015-12-08 06:00:00,250,92,342,335,,183,,,239,,,301,233
2015-12-08 07:00:00,282,27,315,344,,243,,,239,,,282,203
2015-12-08 08:00:00,289,75,334,334,,32,,,265,,,323,181
2015-12-08 09:00:00,35,357,347,308,,78,,,183,,,100,73
2015-12-08 10:00:00,11,41,351,186,,75,,,173,,,129,78
2015-12-08 11:00:00,35,64,322,218,,85,,,42,,,71,72
2015-12-08 12:00:00,59,36,6,150,,124,,,93,,,87,77
2015-12-08 13:00:00,70,93,227,143,,147,,,79,,,93,80
2015-12-08 14:00:00,80,128,151,128,,125,,,87,,,110,78
2015-12-08 15:00:00,62,115,167,133,,127,,,88,,,103,87
2015-12-08 16:00:00,54,118,155,131,,128,,,84,,,113,91
2015-12-08 17:00:00,79,128,152,118,,170,,,96,,,134,96
2015-12-08 18:00:00,63,107,138,143,,178,,,127,,,188,137
2015-12-08 19:00:00,99,107,161,145,,193,,,168,,,71,138
2015-12-08 20:00:00,205,,184,200,,212,,,195,,,251,203
2015-12-08 21:00:00,240,46,119,320,,207,,,225,,,300,183
2015-12-08 22:00:00,257,359,36,312,,300,,,242,,,327,195
2015-12-08 23:00:00,249,286,309,306,,278,,,242,,,276,245
2015-12-09 00:00:00,240,273,296,320,,269,,,255,,,298,244
2015-12-09 01:00:00,266,302,329,324,,265,,,257,,,288,256
2015-12-09 02:00:00,313,283,329,317,,215,,,272,,,287,242
2015-12-09 03:00:00,214,243,317,330,,257,,,270,,,259,234
2015-12-09 04:00:00,238,259,318,302,,259,,,260,,,262,213
2015-12-09 05:00:00,285,243,310,316,,176,,,260,,,270,224
2015-12-09 06:00:00,260,204,294,313,,266,,,258,,,281,236
2015-12-09 07:00:00,251,227,328,322,,333,,,250,,,292,246
2015-12-09 08:00:00,232,207,297,331,,127,,,258,,,243,238
2015-12-09 09:00:00,223,216,304,332,,144,,,245,,,327,245
2015-12-09 10:00:00,281,282,330,316,,113,,,242,,,13,236
2015-12-09 11:00:00,19,333,324,242,,115,,,214,,,96,159
2015-12-09 12:00:00,54,9,338,148,,156,,,69,,,102,92
2015-12-09 13:00:00,73,94,186,130,,119,,,84,,,102,82
2015-12-09 14:00:00,63,113,143,118,,127,,,93,,,100,73
2015-12-09 15:00:00,61,109,133,120,,103,,,91,,,89,67
2015-12-09 16:00:00,84,109,156,105,,115,,,80,,,119,95
2015-12-09 17:00:00,86,116,155,104,,134,,,100,,,173,126
2015-12-09 18:00:00,62,109,153,106,,155,,,142,,,172,137
2015-12-09 19:00:00,82,111,162,104,,152,,,156,,,289,140
2015-12-09 20:00:00,75,90,175,134,,168,,,173,,,299,136
2015-12-09 21:00:00,204,165,175,295,,180,,,235,,,5,226
2015-12-09 22:00:00,229,149,115,307,,257,,,259,,,288,235
2015-12-09 23:00:00,216,305,4,306,,260,,,242,,,301,240
2015-12-10 00:00:00,218,257,332,305,,218,,,249,,,296,241
2015-12-10 01:00:00,222,250,330,334,,250,,,254,,,291,265
2015-12-10 02:00:00,295,241,295,327,,202,,,260,,,259,180
2015-12-10 03:00:00,239,190,298,329,,226,,,249,,,247,201
2015-12-10 04:00:00,306,214,302,297,,243,,,250,,,269,224
2015-12-10 05:00:00,229,240,313,300,,113,,,256,,,269,224
2015-12-10 06:00:00,250,218,309,328,,227,,,253,,,236,260
2015-12-10 07:00:00,309,213,295,316,,161,,,246,,,267,248
2015-12-10 08:00:00,329,213,318,323,,203,,,255,,,289,229
2015-12-10 09:00:00,209,253,299,303,,179,,,251,,,345,240
2015-12-10 10:00:00,320,299,292,184,,,,,274,,,61,54
2015-12-10 11:00:00,44,194,311,139,,168,,,352,,,118,85
2015-12-10 12:00:00,85,119,322,137,,128,,,96,,,105,87
2015-12-10 13:00:00,81,119,344,138,,136,,,83,,,80,81
2015-12-10 14:00:00,92,145,195,144,,150,,,105,,,99,76
2015-12-10 15:00:00,92,124,172,145,,171,,,131,,,103,95
2015-12-10 16:00:00,126,127,166,0,,171,,,118,,,122,123
2015-12-10 17:00:00,138,137,181,130,,162,,,180,,,211,107
2015-12-10 18:00:00,253,196,183,111,,290,,,225,,,242,177
2015-12-10 19:00:00,208,199,91,262,,305,,,221,,,301,247
2015-12-10 20:00:00,224,153,335,301,,240,,,234,,,244,244
2015-12-10 21:00:00,215,294,49,295,,281,,,236,,,262,243
2015-12-10 22:00:00,220,275,323,295,,294,,,246,,,245,210
2015-12-10 23:00:00,273,279,301,289,,295,,,252,,,246,235
2015-12-11 00:00:00,214,211,321,295,,277,,,264,,,244,237
2015-12-11 01:00:00,259,226,308,302,,269,,,257,,,256,178
2015-12-11 02:00:00,215,258,318,315,,194,,,251,,,252,243
2015-12-11 03:00:00,280,245,315,281,,242,,,259,,,247,261
2015-12-11 04:00:00,215,190,330,315,,263,,,253,,,253,262
2015-12-11 05:00:00,219,223,325,326,,258,,,245,,,260,233
2015-12-11 06:00:00,204,216,319,326,,229,,,248,,,261,188
2015-12-11 07:00:00,230,226,310,324,,247,,,254,,,267,233
2015-12-11 08:00:00,324,263,315,330,,111,,,243,,,247,183
2015-12-11 09:00:00,264,28,310,334,,,,,254,,,284,254
2015-12-11 10:00:00,351,355,350,,,128,,,258,,,268,241
2015-12-11 11:00:00,17,343,332,308,,,,,257,,,54,95
2015-12-11 12:00:00,66,55,,169,,131,,,99,,,81,106
2015-12-11 13:00:00,72,99,167,139,,,,,90,,,123,90
2015-12-11 14:00:00,84,106,158,143,,121,,,78,,,97,91
2015-12-11 15:00:00,69,105,145,130,,,,,77,,,111,88
2015-12-11 16:00:00,56,98,146,139,,123,,,61,,,141,103
2015-12-11 17:00:00,44,96,134,115,,,,,85,,,155,100
2015-12-11 18:00:00,33,116,155,115,,,,,89,,,165,126
2015-12-11 19:00:00,292,110,161,205,,118,,,90,,,89,132
2015-12-11 20:00:00,316,75,138,305,,38,,,58,,,278,146
2015-12-11 21:00:00,350,32,81,231,,,,,59,,,20,203
2015-12-11 22:00:00,66,60,137,169,,,,,53,,,46,122
2015-12-11 23:00:00,35,52,133,235,,62,,,57,,,116,110
2015-12-12 00:00:00,7,48,148,287,,,,,40,,,174,129
2015-12-12 01:00:00,5,48,133,302,,,,,32,,,48,114
2015-12-12 02:00:00,346,5,165,305,,,,,262,,,293,188
2015-12-12 03:00:00,311,331,263,309,,,,,252,,,279,233
2015-12-12 04:00:00,264,310,341,318,,,,,268,,,288,248
2015-12-12 05:00:00,161,114,310,345,,,,,308,,,259,245
2015-12-12 06:00:00,145,97,173,319,,,,,98,,,247,227
2015-12-12 07:00:00,196,120,169,284,,,,,109,,,252,86
2015-12-12 08:00:00,86,133,174,130,,52,,,210,,,110,105
2015-12-12 09:00:00,98,110,153,143,,130,,,276,,,115,102
2015-12-12 10:00:00,43,96,143,155,,129,,,18,,,134,111
2015-12-12 11:00:00,109,97,165,145,,107,,,219,,,131,99
2015-12-12 12:00:00,87,35,100,151,,126,,,223,,,124,100
2015-12-12 13:00:00,90,68,115,128,,,,,81,,,107,76
2015-12-12 14:00:00,70,92,122,,,,,,81,,,116,109
2015-12-12 15:00:00,77,99,149,136,,105,,,68,,,120,96
2015-12-12 16:00:00,6,84,135,119,,,,,302,,,144,116
2015-12-12 17:00:00,327,47,162,,,,,,103,,,130,148
2015-12-12 18:00:00,323,8,25,295,,317,,,193,,,97,126
2015-12-12 19:00:00,218,306,4,,,,,,229,,,142,149
2015-12-12 20:00:00,197,337,341,292,,217,,,190,,,10,198
2015-12-12 21:00:00,264,269,195,,,,,,191,,,274,183
2015-12-12 22:00:00,225,267,242,,,,,,247,,,283,204
2015-12-12 23:00:00,239,305,326,324,,,,,247,,,291,215
2015-12-13 00:00:00,239,274,321,323,,290,,,258,,,254,223
2015-12-13 01:00:00,242,287,321,306,,294,,,261,,,310,236
2015-12-13 02:00:00,247,267,307,322,,293,,,252,,,322,238
2015-12-13 03:00:00,277,318,328,355,,304,,,340,,,254,99
2015-12-13 04:00:00,185,269,311,,,,,,229,,,139,80
2015-12-13 05:00:00,331,315,341,,,,,,245,,,311,213
2015-12-13 06:00:00,80,330,354,270,,,,,199,,,131,109
2015-12-13 07:00:00,95,329,4,,,,,,269,,,108,89
2015-12-13 08:00:00,129,318,11,309,,106,,,122,,,33,68
2015-12-13 09:00:00,111,339,11,310,,269,,,355,,,307,279
2015-12-13 10:00:00,110,343,16,305,,263,,,38,,,281,294
2015-12-13 11:00:00,57,282,12,288,,250,,,95,,,310,285
2015-12-13 12:00:00,17,268,51,280,,244,,,103,,,339,280
2015-12-13 13:00:00,351,252,215,272,,252,,,109,,,338,263
2015-12-13 14:00:00,359,263,294,290,,253,,,338,,,300,297
2015-12-13 15:00:00,295,281,151,291,,260,,,300,,,298,306
2015-12-13 16:00:00,0,275,49,297,,268,,,294,,,308,288
2015-12-13 17:00:00,244,283,143,316,,267,,,287,,,298,282
2015-12-13 18:00:00,230,6,140,297,,290,,,57,,,283,215
2015-12-13 19:00:00,144,107,149,257,,8,,,98,,,320,193
2015-12-13 20:00:00,141,104,150,192,,132,,,67,,,258,134
2015-12-13 21:00:00,222,60,158,158,,113,,,36,,,282,127
2015-12-13 22:00:00,64,78,105,156,,147,,,128,,,155,106
2015-12-13 23:00:00,261,74,236,303,,197,,,217,,,273,174
2015-12-14 00:00:00,215,234,351,300,,276,,,247,,,304,229
2015-12-14 01:00:00,306,5,345,324,,276,,,259,,,323,242
2015-12-14 02:00:00,200,17,317,333,,241,,,243,,,252,238
2015-12-14 03:00:00,268,217,311,301,,259,,,255,,,267,262
2015-12-14 04:00:00,273,198,285,317,,259,,,253,,,243,239
2015-12-14 05:00:00,223,185,260,285,,202,,,253,,,229,256
2015-12-14 06:00:00,267,209,287,319,,211,,,256,,,228,243
2015-12-14 07:00:00,253,206,291,314,,288,,,244,,,260,254
2015-12-14 08:00:00,240,222,296,341,,247,,,258,,,273,281
2015-12-14 09:00:00,223,55,317,324,,103,,,259,,,301,251
2015-12-14 10:00:00,164,49,332,286,,77,,,241,,,16,150
2015-12-14 11:00:00,38,110,139,154,,111,,,99,,,41,85
2015-12-14 12:00:00,41,110,161,123,,123,,,79,,,83,107
2015-12-14 13:00:00,17,105,150,112,,99,,,98,,,120,98
2015-12-14 14:00:00,40,104,158,115,,113,,,97,,,134,78
2015-12-14 15:00:00,77,121,156,103,,105,,,115,,,112,82
2015-12-14 16:00:00,122,116,151,107,,121,,,103,,,143,103
2015-12-14 17:00:00,115,110,147,115,,124,,,104,,,152,125
2015-12-14 18:00:00,113,99,146,108,,165,,,116,,,173,145
2015-12-14 19:00:00,135,96,159,129,,173,,,240,,,167,158
2015-12-14 20:00:00,108,106,128,254,,213,,,257,,,245,209
2015-12-14 21:00:00,210,84,143,286,,275,,,302,,,31,239
2015-12-14 22:00:00,269,77,139,230,,111,,,210,,,259,250
2015-12-14 23:00:00,329,96,150,154,,115,,,75,,,341,208
2015-12-15 00:00:00,305,57,158,315,,104,,,122,,,301,253
2015-12-15 01:00:00,273,355,350,287,,291,,,264,,,265,252
2015-12-15 02:00:00,248,359,307,322,,295,,,246,,,292,208
2015-12-15 03:00:00,264,295,305,312,,271,,,274,,,294,214
2015-12-15 04:00:00,246,279,295,314,,276,,,271,,,282,197
2015-12-15 05:00:00,267,255,306,306,,238,,,262,,,291,162
2015-12-15 06:00:00,285,202,319,316,,290,,,268,,,260,230
2015-12-15 07:00:00,282,299,308,325,,299,,,270,,,264,199
2015-12-15 08:00:00,275,233,314,293,,309,,,265,,,343,245
2015-12-15 09:00:00,27,267,319,,,317,,,266,,,137,264
2015-12-15 10:00:00,109,277,329,264,,327,,,250,,,105,237
2015-12-15 11:00:00,318,240,241,136,,,,,277,,,97,35
2015-12-15 12:00:00,3,319,284,137,,156,,,348,,,114,92
2015-12-15 13:00:00,85,47,30,139,,173,,,360,,,106,92
2015-12-15 14:00:00,73,109,156,130,,,,,26,,,106,86
2015-12-15 15:00:00,60,101,165,120,,,,,29,,,130,86
2015-12-15 16:00:00,61,119,144,123,,,,,203,,,139,110
2015-12-15 17:00:00,161,126,157,123,,,,,352,,,177,127
2015-12-15 18:00:00,108,125,165,140,,,,,67,,,193,145
2015-12-15 19:00:00,270,151,163,26,,,,,81,,,318,204
2015-12-15 20:00:00,278,328,41,280,,283,,,327,,,285,241
2015-12-15 21:00:00,237,295,24,,,,,,46,,,279,242
2015-12-15 22:00:00,244,306,339,,,,,,144,,,296,258
2015-12-15 23:00:00,238,308,338,274,,241,,,133,,,273,260
2015-12-16 00:00:00,214,314,356,159,,202,,,91,,,231,257
2015-12-16 01:00:00,70,314,1,240,,127,,,159,,,103,67
2015-12-16 02:00:00,115,325,5,161,,163,,,75,,,116,85
2015-12-16 03:00:00,103,330,3,149,,117,,,125,,,110,76
2015-12-16 04:00:00,96,328,5,153,,192,,,67,,,115,87
2015-12-16 05:00:00,113,318,352,113,,246,,,52,,,118,88
2015-12-16 06:00:00,136,302,359,143,,269,,,28,,,124,88
2015-12-16 07:00:00,172,296,357,49,,320,,,84,,,291,37
2015-12-16 08:00:00,126,328,9,310,,312,,,103,,,334,240
2015-12-16 09:00:00,125,354,6,324,,86,,,75,,,43,213
2015-12-16 10:00:00,81,346,,298,,63,,,69,,,88,97
2015-12-16 11:00:00,29,343,352,345,,40,,,66,,,100,112
2015-12-16 12:00:00,38,3,,27,,30,,,24,,,118,104
2015-12-16 13:00:00,31,350,15,19,,50,,,21,,,107,99
2015-12-16 14:00:00,28,15,18,32,,56,,,9,,,105,86
2015-12-16 15:00:00,60,16,,77,,63,,,85,,,110,87
2015-12-16 16:00:00,64,2,,75,,44,,,124,,,124,91
2015-12-16 17:00:00,68,350,5,41,,347,,,145,,,122,105
2015-12-16 18:00:00,23,18,39,42,,215,,,56,,,114,104
2015-12-16 19:00:00,355,330,284,44,,102,,,74,,,119,102
2015-12-16 20:00:00,335,308,301,13,,282,,,149,,,127,107
2015-12-16 21:00:00,15,308,321,13,,193,,,312,,,125,111
2015-12-16 22:00:00,7,316,357,28,,180,,,234,,,114,117
2015-12-16 23:00:00,47,308,5,170,,180,,,174,,,119,121
2015-12-17 00:00:00,94,312,6,27,,251,,,162,,,120,118
2015-12-17 01:00:00,94,314,6,32,,129,,,181,,,114,119
2015-12-17 02:00:00,101,307,346,163,,175,,,208,,,116,115
2015-12-17 03:00:00,130,289,320,139,,238,,,221,,,109,111
2015-12-17 04:00:00,97,262,294,95,,201,,,186,,,300,110
2015-12-17 05:00:00,172,4,318,233,,169,,,214,,,295,93
2015-12-17 06:00:00,164,329,317,230,,199,,,196,,,301,247
2015-12-17 07:00:00,91,314,324,306,,261,,,216,,,346,238
2015-12-17 08:00:00,169,327,332,325,,359,,,227,,,43,249
2015-12-17 09:00:00,224,340,348,16,,131,,,237,,,134,250
2015-12-17 10:00:00,41,339,4,6,,130,,,263,,,21,242
2015-12-17 11:00:00,13,342,354,36,,129,,,186,,,3,225
2015-12-17 12:00:00,29,297,299,121,,79,,,93,,,339,116
2015-12-17 13:00:00,70,47,11,137,,132,,,27,,,45,76
2015-12-17 14:00:00,81,56,73,259,,,,,61,,,94,64
2015-12-17 15:00:00,49,40,46,126,,,,,48,,,88,77
2015-12-17 16:00:00,24,22,56,68,,94,,,51,,,95,79
2015-12-17 17:00:00,48,58,92,121,,,,,89,,,126,109
2015-12-17 18:00:00,142,102,154,119,,,,,139,,,163,138
2015-12-17 19:00:00,239,103,145,259,,,,,220,,,350,185
2015-12-17 20:00:00,200,82,143,310,,,,,223,,,293,183
2015-12-17 21:00:00,242,97,158,304,,,,,218,,,332,242
2015-12-17 22:00:00,240,106,159,314,,,,,237,,,288,248
2015-12-17 23:00:00,243,107,152,310,,224,,,224,,,290,174
2015-12-18 00:00:00,252,88,29,316,,,,,229,,,254,249
2015-12-18 01:00:00,299,351,350,318,,,,,216,,,347,174
2015-12-18 02:00:00,346,324,331,308,,,,,225,,,285,148
2015-12-18 03:00:00,268,282,276,312,,,,,215,,,152,119
2015-12-18 04:00:00,177,234,270,315,,287,,,239,,,111,136
2015-12-18 05:00:00,236,186,259,108,,,,,251,,,64,236
2015-12-18 06:00:00,239,265,340,296,,,,,232,,,316,228
2015-12-18 07:00:00,230,298,355,311,,275,,,243,,,296,163
2015-12-18 08:00:00,25,319,358,103,,,,,331,,,138,99
2015-12-18 09:00:00,39,5,13,202,,83,,,37,,,81,115
2015-12-18 10:00:00,56,82,144,118,,82,,,117,,,118,104
2015-12-18 11:00:00,52,106,157,131,,,,,76,,,96,65
2015-12-18 12:00:00,54,98,126,112,,94,,,73,,,84,54
2015-12-18 13:00:00,95,105,165,107,,94,,,85,,,76,61
2015-12-18 14:00:00,120,107,173,101,,107,,,92,,,91,77
2015-12-18 15:00:00,111,101,167,104,,107,,,87,,,92,64
2015-12-18 16:00:00,87,103,168,97,,109,,,90,,,91,72
2015-12-18 17:00:00,106,116,158,106,,112,,,85,,,99,88
2015-12-18 18:00:00,126,123,159,112,,118,,,86,,,124,84
2015-12-18 19:00:00,103,110,171,109,,120,,,107,,,143,85
2015-12-18 20:00:00,117,121,163,115,,204,,,96,,,139,113
2015-12-18 21:00:00,98,105,157,123,,115,,,111,,,137,120
2015-12-18 22:00:00,87,102,150,107,,111,,,93,,,149,122
2015-12-18 23:00:00,87,107,160,102,,130,,,84,,,147,88
2015-12-19 00:00:00,58,98,155,106,,136,,,74,,,154,93
2015-12-19 01:00:00,2,91,126,140,,96,,,102,,,325,140
2015-12-19 02:00:00,335,73,112,298,,63,,,49,,,341,161
2015-12-19 03:00:00,355,25,103,313,,63,,,58,,,102,217
2015-12-19 04:00:00,11,26,359,301,,33,,,194,,,38,211
2015-12-19 05:00:00,307,15,301,315,,308,,,154,,,333,216
2015-12-19 06:00:00,275,2,262,315,,277,,,230,,,83,236
2015-12-19 07:00:00,257,346,35,313,,287,,,210,,,298,236
2015-12-19 08:00:00,2,334,324,308,,304,,,232,,,22,271
2015-12-19 09:00:00,21,338,78,277,,69,,,27,,,73,39
2015-12-19 10:00:00,11,80,140,137,,87,,,300,,,,112
2015-12-19 11:00:00,24,94,150,110,,115,,,105,,,,67
2015-12-19 12:00:00,70,114,165,100,,114,,,91,,,,51
2015-12-19 13:00:00,48,113,157,103,,105,,,88,,,,58
2015-12-19 14:00:00,60,109,152,105,,102,,,88,,,,53
2015-12-19 15:00:00,70,98,132,96,,95,,,84,,,,60
2015-12-19 16:00:00,115,102,129,97,,93,,,107,,,,91
2015-12-19 17:00:00,127,106,138,104,,87,,,115,,,,83
2015-12-19 18:00:00,130,115,146,126,,93,,,118,,,,72
2015-12-19 19:00:00,131,103,142,129,,92,,,106,,,,67
2015-12-19 20:00:00,120,76,112,122,,273,,,48,,,,101
2015-12-19 21:00:00,45,89,132,95,,139,,,63,,,,87
2015-12-19 22:00:00,47,107,150,107,,128,,,71,,,,79
2015-12-19 23:00:00,27,108,149,106,,126,,,68,,,,88
2015-12-20 00:00:00,15,93,148,73,,129,,,68,,,,118
2015-12-20 01:00:00,333,95,145,322,,109,,,70,,,,127
2015-12-20 02:00:00,343,50,136,335,,116,,,69,,,,124
2015-12-20 03:00:00,349,11,127,310,,60,,,76,,,,124
2015-12-20 04:00:00,324,355,264,300,,115,,,285,,,,143
2015-12-20 05:00:00,267,339,306,302,,293,,,244,,,,171
2015-12-20 06:00:00,239,5,341,314,,283,,,254,,,,224
2015-12-20 07:00:00,280,4,324,313,,319,,,312,,,,229
2015-12-20 08:00:00,323,10,6,346,,27,,,161,,,,201
2015-12-20 09:00:00,342,342,91,321,,321,,,283,,,,64
2015-12-20 10:00:00,332,324,34,320,,326,,,286,,,,228
2015-12-20 11:00:00,6,354,84,,,,,,350,,,,71
2015-12-20 12:00:00,354,312,39,,,,,,292,,,,101
2015-12-20 13:00:00,349,351,225,,,,,,35,,,,71
2015-12-20 14:00:00,9,147,188,,,,,,51,,,,84
2015-12-20 15:00:00,349,273,190,,,,,,18,,,,81
2015-12-20 16:00:00,319,300,308,,,,,,224,,,,90
2015-12-20 17:00:00,285,278,329,,,,,,216,,,,214
2015-12-20 18:00:00,292,360,349,,,,,,266,,,,124
2015-12-20 19:00:00,221,346,345,321,,305,,,243,,,,227
2015-12-20 20:00:00,249,277,298,316,,212,,,254,,,,221
2015-12-20 21:00:00,232,245,289,329,,156,,,219,,,,218
2015-12-20 22:00:00,278,26,276,279,,163,,,70,,,,180
2015-12-20 23:00:00,189,285,339,321,,239,,,250,,,,109
2015-12-21 00:00:00,220,239,307,330,,267,,,245,,,,283
2015-12-21 01:00:00,226,142,247,297,,168,,,304,,,,229
2015-12-21 02:00:00,236,230,317,289,,212,,,258,,,,187
2015-12-21 03:00:00,239,293,312,325,,257,,,275,,,,233
2015-12-21 04:00:00,230,288,337,270,,195,,,252,,,,121
2015-12-21 05:00:00,236,251,300,126,,168,,,234,,,,110
2015-12-21 06:00:00,229,235,259,97,,229,,,206,,,,133
2015-12-21 07:00:00,180,352,9,314,,252,,,244,,,,143
2015-12-21 08:00:00,288,275,323,305,,281,,,49,,,,67
2015-12-21 09:00:00,182,189,237,88,,191,,,239,,,,156
2015-12-21 10:00:00,163,227,225,310,,280,,,249,,,303,258
2015-12-21 11:00:00,279,275,5,309,,,,,340,,,285,280
2015-12-21 12:00:00,260,255,196,310,,274,,,104,,,285,261
2015-12-21 13:00:00,173,295,154,323,,,,,78,,,304,262
2015-12-21 14:00:00,80,69,118,311,,313,,,74,,,283,263
2015-12-21 15:00:00,118,121,167,29,,172,,,95,,,283,262
2015-12-21 16:00:00,148,162,145,145,,141,,,221,,,265,103
2015-12-21 17:00:00,278,72,122,132,,108,,,142,,,214,134
2015-12-21 18:00:00,226,81,142,172,,114,,,50,,,154,121
2015-12-21 19:00:00,321,127,150,223,,155,,,53,,,240,124
2015-12-21 20:00:00,269,349,5,320,,301,,,287,,,267,114
2015-12-21 21:00:00,230,311,336,293,,280,,,207,,,243,210
2015-12-21 22:00:00,218,274,353,308,,255,,,253,,,272,185
2015-12-21 23:00:00,241,255,282,329,,276,,,252,,,265,248
2015-12-22 00:00:00,213,230,294,316,,241,,,251,,,303,249
2015-12-22 01:00:00,290,240,280,293,,104,,,263,,,292,208
2015-12-22 02:00:00,326,114,157,317,,166,,,95,,,281,247
2015-12-22 03:00:00,253,319,105,117,,90,,,295,,,349,111
2015-12-22 04:00:00,251,143,180,313,,142,,,215,,,298,216
2015-12-22 05:00:00,264,135,190,189,,117,,,115,,,343,163
2015-12-22 06:00:00,16,90,131,312,,238,,,260,,,293,117
2015-12-22 07:00:00,237,353,297,309,,265,,,267,,,282,217
2015-12-22 08:00:00,242,339,349,323,,296,,,214,,,290,212
2015-12-22 09:00:00,330,309,342,343,,321,,,287,,,124,255
2015-12-22 10:00:00,349,291,333,331,,304,,,277,,,10,267
2015-12-22 11:00:00,17,333,326,275,,100,,,295,,,73,218
2015-12-22 12:00:00,59,2,142,125,,163,,,34,,,113,93
2015-12-22 13:00:00,68,85,23,165,,141,,,83,,,98,78
2015-12-22 14:00:00,96,106,176,145,,126,,,85,,,99,74
2015-12-22 15:00:00,56,115,173,135,,156,,,68,,,116,83
2015-12-22 16:00:00,63,131,160,134,,125,,,93,,,161,90
2015-12-22 17:00:00,353,128,160,136,,123,,,94,,,230,116
2015-12-22 18:00:00,240,106,143,160,,179,,,8,,,211,176
2015-12-22 19:00:00,227,125,143,301,,207,,,210,,,294,196
2015-12-22 20:00:00,195,46,76,310,,266,,,116,,,264,239
2015-12-22 21:00:00,227,340,9,318,,224,,,229,,,266,229
2015-12-22 22:00:00,233,270,310,318,,284,,,249,,,266,217
2015-12-22 23:00:00,227,297,317,323,,165,,,255,,,292,250
2015-12-23 00:00:00,237,259,311,170,,299,,,273,,,232,244
2015-12-23 01:00:00,239,301,315,322,,245,,,276,,,319,231
2015-12-23 02:00:00,208,222,298,120,,205,,,220,,,234,184
2015-12-23 03:00:00,214,228,328,136,,222,,,251,,,301,238
2015-12-23 04:00:00,222,247,255,219,,196,,,238,,,288,265
2015-12-23 05:00:00,235,237,302,133,,269,,,242,,,196,197
2015-12-23 06:00:00,244,229,224,116,,199,,,245,,,289,245
2015-12-23 07:00:00,245,263,297,152,,198,,,265,,,285,243
2015-12-23 08:00:00,246,238,20,8,,100,,,262,,,270,250
2015-12-23 09:00:00,216,84,339,129,,124,,,256,,,225,222
2015-12-23 10:00:00,172,127,331,122,,109,,,279,,,102,52
2015-12-23 11:00:00,117,128,334,130,,146,,,238,,,109,92
2015-12-23 12:00:00,130,93,92,207,,149,,,275,,,99,84
2015-12-23 13:00:00,73,93,89,139,,100,,,98,,,125,98
2015-12-23 14:00:00,104,118,191,120,,103,,,101,,,124,111
2015-12-23 15:00:00,115,101,159,115,,,,,105,,,137,122
2015-12-23 16:00:00,125,120,142,108,,171,,,100,,,177,133
2015-12-23 17:00:00,113,108,147,113,,152,,,102,,,172,133
2015-12-23 18:00:00,85,106,155,108,,128,,,87,,,164,85
2015-12-23 19:00:00,87,96,160,110,,145,,,293,,,243,151
2015-12-23 20:00:00,110,95,151,103,,167,,,182,,,256,211
2015-12-23 21:00:00,282,88,159,112,,246,,,146,,,179,203
2015-12-23 22:00:00,283,61,147,111,,222,,,136,,,258,222
2015-12-23 23:00:00,249,338,137,293,,257,,,119,,,286,226
2015-12-24 00:00:00,235,304,317,328,,238,,,235,,,253,246
2015-12-24 01:00:00,229,264,311,292,,248,,,250,,,290,249
2015-12-24 02:00:00,226,244,319,323,,254,,,258,,,284,246
2015-12-24 03:00:00,234,252,303,324,,306,,,259,,,268,253
2015-12-24 04:00:00,236,212,298,312,,237,,,261,,,270,252
2015-12-24 05:00:00,225,269,307,242,,187,,,266,,,276,288
2015-12-24 06:00:00,215,226,318,164,,286,,,258,,,238,272
2015-12-24 07:00:00,217,241,299,290,,290,,,248,,,219,266
2015-12-24 08:00:00,220,236,295,53,,231,,,243,,,204,270
2015-12-24 09:00:00,191,203,280,337,,184,,,247,,,11,277
2015-12-24 10:00:00,196,190,320,334,,53,,,241,,,299,262
2015-12-24 11:00:00,231,134,339,297,,292,,,122,,,122,237
2015-12-24 12:00:00,66,137,346,274,,152,,,79,,,346,84
2015-12-24 13:00:00,75,118,313,187,,125,,,79,,,77,105
2015-12-24 14:00:00,60,115,153,127,,132,,,87,,,105,90
2015-12-24 15:00:00,66,108,167,126,,149,,,112,,,121,84
2015-12-24 16:00:00,97,114,145,119,,169,,,111,,,129,131
2015-12-24 17:00:00,75,102,147,108,,128,,,90,,,119,113
2015-12-24 18:00:00,86,112,155,110,,124,,,70,,,157,82
2015-12-24 19:00:00,87,112,163,109,,109,,,86,,,157,97
2015-12-24 20:00:00,67,96,161,101,,271,,,98,,,235,129
2015-12-24 21:00:00,98,99,148,108,,212,,,245,,,149,137
2015-12-24 22:00:00,92,103,176,181,,268,,,159,,,246,173
2015-12-24 23:00:00,313,133,61,302,,272,,,257,,,286,196
2015-12-25 00:00:00,296,337,356,290,,288,,,235,,,233,266
2015-12-25 01:00:00,209,299,314,319,,260,,,239,,,1,253
2015-12-25 02:00:00,226,255,298,17,,232,,,223,,,292,266
2015-12-25 03:00:00,287,275,309,295,,250,,,242,,,261,245
2015-12-25 04:00:00,225,247,307,300,,255,,,243,,,310,252
2015-12-25 05:00:00,215,217,287,313,,244,,,250,,,271,254
2015-12-25 06:00:00,234,127,316,300,,215,,,259,,,294,265
2015-12-25 07:00:00,215,192,311,276,,259,,,247,,,264,258
2015-12-25 08:00:00,263,206,343,295,,288,,,244,,,295,271
2015-12-25 09:00:00,224,151,340,29,,97,,,285,,,358,251
2015-12-25 10:00:00,73,92,31,149,,91,,,78,,,339,16
2015-12-25 11:00:00,70,104,107,152,,108,,,68,,,117,90
2015-12-25 12:00:00,66,117,141,144,,116,,,68,,,104,83
2015-12-25 13:00:00,55,78,139,151,,104,,,90,,,114,87
2015-12-25 14:00:00,55,102,172,132,,121,,,79,,,121,78
2015-12-25 15:00:00,61,99,160,106,,112,,,75,,,107,71
2015-12-25 16:00:00,57,98,156,98,,129,,,88,,,109,62
2015-12-25 17:00:00,85,107,134,98,,122,,,77,,,139,110
2015-12-25 18:00:00,101,79,117,106,,124,,,70,,,139,125
2015-12-25 19:00:00,51,91,117,111,,143,,,78,,,,132
2015-12-25 20:00:00,350,45,157,165,,210,,,114,,,138,155
2015-12-25 21:00:00,309,20,166,90,,140,,,178,,,310,152
2015-12-25 22:00:00,300,359,142,302,,282,,,211,,,336,225
2015-12-25 23:00:00,246,60,132,328,,176,,,203,,,225,234
2015-12-26 00:00:00,242,93,145,308,,169,,,223,,,270,240
2015-12-26 01:00:00,227,106,167,310,,167,,,174,,,239,233
2015-12-26 02:00:00,235,82,156,310,,240,,,230,,,268,247
2015-12-26 03:00:00,234,128,157,311,,248,,,198,,,287,236
2015-12-26 04:00:00,232,231,178,335,,277,,,238,,,323,239
2015-12-26 05:00:00,274,208,233,333,,254,,,241,,,247,242
2015-12-26 06:00:00,233,232,313,313,,274,,,239,,,285,243
2015-12-26 07:00:00,256,251,329,334,,264,,,251,,,259,268
2015-12-26 08:00:00,250,288,331,330,,304,,,256,,,8,252
2015-12-26 09:00:00,191,340,337,214,,111,,,252,,,,88
2015-12-26 10:00:00,97,1,38,150,,120,,,85,,,105,104
2015-12-26 11:00:00,88,21,100,120,,138,,,91,,,116,86
2015-12-26 12:00:00,63,110,178,140,,145,,,66,,,114,111
2015-12-26 13:00:00,70,114,151,142,,84,,,61,,,105,102
2015-12-26 14:00:00,84,112,157,140,,105,,,65,,,127,103
2015-12-26 15:00:00,47,103,165,106,,104,,,85,,,119,90
2015-12-26 16:00:00,62,104,154,92,,109,,,57,,,113,77
2015-12-26 17:00:00,55,81,106,117,,67,,,109,,,224,55
2015-12-26 18:00:00,314,22,73,251,,255,,,100,,,135,129
2015-12-26 19:00:00,299,319,119,269,,252,,,44,,,285,143
2015-12-26 20:00:00,262,5,144,268,,243,,,207,,,271,215
2015-12-26 21:00:00,274,96,134,301,,167,,,135,,,274,178
2015-12-26 22:00:00,258,66,120,288,,188,,,277,,,263,173
2015-12-26 23:00:00,255,351,107,310,,282,,,192,,,279,182
2015-12-27 00:00:00,293,332,127,296,,278,,,228,,,295,187
2015-12-27 01:00:00,226,286,322,321,,289,,,253,,,227,195
2015-12-27 02:00:00,243,290,316,329,,260,,,246,,,251,190
2015-12-27 03:00:00,252,288,313,323,,286,,,257,,,288,235
2015-12-27 04:00:00,243,307,320,323,,293,,,251,,,283,240
2015-12-27 05:00:00,234,277,313,337,,301,,,259,,,284,148
2015-12-27 06:00:00,247,281,309,334,,295,,,252,,,244,271
2015-12-27 07:00:00,36,330,1,222,,355,,,347,,,212,123
2015-12-27 08:00:00,89,319,2,152,,142,,,329,,,95,90
2015-12-27 09:00:00,79,346,12,192,,130,,,346,,,102,92
2015-12-27 10:00:00,71,347,8,210,,44,,,15,,,94,88
2015-12-27 11:00:00,54,344,7,170,,19,,,23,,,91,103
2015-12-27 12:00:00,109,350,12,171,,357,,,24,,,84,87
2015-12-27 13:00:00,119,345,12,279,,302,,,37,,,318,45
2015-12-27 14:00:00,312,319,7,308,,300,,,316,,,292,297
2015-12-27 15:00:00,313,323,7,334,,324,,,333,,,291,290
2015-12-27 16:00:00,326,325,,332,,318,,,342,,,290,291
2015-12-27 17:00:00,309,334,10,331,,324,,,344,,,292,285
2015-12-27 18:00:00,305,325,3,316,,312,,,330,,,294,283
2015-12-27 19:00:00,300,314,349,307,,315,,,295,,,298,281
2015-12-27 20:00:00,293,301,345,307,,311,,,290,,,298,282
2015-12-27 21:00:00,263,273,356,310,,294,,,289,,,294,284
2015-12-27 22:00:00,273,286,358,329,,280,,,276,,,299,280
2015-12-27 23:00:00,296,294,316,327,,271,,,276,,,295,284
2015-12-28 00:00:00,310,307,330,312,,277,,,286,,,302,279
2015-12-28 01:00:00,337,297,340,314,,302,,,295,,,290,271
2015-12-28 02:00:00,333,281,352,306,,279,,,287,,,281,268
2015-12-28 03:00:00,283,300,342,285,,278,,,338,,,311,284
2015-12-28 04:00:00,39,277,358,288,,291,,,322,,,344,273
2015-12-28 05:00:00,110,286,355,294,,270,,,281,,,305,254
2015-12-28 06:00:00,121,296,333,281,,265,,,95,,,310,252
2015-12-28 07:00:00,80,79,219,271,,252,,,92,,,297,248
2015-12-28 08:00:00,67,105,169,295,,245,,,88,,,305,261
2015-12-28 09:00:00,69,117,162,279,,259,,,85,,,314,264
2015-12-28 10:00:00,70,119,177,277,,245,,,85,,,327,253
2015-12-28 11:00:00,75,109,172,147,,132,,,83,,,325,76
2015-12-28 12:00:00,48,119,247,148,,138,,,101,,,49,83
2015-12-28 13:00:00,72,121,41,155,,125,,,98,,,86,84
2015-12-28 14:00:00,83,137,230,137,,141,,,92,,,,70
2015-12-28 15:00:00,66,131,141,143,,151,,,107,,,,75
2015-12-28 16:00:00,70,122,160,145,,182,,,102,,,104,71
2015-12-28 17:00:00,83,120,167,115,,118,,,81,,,137,115
2015-12-28 18:00:00,115,118,159,109,,124,,,96,,,142,93
2015-12-28 19:00:00,102,108,145,109,,137,,,133,,,157,100
2015-12-28 20:00:00,88,102,154,103,,115,,,124,,,152,97
2015-12-28 21:00:00,90,112,162,98,,135,,,96,,,143,88
2015-12-28 22:00:00,25,112,159,100,,136,,,96,,,143,69
2015-12-28 23:00:00,0,104,157,103,,132,,,123,,,161,74
2015-12-29 00:00:00,3,108,154,98,,127,,,113,,,160,101
2015-12-29 01:00:00,35,104,147,99,,145,,,133,,,158,114
2015-12-29 02:00:00,20,40,97,119,,4,,,144,,,187,99
2015-12-29 03:00:00,353,352,94,203,,35,,,68,,,9,142
2015-12-29 04:00:00,27,10,88,230,,50,,,33,,,339,156
2015-12-29 05:00:00,359,360,34,269,,346,,,77,,,31,157
2015-12-29 06:00:00,311,1,45,282,,347,,,98,,,279,193
2015-12-29 07:00:00,43,72,192,322,,94,,,75,,,301,166
2015-12-29 08:00:00,47,98,154,169,,104,,,62,,,286,126
2015-12-29 09:00:00,21,110,152,185,,91,,,33,,,116,115
2015-12-29 10:00:00,22,95,157,193,,110,,,43,,,126,95
2015-12-29 11:00:00,40,65,119,263,,90,,,58,,,80,100
2015-12-29 12:00:00,15,85,150,202,,44,,,94,,,75,124
2015-12-29 13:00:00,50,113,153,150,,95,,,79,,,103,76
2015-12-29 14:00:00,66,113,160,138,,91,,,71,,,87,80
2015-12-29 15:00:00,54,103,136,146,,99,,,66,,,103,81
2015-12-29 16:00:00,45,78,112,125,,110,,,73,,,111,83
2015-12-29 17:00:00,49,84,131,136,,104,,,74,,,142,90
2015-12-29 18:00:00,55,69,146,148,,136,,,73,,,135,88
2015-12-29 19:00:00,28,123,172,122,,192,,,152,,,147,117
2015-12-29 20:00:00,285,191,231,324,,223,,,219,,,200,154
2015-12-29 21:00:00,212,125,281,314,,243,,,231,,,270,210
2015-12-29 22:00:00,218,186,157,311,,247,,,237,,,291,245
2015-12-29 23:00:00,228,312,331,332,,285,,,243,,,295,238
2015-12-30 00:00:00,218,321,339,344,,294,,,238,,,16,240
2015-12-30 01:00:00,223,304,329,331,,285,,,265,,,221,243
2015-12-30 02:00:00,205,345,341,335,,80,,,269,,,283,263
2015-12-30 03:00:00,206,335,353,350,,32,,,322,,,287,257
2015-12-30 04:00:00,213,337,357,327,,257,,,311,,,95,270
2015-12-30 05:00:00,91,331,1,269,,249,,,341,,,261,358
2015-12-30 06:00:00,59,337,1,317,,107,,,346,,,86,266
2015-12-30 07:00:00,42,341,4,287,,81,,,36,,,127,177
2015-12-30 08:00:00,74,352,360,226,,112,,,64,,,128,97
2015-12-30 09:00:00,47,345,0,198,,330,,,41,,,133,95
2015-12-30 10:00:00,99,345,360,169,,3,,,351,,,115,88
2015-12-30 11:00:00,109,354,354,198,,163,,,332,,,62,86
2015-12-30 12:00:00,97,1,7,221,,180,,,276,,,70,81
2015-12-30 13:00:00,5,6,8,244,,152,,,340,,,32,81
2015-12-30 14:00:00,51,59,43,154,,128,,,53,,,103,80
2015-12-30 15:00:00,48,31,41,92,,85,,,62,,,115,79
2015-12-30 16:00:00,71,45,46,113,,79,,,71,,,132,94
2015-12-30 17:00:00,67,78,105,73,,87,,,77,,,137,108
2015-12-30 18:00:00,71,120,149,92,,84,,,86,,,125,104
2015-12-30 19:00:00,110,112,148,102,,117,,,85,,,130,80
2015-12-30 20:00:00,103,119,153,109,,110,,,89,,,113,62
2015-12-30 21:00:00,84,113,162,101,,114,,,76,,,167,62
2015-12-30 22:00:00,90,111,156,106,,113,,,82,,,165,60
2015-12-30 23:00:00,103,115,155,116,,111,,,88,,,141,52
2015-12-31 00:00:00,119,106,154,92,,105,,,53,,,110,70
2015-12-31 01:00:00,91,91,151,84,,104,,,96,,,132,65
2015-12-31 02:00:00,63,110,153,86,,91,,,70,,,103,77
2015-12-31 03:00:00,55,108,178,122,,91,,,71,,,110,80
2015-12-31 04:00:00,53,104,166,118,,95,,,77,,,115,76
2015-12-31 05:00:00,47,51,97,133,,34,,,60,,,138,81
2015-12-31 06:00:00,35,26,37,291,,35,,,48,,,136,101
2015-12-31 07:00:00,53,35,30,268,,74,,,58,,,124,101
2015-12-31 08:00:00,40,38,74,222,,77,,,66,,,114,88
2015-12-31 09:00:00,49,39,73,28,,58,,,45,,,118,83
2015-12-31 10:00:00,40,33,51,155,,55,,,47,,,128,71
2015-12-31 11:00:00,13,359,20,243,,18,,,33,,,144,88
2015-12-31 12:00:00,15,2,5,322,,44,,,25,,,149,96
2015-12-31 13:00:00,17,18,22,153,,78,,,36,,,141,100
2015-12-31 14:00:00,34,33,62,9,,70,,,53,,,140,99
2015-12-31 15:00:00,35,15,34,20,,44,,,52,,,136,99
2015-12-31 16:00:00,18,5,23,184,,67,,,40,,,147,96
2015-12-31 17:00:00,30,5,27,229,,64,,,36,,,138,98
2015-12-31 18:00:00,54,6,12,239,,95,,,48,,,119,80
2015-12-31 19:00:00,59,2,0,203,,81,,,59,,,108,77
2015-12-31 20:00:00,53,344,353,241,,119,,,50,,,99,88
2015-12-31 21:00:00,70,334,346,242,,109,,,265,,,128,101
2015-12-31 22:00:00,147,324,357,280,,325,,,292,,,94,100
2015-12-31 23:00:00,119,327,355,284,,108,,,170,,,96,87
2016-01-01 00:00:00,47,339,351,325,,80,,,69,,,107,96
2016-01-01 01:00:00,28,315,345,277,,17,,,27,,,115,107
2016-01-01 02:00:00,71,332,360,296,,178,,,301,,,96,92
2016-01-01 03:00:00,42,357,23,235,,78,,,21,,,100,80
2016-01-01 04:00:00,30,346,358,259,,97,,,44,,,111,93
2016-01-01 05:00:00,59,337,4,157,,79,,,352,,,113,92
2016-01-01 06:00:00,53,357,12,199,,87,,,280,,,97,105
2016-01-01 07:00:00,48,346,2,162,,91,,,32,,,104,92
2016-01-01 08:00:00,50,348,9,27,,101,,,356,,,103,80
2016-01-01 09:00:00,59,345,16,55,,124,,,38,,,102,93
2016-01-01 10:00:00,70,355,15,248,,63,,,57,,,107,93
2016-01-01 11:00:00,38,350,13,60,,78,,,39,,,108,88
2016-01-01 12:00:00,39,353,11,26,,39,,,357,,,108,84
2016-01-01 13:00:00,31,354,17,57,,57,,,8,,,111,89
2016-01-01 14:00:00,27,,12,316,,35,,,3,,,113,87
2016-01-01 15:00:00,33,2,17,245,,33,,,12,,,111,95
2016-01-01 16:00:00,47,8,17,24,,60,,,111,,,110,85
2016-01-01 17:00:00,36,352,5,22,,71,,,31,,,105,87
2016-01-01 18:00:00,63,345,11,162,,137,,,47,,,113,87
2016-01-01 19:00:00,71,2,2,48,,83,,,71,,,105,83
2016-01-01 20:00:00,35,335,357,7,,234,,,346,,,127,87
2016-01-01 21:00:00,63,349,4,154,,70,,,19,,,133,97
2016-01-01 22:00:00,63,356,14,178,,57,,,33,,,112,72
2016-01-01 23:00:00,59,353,356,214,,33,,,49,,,114,73
2016-01-02 00:00:00,82,338,348,246,,15,,,351,,,118,82
2016-01-02 01:00:00,87,5,8,241,,55,,,34,,,97,69
2016-01-02 02:00:00,60,358,353,190,,63,,,42,,,98,80
2016-01-02 03:00:00,49,350,4,253,,49,,,34,,,98,88
2016-01-02 04:00:00,62,345,360,208,,96,,,38,,,126,83
2016-01-02 05:00:00,106,25,351,172,,86,,,82,,,101,79
2016-01-02 06:00:00,78,10,323,182,,115,,,61,,,106,91
2016-01-02 07:00:00,44,311,345,216,,95,,,134,,,130,91
2016-01-02 08:00:00,128,337,349,274,,48,,,162,,,123,61
2016-01-02 09:00:00,94,15,13,177,,85,,,70,,,93,80
2016-01-02 10:00:00,45,358,347,185,,139,,,80,,,112,102
2016-01-02 11:00:00,82,25,15,188,,102,,,60,,,103,79
2016-01-02 12:00:00,69,35,26,332,,81,,,36,,,95,77
2016-01-02 13:00:00,45,3,5,257,,16,,,43,,,116,92
2016-01-02 14:00:00,82,12,20,239,,57,,,45,,,115,101
2016-01-02 15:00:00,77,18,36,108,,61,,,66,,,107,82
2016-01-02 16:00:00,79,44,17,56,,52,,,66,,,113,86
2016-01-02 17:00:00,52,35,18,61,,66,,,49,,,111,85
2016-01-02 18:00:00,8,8,9,338,,16,,,33,,,100,71
2016-01-02 19:00:00,18,346,10,294,,20,,,4,,,118,110
2016-01-02 20:00:00,18,336,359,286,,24,,,329,,,55,140
2016-01-02 21:00:00,23,359,14,269,,112,,,17,,,321,87
2016-01-02 22:00:00,77,1,13,179,,76,,,58,,,19,75
2016-01-02 23:00:00,90,19,8,145,,96,,,54,,,108,76
2016-01-03 00:00:00,40,340,355,175,,57,,,21,,,109,81
2016-01-03 01:00:00,51,5,7,156,,78,,,60,,,107,95
2016-01-03 02:00:00,50,337,335,236,,34,,,33,,,93,90
2016-01-03 03:00:00,96,334,359,275,,329,,,186,,,91,88
2016-01-03 04:00:00,69,353,354,269,,34,,,334,,,116,72
2016-01-03 05:00:00,28,319,338,268,,11,,,297,,,104,78
2016-01-03 06:00:00,188,274,339,222,,334,,,282,,,130,256
2016-01-03 07:00:00,321,352,332,314,,295,,,290,,,203,264
2016-01-03 08:00:00,11,16,350,127,,300,,,354,,,214,252
2016-01-03 09:00:00,66,355,8,174,,56,,,54,,,342,152
2016-01-03 10:00:00,86,356,12,153,,90,,,33,,,,85
2016-01-03 11:00:00,41,348,18,196,,168,,,17,,,,80
2016-01-03 12:00:00,24,350,17,202,,122,,,165,,,,86
2016-01-03 13:00:00,25,308,10,152,,176,,,285,,,,100
2016-01-03 14:00:00,28,1,24,148,,139,,,224,,,,109
2016-01-03 15:00:00,124,7,23,103,,64,,,91,,,99,111
2016-01-03 16:00:00,27,14,31,59,,33,,,31,,,123,114
2016-01-03 17:00:00,34,30,33,54,,53,,,38,,,109,92
2016-01-03 18:00:00,41,360,3,40,,75,,,24,,,110,85
2016-01-03 19:00:00,16,344,13,52,,70,,,16,,,108,84
2016-01-03 20:00:00,27,328,334,223,,67,,,324,,,133,94
2016-01-03 21:00:00,70,341,14,276,,308,,,22,,,129,98
2016-01-03 22:00:00,100,345,359,274,,276,,,24,,,122,94
2016-01-03 23:00:00,100,300,206,225,,264,,,267,,,100,98
2016-01-04 00:00:00,102,331,175,182,,333,,,324,,,107,98
2016-01-04 01:00:00,68,51,163,198,,295,,,60,,,134,92
2016-01-04 02:00:00,104,118,170,179,,330,,,54,,,134,105
2016-01-04 03:00:00,101,181,157,302,,289,,,267,,,137,98
2016-01-04 04:00:00,84,2,40,301,,331,,,239,,,139,113
2016-01-04 05:00:00,63,357,26,315,,30,,,10,,,128,97
2016-01-04 06:00:00,31,22,21,293,,335,,,63,,,210,109
2016-01-04 07:00:00,43,51,304,277,,269,,,74,,,327,73
2016-01-04 08:00:00,70,318,330,348,,268,,,109,,,101,82
2016-01-04 09:00:00,62,324,334,205,,296,,,115,,,126,78
2016-01-04 10:00:00,83,9,348,240,,353,,,147,,,127,64
2016-01-04 11:00:00,40,29,26,263,,32,,,42,,,105,69
2016-01-04 12:00:00,8,11,36,150,,33,,,51,,,101,72
2016-01-04 13:00:00,23,16,64,94,,70,,,53,,,115,91
2016-01-04 14:00:00,71,107,176,174,,100,,,115,,,126,85
2016-01-04 15:00:00,75,117,154,142,,127,,,126,,,127,82
2016-01-04 16:00:00,83,128,149,147,,126,,,115,,,123,63
2016-01-04 17:00:00,119,131,152,121,,121,,,99,,,117,66
2016-01-04 18:00:00,117,131,170,109,,139,,,106,,,100,67
2016-01-04 19:00:00,127,125,168,129,,123,,,122,,,100,70
2016-01-04 20:00:00,103,119,165,130,,124,,,118,,,94,73
2016-01-04 21:00:00,81,119,162,136,,119,,,122,,,119,73
2016-01-04 22:00:00,80,116,158,140,,114,,,120,,,134,69
2016-01-04 23:00:00,67,106,153,111,,100,,,108,,,119,65
2016-01-05 00:00:00,106,95,159,110,,85,,,95,,,118,71
2016-01-05 01:00:00,127,102,158,111,,71,,,93,,,110,75
2016-01-05 02:00:00,140,118,164,116,,107,,,94,,,105,81
2016-01-05 03:00:00,138,94,131,149,,100,,,116,,,127,84
2016-01-05 04:00:00,82,100,104,94,,88,,,79,,,134,99
2016-01-05 05:00:00,62,104,112,109,,90,,,74,,,124,62
2016-01-05 06:00:00,66,103,159,108,,93,,,73,,,102,60
2016-01-05 07:00:00,67,96,153,106,,78,,,155,,,101,60
2016-01-05 08:00:00,62,100,156,134,,80,,,36,,,138,100
2016-01-05 09:00:00,89,120,156,145,,61,,,72,,,128,69
2016-01-05 10:00:00,97,111,150,157,,91,,,70,,,122,74
2016-01-05 11:00:00,88,101,164,259,,136,,,326,,,101,57
2016-01-05 12:00:00,77,105,147,133,,78,,,332,,,131,101
2016-01-05 13:00:00,72,108,143,346,,133,,,119,,,103,65
2016-01-05 14:00:00,42,99,127,88,,111,,,72,,,110,49
2016-01-05 15:00:00,49,100,132,108,,107,,,81,,,96,58
2016-01-05 16:00:00,61,85,151,123,,89,,,87,,,115,55
2016-01-05 17:00:00,68,117,159,102,,111,,,82,,,114,73
2016-01-05 18:00:00,71,122,165,111,,104,,,99,,,117,96
2016-01-05 19:00:00,108,118,158,107,,148,,,80,,,122,75
2016-01-05 20:00:00,124,129,159,114,,135,,,83,,,111,97
2016-01-05 21:00:00,102,123,146,108,,126,,,63,,,106,72
2016-01-05 22:00:00,71,118,165,123,,124,,,77,,,140,79
2016-01-05 23:00:00,64,110,171,151,,125,,,74,,,127,81
2016-01-06 00:00:00,15,124,160,167,,83,,,42,,,120,98
2016-01-06 01:00:00,358,312,196,343,,354,,,2,,,170,125
2016-01-06 02:00:00,313,356,284,327,,43,,,249,,,282,141
2016-01-06 03:00:00,245,323,6,333,,333,,,242,,,301,271
2016-01-06 04:00:00,277,4,18,324,,,,,247,,,229,275
2016-01-06 05:00:00,39,29,22,235,,156,,,294,,,243,279
2016-01-06 06:00:00,240,356,354,110,,42,,,262,,,217,181
2016-01-06 07:00:00,242,319,328,296,,332,,,228,,,237,158
2016-01-06 08:00:00,131,254,273,293,,301,,,254,,,270,185
2016-01-06 09:00:00,52,78,294,153,,111,,,8,,,309,294
2016-01-06 10:00:00,65,120,53,160,,110,,,69,,,154,64
2016-01-06 11:00:00,47,72,112,173,,100,,,88,,,87,82
2016-01-06 12:00:00,23,55,65,163,,95,,,69,,,71,85
2016-01-06 13:00:00,20,17,120,143,,91,,,81,,,14,74
2016-01-06 14:00:00,29,76,92,157,,109,,,73,,,91,66
2016-01-06 15:00:00,91,118,155,142,,100,,,75,,,108,86
2016-01-06 16:00:00,70,101,123,154,,117,,,61,,,113,89
2016-01-06 17:00:00,73,71,112,151,,111,,,56,,,122,98
2016-01-06 18:00:00,66,80,114,145,,123,,,78,,,135,116
2016-01-06 19:00:00,58,44,91,157,,153,,,57,,,108,137
2016-01-06 20:00:00,25,96,167,164,,178,,,61,,,117,146
2016-01-06 21:00:00,246,99,168,169,,210,,,233,,,200,161
2016-01-06 22:00:00,213,139,209,322,,330,,,207,,,301,225
2016-01-06 23:00:00,245,207,226,337,,212,,,224,,,298,189
2016-01-07 00:00:00,256,256,320,301,,279,,,229,,,264,185
2016-01-07 01:00:00,291,281,327,318,,285,,,250,,,269,212
2016-01-07 02:00:00,227,262,330,302,,292,,,262,,,249,239
2016-01-07 03:00:00,283,233,321,293,,284,,,262,,,260,236
2016-01-07 04:00:00,298,291,321,293,,306,,,271,,,260,238
2016-01-07 05:00:00,238,264,311,309,,317,,,257,,,253,244
2016-01-07 06:00:00,245,233,312,336,,297,,,245,,,243,252
2016-01-07 07:00:00,208,271,314,340,,324,,,260,,,248,253
2016-01-07 08:00:00,162,290,304,318,,270,,,243,,,67,249
2016-01-07 09:00:00,169,288,326,324,,265,,,241,,,258,223
2016-01-07 10:00:00,108,301,330,311,,324,,,233,,,305,266
2016-01-07 11:00:00,108,311,336,306,,289,,,168,,,293,290
2016-01-07 12:00:00,360,313,356,314,,286,,,111,,,299,291
2016-01-07 13:00:00,358,106,129,312,,294,,,92,,,294,285
2016-01-07 14:00:00,64,103,159,314,,99,,,84,,,309,310
2016-01-07 15:00:00,57,108,162,308,,114,,,80,,,309,67
2016-01-07 16:00:00,64,115,154,276,,111,,,90,,,308,90
2016-01-07 17:00:00,77,114,151,145,,110,,,74,,,94,120
2016-01-07 18:00:00,63,100,149,145,,111,,,62,,,132,124
2016-01-07 19:00:00,334,104,154,184,,102,,,74,,,86,118
2016-01-07 20:00:00,317,89,104,188,,168,,,248,,,66,117
2016-01-07 21:00:00,281,40,42,300,,242,,,263,,,58,137
2016-01-07 22:00:00,196,41,26,295,,298,,,272,,,38,149
2016-01-07 23:00:00,245,356,10,304,,287,,,95,,,326,187
2016-01-08 00:00:00,199,358,345,326,,74,,,76,,,53,221
2016-01-08 01:00:00,216,312,314,318,,338,,,186,,,300,240
2016-01-08 02:00:00,234,303,309,315,,236,,,265,,,286,240
2016-01-08 03:00:00,219,331,321,319,,108,,,246,,,301,246
2016-01-08 04:00:00,239,350,325,332,,6,,,251,,,287,250
2016-01-08 05:00:00,222,298,303,327,,198,,,293,,,278,246
2016-01-08 06:00:00,265,302,310,347,,289,,,242,,,256,258
2016-01-08 07:00:00,234,265,288,308,,286,,,252,,,269,217
2016-01-08 08:00:00,333,276,308,312,,291,,,257,,,300,255
2016-01-08 09:00:00,223,327,321,195,,84,,,268,,,127,277
2016-01-08 10:00:00,84,303,5,140,,150,,,322,,,55,98
2016-01-08 11:00:00,89,352,3,158,,164,,,1,,,107,83
2016-01-08 12:00:00,93,114,18,128,,133,,,28,,,59,82
2016-01-08 13:00:00,65,163,3,134,,111,,,57,,,357,74
2016-01-08 14:00:00,54,140,16,153,,162,,,95,,,23,69
2016-01-08 15:00:00,92,130,185,138,,169,,,112,,,101,88
2016-01-08 16:00:00,149,113,132,140,,151,,,140,,,106,88
2016-01-08 17:00:00,101,104,129,115,,106,,,78,,,99,98
2016-01-08 18:00:00,27,89,154,117,,95,,,84,,,152,114
2016-01-08 19:00:00,33,75,152,106,,100,,,84,,,219,142
2016-01-08 20:00:00,315,353,134,301,,206,,,314,,,251,175
2016-01-08 21:00:00,222,209,245,342,,203,,,225,,,298,178
2016-01-08 22:00:00,224,233,266,318,,292,,,254,,,289,255
2016-01-08 23:00:00,221,316,357,334,,278,,,245,,,292,249
2016-01-09 00:00:00,246,310,350,323,,277,,,260,,,305,241
2016-01-09 01:00:00,355,344,7,317,,283,,,337,,,280,265
2016-01-09 02:00:00,142,321,11,326,,144,,,154,,,293,296
2016-01-09 03:00:00,142,332,11,315,,290,,,144,,,278,248
2016-01-09 04:00:00,146,334,1,339,,289,,,229,,,272,295
2016-01-09 05:00:00,134,326,3,341,,297,,,87,,,279,111
2016-01-09 06:00:00,133,358,340,313,,293,,,166,,,277,88
2016-01-09 07:00:00,199,319,355,260,,272,,,147,,,278,183
2016-01-09 08:00:00,164,323,58,265,,330,,,215,,,275,255
2016-01-09 09:00:00,127,331,38,303,,326,,,278,,,286,295
2016-01-09 10:00:00,104,341,354,307,,316,,,32,,,303,296
2016-01-09 11:00:00,101,355,351,296,,326,,,,,,325,290
2016-01-09 12:00:00,299,336,347,293,,331,,,331,,,327,284
2016-01-09 13:00:00,313,347,358,285,,330,,,1,,,329,290
2016-01-09 14:00:00,311,10,360,274,,16,,,341,,,,277
2016-01-09 15:00:00,312,4,19,252,,333,,,29,,,,146
2016-01-09 16:00:00,42,8,23,81,,43,,,27,,,,110
2016-01-09 17:00:00,58,4,13,54,,49,,,26,,,,75
2016-01-09 18:00:00,47,15,29,46,,96,,,74,,,,99
2016-01-09 19:00:00,35,359,5,39,,93,,,63,,,,94
2016-01-09 20:00:00,12,3,324,45,,79,,,69,,,,92
2016-01-09 21:00:00,356,51,240,43,,14,,,94,,,,80
2016-01-09 22:00:00,10,13,263,40,,251,,,58,,,,57
2016-01-09 23:00:00,351,351,329,36,,190,,,276,,,,83
2016-01-10 00:00:00,346,337,322,50,,234,,,266,,,,104
2016-01-10 01:00:00,11,315,320,28,,212,,,263,,,,117
2016-01-10 02:00:00,26,309,331,55,,257,,,223,,,,121
2016-01-10 03:00:00,40,313,323,216,,174,,,208,,,,120
2016-01-10 04:00:00,55,323,323,220,,197,,,203,,,,116
2016-01-10 05:00:00,70,356,318,194,,179,,,4,,,,108
2016-01-10 06:00:00,95,355,241,178,,85,,,209,,,,110
2016-01-10 07:00:00,110,326,180,205,,296,,,214,,,,94
2016-01-10 08:00:00,79,120,169,160,,358,,,209,,,,104
2016-01-10 09:00:00,34,110,148,88,,103,,,76,,,,68
2016-01-10 10:00:00,35,104,132,123,,113,,,74,,,,59
2016-01-10 11:00:00,42,104,165,105,,100,,,79,,,,60
2016-01-10 12:00:00,42,101,168,94,,101,,,79,,,,50
2016-01-10 13:00:00,58,103,160,87,,101,,,78,,,,40
2016-01-10 14:00:00,71,106,157,99,,96,,,86,,,,47
2016-01-10 15:00:00,91,102,144,100,,97,,,85,,,,61
2016-01-10 16:00:00,91,110,151,101,,102,,,95,,,,74
2016-01-10 17:00:00,104,114,128,107,,105,,,88,,,,82
2016-01-10 18:00:00,68,81,115,89,,86,,,87,,,,83
2016-01-10 19:00:00,73,108,133,96,,102,,,85,,,,68
2016-01-10 20:00:00,104,112,158,105,,95,,,93,,,,67
2016-01-10 21:00:00,106,121,153,108,,110,,,93,,,,65
2016-01-10 22:00:00,76,106,147,101,,107,,,74,,,,58
2016-01-10 23:00:00,65,105,150,98,,110,,,70,,,,58
2016-01-11 00:00:00,49,99,145,101,,122,,,76,,,,63
2016-01-11 01:00:00,40,99,126,103,,101,,,70,,,,76
2016-01-11 02:00:00,9,81,127,11,,86,,,72,,,,111
2016-01-11 03:00:00,23,103,159,225,,112,,,79,,,,117
2016-01-11 04:00:00,302,72,116,217,,147,,,241,,,,121
2016-01-11 05:00:00,254,319,3,295,,271,,,257,,,,215
2016-01-11 06:00:00,293,321,1,322,,295,,,268,,,,236
2016-01-11 07:00:00,263,319,5,316,,275,,,262,,,,228
2016-01-11 08:00:00,243,315,348,319,,331,,,261,,,,209
2016-01-11 09:00:00,2,319,322,334,,2,,,245,,,,232
2016-01-11 10:00:00,21,307,345,339,,24,,,256,,,26,151
2016-01-11 11:00:00,34,114,87,162,,100,,,79,,,313,117
2016-01-11 12:00:00,20,116,185,26,,89,,,56,,,57,93
2016-01-11 13:00:00,62,119,149,158,,106,,,63,,,92,81
2016-01-11 14:00:00,57,76,130,146,,77,,,73,,,109,68
2016-01-11 15:00:00,25,82,95,118,,96,,,70,,,103,68
2016-01-11 16:00:00,43,72,87,74,,73,,,56,,,105,73
2016-01-11 17:00:00,74,63,113,71,,67,,,56,,,109,88
2016-01-11 18:00:00,78,98,123,103,,89,,,74,,,132,107
2016-01-11 19:00:00,70,106,141,146,,88,,,78,,,122,94
2016-01-11 20:00:00,29,103,181,209,,48,,,75,,,139,92
2016-01-11 21:00:00,355,113,167,316,,43,,,122,,,130,107
2016-01-11 22:00:00,93,39,55,307,,46,,,91,,,159,106
2016-01-11 23:00:00,84,360,33,16,,11,,,72,,,116,93
2016-01-12 00:00:00,246,310,335,280,,303,,,236,,,90,134
2016-01-12 01:00:00,326,326,348,315,,308,,,257,,,288,227
2016-01-12 02:00:00,257,355,348,294,,331,,,274,,,182,234
2016-01-12 03:00:00,225,12,357,311,,310,,,263,,,260,262
2016-01-12 04:00:00,230,331,353,325,,260,,,215,,,264,249
2016-01-12 05:00:00,254,317,337,331,,117,,,259,,,262,236
2016-01-12 06:00:00,239,323,326,315,,94,,,261,,,199,253
2016-01-12 07:00:00,215,18,308,301,,128,,,258,,,258,257
2016-01-12 08:00:00,207,73,337,318,,81,,,259,,,280,267
2016-01-12 09:00:00,32,2,339,342,,82,,,59,,,105,15
2016-01-12 10:00:00,61,357,35,231,,80,,,50,,,110,79
2016-01-12 11:00:00,81,18,360,239,,127,,,59,,,111,82
2016-01-12 12:00:00,80,356,52,159,,134,,,94,,,96,88
2016-01-12 13:00:00,44,11,98,138,,106,,,123,,,94,88
2016-01-12 14:00:00,53,88,134,117,,96,,,90,,,107,83
2016-01-12 15:00:00,54,116,146,120,,117,,,79,,,103,72
2016-01-12 16:00:00,72,110,159,115,,104,,,77,,,93,69
2016-01-12 17:00:00,70,102,129,106,,116,,,96,,,106,81
2016-01-12 18:00:00,86,,142,103,,98,,,94,,,120,103
2016-01-12 19:00:00,99,,150,103,,124,,,81,,,120,99
2016-01-12 20:00:00,69,106,159,105,,142,,,75,,,153,128
2016-01-12 21:00:00,59,104,159,112,,142,,,87,,,144,136
2016-01-12 22:00:00,69,104,162,106,,144,,,131,,,137,137
2016-01-12 23:00:00,58,101,167,111,,144,,,327,,,118,124
2016-01-13 00:00:00,66,92,156,133,,166,,,233,,,284,165
2016-01-13 01:00:00,357,58,40,273,,284,,,211,,,323,242
2016-01-13 02:00:00,215,360,2,285,,292,,,296,,,321,238
2016-01-13 03:00:00,221,336,339,340,,349,,,296,,,51,238
2016-01-13 04:00:00,240,314,333,294,,287,,,261,,,262,261
2016-01-13 05:00:00,237,332,326,320,,306,,,272,,,253,245
2016-01-13 06:00:00,223,309,328,343,,307,,,265,,,343,249
2016-01-13 07:00:00,248,330,296,337,,212,,,227,,,10,272
2016-01-13 08:00:00,244,310,306,5,,300,,,254,,,6,271
2016-01-13 09:00:00,325,339,359,313,,18,,,279,,,339,262
2016-01-13 10:00:00,17,20,139,337,,63,,,46,,,29,78
2016-01-13 11:00:00,31,106,141,169,,80,,,47,,,93,84
2016-01-13 12:00:00,49,82,87,164,,88,,,72,,,105,79
2016-01-13 13:00:00,55,75,89,84,,81,,,43,,,107,79
2016-01-13 14:00:00,48,58,116,104,,90,,,50,,,105,77
2016-01-13 15:00:00,17,38,112,162,,97,,,56,,,110,78
2016-01-13 16:00:00,34,78,135,150,,93,,,40,,,135,93
2016-01-13 17:00:00,49,75,120,124,,103,,,46,,,124,100
2016-01-13 18:00:00,60,64,116,74,,76,,,51,,,140,102
2016-01-13 19:00:00,61,74,104,129,,74,,,65,,,138,90
2016-01-13 20:00:00,66,81,148,156,,89,,,72,,,147,94
2016-01-13 21:00:00,29,75,157,188,,103,,,56,,,130,113
2016-01-13 22:00:00,102,148,263,59,,73,,,59,,,39,196
2016-01-13 23:00:00,127,168,184,113,,124,,,162,,,350,43
2016-01-14 00:00:00,241,356,339,295,,15,,,326,,,280,330
2016-01-14 01:00:00,284,312,6,321,,311,,,284,,,264,214
2016-01-14 02:00:00,273,345,346,320,,309,,,330,,,213,316
2016-01-14 03:00:00,288,307,12,307,,280,,,239,,,251,186
2016-01-14 04:00:00,107,59,317,138,,31,,,87,,,283,123
2016-01-14 05:00:00,218,339,294,356,,271,,,275,,,244,148
2016-01-14 06:00:00,228,305,327,305,,234,,,262,,,286,208
2016-01-14 07:00:00,308,52,341,334,,288,,,249,,,309,230
2016-01-14 08:00:00,241,6,328,324,,154,,,241,,,294,232
2016-01-14 09:00:00,160,330,339,305,,94,,,262,,,337,249
2016-01-14 10:00:00,43,4,325,202,,89,,,57,,,104,100
2016-01-14 11:00:00,74,22,345,155,,125,,,81,,,70,48
2016-01-14 12:00:00,56,26,21,221,,102,,,97,,,14,52
2016-01-14 13:00:00,50,329,298,165,,133,,,99,,,71,81
2016-01-14 14:00:00,111,146,145,147,,127,,,104,,,90,93
2016-01-14 15:00:00,85,132,174,143,,133,,,115,,,97,80
2016-01-14 16:00:00,115,133,177,136,,139,,,91,,,119,83
2016-01-14 17:00:00,112,128,169,137,,154,,,78,,,135,132
2016-01-14 18:00:00,222,135,165,125,,135,,,214,,,147,137
2016-01-14 19:00:00,236,160,161,127,,162,,,230,,,266,218
2016-01-14 20:00:00,204,164,170,123,,265,,,237,,,293,231
2016-01-14 21:00:00,227,270,149,318,,284,,,191,,,289,250
2016-01-14 22:00:00,127,89,109,314,,292,,,259,,,260,250
2016-01-14 23:00:00,165,244,20,303,,316,,,237,,,289,224
2016-01-15 00:00:00,225,271,319,313,,208,,,211,,,285,134
2016-01-15 01:00:00,265,234,287,118,,241,,,258,,,286,122
2016-01-15 02:00:00,276,236,319,62,,203,,,249,,,292,228
2016-01-15 03:00:00,308,256,280,202,,170,,,253,,,309,298
2016-01-15 04:00:00,239,238,262,94,,206,,,248,,,333,210
2016-01-15 05:00:00,226,33,338,283,,275,,,247,,,286,235
2016-01-15 06:00:00,218,265,315,309,,279,,,256,,,328,252
2016-01-15 07:00:00,217,279,301,334,,150,,,252,,,259,253
2016-01-15 08:00:00,213,216,308,329,,93,,,266,,,287,256
2016-01-15 09:00:00,202,302,320,333,,117,,,257,,,246,256
2016-01-15 10:00:00,206,75,296,309,,285,,,244,,,360,253
2016-01-15 11:00:00,45,63,324,285,,277,,,236,,,328,243
2016-01-15 12:00:00,17,272,16,295,,265,,,239,,,70,151
2016-01-15 13:00:00,128,318,327,261,,261,,,87,,,36,100
2016-01-15 14:00:00,128,128,20,267,,145,,,127,,,8,97
2016-01-15 15:00:00,146,116,197,246,,137,,,130,,,102,120
2016-01-15 16:00:00,134,116,166,145,,160,,,119,,,157,128
2016-01-15 17:00:00,157,121,147,143,,155,,,84,,,231,126
2016-01-15 18:00:00,156,100,150,119,,145,,,258,,,238,145
2016-01-15 19:00:00,239,98,158,127,,135,,,203,,,267,211
2016-01-15 20:00:00,206,121,160,302,,282,,,316,,,281,222
2016-01-15 21:00:00,272,138,140,302,,299,,,252,,,292,211
2016-01-15 22:00:00,220,99,130,287,,314,,,245,,,311,229
2016-01-15 23:00:00,230,44,125,307,,240,,,255,,,274,201
2016-01-16 00:00:00,280,335,147,315,,237,,,210,,,283,214
2016-01-16 01:00:00,221,326,328,322,,292,,,255,,,258,231
2016-01-16 02:00:00,262,295,287,322,,313,,,286,,,296,238
2016-01-16 03:00:00,232,278,301,323,,293,,,263,,,302,265
2016-01-16 04:00:00,240,288,318,324,,300,,,252,,,295,264
2016-01-16 05:00:00,198,302,318,330,,274,,,254,,,278,269
2016-01-16 06:00:00,279,278,344,313,,269,,,290,,,289,283
2016-01-16 07:00:00,280,279,327,308,,261,,,283,,,285,283
2016-01-16 08:00:00,304,278,318,310,,,,,272,,,287,279
2016-01-16 09:00:00,294,275,328,292,,,,,278,,,275,269
2016-01-16 10:00:00,272,280,319,294,,,,,284,,,284,270
2016-01-16 11:00:00,282,283,327,300,,278,,,289,,,273,265
2016-01-16 12:00:00,280,273,313,297,,284,,,289,,,267,254
2016-01-16 13:00:00,281,273,315,296,,296,,,,,,272,258
2016-01-16 14:00:00,299,279,326,297,,301,,,286,,,272,258
2016-01-16 15:00:00,294,290,326,297,,301,,,286,,,270,259
2016-01-16 16:00:00,299,296,343,291,,302,,,281,,,266,254
2016-01-16 17:00:00,291,316,352,297,,314,,,282,,,266,254
2016-01-16 18:00:00,276,329,3,306,,308,,,313,,,275,264
2016-01-16 19:00:00,304,329,355,298,,260,,,313,,,273,273
2016-01-16 20:00:00,258,330,15,316,,292,,,83,,,292,233
2016-01-16 21:00:00,42,329,14,46,,89,,,35,,,145,104
2016-01-16 22:00:00,54,18,358,58,,115,,,41,,,101,86
2016-01-16 23:00:00,36,345,336,38,,133,,,324,,,104,83
2016-01-17 00:00:00,37,328,335,34,,100,,,296,,,104,94
2016-01-17 01:00:00,40,298,342,33,,177,,,243,,,112,103
2016-01-17 02:00:00,53,307,321,76,,125,,,235,,,111,100
2016-01-17 03:00:00,48,293,303,203,,157,,,241,,,112,94
2016-01-17 04:00:00,26,298,297,172,,269,,,250,,,138,97
2016-01-17 05:00:00,89,296,291,232,,271,,,159,,,84,128
2016-01-17 06:00:00,133,34,204,304,,291,,,84,,,340,171
2016-01-17 07:00:00,123,3,178,129,,316,,,227,,,325,153
2016-01-17 08:00:00,126,132,160,163,,1,,,318,,,333,249
2016-01-17 09:00:00,116,120,168,132,,115,,,88,,,59,19
2016-01-17 10:00:00,106,111,157,106,,111,,,84,,,110,60
2016-01-17 11:00:00,39,109,155,116,,116,,,89,,,100,64
2016-01-17 12:00:00,25,106,158,116,,106,,,85,,,97,62
2016-01-17 13:00:00,29,103,157,85,,88,,,81,,,109,61
2016-01-17 14:00:00,34,100,150,92,,102,,,85,,,96,52
2016-01-17 15:00:00,47,97,157,93,,98,,,82,,,94,45
2016-01-17 16:00:00,52,101,144,97,,86,,,89,,,82,49
2016-01-17 17:00:00,68,99,142,104,,101,,,87,,,93,68
2016-01-17 18:00:00,55,90,120,95,,92,,,77,,,123,74
2016-01-17 19:00:00,53,76,107,84,,100,,,83,,,128,74
2016-01-17 20:00:00,67,107,144,95,,151,,,88,,,143,88
2016-01-17 21:00:00,126,110,165,158,,184,,,98,,,122,146
2016-01-17 22:00:00,12,104,148,276,,105,,,354,,,310,202
2016-01-17 23:00:00,284,102,131,135,,148,,,252,,,308,241
2016-01-18 00:00:00,295,22,75,289,,292,,,33,,,285,153
2016-01-18 01:00:00,266,331,335,301,,291,,,295,,,294,267
2016-01-18 02:00:00,10,291,324,302,,262,,,285,,,318,109
2016-01-18 03:00:00,227,270,276,314,,278,,,272,,,249,125
2016-01-18 04:00:00,265,284,312,323,,292,,,263,,,271,234
2016-01-18 05:00:00,266,293,319,331,,257,,,262,,,263,254
2016-01-18 06:00:00,227,217,321,337,,305,,,257,,,288,241
2016-01-18 07:00:00,231,213,310,337,,175,,,257,,,288,262
2016-01-18 08:00:00,234,189,314,340,,137,,,254,,,316,245
2016-01-18 09:00:00,250,223,292,,,105,,,250,,,310,266
2016-01-18 10:00:00,345,356,354,325,,123,,,250,,,313,310
2016-01-18 11:00:00,35,36,323,136,,44,,,93,,,103,89
2016-01-18 12:00:00,61,74,113,129,,97,,,73,,,99,73
2016-01-18 13:00:00,61,83,112,73,,93,,,62,,,98,65
2016-01-18 14:00:00,56,91,125,97,,97,,,83,,,94,70
2016-01-18 15:00:00,71,94,130,102,,96,,,92,,,86,58
2016-01-18 16:00:00,94,102,138,102,,100,,,92,,,86,72
2016-01-18 17:00:00,83,105,129,104,,100,,,90,,,111,78
2016-01-18 18:00:00,78,100,125,102,,101,,,82,,,115,73
2016-01-18 19:00:00,102,107,148,105,,113,,,82,,,124,68
2016-01-18 20:00:00,102,114,165,108,,110,,,87,,,131,62
2016-01-18 21:00:00,103,111,161,110,,126,,,104,,,159,73
2016-01-18 22:00:00,102,106,155,104,,134,,,80,,,189,138
2016-01-18 23:00:00,105,104,149,113,,155,,,89,,,329,202
2016-01-19 00:00:00,130,101,142,139,,109,,,95,,,49,252
2016-01-19 01:00:00,316,96,117,314,,122,,,73,,,86,207
2016-01-19 02:00:00,325,76,170,306,,104,,,108,,,349,235
2016-01-19 03:00:00,261,12,244,321,,244,,,227,,,303,238
2016-01-19 04:00:00,278,15,327,312,,307,,,264,,,269,182
2016-01-19 05:00:00,255,349,343,313,,307,,,80,,,298,215
2016-01-19 06:00:00,303,308,330,324,,289,,,238,,,271,189
2016-01-19 07:00:00,290,303,304,322,,289,,,259,,,271,254
2016-01-19 08:00:00,305,288,292,317,,295,,,276,,,311,253
2016-01-19 09:00:00,20,306,310,299,,308,,,259,,,44,246
2016-01-19 10:00:00,41,306,331,309,,359,,,276,,,33,141
2016-01-19 11:00:00,21,328,331,264,,106,,,304,,,72,70
2016-01-19 12:00:00,50,309,55,183,,129,,,16,,,98,87
2016-01-19 13:00:00,103,115,79,142,,107,,,75,,,83,87
2016-01-19 14:00:00,63,120,170,124,,112,,,81,,,86,82
2016-01-19 15:00:00,40,103,154,132,,124,,,78,,,111,82
2016-01-19 16:00:00,39,100,158,100,,110,,,82,,,131,69
2016-01-19 17:00:00,92,105,153,108,,151,,,81,,,172,73
2016-01-19 18:00:00,91,78,125,86,,196,,,93,,,197,103
2016-01-19 19:00:00,16,130,156,172,,221,,,158,,,164,160
2016-01-19 20:00:00,213,256,192,309,,274,,,224,,,284,220
2016-01-19 21:00:00,215,287,1,300,,249,,,226,,,305,242
2016-01-19 22:00:00,218,78,128,303,,201,,,220,,,298,233
2016-01-19 23:00:00,229,56,110,291,,150,,,248,,,301,233
2016-01-20 00:00:00,245,298,63,304,,301,,,203,,,274,143
2016-01-20 01:00:00,230,317,316,340,,312,,,276,,,282,266
2016-01-20 02:00:00,230,269,313,325,,246,,,266,,,289,256
2016-01-20 03:00:00,265,286,302,321,,264,,,277,,,254,223
2016-01-20 04:00:00,307,264,310,320,,289,,,267,,,291,210
2016-01-20 05:00:00,317,270,323,300,,320,,,268,,,274,244
2016-01-20 06:00:00,288,256,314,337,,310,,,258,,,297,216
2016-01-20 07:00:00,239,96,310,338,,269,,,260,,,291,247
2016-01-20 08:00:00,17,23,314,331,,312,,,256,,,277,245
2016-01-20 09:00:00,318,305,325,326,,107,,,259,,,32,126
2016-01-20 10:00:00,225,282,337,281,,105,,,259,,,112,82
2016-01-20 11:00:00,13,4,15,255,,93,,,355,,,122,93
2016-01-20 12:00:00,45,98,89,166,,117,,,14,,,98,90
2016-01-20 13:00:00,56,112,139,140,,114,,,80,,,91,81
2016-01-20 14:00:00,59,97,125,130,,116,,,80,,,103,61
2016-01-20 15:00:00,66,90,130,108,,91,,,74,,,102,75
2016-01-20 16:00:00,51,93,140,104,,97,,,78,,,101,71
2016-01-20 17:00:00,61,98,140,103,,99,,,77,,,127,63
2016-01-20 18:00:00,72,92,128,103,,111,,,75,,,157,105
2016-01-20 19:00:00,65,106,155,107,,156,,,79,,,146,122
2016-01-20 20:00:00,114,118,169,127,,184,,,166,,,230,146
2016-01-20 21:00:00,257,131,29,301,,193,,,222,,,304,202
2016-01-20 22:00:00,219,168,290,305,,249,,,243,,,268,238
2016-01-20 23:00:00,217,175,81,300,,235,,,239,,,304,238
2016-01-21 00:00:00,216,150,179,316,,185,,,229,,,269,
2016-01-21 01:00:00,238,19,28,336,,240,,,217,,,251,236
2016-01-21 02:00:00,249,288,303,335,,223,,,259,,,300,237
2016-01-21 03:00:00,246,256,297,316,,222,,,254,,,280,236
2016-01-21 04:00:00,226,228,300,329,,267,,,258,,,261,241
2016-01-21 05:00:00,228,221,318,324,,199,,,255,,,269,255
2016-01-21 06:00:00,270,242,315,319,,223,,,256,,,264,270
2016-01-21 07:00:00,277,335,303,304,,117,,,255,,,203,266
2016-01-21 08:00:00,309,203,319,309,,97,,,270,,,256,260
2016-01-21 09:00:00,344,242,318,329,,260,,,248,,,82,252
2016-01-21 10:00:00,14,319,340,319,,336,,,246,,,283,239
2016-01-21 11:00:00,86,324,336,309,,339,,,307,,,309,294
2016-01-21 12:00:00,330,341,5,322,,346,,,358,,,321,299
2016-01-21 13:00:00,43,347,20,16,,55,,,39,,,344,11
2016-01-21 14:00:00,24,358,23,37,,52,,,14,,,97,89
2016-01-21 15:00:00,22,359,20,52,,65,,,11,,,96,82
2016-01-21 16:00:00,26,6,27,58,,78,,,25,,,104,81
2016-01-21 17:00:00,44,11,33,62,,99,,,39,,,108,87
2016-01-21 18:00:00,28,2,22,53,,91,,,49,,,122,107
2016-01-21 19:00:00,46,360,25,52,,108,,,49,,,112,92
2016-01-21 20:00:00,53,352,22,221,,113,,,56,,,106,94
2016-01-21 21:00:00,57,340,10,195,,115,,,169,,,107,103
2016-01-21 22:00:00,81,327,350,201,,142,,,74,,,103,99
2016-01-21 23:00:00,97,336,308,199,,135,,,186,,,107,102
2016-01-22 00:00:00,127,4,317,291,,278,,,220,,,123,101
2016-01-22 01:00:00,139,341,343,333,,278,,,106,,,252,75
2016-01-22 02:00:00,182,310,10,314,,316,,,81,,,315,217
2016-01-22 03:00:00,209,341,318,315,,274,,,123,,,265,228
2016-01-22 04:00:00,242,311,331,283,,212,,,243,,,330,233
2016-01-22 05:00:00,207,283,313,298,,259,,,248,,,280,244
2016-01-22 06:00:00,223,255,350,313,,251,,,254,,,293,248
2016-01-22 07:00:00,215,303,348,314,,256,,,251,,,281,270
2016-01-22 08:00:00,172,326,304,331,,340,,,250,,,28,260
2016-01-22 09:00:00,143,344,345,267,,21,,,280,,,73,68
2016-01-22 10:00:00,45,348,4,122,,61,,,354,,,105,91
2016-01-22 11:00:00,44,8,339,156,,358,,,353,,,79,73
2016-01-22 12:00:00,24,353,47,327,,75,,,37,,,16,63
2016-01-22 13:00:00,26,4,230,5,,114,,,64,,,75,69
2016-01-22 14:00:00,20,348,19,207,,159,,,27,,,79,71
2016-01-22 15:00:00,5,30,64,152,,96,,,50,,,99,68
2016-01-22 16:00:00,70,40,101,88,,92,,,132,,,111,91
2016-01-22 17:00:00,89,94,112,103,,135,,,136,,,123,121
2016-01-22 18:00:00,80,88,134,84,,124,,,105,,,122,116
2016-01-22 19:00:00,85,113,151,101,,92,,,75,,,127,105
2016-01-22 20:00:00,92,110,164,92,,81,,,88,,,139,69
2016-01-22 21:00:00,87,110,163,93,,66,,,112,,,137,55
2016-01-22 22:00:00,110,118,173,108,,224,,,158,,,152,97
2016-01-22 23:00:00,121,120,170,136,,258,,,167,,,262,156
2016-01-23 00:00:00,120,120,147,275,,281,,,194,,,358,158
2016-01-23 01:00:00,117,76,56,290,,305,,,178,,,285,215
2016-01-23 02:00:00,115,344,19,283,,270,,,146,,,287,232
2016-01-23 03:00:00,76,335,353,309,,277,,,245,,,291,248
2016-01-23 04:00:00,279,51,76,299,,79,,,108,,,288,248
2016-01-23 05:00:00,43,95,123,180,,113,,,67,,,20,182
2016-01-23 06:00:00,334,49,172,323,,136,,,114,,,29,117
2016-01-23 07:00:00,314,56,151,312,,168,,,128,,,292,170
2016-01-23 08:00:00,351,110,176,305,,137,,,215,,,86,249
2016-01-23 09:00:00,3,123,163,315,,105,,,276,,,89,113
2016-01-23 10:00:00,22,117,160,174,,109,,,131,,,82,65
2016-01-23 11:00:00,82,115,156,128,,101,,,90,,,97,106
2016-01-23 12:00:00,42,122,153,136,,105,,,84,,,86,84
2016-01-23 13:00:00,43,106,165,124,,110,,,83,,,100,71
2016-01-23 14:00:00,52,101,161,100,,95,,,83,,,118,67
2016-01-23 15:00:00,48,101,160,94,,94,,,81,,,103,58
2016-01-23 16:00:00,68,98,153,95,,97,,,84,,,97,54
2016-01-23 17:00:00,72,103,147,104,,99,,,85,,,119,98
2016-01-23 18:00:00,86,105,139,102,,102,,,82,,,127,95
2016-01-23 19:00:00,97,107,127,100,,147,,,80,,,141,88
2016-01-23 20:00:00,86,103,163,94,,211,,,80,,,169,126
2016-01-23 21:00:00,102,108,150,110,,242,,,136,,,307,147
2016-01-23 22:00:00,181,112,149,255,,172,,,195,,,344,230
2016-01-23 23:00:00,192,103,146,323,,73,,,139,,,325,234
2016-01-24 00:00:00,228,105,133,55,,115,,,106,,,317,229
2016-01-24 01:00:00,251,79,106,323,,129,,,66,,,309,234
2016-01-24 02:00:00,300,77,122,313,,351,,,49,,,282,248
2016-01-24 03:00:00,338,18,152,308,,86,,,54,,,314,242
2016-01-24 04:00:00,302,18,167,326,,296,,,227,,,304,201
2016-01-24 05:00:00,295,337,327,303,,291,,,262,,,281,245
2016-01-24 06:00:00,271,313,330,327,,296,,,273,,,252,243
2016-01-24 07:00:00,244,312,317,318,,249,,,267,,,291,229
2016-01-24 08:00:00,327,328,318,307,,292,,,302,,,327,251
2016-01-24 09:00:00,34,306,329,292,,355,,,276,,,43,66
2016-01-24 10:00:00,16,318,331,264,,253,,,264,,,102,64
2016-01-24 11:00:00,12,312,344,300,,127,,,353,,,102,81
2016-01-24 12:00:00,38,17,67,132,,120,,,58,,,106,78
2016-01-24 13:00:00,56,106,162,144,,126,,,52,,,108,81
2016-01-24 14:00:00,56,114,159,148,,122,,,82,,,118,83
2016-01-24 15:00:00,51,107,159,138,,117,,,77,,,109,87
2016-01-24 16:00:00,48,97,157,117,,117,,,83,,,123,81
2016-01-24 17:00:00,44,102,153,127,,119,,,74,,,142,87
2016-01-24 18:00:00,58,108,150,95,,197,,,108,,,178,117
2016-01-24 19:00:00,107,73,155,222,,220,,,179,,,199,152
2016-01-24 20:00:00,221,73,115,302,,258,,,176,,,301,217
2016-01-24 21:00:00,263,46,105,296,,186,,,254,,,277,218
2016-01-24 22:00:00,243,28,118,326,,244,,,236,,,270,234
2016-01-24 23:00:00,257,,333,307,,247,,,230,,,284,251
2016-01-25 00:00:00,314,41,128,315,,230,,,186,,,299,238
2016-01-25 01:00:00,263,98,151,296,,253,,,245,,,293,246
2016-01-25 02:00:00,245,1,169,313,,282,,,206,,,273,169
2016-01-25 03:00:00,300,303,312,334,,284,,,254,,,294,248
2016-01-25 04:00:00,248,293,319,316,,293,,,259,,,292,228
2016-01-25 05:00:00,295,285,309,279,,239,,,273,,,266,179
2016-01-25 06:00:00,317,313,312,130,,190,,,275,,,294,198
2016-01-25 07:00:00,38,217,294,222,,257,,,259,,,277,80
2016-01-25 08:00:00,157,266,329,312,,238,,,271,,,288,244
2016-01-25 09:00:00,177,349,339,321,,337,,,246,,,188,250
2016-01-25 10:00:00,261,305,328,297,,278,,,239,,,289,248
2016-01-25 11:00:00,322,296,338,295,,274,,,289,,,284,288
2016-01-25 12:00:00,324,322,351,298,,295,,,304,,,326,290
2016-01-25 13:00:00,355,4,10,334,,2,,,356,,,337,288
2016-01-25 14:00:00,24,23,32,46,,37,,,38,,,287,29
2016-01-25 15:00:00,45,24,32,44,,41,,,57,,,107,69
2016-01-25 16:00:00,31,24,39,37,,43,,,28,,,95,64
2016-01-25 17:00:00,17,12,21,50,,58,,,13,,,104,73
2016-01-25 18:00:00,353,15,30,48,,79,,,356,,,129,80
2016-01-25 19:00:00,336,337,334,14,,231,,,241,,,134,107
2016-01-25 20:00:00,28,310,272,294,,249,,,256,,,138,119
2016-01-25 21:00:00,65,312,261,111,,239,,,105,,,,115
2016-01-25 22:00:00,94,324,275,252,,262,,,157,,,,119
2016-01-25 23:00:00,89,307,320,174,,281,,,227,,,,128
2016-01-26 00:00:00,315,316,330,336,,297,,,351,,,,134
2016-01-26 01:00:00,314,324,331,278,,275,,,261,,,,146
2016-01-26 02:00:00,141,323,332,322,,243,,,237,,,,171
2016-01-26 03:00:00,229,319,321,310,,245,,,232,,,,106
2016-01-26 04:00:00,211,287,306,355,,257,,,244,,,,221
2016-01-26 05:00:00,240,325,322,303,,246,,,220,,,,237
2016-01-26 06:00:00,226,317,325,322,,217,,,216,,,,234
2016-01-26 07:00:00,231,269,323,291,,262,,,250,,,,245
2016-01-26 08:00:00,219,258,317,285,,105,,,240,,,,240
2016-01-26 09:00:00,200,339,334,325,,67,,,271,,,,259
2016-01-26 10:00:00,70,341,356,134,,50,,,18,,,,133
2016-01-26 11:00:00,25,350,9,29,,27,,,354,,,,74
2016-01-26 12:00:00,23,1,8,45,,29,,,352,,,,95
2016-01-26 13:00:00,10,4,22,40,,32,,,2,,,,75
2016-01-26 14:00:00,17,359,20,37,,31,,,358,,,,73
2016-01-26 15:00:00,16,359,21,25,,21,,,17,,,,94
2016-01-26 16:00:00,20,358,21,28,,26,,,18,,,,103
2016-01-26 17:00:00,22,1,20,35,,26,,,15,,,,106
2016-01-26 18:00:00,36,3,20,40,,38,,,31,,,,101
2016-01-26 19:00:00,42,6,24,38,,50,,,31,,,,95
2016-01-26 20:00:00,51,5,27,37,,32,,,43,,,,90
2016-01-26 21:00:00,72,4,28,41,,25,,,30,,,,99
2016-01-26 22:00:00,27,2,25,32,,8,,,34,,,,95
2016-01-26 23:00:00,32,348,19,48,,36,,,355,,,,86
2016-01-27 00:00:00,37,360,21,32,,31,,,356,,,,104
2016-01-27 01:00:00,15,350,12,80,,343,,,333,,,,101
2016-01-27 02:00:00,56,322,333,145,,83,,,206,,,,104
2016-01-27 03:00:00,79,339,282,141,,113,,,164,,,,113
2016-01-27 04:00:00,122,331,311,165,,79,,,189,,,,108
2016-01-27 05:00:00,12,340,350,160,,73,,,301,,,,113
2016-01-27 06:00:00,47,338,354,227,,11,,,341,,,,102
2016-01-27 07:00:00,17,354,5,328,,18,,,359,,,,96
2016-01-27 08:00:00,17,354,10,359,,27,,,11,,,,96
2016-01-27 09:00:00,23,347,13,33,,338,,,11,,,,102
2016-01-27 10:00:00,12,343,7,14,,357,,,,,,,94
2016-01-27 11:00:00,354,332,359,3,,1,,,355,,,,
2016-01-27 12:00:00,349,334,,348,,336,,,337,,,336,277
2016-01-27 13:00:00,19,326,352,318,,328,,,338,,,329,275
2016-01-27 14:00:00,232,342,355,317,,272,,,250,,,314,108
2016-01-27 15:00:00,215,314,341,297,,269,,,255,,,297,263
2016-01-27 16:00:00,254,302,326,308,,263,,,245,,,328,272
2016-01-27 17:00:00,256,307,328,305,,261,,,239,,,303,265
2016-01-27 18:00:00,339,312,340,303,,256,,,251,,,287,266
2016-01-27 19:00:00,9,309,324,327,,255,,,250,,,278,247
2016-01-27 20:00:00,255,323,339,348,,270,,,237,,,255,249
2016-01-27 21:00:00,,326,340,338,,309,,,261,,,299,269
2016-01-27 22:00:00,317,308,343,348,,263,,,264,,,286,264
2016-01-27 23:00:00,144,342,338,353,,246,,,281,,,267,255
2016-01-28 00:00:00,99,356,358,357,,247,,,258,,,278,252
2016-01-28 01:00:00,209,49,344,343,,238,,,244,,,267,247
2016-01-28 02:00:00,243,276,343,347,,268,,,253,,,268,260
2016-01-28 03:00:00,214,210,316,338,,310,,,286,,,230,255
2016-01-28 04:00:00,296,284,316,335,,304,,,257,,,297,244
2016-01-28 05:00:00,260,348,314,333,,298,,,257,,,259,240
2016-01-28 06:00:00,234,300,300,335,,334,,,260,,,262,250
2016-01-28 07:00:00,247,281,313,340,,316,,,275,,,270,259
2016-01-28 08:00:00,242,308,321,339,,13,,,246,,,306,254
2016-01-28 09:00:00,244,338,323,302,,340,,,231,,,318,248
2016-01-28 10:00:00,317,23,340,297,,283,,,253,,,321,239
2016-01-28 11:00:00,22,332,340,299,,297,,,273,,,321,244
2016-01-28 12:00:00,326,334,342,294,,294,,,303,,,325,276
2016-01-28 13:00:00,328,352,353,297,,349,,,308,,,323,282
2016-01-28 14:00:00,328,356,1,298,,349,,,304,,,325,279
2016-01-28 15:00:00,342,3,3,282,,358,,,18,,,322,257
2016-01-28 16:00:00,34,6,2,245,,360,,,40,,,327,256
2016-01-28 17:00:00,99,21,348,189,,343,,,105,,,55,112
2016-01-28 18:00:00,93,19,27,116,,183,,,112,,,141,133
2016-01-28 19:00:00,131,106,156,139,,201,,,244,,,161,120
2016-01-28 20:00:00,224,209,185,120,,242,,,231,,,271,158
2016-01-28 21:00:00,230,176,139,274,,328,,,228,,,310,253
2016-01-28 22:00:00,213,269,202,321,,217,,,225,,,279,263
2016-01-28 23:00:00,218,276,339,298,,232,,,247,,,306,186
2016-01-29 00:00:00,218,227,326,302,,277,,,252,,,257,244
2016-01-29 01:00:00,228,241,345,330,,254,,,252,,,254,175
2016-01-29 02:00:00,208,207,316,330,,254,,,254,,,303,189
2016-01-29 03:00:00,207,214,342,324,,243,,,254,,,275,202
2016-01-29 04:00:00,252,90,317,332,,216,,,,,,265,195
2016-01-29 05:00:00,212,197,319,336,,165,,,248,,,270,288
2016-01-29 06:00:00,285,306,316,334,,106,,,259,,,263,240
2016-01-29 07:00:00,284,229,305,335,,176,,,254,,,264,254
2016-01-29 08:00:00,221,200,267,338,,102,,,252,,,292,233
2016-01-29 09:00:00,222,222,317,334,,151,,,249,,,3,279
2016-01-29 10:00:00,179,39,349,342,,109,,,251,,,39,212
2016-01-29 11:00:00,11,61,360,244,,75,,,94,,,102,274
2016-01-29 12:00:00,68,109,176,152,,102,,,101,,,49,31
2016-01-29 13:00:00,59,123,181,141,,116,,,64,,,67,84
2016-01-29 14:00:00,78,125,149,140,,128,,,82,,,66,77
2016-01-29 15:00:00,52,127,158,136,,122,,,76,,,106,80
2016-01-29 16:00:00,59,107,170,129,,163,,,89,,,115,81
2016-01-29 17:00:00,67,105,156,108,,179,,,104,,,175,104
2016-01-29 18:00:00,93,108,159,98,,162,,,117,,,189,137
2016-01-29 19:00:00,111,109,152,108,,167,,,183,,,278,142
2016-01-29 20:00:00,196,106,150,118,,146,,,185,,,343,183
2016-01-29 21:00:00,224,142,137,304,,227,,,230,,,284,249
2016-01-29 22:00:00,220,14,39,306,,265,,,242,,,301,240
2016-01-29 23:00:00,234,342,12,320,,268,,,242,,,295,244
2016-01-30 00:00:00,242,333,334,335,,289,,,272,,,276,251
2016-01-30 01:00:00,212,304,327,324,,302,,,268,,,278,215
2016-01-30 02:00:00,284,283,307,350,,28,,,265,,,281,242
2016-01-30 03:00:00,243,281,296,306,,166,,,268,,,257,219
2016-01-30 04:00:00,307,265,322,310,,210,,,266,,,269,211
2016-01-30 05:00:00,296,280,316,324,,237,,,259,,,277,199
2016-01-30 06:00:00,235,236,313,301,,146,,,258,,,241,250
2016-01-30 07:00:00,233,272,319,293,,315,,,251,,,249,263
2016-01-30 08:00:00,286,212,290,295,,173,,,247,,,273,271
2016-01-30 09:00:00,6,183,281,320,,190,,,260,,,304,247
2016-01-30 10:00:00,266,244,274,292,,126,,,256,,,319,265
2016-01-30 11:00:00,351,319,278,149,,113,,,275,,,35,137
2016-01-30 12:00:00,29,60,265,155,,150,,,110,,,100,94
2016-01-30 13:00:00,46,99,26,149,,168,,,85,,,104,82
2016-01-30 14:00:00,59,132,164,156,,161,,,91,,,107,75
2016-01-30 15:00:00,71,126,159,152,,128,,,92,,,116,94
2016-01-30 16:00:00,73,128,149,128,,125,,,81,,,114,81
2016-01-30 17:00:00,77,119,155,118,,148,,,73,,,162,78
2016-01-30 18:00:00,74,115,150,122,,148,,,164,,,162,124
2016-01-30 19:00:00,307,110,157,141,,175,,,167,,,251,169
2016-01-30 20:00:00,241,55,291,303,,202,,,82,,,264,229
2016-01-30 21:00:00,232,127,151,299,,203,,,239,,,282,187
2016-01-30 22:00:00,226,331,272,308,,245,,,257,,,280,207
2016-01-30 23:00:00,262,244,306,298,,291,,,232,,,256,227
2016-01-31 00:00:00,230,234,343,266,,141,,,241,,,250,212
2016-01-31 01:00:00,270,281,329,288,,281,,,254,,,269,268
2016-01-31 02:00:00,269,240,313,329,,281,,,261,,,279,249
2016-01-31 03:00:00,258,217,286,312,,257,,,264,,,256,257
2016-01-31 04:00:00,224,304,303,315,,280,,,255,,,217,270
2016-01-31 05:00:00,226,260,296,308,,90,,,264,,,243,253
2016-01-31 06:00:00,214,234,294,315,,293,,,258,,,272,262
2016-01-31 07:00:00,210,321,349,339,,299,,,256,,,277,245
2016-01-31 08:00:00,249,325,10,317,,271,,,234,,,308,248
2016-01-31 09:00:00,128,327,351,312,,276,,,248,,,279,248
2016-01-31 10:00:00,357,304,1,305,,283,,,275,,,301,270
2016-01-31 11:00:00,313,297,341,305,,280,,,284,,,297,286
2016-01-31 12:00:00,315,294,344,302,,288,,,293,,,317,291
2016-01-31 13:00:00,309,299,356,303,,271,,,298,,,317,285
2016-01-31 14:00:00,319,299,3,308,,270,,,301,,,310,294
2016-01-31 15:00:00,319,303,6,306,,271,,,302,,,321,297
2016-01-31 16:00:00,325,334,4,299,,317,,,300,,,317,294
2016-01-31 17:00:00,329,360,8,282,,310,,,323,,,287,278
2016-01-31 18:00:00,142,61,53,231,,213,,,145,,,217,130
2016-01-31 19:00:00,155,154,167,104,,207,,,276,,,189,125
2016-01-31 20:00:00,238,199,143,173,,247,,,199,,,306,246
2016-01-31 21:00:00,168,128,166,224,,167,,,165,,,291,254
2016-01-31 22:00:00,238,131,169,159,,138,,,212,,,300,204
2016-01-31 23:00:00,220,120,183,306,,244,,,218,,,267,238
2016-02-01 00:00:00,220,248,174,321,,266,,,241,,,308,231
2016-02-01 01:00:00,213,224,253,306,,261,,,245,,,295,239
2016-02-01 02:00:00,213,210,263,300,,255,,,238,,,286,220
2016-02-01 03:00:00,222,227,284,290,,232,,,242,,,242,231
2016-02-01 04:00:00,215,231,299,286,,241,,,240,,,283,233
2016-02-01 05:00:00,216,225,319,314,,251,,,246,,,268,257
2016-02-01 06:00:00,226,224,306,337,,261,,,257,,,275,264
2016-02-01 07:00:00,241,199,274,319,,239,,,250,,,237,258
2016-02-01 08:00:00,234,187,341,333,,344,,,249,,,305,243
2016-02-01 09:00:00,212,358,342,338,,81,,,257,,,350,277
2016-02-01 10:00:00,25,326,351,322,,103,,,266,,,334,350
2016-02-01 11:00:00,18,321,350,277,,14,,,301,,,63,265
2016-02-01 12:00:00,30,13,59,250,,356,,,5,,,78,49
2016-02-01 13:00:00,72,83,171,158,,80,,,73,,,87,82
2016-02-01 14:00:00,59,112,170,142,,91,,,83,,,99,89
2016-02-01 15:00:00,63,112,146,156,,118,,,85,,,96,77
2016-02-01 16:00:00,55,,164,127,,182,,,93,,,114,86
2016-02-01 17:00:00,61,121,174,113,,202,,,44,,,179,128
2016-02-01 18:00:00,69,123,162,113,,214,,,163,,,203,151
2016-02-01 19:00:00,235,56,151,295,,243,,,196,,,278,208
2016-02-01 20:00:00,236,77,115,302,,262,,,238,,,297,239
2016-02-01 21:00:00,227,49,104,315,,226,,,236,,,292,238
2016-02-01 22:00:00,253,241,149,276,,218,,,181,,,288,242
2016-02-01 23:00:00,244,285,307,308,,277,,,259,,,284,222
2016-02-02 00:00:00,235,297,316,320,,288,,,260,,,271,246
2016-02-02 01:00:00,254,258,308,305,,289,,,255,,,254,316
2016-02-02 02:00:00,252,358,310,323,,292,,,248,,,272,54
2016-02-02 03:00:00,51,329,352,307,,29,,,271,,,36,263
2016-02-02 04:00:00,96,331,356,122,,134,,,215,,,103,91
2016-02-02 05:00:00,104,321,351,139,,223,,,250,,,96,84
2016-02-02 06:00:00,132,335,358,154,,137,,,244,,,89,84
2016-02-02 07:00:00,100,2,7,167,,105,,,76,,,105,99
2016-02-02 08:00:00,85,340,3,264,,151,,,272,,,100,95
2016-02-02 09:00:00,23,342,11,161,,36,,,298,,,89,98
2016-02-02 10:00:00,12,346,5,275,,30,,,308,,,93,103
2016-02-02 11:00:00,7,353,86,210,,71,,,349,,,111,96
2016-02-02 12:00:00,26,19,87,186,,132,,,70,,,110,80
2016-02-02 13:00:00,33,13,166,302,,95,,,128,,,119,60
2016-02-02 14:00:00,51,100,174,206,,90,,,66,,,106,61
2016-02-02 15:00:00,49,102,169,114,,122,,,78,,,108,63
2016-02-02 16:00:00,61,106,154,110,,93,,,94,,,105,54
2016-02-02 17:00:00,90,107,147,98,,103,,,86,,,118,90
2016-02-02 18:00:00,91,103,148,104,,110,,,86,,,119,71
2016-02-02 19:00:00,103,114,148,106,,119,,,91,,,146,63
2016-02-02 20:00:00,113,116,164,108,,136,,,98,,,163,56
2016-02-02 21:00:00,99,116,160,106,,142,,,196,,,160,118
2016-02-02 22:00:00,85,122,142,122,,159,,,340,,,207,147
2016-02-02 23:00:00,29,68,99,138,,154,,,202,,,299,194
2016-02-03 00:00:00,298,335,48,295,,282,,,231,,,307,229
2016-02-03 01:00:00,20,317,341,279,,240,,,245,,,323,232
2016-02-03 02:00:00,205,335,324,298,,211,,,172,,,136,233
2016-02-03 03:00:00,58,357,351,138,,124,,,82,,,348,94
2016-02-03 04:00:00,122,338,357,166,,51,,,221,,,310,101
2016-02-03 05:00:00,108,338,9,135,,67,,,152,,,284,101
2016-02-03 06:00:00,65,327,2,29,,127,,,156,,,131,91
2016-02-03 07:00:00,89,313,346,207,,136,,,341,,,116,103
2016-02-03 08:00:00,91,317,343,137,,134,,,233,,,112,110
2016-02-03 09:00:00,67,347,358,343,,123,,,305,,,105,115
2016-02-03 10:00:00,28,348,7,10,,89,,,334,,,106,97
2016-02-03 11:00:00,34,358,18,29,,54,,,13,,,101,85
2016-02-03 12:00:00,33,24,13,48,,51,,,53,,,107,80
2016-02-03 13:00:00,23,353,359,46,,40,,,20,,,96,62
2016-02-03 14:00:00,36,352,334,45,,20,,,31,,,88,57
2016-02-03 15:00:00,29,344,347,30,,24,,,51,,,94,43
2016-02-03 16:00:00,7,11,15,35,,29,,,71,,,79,49
2016-02-03 17:00:00,62,77,82,26,,29,,,90,,,85,51
2016-02-03 18:00:00,79,99,132,73,,50,,,99,,,92,83
2016-02-03 19:00:00,78,97,124,89,,61,,,94,,,88,74
2016-02-03 20:00:00,86,120,157,96,,81,,,108,,,91,71
2016-02-03 21:00:00,105,118,166,108,,34,,,102,,,95,72
2016-02-03 22:00:00,117,128,163,111,,350,,,113,,,113,78
2016-02-03 23:00:00,108,118,170,119,,295,,,106,,,114,76
2016-02-04 00:00:00,89,117,165,105,,23,,,71,,,111,79
2016-02-04 01:00:00,94,113,141,89,,94,,,116,,,88,69
2016-02-04 02:00:00,118,109,155,100,,68,,,100,,,113,88
2016-02-04 03:00:00,41,57,273,99,,169,,,74,,,118,95
2016-02-04 04:00:00,49,52,185,229,,224,,,91,,,124,99
2016-02-04 05:00:00,46,31,298,308,,204,,,89,,,155,120
2016-02-04 06:00:00,28,66,206,295,,188,,,84,,,127,124
2016-02-04 07:00:00,28,57,195,133,,113,,,86,,,144,109
2016-02-04 08:00:00,56,108,226,118,,121,,,104,,,121,77
2016-02-04 09:00:00,67,115,172,119,,105,,,93,,,96,77
2016-02-04 10:00:00,52,110,150,108,,106,,,90,,,85,78
2016-02-04 11:00:00,43,119,140,104,,106,,,85,,,80,60
2016-02-04 12:00:00,45,117,175,107,,88,,,89,,,91,46
2016-02-04 13:00:00,52,100,167,99,,91,,,89,,,92,50
2016-02-04 14:00:00,47,107,152,101,,96,,,87,,,98,42
2016-02-04 15:00:00,63,114,136,100,,108,,,86,,,79,41
2016-02-04 16:00:00,76,117,133,98,,98,,,89,,,74,68
2016-02-04 17:00:00,83,114,138,104,,109,,,102,,,90,77
2016-02-04 18:00:00,84,103,130,105,,101,,,102,,,98,89
2016-02-04 19:00:00,85,102,127,102,,93,,,103,,,94,85
2016-02-04 20:00:00,123,126,138,101,,109,,,108,,,89,66
2016-02-04 21:00:00,117,126,166,105,,105,,,108,,,89,62
2016-02-04 22:00:00,128,121,163,103,,104,,,87,,,112,66
2016-02-04 23:00:00,85,116,152,101,,109,,,93,,,113,61
2016-02-05 00:00:00,116,125,158,107,,117,,,106,,,85,67
2016-02-05 01:00:00,105,105,116,105,,102,,,79,,,92,68
2016-02-05 02:00:00,75,75,96,105,,39,,,92,,,129,79
2016-02-05 03:00:00,73,36,81,117,,352,,,74,,,136,80
2016-02-05 04:00:00,5,9,56,130,,292,,,54,,,146,98
2016-02-05 05:00:00,350,35,41,239,,261,,,55,,,167,122
2016-02-05 06:00:00,338,46,34,278,,334,,,85,,,153,142
2016-02-05 07:00:00,337,37,33,266,,16,,,42,,,330,192
2016-02-05 08:00:00,16,25,37,251,,49,,,26,,,37,254
2016-02-05 09:00:00,16,31,52,128,,46,,,33,,,131,31
2016-02-05 10:00:00,18,67,103,116,,63,,,59,,,98,63
2016-02-05 11:00:00,47,102,152,95,,74,,,69,,,84,56
2016-02-05 12:00:00,45,106,153,97,,103,,,83,,,81,47
2016-02-05 13:00:00,42,122,138,107,,114,,,79,,,84,49
2016-02-05 14:00:00,31,114,146,118,,123,,,85,,,83,45
2016-02-05 15:00:00,57,128,158,122,,124,,,91,,,91,58
2016-02-05 16:00:00,69,129,128,125,,125,,,85,,,97,78
2016-02-05 17:00:00,77,134,108,113,,158,,,93,,,118,115
2016-02-05 18:00:00,92,102,106,110,,206,,,89,,,129,116
2016-02-05 19:00:00,98,80,97,97,,237,,,88,,,127,121
2016-02-05 20:00:00,48,78,109,82,,169,,,86,,,129,121
2016-02-05 21:00:00,40,86,135,113,,181,,,90,,,154,101
2016-02-05 22:00:00,279,331,257,304,,251,,,221,,,212,147
2016-02-05 23:00:00,235,53,131,299,,242,,,229,,,312,242
2016-02-06 00:00:00,257,345,345,328,,258,,,250,,,284,247
2016-02-06 01:00:00,278,334,360,331,,288,,,248,,,289,228
2016-02-06 02:00:00,254,313,317,323,,264,,,233,,,348,211
2016-02-06 03:00:00,151,337,335,115,,356,,,218,,,261,255
2016-02-06 04:00:00,279,320,338,326,,282,,,268,,,283,254
2016-02-06 05:00:00,277,325,342,338,,297,,,274,,,317,21
2016-02-06 06:00:00,207,292,344,333,,298,,,257,,,296,244
2016-02-06 07:00:00,250,306,329,333,,292,,,252,,,279,244
2016-02-06 08:00:00,307,322,329,327,,283,,,251,,,313,240
2016-02-06 09:00:00,27,338,352,341,,353,,,305,,,296,260
2016-02-06 10:00:00,39,358,7,339,,3,,,8,,,291,292
2016-02-06 11:00:00,48,359,18,8,,359,,,22,,,301,279
2016-02-06 12:00:00,57,355,13,26,,354,,,29,,,318,78
2016-02-06 13:00:00,42,357,19,151,,332,,,311,,,83,80
2016-02-06 14:00:00,55,34,14,279,,95,,,327,,,88,67
2016-02-06 15:00:00,92,62,14,253,,56,,,48,,,91,89
2016-02-06 16:00:00,94,102,84,133,,68,,,87,,,109,90
2016-02-06 17:00:00,57,124,137,114,,72,,,127,,,117,89
2016-02-06 18:00:00,85,120,160,113,,138,,,127,,,119,112
2016-02-06 19:00:00,107,118,153,113,,154,,,96,,,124,111
2016-02-06 20:00:00,106,125,170,101,,117,,,96,,,138,89
2016-02-06 21:00:00,108,129,170,124,,128,,,114,,,154,74
2016-02-06 22:00:00,115,136,173,124,,258,,,151,,,265,143
2016-02-06 23:00:00,150,126,162,341,,225,,,227,,,304,223
2016-02-07 00:00:00,201,116,149,275,,225,,,250,,,310,244
2016-02-07 01:00:00,215,137,35,300,,266,,,241,,,305,222
2016-02-07 02:00:00,228,48,335,314,,271,,,239,,,289,235
2016-02-07 03:00:00,230,51,344,293,,207,,,264,,,311,224
2016-02-07 04:00:00,246,351,339,299,,225,,,222,,,247,237
2016-02-07 05:00:00,254,314,323,301,,246,,,224,,,273,244
2016-02-07 06:00:00,253,1,318,305,,193,,,238,,,294,242
2016-02-07 07:00:00,259,11,325,299,,199,,,232,,,268,233
2016-02-07 08:00:00,295,345,333,321,,334,,,242,,,328,256
2016-02-07 09:00:00,8,5,30,311,,64,,,319,,,20,298
2016-02-07 10:00:00,28,29,123,336,,94,,,55,,,348,84
2016-02-07 11:00:00,18,94,172,336,,117,,,43,,,51,76
2016-02-07 12:00:00,51,112,183,202,,112,,,72,,,89,67
2016-02-07 13:00:00,49,119,177,145,,110,,,51,,,64,81
2016-02-07 14:00:00,62,101,150,135,,112,,,53,,,79,80
2016-02-07 15:00:00,52,94,157,124,,104,,,76,,,105,74
2016-02-07 16:00:00,46,105,156,85,,84,,,95,,,123,77
2016-02-07 17:00:00,100,115,154,93,,236,,,88,,,140,67
2016-02-07 18:00:00,133,100,132,96,,220,,,77,,,188,111
2016-02-07 19:00:00,14,103,128,88,,173,,,80,,,241,134
2016-02-07 20:00:00,275,113,153,9,,153,,,223,,,283,152
2016-02-07 21:00:00,243,139,189,309,,288,,,218,,,320,209
2016-02-07 22:00:00,223,180,286,312,,288,,,252,,,289,238
2016-02-07 23:00:00,226,311,344,319,,259,,,249,,,294,233
2016-02-08 00:00:00,253,18,348,331,,344,,,275,,,271,257
2016-02-08 01:00:00,231,313,320,312,,266,,,253,,,36,182
2016-02-08 02:00:00,308,298,311,264,,289,,,252,,,324,245
2016-02-08 03:00:00,211,278,306,303,,258,,,253,,,295,234
2016-02-08 04:00:00,231,254,297,310,,252,,,250,,,242,236
2016-02-08 05:00:00,235,236,286,323,,271,,,256,,,287,241
2016-02-08 06:00:00,273,263,320,293,,245,,,266,,,256,226
2016-02-08 07:00:00,273,261,319,287,,229,,,257,,,286,184
2016-02-08 08:00:00,341,350,357,29,,100,,,337,,,96,98
2016-02-08 09:00:00,59,349,14,56,,127,,,318,,,122,107
2016-02-08 10:00:00,55,350,19,40,,23,,,326,,,111,89
2016-02-08 11:00:00,37,4,18,28,,18,,,15,,,115,92
2016-02-08 12:00:00,28,3,21,31,,24,,,24,,,118,81
2016-02-08 13:00:00,22,10,23,30,,18,,,28,,,119,82
2016-02-08 14:00:00,32,14,24,34,,29,,,19,,,114,78
2016-02-08 15:00:00,46,12,25,43,,35,,,21,,,107,75
2016-02-08 16:00:00,59,15,23,76,,51,,,17,,,114,87
2016-02-08 17:00:00,47,30,27,74,,59,,,35,,,103,74
2016-02-08 18:00:00,44,34,28,53,,57,,,39,,,104,78
2016-02-08 19:00:00,14,356,20,324,,66,,,32,,,109,78
2016-02-08 20:00:00,19,10,118,260,,85,,,25,,,118,100
2016-02-08 21:00:00,358,37,194,41,,106,,,245,,,128,104
2016-02-08 22:00:00,80,148,190,240,,322,,,346,,,138,98
2016-02-08 23:00:00,110,152,181,277,,295,,,238,,,150,86
2016-02-09 00:00:00,89,337,94,260,,270,,,98,,,138,69
2016-02-09 01:00:00,55,338,18,233,,265,,,282,,,115,63
2016-02-09 02:00:00,69,322,11,285,,291,,,218,,,138,71
2016-02-09 03:00:00,84,320,348,303,,257,,,193,,,152,121
2016-02-09 04:00:00,125,342,337,299,,311,,,221,,,217,135
2016-02-09 05:00:00,97,320,348,295,,306,,,90,,,292,194
2016-02-09 06:00:00,216,322,310,331,,281,,,212,,,287,247
2016-02-09 07:00:00,213,356,347,321,,293,,,170,,,307,245
2016-02-09 08:00:00,232,336,350,328,,307,,,52,,,313,162
2016-02-09 09:00:00,14,348,352,336,,25,,,59,,,139,99
2016-02-09 10:00:00,45,27,59,141,,95,,,80,,,104,84
2016-02-09 11:00:00,54,113,173,150,,102,,,72,,,103,81
2016-02-09 12:00:00,43,95,142,131,,102,,,69,,,102,73
2016-02-09 13:00:00,44,100,153,103,,100,,,78,,,100,47
2016-02-09 14:00:00,99,113,160,100,,94,,,86,,,84,70
2016-02-09 15:00:00,103,110,162,99,,91,,,90,,,81,71
2016-02-09 16:00:00,80,101,130,95,,90,,,87,,,84,81
2016-02-09 17:00:00,74,107,123,99,,96,,,103,,,98,74
2016-02-09 18:00:00,77,111,122,103,,100,,,93,,,96,71
2016-02-09 19:00:00,111,109,122,103,,109,,,51,,,115,71
2016-02-09 20:00:00,67,114,163,101,,129,,,66,,,129,69
2016-02-09 21:00:00,140,113,176,112,,171,,,82,,,148,86
2016-02-09 22:00:00,83,103,152,104,,251,,,89,,,154,121
2016-02-09 23:00:00,314,63,84,153,,241,,,158,,,182,136
2016-02-10 00:00:00,322,351,52,284,,276,,,15,,,284,154
2016-02-10 01:00:00,212,333,315,281,,263,,,223,,,91,248
2016-02-10 02:00:00,167,320,310,327,,240,,,234,,,299,230
2016-02-10 03:00:00,230,282,322,317,,277,,,244,,,294,247
2016-02-10 04:00:00,219,344,352,329,,320,,,274,,,274,263
2016-02-10 05:00:00,187,264,286,334,,295,,,254,,,289,233
2016-02-10 06:00:00,244,290,308,340,,215,,,281,,,294,253
2016-02-10 07:00:00,214,281,318,301,,261,,,246,,,267,211
2016-02-10 08:00:00,223,248,302,352,,188,,,230,,,341,237
2016-02-10 09:00:00,256,268,331,334,,68,,,256,,,355,263
2016-02-10 10:00:00,1,356,10,344,,106,,,248,,,37,278
2016-02-10 11:00:00,21,20,89,144,,88,,,57,,,76,74
2016-02-10 12:00:00,43,121,159,137,,130,,,70,,,105,77
2016-02-10 13:00:00,46,109,157,119,,128,,,88,,,100,59
2016-02-10 14:00:00,71,112,158,96,,90,,,87,,,89,47
2016-02-10 15:00:00,84,104,151,104,,93,,,86,,,84,63
2016-02-10 16:00:00,97,108,158,101,,91,,,96,,,87,74
2016-02-10 17:00:00,100,111,153,104,,97,,,108,,,110,81
2016-02-10 18:00:00,113,114,158,108,,106,,,109,,,120,82
2016-02-10 19:00:00,116,134,170,124,,134,,,129,,,134,87
2016-02-10 20:00:00,128,125,175,121,,277,,,187,,,163,138
2016-02-10 21:00:00,142,94,114,139,,290,,,269,,,112,226
2016-02-10 22:00:00,187,79,123,336,,302,,,17,,,314,252
2016-02-10 23:00:00,275,85,122,285,,153,,,77,,,302,216
2016-02-11 00:00:00,281,20,88,307,,292,,,246,,,312,236
2016-02-11 01:00:00,326,349,9,294,,290,,,247,,,309,232
2016-02-11 02:00:00,328,302,323,308,,288,,,286,,,294,249
2016-02-11 03:00:00,296,299,318,324,,291,,,276,,,271,215
2016-02-11 04:00:00,242,290,317,320,,308,,,264,,,285,224
2016-02-11 05:00:00,231,295,313,317,,254,,,262,,,274,249
2016-02-11 06:00:00,277,261,307,320,,323,,,258,,,264,253
2016-02-11 07:00:00,286,269,323,333,,58,,,247,,,282,195
2016-02-11 08:00:00,9,106,313,330,,108,,,244,,,285,258
2016-02-11 09:00:00,46,92,316,340,,89,,,271,,,330,261
2016-02-11 10:00:00,14,78,323,331,,102,,,244,,,50,221
2016-02-11 11:00:00,38,94,324,133,,119,,,87,,,108,80
2016-02-11 12:00:00,76,93,343,147,,146,,,84,,,82,82
2016-02-11 13:00:00,79,107,46,152,,162,,,81,,,94,84
2016-02-11 14:00:00,55,143,161,147,,132,,,112,,,102,97
2016-02-11 15:00:00,109,145,171,143,,133,,,119,,,101,87
2016-02-11 16:00:00,123,137,163,146,,162,,,118,,,113,97
2016-02-11 17:00:00,123,114,151,107,,117,,,93,,,114,132
2016-02-11 18:00:00,107,109,131,112,,107,,,94,,,92,86
2016-02-11 19:00:00,78,96,137,109,,114,,,113,,,159,78
2016-02-11 20:00:00,91,92,132,97,,157,,,107,,,172,148
2016-02-11 21:00:00,287,56,136,334,,182,,,202,,,298,164
2016-02-11 22:00:00,247,36,110,317,,254,,,214,,,279,249
2016-02-11 23:00:00,251,350,159,288,,252,,,251,,,306,252
2016-02-12 00:00:00,221,45,95,311,,300,,,238,,,259,206
2016-02-12 01:00:00,285,280,116,308,,282,,,266,,,293,226
2016-02-12 02:00:00,250,314,321,321,,302,,,257,,,272,210
2016-02-12 03:00:00,258,289,316,307,,287,,,262,,,283,217
2016-02-12 04:00:00,249,275,300,328,,280,,,260,,,288,257
2016-02-12 05:00:00,311,245,305,339,,234,,,263,,,307,247
2016-02-12 06:00:00,230,270,314,331,,131,,,250,,,298,253
2016-02-12 07:00:00,308,234,293,332,,179,,,249,,,291,270
2016-02-12 08:00:00,307,9,290,330,,118,,,249,,,306,258
2016-02-12 09:00:00,343,101,320,325,,122,,,246,,,328,250
2016-02-12 10:00:00,7,325,331,330,,106,,,252,,,359,195
2016-02-12 11:00:00,24,336,324,252,,144,,,259,,,130,69
2016-02-12 12:00:00,35,,1,154,,126,,,53,,,106,90
2016-02-12 13:00:00,53,84,152,109,,117,,,92,,,91,52
2016-02-12 14:00:00,52,71,122,85,,97,,,103,,,67,58
2016-02-12 15:00:00,50,95,116,97,,109,,,89,,,72,58
2016-02-12 16:00:00,74,93,129,104,,102,,,89,,,77,61
2016-02-12 17:00:00,83,102,141,105,,101,,,107,,,91,80
2016-02-12 18:00:00,95,104,132,100,,96,,,115,,,109,116
2016-02-12 19:00:00,123,111,138,106,,122,,,107,,,123,79
2016-02-12 20:00:00,133,121,153,115,,144,,,110,,,137,74
2016-02-12 21:00:00,139,90,151,99,,121,,,94,,,123,100
2016-02-12 22:00:00,57,78,113,81,,93,,,61,,,146,130
2016-02-12 23:00:00,348,97,152,10,,99,,,71,,,132,117
2016-02-13 00:00:00,347,50,145,295,,102,,,58,,,66,121
2016-02-13 01:00:00,336,62,173,254,,203,,,326,,,64,125
2016-02-13 02:00:00,321,72,146,291,,216,,,60,,,339,164
2016-02-13 03:00:00,148,124,189,278,,237,,,226,,,320,228
2016-02-13 04:00:00,242,3,240,334,,263,,,252,,,290,226
2016-02-13 05:00:00,254,291,336,309,,265,,,244,,,290,224
2016-02-13 06:00:00,296,9,334,311,,249,,,235,,,297,219
2016-02-13 07:00:00,237,35,352,320,,219,,,235,,,291,248
2016-02-13 08:00:00,250,5,347,324,,334,,,269,,,308,234
2016-02-13 09:00:00,3,10,2,320,,38,,,288,,,318,263
2016-02-13 10:00:00,26,5,96,77,,90,,,53,,,94,89
2016-02-13 11:00:00,64,86,129,164,,98,,,79,,,123,86
2016-02-13 12:00:00,53,103,119,110,,103,,,64,,,114,75
2016-02-13 13:00:00,58,106,124,100,,92,,,81,,,89,55
2016-02-13 14:00:00,78,117,136,100,,98,,,92,,,78,49
2016-02-13 15:00:00,86,110,120,102,,104,,,91,,,85,59
2016-02-13 16:00:00,86,106,120,101,,96,,,88,,,79,65
2016-02-13 17:00:00,81,96,117,96,,83,,,86,,,87,75
2016-02-13 18:00:00,83,84,118,91,,87,,,95,,,103,82
2016-02-13 19:00:00,87,107,120,94,,98,,,98,,,110,81
2016-02-13 20:00:00,88,111,140,95,,97,,,100,,,113,71
2016-02-13 21:00:00,75,108,149,102,,105,,,78,,,107,63
2016-02-13 22:00:00,50,105,147,103,,115,,,79,,,139,63
2016-02-13 23:00:00,32,103,148,127,,106,,,75,,,159,92
2016-02-14 00:00:00,34,87,148,358,,92,,,75,,,122,124
2016-02-14 01:00:00,17,50,119,355,,106,,,79,,,111,115
2016-02-14 02:00:00,28,50,134,250,,93,,,61,,,104,130
2016-02-14 03:00:00,19,72,175,288,,108,,,44,,,309,179
2016-02-14 04:00:00,9,62,140,319,,71,,,44,,,318,142
2016-02-14 05:00:00,342,16,225,307,,299,,,111,,,277,189
2016-02-14 06:00:00,287,308,330,321,,303,,,261,,,298,240
2016-02-14 07:00:00,282,300,342,320,,302,,,282,,,300,230
2016-02-14 08:00:00,303,305,337,309,,304,,,287,,,321,228
2016-02-14 09:00:00,93,321,326,281,,353,,,284,,,39,51
2016-02-14 10:00:00,29,327,346,301,,54,,,346,,,83,69
2016-02-14 11:00:00,51,340,13,144,,117,,,60,,,94,81
2016-02-14 12:00:00,68,128,107,136,,98,,,65,,,71,85
2016-02-14 13:00:00,47,112,148,148,,121,,,77,,,92,77
2016-02-14 14:00:00,38,104,155,141,,116,,,76,,,99,77
2016-02-14 15:00:00,45,102,160,109,,107,,,79,,,99,72
2016-02-14 16:00:00,46,102,161,113,,114,,,81,,,104,64
2016-02-14 17:00:00,70,107,162,105,,111,,,86,,,115,54
2016-02-14 18:00:00,86,103,144,100,,100,,,93,,,101,70
2016-02-14 19:00:00,54,101,133,95,,127,,,86,,,150,62
2016-02-14 20:00:00,60,100,146,106,,176,,,144,,,179,124
2016-02-14 21:00:00,239,70,106,300,,196,,,238,,,273,151
2016-02-14 22:00:00,200,93,135,289,,278,,,210,,,312,234
2016-02-14 23:00:00,236,4,28,308,,272,,,228,,,286,223
2016-02-15 00:00:00,223,322,7,308,,295,,,247,,,283,238
2016-02-15 01:00:00,235,330,332,327,,307,,,278,,,299,249
2016-02-15 02:00:00,290,306,323,304,,289,,,252,,,296,246
2016-02-15 03:00:00,263,272,289,353,,253,,,256,,,297,243
2016-02-15 04:00:00,224,214,274,295,,216,,,257,,,286,266
2016-02-15 05:00:00,238,329,318,315,,144,,,253,,,286,265
2016-02-15 06:00:00,280,268,319,335,,255,,,280,,,155,230
2016-02-15 07:00:00,272,310,313,309,,302,,,257,,,280,203
2016-02-15 08:00:00,226,242,311,314,,77,,,250,,,309,275
2016-02-15 09:00:00,236,271,305,334,,270,,,258,,,7,254
2016-02-15 10:00:00,4,1,330,345,,272,,,255,,,63,266
2016-02-15 11:00:00,43,335,330,291,,348,,,287,,,308,254
2016-02-15 12:00:00,40,327,4,319,,340,,,32,,,318,281
2016-02-15 13:00:00,321,334,11,343,,335,,,340,,,316,282
2016-02-15 14:00:00,346,355,15,347,,9,,,7,,,325,282
2016-02-15 15:00:00,12,18,33,29,,38,,,34,,,321,10
2016-02-15 16:00:00,58,35,37,42,,37,,,46,,,118,63
2016-02-15 17:00:00,39,31,41,41,,53,,,33,,,101,68
2016-02-15 18:00:00,16,15,30,42,,43,,,46,,,119,57
2016-02-15 19:00:00,17,16,18,43,,82,,,33,,,121,85
2016-02-15 20:00:00,10,325,305,45,,193,,,59,,,124,109
2016-02-15 21:00:00,258,323,281,35,,96,,,255,,,129,123
2016-02-15 22:00:00,347,336,318,35,,153,,,246,,,125,119
2016-02-15 23:00:00,115,324,330,67,,201,,,218,,,125,124
2016-02-16 00:00:00,64,328,5,35,,274,,,241,,,109,119
2016-02-16 01:00:00,43,84,234,31,,156,,,94,,,125,118
2016-02-16 02:00:00,333,155,196,124,,111,,,123,,,129,108
2016-02-16 03:00:00,261,176,194,138,,280,,,232,,,152,132
2016-02-16 04:00:00,234,160,186,310,,284,,,253,,,328,227
2016-02-16 05:00:00,208,154,161,344,,291,,,272,,,300,230
2016-02-16 06:00:00,246,9,44,307,,251,,,212,,,296,227
2016-02-16 07:00:00,220,337,329,332,,290,,,250,,,294,248
2016-02-16 08:00:00,230,308,297,335,,346,,,256,,,307,269
2016-02-16 09:00:00,13,331,9,332,,26,,,262,,,334,248
2016-02-16 10:00:00,43,50,357,336,,96,,,327,,,32,220
2016-02-16 11:00:00,15,87,178,240,,75,,,135,,,54,114
2016-02-16 12:00:00,6,98,186,281,,62,,,66,,,65,80
2016-02-16 13:00:00,54,121,157,152,,92,,,61,,,70,83
2016-02-16 14:00:00,27,105,170,132,,97,,,72,,,75,75
2016-02-16 15:00:00,67,114,121,118,,94,,,71,,,98,65
2016-02-16 16:00:00,62,81,157,116,,127,,,83,,,101,70
2016-02-16 17:00:00,96,110,162,133,,172,,,115,,,116,105
2016-02-16 18:00:00,102,106,128,111,,103,,,88,,,118,117
2016-02-16 19:00:00,90,103,122,102,,110,,,99,,,121,74
2016-02-16 20:00:00,119,118,142,108,,129,,,93,,,135,65
2016-02-16 21:00:00,107,123,168,114,,142,,,106,,,129,96
2016-02-16 22:00:00,108,111,147,119,,295,,,82,,,170,152
2016-02-16 23:00:00,321,95,119,132,,31,,,123,,,137,165
2016-02-17 00:00:00,343,34,109,261,,69,,,56,,,4,142
2016-02-17 01:00:00,41,11,27,307,,306,,,43,,,86,110
2016-02-17 02:00:00,50,71,279,303,,194,,,74,,,133,114
2016-02-17 03:00:00,230,177,259,307,,179,,,268,,,147,136
2016-02-17 04:00:00,210,120,160,316,,290,,,151,,,336,182
2016-02-17 05:00:00,353,64,88,311,,88,,,119,,,316,250
2016-02-17 06:00:00,201,96,156,324,,135,,,133,,,304,243
2016-02-17 07:00:00,184,108,158,315,,118,,,72,,,315,242
2016-02-17 08:00:00,28,110,163,330,,76,,,75,,,38,146
2016-02-17 09:00:00,57,98,158,130,,111,,,67,,,113,97
2016-02-17 10:00:00,54,77,123,149,,87,,,60,,,124,82
2016-02-17 11:00:00,46,63,150,122,,88,,,59,,,131,95
2016-02-17 12:00:00,64,88,135,106,,98,,,64,,,128,95
2016-02-17 13:00:00,51,109,151,106,,97,,,78,,,117,87
2016-02-17 14:00:00,69,109,159,101,,103,,,85,,,106,62
2016-02-17 15:00:00,107,117,159,102,,108,,,104,,,88,66
2016-02-17 16:00:00,111,111,140,101,,113,,,98,,,93,76
2016-02-17 17:00:00,103,105,144,103,,97,,,100,,,103,89
2016-02-17 18:00:00,89,106,127,104,,95,,,96,,,99,85
2016-02-17 19:00:00,92,106,120,109,,97,,,107,,,97,83
2016-02-17 20:00:00,93,124,145,105,,109,,,114,,,98,81
2016-02-17 21:00:00,100,105,146,103,,100,,,89,,,87,74
2016-02-17 22:00:00,69,108,149,102,,116,,,76,,,99,64
2016-02-17 23:00:00,47,107,148,103,,118,,,80,,,140,71
2016-02-18 00:00:00,51,101,143,103,,107,,,73,,,138,91
2016-02-18 01:00:00,33,102,145,157,,91,,,74,,,143,108
2016-02-18 02:00:00,42,103,137,242,,95,,,83,,,134,107
2016-02-18 03:00:00,51,104,139,134,,88,,,95,,,135,108
2016-02-18 04:00:00,71,111,149,149,,86,,,98,,,155,96
2016-02-18 05:00:00,81,123,150,123,,97,,,108,,,164,108
2016-02-18 06:00:00,92,117,147,115,,117,,,224,,,97,92
2016-02-18 07:00:00,114,103,153,131,,124,,,246,,,137,76
2016-02-18 08:00:00,122,100,136,164,,126,,,342,,,139,113
2016-02-18 09:00:00,102,105,154,121,,86,,,276,,,99,102
2016-02-18 10:00:00,95,114,161,146,,87,,,85,,,148,87
2016-02-18 11:00:00,55,109,159,136,,95,,,77,,,104,81
2016-02-18 12:00:00,39,107,161,121,,94,,,78,,,104,72
2016-02-18 13:00:00,41,108,173,81,,118,,,86,,,97,66
2016-02-18 14:00:00,61,118,161,97,,108,,,89,,,101,54
2016-02-18 15:00:00,82,118,162,105,,108,,,86,,,78,65
2016-02-18 16:00:00,100,112,150,108,,100,,,94,,,89,70
2016-02-18 17:00:00,88,117,155,106,,102,,,102,,,88,72
2016-02-18 18:00:00,119,117,152,108,,106,,,98,,,98,70
2016-02-18 19:00:00,113,121,164,113,,119,,,117,,,104,68
2016-02-18 20:00:00,134,122,149,140,,109,,,129,,,116,94
2016-02-18 21:00:00,131,93,127,110,,93,,,96,,,128,139
2016-02-18 22:00:00,36,97,138,102,,126,,,81,,,143,112
2016-02-18 23:00:00,356,100,150,28,,105,,,74,,,149,125
2016-02-19 00:00:00,6,98,137,340,,87,,,70,,,88,137
2016-02-19 01:00:00,16,74,136,299,,104,,,77,,,35,123
2016-02-19 02:00:00,41,59,146,273,,83,,,58,,,35,135
2016-02-19 03:00:00,76,102,153,296,,80,,,50,,,334,107
2016-02-19 04:00:00,76,84,168,327,,53,,,20,,,327,182
2016-02-19 05:00:00,331,40,165,343,,16,,,293,,,316,260
2016-02-19 06:00:00,357,348,130,321,,340,,,256,,,300,241
2016-02-19 07:00:00,244,29,65,343,,8,,,316,,,264,243
2016-02-19 08:00:00,225,346,33,305,,262,,,313,,,270,248
2016-02-19 09:00:00,231,5,27,322,,287,,,327,,,309,253
2016-02-19 10:00:00,318,348,10,290,,29,,,31,,,57,59
2016-02-19 11:00:00,37,32,353,141,,85,,,68,,,58,76
2016-02-19 12:00:00,10,64,6,3,,122,,,96,,,64,78
2016-02-19 13:00:00,64,87,110,143,,109,,,75,,,82,74
2016-02-19 14:00:00,67,120,153,140,,109,,,59,,,103,78
2016-02-19 15:00:00,56,98,152,109,,94,,,71,,,99,69
2016-02-19 16:00:00,46,103,141,85,,103,,,76,,,95,61
2016-02-19 17:00:00,80,105,160,104,,98,,,84,,,98,68
2016-02-19 18:00:00,100,112,151,104,,95,,,98,,,126,89
2016-02-19 19:00:00,99,103,123,103,,96,,,113,,,141,82
2016-02-19 20:00:00,99,81,143,127,,266,,,115,,,152,120
2016-02-19 21:00:00,124,99,130,148,,265,,,149,,,157,153
2016-02-19 22:00:00,88,99,126,112,,79,,,78,,,138,169
2016-02-19 23:00:00,348,98,140,121,,96,,,79,,,219,127
2016-02-20 00:00:00,356,99,140,332,,76,,,60,,,90,125
2016-02-20 01:00:00,346,76,114,316,,84,,,55,,,291,122
2016-02-20 02:00:00,8,71,102,289,,77,,,72,,,14,121
2016-02-20 03:00:00,356,132,146,259,,59,,,122,,,332,144
2016-02-20 04:00:00,3,126,147,236,,90,,,94,,,15,170
2016-02-20 05:00:00,22,60,162,205,,103,,,38,,,294,239
2016-02-20 06:00:00,14,50,164,277,,198,,,71,,,72,248
2016-02-20 07:00:00,226,40,153,258,,244,,,108,,,79,263
2016-02-20 08:00:00,214,54,152,252,,30,,,76,,,43,269
2016-02-20 09:00:00,286,54,100,256,,328,,,60,,,74,23
2016-02-20 10:00:00,340,70,99,218,,302,,,96,,,95,59
2016-02-20 11:00:00,356,74,155,230,,23,,,99,,,94,80
2016-02-20 12:00:00,34,42,110,185,,73,,,102,,,106,82
2016-02-20 13:00:00,51,121,146,141,,105,,,90,,,90,80
2016-02-20 14:00:00,54,109,139,145,,111,,,62,,,98,75
2016-02-20 15:00:00,48,117,158,134,,115,,,66,,,101,73
2016-02-20 16:00:00,41,100,159,101,,97,,,81,,,104,67
2016-02-20 17:00:00,77,116,164,92,,88,,,89,,,104,54
2016-02-20 18:00:00,104,128,150,105,,107,,,113,,,119,83
2016-02-20 19:00:00,109,107,159,112,,242,,,119,,,174,122
2016-02-20 20:00:00,88,103,154,114,,254,,,148,,,179,145
2016-02-20 21:00:00,132,102,130,135,,234,,,113,,,149,147
2016-02-20 22:00:00,48,104,140,113,,113,,,78,,,130,169
2016-02-20 23:00:00,22,98,141,134,,94,,,79,,,148,128
2016-02-21 00:00:00,340,87,129,302,,89,,,81,,,59,125
2016-02-21 01:00:00,341,52,124,313,,87,,,102,,,353,125
2016-02-21 02:00:00,341,60,119,288,,54,,,82,,,339,142
2016-02-21 03:00:00,37,78,129,303,,72,,,72,,,83,172
2016-02-21 04:00:00,79,111,153,314,,86,,,88,,,99,178
2016-02-21 05:00:00,42,70,131,336,,55,,,77,,,10,162
2016-02-21 06:00:00,22,31,106,323,,49,,,353,,,277,250
2016-02-21 07:00:00,5,27,65,304,,312,,,212,,,284,245
2016-02-21 08:00:00,315,24,60,321,,37,,,238,,,336,243
2016-02-21 09:00:00,326,356,13,345,,350,,,335,,,353,287
2016-02-21 10:00:00,350,336,354,306,,335,,,316,,,325,333
2016-02-21 11:00:00,19,343,12,293,,11,,,339,,,68,49
2016-02-21 12:00:00,23,10,53,243,,50,,,5,,,83,77
2016-02-21 13:00:00,57,62,69,146,,108,,,49,,,97,93
2016-02-21 14:00:00,71,105,134,130,,128,,,60,,,92,80
2016-02-21 15:00:00,88,113,142,125,,123,,,73,,,97,82
2016-02-21 16:00:00,70,108,143,124,,117,,,78,,,101,83
2016-02-21 17:00:00,56,113,148,114,,104,,,83,,,97,70
2016-02-21 18:00:00,74,119,162,106,,103,,,87,,,91,52
2016-02-21 19:00:00,91,122,170,95,,71,,,84,,,90,62
2016-02-21 20:00:00,61,16,6,38,,17,,,64,,,91,76
2016-02-21 21:00:00,7,359,10,21,,330,,,18,,,109,80
2016-02-21 22:00:00,20,329,358,29,,260,,,34,,,120,105
2016-02-21 23:00:00,31,353,4,30,,112,,,40,,,114,107
2016-02-22 00:00:00,42,9,5,37,,70,,,121,,,123,109
2016-02-22 01:00:00,156,3,353,40,,125,,,131,,,121,115
2016-02-22 02:00:00,181,204,214,163,,238,,,229,,,72,87
2016-02-22 03:00:00,300,283,309,145,,288,,,188,,,31,69
2016-02-22 04:00:00,298,300,,312,,297,,,225,,,281,239
2016-02-22 05:00:00,178,81,80,130,,128,,,172,,,91,157
2016-02-22 06:00:00,79,95,151,92,,74,,,341,,,96,175
2016-02-22 07:00:00,330,1,48,269,,350,,,331,,,287,203
2016-02-22 08:00:00,30,326,8,189,,140,,,316,,,306,130
2016-02-22 09:00:00,12,1,17,148,,109,,,18,,,34,83
2016-02-22 10:00:00,37,9,7,,,116,,,119,,,87,88
2016-02-22 11:00:00,360,3,341,314,,189,,,352,,,89,113
2016-02-22 12:00:00,67,44,10,103,,28,,,110,,,137,113
2016-02-22 13:00:00,72,102,184,141,,122,,,114,,,124,118
2016-02-22 14:00:00,59,110,146,122,,106,,,100,,,124,97
2016-02-22 15:00:00,72,119,156,111,,112,,,98,,,107,78
2016-02-22 16:00:00,82,116,137,109,,115,,,92,,,91,74
2016-02-22 17:00:00,106,110,157,112,,116,,,99,,,103,92
2016-02-22 18:00:00,126,126,166,121,,120,,,106,,,97,80
2016-02-22 19:00:00,113,128,167,133,,122,,,107,,,104,60
2016-02-22 20:00:00,123,118,149,139,,118,,,117,,,106,62
2016-02-22 21:00:00,117,107,158,119,,102,,,92,,,124,94
2016-02-22 22:00:00,87,101,148,98,,102,,,76,,,134,84
2016-02-22 23:00:00,62,106,154,111,,123,,,71,,,144,95
2016-02-23 00:00:00,286,98,152,251,,130,,,45,,,224,171
2016-02-23 01:00:00,341,18,77,302,,126,,,302,,,294,255
2016-02-23 02:00:00,306,2,349,295,,310,,,277,,,256,258
2016-02-23 03:00:00,182,331,356,312,,307,,,297,,,257,232
2016-02-23 04:00:00,128,41,319,330,,92,,,257,,,288,180
2016-02-23 05:00:00,104,61,33,329,,84,,,103,,,287,283
2016-02-23 06:00:00,109,43,352,323,,197,,,90,,,291,281
2016-02-23 07:00:00,133,329,353,333,,218,,,122,,,288,287
2016-02-23 08:00:00,11,320,18,326,,308,,,101,,,288,285
2016-02-23 09:00:00,321,323,5,321,,2,,,342,,,296,286
2016-02-23 10:00:00,322,330,10,313,,342,,,326,,,313,291
2016-02-23 11:00:00,315,337,13,305,,339,,,37,,,295,286
2016-02-23 12:00:00,301,330,10,298,,309,,,95,,,289,287
2016-02-23 13:00:00,308,305,8,296,,272,,,109,,,292,285
2016-02-23 14:00:00,294,297,349,296,,273,,,345,,,,291
2016-02-23 15:00:00,304,296,336,294,,265,,,359,,,,289
2016-02-23 16:00:00,307,296,311,293,,283,,,69,,,283,281
2016-02-23 17:00:00,338,64,104,1,,40,,,72,,,276,282
2016-02-23 18:00:00,20,11,31,39,,43,,,50,,,112,65
2016-02-23 19:00:00,18,358,22,34,,23,,,24,,,120,104
2016-02-23 20:00:00,37,357,21,38,,40,,,12,,,103,97
2016-02-23 21:00:00,49,351,21,34,,39,,,39,,,102,97
2016-02-23 22:00:00,35,4,27,35,,29,,,35,,,113,96
2016-02-23 23:00:00,35,5,24,29,,6,,,41,,,113,94
2016-02-24 00:00:00,31,351,18,24,,358,,,62,,,,101
2016-02-24 01:00:00,24,343,13,21,,10,,,18,,,102,110
2016-02-24 02:00:00,15,341,8,21,,6,,,,,,91,111
2016-02-24 03:00:00,29,346,11,41,,258,,,5,,,92,98
2016-02-24 04:00:00,18,350,12,33,,343,,,6,,,88,94
2016-02-24 05:00:00,20,347,14,32,,232,,,18,,,84,94
2016-02-24 06:00:00,12,343,13,47,,52,,,12,,,99,106
2016-02-24 07:00:00,35,342,25,110,,71,,,26,,,95,105
2016-02-24 08:00:00,43,343,12,14,,157,,,41,,,93,95
2016-02-24 09:00:00,21,348,12,355,,354,,,358,,,80,107
2016-02-24 10:00:00,313,343,9,10,,351,,,2,,,303,131
2016-02-24 11:00:00,5,330,11,7,,240,,,325,,,311,298
2016-02-24 12:00:00,15,341,358,316,,254,,,267,,,319,296
2016-02-24 13:00:00,19,322,335,324,,232,,,292,,,323,288
2016-02-24 14:00:00,358,320,351,353,,30,,,4,,,336,272
2016-02-24 15:00:00,19,1,18,353,,49,,,33,,,343,89
2016-02-24 16:00:00,26,4,26,56,,52,,,29,,,98,80
2016-02-24 17:00:00,38,28,31,54,,43,,,45,,,94,67
2016-02-24 18:00:00,66,43,58,74,,55,,,69,,,103,77
2016-02-24 19:00:00,73,66,102,79,,86,,,103,,,112,101
2016-02-24 20:00:00,103,120,163,95,,115,,,108,,,117,95
2016-02-24 21:00:00,113,121,165,113,,127,,,105,,,107,69
2016-02-24 22:00:00,108,116,169,108,,123,,,105,,,99,59
2016-02-24 23:00:00,108,118,163,110,,134,,,114,,,108,57
2016-02-25 00:00:00,101,115,145,109,,142,,,115,,,158,76
2016-02-25 01:00:00,98,90,76,105,,32,,,113,,,218,130
2016-02-25 02:00:00,82,360,55,128,,307,,,70,,,314,171
2016-02-25 03:00:00,354,338,36,281,,267,,,57,,,326,265
2016-02-25 04:00:00,303,345,327,322,,294,,,149,,,312,238
2016-02-25 05:00:00,232,43,4,291,,346,,,164,,,305,156
2016-02-25 06:00:00,287,358,356,297,,313,,,196,,,280,186
2016-02-25 07:00:00,293,30,36,323,,307,,,156,,,360,187
2016-02-25 08:00:00,52,344,353,93,,16,,,252,,,55,
2016-02-25 09:00:00,355,344,1,327,,,,,314,,,36,
2016-02-25 10:00:00,10,43,114,142,,81,,,8,,,62,89
2016-02-25 11:00:00,42,102,151,107,,118,,,96,,,120,66
2016-02-25 12:00:00,48,101,167,102,,96,,,89,,,88,47
2016-02-25 13:00:00,55,111,161,89,,95,,,82,,,102,43
2016-02-25 14:00:00,49,89,122,90,,86,,,74,,,93,48
2016-02-25 15:00:00,46,87,120,98,,90,,,89,,,92,42
2016-02-25 16:00:00,55,94,113,100,,85,,,79,,,78,46
2016-02-25 17:00:00,71,88,115,92,,88,,,83,,,76,54
2016-02-25 18:00:00,72,83,115,93,,89,,,98,,,79,72
2016-02-25 19:00:00,73,78,106,83,,96,,,96,,,98,77
2016-02-25 20:00:00,89,103,109,89,,134,,,92,,,99,76
2016-02-25 21:00:00,73,102,141,102,,111,,,85,,,107,94
2016-02-25 22:00:00,95,103,143,103,,106,,,82,,,93,63
2016-02-25 23:00:00,63,97,129,95,,95,,,72,,,117,63
2016-02-26 00:00:00,52,86,121,94,,105,,,75,,,114,64
2016-02-26 01:00:00,34,74,115,87,,82,,,61,,,130,74
2016-02-26 02:00:00,49,70,111,20,,81,,,70,,,122,92
2016-02-26 03:00:00,39,96,137,2,,101,,,73,,,95,98
2016-02-26 04:00:00,16,67,150,306,,64,,,62,,,136,101
2016-02-26 05:00:00,37,48,145,311,,271,,,42,,,156,98
2016-02-26 06:00:00,37,50,159,262,,338,,,72,,,140,105
2016-02-26 07:00:00,46,86,129,108,,186,,,71,,,154,97
2016-02-26 08:00:00,34,76,113,110,,95,,,73,,,144,98
2016-02-26 09:00:00,48,72,114,109,,89,,,66,,,125,85
2016-02-26 10:00:00,53,97,129,112,,92,,,76,,,115,82
2016-02-26 11:00:00,46,111,149,109,,105,,,80,,,102,68
2016-02-26 12:00:00,87,113,139,105,,108,,,95,,,86,63
2016-02-26 13:00:00,129,111,141,105,,114,,,119,,,90,74
2016-02-26 14:00:00,126,132,154,119,,116,,,127,,,83,68
2016-02-26 15:00:00,120,136,177,124,,127,,,121,,,85,70
2016-02-26 16:00:00,125,133,178,115,,121,,,114,,,83,62
2016-02-26 17:00:00,125,142,182,135,,119,,,97,,,81,63
2016-02-26 18:00:00,117,111,172,118,,106,,,100,,,80,67
2016-02-26 19:00:00,127,112,168,98,,99,,,97,,,100,90
2016-02-26 20:00:00,122,113,162,103,,96,,,108,,,91,77
2016-02-26 21:00:00,117,108,156,105,,110,,,97,,,95,81
2016-02-26 22:00:00,95,108,151,102,,120,,,88,,,91,64
2016-02-26 23:00:00,93,106,137,103,,103,,,87,,,91,58
2016-02-27 00:00:00,67,95,122,97,,96,,,82,,,95,59
2016-02-27 01:00:00,61,88,127,98,,96,,,73,,,111,60
2016-02-27 02:00:00,54,103,140,108,,108,,,80,,,119,67
2016-02-27 03:00:00,50,99,151,58,,109,,,69,,,151,85
2016-02-27 04:00:00,64,101,146,142,,101,,,76,,,127,76
2016-02-27 05:00:00,55,94,117,80,,84,,,87,,,134,80
2016-02-27 06:00:00,58,100,127,105,,98,,,85,,,133,85
2016-02-27 07:00:00,51,101,152,143,,118,,,76,,,128,98
2016-02-27 08:00:00,20,113,169,149,,97,,,78,,,100,104
2016-02-27 09:00:00,6,103,164,192,,87,,,,,,123,88
2016-02-27 10:00:00,32,103,120,105,,100,,,,,,120,79
2016-02-27 11:00:00,40,92,113,77,,76,,,,,,136,62
2016-02-27 12:00:00,40,103,102,78,,69,,,,,,91,57
2016-02-27 13:00:00,72,97,123,90,,75,,,,,,80,50
2016-02-27 14:00:00,61,110,142,104,,94,,,,,,80,51
2016-02-27 15:00:00,71,103,137,95,,94,,,,,,82,57
2016-02-27 16:00:00,64,101,173,93,,95,,,,,,82,48
2016-02-27 17:00:00,98,114,171,97,,95,,,,,,79,60
2016-02-27 18:00:00,102,112,159,104,,114,,,,,,82,67
2016-02-27 19:00:00,111,113,150,106,,113,,,,,,86,66
2016-02-27 20:00:00,117,110,137,97,,110,,,,,,89,68
2016-02-27 21:00:00,105,111,144,98,,114,,,,,,109,74
2016-02-27 22:00:00,78,111,134,101,,90,,,,,,182,77
2016-02-27 23:00:00,60,103,127,107,,71,,,,,,111,78
2016-02-28 00:00:00,67,98,115,115,,72,,,,,,107,92
2016-02-28 01:00:00,64,106,117,106,,95,,,,,,115,80
2016-02-28 02:00:00,67,105,124,111,,114,,,,,,107,95
2016-02-28 03:00:00,77,110,148,114,,112,,,,,,90,101
2016-02-28 04:00:00,72,103,152,121,,105,,,,,,124,100
2016-02-28 05:00:00,46,101,144,120,,95,,,,,,136,155
2016-02-28 06:00:00,67,101,161,156,,108,,,,,,126,92
2016-02-28 07:00:00,65,109,150,146,,98,,,,,,40,108
2016-02-28 08:00:00,79,105,160,147,,91,,,93,,,25,302
2016-02-28 09:00:00,29,59,164,150,,91,,,86,,,107,82
2016-02-28 10:00:00,39,99,116,154,,100,,,75,,,119,80
2016-02-28 11:00:00,2,35,40,186,,97,,,100,,,109,74
2016-02-28 12:00:00,39,141,217,181,,76,,,104,,,110,83
2016-02-28 13:00:00,59,104,195,143,,113,,,74,,,79,84
2016-02-28 14:00:00,65,119,171,142,,102,,,70,,,108,86
2016-02-28 15:00:00,56,112,156,126,,120,,,86,,,90,72
2016-02-28 16:00:00,44,110,165,114,,114,,,86,,,94,63
2016-02-28 17:00:00,43,109,168,114,,117,,,92,,,100,60
2016-02-28 18:00:00,95,110,162,110,,112,,,84,,,132,52
2016-02-28 19:00:00,81,105,152,112,,127,,,79,,,159,86
2016-02-28 20:00:00,46,116,157,122,,140,,,100,,,148,97
2016-02-28 21:00:00,59,125,164,118,,135,,,146,,,104,122
2016-02-28 22:00:00,29,108,129,161,,99,,,207,,,85,142
2016-02-28 23:00:00,331,17,79,279,,319,,,31,,,294,133
2016-02-29 00:00:00,9,356,109,299,,283,,,84,,,325,131
2016-02-29 01:00:00,325,356,,308,,244,,,224,,,276,192
2016-02-29 02:00:00,266,352,349,321,,292,,,216,,,287,217
2016-02-29 03:00:00,270,312,293,306,,269,,,244,,,310,234
2016-02-29 04:00:00,268,294,342,325,,269,,,255,,,301,217
2016-02-29 05:00:00,256,232,311,326,,251,,,259,,,312,245
2016-02-29 06:00:00,259,10,8,330,,288,,,292,,,295,232
2016-02-29 07:00:00,128,304,331,303,,284,,,129,,,99,64
2016-02-29 08:00:00,172,304,325,351,,324,,,261,,,349,258
2016-02-29 09:00:00,20,330,353,316,,57,,,247,,,64,235
2016-02-29 10:00:00,12,10,67,232,,91,,,355,,,117,88
2016-02-29 11:00:00,12,97,134,186,,111,,,52,,,108,99
2016-02-29 12:00:00,46,115,168,178,,87,,,62,,,133,83
2016-02-29 13:00:00,47,94,159,123,,113,,,79,,,95,73
2016-02-29 14:00:00,47,98,159,98,,83,,,84,,,86,63
2016-02-29 15:00:00,64,100,161,103,,103,,,83,,,78,46
2016-02-29 16:00:00,89,99,147,102,,96,,,87,,,80,63
2016-02-29 17:00:00,76,85,116,96,,90,,,93,,,82,67
2016-02-29 18:00:00,61,79,110,84,,86,,,71,,,88,69
2016-02-29 19:00:00,75,84,108,82,,95,,,73,,,115,57
2016-02-29 20:00:00,104,104,134,99,,91,,,86,,,118,78
2016-02-29 21:00:00,37,103,137,98,,98,,,75,,,129,77
2016-02-29 22:00:00,39,97,146,106,,101,,,78,,,130,107
2016-02-29 23:00:00,34,97,147,143,,100,,,67,,,140,107
2016-03-01 00:00:00,18,96,139,166,,95,,,75,,,136,101
2016-03-01 01:00:00,327,353,159,284,,155,,,126,,,286,207
2016-03-01 02:00:00,313,348,359,338,,266,,,264,,,278,243
2016-03-01 03:00:00,1,334,17,333,,273,,,352,,,306,264
2016-03-01 04:00:00,201,171,175,348,,259,,,129,,,204,228
2016-03-01 05:00:00,173,132,175,15,,175,,,94,,,154,283
2016-03-01 06:00:00,159,115,144,320,,65,,,327,,,257,293
2016-03-01 07:00:00,259,43,28,209,,123,,,68,,,3,232
2016-03-01 08:00:00,338,1,24,318,,324,,,38,,,65,95
2016-03-01 09:00:00,357,343,349,291,,16,,,311,,,117,83
2016-03-01 10:00:00,8,323,342,289,,48,,,25,,,128,89
2016-03-01 11:00:00,358,342,8,310,,54,,,42,,,68,88
2016-03-01 12:00:00,18,37,1,157,,138,,,66,,,79,91
2016-03-01 13:00:00,106,104,350,151,,128,,,78,,,90,83
2016-03-01 14:00:00,91,148,21,145,,137,,,122,,,99,73
2016-03-01 15:00:00,106,72,116,148,,52,,,104,,,91,85
2016-03-01 16:00:00,81,101,133,87,,55,,,101,,,84,73
2016-03-01 17:00:00,80,112,153,111,,90,,,114,,,77,80
2016-03-01 18:00:00,98,89,116,101,,70,,,109,,,96,99
2016-03-01 19:00:00,57,1,99,35,,109,,,72,,,91,74
2016-03-01 20:00:00,32,217,285,40,,193,,,64,,,110,72
2016-03-01 21:00:00,157,180,244,112,,145,,,225,,,103,72
2016-03-01 22:00:00,114,202,272,116,,101,,,250,,,120,74
2016-03-01 23:00:00,186,240,292,182,,299,,,254,,,131,94
2016-03-02 00:00:00,223,287,323,345,,275,,,243,,,139,129
2016-03-02 01:00:00,35,321,354,15,,123,,,255,,,124,111
2016-03-02 02:00:00,66,289,351,229,,154,,,221,,,125,109
2016-03-02 03:00:00,129,268,323,30,,241,,,250,,,115,111
2016-03-02 04:00:00,86,336,321,197,,85,,,209,,,106,105
2016-03-02 05:00:00,124,326,325,178,,119,,,188,,,119,108
2016-03-02 06:00:00,108,346,354,151,,107,,,76,,,123,88
2016-03-02 07:00:00,73,295,334,243,,268,,,301,,,119,105
2016-03-02 08:00:00,87,315,339,197,,125,,,297,,,116,88
2016-03-02 09:00:00,40,358,39,233,,119,,,1,,,113,85
2016-03-02 10:00:00,30,1,85,306,,76,,,35,,,117,84
2016-03-02 11:00:00,68,87,158,190,,78,,,61,,,111,75
2016-03-02 12:00:00,51,136,171,143,,87,,,60,,,101,79
2016-03-02 13:00:00,53,107,174,105,,110,,,89,,,90,62
2016-03-02 14:00:00,126,109,155,105,,108,,,87,,,92,64
2016-03-02 15:00:00,131,110,165,106,,114,,,86,,,96,80
2016-03-02 16:00:00,120,113,169,103,,120,,,98,,,93,76
2016-03-02 17:00:00,125,113,159,107,,116,,,87,,,91,66
2016-03-02 18:00:00,129,113,158,102,,112,,,94,,,102,68
2016-03-02 19:00:00,122,111,155,112,,117,,,104,,,111,63
2016-03-02 20:00:00,115,108,148,107,,113,,,101,,,120,62
2016-03-02 21:00:00,123,99,151,96,,125,,,144,,,142,62
2016-03-02 22:00:00,106,95,147,95,,122,,,92,,,160,105
2016-03-02 23:00:00,54,106,155,139,,116,,,67,,,43,137
2016-03-03 00:00:00,23,102,165,181,,163,,,61,,,357,190
2016-03-03 01:00:00,241,67,134,103,,159,,,305,,,286,202
2016-03-03 02:00:00,256,348,152,311,,282,,,277,,,312,201
2016-03-03 03:00:00,252,288,15,330,,68,,,262,,,277,210
2016-03-03 04:00:00,220,305,3,317,,24,,,259,,,263,182
2016-03-03 05:00:00,306,349,330,315,,225,,,249,,,302,208
2016-03-03 06:00:00,264,346,318,337,,76,,,258,,,290,250
2016-03-03 07:00:00,282,77,295,329,,117,,,251,,,71,277
2016-03-03 08:00:00,343,48,290,325,,142,,,270,,,305,278
2016-03-03 09:00:00,15,349,314,316,,147,,,264,,,293,265
2016-03-03 10:00:00,23,346,328,328,,331,,,245,,,10,262
2016-03-03 11:00:00,45,312,335,301,,345,,,251,,,321,258
2016-03-03 12:00:00,320,313,339,350,,340,,,338,,,312,284
2016-03-03 13:00:00,350,322,345,6,,3,,,3,,,297,268
2016-03-03 14:00:00,4,292,343,12,,336,,,349,,,297,254
2016-03-03 15:00:00,340,341,29,31,,333,,,351,,,306,250
2016-03-03 16:00:00,7,20,36,30,,49,,,21,,,316,131
2016-03-03 17:00:00,15,20,34,38,,42,,,31,,,81,41
2016-03-03 18:00:00,11,7,33,23,,32,,,26,,,64,46
2016-03-03 19:00:00,358,15,33,39,,47,,,36,,,105,49
2016-03-03 20:00:00,69,15,28,49,,117,,,94,,,115,83
2016-03-03 21:00:00,47,305,296,40,,60,,,225,,,109,82
2016-03-03 22:00:00,3,319,226,32,,333,,,96,,,112,97
2016-03-03 23:00:00,78,120,202,41,,51,,,96,,,106,66
2016-03-04 00:00:00,85,107,168,92,,57,,,90,,,96,65
2016-03-04 01:00:00,73,92,136,91,,55,,,79,,,105,63
2016-03-04 02:00:00,76,106,138,99,,92,,,93,,,98,61
2016-03-04 03:00:00,88,112,154,111,,112,,,90,,,107,71
2016-03-04 04:00:00,113,113,150,114,,121,,,116,,,101,72
2016-03-04 05:00:00,132,113,155,117,,120,,,113,,,99,69
2016-03-04 06:00:00,122,101,147,113,,112,,,100,,,120,60
2016-03-04 07:00:00,100,102,133,108,,105,,,93,,,131,60
2016-03-04 08:00:00,100,97,142,114,,95,,,88,,,109,71
2016-03-04 09:00:00,74,100,131,103,,100,,,83,,,100,48
2016-03-04 10:00:00,62,101,123,112,,102,,,78,,,91,51
2016-03-04 11:00:00,63,108,143,119,,98,,,84,,,97,53
2016-03-04 12:00:00,124,106,168,123,,109,,,89,,,82,69
2016-03-04 13:00:00,133,120,161,102,,106,,,101,,,106,100
2016-03-04 14:00:00,130,121,180,117,,112,,,90,,,106,100
2016-03-04 15:00:00,127,129,181,122,,117,,,101,,,108,93
2016-03-04 16:00:00,132,133,176,136,,132,,,109,,,100,79
2016-03-04 17:00:00,118,118,150,114,,122,,,133,,,95,80
2016-03-04 18:00:00,121,115,136,117,,122,,,110,,,99,75
2016-03-04 19:00:00,118,101,123,113,,107,,,107,,,112,73
2016-03-04 20:00:00,116,104,150,106,,91,,,109,,,126,63
2016-03-04 21:00:00,118,99,154,99,,105,,,100,,,130,81
2016-03-04 22:00:00,82,99,148,101,,103,,,80,,,129,146
2016-03-04 23:00:00,80,102,149,108,,120,,,87,,,125,128
2016-03-05 00:00:00,66,97,148,147,,118,,,71,,,104,147
2016-03-05 01:00:00,18,90,126,149,,113,,,64,,,313,127
2016-03-05 02:00:00,348,51,93,151,,55,,,60,,,60,127
2016-03-05 03:00:00,38,14,134,272,,296,,,49,,,333,157
2016-03-05 04:00:00,12,30,33,293,,292,,,144,,,330,174
2016-03-05 05:00:00,352,307,323,281,,351,,,195,,,305,221
2016-03-05 06:00:00,306,322,327,272,,4,,,306,,,325,223
2016-03-05 07:00:00,330,335,353,320,,297,,,352,,,24,200
2016-03-05 08:00:00,348,342,74,293,,19,,,4,,,113,70
2016-03-05 09:00:00,360,43,63,140,,52,,,30,,,107,72
2016-03-05 10:00:00,21,16,50,152,,54,,,47,,,110,85
2016-03-05 11:00:00,47,291,144,84,,53,,,55,,,102,77
2016-03-05 12:00:00,29,104,142,74,,103,,,86,,,114,77
2016-03-05 13:00:00,54,93,143,97,,95,,,73,,,107,80
2016-03-05 14:00:00,50,98,147,104,,95,,,86,,,104,82
2016-03-05 15:00:00,62,102,121,111,,100,,,93,,,101,69
2016-03-05 16:00:00,66,90,115,103,,90,,,85,,,72,61
2016-03-05 17:00:00,69,91,134,87,,93,,,83,,,75,71
2016-03-05 18:00:00,84,108,140,106,,92,,,73,,,83,69
2016-03-05 19:00:00,77,104,124,104,,75,,,62,,,115,79
2016-03-05 20:00:00,36,98,145,108,,281,,,58,,,126,87
2016-03-05 21:00:00,54,99,143,96,,314,,,78,,,127,82
2016-03-05 22:00:00,70,105,144,103,,94,,,84,,,94,67
2016-03-05 23:00:00,71,103,145,105,,97,,,75,,,90,53
2016-03-06 00:00:00,51,89,132,105,,91,,,78,,,120,68
2016-03-06 01:00:00,56,95,127,104,,89,,,73,,,119,70
2016-03-06 02:00:00,69,96,147,112,,96,,,73,,,127,86
2016-03-06 03:00:00,55,95,136,91,,95,,,82,,,126,90
2016-03-06 04:00:00,63,98,141,104,,101,,,77,,,124,80
2016-03-06 05:00:00,62,93,151,124,,104,,,69,,,110,84
2016-03-06 06:00:00,52,100,156,132,,95,,,74,,,126,103
2016-03-06 07:00:00,21,101,157,159,,73,,,73,,,126,113
2016-03-06 08:00:00,53,93,153,174,,83,,,82,,,81,97
2016-03-06 09:00:00,61,89,132,148,,78,,,80,,,94,83
2016-03-06 10:00:00,74,107,147,123,,84,,,84,,,110,78
2016-03-06 11:00:00,61,107,140,102,,86,,,82,,,104,71
2016-03-06 12:00:00,54,98,144,102,,95,,,75,,,117,82
2016-03-06 13:00:00,58,103,157,103,,92,,,86,,,101,69
2016-03-06 14:00:00,91,105,161,99,,96,,,94,,,92,54
2016-03-06 15:00:00,120,126,159,106,,119,,,113,,,87,69
2016-03-06 16:00:00,131,118,170,132,,118,,,109,,,99,88
2016-03-06 17:00:00,130,128,177,166,,138,,,110,,,201,82
2016-03-06 18:00:00,124,114,190,145,,128,,,255,,,109,107
2016-03-06 19:00:00,99,111,173,143,,128,,,107,,,126,103
2016-03-06 20:00:00,125,99,146,123,,99,,,96,,,203,127
2016-03-06 21:00:00,47,91,129,98,,92,,,69,,,177,97
2016-03-06 22:00:00,37,74,117,94,,86,,,75,,,133,81
2016-03-06 23:00:00,49,87,115,80,,91,,,73,,,133,87
2016-03-07 00:00:00,49,89,120,92,,90,,,72,,,141,77
2016-03-07 01:00:00,61,91,132,109,,109,,,71,,,142,89
2016-03-07 02:00:00,56,91,137,130,,97,,,74,,,150,93
2016-03-07 03:00:00,67,95,135,132,,102,,,78,,,133,89
2016-03-07 04:00:00,68,95,141,130,,96,,,81,,,116,108
2016-03-07 05:00:00,63,92,139,96,,84,,,74,,,119,101
2016-03-07 06:00:00,47,88,117,146,,90,,,63,,,136,108
2016-03-07 07:00:00,26,23,153,173,,93,,,71,,,116,140
2016-03-07 08:00:00,15,17,107,304,,49,,,231,,,131,212
2016-03-07 09:00:00,353,21,56,310,,1,,,4,,,342,274
2016-03-07 10:00:00,10,69,111,187,,89,,,53,,,82,74
2016-03-07 11:00:00,85,97,122,152,,95,,,58,,,99,80
2016-03-07 12:00:00,58,92,164,145,,118,,,57,,,95,78
2016-03-07 13:00:00,59,73,133,360,,89,,,58,,,104,71
2016-03-07 14:00:00,54,107,150,127,,123,,,66,,,96,82
2016-03-07 15:00:00,58,108,145,114,,114,,,80,,,103,73
2016-03-07 16:00:00,76,122,170,99,,114,,,86,,,92,55
2016-03-07 17:00:00,100,133,173,110,,123,,,100,,,94,66
2016-03-07 18:00:00,125,130,168,121,,132,,,104,,,129,81
2016-03-07 19:00:00,99,115,151,107,,121,,,110,,,171,117
2016-03-07 20:00:00,115,101,125,105,,108,,,100,,,191,141
2016-03-07 21:00:00,100,100,131,120,,109,,,66,,,142,136
2016-03-07 22:00:00,5,97,141,130,,95,,,84,,,64,152
2016-03-07 23:00:00,352,86,145,180,,107,,,69,,,303,128
2016-03-08 00:00:00,2,89,148,166,,125,,,85,,,276,105
2016-03-08 01:00:00,359,49,102,238,,73,,,47,,,92,121
2016-03-08 02:00:00,31,85,95,308,,100,,,66,,,125,102
2016-03-08 03:00:00,63,99,139,276,,105,,,71,,,223,119
2016-03-08 04:00:00,129,109,162,267,,178,,,74,,,293,111
2016-03-08 05:00:00,151,95,155,291,,272,,,79,,,320,145
2016-03-08 06:00:00,63,84,126,288,,134,,,67,,,344,281
2016-03-08 07:00:00,112,91,169,142,,195,,,302,,,73,94
2016-03-08 08:00:00,18,111,163,133,,105,,,29,,,123,94
2016-03-08 09:00:00,72,109,141,137,,109,,,74,,,133,91
2016-03-08 10:00:00,78,109,143,139,,119,,,75,,,91,83
2016-03-08 11:00:00,63,113,161,124,,103,,,83,,,94,63
2016-03-08 12:00:00,60,116,159,113,,114,,,95,,,99,72
2016-03-08 13:00:00,76,104,140,116,,105,,,99,,,87,55
2016-03-08 14:00:00,69,112,138,115,,109,,,104,,,82,54
2016-03-08 15:00:00,92,103,110,104,,98,,,102,,,99,79
2016-03-08 16:00:00,95,45,108,105,,92,,,138,,,101,70
2016-03-08 17:00:00,77,96,109,72,,96,,,84,,,89,46
2016-03-08 18:00:00,138,150,176,139,,137,,,169,,,183,39
2016-03-08 19:00:00,138,168,198,108,,128,,,180,,,164,116
2016-03-08 20:00:00,219,198,184,130,,254,,,195,,,192,223
2016-03-08 21:00:00,241,273,261,314,,267,,,239,,,268,267
2016-03-08 22:00:00,166,13,57,310,,242,,,226,,,242,221
2016-03-08 23:00:00,72,115,150,99,,112,,,84,,,347,322
2016-03-09 00:00:00,77,85,154,96,,103,,,357,,,154,114
2016-03-09 01:00:00,354,9,63,272,,40,,,40,,,329,124
2016-03-09 02:00:00,11,342,360,202,,154,,,46,,,148,96
2016-03-09 03:00:00,160,293,307,295,,298,,,187,,,146,108
2016-03-09 04:00:00,226,291,317,310,,292,,,237,,,294,324
2016-03-09 05:00:00,273,331,18,307,,263,,,254,,,302,270
2016-03-09 06:00:00,240,330,352,288,,268,,,318,,,307,284
2016-03-09 07:00:00,275,275,341,297,,255,,,293,,,304,282
2016-03-09 08:00:00,10,275,348,296,,252,,,289,,,305,288
2016-03-09 09:00:00,304,280,347,286,,251,,,284,,,297,287
2016-03-09 10:00:00,319,282,349,291,,251,,,293,,,305,286
2016-03-09 11:00:00,322,315,353,280,,264,,,289,,,303,266
2016-03-09 12:00:00,254,317,351,268,,268,,,306,,,313,231
2016-03-09 13:00:00,228,314,336,116,,296,,,288,,,166,172
2016-03-09 14:00:00,151,233,301,135,,203,,,243,,,77,80
2016-03-09 15:00:00,236,315,330,188,,276,,,287,,,340,12
2016-03-09 16:00:00,238,292,321,305,,252,,,263,,,296,287
2016-03-09 17:00:00,229,286,312,308,,252,,,254,,,276,294
2016-03-09 18:00:00,258,279,313,304,,257,,,267,,,258,297
2016-03-09 19:00:00,257,271,309,318,,256,,,241,,,319,285
2016-03-09 20:00:00,265,278,314,315,,261,,,272,,,291,295
2016-03-09 21:00:00,273,300,323,318,,260,,,265,,,103,290
2016-03-09 22:00:00,311,299,323,321,,264,,,268,,,278,267
2016-03-09 23:00:00,269,307,337,343,,301,,,264,,,279,275
2016-03-10 00:00:00,232,9,331,348,,246,,,228,,,301,295
2016-03-10 01:00:00,279,345,358,324,,286,,,242,,,289,270
2016-03-10 02:00:00,322,241,284,331,,264,,,264,,,235,262
2016-03-10 03:00:00,220,291,319,332,,310,,,241,,,342,271
2016-03-10 04:00:00,335,315,338,346,,356,,,333,,,239,275
2016-03-10 05:00:00,42,300,331,244,,343,,,326,,,56,125
2016-03-10 06:00:00,105,288,342,300,,300,,,38,,,313,81
2016-03-10 07:00:00,199,296,307,332,,249,,,249,,,309,259
2016-03-10 08:00:00,291,270,302,309,,242,,,258,,,287,276
2016-03-10 09:00:00,318,301,323,329,,253,,,278,,,311,274
2016-03-10 10:00:00,262,277,318,310,,255,,,263,,,314,263
2016-03-10 11:00:00,335,294,330,312,,269,,,282,,,284,259
2016-03-10 12:00:00,271,311,332,294,,259,,,276,,,304,265
2016-03-10 13:00:00,311,299,339,293,,250,,,284,,,319,275
2016-03-10 14:00:00,327,271,346,284,,248,,,297,,,326,288
2016-03-10 15:00:00,315,286,339,283,,251,,,297,,,327,288
2016-03-10 16:00:00,324,284,351,281,,249,,,302,,,321,283
2016-03-10 17:00:00,319,266,347,287,,253,,,290,,,316,285
2016-03-10 18:00:00,271,267,341,287,,251,,,279,,,299,276
2016-03-10 19:00:00,278,262,338,292,,262,,,257,,,308,267
2016-03-10 20:00:00,285,274,334,313,,255,,,260,,,304,274
2016-03-10 21:00:00,279,270,335,304,,260,,,279,,,313,274
2016-03-10 22:00:00,295,291,324,298,,270,,,275,,,304,274
2016-03-10 23:00:00,307,283,314,305,,263,,,281,,,297,
2016-03-11 00:00:00,276,288,319,306,,253,,,262,,,305,291
2016-03-11 01:00:00,324,298,331,315,,255,,,272,,,300,256
2016-03-11 02:00:00,284,287,313,325,,260,,,269,,,328,249
2016-03-11 03:00:00,217,326,333,327,,270,,,256,,,62,282
2016-03-11 04:00:00,276,296,339,318,,270,,,257,,,280,282
2016-03-11 05:00:00,274,288,318,324,,270,,,299,,,302,274
2016-03-11 06:00:00,263,287,322,305,,267,,,288,,,301,253
2016-03-11 07:00:00,268,304,350,309,,271,,,282,,,309,283
2016-03-11 08:00:00,271,287,343,315,,263,,,271,,,312,291
2016-03-11 09:00:00,268,288,310,308,,266,,,283,,,296,287
2016-03-11 10:00:00,282,293,303,293,,274,,,283,,,288,287
2016-03-11 11:00:00,308,295,314,309,,275,,,298,,,299,290
2016-03-11 12:00:00,303,301,347,301,,292,,,306,,,297,292
2016-03-11 13:00:00,279,305,349,302,,268,,,296,,,299,288
2016-03-11 14:00:00,275,307,352,312,,286,,,299,,,290,287
2016-03-11 15:00:00,312,293,356,326,,276,,,301,,,318,287
2016-03-11 16:00:00,298,286,323,292,,294,,,292,,,290,259
2016-03-11 17:00:00,278,308,346,324,,286,,,288,,,271,248
2016-03-11 18:00:00,266,349,359,334,,285,,,296,,,286,252
2016-03-11 19:00:00,76,24,341,310,,309,,,277,,,316,241
2016-03-11 20:00:00,127,295,17,249,,134,,,124,,,291,222
2016-03-11 21:00:00,90,113,33,148,,153,,,199,,,138,88
2016-03-11 22:00:00,69,108,182,147,,137,,,114,,,133,97
2016-03-11 23:00:00,94,75,184,158,,131,,,60,,,134,99
2016-03-12 00:00:00,95,152,276,110,,209,,,239,,,155,105
2016-03-12 01:00:00,153,219,194,348,,257,,,249,,,200,164
2016-03-12 02:00:00,239,6,41,311,,175,,,244,,,275,208
2016-03-12 03:00:00,241,316,9,294,,273,,,235,,,292,230
2016-03-12 04:00:00,231,291,335,303,,252,,,259,,,316,228
2016-03-12 05:00:00,236,274,327,320,,294,,,252,,,267,244
2016-03-12 06:00:00,215,58,316,273,,255,,,258,,,290,232
2016-03-12 07:00:00,208,244,323,290,,104,,,246,,,246,257
2016-03-12 08:00:00,211,300,351,310,,101,,,259,,,319,270
2016-03-12 09:00:00,5,342,349,10,,117,,,60,,,109,84
2016-03-12 10:00:00,75,93,196,128,,104,,,49,,,71,84
2016-03-12 11:00:00,69,114,83,123,,109,,,70,,,99,90
2016-03-12 12:00:00,64,141,5,155,,92,,,51,,,72,79
2016-03-12 13:00:00,94,65,261,171,,85,,,78,,,86,74
2016-03-12 14:00:00,86,17,229,71,,146,,,74,,,90,78
2016-03-12 15:00:00,92,87,76,152,,111,,,87,,,95,78
2016-03-12 16:00:00,82,126,190,125,,113,,,106,,,102,77
2016-03-12 17:00:00,85,141,182,115,,158,,,111,,,93,72
2016-03-12 18:00:00,119,127,181,122,,169,,,125,,,129,106
2016-03-12 19:00:00,129,62,171,132,,147,,,303,,,133,122
2016-03-12 20:00:00,156,88,176,108,,145,,,296,,,229,211
2016-03-12 21:00:00,213,160,142,260,,128,,,259,,,299,246
2016-03-12 22:00:00,191,77,119,311,,286,,,264,,,332,225
2016-03-12 23:00:00,212,149,154,304,,291,,,211,,,264,214
2016-03-13 00:00:00,238,37,113,307,,309,,,239,,,262,197
2016-03-13 01:00:00,268,268,121,314,,292,,,257,,,243,248
2016-03-13 02:00:00,261,217,332,319,,292,,,246,,,242,229
2016-03-13 03:00:00,277,207,311,318,,301,,,271,,,275,245
2016-03-13 04:00:00,251,305,322,333,,304,,,263,,,268,249
2016-03-13 05:00:00,247,318,327,319,,208,,,268,,,299,254
2016-03-13 06:00:00,170,265,315,114,,340,,,255,,,289,244
2016-03-13 07:00:00,129,247,314,125,,152,,,250,,,106,174
2016-03-13 08:00:00,117,275,323,121,,188,,,141,,,94,78
2016-03-13 09:00:00,85,221,345,131,,287,,,26,,,109,84
2016-03-13 10:00:00,109,237,351,311,,265,,,178,,,317,94
2016-03-13 11:00:00,313,268,351,307,,270,,,295,,,307,314
2016-03-13 12:00:00,320,315,359,304,,272,,,304,,,298,296
2016-03-13 13:00:00,322,288,3,315,,277,,,303,,,301,300
2016-03-13 14:00:00,316,288,343,311,,282,,,304,,,291,288
2016-03-13 15:00:00,316,312,350,311,,281,,,310,,,302,288
2016-03-13 16:00:00,329,336,1,324,,300,,,299,,,296,298
2016-03-13 17:00:00,332,349,10,308,,302,,,359,,,294,292
2016-03-13 18:00:00,298,353,21,292,,358,,,66,,,291,97
2016-03-13 19:00:00,156,70,70,276,,180,,,88,,,266,181
2016-03-13 20:00:00,199,94,182,33,,222,,,236,,,273,180
2016-03-13 21:00:00,223,140,196,331,,234,,,269,,,244,222
2016-03-13 22:00:00,246,158,226,281,,184,,,236,,,302,235
2016-03-13 23:00:00,232,228,243,301,,265,,,249,,,287,256
2016-03-14 00:00:00,216,217,233,299,,270,,,236,,,318,257
2016-03-14 01:00:00,235,225,293,273,,198,,,240,,,304,240
2016-03-14 02:00:00,214,220,278,288,,256,,,257,,,294,257
2016-03-14 03:00:00,212,205,300,322,,267,,,251,,,293,260
2016-03-14 04:00:00,213,13,309,328,,269,,,255,,,293,268
2016-03-14 05:00:00,228,207,268,329,,248,,,253,,,304,278
2016-03-14 06:00:00,277,122,302,336,,229,,,250,,,300,240
2016-03-14 07:00:00,235,199,315,335,,85,,,247,,,286,260
2016-03-14 08:00:00,215,292,327,333,,72,,,258,,,4,237
2016-03-14 09:00:00,318,300,311,334,,190,,,262,,,357,273
2016-03-14 10:00:00,22,66,349,321,,309,,,238,,,352,274
2016-03-14 11:00:00,46,108,220,159,,97,,,60,,,75,78
2016-03-14 12:00:00,53,104,140,134,,114,,,69,,,100,81
2016-03-14 13:00:00,67,122,148,129,,106,,,80,,,114,64
2016-03-14 14:00:00,59,129,147,114,,116,,,75,,,96,60
2016-03-14 15:00:00,66,93,194,82,,121,,,81,,,84,65
2016-03-14 16:00:00,63,119,180,112,,90,,,91,,,92,68
2016-03-14 17:00:00,79,117,180,107,,149,,,107,,,96,68
2016-03-14 18:00:00,126,130,167,116,,192,,,113,,,153,125
2016-03-14 19:00:00,101,120,162,132,,187,,,131,,,170,162
2016-03-14 20:00:00,276,119,150,175,,156,,,255,,,306,242
2016-03-14 21:00:00,215,105,126,289,,271,,,228,,,299,264
2016-03-14 22:00:00,207,100,124,299,,295,,,226,,,301,174
2016-03-14 23:00:00,244,9,127,304,,301,,,196,,,261,230
2016-03-15 00:00:00,287,351,64,323,,298,,,240,,,258,248
2016-03-15 01:00:00,278,317,7,309,,290,,,258,,,279,214
2016-03-15 02:00:00,233,298,312,316,,288,,,269,,,267,220
2016-03-15 03:00:00,306,310,312,329,,269,,,285,,,274,261
2016-03-15 04:00:00,314,310,322,323,,278,,,259,,,323,272
2016-03-15 05:00:00,212,301,312,333,,315,,,273,,,239,237
2016-03-15 06:00:00,218,329,332,333,,286,,,260,,,286,204
2016-03-15 07:00:00,307,303,323,321,,350,,,264,,,249,279
2016-03-15 08:00:00,291,4,319,325,,244,,,271,,,170,283
2016-03-15 09:00:00,322,203,314,347,,243,,,260,,,275,258
2016-03-15 10:00:00,329,47,325,349,,260,,,247,,,320,237
2016-03-15 11:00:00,37,318,332,299,,265,,,246,,,312,258
2016-03-15 12:00:00,251,331,335,287,,275,,,278,,,308,281
2016-03-15 13:00:00,290,333,335,282,,284,,,284,,,311,292
2016-03-15 14:00:00,315,332,335,289,,356,,,311,,,317,292
2016-03-15 15:00:00,351,350,355,330,,16,,,11,,,329,276
2016-03-15 16:00:00,24,23,37,48,,45,,,65,,,3,88
2016-03-15 17:00:00,48,48,60,51,,57,,,84,,,95,54
2016-03-15 18:00:00,49,114,165,65,,52,,,80,,,84,56
2016-03-15 19:00:00,95,100,184,48,,53,,,84,,,83,62
2016-03-15 20:00:00,2,25,168,38,,265,,,300,,,115,53
2016-03-15 21:00:00,335,2,180,286,,256,,,272,,,124,89
2016-03-15 22:00:00,15,331,33,303,,275,,,243,,,136,124
2016-03-15 23:00:00,41,324,8,278,,268,,,283,,,360,123
2016-03-16 00:00:00,231,323,338,335,,276,,,254,,,8,109
2016-03-16 01:00:00,176,281,310,304,,227,,,231,,,291,110
2016-03-16 02:00:00,227,258,289,114,,232,,,248,,,264,98
2016-03-16 03:00:00,306,268,298,158,,207,,,250,,,260,71
2016-03-16 04:00:00,243,285,309,336,,252,,,249,,,308,260
2016-03-16 05:00:00,165,305,314,309,,305,,,243,,,289,257
2016-03-16 06:00:00,239,330,324,323,,271,,,253,,,279,239
2016-03-16 07:00:00,243,344,333,345,,28,,,262,,,257,270
2016-03-16 08:00:00,1,338,323,328,,57,,,331,,,306,286
2016-03-16 09:00:00,55,319,350,309,,256,,,91,,,,89
2016-03-16 10:00:00,46,1,28,275,,101,,,55,,,116,95
2016-03-16 11:00:00,34,41,88,57,,123,,,47,,,109,111
2016-03-16 12:00:00,72,71,114,109,,96,,,41,,,110,96
2016-03-16 13:00:00,48,92,138,108,,88,,,55,,,106,89
2016-03-16 14:00:00,62,107,158,117,,106,,,80,,,105,83
2016-03-16 15:00:00,52,101,145,117,,100,,,79,,,103,71
2016-03-16 16:00:00,59,108,129,100,,103,,,85,,,100,63
2016-03-16 17:00:00,64,105,154,99,,105,,,79,,,90,50
2016-03-16 18:00:00,65,109,154,101,,115,,,85,,,96,47
2016-03-16 19:00:00,68,111,143,104,,116,,,81,,,96,63
2016-03-16 20:00:00,71,110,150,107,,103,,,83,,,106,74
2016-03-16 21:00:00,92,110,149,101,,94,,,104,,,117,69
2016-03-16 22:00:00,105,112,147,105,,109,,,111,,,127,72
2016-03-16 23:00:00,78,114,155,118,,105,,,52,,,147,138
2016-03-17 00:00:00,94,111,156,116,,110,,,108,,,145,176
2016-03-17 01:00:00,68,123,151,118,,111,,,95,,,337,165
2016-03-17 02:00:00,117,117,144,123,,108,,,96,,,180,184
2016-03-17 03:00:00,178,84,95,141,,114,,,73,,,18,165
2016-03-17 04:00:00,74,59,80,169,,65,,,71,,,213,220
2016-03-17 05:00:00,332,25,65,155,,16,,,99,,,87,238
2016-03-17 06:00:00,208,36,14,279,,302,,,85,,,42,249
2016-03-17 07:00:00,217,10,2,327,,313,,,336,,,50,243
2016-03-17 08:00:00,207,346,9,315,,303,,,259,,,30,276
2016-03-17 09:00:00,337,33,333,347,,357,,,39,,,295,20
2016-03-17 10:00:00,17,45,7,72,,53,,,47,,,23,50
2016-03-17 11:00:00,36,106,54,129,,63,,,56,,,58,91
2016-03-17 12:00:00,43,123,184,153,,97,,,85,,,85,70
2016-03-17 13:00:00,54,112,142,112,,93,,,66,,,82,69
2016-03-17 14:00:00,67,119,143,107,,99,,,78,,,95,67
2016-03-17 15:00:00,68,110,161,114,,104,,,84,,,97,64
2016-03-17 16:00:00,105,115,162,112,,116,,,88,,,86,52
2016-03-17 17:00:00,129,123,162,108,,116,,,87,,,104,79
2016-03-17 18:00:00,122,129,170,109,,126,,,87,,,101,75
2016-03-17 19:00:00,123,123,147,115,,126,,,97,,,103,66
2016-03-17 20:00:00,112,122,152,114,,122,,,85,,,121,69
2016-03-17 21:00:00,122,119,158,112,,113,,,105,,,123,69
2016-03-17 22:00:00,73,102,125,91,,80,,,101,,,125,89
2016-03-17 23:00:00,338,38,86,334,,36,,,80,,,275,128
2016-03-18 00:00:00,354,355,73,289,,302,,,21,,,274,129
2016-03-18 01:00:00,16,15,1,279,,272,,,86,,,280,209
2016-03-18 02:00:00,280,329,4,292,,298,,,268,,,299,151
2016-03-18 03:00:00,257,273,306,307,,286,,,253,,,300,274
2016-03-18 04:00:00,259,355,8,245,,280,,,7,,,278,274
2016-03-18 05:00:00,255,33,12,342,,269,,,107,,,294,148
2016-03-18 06:00:00,100,129,181,141,,148,,,48,,,167,96
2016-03-18 07:00:00,89,78,207,318,,306,,,177,,,83,132
2016-03-18 08:00:00,21,352,347,348,,74,,,28,,,100,104
2016-03-18 09:00:00,23,338,344,116,,83,,,323,,,101,82
2016-03-18 10:00:00,55,19,23,129,,79,,,21,,,73,83
2016-03-18 11:00:00,54,99,149,132,,102,,,53,,,94,70
2016-03-18 12:00:00,54,89,140,117,,105,,,77,,,98,74
2016-03-18 13:00:00,58,109,152,105,,119,,,76,,,99,62
2016-03-18 14:00:00,77,124,135,118,,121,,,82,,,103,79
2016-03-18 15:00:00,121,134,179,125,,122,,,80,,,93,73
2016-03-18 16:00:00,110,113,156,116,,100,,,38,,,95,69
2016-03-18 17:00:00,96,107,121,104,,94,,,100,,,93,68
2016-03-18 18:00:00,113,132,167,110,,120,,,118,,,89,77
2016-03-18 19:00:00,128,124,172,103,,36,,,95,,,106,97
2016-03-18 20:00:00,103,104,157,82,,193,,,98,,,107,95
2016-03-18 21:00:00,60,77,124,78,,80,,,61,,,105,77
2016-03-18 22:00:00,57,100,156,56,,34,,,82,,,95,58
2016-03-18 23:00:00,41,355,351,42,,78,,,125,,,101,71
2016-03-19 00:00:00,7,8,4,37,,95,,,7,,,117,69
2016-03-19 01:00:00,357,350,5,24,,352,,,11,,,118,109
2016-03-19 02:00:00,42,347,17,32,,48,,,239,,,116,107
2016-03-19 03:00:00,78,351,11,151,,117,,,175,,,94,95
2016-03-19 04:00:00,147,336,347,166,,286,,,265,,,84,98
2016-03-19 05:00:00,99,342,355,132,,65,,,300,,,42,80
2016-03-19 06:00:00,48,325,357,113,,114,,,347,,,104,95
2016-03-19 07:00:00,27,356,358,31,,66,,,17,,,103,97
2016-03-19 08:00:00,21,6,13,51,,45,,,15,,,107,87
2016-03-19 09:00:00,22,5,22,48,,44,,,12,,,114,96
2016-03-19 10:00:00,21,7,18,41,,31,,,21,,,118,84
2016-03-19 11:00:00,28,359,11,36,,19,,,17,,,116,89
2016-03-19 12:00:00,43,355,19,37,,29,,,13,,,118,99
2016-03-19 13:00:00,30,359,19,31,,29,,,6,,,109,92
2016-03-19 14:00:00,39,5,25,33,,13,,,35,,,120,99
2016-03-19 15:00:00,41,3,18,37,,17,,,14,,,122,94
2016-03-19 16:00:00,34,354,14,36,,31,,,32,,,116,95
2016-03-19 17:00:00,35,348,359,43,,29,,,6,,,108,92
2016-03-19 18:00:00,42,357,6,28,,22,,,357,,,118,96
2016-03-19 19:00:00,42,1,359,52,,15,,,326,,,102,86
2016-03-19 20:00:00,75,352,356,47,,61,,,329,,,102,90
2016-03-19 21:00:00,11,346,342,55,,90,,,296,,,101,81
2016-03-19 22:00:00,218,317,330,232,,147,,,219,,,116,112
2016-03-19 23:00:00,302,333,343,190,,110,,,286,,,116,114
2016-03-20 00:00:00,69,343,356,202,,57,,,325,,,122,117
2016-03-20 01:00:00,18,341,325,332,,3,,,236,,,127,104
2016-03-20 02:00:00,301,322,322,332,,39,,,234,,,124,93
2016-03-20 03:00:00,209,332,324,83,,97,,,261,,,126,84
2016-03-20 04:00:00,64,,337,83,,65,,,332,,,125,114
2016-03-20 05:00:00,5,339,357,16,,1,,,347,,,117,85
2016-03-20 06:00:00,354,347,18,20,,6,,,347,,,120,50
2016-03-20 07:00:00,1,1,15,42,,50,,,348,,,118,80
2016-03-20 08:00:00,16,9,10,36,,40,,,8,,,119,90
2016-03-20 09:00:00,13,359,3,47,,54,,,353,,,116,90
2016-03-20 10:00:00,9,10,359,53,,58,,,358,,,110,85
2016-03-20 11:00:00,8,16,8,43,,42,,,360,,,106,65
2016-03-20 12:00:00,32,357,,5,,41,,,350,,,103,76
2016-03-20 13:00:00,23,349,347,360,,89,,,323,,,106,91
2016-03-20 14:00:00,68,302,12,65,,42,,,285,,,112,83
2016-03-20 15:00:00,97,332,18,67,,63,,,284,,,112,79
2016-03-20 16:00:00,155,13,6,118,,82,,,197,,,110,103
2016-03-20 17:00:00,91,59,341,32,,92,,,42,,,113,105
2016-03-20 18:00:00,114,60,75,117,,72,,,164,,,115,112
2016-03-20 19:00:00,133,124,155,102,,83,,,152,,,114,106
2016-03-20 20:00:00,136,119,133,148,,56,,,100,,,113,100
2016-03-20 21:00:00,85,104,119,98,,101,,,85,,,100,72
2016-03-20 22:00:00,95,119,158,100,,100,,,98,,,97,64
2016-03-20 23:00:00,124,117,169,111,,118,,,130,,,117,65
2016-03-21 00:00:00,132,108,169,132,,294,,,309,,,163,66
2016-03-21 01:00:00,106,117,165,127,,250,,,143,,,307,199
2016-03-21 02:00:00,138,140,163,138,,231,,,218,,,315,242
2016-03-21 03:00:00,199,124,86,322,,277,,,151,,,274,209
2016-03-21 04:00:00,320,71,123,84,,107,,,191,,,303,165
2016-03-21 05:00:00,33,15,108,175,,317,,,231,,,293,165
2016-03-21 06:00:00,5,350,84,294,,295,,,302,,,332,235
2016-03-21 07:00:00,19,20,88,1,,323,,,93,,,281,233
2016-03-21 08:00:00,20,60,86,347,,66,,,40,,,130,110
2016-03-21 09:00:00,39,79,133,118,,71,,,60,,,110,75
2016-03-21 10:00:00,42,115,151,101,,109,,,81,,,90,59
2016-03-21 11:00:00,102,121,166,106,,104,,,87,,,93,57
2016-03-21 12:00:00,30,116,170,104,,111,,,86,,,92,61
2016-03-21 13:00:00,52,120,157,105,,99,,,83,,,86,44
2016-03-21 14:00:00,70,122,157,106,,114,,,81,,,89,49
2016-03-21 15:00:00,127,114,156,103,,99,,,83,,,82,65
2016-03-21 16:00:00,117,114,158,100,,93,,,83,,,78,62
2016-03-21 17:00:00,121,111,155,99,,98,,,95,,,92,75
2016-03-21 18:00:00,127,109,152,102,,101,,,98,,,86,74
2016-03-21 19:00:00,114,112,142,109,,105,,,103,,,85,66
2016-03-21 20:00:00,113,109,143,106,,102,,,92,,,84,60
2016-03-21 21:00:00,84,120,155,105,,122,,,80,,,111,55
2016-03-21 22:00:00,102,113,164,104,,121,,,86,,,129,59
2016-03-21 23:00:00,48,105,149,129,,116,,,81,,,254,93
2016-03-22 00:00:00,36,111,150,151,,110,,,71,,,50,126
2016-03-22 01:00:00,10,104,137,166,,114,,,69,,,105,109
2016-03-22 02:00:00,24,46,150,233,,89,,,77,,,95,111
2016-03-22 03:00:00,8,49,167,285,,353,,,62,,,38,115
2016-03-22 04:00:00,140,61,210,312,,286,,,1,,,321,204
2016-03-22 05:00:00,303,28,219,316,,297,,,178,,,329,165
2016-03-22 06:00:00,282,356,326,317,,310,,,157,,,288,210
2016-03-22 07:00:00,330,314,326,327,,341,,,240,,,304,230
2016-03-22 08:00:00,23,339,336,329,,75,,,306,,,316,234
2016-03-22 09:00:00,3,330,31,324,,117,,,298,,,14,39
2016-03-22 10:00:00,8,71,321,128,,103,,,5,,,38,65
2016-03-22 11:00:00,67,80,359,145,,106,,,73,,,79,82
2016-03-22 12:00:00,55,108,161,144,,101,,,63,,,92,82
2016-03-22 13:00:00,55,112,158,143,,113,,,76,,,111,85
2016-03-22 14:00:00,51,108,143,111,,101,,,72,,,102,72
2016-03-22 15:00:00,44,101,157,89,,106,,,81,,,88,59
2016-03-22 16:00:00,73,106,153,100,,98,,,82,,,85,50
2016-03-22 17:00:00,110,104,148,101,,98,,,89,,,77,67
2016-03-22 18:00:00,108,108,152,101,,96,,,86,,,87,70
2016-03-22 19:00:00,120,114,153,105,,106,,,96,,,104,67
2016-03-22 20:00:00,122,118,156,102,,115,,,100,,,137,60
2016-03-22 21:00:00,138,118,149,120,,132,,,331,,,141,87
2016-03-22 22:00:00,77,91,121,114,,96,,,33,,,164,147
2016-03-22 23:00:00,47,99,120,148,,106,,,59,,,107,126
2016-03-23 00:00:00,20,101,126,142,,101,,,69,,,107,112
2016-03-23 01:00:00,12,85,135,155,,106,,,80,,,108,104
2016-03-23 02:00:00,300,40,120,297,,52,,,326,,,275,184
2016-03-23 03:00:00,300,25,69,291,,289,,,326,,,287,218
2016-03-23 04:00:00,310,5,86,306,,293,,,304,,,294,240
2016-03-23 05:00:00,281,332,359,324,,311,,,300,,,288,192
2016-03-23 06:00:00,269,300,319,322,,,,,285,,,274,251
2016-03-23 07:00:00,104,303,283,300,,,,,274,,,249,253
2016-03-23 08:00:00,43,312,316,334,,324,,,261,,,99,241
2016-03-23 09:00:00,100,100,98,303,,284,,,81,,,125,246
2016-03-23 10:00:00,42,115,187,298,,270,,,77,,,312,286
2016-03-23 11:00:00,327,337,302,311,,277,,,87,,,300,309
2016-03-23 12:00:00,342,323,345,316,,286,,,105,,,354,353
2016-03-23 13:00:00,26,64,4,311,,23,,,95,,,82,90
2016-03-23 14:00:00,91,58,80,312,,72,,,87,,,89,95
2016-03-23 15:00:00,94,66,99,115,,93,,,69,,,98,103
2016-03-23 16:00:00,72,96,140,107,,109,,,92,,,90,87
2016-03-23 17:00:00,74,94,115,108,,111,,,110,,,88,70
2016-03-23 18:00:00,110,117,157,111,,111,,,117,,,117,113
2016-03-23 19:00:00,133,133,138,129,,145,,,129,,,126,93
2016-03-23 20:00:00,77,98,132,99,,112,,,75,,,221,219
2016-03-23 21:00:00,355,90,118,94,,83,,,49,,,182,120
2016-03-23 22:00:00,300,53,120,254,,43,,,182,,,215,135
2016-03-23 23:00:00,267,59,118,237,,214,,,82,,,321,188
2016-03-24 00:00:00,216,127,174,321,,233,,,172,,,298,240
2016-03-24 01:00:00,221,3,96,318,,346,,,277,,,289,241
2016-03-24 02:00:00,289,337,345,316,,297,,,272,,,303,247
2016-03-24 03:00:00,273,306,329,312,,281,,,267,,,284,275
2016-03-24 04:00:00,317,341,17,331,,339,,,318,,,300,291
2016-03-24 05:00:00,357,346,5,350,,357,,,350,,,301,277
2016-03-24 06:00:00,340,334,353,11,,354,,,316,,,328,167
2016-03-24 07:00:00,332,331,353,,,347,,,340,,,333,129
2016-03-24 08:00:00,20,342,357,3,,2,,,4,,,303,280
2016-03-24 09:00:00,17,356,8,28,,20,,,8,,,336,112
2016-03-24 10:00:00,10,4,31,25,,18,,,11,,,97,84
2016-03-24 11:00:00,28,36,33,40,,22,,,32,,,114,76
2016-03-24 12:00:00,42,21,36,53,,31,,,34,,,102,85
2016-03-24 13:00:00,56,,37,60,,54,,,38,,,103,88
2016-03-24 14:00:00,56,,33,55,,69,,,34,,,105,79
2016-03-24 15:00:00,35,,25,69,,63,,,16,,,88,54
2016-03-24 16:00:00,46,25,31,60,,54,,,42,,,80,45
2016-03-24 17:00:00,32,27,31,49,,44,,,27,,,77,53
2016-03-24 18:00:00,9,7,15,28,,30,,,76,,,80,50
2016-03-24 19:00:00,42,44,78,39,,24,,,83,,,86,50
2016-03-24 20:00:00,80,85,133,53,,83,,,82,,,69,57
2016-03-24 21:00:00,122,128,184,63,,52,,,100,,,79,64
2016-03-24 22:00:00,117,134,176,108,,292,,,111,,,78,67
2016-03-24 23:00:00,124,130,173,122,,119,,,115,,,80,66
2016-03-25 00:00:00,123,119,163,114,,110,,,108,,,83,68
2016-03-25 01:00:00,110,123,169,109,,99,,,86,,,116,69
2016-03-25 02:00:00,67,108,165,96,,94,,,65,,,122,72
2016-03-25 03:00:00,57,85,98,83,,17,,,67,,,121,80
2016-03-25 04:00:00,51,99,113,87,,93,,,65,,,138,69
2016-03-25 05:00:00,43,106,162,97,,137,,,66,,,138,91
2016-03-25 06:00:00,51,109,151,100,,132,,,75,,,147,98
2016-03-25 07:00:00,109,104,155,102,,99,,,72,,,125,72
2016-03-25 08:00:00,99,104,144,99,,91,,,68,,,85,68
2016-03-25 09:00:00,68,114,152,102,,94,,,80,,,81,69
2016-03-25 10:00:00,78,114,158,105,,104,,,84,,,78,45
2016-03-25 11:00:00,44,114,155,112,,110,,,76,,,90,48
2016-03-25 12:00:00,40,,165,104,,98,,,82,,,104,54
2016-03-25 13:00:00,58,109,156,94,,97,,,79,,,91,42
2016-03-25 14:00:00,67,100,151,103,,108,,,79,,,80,42
2016-03-25 15:00:00,91,106,140,102,,96,,,87,,,77,66
2016-03-25 16:00:00,85,104,135,100,,92,,,94,,,74,66
2016-03-25 17:00:00,75,112,130,100,,104,,,82,,,74,71
2016-03-25 18:00:00,74,114,132,101,,111,,,83,,,72,63
2016-03-25 19:00:00,83,106,137,105,,94,,,91,,,76,68
2016-03-25 20:00:00,116,100,136,92,,92,,,90,,,83,63
2016-03-25 21:00:00,96,105,143,89,,96,,,85,,,99,54
2016-03-25 22:00:00,92,114,147,103,,125,,,79,,,114,57
2016-03-25 23:00:00,90,111,150,107,,122,,,76,,,101,64
2016-03-26 00:00:00,103,106,149,111,,114,,,78,,,137,85
2016-03-26 01:00:00,34,105,129,135,,120,,,77,,,132,98
2016-03-26 02:00:00,42,80,116,155,,98,,,63,,,134,97
2016-03-26 03:00:00,360,28,73,270,,55,,,45,,,171,99
2016-03-26 04:00:00,1,69,124,300,,312,,,60,,,316,58
2016-03-26 05:00:00,64,72,163,299,,289,,,53,,,328,132
2016-03-26 06:00:00,4,46,180,306,,311,,,59,,,302,124
2016-03-26 07:00:00,13,339,26,295,,313,,,220,,,322,112
2016-03-26 08:00:00,24,354,22,326,,353,,,7,,,356,143
2016-03-26 09:00:00,47,45,54,235,,30,,,42,,,96,77
2016-03-26 10:00:00,55,73,69,219,,90,,,56,,,80,82
2016-03-26 11:00:00,49,95,85,183,,101,,,50,,,86,80
2016-03-26 12:00:00,75,125,163,150,,90,,,70,,,94,88
2016-03-26 13:00:00,64,116,151,131,,94,,,82,,,102,84
2016-03-26 14:00:00,54,119,136,123,,105,,,80,,,103,79
2016-03-26 15:00:00,58,116,164,128,,112,,,76,,,109,76
2016-03-26 16:00:00,68,113,168,113,,97,,,79,,,106,73
2016-03-26 17:00:00,61,107,142,103,,98,,,75,,,108,74
2016-03-26 18:00:00,60,116,140,110,,110,,,78,,,116,66
2016-03-26 19:00:00,76,106,149,102,,123,,,75,,,149,68
2016-03-26 20:00:00,39,97,135,120,,114,,,70,,,141,82
2016-03-26 21:00:00,45,120,163,119,,138,,,99,,,155,89
2016-03-26 22:00:00,58,121,176,126,,143,,,189,,,177,114
2016-03-26 23:00:00,114,127,178,104,,196,,,194,,,182,170
2016-03-27 00:00:00,198,135,174,323,,243,,,237,,,288,208
2016-03-27 01:00:00,196,173,61,309,,257,,,227,,,299,229
2016-03-27 02:00:00,257,15,50,321,,261,,,218,,,305,194
2016-03-27 03:00:00,267,15,327,310,,272,,,225,,,318,226
2016-03-27 04:00:00,250,312,325,307,,250,,,244,,,281,222
2016-03-27 05:00:00,221,304,305,316,,195,,,231,,,285,216
2016-03-27 06:00:00,337,310,292,335,,209,,,233,,,242,237
2016-03-27 07:00:00,142,162,307,319,,190,,,257,,,264,193
2016-03-27 08:00:00,78,24,349,336,,52,,,265,,,349,83
2016-03-27 09:00:00,4,347,326,78,,77,,,337,,,110,80
2016-03-27 10:00:00,53,334,285,121,,116,,,54,,,105,76
2016-03-27 11:00:00,64,4,23,166,,107,,,51,,,93,89
2016-03-27 12:00:00,18,13,37,36,,56,,,50,,,96,82
2016-03-27 13:00:00,25,10,16,42,,51,,,55,,,102,75
2016-03-27 14:00:00,6,359,17,27,,25,,,20,,,77,44
2016-03-27 15:00:00,4,7,22,30,,24,,,65,,,80,47
2016-03-27 16:00:00,7,4,22,32,,31,,,55,,,77,56
2016-03-27 17:00:00,14,11,19,43,,35,,,69,,,91,55
2016-03-27 18:00:00,34,16,25,45,,35,,,78,,,103,58
2016-03-27 19:00:00,64,68,12,46,,39,,,86,,,77,57
2016-03-27 20:00:00,77,91,154,40,,31,,,87,,,88,76
2016-03-27 21:00:00,89,106,194,45,,23,,,82,,,99,80
2016-03-27 22:00:00,81,46,9,49,,37,,,100,,,91,81
2016-03-27 23:00:00,83,9,11,56,,46,,,84,,,97,83
2016-03-28 00:00:00,20,14,21,59,,38,,,100,,,89,67
2016-03-28 01:00:00,94,93,126,83,,66,,,113,,,85,72
2016-03-28 02:00:00,98,132,170,106,,90,,,110,,,89,78
2016-03-28 03:00:00,101,127,168,111,,118,,,119,,,87,73
2016-03-28 04:00:00,60,110,163,103,,107,,,72,,,104,68
2016-03-28 05:00:00,47,116,166,92,,124,,,72,,,126,60
2016-03-28 06:00:00,42,95,146,120,,135,,,64,,,143,87
2016-03-28 07:00:00,33,61,163,133,,137,,,44,,,137,88
2016-03-28 08:00:00,55,57,116,105,,97,,,52,,,126,87
2016-03-28 09:00:00,44,81,103,86,,28,,,59,,,96,61
2016-03-28 10:00:00,46,76,110,96,,105,,,55,,,114,63
2016-03-28 11:00:00,50,80,106,88,,91,,,70,,,108,56
2016-03-28 12:00:00,46,65,100,79,,67,,,61,,,107,56
2016-03-28 13:00:00,50,78,109,92,,84,,,59,,,111,53
2016-03-28 14:00:00,45,99,135,100,,100,,,63,,,111,55
2016-03-28 15:00:00,56,119,176,106,,108,,,66,,,100,60
2016-03-28 16:00:00,58,130,188,115,,109,,,80,,,90,61
2016-03-28 17:00:00,72,136,195,112,,125,,,100,,,86,61
2016-03-28 18:00:00,88,131,190,115,,120,,,97,,,93,65
2016-03-28 19:00:00,99,133,181,114,,130,,,94,,,101,64
2016-03-28 20:00:00,84,121,177,111,,123,,,97,,,99,68
2016-03-28 21:00:00,79,117,172,111,,82,,,96,,,106,70
2016-03-28 22:00:00,62,112,159,105,,72,,,80,,,105,65
2016-03-28 23:00:00,73,112,150,108,,99,,,80,,,113,67
2016-03-29 00:00:00,57,106,151,110,,109,,,78,,,115,87
2016-03-29 01:00:00,62,101,152,108,,106,,,75,,,114,93
2016-03-29 02:00:00,64,115,151,126,,106,,,68,,,92,100
2016-03-29 03:00:00,48,109,165,144,,116,,,55,,,124,111
2016-03-29 04:00:00,61,118,174,153,,114,,,75,,,108,103
2016-03-29 05:00:00,24,119,163,146,,124,,,48,,,116,107
2016-03-29 06:00:00,357,123,160,148,,109,,,68,,,133,96
2016-03-29 07:00:00,27,112,163,147,,123,,,75,,,102,92
2016-03-29 08:00:00,32,97,153,149,,95,,,72,,,124,104
2016-03-29 09:00:00,20,93,162,181,,109,,,85,,,68,105
2016-03-29 10:00:00,31,35,163,106,,107,,,75,,,55,44
2016-03-29 11:00:00,26,109,149,119,,85,,,103,,,51,72
2016-03-29 12:00:00,46,119,170,109,,136,,,75,,,95,75
2016-03-29 13:00:00,52,104,153,123,,97,,,84,,,93,71
2016-03-29 14:00:00,45,99,159,120,,98,,,76,,,88,70
2016-03-29 15:00:00,58,99,164,107,,103,,,79,,,91,70
2016-03-29 16:00:00,47,103,162,100,,102,,,84,,,96,56
2016-03-29 17:00:00,78,109,167,107,,111,,,76,,,104,48
2016-03-29 18:00:00,92,107,155,99,,108,,,78,,,90,62
2016-03-29 19:00:00,102,109,120,98,,103,,,82,,,102,61
2016-03-29 20:00:00,104,110,135,97,,100,,,75,,,132,68
2016-03-29 21:00:00,75,106,140,101,,94,,,75,,,124,74
2016-03-29 22:00:00,81,111,135,105,,93,,,75,,,118,64
2016-03-29 23:00:00,63,112,144,111,,104,,,,,,137,68
2016-03-30 00:00:00,59,108,149,119,,111,,,74,,,150,79
2016-03-30 01:00:00,22,105,152,137,,103,,,60,,,179,110
2016-03-30 02:00:00,45,97,145,158,,97,,,71,,,87,117
2016-03-30 03:00:00,48,104,165,143,,101,,,67,,,100,155
2016-03-30 04:00:00,74,96,166,141,,85,,,72,,,280,223
2016-03-30 05:00:00,89,50,183,178,,106,,,48,,,224,235
2016-03-30 06:00:00,246,54,104,292,,59,,,107,,,313,249
2016-03-30 07:00:00,166,119,142,331,,74,,,112,,,313,144
2016-03-30 08:00:00,42,51,61,305,,82,,,62,,,86,114
2016-03-30 09:00:00,342,303,252,3,,11,,,262,,,120,121
2016-03-30 10:00:00,71,214,249,138,,94,,,238,,,121,62
2016-03-30 11:00:00,74,31,223,121,,136,,,58,,,60,76
2016-03-30 12:00:00,82,140,201,133,,143,,,76,,,72,87
2016-03-30 13:00:00,75,133,189,144,,128,,,85,,,91,81
2016-03-30 14:00:00,106,133,183,133,,131,,,88,,,110,92
2016-03-30 15:00:00,48,114,173,135,,138,,,67,,,146,95
2016-03-30 16:00:00,42,104,168,126,,145,,,182,,,136,102
2016-03-30 17:00:00,128,93,130,27,,140,,,121,,,145,130
2016-03-30 18:00:00,226,55,145,340,,201,,,60,,,145,119
2016-03-30 19:00:00,141,72,118,46,,207,,,231,,,153,170
2016-03-30 20:00:00,339,351,118,297,,259,,,293,,,290,190
2016-03-30 21:00:00,266,3,76,269,,257,,,254,,,111,167
2016-03-30 22:00:00,245,318,119,289,,280,,,243,,,250,197
2016-03-30 23:00:00,223,284,312,320,,301,,,260,,,293,230
2016-03-31 00:00:00,227,299,319,323,,269,,,263,,,244,238
2016-03-31 01:00:00,247,311,330,322,,291,,,273,,,272,239
2016-03-31 02:00:00,239,287,344,334,,320,,,259,,,250,252
2016-03-31 03:00:00,280,331,339,334,,5,,,72,,,274,186
2016-03-31 04:00:00,164,173,295,312,,280,,,179,,,299,244
2016-03-31 05:00:00,203,302,301,305,,264,,,245,,,256,223
2016-03-31 06:00:00,219,77,322,320,,267,,,242,,,264,229
2016-03-31 07:00:00,207,108,310,303,,273,,,255,,,249,233
2016-03-31 08:00:00,179,27,336,304,,5,,,38,,,276,223
2016-03-31 09:00:00,96,8,357,191,,339,,,67,,,313,124
2016-03-31 10:00:00,76,327,348,155,,325,,,79,,,21,75
2016-03-31 11:00:00,82,119,20,139,,31,,,80,,,95,69
2016-03-31 12:00:00,94,132,166,125,,139,,,93,,,88,63
2016-03-31 13:00:00,124,139,174,123,,127,,,129,,,82,82
2016-03-31 14:00:00,120,120,150,118,,120,,,100,,,91,72
2016-03-31 15:00:00,113,123,158,117,,123,,,113,,,91,63
2016-03-31 16:00:00,126,115,154,117,,117,,,120,,,86,60
2016-03-31 17:00:00,111,120,148,108,,116,,,104,,,90,56
2016-03-31 18:00:00,97,112,148,105,,113,,,103,,,86,46
2016-03-31 19:00:00,122,113,152,112,,88,,,115,,,81,58
2016-03-31 20:00:00,73,95,144,83,,28,,,93,,,100,60
2016-03-31 21:00:00,174,111,147,102,,136,,,85,,,199,119
2016-03-31 22:00:00,39,89,150,101,,166,,,105,,,274,191
2016-03-31 23:00:00,288,287,141,324,,292,,,227,,,264,207
2016-04-01 00:00:00,218,324,344,307,,269,,,247,,,329,195
2016-04-01 01:00:00,137,249,275,304,,294,,,110,,,291,214
2016-04-01 02:00:00,194,219,328,327,,350,,,199,,,289,78
2016-04-01 03:00:00,185,278,246,291,,299,,,230,,,245,110
2016-04-01 04:00:00,266,341,321,325,,356,,,250,,,232,164
2016-04-01 05:00:00,241,173,284,335,,295,,,220,,,258,243
2016-04-01 06:00:00,236,206,109,331,,272,,,231,,,272,250
2016-04-01 07:00:00,240,289,101,319,,286,,,92,,,294,242
2016-04-01 08:00:00,106,311,333,313,,271,,,55,,,312,282
2016-04-01 09:00:00,121,328,360,296,,284,,,11,,,310,302
2016-04-01 10:00:00,23,3,22,324,,23,,,33,,,306,295
2016-04-01 11:00:00,49,4,26,30,,23,,,39,,,60,82
2016-04-01 12:00:00,53,11,26,35,,28,,,44,,,96,86
2016-04-01 13:00:00,34,21,35,33,,25,,,39,,,94,74
2016-04-01 14:00:00,36,19,30,31,,16,,,31,,,106,71
2016-04-01 15:00:00,25,11,31,21,,8,,,25,,,104,66
2016-04-01 16:00:00,19,10,31,25,,27,,,36,,,97,53
2016-04-01 17:00:00,18,11,30,26,,24,,,30,,,76,48
2016-04-01 18:00:00,29,17,32,33,,36,,,51,,,103,56
2016-04-01 19:00:00,38,18,30,39,,42,,,41,,,105,72
2016-04-01 20:00:00,24,14,29,39,,42,,,21,,,101,68
2016-04-01 21:00:00,1,3,22,29,,21,,,13,,,72,42
2016-04-01 22:00:00,3,,22,36,,29,,,27,,,103,57
2016-04-01 23:00:00,6,4,24,37,,42,,,24,,,106,69
2016-04-02 00:00:00,9,7,24,40,,39,,,27,,,104,75
2016-04-02 01:00:00,1,358,15,53,,35,,,347,,,104,78
2016-04-02 02:00:00,352,355,13,24,,39,,,331,,,110,100
2016-04-02 03:00:00,7,12,39,352,,18,,,356,,,119,82
2016-04-02 04:00:00,352,28,46,13,,29,,,27,,,117,67
2016-04-02 05:00:00,14,,18,11,,14,,,343,,,132,81
2016-04-02 06:00:00,2,2,17,34,,51,,,349,,,126,94
2016-04-02 07:00:00,16,3,13,79,,65,,,8,,,108,90
2016-04-02 08:00:00,26,352,5,71,,44,,,350,,,95,78
2016-04-02 09:00:00,4,17,24,55,,39,,,326,,,91,68
2016-04-02 10:00:00,3,11,148,329,,28,,,308,,,97,69
2016-04-02 11:00:00,25,91,82,131,,70,,,78,,,97,57
2016-04-02 12:00:00,42,91,85,100,,89,,,58,,,94,44
2016-04-02 13:00:00,47,110,154,124,,100,,,76,,,94,59
2016-04-02 14:00:00,62,111,162,112,,107,,,74,,,92,59
2016-04-02 15:00:00,57,107,165,106,,94,,,80,,,97,61
2016-04-02 16:00:00,63,124,148,120,,104,,,90,,,78,53
2016-04-02 17:00:00,83,131,174,119,,110,,,95,,,85,68
2016-04-02 18:00:00,140,133,170,113,,125,,,98,,,104,94
2016-04-02 19:00:00,132,140,174,111,,126,,,139,,,98,76
2016-04-02 20:00:00,113,125,164,134,,112,,,38,,,108,71
2016-04-02 21:00:00,108,102,137,124,,101,,,340,,,106,70
2016-04-02 22:00:00,101,70,93,123,,9,,,18,,,104,74
2016-04-02 23:00:00,94,41,95,143,,320,,,45,,,115,76
2016-04-03 00:00:00,54,7,24,214,,323,,,82,,,101,64
2016-04-03 01:00:00,85,355,359,269,,318,,,88,,,112,80
2016-04-03 02:00:00,62,360,10,287,,271,,,,,,119,69
2016-04-03 03:00:00,11,347,352,261,,54,,,45,,,126,99
2016-04-03 04:00:00,53,337,339,285,,314,,,48,,,143,101
2016-04-03 05:00:00,78,354,348,312,,304,,,63,,,139,111
2016-04-03 06:00:00,70,11,340,313,,237,,,60,,,126,120
2016-04-03 07:00:00,20,353,25,308,,14,,,112,,,129,122
2016-04-03 08:00:00,352,35,52,299,,7,,,218,,,78,115
2016-04-03 09:00:00,42,80,135,5,,91,,,48,,,90,84
2016-04-03 10:00:00,51,105,153,140,,115,,,81,,,109,61
2016-04-03 11:00:00,44,105,164,114,,97,,,81,,,112,71
2016-04-03 12:00:00,46,100,176,111,,79,,,77,,,100,54
2016-04-03 13:00:00,41,86,153,108,,71,,,75,,,96,53
2016-04-03 14:00:00,51,97,125,124,,100,,,64,,,91,52
2016-04-03 15:00:00,42,113,125,99,,91,,,79,,,98,55
2016-04-03 16:00:00,64,116,130,104,,97,,,77,,,78,48
2016-04-03 17:00:00,88,113,141,100,,105,,,88,,,83,68
2016-04-03 18:00:00,93,113,138,108,,117,,,99,,,88,79
2016-04-03 19:00:00,80,110,121,110,,101,,,106,,,102,79
2016-04-03 20:00:00,104,111,129,105,,95,,,107,,,94,67
2016-04-03 21:00:00,110,119,152,108,,106,,,101,,,98,60
2016-04-03 22:00:00,95,117,153,108,,119,,,96,,,144,59
2016-04-03 23:00:00,123,110,138,110,,113,,,82,,,147,58
2016-04-04 00:00:00,64,104,140,150,,99,,,85,,,180,133
2016-04-04 01:00:00,18,67,109,284,,91,,,68,,,40,123
2016-04-04 02:00:00,42,51,118,223,,85,,,65,,,86,110
2016-04-04 03:00:00,2,51,124,278,,316,,,48,,,325,141
2016-04-04 04:00:00,347,50,142,304,,301,,,63,,,290,202
2016-04-04 05:00:00,321,17,21,329,,299,,,59,,,302,241
2016-04-04 06:00:00,324,324,315,315,,282,,,218,,,304,178
2016-04-04 07:00:00,263,312,329,330,,314,,,288,,,29,202
2016-04-04 08:00:00,16,335,5,350,,350,,,261,,,39,243
2016-04-04 09:00:00,38,14,340,192,,90,,,303,,,114,80
2016-04-04 10:00:00,24,352,18,94,,100,,,29,,,94,82
2016-04-04 11:00:00,36,92,143,155,,94,,,43,,,104,82
2016-04-04 12:00:00,55,106,163,121,,95,,,60,,,108,68
2016-04-04 13:00:00,50,109,132,108,,88,,,73,,,98,51
2016-04-04 14:00:00,47,108,96,85,,88,,,68,,,98,49
2016-04-04 15:00:00,47,97,134,112,,91,,,64,,,95,52
2016-04-04 16:00:00,50,116,136,105,,90,,,74,,,85,49
2016-04-04 17:00:00,79,120,132,111,,112,,,85,,,79,66
2016-04-04 18:00:00,105,117,131,107,,111,,,105,,,103,82
2016-04-04 19:00:00,88,106,124,99,,104,,,123,,,115,82
2016-04-04 20:00:00,109,118,123,110,,110,,,112,,,100,73
2016-04-04 21:00:00,100,102,126,101,,113,,,105,,,113,70
2016-04-04 22:00:00,61,106,144,98,,106,,,80,,,132,71
2016-04-04 23:00:00,63,108,136,115,,97,,,75,,,143,93
2016-04-05 00:00:00,39,109,134,135,,93,,,77,,,137,94
2016-04-05 01:00:00,42,105,145,155,,105,,,67,,,121,105
2016-04-05 02:00:00,49,109,156,151,,107,,,71,,,125,105
2016-04-05 03:00:00,56,113,162,173,,111,,,71,,,106,107
2016-04-05 04:00:00,66,109,189,174,,111,,,65,,,117,108
2016-04-05 05:00:00,302,99,182,176,,115,,,80,,,135,139
2016-04-05 06:00:00,342,40,182,293,,50,,,45,,,298,185
2016-04-05 07:00:00,12,43,139,332,,20,,,102,,,2,201
2016-04-05 08:00:00,26,45,66,39,,80,,,64,,,93,72
2016-04-05 09:00:00,35,50,53,331,,77,,,32,,,86,77
2016-04-05 10:00:00,49,106,133,131,,111,,,44,,,112,80
2016-04-05 11:00:00,50,97,120,114,,107,,,56,,,103,71
2016-04-05 12:00:00,58,112,131,108,,98,,,77,,,91,46
2016-04-05 13:00:00,67,113,155,100,,109,,,78,,,72,54
2016-04-05 14:00:00,95,113,162,102,,92,,,87,,,78,64
2016-04-05 15:00:00,111,109,168,108,,93,,,91,,,81,68
2016-04-05 16:00:00,118,104,152,102,,95,,,91,,,83,65
2016-04-05 17:00:00,114,105,144,103,,96,,,95,,,88,71
2016-04-05 18:00:00,114,104,136,103,,94,,,110,,,95,80
2016-04-05 19:00:00,127,108,128,99,,96,,,112,,,94,74
2016-04-05 20:00:00,80,100,132,102,,93,,,107,,,90,68
2016-04-05 21:00:00,76,107,145,105,,98,,,90,,,98,55
2016-04-05 22:00:00,76,107,144,108,,107,,,80,,,117,56
2016-04-05 23:00:00,54,105,141,114,,101,,,80,,,140,69
2016-04-06 00:00:00,41,97,136,141,,96,,,74,,,173,76
2016-04-06 01:00:00,54,93,127,169,,105,,,70,,,121,109
2016-04-06 02:00:00,46,88,151,149,,107,,,75,,,107,88
2016-04-06 03:00:00,58,62,128,141,,83,,,86,,,87,77
2016-04-06 04:00:00,22,41,92,249,,40,,,76,,,115,109
2016-04-06 05:00:00,5,28,90,290,,341,,,56,,,308,106
2016-04-06 06:00:00,327,40,58,305,,336,,,87,,,299,152
2016-04-06 07:00:00,356,337,13,306,,312,,,260,,,310,170
2016-04-06 08:00:00,306,305,334,325,,335,,,319,,,259,143
2016-04-06 09:00:00,359,305,360,315,,339,,,270,,,283,301
2016-04-06 10:00:00,71,285,350,137,,356,,,286,,,170,89
2016-04-06 11:00:00,89,352,13,147,,345,,,292,,,118,82
2016-04-06 12:00:00,17,9,27,52,,15,,,235,,,97,105
2016-04-06 13:00:00,54,19,36,34,,23,,,47,,,118,92
2016-04-06 14:00:00,49,8,23,33,,24,,,45,,,119,89
2016-04-06 15:00:00,28,26,36,31,,21,,,35,,,109,78
2016-04-06 16:00:00,61,43,49,52,,55,,,59,,,104,79
2016-04-06 17:00:00,85,46,54,66,,72,,,55,,,108,92
2016-04-06 18:00:00,56,41,29,62,,69,,,63,,,111,99
2016-04-06 19:00:00,13,21,20,50,,63,,,54,,,110,70
2016-04-06 20:00:00,30,35,20,45,,77,,,20,,,118,95
2016-04-06 21:00:00,12,1,344,46,,78,,,61,,,115,77
2016-04-06 22:00:00,14,332,357,36,,306,,,41,,,117,74
2016-04-06 23:00:00,21,310,299,40,,274,,,32,,,123,99
2016-04-07 00:00:00,26,308,306,251,,257,,,62,,,119,97
2016-04-07 01:00:00,80,314,302,276,,261,,,290,,,122,110
2016-04-07 02:00:00,36,336,288,314,,279,,,316,,,123,116
2016-04-07 03:00:00,19,316,269,231,,40,,,357,,,120,108
2016-04-07 04:00:00,11,81,200,151,,36,,,294,,,134,85
2016-04-07 05:00:00,31,130,179,113,,304,,,208,,,148,108
2016-04-07 06:00:00,102,132,172,356,,299,,,78,,,148,152
2016-04-07 07:00:00,130,93,168,318,,318,,,261,,,106,185
2016-04-07 08:00:00,99,75,84,302,,49,,,43,,,114,99
2016-04-07 09:00:00,54,98,133,107,,84,,,68,,,103,69
2016-04-07 10:00:00,39,86,124,102,,90,,,78,,,103,41
2016-04-07 11:00:00,53,110,134,94,,96,,,80,,,95,42
2016-04-07 12:00:00,53,104,123,103,,85,,,80,,,90,51
2016-04-07 13:00:00,62,112,139,104,,99,,,82,,,79,50
2016-04-07 14:00:00,103,115,128,97,,94,,,74,,,84,56
2016-04-07 15:00:00,89,114,130,98,,102,,,82,,,85,53
2016-04-07 16:00:00,78,110,146,96,,100,,,85,,,74,53
2016-04-07 17:00:00,100,106,122,100,,92,,,95,,,78,70
2016-04-07 18:00:00,107,101,119,99,,78,,,104,,,91,75
2016-04-07 19:00:00,65,94,118,83,,92,,,96,,,86,65
2016-04-07 20:00:00,62,95,125,86,,96,,,78,,,94,53
2016-04-07 21:00:00,74,105,144,96,,98,,,76,,,108,59
2016-04-07 22:00:00,55,109,155,100,,121,,,77,,,130,59
2016-04-07 23:00:00,44,111,149,120,,121,,,79,,,152,76
2016-04-08 00:00:00,27,101,132,143,,105,,,70,,,146,92
2016-04-08 01:00:00,68,97,138,160,,103,,,71,,,265,102
2016-04-08 02:00:00,67,102,142,131,,104,,,81,,,101,90
2016-04-08 03:00:00,51,100,136,120,,118,,,68,,,129,87
2016-04-08 04:00:00,29,116,164,103,,124,,,76,,,173,80
2016-04-08 05:00:00,67,119,166,116,,113,,,68,,,131,96
2016-04-08 06:00:00,58,116,158,125,,86,,,79,,,141,74
2016-04-08 07:00:00,65,105,146,101,,81,,,79,,,120,79
2016-04-08 08:00:00,63,81,129,113,,81,,,66,,,102,80
2016-04-08 09:00:00,57,78,101,105,,75,,,56,,,102,70
2016-04-08 10:00:00,56,85,111,91,,75,,,64,,,106,63
2016-04-08 11:00:00,49,73,110,82,,84,,,72,,,96,57
2016-04-08 12:00:00,45,80,119,96,,104,,,74,,,114,55
2016-04-08 13:00:00,61,93,117,93,,107,,,87,,,109,62
2016-04-08 14:00:00,63,102,126,97,,102,,,98,,,133,78
2016-04-08 15:00:00,70,120,175,101,,105,,,98,,,123,109
2016-04-08 16:00:00,166,132,157,114,,135,,,76,,,109,105
2016-04-08 17:00:00,115,126,158,136,,139,,,89,,,90,89
2016-04-08 18:00:00,106,123,143,117,,115,,,66,,,99,81
2016-04-08 19:00:00,127,124,143,111,,107,,,94,,,98,78
2016-04-08 20:00:00,128,121,149,108,,111,,,117,,,86,78
2016-04-08 21:00:00,109,114,146,107,,110,,,105,,,89,79
2016-04-08 22:00:00,75,104,129,99,,99,,,93,,,87,79
2016-04-08 23:00:00,69,103,137,104,,97,,,80,,,84,62
2016-04-09 00:00:00,54,88,118,83,,81,,,76,,,84,40
2016-04-09 01:00:00,60,78,104,77,,70,,,68,,,89,50
2016-04-09 02:00:00,59,77,97,81,,74,,,69,,,100,62
2016-04-09 03:00:00,74,83,105,90,,82,,,71,,,95,65
2016-04-09 04:00:00,68,85,139,101,,97,,,76,,,91,60
2016-04-09 05:00:00,63,108,165,103,,111,,,71,,,91,63
2016-04-09 06:00:00,61,112,163,111,,115,,,76,,,97,67
2016-04-09 07:00:00,53,119,153,115,,122,,,73,,,107,74
2016-04-09 08:00:00,30,115,166,107,,116,,,84,,,121,66
2016-04-09 09:00:00,31,108,163,110,,118,,,85,,,124,75
2016-04-09 10:00:00,,122,164,104,,111,,,86,,,119,63
2016-04-09 11:00:00,,128,187,109,,111,,,86,,,123,55
2016-04-09 12:00:00,,118,173,114,,117,,,83,,,97,67
2016-04-09 13:00:00,,115,162,150,,114,,,105,,,80,62
2016-04-09 14:00:00,,116,167,158,,102,,,114,,,81,68
2016-04-09 15:00:00,,128,164,116,,115,,,92,,,87,80
2016-04-09 16:00:00,,122,153,134,,117,,,96,,,89,77
2016-04-09 17:00:00,,130,167,108,,115,,,103,,,90,74
2016-04-09 18:00:00,,126,153,107,,107,,,89,,,91,70
2016-04-09 19:00:00,,126,159,106,,120,,,86,,,95,66
2016-04-09 20:00:00,,119,153,109,,118,,,91,,,98,67
2016-04-09 21:00:00,,107,144,113,,104,,,97,,,101,66
2016-04-09 22:00:00,,105,143,99,,100,,,82,,,112,61
2016-04-09 23:00:00,,106,148,104,,104,,,73,,,144,59
2016-04-10 00:00:00,,104,151,108,,118,,,78,,,146,75
2016-04-10 01:00:00,,112,142,96,,105,,,80,,,162,71
2016-04-10 02:00:00,,109,147,78,,111,,,75,,,87,125
2016-04-10 03:00:00,,118,157,121,,119,,,66,,,82,94
2016-04-10 04:00:00,,112,147,166,,128,,,86,,,24,124
2016-04-10 05:00:00,,110,130,161,,99,,,85,,,110,106
2016-04-10 06:00:00,,107,138,116,,85,,,73,,,111,107
2016-04-10 07:00:00,,108,150,112,,82,,,72,,,120,98
2016-04-10 08:00:00,,108,165,155,,108,,,76,,,111,93
2016-04-10 09:00:00,,116,164,188,,150,,,72,,,108,87
2016-04-10 10:00:00,,29,168,297,,135,,,81,,,111,90
2016-04-10 11:00:00,,110,159,151,,87,,,58,,,101,72
2016-04-10 12:00:00,,122,178,142,,107,,,35,,,102,80
2016-04-10 13:00:00,,110,160,142,,112,,,80,,,118,81
2016-04-10 14:00:00,,103,160,117,,100,,,82,,,100,73
2016-04-10 15:00:00,,121,169,108,,106,,,78,,,108,70
2016-04-10 16:00:00,,125,168,103,,116,,,86,,,99,68
2016-04-10 17:00:00,,136,161,111,,117,,,105,,,97,67
2016-04-10 18:00:00,130,122,157,121,,118,,,110,,,102,72
2016-04-10 19:00:00,117,122,160,109,,118,,,107,,,103,66
2016-04-10 20:00:00,104,116,156,109,,108,,,89,,,121,82
2016-04-10 21:00:00,81,101,148,85,,110,,,109,,,133,96
2016-04-10 22:00:00,274,106,134,107,,81,,,82,,,290,178
2016-04-10 23:00:00,315,105,131,196,,53,,,82,,,274,146
2016-04-11 00:00:00,3,63,108,169,,11,,,81,,,335,134
2016-04-11 01:00:00,43,75,128,211,,67,,,79,,,305,132
2016-04-11 02:00:00,71,79,120,271,,107,,,69,,,128,128
2016-04-11 03:00:00,302,53,124,301,,66,,,89,,,297,161
2016-04-11 04:00:00,350,20,113,308,,277,,,29,,,301,200
2016-04-11 05:00:00,183,18,149,324,,312,,,199,,,293,210
2016-04-11 06:00:00,294,20,84,328,,293,,,252,,,333,163
2016-04-11 07:00:00,353,24,9,332,,319,,,122,,,66,145
2016-04-11 08:00:00,12,280,331,242,,22,,,122,,,64,43
2016-04-11 09:00:00,12,310,344,107,,95,,,256,,,48,97
2016-04-11 10:00:00,43,340,353,105,,115,,,8,,,128,89
2016-04-11 11:00:00,30,8,353,122,,114,,,72,,,87,84
2016-04-11 12:00:00,54,352,358,176,,118,,,80,,,99,91
2016-04-11 13:00:00,23,42,19,109,,116,,,71,,,109,86
2016-04-11 14:00:00,84,62,38,113,,87,,,53,,,107,86
2016-04-11 15:00:00,106,63,68,122,,84,,,67,,,107,91
2016-04-11 16:00:00,107,122,129,119,,106,,,41,,,111,92
2016-04-11 17:00:00,95,110,139,109,,94,,,92,,,104,90
2016-04-11 18:00:00,98,107,145,110,,108,,,94,,,100,98
2016-04-11 19:00:00,91,107,142,110,,109,,,106,,,90,65
2016-04-11 20:00:00,91,107,117,106,,105,,,98,,,96,67
2016-04-11 21:00:00,84,105,148,100,,106,,,91,,,108,67
2016-04-11 22:00:00,94,112,157,107,,114,,,81,,,102,68
2016-04-11 23:00:00,99,113,153,107,,117,,,89,,,108,69
2016-04-12 00:00:00,64,103,138,101,,95,,,76,,,111,72
2016-04-12 01:00:00,58,97,139,107,,102,,,74,,,120,76
2016-04-12 02:00:00,49,102,147,110,,122,,,72,,,112,84
2016-04-12 03:00:00,57,106,150,139,,101,,,70,,,131,98
2016-04-12 04:00:00,352,39,150,190,,28,,,66,,,138,101
2016-04-12 05:00:00,359,352,10,305,,306,,,48,,,153,117
2016-04-12 06:00:00,37,342,354,310,,308,,,62,,,102,121
2016-04-12 07:00:00,14,352,358,268,,335,,,75,,,76,190
2016-04-12 08:00:00,40,3,12,272,,12,,,177,,,117,136
2016-04-12 09:00:00,67,57,74,211,,106,,,89,,,104,96
2016-04-12 10:00:00,55,88,144,82,,73,,,65,,,107,81
2016-04-12 11:00:00,73,111,144,47,,36,,,80,,,112,76
2016-04-12 12:00:00,79,108,142,107,,95,,,85,,,112,86
2016-04-12 13:00:00,67,117,122,109,,100,,,101,,,106,73
2016-04-12 14:00:00,71,114,140,123,,102,,,98,,,96,72
2016-04-12 15:00:00,88,118,152,111,,110,,,102,,,89,83
2016-04-12 16:00:00,127,119,155,117,,123,,,109,,,104,95
2016-04-12 17:00:00,126,128,150,126,,124,,,121,,,98,94
2016-04-12 18:00:00,125,110,149,114,,111,,,117,,,98,80
2016-04-12 19:00:00,115,113,134,114,,99,,,111,,,97,81
2016-04-12 20:00:00,98,100,121,109,,105,,,113,,,99,74
2016-04-12 21:00:00,100,111,139,108,,106,,,78,,,108,71
2016-04-12 22:00:00,105,125,157,110,,110,,,84,,,107,65
2016-04-12 23:00:00,65,116,155,111,,117,,,84,,,142,66
2016-04-13 00:00:00,45,108,147,112,,99,,,88,,,127,75
2016-04-13 01:00:00,47,79,112,95,,71,,,79,,,114,69
2016-04-13 02:00:00,52,46,82,80,,60,,,78,,,131,74
2016-04-13 03:00:00,48,62,75,123,,91,,,63,,,120,75
2016-04-13 04:00:00,69,29,60,340,,110,,,66,,,108,87
2016-04-13 05:00:00,43,42,13,278,,78,,,74,,,120,101
2016-04-13 06:00:00,41,18,8,31,,64,,,73,,,123,103
2016-04-13 07:00:00,27,353,13,288,,124,,,56,,,115,101
2016-04-13 08:00:00,100,354,6,197,,72,,,39,,,93,84
2016-04-13 09:00:00,55,352,3,231,,44,,,62,,,105,101
2016-04-13 10:00:00,82,357,5,289,,41,,,27,,,99,115
2016-04-13 11:00:00,24,2,12,94,,10,,,45,,,103,114
2016-04-13 12:00:00,42,7,23,185,,19,,,3,,,112,111
2016-04-13 13:00:00,78,3,24,91,,36,,,31,,,114,121
2016-04-13 14:00:00,100,33,33,53,,59,,,68,,,119,117
2016-04-13 15:00:00,103,44,39,68,,65,,,83,,,117,104
2016-04-13 16:00:00,94,53,42,81,,70,,,71,,,117,96
2016-04-13 17:00:00,118,122,160,109,,77,,,114,,,106,90
2016-04-13 18:00:00,117,125,167,111,,107,,,100,,,122,105
2016-04-13 19:00:00,122,128,165,110,,117,,,80,,,109,82
2016-04-13 20:00:00,115,126,162,119,,120,,,76,,,117,81
2016-04-13 21:00:00,90,113,150,126,,105,,,75,,,146,105
2016-04-13 22:00:00,72,111,151,119,,118,,,64,,,132,87
2016-04-13 23:00:00,35,109,159,95,,112,,,84,,,120,69
2016-04-14 00:00:00,44,119,183,95,,126,,,84,,,147,87
2016-04-14 01:00:00,92,114,174,107,,115,,,95,,,112,58
2016-04-14 02:00:00,129,86,156,108,,83,,,116,,,109,71
2016-04-14 03:00:00,114,76,151,141,,58,,,144,,,110,97
2016-04-14 04:00:00,98,101,158,99,,78,,,58,,,118,83
2016-04-14 05:00:00,56,129,174,121,,87,,,73,,,121,93
2016-04-14 06:00:00,70,130,179,118,,142,,,86,,,115,77
2016-04-14 07:00:00,77,125,178,133,,142,,,87,,,104,71
2016-04-14 08:00:00,84,114,171,138,,130,,,83,,,120,62
2016-04-14 09:00:00,108,104,167,319,,119,,,66,,,85,74
2016-04-14 10:00:00,9,137,203,136,,77,,,293,,,131,82
2016-04-14 11:00:00,63,129,165,145,,104,,,243,,,149,84
2016-04-14 12:00:00,68,107,157,134,,97,,,229,,,132,72
2016-04-14 13:00:00,69,121,163,117,,100,,,93,,,101,67
2016-04-14 14:00:00,96,122,167,117,,112,,,97,,,92,73
2016-04-14 15:00:00,117,118,140,113,,106,,,83,,,95,84
2016-04-14 16:00:00,118,118,159,107,,120,,,80,,,100,80
2016-04-14 17:00:00,127,123,164,107,,118,,,81,,,89,82
2016-04-14 18:00:00,136,126,169,117,,123,,,86,,,100,86
2016-04-14 19:00:00,123,132,175,127,,130,,,103,,,95,71
2016-04-14 20:00:00,116,130,172,143,,123,,,116,,,111,71
2016-04-14 21:00:00,133,119,159,148,,111,,,124,,,141,81
2016-04-14 22:00:00,131,120,148,112,,103,,,60,,,131,85
2016-04-14 23:00:00,76,116,147,107,,102,,,132,,,136,85
2016-04-15 00:00:00,123,112,144,107,,103,,,89,,,129,80
2016-04-15 01:00:00,100,116,147,104,,96,,,99,,,125,84
2016-04-15 02:00:00,46,113,141,112,,112,,,73,,,134,76
2016-04-15 03:00:00,44,93,119,91,,84,,,67,,,143,82
2016-04-15 04:00:00,42,87,129,104,,98,,,69,,,147,86
2016-04-15 05:00:00,57,101,137,101,,94,,,71,,,138,85
2016-04-15 06:00:00,57,103,139,120,,111,,,69,,,143,90
2016-04-15 07:00:00,30,114,138,121,,114,,,63,,,136,97
2016-04-15 08:00:00,52,110,134,132,,125,,,58,,,61,93
2016-04-15 09:00:00,60,115,137,118,,94,,,68,,,105,77
2016-04-15 10:00:00,59,116,148,98,,87,,,74,,,114,69
2016-04-15 11:00:00,51,112,140,96,,95,,,74,,,117,78
2016-04-15 12:00:00,43,105,149,94,,86,,,74,,,123,63
2016-04-15 13:00:00,58,106,142,98,,97,,,70,,,108,57
2016-04-15 14:00:00,67,109,160,102,,103,,,80,,,100,57
2016-04-15 15:00:00,63,118,156,108,,121,,,79,,,98,57
2016-04-15 16:00:00,70,116,155,105,,119,,,74,,,80,67
2016-04-15 17:00:00,118,123,162,104,,116,,,81,,,80,69
2016-04-15 18:00:00,123,118,160,106,,115,,,79,,,86,72
2016-04-15 19:00:00,118,118,155,105,,121,,,82,,,112,78
2016-04-15 20:00:00,113,113,150,96,,108,,,94,,,125,76
2016-04-15 21:00:00,105,106,148,111,,103,,,109,,,113,70
2016-04-15 22:00:00,89,112,134,110,,117,,,113,,,131,96
2016-04-15 23:00:00,69,110,137,109,,100,,,95,,,173,139
2016-04-16 00:00:00,59,107,142,114,,96,,,106,,,125,140
2016-04-16 01:00:00,54,110,148,122,,112,,,88,,,120,137
2016-04-16 02:00:00,13,113,148,129,,128,,,84,,,111,137
2016-04-16 03:00:00,24,125,152,142,,125,,,77,,,120,152
2016-04-16 04:00:00,306,112,151,135,,113,,,88,,,157,143
2016-04-16 05:00:00,251,119,151,175,,126,,,137,,,129,121
2016-04-16 06:00:00,233,118,163,287,,208,,,97,,,321,210
2016-04-16 07:00:00,252,104,172,288,,149,,,94,,,324,207
2016-04-16 08:00:00,282,76,177,345,,47,,,231,,,51,258
2016-04-16 09:00:00,53,79,161,120,,97,,,320,,,49,73
2016-04-16 10:00:00,53,122,164,134,,84,,,82,,,74,71
2016-04-16 11:00:00,40,101,166,125,,106,,,74,,,91,71
2016-04-16 12:00:00,48,110,166,124,,97,,,61,,,100,67
2016-04-16 13:00:00,60,111,134,121,,91,,,74,,,90,63
2016-04-16 14:00:00,55,106,153,108,,99,,,83,,,93,52
2016-04-16 15:00:00,77,116,153,106,,96,,,79,,,78,55
2016-04-16 16:00:00,119,121,130,109,,118,,,92,,,81,69
2016-04-16 17:00:00,119,114,125,120,,107,,,108,,,90,79
2016-04-16 18:00:00,109,92,121,105,,90,,,109,,,101,88
2016-04-16 19:00:00,114,99,121,94,,93,,,101,,,103,83
2016-04-16 20:00:00,92,106,135,97,,99,,,113,,,92,75
2016-04-16 21:00:00,76,109,142,103,,96,,,107,,,86,65
2016-04-16 22:00:00,70,107,145,107,,96,,,89,,,90,66
2016-04-16 23:00:00,73,104,144,102,,92,,,73,,,96,66
2016-04-17 00:00:00,45,102,144,101,,88,,,68,,,103,67
2016-04-17 01:00:00,51,111,146,106,,99,,,67,,,96,66
2016-04-17 02:00:00,61,107,138,115,,87,,,87,,,101,60
2016-04-17 03:00:00,53,89,115,122,,88,,,74,,,125,64
2016-04-17 04:00:00,44,104,146,129,,106,,,81,,,119,92
2016-04-17 05:00:00,67,107,151,146,,113,,,66,,,347,121
2016-04-17 06:00:00,4,122,144,169,,173,,,71,,,322,174
2016-04-17 07:00:00,237,118,152,324,,55,,,153,,,320,254
2016-04-17 08:00:00,330,53,88,295,,62,,,356,,,21,14
2016-04-17 09:00:00,31,69,66,195,,80,,,39,,,100,87
2016-04-17 10:00:00,81,111,135,131,,90,,,57,,,78,76
2016-04-17 11:00:00,77,85,148,141,,117,,,72,,,95,80
2016-04-17 12:00:00,72,77,66,140,,120,,,74,,,101,68
2016-04-17 13:00:00,72,115,103,132,,122,,,59,,,99,90
2016-04-17 14:00:00,98,121,137,125,,127,,,100,,,99,86
2016-04-17 15:00:00,73,122,105,122,,110,,,103,,,99,71
2016-04-17 16:00:00,92,102,138,110,,87,,,100,,,104,99
2016-04-17 17:00:00,86,102,116,99,,68,,,98,,,96,91
2016-04-17 18:00:00,86,102,117,103,,78,,,83,,,91,83
2016-04-17 19:00:00,107,105,126,108,,85,,,92,,,104,97
2016-04-17 20:00:00,105,102,128,96,,94,,,115,,,91,81
2016-04-17 21:00:00,55,90,115,87,,105,,,81,,,91,50
2016-04-17 22:00:00,49,115,158,112,,117,,,72,,,103,61
2016-04-17 23:00:00,99,118,155,112,,105,,,73,,,95,64
2016-04-18 00:00:00,112,107,139,105,,97,,,86,,,88,58
2016-04-18 01:00:00,107,111,154,121,,104,,,91,,,88,56
2016-04-18 02:00:00,114,117,146,120,,46,,,116,,,114,65
2016-04-18 03:00:00,49,69,82,239,,340,,,228,,,75,135
2016-04-18 04:00:00,46,22,42,277,,70,,,20,,,276,125
2016-04-18 05:00:00,78,2,7,278,,31,,,57,,,68,98
2016-04-18 06:00:00,146,4,,297,,329,,,83,,,67,135
2016-04-18 07:00:00,12,331,353,316,,320,,,323,,,317,267
2016-04-18 08:00:00,327,324,23,315,,315,,,289,,,328,282
2016-04-18 09:00:00,337,352,30,328,,345,,,266,,,313,295
2016-04-18 10:00:00,18,46,100,323,,61,,,313,,,57,79
2016-04-18 11:00:00,19,29,57,350,,70,,,21,,,85,89
2016-04-18 12:00:00,41,5,44,14,,81,,,357,,,87,72
2016-04-18 13:00:00,66,43,65,32,,71,,,39,,,95,71
2016-04-18 14:00:00,66,98,95,102,,91,,,51,,,98,73
2016-04-18 15:00:00,76,106,127,124,,103,,,75,,,107,82
2016-04-18 16:00:00,92,94,117,114,,101,,,100,,,104,83
2016-04-18 17:00:00,91,73,89,81,,59,,,95,,,85,70
2016-04-18 18:00:00,26,32,61,83,,129,,,76,,,91,61
2016-04-18 19:00:00,53,93,148,107,,121,,,98,,,95,65
2016-04-18 20:00:00,100,123,158,114,,100,,,89,,,104,84
2016-04-18 21:00:00,82,99,128,107,,104,,,36,,,101,73
2016-04-18 22:00:00,89,107,145,110,,104,,,81,,,116,69
2016-04-18 23:00:00,26,42,53,207,,60,,,78,,,116,84
2016-04-19 00:00:00,51,42,47,133,,63,,,43,,,116,89
2016-04-19 01:00:00,70,75,158,100,,92,,,59,,,114,89
2016-04-19 02:00:00,60,110,151,106,,89,,,64,,,106,82
2016-04-19 03:00:00,65,108,169,108,,108,,,76,,,93,60
2016-04-19 04:00:00,51,107,151,107,,111,,,75,,,94,66
2016-04-19 05:00:00,39,101,128,124,,97,,,68,,,119,72
2016-04-19 06:00:00,20,85,134,140,,73,,,81,,,123,88
2016-04-19 07:00:00,53,104,148,103,,78,,,76,,,109,72
2016-04-19 08:00:00,44,107,155,115,,79,,,64,,,117,73
2016-04-19 09:00:00,73,129,157,103,,66,,,35,,,124,96
2016-04-19 10:00:00,47,113,164,110,,143,,,331,,,136,59
2016-04-19 11:00:00,23,121,176,111,,102,,,148,,,118,46
2016-04-19 12:00:00,47,106,152,98,,94,,,78,,,84,55
2016-04-19 13:00:00,105,121,165,107,,112,,,82,,,92,90
2016-04-19 14:00:00,113,109,154,111,,105,,,96,,,100,82
2016-04-19 15:00:00,125,121,141,117,,108,,,101,,,97,84
2016-04-19 16:00:00,133,130,160,120,,123,,,107,,,95,85
2016-04-19 17:00:00,104,116,159,107,,105,,,112,,,99,75
2016-04-19 18:00:00,113,113,157,100,,96,,,96,,,97,61
2016-04-19 19:00:00,108,107,149,96,,98,,,106,,,96,58
2016-04-19 20:00:00,80,119,166,103,,117,,,92,,,101,81
2016-04-19 21:00:00,69,108,143,99,,95,,,99,,,105,75
2016-04-19 22:00:00,70,113,149,109,,108,,,82,,,94,62
2016-04-19 23:00:00,90,101,154,113,,90,,,84,,,115,62
2016-04-20 00:00:00,54,109,150,85,,97,,,87,,,166,69
2016-04-20 01:00:00,43,122,155,106,,112,,,66,,,120,95
2016-04-20 02:00:00,128,149,184,117,,151,,,84,,,100,53
2016-04-20 03:00:00,257,340,123,336,,286,,,329,,,261,226
2016-04-20 04:00:00,249,22,46,319,,263,,,288,,,293,261
2016-04-20 05:00:00,290,17,61,132,,36,,,251,,,155,230
2016-04-20 06:00:00,330,332,11,298,,291,,,7,,,274,102
2016-04-20 07:00:00,345,330,346,285,,352,,,119,,,340,141
2016-04-20 08:00:00,33,24,25,165,,105,,,338,,,92,85
2016-04-20 09:00:00,62,77,96,210,,88,,,63,,,102,78
2016-04-20 10:00:00,99,92,125,133,,117,,,78,,,85,96
2016-04-20 11:00:00,71,106,158,136,,98,,,96,,,94,73
2016-04-20 12:00:00,81,104,169,139,,117,,,66,,,96,88
2016-04-20 13:00:00,106,91,124,117,,100,,,80,,,106,104
2016-04-20 14:00:00,106,134,161,124,,118,,,97,,,115,98
2016-04-20 15:00:00,142,140,166,127,,137,,,110,,,101,81
2016-04-20 16:00:00,123,141,170,112,,137,,,103,,,111,88
2016-04-20 17:00:00,134,131,161,109,,118,,,117,,,102,97
2016-04-20 18:00:00,113,135,185,109,,112,,,100,,,98,76
2016-04-20 19:00:00,120,126,179,109,,107,,,111,,,94,71
2016-04-20 20:00:00,112,146,180,116,,75,,,118,,,148,97
2016-04-20 21:00:00,111,74,10,126,,263,,,191,,,163,168
2016-04-20 22:00:00,116,60,282,112,,339,,,198,,,136,186
2016-04-20 23:00:00,109,91,115,126,,111,,,334,,,142,149
2016-04-21 00:00:00,40,108,148,92,,100,,,95,,,128,100
2016-04-21 01:00:00,51,102,132,130,,120,,,77,,,159,99
2016-04-21 02:00:00,39,105,127,141,,81,,,3,,,157,128
2016-04-21 03:00:00,184,21,41,290,,344,,,78,,,120,160
2016-04-21 04:00:00,9,36,29,281,,49,,,259,,,290,242
2016-04-21 05:00:00,216,282,310,300,,331,,,149,,,307,226
2016-04-21 06:00:00,277,290,330,303,,269,,,241,,,300,263
2016-04-21 07:00:00,250,32,23,335,,174,,,258,,,304,273
2016-04-21 08:00:00,29,97,102,40,,137,,,260,,,81,283
2016-04-21 09:00:00,55,117,125,137,,104,,,87,,,101,89
2016-04-21 10:00:00,60,93,87,139,,85,,,75,,,91,82
2016-04-21 11:00:00,56,40,79,88,,81,,,87,,,93,79
2016-04-21 12:00:00,80,102,149,117,,138,,,57,,,92,77
2016-04-21 13:00:00,77,117,150,131,,103,,,65,,,98,81
2016-04-21 14:00:00,42,96,133,110,,88,,,68,,,96,56
2016-04-21 15:00:00,63,107,134,111,,96,,,74,,,88,46
2016-04-21 16:00:00,77,107,133,113,,91,,,80,,,78,54
2016-04-21 17:00:00,92,105,116,105,,96,,,93,,,89,90
2016-04-21 18:00:00,84,89,115,100,,97,,,95,,,114,88
2016-04-21 19:00:00,80,94,118,100,,100,,,79,,,82,65
2016-04-21 20:00:00,82,106,120,107,,102,,,82,,,85,66
2016-04-21 21:00:00,87,110,124,104,,99,,,96,,,90,70
2016-04-21 22:00:00,108,111,148,109,,102,,,102,,,91,67
2016-04-21 23:00:00,102,107,133,105,,104,,,89,,,116,69
2016-04-22 00:00:00,68,100,132,104,,93,,,83,,,121,74
2016-04-22 01:00:00,57,104,131,107,,97,,,72,,,106,65
2016-04-22 02:00:00,64,91,116,97,,89,,,74,,,93,60
2016-04-22 03:00:00,60,97,131,104,,92,,,74,,,99,63
2016-04-22 04:00:00,64,120,155,123,,115,,,76,,,109,77
2016-04-22 05:00:00,54,98,111,122,,83,,,84,,,108,91
2016-04-22 06:00:00,46,56,82,,,49,,,26,,,118,108
2016-04-22 07:00:00,83,43,68,131,,43,,,78,,,107,83
2016-04-22 08:00:00,53,47,60,191,,57,,,79,,,110,84
2016-04-22 09:00:00,63,55,97,289,,59,,,51,,,105,63
2016-04-22 10:00:00,45,67,106,54,,79,,,67,,,119,69
2016-04-22 11:00:00,59,104,140,109,,99,,,70,,,114,69
2016-04-22 12:00:00,69,122,168,111,,112,,,80,,,99,64
2016-04-22 13:00:00,62,108,167,105,,103,,,84,,,92,67
2016-04-22 14:00:00,79,108,135,116,,100,,,113,,,90,80
2016-04-22 15:00:00,134,110,134,116,,116,,,111,,,110,107
2016-04-22 16:00:00,134,69,127,97,,66,,,116,,,92,87
2016-04-22 17:00:00,349,310,245,116,,121,,,120,,,81,42
2016-04-22 18:00:00,110,185,200,129,,160,,,147,,,105,95
2016-04-22 19:00:00,6,351,353,106,,323,,,229,,,164,295
2016-04-22 20:00:00,80,358,37,288,,278,,,309,,,143,55
2016-04-22 21:00:00,102,12,11,114,,83,,,271,,,121,119
2016-04-22 22:00:00,71,98,123,98,,100,,,142,,,113,86
2016-04-22 23:00:00,127,136,180,114,,122,,,86,,,93,76
2016-04-23 00:00:00,139,163,181,118,,112,,,107,,,99,93
2016-04-23 01:00:00,124,7,81,106,,341,,,30,,,144,94
2016-04-23 02:00:00,55,6,21,216,,83,,,348,,,196,320
2016-04-23 03:00:00,60,75,85,136,,98,,,34,,,108,98
2016-04-23 04:00:00,3,116,194,185,,319,,,63,,,123,107
2016-04-23 05:00:00,291,308,317,335,,317,,,75,,,110,130
2016-04-23 06:00:00,200,34,319,325,,309,,,223,,,334,30
2016-04-23 07:00:00,358,109,220,219,,53,,,237,,,,52
2016-04-23 08:00:00,323,125,186,161,,101,,,32,,,160,60
2016-04-23 09:00:00,27,115,182,103,,80,,,341,,,119,77
2016-04-23 10:00:00,69,101,147,110,,91,,,70,,,72,61
2016-04-23 11:00:00,60,113,143,98,,95,,,74,,,93,54
2016-04-23 12:00:00,53,115,158,106,,103,,,82,,,96,51
2016-04-23 13:00:00,105,123,169,107,,118,,,84,,,100,71
2016-04-23 14:00:00,128,122,170,114,,107,,,86,,,94,77
2016-04-23 15:00:00,114,126,165,127,,99,,,70,,,82,65
2016-04-23 16:00:00,113,116,129,108,,112,,,85,,,97,58
2016-04-23 17:00:00,110,80,134,9,,338,,,100,,,298,45
2016-04-23 18:00:00,217,260,303,348,,227,,,79,,,176,205
2016-04-23 19:00:00,198,147,182,122,,106,,,246,,,358,186
2016-04-23 20:00:00,321,359,211,328,,163,,,81,,,112,82
2016-04-23 21:00:00,340,107,155,135,,77,,,114,,,140,106
2016-04-23 22:00:00,326,113,160,175,,100,,,74,,,299,227
2016-04-23 23:00:00,338,106,126,239,,104,,,66,,,235,197
2016-04-24 00:00:00,32,79,106,113,,59,,,79,,,103,304
2016-04-24 01:00:00,68,75,99,88,,68,,,74,,,189,120
2016-04-24 02:00:00,63,83,103,109,,94,,,73,,,106,83
2016-04-24 03:00:00,63,100,142,151,,117,,,69,,,68,107
2016-04-24 04:00:00,82,119,158,146,,101,,,84,,,93,42
2016-04-24 05:00:00,342,109,153,150,,117,,,89,,,293,289
2016-04-24 06:00:00,245,105,133,312,,106,,,75,,,310,242
2016-04-24 07:00:00,233,116,173,290,,94,,,73,,,308,259
2016-04-24 08:00:00,275,41,220,327,,54,,,70,,,318,271
2016-04-24 09:00:00,16,24,338,322,,42,,,260,,,28,68
2016-04-24 10:00:00,19,33,352,67,,86,,,310,,,58,64
2016-04-24 11:00:00,76,107,180,137,,102,,,72,,,82,66
2016-04-24 12:00:00,75,113,183,137,,113,,,67,,,83,84
2016-04-24 13:00:00,89,87,151,136,,105,,,67,,,96,75
2016-04-24 14:00:00,89,100,136,133,,98,,,71,,,80,74
2016-04-24 15:00:00,67,108,150,118,,101,,,94,,,92,63
2016-04-24 16:00:00,84,125,148,105,,103,,,94,,,86,59
2016-04-24 17:00:00,121,132,165,111,,113,,,97,,,92,79
2016-04-24 18:00:00,138,130,151,105,,113,,,97,,,98,86
2016-04-24 19:00:00,125,97,113,99,,97,,,90,,,100,77
2016-04-24 20:00:00,104,103,129,94,,116,,,104,,,113,68
2016-04-24 21:00:00,105,114,164,110,,115,,,85,,,107,59
2016-04-24 22:00:00,121,120,166,123,,133,,,86,,,131,90
2016-04-24 23:00:00,121,113,150,108,,125,,,114,,,70,165
2016-04-25 00:00:00,100,88,136,136,,91,,,92,,,238,176
2016-04-25 01:00:00,312,32,132,270,,80,,,303,,,217,180
2016-04-25 02:00:00,291,33,126,326,,49,,,303,,,308,195
2016-04-25 03:00:00,229,29,49,307,,345,,,57,,,282,232
2016-04-25 04:00:00,226,20,14,333,,314,,,243,,,294,208
2016-04-25 05:00:00,280,324,302,307,,300,,,278,,,321,251
2016-04-25 06:00:00,325,268,316,333,,313,,,283,,,289,285
2016-04-25 07:00:00,8,339,333,333,,106,,,269,,,269,281
2016-04-25 08:00:00,19,329,342,324,,75,,,266,,,339,264
2016-04-25 09:00:00,30,325,348,349,,118,,,300,,,113,215
2016-04-25 10:00:00,45,81,42,129,,118,,,316,,,100,76
2016-04-25 11:00:00,60,58,17,118,,119,,,7,,,110,87
2016-04-25 12:00:00,71,66,22,105,,91,,,45,,,95,63
2016-04-25 13:00:00,75,98,130,136,,101,,,68,,,92,63
2016-04-25 14:00:00,73,96,146,132,,111,,,95,,,93,59
2016-04-25 15:00:00,84,105,159,109,,105,,,77,,,90,61
2016-04-25 16:00:00,93,116,141,108,,114,,,91,,,100,82
2016-04-25 17:00:00,131,120,132,117,,124,,,110,,,101,91
2016-04-25 18:00:00,128,114,131,120,,112,,,133,,,99,99
2016-04-25 19:00:00,111,112,137,116,,106,,,137,,,95,91
2016-04-25 20:00:00,127,117,146,109,,110,,,121,,,94,68
2016-04-25 21:00:00,87,106,146,108,,97,,,100,,,121,52
2016-04-25 22:00:00,67,112,147,128,,103,,,82,,,133,74
2016-04-25 23:00:00,107,104,148,132,,78,,,68,,,115,90
2016-04-26 00:00:00,37,98,137,127,,66,,,87,,,130,103
2016-04-26 01:00:00,30,99,147,137,,93,,,86,,,145,111
2016-04-26 02:00:00,22,104,146,92,,97,,,79,,,150,108
2016-04-26 03:00:00,24,103,147,120,,86,,,70,,,121,114
2016-04-26 04:00:00,18,106,150,139,,86,,,80,,,99,97
2016-04-26 05:00:00,23,92,132,169,,81,,,85,,,74,147
2016-04-26 06:00:00,46,68,122,254,,73,,,55,,,313,184
2016-04-26 07:00:00,57,64,84,299,,37,,,52,,,341,248
2016-04-26 08:00:00,30,48,88,322,,18,,,56,,,,263
2016-04-26 09:00:00,21,13,214,234,,82,,,63,,,71,294
2016-04-26 10:00:00,38,41,122,132,,127,,,23,,,87,76
2016-04-26 11:00:00,77,90,69,140,,120,,,68,,,40,87
2016-04-26 12:00:00,79,113,130,140,,126,,,83,,,81,79
2016-04-26 13:00:00,101,116,161,127,,120,,,81,,,87,74
2016-04-26 14:00:00,123,79,181,115,,109,,,94,,,349,79
2016-04-26 15:00:00,91,13,351,109,,98,,,99,,,342,69
2016-04-26 16:00:00,94,84,112,103,,76,,,90,,,9,90
2016-04-26 17:00:00,86,91,111,89,,90,,,88,,,79,64
2016-04-26 18:00:00,77,81,107,84,,94,,,85,,,72,50
2016-04-26 19:00:00,80,84,119,90,,78,,,77,,,79,43
2016-04-26 20:00:00,64,70,128,96,,66,,,87,,,146,55
2016-04-26 21:00:00,48,79,111,92,,95,,,92,,,174,110
2016-04-26 22:00:00,12,68,146,255,,78,,,59,,,85,131
2016-04-26 23:00:00,18,95,124,268,,97,,,51,,,325,174
2016-04-27 00:00:00,43,98,149,156,,105,,,79,,,316,180
2016-04-27 01:00:00,7,103,152,160,,110,,,88,,,314,209
2016-04-27 02:00:00,247,130,151,279,,207,,,80,,,302,233
2016-04-27 03:00:00,268,24,67,323,,305,,,13,,,311,258
2016-04-27 04:00:00,238,303,322,301,,313,,,268,,,283,274
2016-04-27 05:00:00,281,321,339,313,,290,,,262,,,227,259
2016-04-27 06:00:00,280,328,350,321,,304,,,281,,,156,249
2016-04-27 07:00:00,7,334,2,322,,297,,,267,,,289,257
2016-04-27 08:00:00,353,336,3,1,,11,,,328,,,307,287
2016-04-27 09:00:00,352,341,1,10,,357,,,333,,,317,286
2016-04-27 10:00:00,5,351,9,7,,2,,,338,,,325,34
2016-04-27 11:00:00,9,358,16,22,,19,,,354,,,12,82
2016-04-27 12:00:00,25,14,30,33,,41,,,11,,,99,81
2016-04-27 13:00:00,26,23,44,78,,26,,,19,,,89,59
2016-04-27 14:00:00,35,56,41,68,,57,,,345,,,92,58
2016-04-27 15:00:00,35,45,350,86,,57,,,33,,,89,49
2016-04-27 16:00:00,62,62,82,84,,93,,,62,,,88,60
2016-04-27 17:00:00,90,98,134,94,,81,,,100,,,94,77
2016-04-27 18:00:00,84,97,121,100,,98,,,101,,,100,90
2016-04-27 19:00:00,112,111,133,102,,99,,,96,,,98,88
2016-04-27 20:00:00,132,135,170,122,,127,,,132,,,94,83
2016-04-27 21:00:00,133,133,171,139,,132,,,142,,,98,76
2016-04-27 22:00:00,126,131,160,127,,111,,,138,,,107,69
2016-04-27 23:00:00,126,108,134,119,,60,,,99,,,135,88
2016-04-28 00:00:00,87,101,133,105,,356,,,61,,,132,116
2016-04-28 01:00:00,68,113,141,105,,310,,,69,,,135,99
2016-04-28 02:00:00,136,112,133,115,,314,,,92,,,132,122
2016-04-28 03:00:00,107,85,113,153,,302,,,115,,,129,163
2016-04-28 04:00:00,48,24,84,302,,315,,,58,,,130,157
2016-04-28 05:00:00,,347,66,268,,299,,,23,,,6,167
2016-04-28 06:00:00,34,40,129,252,,357,,,62,,,106,191
2016-04-28 07:00:00,26,67,138,246,,93,,,52,,,116,92
2016-04-28 08:00:00,21,100,154,243,,86,,,43,,,88,79
2016-04-28 09:00:00,52,96,133,217,,106,,,27,,,84,82
2016-04-28 10:00:00,47,102,143,126,,84,,,70,,,98,91
2016-04-28 11:00:00,60,102,138,131,,94,,,64,,,103,70
2016-04-28 12:00:00,48,113,135,111,,90,,,56,,,102,70
2016-04-28 13:00:00,53,105,136,109,,110,,,65,,,100,49
2016-04-28 14:00:00,60,110,146,106,,94,,,81,,,85,41
2016-04-28 15:00:00,129,106,135,107,,103,,,95,,,94,69
2016-04-28 16:00:00,125,123,137,107,,107,,,95,,,83,85
2016-04-28 17:00:00,111,106,133,106,,100,,,97,,,94,92
2016-04-28 18:00:00,110,98,131,101,,95,,,92,,,89,83
2016-04-28 19:00:00,96,101,133,104,,95,,,105,,,84,77
2016-04-28 20:00:00,78,104,135,103,,99,,,111,,,90,70
2016-04-28 21:00:00,76,113,135,103,,97,,,96,,,104,71
2016-04-28 22:00:00,91,117,153,109,,115,,,94,,,104,68
2016-04-28 23:00:00,66,107,139,106,,106,,,75,,,107,62
2016-04-29 00:00:00,41,95,128,123,,92,,,80,,,130,63
2016-04-29 01:00:00,57,98,124,150,,82,,,78,,,141,82
2016-04-29 02:00:00,51,98,132,150,,99,,,71,,,132,93
2016-04-29 03:00:00,58,102,141,149,,85,,,80,,,114,87
2016-04-29 04:00:00,68,99,156,137,,77,,,87,,,112,86
2016-04-29 05:00:00,84,78,156,163,,70,,,77,,,80,89
2016-04-29 06:00:00,49,70,110,160,,81,,,67,,,357,138
2016-04-29 07:00:00,56,71,117,221,,64,,,48,,,23,165
2016-04-29 08:00:00,64,65,96,299,,64,,,58,,,317,249
2016-04-29 09:00:00,55,63,107,313,,83,,,65,,,14,96
2016-04-29 10:00:00,63,90,132,148,,136,,,62,,,96,79
2016-04-29 11:00:00,65,90,127,133,,113,,,90,,,71,69
2016-04-29 12:00:00,68,83,158,74,,135,,,69,,,97,73
2016-04-29 13:00:00,70,121,167,133,,131,,,75,,,105,82
2016-04-29 14:00:00,77,116,163,132,,120,,,80,,,89,84
2016-04-29 15:00:00,69,118,152,127,,121,,,88,,,100,84
2016-04-29 16:00:00,86,125,165,119,,118,,,85,,,101,70
2016-04-29 17:00:00,94,123,156,112,,110,,,79,,,105,74
2016-04-29 18:00:00,92,119,154,117,,114,,,80,,,153,86
2016-04-29 19:00:00,98,123,154,108,,134,,,87,,,161,86
2016-04-29 20:00:00,110,75,144,116,,164,,,214,,,150,109
2016-04-29 21:00:00,116,83,127,107,,96,,,202,,,271,140
2016-04-29 22:00:00,110,89,142,254,,130,,,59,,,9,147
2016-04-29 23:00:00,287,13,171,207,,168,,,43,,,345,189
2016-04-30 00:00:00,233,59,139,317,,209,,,226,,,330,205
2016-04-30 01:00:00,222,344,139,316,,318,,,230,,,278,243
2016-04-30 02:00:00,219,54,313,324,,77,,,232,,,286,241
2016-04-30 03:00:00,290,329,347,310,,288,,,252,,,279,252
2016-04-30 04:00:00,221,305,325,317,,272,,,258,,,278,251
2016-04-30 05:00:00,236,280,341,319,,321,,,272,,,277,267
2016-04-30 06:00:00,263,298,6,329,,279,,,265,,,280,263
2016-04-30 07:00:00,295,321,357,319,,263,,,252,,,295,238
2016-04-30 08:00:00,318,325,2,310,,286,,,243,,,317,281
2016-04-30 09:00:00,322,331,9,307,,300,,,288,,,330,295
2016-04-30 10:00:00,327,344,6,306,,314,,,303,,,322,288
2016-04-30 11:00:00,338,355,10,308,,340,,,337,,,325,282
2016-04-30 12:00:00,357,358,11,329,,3,,,7,,,326,267
2016-04-30 13:00:00,23,356,17,35,,32,,,8,,,341,85
2016-04-30 14:00:00,20,10,28,50,,35,,,2,,,104,70
2016-04-30 15:00:00,26,12,31,45,,50,,,16,,,79,67
2016-04-30 16:00:00,45,37,27,50,,45,,,7,,,80,50
2016-04-30 17:00:00,3,2,7,38,,43,,,28,,,69,41
2016-04-30 18:00:00,43,85,113,48,,35,,,29,,,90,62
2016-04-30 19:00:00,81,104,131,101,,80,,,78,,,80,66
2016-04-30 20:00:00,94,125,146,95,,89,,,95,,,96,76
2016-04-30 21:00:00,102,126,174,104,,294,,,131,,,108,92
2016-04-30 22:00:00,109,129,165,117,,279,,,122,,,109,112
2016-04-30 23:00:00,134,123,168,135,,252,,,107,,,105,117
2016-05-01 00:00:00,130,118,139,123,,269,,,133,,,123,79
2016-05-01 01:00:00,79,111,140,98,,285,,,122,,,104,84
2016-05-01 02:00:00,49,67,112,154,,88,,,76,,,129,104
2016-05-01 03:00:00,358,88,156,324,,101,,,60,,,138,111
2016-05-01 04:00:00,313,47,113,307,,38,,,54,,,199,123
2016-05-01 05:00:00,353,53,114,261,,9,,,234,,,279,153
2016-05-01 06:00:00,349,56,149,266,,342,,,119,,,311,201
2016-05-01 07:00:00,309,49,80,84,,48,,,220,,,1,243
2016-05-01 08:00:00,7,60,139,72,,62,,,351,,,104,117
2016-05-01 09:00:00,26,108,137,117,,75,,,55,,,126,83
2016-05-01 10:00:00,42,100,149,116,,83,,,66,,,119,74
2016-05-01 11:00:00,42,94,140,89,,86,,,76,,,109,63
2016-05-01 12:00:00,50,94,145,95,,108,,,76,,,105,63
2016-05-01 13:00:00,60,111,155,105,,89,,,83,,,102,57
2016-05-01 14:00:00,60,113,152,106,,102,,,79,,,92,54
2016-05-01 15:00:00,59,112,119,115,,101,,,87,,,81,45
2016-05-01 16:00:00,66,104,142,109,,93,,,100,,,78,60
2016-05-01 17:00:00,76,102,130,104,,99,,,107,,,76,72
2016-05-01 18:00:00,82,104,131,98,,98,,,98,,,83,70
2016-05-01 19:00:00,76,106,118,101,,93,,,79,,,93,72
2016-05-01 20:00:00,76,92,118,94,,93,,,76,,,87,77
2016-05-01 21:00:00,75,95,118,98,,96,,,90,,,83,67
2016-05-01 22:00:00,72,107,135,106,,101,,,86,,,87,67
2016-05-01 23:00:00,86,109,148,104,,110,,,91,,,89,66
2016-05-02 00:00:00,74,104,136,106,,103,,,84,,,95,62
2016-05-02 01:00:00,66,84,109,101,,90,,,81,,,100,64
2016-05-02 02:00:00,63,74,101,94,,58,,,84,,,109,75
2016-05-02 03:00:00,12,5,47,24,,35,,,70,,,120,82
2016-05-02 04:00:00,31,359,12,19,,80,,,27,,,119,121
2016-05-02 05:00:00,66,330,4,9,,84,,,72,,,118,108
2016-05-02 06:00:00,36,338,357,239,,102,,,48,,,117,98
2016-05-02 07:00:00,71,338,360,298,,16,,,265,,,93,94
2016-05-02 08:00:00,74,344,,152,,29,,,289,,,88,92
2016-05-02 09:00:00,45,354,358,341,,15,,,43,,,96,90
2016-05-02 10:00:00,64,346,3,167,,15,,,17,,,93,89
2016-05-02 11:00:00,39,349,360,82,,23,,,13,,,100,109
2016-05-02 12:00:00,30,339,4,172,,19,,,354,,,90,95
2016-05-02 13:00:00,350,349,5,112,,343,,,11,,,101,105
2016-05-02 14:00:00,355,351,7,97,,16,,,352,,,101,109
2016-05-02 15:00:00,7,356,19,24,,23,,,353,,,90,85
2016-05-02 16:00:00,356,359,26,43,,25,,,4,,,108,107
2016-05-02 17:00:00,15,4,29,38,,25,,,30,,,102,81
2016-05-02 18:00:00,26,16,36,45,,32,,,29,,,96,71
2016-05-02 19:00:00,24,43,36,48,,77,,,22,,,100,77
2016-05-02 20:00:00,73,25,24,163,,97,,,38,,,94,78
2016-05-02 21:00:00,52,359,10,12,,93,,,113,,,107,87
2016-05-02 22:00:00,73,12,348,111,,87,,,347,,,109,85
2016-05-02 23:00:00,197,357,332,120,,62,,,11,,,96,120
2016-05-03 00:00:00,182,348,327,91,,38,,,243,,,61,91
2016-05-03 01:00:00,58,3,9,321,,2,,,271,,,26,90
2016-05-03 02:00:00,304,3,18,298,,41,,,235,,,60,96
2016-05-03 03:00:00,297,360,357,272,,337,,,24,,,98,63
2016-05-03 04:00:00,310,348,1,312,,313,,,15,,,104,95
2016-05-03 05:00:00,228,342,360,304,,343,,,5,,,115,110
2016-05-03 06:00:00,174,5,360,311,,45,,,2,,,100,113
2016-05-03 07:00:00,2,20,14,238,,36,,,29,,,100,93
2016-05-03 08:00:00,17,9,19,199,,68,,,35,,,106,98
2016-05-03 09:00:00,13,14,34,231,,63,,,40,,,122,106
2016-05-03 10:00:00,24,22,29,231,,160,,,28,,,103,83
2016-05-03 11:00:00,44,3,7,213,,102,,,33,,,95,88
2016-05-03 12:00:00,46,31,351,176,,69,,,62,,,103,83
2016-05-03 13:00:00,73,34,358,172,,116,,,41,,,114,74
2016-05-03 14:00:00,68,46,17,108,,112,,,80,,,104,64
2016-05-03 15:00:00,63,59,118,99,,119,,,41,,,105,86
2016-05-03 16:00:00,70,109,144,114,,97,,,75,,,110,90
2016-05-03 17:00:00,65,116,145,122,,105,,,102,,,104,84
2016-05-03 18:00:00,85,111,156,107,,112,,,87,,,108,73
2016-05-03 19:00:00,64,118,155,118,,116,,,84,,,104,70
2016-05-03 20:00:00,54,125,167,116,,115,,,80,,,102,66
2016-05-03 21:00:00,67,130,161,116,,126,,,86,,,104,66
2016-05-03 22:00:00,52,118,160,126,,120,,,74,,,126,78
2016-05-03 23:00:00,58,111,167,135,,114,,,78,,,132,97
2016-05-04 00:00:00,24,65,121,102,,66,,,86,,,111,101
2016-05-04 01:00:00,5,13,20,137,,48,,,60,,,114,92
2016-05-04 02:00:00,1,27,305,85,,189,,,44,,,109,80
2016-05-04 03:00:00,4,204,295,277,,192,,,84,,,114,71
2016-05-04 04:00:00,328,202,286,222,,289,,,352,,,115,83
2016-05-04 05:00:00,232,217,279,140,,164,,,187,,,153,113
2016-05-04 06:00:00,190,198,258,57,,177,,,263,,,118,141
2016-05-04 07:00:00,200,192,257,47,,143,,,247,,,10,350
2016-05-04 08:00:00,195,203,260,22,,215,,,243,,,43,286
2016-05-04 09:00:00,240,191,288,277,,182,,,242,,,93,232
2016-05-04 10:00:00,338,155,307,143,,98,,,247,,,174,324
2016-05-04 11:00:00,18,143,181,143,,82,,,175,,,60,77
2016-05-04 12:00:00,49,113,154,130,,73,,,49,,,101,71
2016-05-04 13:00:00,50,65,160,108,,108,,,61,,,100,50
2016-05-04 14:00:00,53,95,152,95,,101,,,68,,,81,47
2016-05-04 15:00:00,69,115,124,107,,91,,,91,,,67,45
2016-05-04 16:00:00,82,132,136,103,,95,,,101,,,74,58
2016-05-04 17:00:00,101,134,150,108,,125,,,113,,,90,94
2016-05-04 18:00:00,132,127,148,115,,114,,,125,,,106,95
2016-05-04 19:00:00,139,122,147,114,,117,,,130,,,103,90
2016-05-04 20:00:00,118,122,157,106,,114,,,104,,,97,63
2016-05-04 21:00:00,115,124,166,108,,121,,,95,,,117,60
2016-05-04 22:00:00,115,114,148,117,,110,,,125,,,133,77
2016-05-04 23:00:00,111,105,133,94,,306,,,198,,,127,148
2016-05-05 00:00:00,77,60,113,133,,72,,,172,,,109,156
2016-05-05 01:00:00,54,27,104,263,,80,,,85,,,123,143
2016-05-05 02:00:00,353,32,56,304,,310,,,42,,,97,176
2016-05-05 03:00:00,258,342,15,298,,303,,,197,,,261,182
2016-05-05 04:00:00,313,23,35,329,,271,,,241,,,276,206
2016-05-05 05:00:00,352,349,345,308,,314,,,193,,,311,175
2016-05-05 06:00:00,256,315,334,329,,299,,,264,,,325,175
2016-05-05 07:00:00,22,316,335,332,,325,,,253,,,324,225
2016-05-05 08:00:00,17,320,323,353,,347,,,267,,,301,234
2016-05-05 09:00:00,11,327,327,60,,69,,,244,,,119,85
2016-05-05 10:00:00,72,96,121,128,,108,,,307,,,86,63
2016-05-05 11:00:00,50,105,122,95,,112,,,70,,,82,47
2016-05-05 12:00:00,46,79,154,113,,84,,,55,,,97,57
2016-05-05 13:00:00,61,96,146,86,,98,,,62,,,86,55
2016-05-05 14:00:00,71,107,142,95,,98,,,69,,,95,52
2016-05-05 15:00:00,65,101,137,109,,90,,,74,,,89,53
2016-05-05 16:00:00,71,103,145,102,,102,,,117,,,82,61
2016-05-05 17:00:00,90,105,143,106,,105,,,122,,,99,83
2016-05-05 18:00:00,95,100,135,107,,100,,,114,,,104,92
2016-05-05 19:00:00,93,99,119,99,,93,,,118,,,104,81
2016-05-05 20:00:00,105,102,117,106,,99,,,111,,,100,66
2016-05-05 21:00:00,99,113,169,107,,142,,,91,,,118,70
2016-05-05 22:00:00,101,112,151,107,,125,,,94,,,114,134
2016-05-05 23:00:00,87,113,150,111,,109,,,94,,,126,112
2016-05-06 00:00:00,328,95,125,278,,21,,,77,,,133,148
2016-05-06 01:00:00,5,31,57,281,,33,,,25,,,101,183
2016-05-06 02:00:00,42,69,105,235,,75,,,56,,,106,98
2016-05-06 03:00:00,58,46,129,252,,44,,,60,,,114,100
2016-05-06 04:00:00,9,25,60,286,,293,,,200,,,119,92
2016-05-06 05:00:00,17,32,40,309,,306,,,261,,,62,94
2016-05-06 06:00:00,5,41,193,320,,306,,,263,,,335,156
2016-05-06 07:00:00,19,96,161,312,,82,,,103,,,88,102
2016-05-06 08:00:00,41,70,110,341,,80,,,57,,,110,98
2016-05-06 09:00:00,40,71,121,137,,91,,,62,,,121,92
2016-05-06 10:00:00,42,103,124,119,,95,,,54,,,127,82
2016-05-06 11:00:00,67,107,133,109,,92,,,70,,,89,56
2016-05-06 12:00:00,88,103,135,104,,92,,,85,,,80,62
2016-05-06 13:00:00,109,101,137,107,,101,,,91,,,77,65
2016-05-06 14:00:00,112,107,132,108,,93,,,101,,,73,64
2016-05-06 15:00:00,107,101,142,106,,101,,,98,,,77,66
2016-05-06 16:00:00,107,104,137,114,,98,,,95,,,84,69
2016-05-06 17:00:00,112,104,127,104,,94,,,101,,,90,73
2016-05-06 18:00:00,116,96,120,91,,90,,,106,,,101,82
2016-05-06 19:00:00,93,103,134,96,,99,,,93,,,97,82
2016-05-06 20:00:00,78,109,137,101,,101,,,88,,,88,59
2016-05-06 21:00:00,86,108,149,104,,104,,,88,,,92,63
2016-05-06 22:00:00,61,103,148,105,,105,,,80,,,106,59
2016-05-06 23:00:00,62,101,132,105,,105,,,75,,,113,66
2016-05-07 00:00:00,41,106,147,139,,106,,,70,,,162,78
2016-05-07 01:00:00,26,75,130,267,,89,,,65,,,166,130
2016-05-07 02:00:00,30,54,144,160,,39,,,68,,,110,110
2016-05-07 03:00:00,57,70,153,218,,102,,,77,,,106,103
2016-05-07 04:00:00,45,94,151,320,,82,,,73,,,118,94
2016-05-07 05:00:00,24,104,165,149,,99,,,70,,,154,103
2016-05-07 06:00:00,23,104,162,165,,100,,,79,,,127,95
2016-05-07 07:00:00,335,85,138,313,,109,,,89,,,117,88
2016-05-07 08:00:00,6,56,114,323,,75,,,33,,,41,77
2016-05-07 09:00:00,6,22,166,317,,49,,,66,,,51,70
2016-05-07 10:00:00,36,83,156,128,,91,,,26,,,70,81
2016-05-07 11:00:00,54,110,151,116,,107,,,37,,,101,74
2016-05-07 12:00:00,52,109,150,115,,108,,,61,,,108,75
2016-05-07 13:00:00,100,118,161,108,,108,,,87,,,94,60
2016-05-07 14:00:00,118,128,155,107,,121,,,94,,,98,72
2016-05-07 15:00:00,108,122,154,105,,117,,,89,,,95,70
2016-05-07 16:00:00,110,119,153,104,,114,,,89,,,98,70
2016-05-07 17:00:00,107,110,148,106,,102,,,94,,,97,69
2016-05-07 18:00:00,106,111,158,114,,103,,,35,,,116,77
2016-05-07 19:00:00,20,67,96,102,,88,,,79,,,170,74
2016-05-07 20:00:00,67,118,145,135,,113,,,235,,,123,95
2016-05-07 21:00:00,67,91,129,111,,89,,,102,,,126,179
2016-05-07 22:00:00,48,103,156,99,,105,,,95,,,125,142
2016-05-07 23:00:00,41,106,148,98,,115,,,81,,,138,118
2016-05-08 00:00:00,63,98,141,125,,103,,,77,,,119,111
2016-05-08 01:00:00,20,65,109,166,,87,,,63,,,149,112
2016-05-08 02:00:00,26,37,122,181,,94,,,62,,,143,117
2016-05-08 03:00:00,60,102,122,166,,103,,,64,,,105,90
2016-05-08 04:00:00,46,103,131,143,,105,,,67,,,126,104
2016-05-08 05:00:00,18,99,146,174,,100,,,76,,,73,115
2016-05-08 06:00:00,348,56,111,283,,68,,,76,,,284,155
2016-05-08 07:00:00,350,49,103,281,,40,,,46,,,329,207
2016-05-08 08:00:00,359,32,84,269,,42,,,6,,,326,277
2016-05-08 09:00:00,347,352,46,302,,31,,,36,,,3,70
2016-05-08 10:00:00,8,10,63,35,,70,,,19,,,68,73
2016-05-08 11:00:00,50,65,78,160,,93,,,49,,,90,75
2016-05-08 12:00:00,70,104,148,145,,101,,,84,,,99,76
2016-05-08 13:00:00,47,106,142,137,,100,,,76,,,112,81
2016-05-08 14:00:00,41,108,147,131,,114,,,75,,,111,71
2016-05-08 15:00:00,50,108,160,108,,102,,,82,,,115,85
2016-05-08 16:00:00,50,103,140,102,,104,,,77,,,129,92
2016-05-08 17:00:00,62,99,80,99,,85,,,91,,,98,62
2016-05-08 18:00:00,79,50,21,52,,58,,,95,,,97,62
2016-05-08 19:00:00,53,73,89,53,,53,,,82,,,101,42
2016-05-08 20:00:00,33,37,43,50,,325,,,66,,,155,55
2016-05-08 21:00:00,49,96,136,97,,116,,,62,,,131,88
2016-05-08 22:00:00,56,102,144,120,,113,,,86,,,117,74
2016-05-08 23:00:00,48,114,151,133,,119,,,72,,,135,84
2016-05-09 00:00:00,349,95,125,119,,101,,,78,,,177,101
2016-05-09 01:00:00,48,109,162,150,,109,,,71,,,135,106
2016-05-09 02:00:00,216,126,177,132,,123,,,79,,,109,69
2016-05-09 03:00:00,242,32,347,329,,33,,,98,,,276,220
2016-05-09 04:00:00,234,338,42,225,,355,,,256,,,50,218
2016-05-09 05:00:00,288,316,303,312,,329,,,275,,,308,261
2016-05-09 06:00:00,219,6,45,331,,151,,,54,,,291,238
2016-05-09 07:00:00,72,120,156,79,,116,,,107,,,341,272
2016-05-09 08:00:00,56,116,169,132,,132,,,84,,,69,75
2016-05-09 09:00:00,62,121,164,142,,115,,,74,,,25,84
2016-05-09 10:00:00,48,111,151,139,,104,,,78,,,95,59
2016-05-09 11:00:00,44,100,154,118,,88,,,76,,,95,71
2016-05-09 12:00:00,47,100,161,100,,100,,,76,,,96,53
2016-05-09 13:00:00,111,126,159,103,,100,,,87,,,100,70
2016-05-09 14:00:00,111,119,166,115,,124,,,84,,,107,75
2016-05-09 15:00:00,111,130,159,108,,135,,,87,,,135,53
2016-05-09 16:00:00,127,123,171,124,,141,,,106,,,129,79
2016-05-09 17:00:00,136,131,169,129,,122,,,350,,,107,78
2016-05-09 18:00:00,134,118,162,130,,104,,,51,,,110,116
2016-05-09 19:00:00,122,109,152,137,,97,,,236,,,293,206
2016-05-09 20:00:00,171,123,158,89,,94,,,294,,,86,126
2016-05-09 21:00:00,53,61,137,119,,93,,,24,,,80,119
2016-05-09 22:00:00,50,59,104,206,,95,,,291,,,245,107
2016-05-09 23:00:00,344,350,70,245,,49,,,4,,,127,115
2016-05-10 00:00:00,33,315,80,200,,325,,,39,,,78,103
2016-05-10 01:00:00,284,314,146,347,,304,,,275,,,232,177
2016-05-10 02:00:00,277,300,71,296,,298,,,278,,,287,237
2016-05-10 03:00:00,252,297,333,312,,303,,,245,,,288,230
2016-05-10 04:00:00,264,294,321,292,,297,,,254,,,283,273
2016-05-10 05:00:00,160,255,306,309,,174,,,282,,,274,49
2016-05-10 06:00:00,166,224,331,323,,100,,,257,,,260,148
2016-05-10 07:00:00,69,355,311,85,,127,,,260,,,316,69
2016-05-10 08:00:00,77,298,326,123,,7,,,34,,,104,81
2016-05-10 09:00:00,101,348,65,117,,33,,,215,,,65,44
2016-05-10 10:00:00,80,,81,132,,125,,,14,,,97,74
2016-05-10 11:00:00,81,119,127,142,,111,,,57,,,86,85
2016-05-10 12:00:00,71,106,154,139,,109,,,79,,,92,84
2016-05-10 13:00:00,84,105,154,129,,106,,,92,,,107,68
2016-05-10 14:00:00,71,115,161,116,,119,,,94,,,93,48
2016-05-10 15:00:00,118,129,161,104,,117,,,91,,,91,73
2016-05-10 16:00:00,130,136,168,110,,115,,,96,,,88,75
2016-05-10 17:00:00,128,138,169,113,,126,,,94,,,92,75
2016-05-10 18:00:00,132,136,158,118,,129,,,109,,,90,86
2016-05-10 19:00:00,135,133,159,132,,130,,,127,,,89,72
2016-05-10 20:00:00,123,122,161,131,,114,,,146,,,86,65
2016-05-10 21:00:00,95,106,131,98,,97,,,124,,,108,64
2016-05-10 22:00:00,38,91,122,123,,92,,,61,,,137,105
2016-05-10 23:00:00,23,100,143,188,,105,,,71,,,127,114
2016-05-11 00:00:00,32,114,151,122,,119,,,73,,,100,101
2016-05-11 01:00:00,10,96,109,131,,111,,,81,,,129,114
2016-05-11 02:00:00,22,105,117,123,,100,,,71,,,144,91
2016-05-11 03:00:00,25,70,56,189,,63,,,51,,,196,141
2016-05-11 04:00:00,307,39,32,293,,321,,,37,,,275,229
2016-05-11 05:00:00,301,341,348,287,,299,,,267,,,306,200
2016-05-11 06:00:00,269,331,342,284,,317,,,299,,,302,205
2016-05-11 07:00:00,26,31,47,333,,48,,,326,,,69,94
2016-05-11 08:00:00,36,40,51,101,,67,,,57,,,97,74
2016-05-11 09:00:00,29,50,97,87,,58,,,66,,,101,84
2016-05-11 10:00:00,73,112,155,104,,100,,,71,,,105,84
2016-05-11 11:00:00,50,131,155,140,,93,,,68,,,101,68
2016-05-11 12:00:00,56,94,141,116,,91,,,88,,,100,66
2016-05-11 13:00:00,65,89,134,101,,98,,,65,,,98,51
2016-05-11 14:00:00,76,104,146,100,,105,,,70,,,96,71
2016-05-11 15:00:00,74,124,156,113,,106,,,89,,,97,76
2016-05-11 16:00:00,89,124,157,120,,115,,,103,,,96,74
2016-05-11 17:00:00,125,108,138,117,,110,,,103,,,109,94
2016-05-11 18:00:00,130,131,156,123,,117,,,126,,,100,78
2016-05-11 19:00:00,126,127,164,123,,117,,,111,,,89,70
2016-05-11 20:00:00,109,120,170,114,,115,,,113,,,107,88
2016-05-11 21:00:00,115,114,134,125,,121,,,124,,,111,83
2016-05-11 22:00:00,74,93,125,95,,94,,,119,,,120,71
2016-05-11 23:00:00,72,108,146,113,,110,,,76,,,119,65
2016-05-12 00:00:00,64,99,141,114,,108,,,83,,,129,71
2016-05-12 01:00:00,51,101,151,111,,102,,,76,,,130,84
2016-05-12 02:00:00,36,67,122,129,,65,,,77,,,140,104
2016-05-12 03:00:00,86,89,122,134,,82,,,71,,,115,100
2016-05-12 04:00:00,72,106,142,123,,66,,,66,,,103,95
2016-05-12 05:00:00,68,74,107,149,,55,,,55,,,126,109
2016-05-12 06:00:00,23,36,124,254,,49,,,63,,,74,209
2016-05-12 07:00:00,59,91,160,221,,87,,,52,,,118,68
2016-05-12 08:00:00,55,107,161,271,,78,,,87,,,114,62
2016-05-12 09:00:00,26,90,121,27,,72,,,49,,,74,67
2016-05-12 10:00:00,38,81,136,67,,81,,,59,,,94,69
2016-05-12 11:00:00,60,80,115,98,,70,,,77,,,96,67
2016-05-12 12:00:00,61,85,120,92,,87,,,87,,,98,60
2016-05-12 13:00:00,49,99,138,114,,90,,,72,,,98,66
2016-05-12 14:00:00,65,109,150,108,,90,,,81,,,84,58
2016-05-12 15:00:00,67,109,142,108,,95,,,88,,,78,53
2016-05-12 16:00:00,68,102,139,102,,98,,,98,,,71,50
2016-05-12 17:00:00,80,101,129,102,,92,,,92,,,75,60
2016-05-12 18:00:00,81,90,109,94,,86,,,88,,,81,75
2016-05-12 19:00:00,61,74,94,71,,78,,,75,,,91,64
2016-05-12 20:00:00,108,94,121,98,,96,,,68,,,98,79
2016-05-12 21:00:00,117,122,148,125,,112,,,99,,,97,84
2016-05-12 22:00:00,131,131,164,145,,126,,,127,,,98,71
2016-05-12 23:00:00,88,107,138,111,,101,,,61,,,97,71
2016-05-13 00:00:00,94,103,115,106,,89,,,356,,,94,72
2016-05-13 01:00:00,84,107,125,101,,100,,,96,,,90,69
2016-05-13 02:00:00,90,105,148,109,,101,,,90,,,99,72
2016-05-13 03:00:00,54,101,138,106,,90,,,72,,,118,78
2016-05-13 04:00:00,53,100,118,91,,77,,,81,,,111,72
2016-05-13 05:00:00,60,106,117,104,,55,,,77,,,107,67
2016-05-13 06:00:00,62,102,140,124,,84,,,72,,,106,80
2016-05-13 07:00:00,52,93,128,111,,79,,,72,,,102,81
2016-05-13 08:00:00,63,108,127,108,,74,,,75,,,105,70
2016-05-13 09:00:00,58,85,122,81,,69,,,80,,,110,62
2016-05-13 10:00:00,61,108,146,84,,110,,,83,,,118,80
2016-05-13 11:00:00,59,103,123,98,,108,,,75,,,99,66
2016-05-13 12:00:00,63,117,149,100,,108,,,87,,,94,57
2016-05-13 13:00:00,107,123,170,112,,117,,,85,,,81,70
2016-05-13 14:00:00,130,139,186,124,,122,,,92,,,92,75
2016-05-13 15:00:00,129,136,179,137,,122,,,137,,,76,67
2016-05-13 16:00:00,130,119,161,116,,111,,,127,,,79,69
2016-05-13 17:00:00,133,139,147,127,,124,,,117,,,85,78
2016-05-13 18:00:00,114,131,180,133,,110,,,137,,,85,69
2016-05-13 19:00:00,123,129,161,122,,111,,,135,,,97,69
2016-05-13 20:00:00,126,114,148,114,,97,,,111,,,118,64
2016-05-13 21:00:00,54,95,132,104,,80,,,56,,,121,100
2016-05-13 22:00:00,80,119,147,100,,110,,,42,,,120,88
2016-05-13 23:00:00,102,126,138,110,,116,,,102,,,96,62
2016-05-14 00:00:00,77,106,140,117,,98,,,77,,,117,68
2016-05-14 01:00:00,358,135,145,186,,123,,,86,,,300,136
2016-05-14 02:00:00,314,291,234,310,,259,,,72,,,308,275
2016-05-14 03:00:00,71,312,301,344,,265,,,287,,,332,278
2016-05-14 04:00:00,114,309,317,339,,103,,,274,,,44,297
2016-05-14 05:00:00,185,149,281,141,,101,,,146,,,116,86
2016-05-14 06:00:00,256,171,309,348,,309,,,222,,,243,255
2016-05-14 07:00:00,135,143,6,190,,124,,,106,,,135,103
2016-05-14 08:00:00,18,158,206,137,,122,,,242,,,120,72
2016-05-14 09:00:00,329,12,309,285,,306,,,274,,,32,88
2016-05-14 10:00:00,22,47,44,298,,88,,,185,,,122,96
2016-05-14 11:00:00,63,82,106,90,,85,,,61,,,104,69
2016-05-14 12:00:00,55,108,164,119,,104,,,76,,,102,59
2016-05-14 13:00:00,90,114,154,97,,110,,,70,,,89,51
2016-05-14 14:00:00,82,100,131,98,,93,,,80,,,83,56
2016-05-14 15:00:00,64,124,160,104,,102,,,89,,,93,51
2016-05-14 16:00:00,90,100,125,107,,100,,,94,,,82,70
2016-05-14 17:00:00,53,53,75,60,,62,,,94,,,74,59
2016-05-14 18:00:00,23,31,13,76,,23,,,65,,,115,78
2016-05-14 19:00:00,26,352,314,232,,25,,,55,,,97,73
2016-05-14 20:00:00,83,110,150,90,,63,,,92,,,97,66
2016-05-14 21:00:00,76,107,147,107,,111,,,82,,,90,62
2016-05-14 22:00:00,115,125,165,109,,112,,,87,,,101,65
2016-05-14 23:00:00,124,105,142,118,,92,,,84,,,109,66
2016-05-15 00:00:00,95,55,67,59,,40,,,310,,,141,95
2016-05-15 01:00:00,37,23,17,249,,58,,,47,,,114,97
2016-05-15 02:00:00,39,12,26,260,,58,,,45,,,96,80
2016-05-15 03:00:00,10,22,352,280,,51,,,40,,,89,83
2016-05-15 04:00:00,6,26,24,329,,21,,,43,,,96,80
2016-05-15 05:00:00,5,42,110,22,,15,,,48,,,129,90
2016-05-15 06:00:00,9,63,138,10,,41,,,54,,,277,90
2016-05-15 07:00:00,37,102,140,254,,56,,,65,,,286,89
2016-05-15 08:00:00,,13,76,312,,12,,,87,,,282,108
2016-05-15 09:00:00,9,22,20,160,,45,,,23,,,98,108
2016-05-15 10:00:00,358,15,31,165,,49,,,51,,,116,95
2016-05-15 11:00:00,346,321,342,239,,327,,,39,,,111,99
2016-05-15 12:00:00,211,235,301,338,,44,,,1,,,136,128
2016-05-15 13:00:00,214,194,215,113,,87,,,238,,,127,317
2016-05-15 14:00:00,295,250,326,326,,350,,,222,,,164,310
2016-05-15 15:00:00,353,27,64,44,,25,,,76,,,123,63
2016-05-15 16:00:00,14,38,59,65,,33,,,48,,,97,60
2016-05-15 17:00:00,33,19,73,45,,29,,,64,,,99,60
2016-05-15 18:00:00,43,26,49,19,,26,,,80,,,103,60
2016-05-15 19:00:00,14,21,52,48,,47,,,78,,,97,72
2016-05-15 20:00:00,359,50,90,73,,50,,,94,,,118,51
2016-05-15 21:00:00,61,97,109,91,,38,,,72,,,111,76
2016-05-15 22:00:00,60,80,118,92,,85,,,80,,,105,61
2016-05-15 23:00:00,32,46,66,126,,64,,,77,,,167,78
2016-05-16 00:00:00,211,228,130,125,,76,,,61,,,112,342
2016-05-16 01:00:00,211,239,286,349,,13,,,243,,,97,36
2016-05-16 02:00:00,115,254,300,298,,333,,,264,,,256,227
2016-05-16 03:00:00,238,291,358,318,,305,,,241,,,301,219
2016-05-16 04:00:00,221,218,333,348,,289,,,256,,,308,244
2016-05-16 05:00:00,216,137,335,339,,140,,,245,,,265,284
2016-05-16 06:00:00,237,97,4,328,,129,,,261,,,301,272
2016-05-16 07:00:00,40,7,324,315,,89,,,252,,,313,282
2016-05-16 08:00:00,10,333,347,244,,77,,,277,,,47,90
2016-05-16 09:00:00,50,310,330,108,,111,,,28,,,88,73
2016-05-16 10:00:00,68,337,1,140,,139,,,62,,,80,75
2016-05-16 11:00:00,95,18,2,143,,118,,,72,,,92,77
2016-05-16 12:00:00,112,89,142,136,,114,,,58,,,98,77
2016-05-16 13:00:00,100,117,148,140,,125,,,78,,,111,89
2016-05-16 14:00:00,89,111,172,120,,128,,,72,,,102,90
2016-05-16 15:00:00,100,121,156,122,,101,,,92,,,106,91
2016-05-16 16:00:00,116,122,166,113,,113,,,106,,,96,88
2016-05-16 17:00:00,133,126,166,132,,106,,,98,,,285,67
2016-05-16 18:00:00,114,117,145,302,,325,,,92,,,287,48
2016-05-16 19:00:00,32,8,54,53,,341,,,105,,,94,71
2016-05-16 20:00:00,334,122,145,156,,129,,,55,,,127,83
2016-05-16 21:00:00,271,137,106,353,,304,,,91,,,137,107
2016-05-16 22:00:00,61,40,61,327,,279,,,160,,,172,162
2016-05-16 23:00:00,320,5,26,287,,311,,,248,,,307,229
2016-05-17 00:00:00,62,20,355,164,,102,,,324,,,79,198
2016-05-17 01:00:00,46,332,7,225,,319,,,50,,,101,98
2016-05-17 02:00:00,19,24,65,248,,122,,,30,,,106,106
2016-05-17 03:00:00,4,238,291,4,,336,,,54,,,100,131
2016-05-17 04:00:00,206,354,315,315,,276,,,226,,,220,149
2016-05-17 05:00:00,302,335,11,276,,264,,,245,,,312,187
2016-05-17 06:00:00,246,302,320,336,,239,,,247,,,281,246
2016-05-17 07:00:00,230,338,336,349,,94,,,227,,,317,277
2016-05-17 08:00:00,258,334,336,20,,158,,,232,,,10,248
2016-05-17 09:00:00,11,20,14,52,,77,,,246,,,76,322
2016-05-17 10:00:00,14,34,24,130,,64,,,159,,,68,66
2016-05-17 11:00:00,70,35,93,110,,78,,,82,,,91,66
2016-05-17 12:00:00,51,92,143,112,,83,,,73,,,97,60
2016-05-17 13:00:00,86,108,156,113,,91,,,78,,,95,59
2016-05-17 14:00:00,74,101,146,125,,106,,,71,,,105,81
2016-05-17 15:00:00,80,118,147,116,,91,,,108,,,102,72
2016-05-17 16:00:00,121,128,156,120,,106,,,111,,,106,102
2016-05-17 17:00:00,153,158,177,154,,145,,,143,,,112,63
2016-05-17 18:00:00,147,184,187,127,,134,,,208,,,142,23
2016-05-17 19:00:00,91,119,156,111,,122,,,270,,,130,71
2016-05-17 20:00:00,107,126,151,110,,118,,,118,,,123,80
2016-05-17 21:00:00,105,122,154,127,,115,,,100,,,123,105
2016-05-17 22:00:00,72,88,115,101,,77,,,91,,,138,100
2016-05-17 23:00:00,56,98,113,92,,94,,,62,,,117,74
2016-05-18 00:00:00,62,99,118,90,,129,,,76,,,90,60
2016-05-18 01:00:00,72,102,131,100,,111,,,57,,,107,73
2016-05-18 02:00:00,70,84,147,105,,102,,,88,,,98,62
2016-05-18 03:00:00,63,82,139,87,,96,,,56,,,108,55
2016-05-18 04:00:00,69,106,151,95,,118,,,66,,,100,60
2016-05-18 05:00:00,63,98,105,92,,84,,,81,,,110,61
2016-05-18 06:00:00,64,101,125,100,,102,,,86,,,86,53
2016-05-18 07:00:00,79,110,156,104,,125,,,88,,,103,59
2016-05-18 08:00:00,90,126,170,122,,119,,,76,,,99,70
2016-05-18 09:00:00,127,110,160,128,,107,,,70,,,96,68
2016-05-18 10:00:00,71,83,152,132,,78,,,343,,,99,61
2016-05-18 11:00:00,40,114,158,97,,105,,,54,,,102,79
2016-05-18 12:00:00,93,102,154,112,,84,,,79,,,91,67
2016-05-18 13:00:00,64,106,145,103,,85,,,59,,,89,67
2016-05-18 14:00:00,78,113,134,106,,95,,,65,,,88,72
2016-05-18 15:00:00,89,125,164,105,,102,,,82,,,85,68
2016-05-18 16:00:00,119,147,174,131,,131,,,105,,,96,82
2016-05-18 17:00:00,113,145,191,130,,145,,,126,,,90,77
2016-05-18 18:00:00,119,126,166,117,,114,,,127,,,94,70
2016-05-18 19:00:00,108,117,162,117,,112,,,96,,,99,80
2016-05-18 20:00:00,101,122,170,114,,115,,,69,,,88,63
2016-05-18 21:00:00,87,116,173,111,,110,,,73,,,88,75
2016-05-18 22:00:00,109,114,156,108,,105,,,85,,,96,84
2016-05-18 23:00:00,86,111,148,110,,103,,,92,,,92,71
2016-05-19 00:00:00,70,109,130,107,,99,,,81,,,88,62
2016-05-19 01:00:00,68,110,137,103,,107,,,80,,,87,64
2016-05-19 02:00:00,57,92,115,95,,91,,,79,,,86,57
2016-05-19 03:00:00,42,98,135,100,,86,,,86,,,113,71
2016-05-19 04:00:00,50,101,148,113,,84,,,71,,,124,91
2016-05-19 05:00:00,53,107,148,116,,98,,,89,,,129,111
2016-05-19 06:00:00,46,110,149,110,,107,,,84,,,86,127
2016-05-19 07:00:00,62,116,149,118,,130,,,83,,,28,86
2016-05-19 08:00:00,20,107,148,148,,88,,,79,,,15,113
2016-05-19 09:00:00,12,99,155,122,,89,,,76,,,54,78
2016-05-19 10:00:00,23,73,95,184,,72,,,89,,,97,94
2016-05-19 11:00:00,44,49,110,46,,85,,,51,,,91,55
2016-05-19 12:00:00,60,44,80,63,,82,,,86,,,93,68
2016-05-19 13:00:00,76,84,89,95,,104,,,60,,,105,79
2016-05-19 14:00:00,66,20,22,78,,33,,,54,,,102,70
2016-05-19 15:00:00,358,356,12,32,,23,,,72,,,103,74
2016-05-19 16:00:00,19,357,15,214,,39,,,359,,,105,88
2016-05-19 17:00:00,32,349,9,320,,53,,,16,,,108,82
2016-05-19 18:00:00,22,352,13,32,,33,,,24,,,96,75
2016-05-19 19:00:00,34,346,15,56,,61,,,18,,,103,83
2016-05-19 20:00:00,43,355,14,38,,9,,,14,,,109,90
2016-05-19 21:00:00,62,356,17,329,,29,,,21,,,116,98
2016-05-19 22:00:00,44,356,13,41,,56,,,12,,,116,100
2016-05-19 23:00:00,56,343,325,122,,299,,,26,,,110,78
2016-05-20 00:00:00,98,113,183,128,,65,,,257,,,103,64
2016-05-20 01:00:00,60,119,177,272,,241,,,67,,,103,62
2016-05-20 02:00:00,90,122,174,95,,272,,,93,,,101,64
2016-05-20 03:00:00,62,113,171,105,,179,,,105,,,109,64
2016-05-20 04:00:00,55,120,183,122,,124,,,86,,,96,66
2016-05-20 05:00:00,48,108,173,117,,113,,,70,,,120,72
2016-05-20 06:00:00,43,102,141,117,,68,,,69,,,125,72
2016-05-20 07:00:00,54,114,106,139,,7,,,54,,,132,71
2016-05-20 08:00:00,42,44,75,280,,24,,,67,,,140,88
2016-05-20 09:00:00,10,14,27,282,,30,,,77,,,124,104
2016-05-20 10:00:00,349,10,22,243,,98,,,72,,,118,105
2016-05-20 11:00:00,13,40,53,178,,153,,,51,,,126,110
2016-05-20 12:00:00,17,85,164,151,,124,,,23,,,113,108
2016-05-20 13:00:00,58,124,163,111,,129,,,55,,,124,116
2016-05-20 14:00:00,116,124,160,124,,112,,,80,,,121,107
2016-05-20 15:00:00,92,122,167,128,,113,,,79,,,111,81
2016-05-20 16:00:00,103,118,171,117,,110,,,102,,,106,77
2016-05-20 17:00:00,78,117,166,109,,122,,,97,,,99,75
2016-05-20 18:00:00,68,107,170,111,,98,,,94,,,93,66
2016-05-20 19:00:00,72,110,167,113,,103,,,84,,,97,80
2016-05-20 20:00:00,72,116,164,113,,121,,,76,,,109,86
2016-05-20 21:00:00,33,115,165,129,,129,,,73,,,123,100
2016-05-20 22:00:00,61,115,163,134,,126,,,65,,,125,110
2016-05-20 23:00:00,36,100,159,130,,111,,,74,,,137,110
2016-05-21 00:00:00,44,110,165,122,,106,,,81,,,143,93
2016-05-21 01:00:00,37,112,179,123,,123,,,83,,,134,95
2016-05-21 02:00:00,39,103,158,119,,80,,,63,,,127,100
2016-05-21 03:00:00,37,109,151,121,,95,,,51,,,127,82
2016-05-21 04:00:00,10,100,153,139,,94,,,55,,,136,124
2016-05-21 05:00:00,5,66,112,116,,79,,,55,,,172,134
2016-05-21 06:00:00,50,59,82,218,,79,,,59,,,131,112
2016-05-21 07:00:00,103,67,85,205,,63,,,61,,,111,115
2016-05-21 08:00:00,106,73,104,157,,32,,,62,,,101,116
2016-05-21 09:00:00,71,90,136,294,,324,,,46,,,107,122
2016-05-21 10:00:00,19,83,154,319,,314,,,47,,,31,96
2016-05-21 11:00:00,,83,154,112,,190,,,55,,,119,93
2016-05-21 12:00:00,51,82,116,112,,107,,,55,,,125,75
2016-05-21 13:00:00,60,80,124,89,,86,,,76,,,122,60
2016-05-21 14:00:00,42,91,146,75,,80,,,74,,,113,55
2016-05-21 15:00:00,44,102,159,90,,99,,,75,,,107,53
2016-05-21 16:00:00,68,103,162,88,,98,,,79,,,87,46
2016-05-21 17:00:00,65,108,162,102,,100,,,74,,,85,63
2016-05-21 18:00:00,67,111,152,97,,93,,,73,,,94,65
2016-05-21 19:00:00,72,108,153,107,,97,,,62,,,109,62
2016-05-21 20:00:00,92,111,171,107,,106,,,68,,,129,82
2016-05-21 21:00:00,123,118,175,119,,156,,,98,,,124,78
2016-05-21 22:00:00,106,107,151,123,,104,,,99,,,116,70
2016-05-21 23:00:00,64,111,136,115,,102,,,74,,,106,64
2016-05-22 00:00:00,60,103,147,115,,93,,,77,,,116,86
2016-05-22 01:00:00,65,97,133,98,,103,,,70,,,120,77
2016-05-22 02:00:00,30,99,139,116,,101,,,79,,,133,100
2016-05-22 03:00:00,40,78,113,113,,82,,,63,,,134,88
2016-05-22 04:00:00,21,64,107,131,,39,,,61,,,152,94
2016-05-22 05:00:00,25,53,132,228,,27,,,60,,,114,131
2016-05-22 06:00:00,43,90,118,308,,62,,,50,,,67,108
2016-05-22 07:00:00,63,103,91,130,,107,,,62,,,114,106
2016-05-22 08:00:00,57,58,102,142,,76,,,64,,,28,86
2016-05-22 09:00:00,23,56,89,158,,59,,,56,,,57,75
2016-05-22 10:00:00,68,42,81,253,,62,,,50,,,84,79
2016-05-22 11:00:00,51,57,119,70,,91,,,59,,,87,65
2016-05-22 12:00:00,48,74,167,76,,126,,,92,,,100,73
2016-05-22 13:00:00,61,86,134,72,,127,,,70,,,96,71
2016-05-22 14:00:00,70,101,150,90,,98,,,68,,,89,73
2016-05-22 15:00:00,79,114,158,106,,105,,,93,,,83,59
2016-05-22 16:00:00,95,119,155,116,,118,,,117,,,92,85
2016-05-22 17:00:00,138,124,145,119,,110,,,118,,,95,88
2016-05-22 18:00:00,131,126,145,114,,116,,,107,,,88,76
2016-05-22 19:00:00,117,132,169,115,,124,,,119,,,93,70
2016-05-22 20:00:00,114,122,149,110,,119,,,103,,,93,62
2016-05-22 21:00:00,110,93,122,102,,94,,,87,,,93,76
2016-05-22 22:00:00,73,113,144,111,,103,,,90,,,102,62
2016-05-22 23:00:00,95,118,149,108,,116,,,96,,,101,63
2016-05-23 00:00:00,103,100,136,104,,107,,,86,,,93,64
2016-05-23 01:00:00,91,100,128,127,,104,,,73,,,104,65
2016-05-23 02:00:00,75,44,100,95,,342,,,43,,,102,87
2016-05-23 03:00:00,15,68,95,266,,318,,,32,,,138,95
2016-05-23 04:00:00,26,64,115,31,,360,,,52,,,134,79
2016-05-23 05:00:00,33,67,128,266,,29,,,58,,,148,93
2016-05-23 06:00:00,39,76,158,253,,40,,,52,,,129,107
2016-05-23 07:00:00,26,50,85,276,,24,,,24,,,40,75
2016-05-23 08:00:00,3,52,92,207,,70,,,275,,,12,70
2016-05-23 09:00:00,50,82,138,113,,70,,,49,,,111,83
2016-05-23 10:00:00,65,82,140,100,,97,,,68,,,115,87
2016-05-23 11:00:00,59,111,152,129,,83,,,91,,,104,79
2016-05-23 12:00:00,20,107,148,114,,85,,,89,,,94,71
2016-05-23 13:00:00,56,106,148,106,,93,,,78,,,103,66
2016-05-23 14:00:00,92,117,148,101,,100,,,84,,,87,47
2016-05-23 15:00:00,126,114,150,106,,109,,,88,,,89,64
2016-05-23 16:00:00,137,125,162,108,,120,,,90,,,104,79
2016-05-23 17:00:00,119,130,169,117,,121,,,95,,,105,69
2016-05-23 18:00:00,124,117,152,113,,112,,,81,,,105,76
2016-05-23 19:00:00,112,119,149,108,,118,,,101,,,101,61
2016-05-23 20:00:00,123,115,145,109,,109,,,100,,,99,60
2016-05-23 21:00:00,80,109,147,104,,95,,,85,,,91,55
2016-05-23 22:00:00,71,114,144,106,,98,,,83,,,95,61
2016-05-23 23:00:00,63,105,130,106,,91,,,76,,,93,56
2016-05-24 00:00:00,53,92,121,101,,87,,,75,,,107,65
2016-05-24 01:00:00,29,75,112,84,,66,,,67,,,132,57
2016-05-24 02:00:00,40,67,93,71,,59,,,58,,,147,67
2016-05-24 03:00:00,70,103,124,109,,97,,,51,,,123,89
2016-05-24 04:00:00,78,109,130,111,,106,,,74,,,108,84
2016-05-24 05:00:00,46,115,168,133,,97,,,78,,,74,122
2016-05-24 06:00:00,69,110,161,151,,122,,,58,,,272,124
2016-05-24 07:00:00,11,103,150,124,,88,,,76,,,281,98
2016-05-24 08:00:00,38,87,136,96,,73,,,75,,,70,92
2016-05-24 09:00:00,64,60,125,148,,106,,,78,,,84,77
2016-05-24 10:00:00,48,83,118,141,,99,,,83,,,85,70
2016-05-24 11:00:00,51,102,146,96,,99,,,82,,,86,69
2016-05-24 12:00:00,63,109,148,114,,94,,,80,,,95,
2016-05-24 13:00:00,49,105,151,100,,84,,,78,,,101,
2016-05-24 14:00:00,75,111,155,109,,101,,,86,,,100,
2016-05-24 15:00:00,114,131,158,103,,106,,,91,,,97,
2016-05-24 16:00:00,107,117,162,100,,103,,,88,,,105,
2016-05-24 17:00:00,105,120,162,105,,104,,,82,,,108,
2016-05-24 18:00:00,118,118,167,119,,107,,,85,,,102,
2016-05-24 19:00:00,93,106,157,117,,102,,,69,,,106,
2016-05-24 20:00:00,89,102,155,129,,97,,,61,,,114,
2016-05-24 21:00:00,79,102,154,140,,104,,,334,,,130,
2016-05-24 22:00:00,31,97,135,114,,102,,,46,,,126,
2016-05-24 23:00:00,53,109,126,109,,83,,,64,,,120,
2016-05-25 00:00:00,71,114,134,110,,93,,,72,,,135,
2016-05-25 01:00:00,46,103,134,111,,93,,,68,,,146,
2016-05-25 02:00:00,38,93,128,110,,87,,,71,,,159,
2016-05-25 03:00:00,62,103,124,104,,73,,,63,,,87,
2016-05-25 04:00:00,43,86,107,88,,58,,,69,,,130,
2016-05-25 05:00:00,1,74,106,204,,43,,,74,,,11,
2016-05-25 06:00:00,14,76,96,280,,43,,,62,,,128,
2016-05-25 07:00:00,62,89,107,198,,80,,,54,,,116,76
2016-05-25 08:00:00,78,105,112,149,,89,,,69,,,128,76
2016-05-25 09:00:00,67,102,146,142,,84,,,73,,,118,79
2016-05-25 10:00:00,45,91,139,84,,88,,,79,,,91,61
2016-05-25 11:00:00,29,59,131,98,,112,,,81,,,100,68
2016-05-25 12:00:00,42,63,143,108,,91,,,78,,,100,72
2016-05-25 13:00:00,73,107,146,93,,99,,,83,,,103,74
2016-05-25 14:00:00,77,114,171,107,,121,,,86,,,111,90
2016-05-25 15:00:00,172,138,,118,,139,,,117,,,143,191
2016-05-25 16:00:00,171,107,149,114,,112,,,73,,,161,248
2016-05-25 17:00:00,3,69,108,68,,73,,,95,,,154,133
2016-05-25 18:00:00,23,17,41,38,,19,,,299,,,126,99
2016-05-25 19:00:00,351,340,2,7,,276,,,87,,,130,109
2016-05-25 20:00:00,323,332,358,332,,292,,,245,,,279,127
2016-05-25 21:00:00,189,207,265,115,,168,,,324,,,111,111
2016-05-25 22:00:00,173,176,204,96,,302,,,197,,,141,205
2016-05-25 23:00:00,42,108,120,153,,78,,,231,,,142,116
2016-05-26 00:00:00,32,86,145,147,,355,,,266,,,169,146
2016-05-26 01:00:00,3,346,39,288,,291,,,13,,,287,206
2016-05-26 02:00:00,109,342,351,305,,322,,,135,,,274,123
2016-05-26 03:00:00,143,345,339,19,,170,,,169,,,62,80
2016-05-26 04:00:00,176,142,256,128,,154,,,250,,,62,94
2016-05-26 05:00:00,242,288,36,327,,308,,,34,,,278,211
2016-05-26 06:00:00,202,19,16,336,,214,,,265,,,328,255
2016-05-26 07:00:00,355,355,339,335,,96,,,223,,,275,255
2016-05-26 08:00:00,30,317,321,117,,109,,,96,,,42,94
2016-05-26 09:00:00,360,4,17,315,,97,,,272,,,312,193
2016-05-26 10:00:00,50,102,103,140,,109,,,108,,,101,80
2016-05-26 11:00:00,,116,136,137,,91,,,79,,,89,77
2016-05-26 12:00:00,,108,148,121,,97,,,81,,,99,81
2016-05-26 13:00:00,,105,154,104,,103,,,72,,,102,68
2016-05-26 14:00:00,,117,164,99,,102,,,73,,,99,57
2016-05-26 15:00:00,,124,174,108,,119,,,80,,,94,56
2016-05-26 16:00:00,,128,177,109,,126,,,82,,,125,83
2016-05-26 17:00:00,,125,162,121,,115,,,85,,,169,126
2016-05-26 18:00:00,,214,207,242,,202,,,155,,,302,239
2016-05-26 19:00:00,,201,240,344,,241,,,227,,,179,268
2016-05-26 20:00:00,,206,256,323,,223,,,226,,,173,323
2016-05-26 21:00:00,,198,196,309,,163,,,246,,,164,321
2016-05-26 22:00:00,,183,156,56,,183,,,236,,,183,174
2016-05-26 23:00:00,,161,155,332,,169,,,212,,,222,195
2016-05-27 00:00:00,,52,100,341,,133,,,239,,,298,241
2016-05-27 01:00:00,,356,49,335,,285,,,163,,,307,245
2016-05-27 02:00:00,,335,352,305,,283,,,233,,,294,278
2016-05-27 03:00:00,,290,341,304,,328,,,294,,,295,272
2016-05-27 04:00:00,,287,325,319,,261,,,259,,,290,272
2016-05-27 05:00:00,,262,314,328,,214,,,259,,,258,291
2016-05-27 06:00:00,,279,321,325,,260,,,283,,,270,294
2016-05-27 07:00:00,,307,336,333,,239,,,283,,,317,270
2016-05-27 08:00:00,,356,337,352,,251,,,258,,,300,263
2016-05-27 09:00:00,,80,338,299,,302,,,245,,,312,268
2016-05-27 10:00:00,,45,333,282,,301,,,226,,,327,286
2016-05-27 11:00:00,,120,353,312,,278,,,71,,,304,286
2016-05-27 12:00:00,,142,,332,,331,,,104,,,307,147
2016-05-27 13:00:00,,163,189,136,,127,,,107,,,157,86
2016-05-27 14:00:00,,199,199,116,,147,,,159,,,127,288
2016-05-27 15:00:00,,156,121,102,,129,,,236,,,137,314
2016-05-27 16:00:00,,88,112,98,,108,,,205,,,112,64
2016-05-27 17:00:00,,90,135,92,,108,,,65,,,77,57
2016-05-27 18:00:00,,104,159,115,,113,,,67,,,92,57
2016-05-27 19:00:00,,119,150,112,,124,,,72,,,113,70
2016-05-27 20:00:00,,112,154,111,,121,,,74,,,108,65
2016-05-27 21:00:00,,106,135,129,,127,,,89,,,122,94
2016-05-27 22:00:00,,50,90,258,,49,,,113,,,142,129
2016-05-27 23:00:00,,29,98,171,,63,,,16,,,114,113
2016-05-28 00:00:00,,13,77,174,,7,,,43,,,101,107
2016-05-28 01:00:00,,342,346,254,,296,,,264,,,229,176
2016-05-28 02:00:00,,301,5,295,,307,,,254,,,259,246
2016-05-28 03:00:00,,348,352,294,,293,,,253,,,291,211
2016-05-28 04:00:00,,26,62,306,,81,,,312,,,79,110
2016-05-28 05:00:00,,101,149,302,,80,,,83,,,116,93
2016-05-28 06:00:00,,113,153,251,,74,,,57,,,141,100
2016-05-28 07:00:00,,101,155,290,,80,,,11,,,108,99
2016-05-28 08:00:00,,106,124,327,,76,,,52,,,79,74
2016-05-28 09:00:00,,82,147,52,,81,,,51,,,122,65
2016-05-28 10:00:00,,99,133,151,,81,,,69,,,101,77
2016-05-28 11:00:00,,108,138,110,,95,,,83,,,103,75
2016-05-28 12:00:00,,114,151,110,,105,,,59,,,100,62
2016-05-28 13:00:00,,108,156,106,,98,,,87,,,96,53
2016-05-28 14:00:00,,115,152,107,,106,,,92,,,92,66
2016-05-28 15:00:00,,121,147,102,,104,,,88,,,95,67
2016-05-28 16:00:00,,120,148,108,,107,,,96,,,89,77
2016-05-28 17:00:00,,118,165,140,,131,,,104,,,98,78
2016-05-28 18:00:00,,109,146,124,,99,,,354,,,99,69
2016-05-28 19:00:00,,123,154,109,,113,,,93,,,91,65
2016-05-28 20:00:00,,117,164,108,,99,,,101,,,119,70
2016-05-28 21:00:00,,126,164,109,,115,,,94,,,103,66
2016-05-28 22:00:00,,106,150,128,,110,,,119,,,102,94
2016-05-28 23:00:00,,52,107,75,,324,,,187,,,117,150
2016-05-29 00:00:00,,26,43,311,,38,,,261,,,293,249
2016-05-29 01:00:00,,89,181,343,,127,,,41,,,93,103
2016-05-29 02:00:00,,96,178,135,,129,,,52,,,115,109
2016-05-29 03:00:00,,100,187,192,,113,,,53,,,132,110
2016-05-29 04:00:00,,104,176,159,,88,,,54,,,128,113
2016-05-29 05:00:00,,71,179,198,,83,,,85,,,101,107
2016-05-29 06:00:00,,,259,314,,323,,,6,,,81,128
2016-05-29 07:00:00,,351,324,319,,308,,,205,,,284,8
2016-05-29 08:00:00,,19,8,296,,38,,,30,,,1,92
2016-05-29 09:00:00,,13,5,209,,32,,,59,,,93,108
2016-05-29 10:00:00,,40,139,129,,64,,,45,,,94,68
2016-05-29 11:00:00,,83,158,105,,86,,,44,,,106,47
2016-05-29 12:00:00,,85,109,78,,78,,,58,,,94,44
2016-05-29 13:00:00,,93,128,90,,75,,,71,,,91,48
2016-05-29 14:00:00,,115,157,104,,99,,,84,,,86,75
2016-05-29 15:00:00,,114,170,104,,98,,,83,,,86,64
2016-05-29 16:00:00,,112,148,112,,108,,,74,,,95,83
2016-05-29 17:00:00,,93,118,101,,92,,,73,,,94,75
2016-05-29 18:00:00,,71,120,85,,88,,,61,,,88,69
2016-05-29 19:00:00,,103,146,101,,109,,,61,,,114,65
2016-05-29 20:00:00,,121,136,110,,109,,,82,,,89,59
2016-05-29 21:00:00,,99,129,105,,100,,,81,,,100,69
2016-05-29 22:00:00,,102,124,98,,87,,,66,,,104,59
2016-05-29 23:00:00,,109,145,113,,103,,,68,,,93,64
2016-05-30 00:00:00,,116,149,102,,108,,,71,,,106,74
2016-05-30 01:00:00,,115,155,109,,116,,,82,,,104,65
2016-05-30 02:00:00,,105,147,108,,103,,,73,,,96,77
2016-05-30 03:00:00,,93,138,118,,109,,,37,,,112,68
2016-05-30 04:00:00,,99,147,134,,84,,,70,,,117,77
2016-05-30 05:00:00,,19,80,281,,39,,,44,,,105,117
2016-05-30 06:00:00,,31,88,241,,61,,,35,,,270,98
2016-05-30 07:00:00,,66,106,246,,55,,,46,,,94,90
2016-05-30 08:00:00,,87,122,98,,76,,,61,,,108,86
2016-05-30 09:00:00,,110,,126,,118,,,71,,,108,85
2016-05-30 10:00:00,,108,151,167,,138,,,75,,,94,71
2016-05-30 11:00:00,,90,130,80,,94,,,81,,,90,74
2016-05-30 12:00:00,,100,141,62,,86,,,73,,,95,65
2016-05-30 13:00:00,,100,152,82,,99,,,85,,,90,61
2016-05-30 14:00:00,,107,143,107,,98,,,100,,,92,73
2016-05-30 15:00:00,,111,154,112,,108,,,107,,,98,86
2016-05-30 16:00:00,,134,175,109,,112,,,100,,,101,97
2016-05-30 17:00:00,,127,181,131,,107,,,107,,,93,77
2016-05-30 18:00:00,,104,144,111,,89,,,160,,,104,73
2016-05-30 19:00:00,,120,140,111,,124,,,97,,,104,73
2016-05-30 20:00:00,,60,80,98,,58,,,77,,,135,93
2016-05-30 21:00:00,,36,65,104,,114,,,147,,,137,99
2016-05-30 22:00:00,,145,170,136,,139,,,67,,,118,83
2016-05-30 23:00:00,,132,165,141,,163,,,151,,,112,146
2016-05-31 00:00:00,,177,188,132,,25,,,102,,,350,206
2016-05-31 01:00:00,,173,138,319,,224,,,280,,,295,268
2016-05-31 02:00:00,,27,68,313,,323,,,244,,,256,292
2016-05-31 03:00:00,,6,20,334,,90,,,261,,,111,105
2016-05-31 04:00:00,,360,18,209,,120,,,41,,,118,103
2016-05-31 05:00:00,,335,11,7,,115,,,103,,,123,105
2016-05-31 06:00:00,,314,331,205,,160,,,30,,,104,105
2016-05-31 07:00:00,,329,299,264,,184,,,237,,,70,102
2016-05-31 08:00:00,,324,341,314,,289,,,231,,,56,91
2016-05-31 09:00:00,,50,92,310,,48,,,232,,,99,74
2016-05-31 10:00:00,,118,165,106,,97,,,75,,,43,89
2016-05-31 11:00:00,,118,166,103,,103,,,84,,,84,85
2016-05-31 12:00:00,,115,143,150,,96,,,80,,,96,81
2016-05-31 13:00:00,,114,162,122,,94,,,95,,,82,60
2016-05-31 14:00:00,,120,150,112,,110,,,74,,,88,54
2016-05-31 15:00:00,,114,167,110,,110,,,74,,,103,52
2016-05-31 16:00:00,,125,170,108,,110,,,88,,,100,76
2016-05-31 17:00:00,,130,166,119,,115,,,87,,,104,89
2016-05-31 18:00:00,,122,168,136,,111,,,96,,,98,89
2016-05-31 19:00:00,,124,172,135,,105,,,23,,,106,
2016-05-31 20:00:00,,107,147,132,,101,,,82,,,122,
2016-05-31 21:00:00,,86,130,115,,79,,,241,,,122,
2016-05-31 22:00:00,,122,164,108,,95,,,59,,,122,
2016-05-31 23:00:00,,148,174,102,,108,,,313,,,237,
2016-06-01 00:00:00,,,105,319,,274,,,270,,,289,
2016-06-01 01:00:00,,,144,338,,128,,,296,,,292,
2016-06-01 02:00:00,,,291,115,,98,,,74,,,128,
2016-06-01 03:00:00,,,175,130,,147,,,71,,,102,
2016-06-01 04:00:00,,,159,122,,104,,,55,,,291,
2016-06-01 05:00:00,,,153,105,,88,,,259,,,32,
2016-06-01 06:00:00,,,165,114,,124,,,78,,,115,
2016-06-01 07:00:00,,,174,127,,118,,,85,,,103,
2016-06-01 08:00:00,,189,177,315,,266,,,62,,,24,
2016-06-01 09:00:00,,144,153,355,,162,,,25,,,298,
2016-06-01 10:00:00,,63,120,112,,90,,,52,,,20,
2016-06-01 11:00:00,,80,119,196,,68,,,69,,,72,61
2016-06-01 12:00:00,,57,133,134,,85,,,85,,,82,73
2016-06-01 13:00:00,,58,125,93,,85,,,81,,,98,79
2016-06-01 14:00:00,,68,95,68,,83,,,65,,,95,73
2016-06-01 15:00:00,,83,120,80,,88,,,70,,,87,59
2016-06-01 16:00:00,,97,131,87,,77,,,69,,,83,53
2016-06-01 17:00:00,,105,134,87,,83,,,81,,,72,46
2016-06-01 18:00:00,,111,135,105,,91,,,73,,,86,57
2016-06-01 19:00:00,,113,143,111,,103,,,88,,,107,74
2016-06-01 20:00:00,,103,149,77,,79,,,87,,,8,38
2016-06-01 21:00:00,,22,88,328,,240,,,53,,,8,87
2016-06-01 22:00:00,,278,300,314,,256,,,220,,,276,269
2016-06-01 23:00:00,,149,214,341,,261,,,242,,,80,285
2016-06-02 00:00:00,,78,91,64,,181,,,248,,,197,89
2016-06-02 01:00:00,,91,170,144,,156,,,89,,,152,115
2016-06-02 02:00:00,,27,45,306,,309,,,261,,,323,145
2016-06-02 03:00:00,,344,352,316,,334,,,27,,,295,125
2016-06-02 04:00:00,,322,344,321,,308,,,218,,,292,241
2016-06-02 05:00:00,,313,345,322,,294,,,247,,,286,263
2016-06-02 06:00:00,,311,325,297,,333,,,279,,,273,263
2016-06-02 07:00:00,,334,342,252,,13,,,266,,,97,234
2016-06-02 08:00:00,,333,346,102,,39,,,305,,,93,280
2016-06-02 09:00:00,,11,10,323,,45,,,354,,,23,55
2016-06-02 10:00:00,,29,25,123,,60,,,33,,,109,70
2016-06-02 11:00:00,,61,131,79,,89,,,76,,,108,97
2016-06-02 12:00:00,,117,119,116,,98,,,88,,,98,81
2016-06-02 13:00:00,,124,166,105,,90,,,104,,,104,86
2016-06-02 14:00:00,,138,166,126,,127,,,90,,,116,98
2016-06-02 15:00:00,,112,125,106,,49,,,117,,,109,87
2016-06-02 16:00:00,,34,78,40,,47,,,103,,,97,59
2016-06-02 17:00:00,,275,126,279,,267,,,59,,,143,82
2016-06-02 18:00:00,,135,186,121,,129,,,66,,,99,95
2016-06-02 19:00:00,,200,235,107,,275,,,231,,,143,94
2016-06-02 20:00:00,,243,288,306,,296,,,243,,,335,246
2016-06-02 21:00:00,,124,48,308,,293,,,255,,,281,205
2016-06-02 22:00:00,,92,191,194,,80,,,228,,,52,99
2016-06-02 23:00:00,,262,282,120,,324,,,88,,,79,115
2016-06-03 00:00:00,,221,290,62,,282,,,352,,,41,158
2016-06-03 01:00:00,,6,36,219,,230,,,211,,,308,185
2016-06-03 02:00:00,,18,3,309,,13,,,148,,,277,218
2016-06-03 03:00:00,,314,334,333,,316,,,122,,,318,245
2016-06-03 04:00:00,,277,305,347,,228,,,213,,,293,247
2016-06-03 05:00:00,,186,324,352,,246,,,252,,,290,280
2016-06-03 06:00:00,,343,325,308,,336,,,240,,,274,284
2016-06-03 07:00:00,,305,333,327,,326,,,245,,,26,262
2016-06-03 08:00:00,,336,352,348,,319,,,245,,,297,252
2016-06-03 09:00:00,,325,320,145,,25,,,236,,,72,87
2016-06-03 10:00:00,,345,357,43,,49,,,294,,,70,80
2016-06-03 11:00:00,,39,57,345,,51,,,65,,,329,77
2016-06-03 12:00:00,,49,65,336,,329,,,82,,,335,107
2016-06-03 13:00:00,,53,76,9,,350,,,80,,,337,352
2016-06-03 14:00:00,,66,110,43,,75,,,77,,,99,84
2016-06-03 15:00:00,,115,123,92,,98,,,110,,,104,65
2016-06-03 16:00:00,,107,143,94,,78,,,76,,,102,76
2016-06-03 17:00:00,,106,143,77,,80,,,88,,,106,78
2016-06-03 18:00:00,,126,162,105,,108,,,102,,,96,62
2016-06-03 19:00:00,,127,165,109,,110,,,88,,,103,79
2016-06-03 20:00:00,,127,163,112,,138,,,78,,,99,74
2016-06-03 21:00:00,,118,182,129,,123,,,293,,,135,70
2016-06-03 22:00:00,,123,164,122,,154,,,4,,,143,120
2016-06-03 23:00:00,,159,184,121,,194,,,233,,,107,136
2016-06-04 00:00:00,,289,18,296,,298,,,272,,,311,150
2016-06-04 01:00:00,,10,8,326,,308,,,185,,,68,150
2016-06-04 02:00:00,,319,332,276,,298,,,260,,,303,223
2016-06-04 03:00:00,,313,313,300,,285,,,225,,,293,246
2016-06-04 04:00:00,,295,312,340,,288,,,251,,,323,214
2016-06-04 05:00:00,,254,325,317,,236,,,239,,,312,243
2016-06-04 06:00:00,,13,354,334,,331,,,234,,,330,255
2016-06-04 07:00:00,,3,357,327,,28,,,243,,,338,291
2016-06-04 08:00:00,,349,6,105,,56,,,23,,,88,67
2016-06-04 09:00:00,,4,20,44,,24,,,8,,,103,82
2016-06-04 10:00:00,,339,35,357,,233,,,28,,,114,113
2016-06-04 11:00:00,,241,20,149,,165,,,33,,,92,73
2016-06-04 12:00:00,,252,12,91,,221,,,249,,,126,59
2016-06-04 13:00:00,,226,250,130,,173,,,273,,,96,73
2016-06-04 14:00:00,,202,241,116,,333,,,148,,,93,72
2016-06-04 15:00:00,,210,242,119,,62,,,241,,,82,94
2016-06-04 16:00:00,,236,42,123,,189,,,247,,,85,65
2016-06-04 17:00:00,,210,261,117,,145,,,244,,,112,94
2016-06-04 18:00:00,,213,259,88,,283,,,238,,,131,281
2016-06-04 19:00:00,,219,270,112,,263,,,247,,,137,243
2016-06-04 20:00:00,,232,279,327,,261,,,253,,,255,238
2016-06-04 21:00:00,,281,321,321,,284,,,254,,,269,24
2016-06-04 22:00:00,,214,278,335,,299,,,250,,,256,234
2016-06-04 23:00:00,,230,293,332,,269,,,247,,,256,301
2016-06-05 00:00:00,,346,4,340,,273,,,244,,,256,275
2016-06-05 01:00:00,,225,304,291,,259,,,242,,,274,281
2016-06-05 02:00:00,,24,32,340,,235,,,258,,,247,291
2016-06-05 03:00:00,,249,254,282,,222,,,344,,,83,83
2016-06-05 04:00:00,,53,65,358,,176,,,200,,,280,285
2016-06-05 05:00:00,,102,205,268,,151,,,222,,,259,260
2016-06-05 06:00:00,,223,343,350,,183,,,72,,,296,272
2016-06-05 07:00:00,,302,5,307,,291,,,282,,,87,78
2016-06-05 08:00:00,,278,319,303,,307,,,246,,,32,211
2016-06-05 09:00:00,,306,323,325,,319,,,235,,,80,277
2016-06-05 10:00:00,,301,1,311,,284,,,232,,,191,276
2016-06-05 11:00:00,,310,323,299,,250,,,230,,,223,277
2016-06-05 12:00:00,,243,300,301,,242,,,221,,,12,280
2016-06-05 13:00:00,,327,298,301,,260,,,224,,,298,243
2016-06-05 14:00:00,,357,354,320,,24,,,214,,,281,57
2016-06-05 15:00:00,,329,7,355,,345,,,339,,,330,126
2016-06-05 16:00:00,,335,358,268,,24,,,359,,,330,76
2016-06-05 17:00:00,,22,15,296,,2,,,336,,,319,67
2016-06-05 18:00:00,,15,30,41,,41,,,338,,,27,62
2016-06-05 19:00:00,,31,24,44,,68,,,25,,,121,95
2016-06-05 20:00:00,,340,357,48,,143,,,58,,,126,103
2016-06-05 21:00:00,,286,279,80,,212,,,187,,,132,124
2016-06-05 22:00:00,,277,290,299,,245,,,227,,,27,180
2016-06-05 23:00:00,,227,294,317,,263,,,252,,,280,209
2016-06-06 00:00:00,,221,296,316,,258,,,240,,,333,200
2016-06-06 01:00:00,,226,212,301,,271,,,246,,,299,227
2016-06-06 02:00:00,,193,354,334,,262,,,239,,,276,247
2016-06-06 03:00:00,,174,352,303,,170,,,247,,,290,253
2016-06-06 04:00:00,,243,322,335,,252,,,247,,,257,252
2016-06-06 05:00:00,,319,321,339,,253,,,252,,,280,244
2016-06-06 06:00:00,,264,316,350,,283,,,251,,,257,241
2016-06-06 07:00:00,,266,313,350,,338,,,246,,,17,290
2016-06-06 08:00:00,,301,326,350,,84,,,243,,,4,271
2016-06-06 09:00:00,,339,355,333,,346,,,238,,,311,290
2016-06-06 10:00:00,,349,359,36,,352,,,16,,,360,89
2016-06-06 11:00:00,,345,343,342,,14,,,24,,,338,39
2016-06-06 12:00:00,,348,357,286,,347,,,28,,,350,326
2016-06-06 13:00:00,,8,34,258,,50,,,5,,,314,75
2016-06-06 14:00:00,,31,22,296,,33,,,7,,,5,82
2016-06-06 15:00:00,,35,17,26,,61,,,3,,,337,70
2016-06-06 16:00:00,,34,74,62,,81,,,23,,,98,59
2016-06-06 17:00:00,,51,64,49,,40,,,39,,,76,41
2016-06-06 18:00:00,,61,135,60,,45,,,62,,,79,47
2016-06-06 19:00:00,,107,151,95,,81,,,102,,,76,64
2016-06-06 20:00:00,,124,165,109,,120,,,100,,,71,57
2016-06-06 21:00:00,,136,169,129,,137,,,112,,,103,60
2016-06-06 22:00:00,,145,174,128,,141,,,124,,,115,95
2016-06-06 23:00:00,,138,150,104,,254,,,142,,,120,176
2016-06-07 00:00:00,,3,159,80,,261,,,231,,,170,180
2016-06-07 01:00:00,,336,10,100,,293,,,238,,,335,251
2016-06-07 02:00:00,,330,347,297,,301,,,227,,,300,266
2016-06-07 03:00:00,,314,328,314,,316,,,235,,,335,248
2016-06-07 04:00:00,,299,319,314,,286,,,242,,,287,233
2016-06-07 05:00:00,,266,318,338,,201,,,241,,,298,185
2016-06-07 06:00:00,,197,272,335,,194,,,250,,,295,228
2016-06-07 07:00:00,,309,345,326,,91,,,245,,,280,316
2016-06-07 08:00:00,,14,,334,,46,,,262,,,289,280
2016-06-07 09:00:00,,339,337,41,,7,,,253,,,120,35
2016-06-07 10:00:00,,344,337,57,,56,,,244,,,68,57
2016-06-07 11:00:00,,335,359,32,,68,,,225,,,117,80
2016-06-07 12:00:00,,76,50,109,,87,,,38,,,98,75
2016-06-07 13:00:00,,58,65,85,,95,,,17,,,101,57
2016-06-07 14:00:00,,355,48,60,,56,,,358,,,104,46
2016-06-07 15:00:00,,56,133,77,,59,,,47,,,86,49
2016-06-07 16:00:00,,123,131,130,,87,,,71,,,83,54
2016-06-07 17:00:00,,116,132,103,,108,,,116,,,80,71
2016-06-07 18:00:00,,116,143,111,,105,,,121,,,91,86
2016-06-07 19:00:00,,112,146,111,,106,,,122,,,97,73
2016-06-07 20:00:00,,115,151,110,,108,,,116,,,87,64
2016-06-07 21:00:00,,125,159,112,,129,,,112,,,96,61
2016-06-07 22:00:00,,135,161,128,,132,,,108,,,101,96
2016-06-07 23:00:00,,99,136,104,,105,,,129,,,115,131
2016-06-08 00:00:00,,113,149,116,,115,,,87,,,124,135
2016-06-08 01:00:00,,96,118,281,,82,,,93,,,115,162
2016-06-08 02:00:00,,57,84,302,,339,,,285,,,94,164
2016-06-08 03:00:00,,348,34,253,,37,,,64,,,340,112
2016-06-08 04:00:00,,357,327,282,,350,,,72,,,339,177
2016-06-08 05:00:00,,28,311,315,,337,,,207,,,291,185
2016-06-08 06:00:00,,294,306,329,,304,,,159,,,306,216
2016-06-08 07:00:00,,326,316,335,,168,,,240,,,339,286
2016-06-08 08:00:00,,345,5,345,,293,,,245,,,352,321
2016-06-08 09:00:00,,35,35,16,,22,,,250,,,73,58
2016-06-08 10:00:00,,44,40,179,,63,,,290,,,121,67
2016-06-08 11:00:00,,62,123,84,,85,,,52,,,96,56
2016-06-08 12:00:00,,106,151,102,,93,,,76,,,96,76
2016-06-08 13:00:00,,121,151,111,,107,,,96,,,99,69
2016-06-08 14:00:00,,116,135,108,,106,,,93,,,86,74
2016-06-08 15:00:00,,110,104,99,,103,,,107,,,84,81
2016-06-08 16:00:00,,116,132,103,,97,,,102,,,91,94
2016-06-08 17:00:00,,111,138,108,,95,,,120,,,108,96
2016-06-08 18:00:00,,103,149,104,,92,,,104,,,113,93
2016-06-08 19:00:00,,104,140,104,,103,,,123,,,102,83
2016-06-08 20:00:00,,102,128,106,,97,,,122,,,91,80
2016-06-08 21:00:00,,112,147,107,,109,,,110,,,91,67
2016-06-08 22:00:00,,103,152,100,,108,,,83,,,98,58
2016-06-08 23:00:00,,108,130,103,,108,,,75,,,104,67
2016-06-09 00:00:00,,98,129,102,,89,,,81,,,106,72
2016-06-09 01:00:00,,89,112,112,,83,,,73,,,111,69
2016-06-09 02:00:00,,79,140,140,,74,,,80,,,108,89
2016-06-09 03:00:00,,101,174,184,,72,,,50,,,104,91
2016-06-09 04:00:00,,39,86,129,,44,,,56,,,125,150
2016-06-09 05:00:00,,36,45,290,,,,,115,,,205,162
2016-06-09 06:00:00,,32,72,287,,5,,,73,,,190,224
2016-06-09 07:00:00,,39,55,317,,20,,,75,,,10,298
2016-06-09 08:00:00,,39,85,7,,33,,,59,,,102,62
2016-06-09 09:00:00,,58,94,46,,48,,,42,,,111,84
2016-06-09 10:00:00,,78,123,133,,70,,,60,,,120,94
2016-06-09 11:00:00,,99,137,87,,82,,,54,,,112,74
2016-06-09 12:00:00,,107,154,96,,88,,,73,,,107,69
2016-06-09 13:00:00,,111,162,106,,97,,,77,,,99,58
2016-06-09 14:00:00,,118,162,113,,91,,,88,,,90,69
2016-06-09 15:00:00,,122,149,98,,103,,,101,,,99,87
2016-06-09 16:00:00,,130,155,102,,103,,,85,,,94,88
2016-06-09 17:00:00,,126,146,107,,111,,,105,,,93,86
2016-06-09 18:00:00,,134,156,124,,113,,,114,,,96,94
2016-06-09 19:00:00,,129,150,117,,114,,,123,,,89,73
2016-06-09 20:00:00,,125,150,110,,113,,,120,,,93,65
2016-06-09 21:00:00,,119,150,112,,110,,,119,,,106,75
2016-06-09 22:00:00,,103,143,103,,87,,,120,,,124,80
2016-06-09 23:00:00,,96,141,94,,72,,,104,,,131,125
2016-06-10 00:00:00,,92,150,123,,77,,,53,,,126,135
2016-06-10 01:00:00,,80,125,172,,64,,,77,,,142,164
2016-06-10 02:00:00,,34,100,278,,44,,,51,,,24,136
2016-06-10 03:00:00,,29,96,251,,42,,,46,,,123,110
2016-06-10 04:00:00,,56,135,266,,2,,,70,,,68,169
2016-06-10 05:00:00,,35,87,297,,333,,,88,,,307,201
2016-06-10 06:00:00,,41,70,306,,15,,,126,,,328,262
2016-06-10 07:00:00,,17,65,308,,64,,,70,,,37,23
2016-06-10 08:00:00,,5,40,294,,14,,,47,,,91,80
2016-06-10 09:00:00,,6,66,318,,23,,,26,,,47,71
2016-06-10 10:00:00,,51,114,152,,77,,,56,,,99,67
2016-06-10 11:00:00,,92,120,82,,80,,,56,,,106,61
2016-06-10 12:00:00,,96,122,91,,95,,,69,,,99,70
2016-06-10 13:00:00,,114,152,107,,102,,,73,,,103,93
2016-06-10 14:00:00,,117,159,120,,108,,,83,,,96,80
2016-06-10 15:00:00,,111,157,107,,90,,,91,,,98,85
2016-06-10 16:00:00,,117,156,116,,93,,,83,,,99,77
2016-06-10 17:00:00,,114,167,96,,94,,,95,,,89,75
2016-06-10 18:00:00,,123,160,102,,102,,,97,,,89,81
2016-06-10 19:00:00,,123,168,106,,111,,,89,,,94,76
2016-06-10 20:00:00,,125,165,112,,108,,,92,,,105,69
2016-06-10 21:00:00,,100,139,128,,95,,,41,,,124,81
2016-06-10 22:00:00,,104,146,110,,110,,,19,,,132,82
2016-06-10 23:00:00,,87,134,111,,85,,,72,,,140,83
2016-06-11 00:00:00,,73,117,241,,97,,,64,,,142,107
2016-06-11 01:00:00,,94,118,241,,119,,,65,,,139,110
2016-06-11 02:00:00,,106,143,124,,84,,,73,,,122,106
2016-06-11 03:00:00,,115,150,127,,106,,,100,,,114,121
2016-06-11 04:00:00,,117,129,111,,92,,,91,,,117,93
2016-06-11 05:00:00,,115,135,114,,100,,,83,,,125,118
2016-06-11 06:00:00,,112,130,113,,102,,,95,,,111,89
2016-06-11 07:00:00,,111,145,109,,113,,,96,,,121,104
2016-06-11 08:00:00,,108,144,125,,119,,,85,,,113,86
2016-06-11 09:00:00,,110,127,169,,96,,,79,,,104,93
2016-06-11 10:00:00,,77,126,89,,60,,,81,,,97,87
2016-06-11 11:00:00,,84,119,75,,69,,,75,,,99,75
2016-06-11 12:00:00,,96,139,75,,79,,,102,,,94,71
2016-06-11 13:00:00,,110,155,94,,86,,,90,,,107,84
2016-06-11 14:00:00,,117,150,90,,102,,,86,,,108,68
2016-06-11 15:00:00,,111,153,91,,99,,,85,,,95,59
2016-06-11 16:00:00,,125,140,105,,103,,,95,,,100,83
2016-06-11 17:00:00,,120,152,101,,98,,,93,,,102,87
2016-06-11 18:00:00,,112,151,107,,93,,,91,,,103,74
2016-06-11 19:00:00,,119,161,109,,113,,,103,,,131,69
2016-06-11 20:00:00,,124,153,111,,128,,,92,,,104,78
2016-06-11 21:00:00,,112,146,111,,107,,,82,,,103,69
2016-06-11 22:00:00,,109,148,102,,97,,,80,,,94,64
2016-06-11 23:00:00,,118,147,104,,91,,,90,,,79,69
2016-06-12 00:00:00,,103,142,102,,87,,,84,,,85,73
2016-06-12 01:00:00,,102,120,103,,88,,,67,,,113,70
2016-06-12 02:00:00,,96,360,111,,77,,,65,,,114,70
2016-06-12 03:00:00,,91,20,116,,65,,,69,,,125,111
2016-06-12 04:00:00,,86,106,136,,68,,,72,,,104,111
2016-06-12 05:00:00,,72,117,157,,67,,,72,,,114,109
2016-06-12 06:00:00,,81,109,176,,72,,,53,,,104,110
2016-06-12 07:00:00,,73,132,198,,71,,,64,,,99,108
2016-06-12 08:00:00,,60,143,211,,78,,,50,,,67,94
2016-06-12 09:00:00,,45,97,253,,68,,,36,,,90,87
2016-06-12 10:00:00,,38,118,159,,62,,,51,,,96,91
2016-06-12 11:00:00,,80,80,133,,61,,,37,,,89,81
2016-06-12 12:00:00,,130,164,141,,70,,,84,,,90,76
2016-06-12 13:00:00,,91,152,113,,86,,,97,,,95,67
2016-06-12 14:00:00,,124,141,128,,96,,,65,,,97,72
2016-06-12 15:00:00,,118,156,112,,103,,,68,,,81,48
2016-06-12 16:00:00,,114,137,103,,92,,,86,,,78,63
2016-06-12 17:00:00,,130,159,103,,96,,,97,,,92,87
2016-06-12 18:00:00,,124,157,106,,102,,,107,,,90,77
2016-06-12 19:00:00,,124,161,108,,108,,,105,,,85,72
2016-06-12 20:00:00,,122,155,112,,99,,,113,,,83,71
2016-06-12 21:00:00,,106,140,101,,89,,,114,,,82,66
2016-06-12 22:00:00,,105,141,101,,101,,,97,,,113,62
2016-06-12 23:00:00,,107,148,101,,98,,,82,,,107,66
2016-06-13 00:00:00,,109,146,108,,112,,,79,,,121,79
2016-06-13 01:00:00,,108,148,106,,109,,,79,,,138,95
2016-06-13 02:00:00,,116,150,128,,105,,,85,,,137,110
2016-06-13 03:00:00,,109,150,141,,94,,,73,,,122,115
2016-06-13 04:00:00,,94,142,126,,68,,,72,,,136,115
2016-06-13 05:00:00,,59,99,176,,65,,,82,,,110,106
2016-06-13 06:00:00,,67,102,200,,36,,,66,,,78,104
2016-06-13 07:00:00,,73,98,286,,46,,,43,,,314,239
2016-06-13 08:00:00,,56,85,319,,41,,,58,,,356,61
2016-06-13 09:00:00,,49,59,295,,108,,,46,,,84,88
2016-06-13 10:00:00,,71,120,118,,110,,,58,,,94,76
2016-06-13 11:00:00,,77,108,111,,89,,,76,,,98,82
2016-06-13 12:00:00,,78,127,93,,81,,,70,,,93,74
2016-06-13 13:00:00,,103,148,97,,92,,,80,,,94,66
2016-06-13 14:00:00,,109,139,71,,65,,,75,,,96,64
2016-06-13 15:00:00,,113,161,102,,92,,,78,,,83,54
2016-06-13 16:00:00,,127,154,98,,103,,,82,,,81,70
2016-06-13 17:00:00,,128,153,99,,107,,,93,,,103,96
2016-06-13 18:00:00,,118,133,104,,105,,,104,,,100,84
2016-06-13 19:00:00,,114,148,106,,91,,,112,,,93,76
2016-06-13 20:00:00,,125,159,115,,111,,,105,,,88,74
2016-06-13 21:00:00,,127,168,132,,113,,,106,,,83,74
2016-06-13 22:00:00,,114,147,132,,101,,,115,,,97,85
2016-06-13 23:00:00,,106,140,109,,99,,,103,,,115,73
2016-06-14 00:00:00,,113,149,102,,117,,,79,,,124,83
2016-06-14 01:00:00,,97,119,162,,121,,,81,,,129,117
2016-06-14 02:00:00,,80,107,186,,79,,,75,,,96,118
2016-06-14 03:00:00,,76,115,150,,73,,,74,,,110,108
2016-06-14 04:00:00,,74,146,129,,68,,,79,,,105,104
2016-06-14 05:00:00,,47,89,290,,31,,,42,,,273,154
2016-06-14 06:00:00,,50,101,320,,39,,,58,,,296,197
2016-06-14 07:00:00,,68,89,274,,52,,,65,,,14,208
2016-06-14 08:00:00,,44,81,291,,45,,,49,,,161,71
2016-06-14 09:00:00,,73,85,287,,52,,,68,,,82,87
2016-06-14 10:00:00,,83,133,128,,66,,,76,,,89,83
2016-06-14 11:00:00,,119,154,145,,95,,,88,,,93,75
2016-06-14 12:00:00,,111,141,132,,94,,,60,,,102,76
2016-06-14 13:00:00,,111,134,111,,100,,,76,,,92,71
2016-06-14 14:00:00,,112,145,87,,91,,,76,,,91,57
2016-06-14 15:00:00,,122,163,104,,96,,,79,,,78,49
2016-06-14 16:00:00,,123,152,105,,102,,,84,,,92,71
2016-06-14 17:00:00,,108,148,103,,96,,,97,,,113,84
2016-06-14 18:00:00,,111,145,102,,93,,,95,,,104,83
2016-06-14 19:00:00,,120,146,110,,106,,,96,,,80,67
2016-06-14 20:00:00,,122,157,124,,108,,,105,,,81,66
2016-06-14 21:00:00,,124,166,120,,109,,,116,,,96,73
2016-06-14 22:00:00,,118,145,119,,111,,,69,,,106,75
2016-06-14 23:00:00,,99,127,102,,92,,,70,,,121,84
2016-06-15 00:00:00,,92,121,109,,98,,,79,,,132,102
2016-06-15 01:00:00,,75,116,125,,86,,,71,,,135,110
2016-06-15 02:00:00,,101,131,327,,84,,,74,,,121,113
2016-06-15 03:00:00,,87,122,13,,79,,,80,,,114,117
2016-06-15 04:00:00,,68,121,317,,63,,,88,,,128,92
2016-06-15 05:00:00,,80,148,203,,62,,,67,,,132,85
2016-06-15 06:00:00,,92,151,224,,70,,,47,,,97,86
2016-06-15 07:00:00,,77,150,229,,59,,,71,,,92,83
2016-06-15 08:00:00,,85,147,262,,41,,,,,,114,97
2016-06-15 09:00:00,,90,181,304,,20,,,88,,,74,94
2016-06-15 10:00:00,,95,183,209,,72,,,81,,,89,85
2016-06-15 11:00:00,,102,159,111,,99,,,61,,,99,78
2016-06-15 12:00:00,,114,154,109,,96,,,72,,,96,73
2016-06-15 13:00:00,,112,166,93,,93,,,83,,,94,54
2016-06-15 14:00:00,,109,169,91,,95,,,79,,,84,59
2016-06-15 15:00:00,,121,159,95,,96,,,90,,,84,
2016-06-15 16:00:00,,125,160,105,,104,,,97,,,90,90
2016-06-15 17:00:00,,126,155,110,,111,,,104,,,96,92
2016-06-15 18:00:00,,119,150,112,,106,,,113,,,95,87
2016-06-15 19:00:00,,128,163,,,108,,,117,,,90,86
2016-06-15 20:00:00,,128,165,,,109,,,122,,,87,79
2016-06-15 21:00:00,,119,150,128,,102,,,138,,,85,82
2016-06-15 22:00:00,,117,145,111,,105,,,114,,,94,76
2016-06-15 23:00:00,,114,146,106,,101,,,92,,,93,74
2016-06-16 00:00:00,,110,147,102,,100,,,75,,,107,68
2016-06-16 01:00:00,,106,140,99,,100,,,76,,,115,81
2016-06-16 02:00:00,,100,122,110,,87,,,84,,,131,94
2016-06-16 03:00:00,,91,111,94,,68,,,85,,,128,97
2016-06-16 04:00:00,,67,122,71,,73,,,91,,,122,120
2016-06-16 05:00:00,,69,105,348,,74,,,87,,,108,115
2016-06-16 06:00:00,,62,117,259,,52,,,55,,,109,111
2016-06-16 07:00:00,,73,120,259,,60,,,44,,,116,94
2016-06-16 08:00:00,,51,141,135,,59,,,62,,,88,84
2016-06-16 09:00:00,,60,150,224,,88,,,71,,,94,81
2016-06-16 10:00:00,,72,148,51,,45,,,72,,,84,73
2016-06-16 11:00:00,,96,152,120,,80,,,64,,,87,72
2016-06-16 12:00:00,,89,122,121,,72,,,58,,,104,81
2016-06-16 13:00:00,,95,144,100,,80,,,67,,,98,68
2016-06-16 14:00:00,,113,137,105,,98,,,70,,,104,51
2016-06-16 15:00:00,,131,137,100,,99,,,77,,,84,58
2016-06-16 16:00:00,,108,136,110,,96,,,84,,,80,74
2016-06-16 17:00:00,,108,138,109,,103,,,104,,,91,92
2016-06-16 18:00:00,,107,134,107,,98,,,95,,,111,93
2016-06-16 19:00:00,,115,149,117,,93,,,118,,,105,90
2016-06-16 20:00:00,,119,149,126,,107,,,124,,,94,80
2016-06-16 21:00:00,,108,146,103,,94,,,120,,,91,59
2016-06-16 22:00:00,,108,150,101,,94,,,78,,,104,60
2016-06-16 23:00:00,,103,133,104,,86,,,79,,,109,66
2016-06-17 00:00:00,67,102,123,98,,84,,,79,,,109,66
2016-06-17 01:00:00,74,102,131,98,,84,,,78,,,115,74
2016-06-17 02:00:00,64,107,142,104,,82,,,87,,,116,75
2016-06-17 03:00:00,78,107,127,113,,70,,,80,,,131,108
2016-06-17 04:00:00,80,85,127,128,,71,,,77,,,124,104
2016-06-17 05:00:00,77,65,104,126,,68,,,78,,,114,100
2016-06-17 06:00:00,83,60,115,119,,65,,,74,,,113,103
2016-06-17 07:00:00,83,64,134,121,,74,,,56,,,110,93
2016-06-17 08:00:00,96,65,108,208,,49,,,47,,,102,83
2016-06-17 09:00:00,137,61,98,318,,63,,,49,,,86,90
2016-06-17 10:00:00,105,45,122,175,,90,,,57,,,69,81
2016-06-17 11:00:00,109,52,138,123,,72,,,70,,,85,78
2016-06-17 12:00:00,85,92,146,73,,85,,,69,,,112,71
2016-06-17 13:00:00,78,101,136,83,,90,,,76,,,105,67
2016-06-17 14:00:00,74,107,148,102,,89,,,76,,,101,61
2016-06-17 15:00:00,81,115,143,100,,98,,,87,,,84,51
2016-06-17 16:00:00,101,114,148,104,,97,,,94,,,80,51
2016-06-17 17:00:00,120,114,148,103,,96,,,94,,,90,84
2016-06-17 18:00:00,94,113,148,101,,88,,,102,,,106,84
2016-06-17 19:00:00,96,113,153,112,,103,,,110,,,100,97
2016-06-17 20:00:00,121,112,151,114,,101,,,134,,,108,109
2016-06-17 21:00:00,142,113,145,110,,97,,,136,,,100,108
2016-06-17 22:00:00,131,107,148,102,,103,,,110,,,96,88
2016-06-17 23:00:00,100,107,133,99,,96,,,83,,,86,59
2016-06-18 00:00:00,92,99,125,106,,90,,,77,,,100,62
2016-06-18 01:00:00,84,92,117,98,,85,,,80,,,99,68
2016-06-18 02:00:00,80,96,124,102,,88,,,74,,,105,72
2016-06-18 03:00:00,74,109,139,97,,93,,,71,,,127,77
2016-06-18 04:00:00,66,106,139,120,,89,,,82,,,135,85
2016-06-18 05:00:00,74,99,126,150,,77,,,74,,,118,103
2016-06-18 06:00:00,68,80,94,202,,78,,,72,,,103,109
2016-06-18 07:00:00,120,54,119,223,,54,,,60,,,73,109
2016-06-18 08:00:00,120,47,64,302,,23,,,34,,,13,19
2016-06-18 09:00:00,105,30,53,17,,75,,,38,,,80,76
2016-06-18 10:00:00,82,58,60,87,,86,,,73,,,102,76
2016-06-18 11:00:00,79,95,130,82,,81,,,64,,,90,72
2016-06-18 12:00:00,69,101,142,101,,86,,,74,,,98,62
2016-06-18 13:00:00,84,118,136,102,,86,,,70,,,78,54
2016-06-18 14:00:00,84,110,127,105,,97,,,77,,,69,55
2016-06-18 15:00:00,86,114,131,104,,97,,,94,,,76,61
2016-06-18 16:00:00,89,99,147,108,,90,,,86,,,80,61
2016-06-18 17:00:00,101,95,143,105,,94,,,94,,,93,87
2016-06-18 18:00:00,104,98,147,103,,88,,,94,,,113,101
2016-06-18 19:00:00,109,105,147,105,,91,,,126,,,105,93
2016-06-18 20:00:00,134,121,153,119,,106,,,128,,,105,98
2016-06-18 21:00:00,144,119,149,115,,103,,,132,,,107,91
2016-06-18 22:00:00,136,107,146,106,,102,,,121,,,93,75
2016-06-18 23:00:00,111,103,133,98,,92,,,108,,,90,66
2016-06-19 00:00:00,94,102,131,100,,83,,,82,,,101,65
2016-06-19 01:00:00,60,93,124,108,,85,,,72,,,129,82
2016-06-19 02:00:00,58,78,124,127,,89,,,78,,,129,97
2016-06-19 03:00:00,58,79,133,165,,75,,,70,,,137,102
2016-06-19 04:00:00,89,48,137,193,,56,,,64,,,136,125
2016-06-19 05:00:00,76,53,101,289,,23,,,72,,,106,124
2016-06-19 06:00:00,74,70,118,236,,46,,,48,,,116,106
2016-06-19 07:00:00,99,44,138,291,,36,,,42,,,96,94
2016-06-19 08:00:00,131,44,153,325,,13,,,45,,,56,103
2016-06-19 09:00:00,84,70,136,144,,59,,,58,,,114,104
2016-06-19 10:00:00,84,94,129,94,,76,,,53,,,105,66
2016-06-19 11:00:00,76,97,135,99,,80,,,75,,,93,60
2016-06-19 12:00:00,79,111,139,97,,86,,,80,,,87,62
2016-06-19 13:00:00,86,92,151,108,,97,,,98,,,73,63
2016-06-19 14:00:00,83,110,127,106,,96,,,95,,,86,76
2016-06-19 15:00:00,95,106,140,106,,91,,,97,,,93,80
2016-06-19 16:00:00,103,118,143,106,,97,,,92,,,94,82
2016-06-19 17:00:00,98,99,126,108,,90,,,96,,,105,89
2016-06-19 18:00:00,135,121,146,117,,110,,,91,,,106,97
2016-06-19 19:00:00,142,129,168,139,,121,,,128,,,99,75
2016-06-19 20:00:00,133,105,156,118,,95,,,154,,,116,68
2016-06-19 21:00:00,107,106,151,105,,95,,,87,,,111,69
2016-06-19 22:00:00,131,101,103,104,,72,,,98,,,113,71
2016-06-19 23:00:00,96,61,96,92,,48,,,81,,,113,72
2016-06-20 00:00:00,80,78,121,82,,86,,,55,,,117,74
2016-06-20 01:00:00,61,103,158,87,,92,,,52,,,130,76
2016-06-20 02:00:00,102,104,170,105,,110,,,59,,,131,88
2016-06-20 03:00:00,107,86,116,104,,77,,,62,,,130,86
2016-06-20 04:00:00,78,99,120,100,,46,,,37,,,140,96
2016-06-20 05:00:00,89,113,148,109,,90,,,86,,,138,81
2016-06-20 06:00:00,124,109,151,116,,96,,,92,,,127,86
2016-06-20 07:00:00,119,105,154,115,,93,,,76,,,117,77
2016-06-20 08:00:00,99,110,152,108,,91,,,69,,,106,77
2016-06-20 09:00:00,119,115,141,104,,91,,,87,,,101,75
2016-06-20 10:00:00,115,106,139,99,,91,,,80,,,92,73
2016-06-20 11:00:00,82,111,135,101,,92,,,92,,,85,58
2016-06-20 12:00:00,94,115,140,105,,81,,,88,,,83,63
2016-06-20 13:00:00,139,94,112,104,,71,,,93,,,102,91
2016-06-20 14:00:00,96,109,165,94,,96,,,83,,,84,71
2016-06-20 15:00:00,64,81,155,119,,120,,,73,,,86,62
2016-06-20 16:00:00,81,99,140,94,,90,,,74,,,92,59
2016-06-20 17:00:00,99,104,148,98,,98,,,71,,,92,65
2016-06-20 18:00:00,133,105,132,109,,91,,,84,,,99,94
2016-06-20 19:00:00,131,100,139,106,,93,,,73,,,91,72
2016-06-20 20:00:00,114,74,124,100,,77,,,72,,,100,74
2016-06-20 21:00:00,85,79,99,104,,27,,,63,,,111,77
2016-06-20 22:00:00,73,95,129,109,,74,,,59,,,105,75
2016-06-20 23:00:00,69,99,151,109,,82,,,74,,,114,78
2016-06-21 00:00:00,70,107,155,110,,89,,,85,,,99,69
2016-06-21 01:00:00,73,103,152,109,,84,,,67,,,112,78
2016-06-21 02:00:00,82,104,144,101,,74,,,66,,,121,79
2016-06-21 03:00:00,92,100,143,105,,75,,,96,,,101,79
2016-06-21 04:00:00,115,97,148,114,,80,,,80,,,100,68
2016-06-21 05:00:00,101,72,107,112,,54,,,75,,,112,70
2016-06-21 06:00:00,68,72,106,103,,44,,,64,,,119,79
2016-06-21 07:00:00,63,74,118,112,,48,,,81,,,108,73
2016-06-21 08:00:00,73,96,164,108,,72,,,81,,,101,53
2016-06-21 09:00:00,92,105,150,95,,89,,,94,,,94,66
2016-06-21 10:00:00,121,117,149,98,,91,,,75,,,98,73
2016-06-21 11:00:00,130,115,145,98,,95,,,84,,,92,69
2016-06-21 12:00:00,115,105,141,102,,96,,,85,,,92,68
2016-06-21 13:00:00,121,110,142,101,,91,,,93,,,81,71
2016-06-21 14:00:00,139,109,148,107,,99,,,99,,,86,68
2016-06-21 15:00:00,151,108,132,107,,94,,,97,,,94,86
2016-06-21 16:00:00,134,112,140,100,,93,,,105,,,91,84
2016-06-21 17:00:00,142,105,130,104,,96,,,82,,,99,96
2016-06-21 18:00:00,149,108,141,104,,96,,,88,,,96,84
2016-06-21 19:00:00,150,117,144,109,,103,,,109,,,95,83
2016-06-21 20:00:00,133,120,150,108,,105,,,110,,,96,75
2016-06-21 21:00:00,151,122,162,110,,95,,,112,,,95,74
2016-06-21 22:00:00,148,119,165,117,,99,,,104,,,111,71
2016-06-21 23:00:00,133,117,158,110,,101,,,81,,,120,71
2016-06-22 00:00:00,143,111,133,113,,112,,,103,,,133,75
2016-06-22 01:00:00,91,85,110,107,,40,,,75,,,167,137
2016-06-22 02:00:00,62,60,137,260,,334,,,51,,,147,120
2016-06-22 03:00:00,73,53,121,269,,35,,,76,,,120,112
2016-06-22 04:00:00,56,72,129,248,,42,,,81,,,125,103
2016-06-22 05:00:00,78,126,157,266,,48,,,64,,,119,92
2016-06-22 06:00:00,123,105,152,317,,9,,,24,,,108,107
2016-06-22 07:00:00,252,118,146,310,,25,,,48,,,59,84
2016-06-22 08:00:00,180,179,159,36,,61,,,50,,,72,51
2016-06-22 09:00:00,158,35,153,334,,54,,,310,,,64,60
2016-06-22 10:00:00,198,51,145,159,,72,,,42,,,79,86
2016-06-22 11:00:00,89,110,137,87,,85,,,78,,,110,71
2016-06-22 12:00:00,77,109,142,93,,88,,,71,,,106,57
2016-06-22 13:00:00,91,111,124,99,,92,,,81,,,93,63
2016-06-22 14:00:00,121,107,121,105,,88,,,83,,,89,74
2016-06-22 15:00:00,137,109,131,112,,91,,,96,,,95,78
2016-06-22 16:00:00,144,113,131,110,,101,,,107,,,90,75
2016-06-22 17:00:00,132,124,134,,,104,,,109,,,94,93
2016-06-22 18:00:00,130,127,136,117,,115,,,110,,,97,90
2016-06-22 19:00:00,151,131,141,122,,118,,,120,,,100,95
2016-06-22 20:00:00,135,123,135,124,,111,,,128,,,92,81
2016-06-22 21:00:00,138,102,127,106,,88,,,115,,,91,77
2016-06-22 22:00:00,100,103,128,,,98,,,87,,,88,67
2016-06-22 23:00:00,92,105,129,104,,94,,,77,,,102,66
2016-06-23 00:00:00,83,104,130,106,,93,,,71,,,124,66
2016-06-23 01:00:00,90,106,125,105,,82,,,79,,,121,69
2016-06-23 02:00:00,81,96,123,104,,82,,,79,,,134,86
2016-06-23 03:00:00,76,82,117,105,,72,,,82,,,133,99
2016-06-23 04:00:00,76,88,,78,,61,,,78,,,135,103
2016-06-23 05:00:00,88,79,131,100,,60,,,72,,,141,105
2016-06-23 06:00:00,83,75,132,153,,55,,,72,,,130,104
2016-06-23 07:00:00,72,94,146,145,,78,,,71,,,119,
2016-06-23 08:00:00,128,102,144,122,,73,,,73,,,80,73
2016-06-23 09:00:00,144,87,145,117,,79,,,67,,,76,62
2016-06-23 10:00:00,94,95,147,81,,87,,,65,,,100,73
2016-06-23 11:00:00,94,104,124,81,,77,,,60,,,117,66
2016-06-23 12:00:00,88,100,119,97,,86,,,66,,,113,58
2016-06-23 13:00:00,78,103,139,103,,99,,,64,,,101,
2016-06-23 14:00:00,88,101,122,97,,90,,,79,,,73,47
2016-06-23 15:00:00,91,107,124,104,,88,,,90,,,71,73
2016-06-23 16:00:00,144,116,135,105,,103,,,92,,,98,84
2016-06-23 17:00:00,137,115,125,106,,98,,,106,,,98,
2016-06-23 18:00:00,139,114,138,109,,102,,,112,,,99,88
2016-06-23 19:00:00,153,123,133,117,,111,,,129,,,104,92
2016-06-23 20:00:00,147,114,137,126,,109,,,136,,,94,84
2016-06-23 21:00:00,110,109,139,102,,94,,,128,,,86,74
2016-06-23 22:00:00,126,114,141,105,,109,,,91,,,89,68
2016-06-23 23:00:00,131,111,141,104,,104,,,83,,,100,66
2016-06-24 00:00:00,130,108,126,103,,88,,,76,,,103,67
2016-06-24 01:00:00,59,90,118,134,,81,,,74,,,142,88
2016-06-24 02:00:00,74,66,97,74,,57,,,91,,,134,108
2016-06-24 03:00:00,158,44,84,282,,41,,,69,,,45,113
2016-06-24 04:00:00,72,68,80,273,,45,,,51,,,240,99
2016-06-24 05:00:00,85,73,86,271,,42,,,53,,,126,94
2016-06-24 06:00:00,114,58,92,290,,40,,,48,,,69,103
2016-06-24 07:00:00,83,73,99,299,,54,,,56,,,36,100
2016-06-24 08:00:00,78,65,110,314,,17,,,71,,,89,82
2016-06-24 09:00:00,97,67,98,354,,22,,,61,,,131,67
2016-06-24 10:00:00,75,58,96,66,,73,,,78,,,91,70
2016-06-24 11:00:00,77,90,136,98,,99,,,86,,,89,64
2016-06-24 12:00:00,78,81,143,82,,81,,,92,,,98,58
2016-06-24 13:00:00,83,102,138,90,,74,,,89,,,102,61
2016-06-24 14:00:00,98,116,158,105,,92,,,77,,,99,65
2016-06-24 15:00:00,139,122,150,104,,98,,,89,,,93,77
2016-06-24 16:00:00,142,122,157,117,,95,,,100,,,100,81
2016-06-24 17:00:00,146,131,159,117,,115,,,113,,,100,80
2016-06-24 18:00:00,135,125,160,120,,111,,,118,,,91,70
2016-06-24 19:00:00,125,114,146,111,,102,,,105,,,91,62
2016-06-24 20:00:00,140,111,135,105,,98,,,109,,,95,70
2016-06-24 21:00:00,119,96,127,99,,85,,,84,,,102,74
2016-06-24 22:00:00,112,105,130,99,,86,,,68,,,106,68
2016-06-24 23:00:00,97,100,124,104,,84,,,70,,,106,79
2016-06-25 00:00:00,101,102,120,103,,80,,,80,,,119,78
2016-06-25 01:00:00,116,104,130,105,,78,,,86,,,126,82
2016-06-25 02:00:00,79,103,119,97,,74,,,78,,,147,99
2016-06-25 03:00:00,77,99,137,110,,81,,,85,,,138,74
2016-06-25 04:00:00,74,103,140,140,,85,,,85,,,141,112
2016-06-25 05:00:00,94,99,111,98,,76,,,75,,,129,107
2016-06-25 06:00:00,75,100,137,132,,86,,,73,,,138,104
2016-06-25 07:00:00,131,110,129,149,,72,,,84,,,87,106
2016-06-25 08:00:00,126,101,146,57,,62,,,80,,,105,81
2016-06-25 09:00:00,115,141,136,94,,77,,,77,,,28,68
2016-06-25 10:00:00,104,113,143,82,,69,,,61,,,107,75
2016-06-25 11:00:00,75,116,151,100,,96,,,72,,,112,62
2016-06-25 12:00:00,107,116,146,99,,90,,,90,,,75,70
2016-06-25 13:00:00,116,116,144,104,,92,,,87,,,73,
2016-06-25 14:00:00,126,104,137,98,,88,,,92,,,78,63
2016-06-25 15:00:00,112,106,131,102,,87,,,90,,,93,82
2016-06-25 16:00:00,116,105,137,103,,97,,,94,,,92,79
2016-06-25 17:00:00,142,122,141,115,,106,,,97,,,92,85
2016-06-25 18:00:00,154,117,137,124,,114,,,122,,,102,93
2016-06-25 19:00:00,151,109,137,105,,93,,,130,,,94,79
2016-06-25 20:00:00,147,106,130,108,,84,,,91,,,89,77
2016-06-25 21:00:00,153,108,139,110,,95,,,87,,,100,73
2016-06-25 22:00:00,140,114,141,111,,99,,,89,,,95,64
2016-06-25 23:00:00,149,106,129,110,,98,,,89,,,95,69
2016-06-26 00:00:00,103,102,128,109,,83,,,83,,,101,72
2016-06-26 01:00:00,81,102,119,101,,79,,,82,,,104,71
2016-06-26 02:00:00,80,100,132,108,,82,,,73,,,96,74
2016-06-26 03:00:00,93,103,123,106,,79,,,71,,,110,81
2016-06-26 04:00:00,98,101,123,108,,78,,,73,,,105,83
2016-06-26 05:00:00,67,112,128,105,,96,,,72,,,110,75
2016-06-26 06:00:00,68,103,105,112,,85,,,88,,,145,93
2016-06-26 07:00:00,86,79,95,68,,59,,,77,,,189,99
2016-06-26 08:00:00,90,91,131,87,,61,,,69,,,113,96
2016-06-26 09:00:00,74,111,161,86,,87,,,76,,,109,100
2016-06-26 10:00:00,167,109,173,93,,89,,,88,,,126,96
2016-06-26 11:00:00,110,111,140,105,,95,,,91,,,129,80
2016-06-26 12:00:00,108,113,156,101,,93,,,91,,,104,85
2016-06-26 13:00:00,137,120,157,104,,96,,,115,,,91,80
2016-06-26 14:00:00,155,134,145,106,,114,,,103,,,92,89
2016-06-26 15:00:00,150,138,144,126,,115,,,112,,,99,101
2016-06-26 16:00:00,155,139,161,116,,118,,,109,,,96,88
2016-06-26 17:00:00,157,144,172,130,,120,,,142,,,97,98
2016-06-26 18:00:00,149,132,167,142,,113,,,154,,,94,94
2016-06-26 19:00:00,147,120,150,131,,114,,,146,,,92,77
2016-06-26 20:00:00,125,102,126,101,,91,,,125,,,94,84
2016-06-26 21:00:00,142,119,143,110,,108,,,91,,,89,80
2016-06-26 22:00:00,134,113,143,105,,98,,,109,,,86,73
2016-06-26 23:00:00,140,109,141,107,,93,,,84,,,88,68
2016-06-27 00:00:00,146,105,124,108,,94,,,86,,,93,71
2016-06-27 01:00:00,58,76,113,99,,75,,,75,,,107,81
2016-06-27 02:00:00,61,88,111,105,,80,,,85,,,114,96
2016-06-27 03:00:00,59,84,110,128,,72,,,77,,,135,99
2016-06-27 04:00:00,67,93,127,110,,65,,,68,,,142,91
2016-06-27 05:00:00,62,92,124,118,,70,,,79,,,146,108
2016-06-27 06:00:00,88,87,126,116,,63,,,81,,,117,108
2016-06-27 07:00:00,71,96,135,120,,67,,,78,,,128,108
2016-06-27 08:00:00,97,96,139,124,,66,,,76,,,115,91
2016-06-27 09:00:00,73,109,137,51,,77,,,58,,,121,87
2016-06-27 10:00:00,78,103,156,109,,95,,,80,,,127,68
2016-06-27 11:00:00,103,121,147,98,,94,,,86,,,101,62
2016-06-27 12:00:00,121,108,141,104,,92,,,89,,,103,75
2016-06-27 13:00:00,102,115,129,101,,100,,,94,,,92,72
2016-06-27 14:00:00,91,106,129,105,,91,,,91,,,88,79
2016-06-27 15:00:00,96,107,133,111,,99,,,92,,,101,98
2016-06-27 16:00:00,98,107,127,107,,88,,,108,,,100,90
2016-06-27 17:00:00,110,115,135,125,,93,,,114,,,91,86
2016-06-27 18:00:00,135,115,126,115,,112,,,129,,,104,100
2016-06-27 19:00:00,106,102,123,101,,106,,,111,,,94,66
2016-06-27 20:00:00,125,78,102,130,,57,,,75,,,122,98
2016-06-27 21:00:00,97,70,104,142,,39,,,353,,,138,93
2016-06-27 22:00:00,81,34,61,140,,38,,,195,,,126,92
2016-06-27 23:00:00,71,27,66,155,,22,,,79,,,126,92
2016-06-28 00:00:00,72,60,128,142,,42,,,94,,,112,100
2016-06-28 01:00:00,67,52,129,109,,49,,,82,,,121,87
2016-06-28 02:00:00,68,66,118,142,,81,,,76,,,127,85
2016-06-28 03:00:00,70,84,139,136,,83,,,74,,,127,99
2016-06-28 04:00:00,63,81,118,124,,73,,,68,,,108,103
2016-06-28 05:00:00,72,49,97,132,,49,,,68,,,126,104
2016-06-28 06:00:00,75,37,99,210,,30,,,79,,,139,127
2016-06-28 07:00:00,97,16,49,312,,27,,,78,,,131,116
2016-06-28 08:00:00,97,24,21,319,,39,,,46,,,340,120
2016-06-28 09:00:00,101,347,12,40,,38,,,350,,,23,83
2016-06-28 10:00:00,82,53,78,89,,80,,,18,,,118,64
2016-06-28 11:00:00,80,89,147,97,,81,,,58,,,106,61
2016-06-28 12:00:00,77,80,108,97,,79,,,69,,,89,54
2016-06-28 13:00:00,75,87,106,97,,77,,,80,,,81,68
2016-06-28 14:00:00,100,95,99,103,,74,,,98,,,87,74
2016-06-28 15:00:00,105,101,102,103,,89,,,101,,,90,95
2016-06-28 16:00:00,159,101,108,99,,83,,,125,,,105,109
2016-06-28 17:00:00,129,101,105,106,,87,,,134,,,105,110
2016-06-28 18:00:00,138,91,97,103,,73,,,137,,,106,109
2016-06-28 19:00:00,141,83,101,92,,77,,,130,,,116,118
2016-06-28 20:00:00,147,87,100,95,,82,,,135,,,113,111
2016-06-28 21:00:00,132,98,104,105,,102,,,112,,,97,98
2016-06-28 22:00:00,122,91,110,99,,69,,,110,,,79,89
2016-06-28 23:00:00,86,92,113,94,,93,,,107,,,94,98
2016-06-29 00:00:00,71,94,115,111,,116,,,69,,,131,88
2016-06-29 01:00:00,69,92,106,92,,82,,,74,,,131,107
2016-06-29 02:00:00,64,87,109,110,,67,,,71,,,134,108
2016-06-29 03:00:00,83,45,66,105,,35,,,80,,,136,118
2016-06-29 04:00:00,80,1,355,307,,300,,,51,,,109,106
2016-06-29 05:00:00,172,18,336,289,,350,,,272,,,87,147
2016-06-29 06:00:00,135,355,1,297,,326,,,7,,,295,143
2016-06-29 07:00:00,115,304,315,,,318,,,35,,,42,112
2016-06-29 08:00:00,220,322,319,322,,41,,,321,,,316,155
2016-06-29 09:00:00,198,334,321,335,,19,,,297,,,35,71
2016-06-29 10:00:00,201,16,340,283,,64,,,297,,,76,92
2016-06-29 11:00:00,94,101,122,119,,93,,,35,,,114,65
2016-06-29 12:00:00,96,110,145,,,102,,,78,,,108,73
2016-06-29 13:00:00,94,110,102,115,,87,,,94,,,93,98
2016-06-29 14:00:00,96,66,67,85,,46,,,88,,,97,76
2016-06-29 15:00:00,78,23,47,45,,33,,,79,,,69,60
2016-06-29 16:00:00,68,37,58,60,,56,,,50,,,83,50
2016-06-29 17:00:00,120,81,71,92,,85,,,55,,,145,70
2016-06-29 18:00:00,132,106,158,126,,135,,,131,,,178,64
2016-06-29 19:00:00,133,187,200,141,,131,,,277,,,158,68
2016-06-29 20:00:00,122,197,269,111,,121,,,253,,,160,293
2016-06-29 21:00:00,137,143,276,124,,99,,,248,,,149,110
2016-06-29 22:00:00,130,109,145,118,,94,,,219,,,143,76
2016-06-29 23:00:00,92,107,155,93,,78,,,86,,,133,71
2016-06-30 00:00:00,80,78,102,107,,61,,,49,,,146,107
2016-06-30 01:00:00,88,61,101,94,,31,,,73,,,137,113
2016-06-30 02:00:00,94,32,75,262,,304,,,76,,,131,124
2016-06-30 03:00:00,105,20,,265,,294,,,40,,,71,120
2016-06-30 04:00:00,98,333,307,257,,229,,,78,,,102,126
2016-06-30 05:00:00,232,314,346,277,,281,,,219,,,28,221
2016-06-30 06:00:00,260,327,26,325,,307,,,262,,,289,262
2016-06-30 07:00:00,115,347,17,332,,336,,,225,,,356,305
2016-06-30 08:00:00,145,348,345,319,,28,,,297,,,102,57
2016-06-30 09:00:00,157,352,4,329,,45,,,336,,,14,93
2016-06-30 10:00:00,112,26,57,58,,93,,,25,,,83,86
2016-06-30 11:00:00,91,99,105,93,,87,,,42,,,92,65
2016-06-30 12:00:00,74,105,112,103,,83,,,71,,,76,64
2016-06-30 13:00:00,85,113,111,115,,90,,,82,,,93,100
2016-06-30 14:00:00,98,94,100,110,,88,,,83,,,104,91
2016-06-30 15:00:00,122,102,113,102,,79,,,102,,,103,104
2016-06-30 16:00:00,145,106,124,105,,93,,,122,,,107,108
2016-06-30 17:00:00,154,116,150,113,,98,,,132,,,105,98
2016-06-30 18:00:00,155,138,147,127,,113,,,127,,,106,106
2016-06-30 19:00:00,151,140,173,145,,126,,,137,,,108,105
2016-06-30 20:00:00,152,146,156,143,,137,,,163,,,87,103
2016-06-30 21:00:00,148,90,113,120,,93,,,172,,,103,89
2016-06-30 22:00:00,123,94,119,87,,92,,,102,,,114,100
2016-06-30 23:00:00,88,102,135,99,,98,,,79,,,135,106
2016-07-01 00:00:00,71,101,127,105,,85,,,74,,,139,122
2016-07-01 01:00:00,74,80,111,196,,79,,,72,,,131,115
2016-07-01 02:00:00,71,77,111,307,,55,,,76,,,127,113
2016-07-01 03:00:00,73,75,125,73,,71,,,71,,,129,110
2016-07-01 04:00:00,77,95,119,115,,85,,,52,,,109,99
2016-07-01 05:00:00,84,89,142,160,,79,,,55,,,113,118
2016-07-01 06:00:00,78,61,107,188,,48,,,44,,,341,220
2016-07-01 07:00:00,111,30,65,278,,28,,,58,,,17,264
2016-07-01 08:00:00,143,2,357,302,,19,,,347,,,120,80
2016-07-01 09:00:00,104,339,31,324,,11,,,22,,,72,61
2016-07-01 10:00:00,128,30,66,27,,71,,,328,,,66,78
2016-07-01 11:00:00,156,39,110,44,,61,,,47,,,86,82
2016-07-01 12:00:00,101,85,91,86,,81,,,53,,,110,66
2016-07-01 13:00:00,91,93,120,97,,86,,,76,,,113,73
2016-07-01 14:00:00,85,96,131,98,,74,,,76,,,103,53
2016-07-01 15:00:00,89,109,123,103,,78,,,76,,,85,66
2016-07-01 16:00:00,96,115,118,109,,87,,,78,,,103,98
2016-07-01 17:00:00,108,117,127,110,,102,,,101,,,111,104
2016-07-01 18:00:00,155,100,122,99,,79,,,83,,,117,112
2016-07-01 19:00:00,150,137,168,141,,122,,,116,,,116,93
2016-07-01 20:00:00,154,127,161,137,,114,,,156,,,101,71
2016-07-01 21:00:00,154,126,163,138,,119,,,125,,,102,68
2016-07-01 22:00:00,142,109,131,122,,105,,,102,,,125,72
2016-07-01 23:00:00,133,96,123,108,,96,,,91,,,111,94
2016-07-02 00:00:00,60,86,119,96,,93,,,77,,,134,97
2016-07-02 01:00:00,60,90,111,98,,94,,,93,,,125,102
2016-07-02 02:00:00,96,97,122,131,,92,,,79,,,139,104
2016-07-02 03:00:00,100,101,127,12,,70,,,87,,,134,114
2016-07-02 04:00:00,65,91,110,325,,77,,,80,,,119,108
2016-07-02 05:00:00,73,80,100,284,,75,,,80,,,98,113
2016-07-02 06:00:00,99,60,99,283,,38,,,70,,,58,105
2016-07-02 07:00:00,101,63,107,263,,49,,,44,,,44,76
2016-07-02 08:00:00,172,26,107,205,,59,,,53,,,91,66
2016-07-02 09:00:00,130,51,88,166,,73,,,36,,,91,81
2016-07-02 10:00:00,88,108,147,143,,87,,,57,,,84,77
2016-07-02 11:00:00,99,101,134,126,,96,,,68,,,90,71
2016-07-02 12:00:00,90,103,118,106,,108,,,67,,,98,64
2016-07-02 13:00:00,83,99,137,89,,117,,,64,,,100,65
2016-07-02 14:00:00,87,92,134,94,,96,,,59,,,89,69
2016-07-02 15:00:00,144,102,163,102,,76,,,81,,,94,106
2016-07-02 16:00:00,155,110,120,147,,110,,,100,,,104,114
2016-07-02 17:00:00,149,143,176,142,,135,,,147,,,105,100
2016-07-02 18:00:00,148,131,161,117,,115,,,137,,,84,75
2016-07-02 19:00:00,158,132,154,112,,113,,,112,,,89,81
2016-07-02 20:00:00,150,127,163,125,,111,,,111,,,88,79
2016-07-02 21:00:00,136,119,153,129,,113,,,107,,,93,69
2016-07-02 22:00:00,109,111,132,110,,102,,,105,,,122,74
2016-07-02 23:00:00,78,102,132,108,,111,,,89,,,119,103
2016-07-03 00:00:00,65,105,136,125,,99,,,84,,,128,96
2016-07-03 01:00:00,73,105,132,111,,106,,,89,,,136,110
2016-07-03 02:00:00,89,111,140,117,,106,,,84,,,130,117
2016-07-03 03:00:00,245,104,123,160,,75,,,92,,,95,119
2016-07-03 04:00:00,259,71,95,259,,51,,,89,,,281,197
2016-07-03 05:00:00,263,75,101,311,,36,,,63,,,253,264
2016-07-03 06:00:00,116,100,132,224,,88,,,69,,,257,314
2016-07-03 07:00:00,103,111,158,158,,103,,,77,,,298,83
2016-07-03 08:00:00,128,114,159,139,,101,,,83,,,87,76
2016-07-03 09:00:00,95,110,174,74,,128,,,92,,,101,78
2016-07-03 10:00:00,103,117,171,140,,110,,,104,,,98,76
2016-07-03 11:00:00,97,126,172,137,,114,,,84,,,93,72
2016-07-03 12:00:00,121,123,171,131,,112,,,75,,,83,69
2016-07-03 13:00:00,112,112,163,115,,97,,,98,,,91,61
2016-07-03 14:00:00,110,116,166,102,,86,,,105,,,98,85
2016-07-03 15:00:00,134,117,154,106,,98,,,97,,,97,91
2016-07-03 16:00:00,144,112,137,112,,105,,,100,,,92,97
2016-07-03 17:00:00,151,117,140,125,,106,,,132,,,91,84
2016-07-03 18:00:00,145,114,137,113,,96,,,115,,,92,94
2016-07-03 19:00:00,155,124,149,113,,110,,,121,,,100,95
2016-07-03 20:00:00,143,130,164,135,,119,,,117,,,92,71
2016-07-03 21:00:00,136,122,167,132,,108,,,88,,,108,84
2016-07-03 22:00:00,120,114,154,131,,101,,,74,,,107,90
2016-07-03 23:00:00,79,107,145,130,,98,,,52,,,140,113
2016-07-04 00:00:00,63,100,136,152,,80,,,81,,,126,114
2016-07-04 01:00:00,72,72,104,269,,54,,,80,,,108,117
2016-07-04 02:00:00,79,65,92,228,,50,,,79,,,95,109
2016-07-04 03:00:00,81,76,105,226,,75,,,55,,,102,99
2016-07-04 04:00:00,98,94,121,255,,73,,,51,,,102,98
2016-07-04 05:00:00,98,91,126,280,,80,,,67,,,88,94
2016-07-04 06:00:00,78,69,109,267,,52,,,76,,,10,97
2016-07-04 07:00:00,95,70,120,281,,47,,,43,,,52,78
2016-07-04 08:00:00,136,60,86,250,,45,,,25,,,62,111
2016-07-04 09:00:00,98,82,106,128,,65,,,33,,,92,94
2016-07-04 10:00:00,94,91,136,134,,88,,,79,,,89,83
2016-07-04 11:00:00,90,108,171,139,,92,,,75,,,93,76
2016-07-04 12:00:00,104,87,137,140,,97,,,72,,,98,75
2016-07-04 13:00:00,83,86,139,123,,89,,,60,,,107,63
2016-07-04 14:00:00,95,105,147,110,,94,,,60,,,99,65
2016-07-04 15:00:00,84,107,154,109,,99,,,74,,,125,49
2016-07-04 16:00:00,131,111,138,108,,98,,,88,,,164,301
2016-07-04 17:00:00,132,117,156,103,,106,,,92,,,158,65
2016-07-04 18:00:00,146,119,151,105,,105,,,101,,,159,89
2016-07-04 19:00:00,155,121,155,114,,106,,,109,,,108,86
2016-07-04 20:00:00,153,130,162,133,,113,,,112,,,108,83
2016-07-04 21:00:00,153,128,161,154,,110,,,122,,,109,111
2016-07-04 22:00:00,155,119,146,112,,114,,,91,,,128,119
2016-07-04 23:00:00,129,108,128,110,,108,,,96,,,131,100
2016-07-05 00:00:00,77,101,117,108,,98,,,83,,,124,90
2016-07-05 01:00:00,62,112,138,104,,103,,,91,,,125,117
2016-07-05 02:00:00,101,103,111,99,,105,,,86,,,213,127
2016-07-05 03:00:00,171,107,147,100,,107,,,89,,,73,132
2016-07-05 04:00:00,71,108,118,96,,109,,,86,,,139,119
2016-07-05 05:00:00,85,87,113,101,,98,,,94,,,87,116
2016-07-05 06:00:00,80,72,103,99,,67,,,90,,,47,238
2016-07-05 07:00:00,98,83,134,99,,74,,,79,,,58,281
2016-07-05 08:00:00,83,107,124,128,,87,,,75,,,92,62
2016-07-05 09:00:00,82,109,130,89,,92,,,79,,,74,66
2016-07-05 10:00:00,94,106,162,99,,70,,,88,,,80,76
2016-07-05 11:00:00,119,106,95,132,,63,,,81,,,101,70
2016-07-05 12:00:00,98,116,136,131,,81,,,66,,,101,68
2016-07-05 13:00:00,89,106,156,116,,85,,,51,,,99,67
2016-07-05 14:00:00,76,97,156,101,,85,,,62,,,95,56
2016-07-05 15:00:00,79,118,126,100,,99,,,80,,,80,56
2016-07-05 16:00:00,131,107,133,109,,99,,,91,,,92,91
2016-07-05 17:00:00,152,113,136,107,,98,,,108,,,100,96
2016-07-05 18:00:00,140,121,151,116,,108,,,107,,,100,104
2016-07-05 19:00:00,154,127,161,123,,126,,,121,,,91,97
2016-07-05 20:00:00,152,129,158,140,,114,,,128,,,86,73
2016-07-05 21:00:00,145,125,151,127,,104,,,123,,,87,68
2016-07-05 22:00:00,158,120,127,110,,101,,,110,,,97,80
2016-07-05 23:00:00,123,119,154,110,,96,,,90,,,115,75
2016-07-06 00:00:00,100,117,145,102,,104,,,86,,,121,77
2016-07-06 01:00:00,70,103,146,105,,96,,,81,,,132,95
2016-07-06 02:00:00,66,105,143,106,,100,,,83,,,132,89
2016-07-06 03:00:00,65,102,142,106,,97,,,92,,,122,87
2016-07-06 04:00:00,77,102,146,141,,92,,,96,,,127,122
2016-07-06 05:00:00,75,89,125,182,,61,,,83,,,226,103
2016-07-06 06:00:00,84,83,99,265,,57,,,65,,,327,99
2016-07-06 07:00:00,134,70,110,281,,49,,,64,,,26,
2016-07-06 08:00:00,152,60,105,10,,71,,,44,,,72,81
2016-07-06 09:00:00,77,70,80,165,,83,,,66,,,83,81
2016-07-06 10:00:00,55,102,129,153,,81,,,68,,,101,79
2016-07-06 11:00:00,87,104,137,119,,91,,,56,,,102,76
2016-07-06 12:00:00,81,97,125,105,,94,,,59,,,94,72
2016-07-06 13:00:00,81,114,136,94,,75,,,64,,,93,69
2016-07-06 14:00:00,83,103,157,102,,99,,,65,,,78,58
2016-07-06 15:00:00,102,105,135,100,,100,,,77,,,72,58
2016-07-06 16:00:00,134,115,145,106,,101,,,100,,,102,93
2016-07-06 17:00:00,143,114,151,106,,93,,,98,,,107,100
2016-07-06 18:00:00,140,118,149,110,,101,,,104,,,112,95
2016-07-06 19:00:00,146,118,150,113,,104,,,104,,,94,82
2016-07-06 20:00:00,151,127,162,125,,113,,,114,,,88,69
2016-07-06 21:00:00,136,126,161,133,,106,,,127,,,93,68
2016-07-06 22:00:00,163,117,150,109,,109,,,98,,,102,79
2016-07-06 23:00:00,128,110,143,106,,103,,,100,,,102,69
2016-07-07 00:00:00,90,109,146,100,,106,,,84,,,119,73
2016-07-07 01:00:00,83,116,148,118,,114,,,90,,,139,111
2016-07-07 02:00:00,71,112,143,132,,103,,,86,,,139,104
2016-07-07 03:00:00,65,103,118,130,,97,,,84,,,108,107
2016-07-07 04:00:00,79,75,107,185,,62,,,84,,,105,112
2016-07-07 05:00:00,106,74,104,171,,77,,,74,,,119,117
2016-07-07 06:00:00,79,67,102,163,,79,,,83,,,134,131
2016-07-07 07:00:00,77,75,98,223,,79,,,73,,,15,74
2016-07-07 08:00:00,90,63,78,300,,49,,,65,,,60,63
2016-07-07 09:00:00,103,21,58,306,,91,,,42,,,68,77
2016-07-07 10:00:00,87,74,106,147,,61,,,55,,,87,79
2016-07-07 11:00:00,86,97,149,136,,99,,,58,,,88,75
2016-07-07 12:00:00,85,89,142,99,,72,,,73,,,98,74
2016-07-07 13:00:00,84,91,129,86,,75,,,54,,,93,69
2016-07-07 14:00:00,87,78,130,108,,89,,,63,,,88,68
2016-07-07 15:00:00,72,107,111,108,,102,,,65,,,79,54
2016-07-07 16:00:00,86,118,123,102,,93,,,87,,,58,67
2016-07-07 17:00:00,141,109,126,109,,102,,,86,,,92,102
2016-07-07 18:00:00,144,104,136,107,,99,,,102,,,111,102
2016-07-07 19:00:00,137,120,150,118,,105,,,120,,,105,96
2016-07-07 20:00:00,151,131,162,135,,114,,,127,,,96,73
2016-07-07 21:00:00,139,117,130,134,,95,,,138,,,107,63
2016-07-07 22:00:00,132,92,116,100,,89,,,111,,,112,75
2016-07-07 23:00:00,92,100,123,103,,95,,,71,,,109,98
2016-07-08 00:00:00,77,105,145,107,,101,,,76,,,124,96
2016-07-08 01:00:00,67,103,144,101,,102,,,84,,,139,96
2016-07-08 02:00:00,66,105,143,101,,99,,,82,,,135,101
2016-07-08 03:00:00,68,105,137,89,,93,,,84,,,111,118
2016-07-08 04:00:00,73,88,137,141,,76,,,88,,,114,107
2016-07-08 05:00:00,77,72,132,168,,76,,,79,,,102,104
2016-07-08 06:00:00,78,34,91,193,,48,,,63,,,104,114
2016-07-08 07:00:00,114,59,81,282,,46,,,89,,,94,75
2016-07-08 08:00:00,112,67,106,2,,53,,,81,,,67,83
2016-07-08 09:00:00,89,52,91,129,,77,,,47,,,76,80
2016-07-08 10:00:00,89,62,119,150,,86,,,68,,,105,82
2016-07-08 11:00:00,90,95,119,127,,76,,,70,,,100,73
2016-07-08 12:00:00,86,78,132,76,,78,,,68,,,102,75
2016-07-08 13:00:00,94,74,133,78,,92,,,55,,,100,60
2016-07-08 14:00:00,85,105,120,95,,97,,,52,,,98,64
2016-07-08 15:00:00,83,117,128,107,,93,,,65,,,89,55
2016-07-08 16:00:00,82,107,116,103,,88,,,86,,,86,76
2016-07-08 17:00:00,122,104,115,104,,91,,,90,,,95,105
2016-07-08 18:00:00,114,113,123,99,,96,,,103,,,104,93
2016-07-08 19:00:00,138,103,134,106,,92,,,114,,,94,94
2016-07-08 20:00:00,150,101,122,109,,90,,,123,,,92,91
2016-07-08 21:00:00,101,89,116,86,,90,,,123,,,82,64
2016-07-08 22:00:00,82,98,119,96,,102,,,76,,,98,55
2016-07-08 23:00:00,126,101,121,97,,94,,,75,,,106,63
2016-07-09 00:00:00,88,107,126,100,,91,,,78,,,113,76
2016-07-09 01:00:00,68,106,132,107,,94,,,79,,,128,88
2016-07-09 02:00:00,65,102,136,104,,93,,,82,,,136,97
2016-07-09 03:00:00,66,95,118,90,,70,,,81,,,132,101
2016-07-09 04:00:00,85,74,115,66,,68,,,86,,,118,100
2016-07-09 05:00:00,95,85,121,123,,76,,,73,,,112,102
2016-07-09 06:00:00,103,94,122,165,,78,,,73,,,100,104
2016-07-09 07:00:00,86,66,117,180,,64,,,73,,,104,98
2016-07-09 08:00:00,89,66,115,194,,56,,,77,,,111,91
2016-07-09 09:00:00,91,57,95,194,,88,,,76,,,67,90
2016-07-09 10:00:00,90,48,113,106,,110,,,53,,,82,76
2016-07-09 11:00:00,101,76,118,126,,98,,,54,,,94,75
2016-07-09 12:00:00,124,76,102,99,,109,,,60,,,93,67
2016-07-09 13:00:00,94,99,143,127,,100,,,55,,,98,70
2016-07-09 14:00:00,87,96,131,120,,96,,,62,,,85,60
2016-07-09 15:00:00,81,98,124,116,,99,,,69,,,75,54
2016-07-09 16:00:00,103,113,138,113,,107,,,78,,,77,87
2016-07-09 17:00:00,134,123,129,101,,103,,,108,,,107,107
2016-07-09 18:00:00,139,120,130,101,,91,,,114,,,112,107
2016-07-09 19:00:00,151,121,146,123,,108,,,122,,,109,99
2016-07-09 20:00:00,146,128,161,120,,116,,,134,,,96,96
2016-07-09 21:00:00,148,111,128,126,,98,,,135,,,89,72
2016-07-09 22:00:00,113,98,118,106,,86,,,91,,,108,63
2016-07-09 23:00:00,102,102,124,107,,94,,,84,,,114,61
2016-07-10 00:00:00,101,115,139,103,,107,,,87,,,123,80
2016-07-10 01:00:00,63,104,144,107,,107,,,92,,,143,101
2016-07-10 02:00:00,64,106,141,99,,93,,,88,,,127,101
2016-07-10 03:00:00,66,99,106,80,,80,,,84,,,128,110
2016-07-10 04:00:00,89,70,114,72,,61,,,80,,,102,95
2016-07-10 05:00:00,80,72,130,190,,74,,,70,,,119,110
2016-07-10 06:00:00,90,73,108,188,,74,,,61,,,105,98
2016-07-10 07:00:00,102,85,136,151,,83,,,68,,,83,83
2016-07-10 08:00:00,89,69,108,249,,76,,,81,,,76,91
2016-07-10 09:00:00,110,88,132,192,,73,,,75,,,76,91
2016-07-10 10:00:00,121,96,118,129,,86,,,82,,,71,86
2016-07-10 11:00:00,97,84,130,132,,94,,,72,,,90,74
2016-07-10 12:00:00,86,108,132,124,,88,,,67,,,101,79
2016-07-10 13:00:00,91,107,111,114,,78,,,79,,,92,66
2016-07-10 14:00:00,159,105,112,102,,70,,,80,,,131,96
2016-07-10 15:00:00,156,130,110,151,,70,,,96,,,166,7
2016-07-10 16:00:00,154,143,178,149,,146,,,130,,,149,303
2016-07-10 17:00:00,141,136,173,138,,120,,,154,,,152,289
2016-07-10 18:00:00,142,124,167,140,,117,,,127,,,144,295
2016-07-10 19:00:00,162,128,171,133,,139,,,130,,,149,275
2016-07-10 20:00:00,167,118,165,130,,136,,,141,,,136,258
2016-07-10 21:00:00,156,112,159,133,,103,,,152,,,136,65
2016-07-10 22:00:00,144,109,160,131,,112,,,89,,,109,75
2016-07-10 23:00:00,111,103,148,106,,106,,,100,,,156,88
2016-07-11 00:00:00,87,99,144,99,,103,,,98,,,152,114
2016-07-11 01:00:00,69,96,144,108,,98,,,100,,,128,105
2016-07-11 02:00:00,69,93,134,92,,93,,,85,,,117,98
2016-07-11 03:00:00,92,87,143,150,,95,,,82,,,128,108
2016-07-11 04:00:00,66,82,123,184,,100,,,84,,,98,107
2016-07-11 05:00:00,64,67,108,208,,78,,,69,,,91,110
2016-07-11 06:00:00,78,62,117,236,,65,,,74,,,177,98
2016-07-11 07:00:00,87,90,141,247,,80,,,57,,,94,89
2016-07-11 08:00:00,85,100,156,131,,92,,,71,,,88,87
2016-07-11 09:00:00,95,100,148,128,,86,,,83,,,115,87
2016-07-11 10:00:00,119,121,162,136,,109,,,58,,,89,82
2016-07-11 11:00:00,98,104,143,122,,99,,,27,,,91,77
2016-07-11 12:00:00,87,94,157,119,,93,,,53,,,106,70
2016-07-11 13:00:00,85,91,136,116,,95,,,64,,,103,59
2016-07-11 14:00:00,75,107,145,104,,96,,,61,,,84,60
2016-07-11 15:00:00,89,104,143,98,,100,,,80,,,65,73
2016-07-11 16:00:00,128,103,152,107,,97,,,92,,,90,93
2016-07-11 17:00:00,132,109,159,107,,103,,,98,,,98,89
2016-07-11 18:00:00,144,113,158,112,,112,,,111,,,100,86
2016-07-11 19:00:00,153,112,154,113,,107,,,117,,,90,80
2016-07-11 20:00:00,154,112,155,121,,107,,,113,,,75,68
2016-07-11 21:00:00,147,111,154,128,,106,,,113,,,84,64
2016-07-11 22:00:00,132,105,150,105,,102,,,92,,,116,75
2016-07-11 23:00:00,101,105,145,103,,108,,,84,,,118,73
2016-07-12 00:00:00,92,102,143,106,,109,,,88,,,126,85
2016-07-12 01:00:00,74,99,143,108,,104,,,89,,,130,102
2016-07-12 02:00:00,66,97,136,106,,109,,,77,,,141,99
2016-07-12 03:00:00,70,89,136,111,,85,,,77,,,124,107
2016-07-12 04:00:00,73,86,137,173,,80,,,80,,,85,109
2016-07-12 05:00:00,71,84,114,169,,77,,,85,,,92,102
2016-07-12 06:00:00,84,76,109,212,,86,,,72,,,105,100
2016-07-12 07:00:00,78,83,123,179,,56,,,68,,,62,96
2016-07-12 08:00:00,122,67,127,44,,68,,,51,,,70,
2016-07-12 09:00:00,71,80,136,95,,80,,,44,,,108,75
2016-07-12 10:00:00,95,102,149,79,,85,,,62,,,109,89
2016-07-12 11:00:00,112,108,161,114,,116,,,58,,,103,72
2016-07-12 12:00:00,146,116,156,117,,81,,,56,,,103,67
2016-07-12 13:00:00,80,102,162,104,,99,,,59,,,103,63
2016-07-12 14:00:00,74,94,134,108,,91,,,81,,,87,
2016-07-12 15:00:00,95,108,126,100,,105,,,82,,,77,77
2016-07-12 16:00:00,123,103,141,103,,97,,,99,,,90,82
2016-07-12 17:00:00,138,112,126,115,,99,,,95,,,102,99
2016-07-12 18:00:00,141,113,147,115,,93,,,124,,,98,98
2016-07-12 19:00:00,138,110,145,106,,103,,,109,,,78,79
2016-07-12 20:00:00,139,102,145,107,,100,,,94,,,75,68
2016-07-12 21:00:00,136,112,143,106,,103,,,83,,,102,69
2016-07-12 22:00:00,140,118,147,110,,104,,,91,,,105,63
2016-07-12 23:00:00,127,117,144,109,,100,,,101,,,108,80
2016-07-13 00:00:00,87,91,135,103,,86,,,70,,,123,99
2016-07-13 01:00:00,123,104,146,84,,91,,,85,,,125,111
2016-07-13 02:00:00,83,95,139,114,,90,,,84,,,155,93
2016-07-13 03:00:00,75,85,107,93,,91,,,80,,,140,97
2016-07-13 04:00:00,136,47,100,334,,60,,,78,,,132,120
2016-07-13 05:00:00,194,10,70,301,,310,,,61,,,39,142
2016-07-13 06:00:00,213,24,50,283,,310,,,306,,,293,271
2016-07-13 07:00:00,284,331,47,279,,329,,,238,,,332,329
2016-07-13 08:00:00,134,16,50,339,,46,,,306,,,47,329
2016-07-13 09:00:00,161,317,358,347,,88,,,6,,,85,85
2016-07-13 10:00:00,94,67,94,130,,102,,,27,,,81,79
2016-07-13 11:00:00,118,87,134,125,,100,,,52,,,101,75
2016-07-13 12:00:00,93,92,137,100,,80,,,60,,,106,81
2016-07-13 13:00:00,83,102,138,107,,91,,,78,,,97,64
2016-07-13 14:00:00,107,117,159,108,,100,,,76,,,82,70
2016-07-13 15:00:00,140,115,156,104,,96,,,85,,,90,84
2016-07-13 16:00:00,147,113,158,107,,98,,,107,,,103,99
2016-07-13 17:00:00,148,114,148,112,,106,,,105,,,107,106
2016-07-13 18:00:00,145,108,152,112,,102,,,110,,,95,95
2016-07-13 19:00:00,144,114,159,111,,110,,,118,,,89,74
2016-07-13 20:00:00,144,120,165,117,,115,,,111,,,95,66
2016-07-13 21:00:00,127,117,158,124,,109,,,121,,,112,90
2016-07-13 22:00:00,155,108,148,113,,107,,,121,,,115,71
2016-07-13 23:00:00,137,106,131,100,,108,,,105,,,110,63
2016-07-14 00:00:00,106,111,136,92,,111,,,85,,,143,75
2016-07-14 01:00:00,97,104,140,101,,117,,,91,,,150,76
2016-07-14 02:00:00,57,100,112,105,,99,,,82,,,146,107
2016-07-14 03:00:00,76,91,107,134,,89,,,88,,,116,117
2016-07-14 04:00:00,64,82,114,166,,85,,,86,,,109,112
2016-07-14 05:00:00,80,88,127,155,,93,,,85,,,98,105
2016-07-14 06:00:00,71,86,124,178,,76,,,80,,,113,93
2016-07-14 07:00:00,140,88,138,301,,73,,,77,,,74,67
2016-07-14 08:00:00,86,45,125,346,,62,,,75,,,61,76
2016-07-14 09:00:00,161,46,102,22,,85,,,43,,,71,72
2016-07-14 10:00:00,90,45,117,154,,58,,,54,,,73,
2016-07-14 11:00:00,90,48,125,139,,75,,,56,,,90,78
2016-07-14 12:00:00,96,96,129,112,,97,,,63,,,100,74
2016-07-14 13:00:00,122,110,151,121,,104,,,76,,,104,59
2016-07-14 14:00:00,77,106,161,107,,94,,,72,,,94,58
2016-07-14 15:00:00,111,126,152,109,,99,,,85,,,69,53
2016-07-14 16:00:00,127,115,166,95,,95,,,83,,,96,96
2016-07-14 17:00:00,149,105,143,99,,85,,,91,,,107,103
2016-07-14 18:00:00,153,105,138,104,,97,,,105,,,108,103
2016-07-14 19:00:00,150,110,153,114,,106,,,113,,,92,94
2016-07-14 20:00:00,154,117,162,118,,118,,,119,,,61,83
2016-07-14 21:00:00,132,112,160,111,,110,,,109,,,61,69
2016-07-14 22:00:00,148,103,147,110,,108,,,81,,,89,102
2016-07-14 23:00:00,103,101,127,109,,102,,,76,,,116,84
2016-07-15 00:00:00,103,87,130,95,,80,,,84,,,122,74
2016-07-15 01:00:00,78,97,143,100,,111,,,80,,,125,89
2016-07-15 02:00:00,66,94,135,102,,94,,,86,,,129,102
2016-07-15 03:00:00,67,80,111,72,,83,,,78,,,122,107
2016-07-15 04:00:00,66,79,111,184,,78,,,73,,,137,113
2016-07-15 05:00:00,92,53,107,284,,57,,,71,,,135,109
2016-07-15 06:00:00,94,67,118,254,,15,,,50,,,105,103
2016-07-15 07:00:00,103,26,92,282,,23,,,41,,,343,99
2016-07-15 08:00:00,170,46,78,273,,20,,,4,,,73,74
2016-07-15 09:00:00,101,13,66,229,,72,,,6,,,98,83
2016-07-15 10:00:00,92,62,101,129,,51,,,54,,,101,75
2016-07-15 11:00:00,92,100,142,133,,92,,,38,,,104,73
2016-07-15 12:00:00,91,111,143,122,,81,,,63,,,95,69
2016-07-15 13:00:00,86,120,137,109,,97,,,59,,,107,60
2016-07-15 14:00:00,85,133,168,93,,89,,,62,,,93,51
2016-07-15 15:00:00,116,121,144,110,,97,,,87,,,70,62
2016-07-15 16:00:00,145,103,149,111,,104,,,105,,,71,74
2016-07-15 17:00:00,135,99,139,113,,99,,,97,,,94,89
2016-07-15 18:00:00,141,109,158,116,,108,,,107,,,104,92
2016-07-15 19:00:00,148,116,151,122,,120,,,117,,,106,106
2016-07-15 20:00:00,139,95,22,118,,95,,,144,,,107,98
2016-07-15 21:00:00,110,92,349,101,,92,,,117,,,96,77
2016-07-15 22:00:00,162,97,342,107,,97,,,107,,,95,77
2016-07-15 23:00:00,139,97,344,106,,95,,,93,,,97,79
2016-07-16 00:00:00,146,94,313,104,,89,,,69,,,104,73
2016-07-16 01:00:00,107,91,320,95,,84,,,66,,,111,76
2016-07-16 02:00:00,68,82,339,105,,85,,,64,,,124,94
2016-07-16 03:00:00,60,87,326,102,,70,,,82,,,144,101
2016-07-16 04:00:00,63,92,333,97,,24,,,80,,,161,114
2016-07-16 05:00:00,146,92,310,7,,34,,,91,,,76,116
2016-07-16 06:00:00,72,64,348,119,,50,,,95,,,115,102
2016-07-16 07:00:00,86,83,12,162,,79,,,87,,,91,87
2016-07-16 08:00:00,140,53,48,327,,17,,,67,,,290,354
2016-07-16 09:00:00,130,43,27,183,,72,,,19,,,76,72
2016-07-16 10:00:00,103,75,40,177,,84,,,52,,,90,72
2016-07-16 11:00:00,93,105,47,107,,92,,,50,,,108,70
2016-07-16 12:00:00,70,102,209,105,,105,,,66,,,104,55
2016-07-16 13:00:00,117,106,186,106,,94,,,79,,,79,66
2016-07-16 14:00:00,125,99,170,100,,84,,,95,,,84,76
2016-07-16 15:00:00,115,96,144,106,,90,,,87,,,92,77
2016-07-16 16:00:00,129,98,87,107,,95,,,88,,,91,75
2016-07-16 17:00:00,136,94,75,105,,92,,,109,,,95,77
2016-07-16 18:00:00,133,89,63,102,,91,,,91,,,104,94
2016-07-16 19:00:00,114,106,51,108,,96,,,96,,,110,103
2016-07-16 20:00:00,114,100,53,111,,95,,,126,,,101,94
2016-07-16 21:00:00,119,97,57,108,,95,,,114,,,98,79
2016-07-16 22:00:00,101,94,43,104,,90,,,113,,,92,78
2016-07-16 23:00:00,88,88,46,98,,90,,,92,,,88,72
2016-07-17 00:00:00,92,90,42,94,,89,,,74,,,89,69
2016-07-17 01:00:00,80,90,40,100,,90,,,72,,,93,65
2016-07-17 02:00:00,79,92,38,106,,100,,,84,,,99,80
2016-07-17 03:00:00,77,94,31,107,,105,,,77,,,95,76
2016-07-17 04:00:00,103,87,45,106,,87,,,81,,,95,87
2016-07-17 05:00:00,66,85,41,92,,88,,,82,,,110,84
2016-07-17 06:00:00,70,83,51,111,,77,,,79,,,112,71
2016-07-17 07:00:00,77,90,50,246,,70,,,78,,,37,93
2016-07-17 08:00:00,117,32,49,320,,49,,,72,,,5,337
2016-07-17 09:00:00,114,44,41,107,,80,,,41,,,66,72
2016-07-17 10:00:00,98,78,42,109,,76,,,51,,,94,76
2016-07-17 11:00:00,88,90,36,94,,93,,,53,,,108,70
2016-07-17 12:00:00,,105,20,99,,90,,,53,,,89,66
2016-07-17 13:00:00,,124,30,103,,105,,,77,,,81,69
2016-07-17 14:00:00,,108,36,104,,93,,,100,,,83,78
2016-07-17 15:00:00,,112,45,109,,101,,,114,,,95,85
2016-07-17 16:00:00,,113,49,108,,106,,,102,,,97,97
2016-07-17 17:00:00,,122,51,114,,104,,,103,,,95,88
2016-07-17 18:00:00,,131,38,123,,115,,,116,,,112,103
2016-07-17 19:00:00,,114,36,123,,110,,,130,,,114,103
2016-07-17 20:00:00,,104,53,112,,96,,,136,,,113,99
2016-07-17 21:00:00,,107,60,109,,99,,,112,,,97,88
2016-07-17 22:00:00,,101,50,103,,96,,,102,,,92,74
2016-07-17 23:00:00,,93,40,104,,95,,,91,,,91,68
2016-07-18 00:00:00,,88,29,100,,104,,,71,,,97,75
2016-07-18 01:00:00,,82,28,87,,98,,,71,,,104,64
2016-07-18 02:00:00,,86,30,91,,93,,,69,,,118,67
2016-07-18 03:00:00,,93,35,109,,106,,,79,,,123,75
2016-07-18 04:00:00,,100,40,120,,90,,,84,,,139,102
2016-07-18 05:00:00,,82,26,167,,68,,,77,,,118,114
2016-07-18 06:00:00,,33,16,272,,49,,,80,,,92,105
2016-07-18 07:00:00,,48,21,255,,51,,,46,,,50,88
2016-07-18 08:00:00,,40,11,46,,45,,,34,,,76,103
2016-07-18 09:00:00,,12,2,273,,44,,,34,,,68,81
2016-07-18 10:00:00,,81,28,134,,101,,,30,,,95,82
2016-07-18 11:00:00,,99,39,97,,86,,,43,,,112,65
2016-07-18 12:00:00,,100,70,107,,99,,,64,,,99,58
2016-07-18 13:00:00,,122,56,92,,95,,,83,,,77,64
2016-07-18 14:00:00,,109,44,110,,90,,,79,,,86,78
2016-07-18 15:00:00,,108,38,103,,95,,,110,,,92,81
2016-07-18 16:00:00,,110,43,107,,96,,,102,,,91,88
2016-07-18 17:00:00,,107,44,105,,91,,,106,,,98,100
2016-07-18 18:00:00,,96,44,105,,84,,,113,,,118,114
2016-07-18 19:00:00,,104,51,113,,90,,,96,,,108,97
2016-07-18 20:00:00,,103,57,109,,99,,,108,,,100,103
2016-07-18 21:00:00,,108,59,108,,101,,,96,,,103,91
2016-07-18 22:00:00,,107,61,106,,100,,,105,,,93,78
2016-07-18 23:00:00,,100,55,105,,96,,,97,,,95,77
2016-07-19 00:00:00,,96,46,99,,89,,,88,,,102,76
2016-07-19 01:00:00,,96,35,99,,90,,,79,,,105,72
2016-07-19 02:00:00,,81,22,95,,87,,,70,,,134,83
2016-07-19 03:00:00,,80,29,138,,88,,,75,,,123,91
2016-07-19 04:00:00,,91,53,127,,107,,,72,,,123,94
2016-07-19 05:00:00,,97,62,138,,82,,,70,,,138,109
2016-07-19 06:00:00,,93,48,137,,71,,,78,,,141,100
2016-07-19 07:00:00,,97,54,109,,70,,,85,,,105,73
2016-07-19 08:00:00,,98,67,104,,86,,,86,,,126,61
2016-07-19 09:00:00,,98,58,103,,90,,,78,,,145,77
2016-07-19 10:00:00,,105,54,88,,87,,,68,,,104,68
2016-07-19 11:00:00,,103,71,99,,97,,,71,,,86,42
2016-07-19 12:00:00,,106,35,96,,92,,,78,,,74,55
2016-07-19 13:00:00,97,119,52,106,,93,,,78,,,70,68
2016-07-19 14:00:00,91,105,33,112,,83,,,98,,,76,83
2016-07-19 15:00:00,83,110,33,103,,97,,,79,,,89,87
2016-07-19 16:00:00,95,107,57,109,,100,,,79,,,101,97
2016-07-19 17:00:00,97,96,26,108,,99,,,85,,,114,90
2016-07-19 18:00:00,105,90,27,99,,89,,,84,,,101,83
2016-07-19 19:00:00,158,99,31,129,,90,,,80,,,118,108
2016-07-19 20:00:00,137,113,47,134,,108,,,131,,,144,347
2016-07-19 21:00:00,149,115,76,137,,114,,,133,,,146,116
2016-07-19 22:00:00,145,114,68,135,,106,,,116,,,129,73
2016-07-19 23:00:00,140,104,62,122,,104,,,97,,,135,87
2016-07-20 00:00:00,131,93,26,97,,86,,,98,,,129,83
2016-07-20 01:00:00,93,98,27,102,,83,,,68,,,129,85
2016-07-20 02:00:00,82,94,36,97,,90,,,79,,,124,92
2016-07-20 03:00:00,67,94,55,121,,85,,,95,,,123,97
2016-07-20 04:00:00,83,94,63,121,,92,,,73,,,120,91
2016-07-20 05:00:00,75,83,52,95,,72,,,62,,,145,83
2016-07-20 06:00:00,66,69,16,112,,66,,,70,,,150,75
2016-07-20 07:00:00,81,73,19,107,,53,,,119,,,136,79
2016-07-20 08:00:00,72,101,59,106,,85,,,81,,,111,59
2016-07-20 09:00:00,83,117,76,103,,83,,,76,,,103,58
2016-07-20 10:00:00,78,98,59,100,,83,,,82,,,92,64
2016-07-20 11:00:00,92,91,33,108,,103,,,83,,,95,65
2016-07-20 12:00:00,97,94,57,102,,91,,,95,,,93,78
2016-07-20 13:00:00,89,105,20,98,,86,,,87,,,93,84
2016-07-20 14:00:00,93,85,13,94,,79,,,96,,,107,99
2016-07-20 15:00:00,110,103,38,105,,87,,,101,,,101,98
2016-07-20 16:00:00,166,107,52,126,,103,,,87,,,111,115
2016-07-20 17:00:00,162,111,39,141,,119,,,104,,,107,112
2016-07-20 18:00:00,160,123,67,149,,117,,,136,,,108,109
2016-07-20 19:00:00,154,121,64,141,,113,,,143,,,110,99
2016-07-20 20:00:00,107,88,41,95,,111,,,127,,,104,85
2016-07-20 21:00:00,158,110,61,130,,77,,,106,,,94,88
2016-07-20 22:00:00,135,106,59,114,,103,,,134,,,105,73
2016-07-20 23:00:00,145,109,55,107,,105,,,111,,,101,72
2016-07-21 00:00:00,121,110,59,118,,120,,,81,,,102,64
2016-07-21 01:00:00,94,101,44,114,,112,,,74,,,110,64
2016-07-21 02:00:00,99,95,56,138,,91,,,71,,,108,69
2016-07-21 03:00:00,74,87,38,171,,44,,,82,,,143,100
2016-07-21 04:00:00,127,35,10,290,,303,,,91,,,143,136
2016-07-21 05:00:00,74,16,342,215,,34,,,71,,,116,106
2016-07-21 06:00:00,94,9,313,224,,37,,,55,,,116,102
2016-07-21 07:00:00,175,27,311,261,,34,,,49,,,128,80
2016-07-21 08:00:00,149,43,319,295,,27,,,42,,,84,86
2016-07-21 09:00:00,133,66,47,159,,87,,,359,,,117,87
2016-07-21 10:00:00,83,100,36,106,,93,,,44,,,101,77
2016-07-21 11:00:00,75,105,52,106,,90,,,79,,,95,55
2016-07-21 12:00:00,81,111,36,97,,102,,,79,,,80,58
2016-07-21 13:00:00,78,100,45,99,,76,,,87,,,88,74
2016-07-21 14:00:00,107,91,47,104,,83,,,90,,,85,69
2016-07-21 15:00:00,111,114,31,107,,98,,,88,,,98,78
2016-07-21 16:00:00,114,118,75,120,,116,,,77,,,119,108
2016-07-21 17:00:00,150,121,50,146,,132,,,128,,,112,99
2016-07-21 18:00:00,150,123,73,145,,113,,,138,,,87,77
2016-07-21 19:00:00,124,130,94,126,,132,,,138,,,86,65
2016-07-21 20:00:00,125,119,86,130,,122,,,142,,,102,82
2016-07-21 21:00:00,147,108,55,134,,111,,,299,,,112,76
2016-07-21 22:00:00,109,90,47,137,,79,,,296,,,79,104
2016-07-21 23:00:00,115,75,43,130,,52,,,302,,,117,75
2016-07-22 00:00:00,72,54,33,220,,30,,,97,,,128,87
2016-07-22 01:00:00,75,23,14,319,,327,,,23,,,132,105
2016-07-22 02:00:00,91,50,26,170,,35,,,36,,,131,108
2016-07-22 03:00:00,74,30,34,252,,334,,,48,,,158,109
2016-07-22 04:00:00,111,33,32,274,,339,,,31,,,107,138
2016-07-22 05:00:00,74,355,345,264,,9,,,342,,,260,159
2016-07-22 06:00:00,73,351,19,242,,11,,,60,,,95,153
2016-07-22 07:00:00,95,339,179,24,,346,,,304,,,53,80
2016-07-22 08:00:00,158,2,270,353,,44,,,287,,,24,61
2016-07-22 09:00:00,136,53,309,147,,69,,,10,,,85,84
2016-07-22 10:00:00,86,99,43,123,,88,,,39,,,108,
2016-07-22 11:00:00,86,90,48,105,,75,,,69,,,88,73
2016-07-22 12:00:00,84,103,45,104,,87,,,74,,,82,63
2016-07-22 13:00:00,108,103,44,101,,99,,,84,,,78,73
2016-07-22 14:00:00,124,110,48,104,,104,,,84,,,71,75
2016-07-22 15:00:00,117,117,49,99,,118,,,96,,,90,89
2016-07-22 16:00:00,110,113,53,105,,102,,,87,,,100,98
2016-07-22 17:00:00,141,115,46,111,,107,,,119,,,103,108
2016-07-22 18:00:00,156,116,54,118,,96,,,125,,,113,102
2016-07-22 19:00:00,161,109,51,123,,97,,,130,,,117,106
2016-07-22 20:00:00,109,110,53,108,,101,,,120,,,109,96
2016-07-22 21:00:00,116,113,55,109,,103,,,125,,,76,80
2016-07-22 22:00:00,144,116,60,110,,109,,,105,,,75,75
2016-07-22 23:00:00,132,111,60,132,,98,,,118,,,90,74
2016-07-23 00:00:00,101,95,39,111,,117,,,92,,,109,84
2016-07-23 01:00:00,61,72,22,128,,77,,,75,,,134,120
2016-07-23 02:00:00,62,65,27,146,,75,,,73,,,137,110
2016-07-23 03:00:00,64,60,21,276,,58,,,65,,,105,113
2016-07-23 04:00:00,98,41,4,262,,40,,,46,,,101,114
2016-07-23 05:00:00,117,26,6,271,,33,,,42,,,296,131
2016-07-23 06:00:00,113,6,353,303,,29,,,82,,,71,135
2016-07-23 07:00:00,122,21,341,290,,54,,,69,,,32,89
2016-07-23 08:00:00,125,343,281,288,,33,,,352,,,110,65
2016-07-23 09:00:00,170,356,10,237,,92,,,337,,,95,97
2016-07-23 10:00:00,103,78,41,136,,96,,,30,,,108,84
2016-07-23 11:00:00,89,90,38,114,,108,,,56,,,99,72
2016-07-23 12:00:00,83,105,40,104,,88,,,70,,,90,59
2016-07-23 13:00:00,84,108,52,105,,88,,,84,,,74,43
2016-07-23 14:00:00,97,99,42,95,,98,,,88,,,68,66
2016-07-23 15:00:00,105,113,,102,,97,,,89,,,111,93
2016-07-23 16:00:00,118,114,42,104,,92,,,113,,,105,97
2016-07-23 17:00:00,145,121,45,105,,102,,,93,,,106,94
2016-07-23 18:00:00,148,125,50,108,,104,,,101,,,114,104
2016-07-23 19:00:00,154,112,53,113,,107,,,97,,,110,101
2016-07-23 20:00:00,147,114,54,113,,104,,,119,,,114,99
2016-07-23 21:00:00,125,104,56,105,,97,,,133,,,105,81
2016-07-23 22:00:00,97,98,50,105,,95,,,96,,,89,71
2016-07-23 23:00:00,95,99,47,96,,93,,,80,,,120,68
2016-07-24 00:00:00,79,99,42,102,,87,,,79,,,129,98
2016-07-24 01:00:00,65,92,30,130,,70,,,88,,,137,108
2016-07-24 02:00:00,74,87,30,347,,84,,,75,,,118,112
2016-07-24 03:00:00,79,63,24,205,,81,,,77,,,122,107
2016-07-24 04:00:00,73,72,26,282,,71,,,71,,,118,106
2016-07-24 05:00:00,83,87,43,204,,65,,,48,,,113,101
2016-07-24 06:00:00,100,48,23,274,,44,,,44,,,69,137
2016-07-24 07:00:00,169,28,341,283,,18,,,50,,,341,236
2016-07-24 08:00:00,153,349,313,300,,31,,,24,,,51,330
2016-07-24 09:00:00,155,359,337,43,,62,,,332,,,55,88
2016-07-24 10:00:00,139,353,2,131,,80,,,30,,,51,90
2016-07-24 11:00:00,98,75,28,119,,108,,,24,,,96,78
2016-07-24 12:00:00,91,103,29,112,,83,,,61,,,104,76
2016-07-24 13:00:00,88,103,39,103,,80,,,73,,,108,63
2016-07-24 14:00:00,78,113,36,106,,93,,,74,,,89,64
2016-07-24 15:00:00,85,122,37,101,,105,,,76,,,76,66
2016-07-24 16:00:00,124,128,46,112,,107,,,101,,,97,93
2016-07-24 17:00:00,145,126,54,109,,108,,,119,,,92,98
2016-07-24 18:00:00,144,117,41,114,,108,,,118,,,98,100
2016-07-24 19:00:00,157,120,63,125,,112,,,105,,,112,107
2016-07-24 20:00:00,149,108,52,130,,105,,,141,,,99,96
2016-07-24 21:00:00,123,93,46,102,,83,,,137,,,92,67
2016-07-24 22:00:00,96,92,37,100,,93,,,89,,,96,65
2016-07-24 23:00:00,104,92,31,101,,91,,,92,,,96,69
2016-07-25 00:00:00,115,85,32,96,,99,,,75,,,113,75
2016-07-25 01:00:00,77,93,34,95,,109,,,75,,,115,72
2016-07-25 02:00:00,70,74,26,139,,70,,,83,,,125,102
2016-07-25 03:00:00,73,62,17,15,,63,,,75,,,131,97
2016-07-25 04:00:00,63,63,17,276,,54,,,57,,,120,102
2016-07-25 05:00:00,98,86,31,240,,81,,,48,,,111,98
2016-07-25 06:00:00,110,95,63,185,,77,,,64,,,117,95
2016-07-25 07:00:00,108,99,76,134,,83,,,72,,,130,88
2016-07-25 08:00:00,74,46,29,84,,69,,,86,,,98,84
2016-07-25 09:00:00,88,15,352,99,,95,,,69,,,97,76
2016-07-25 10:00:00,86,206,354,155,,94,,,62,,,104,79
2016-07-25 11:00:00,105,109,73,135,,115,,,79,,,116,80
2016-07-25 12:00:00,89,104,47,112,,91,,,60,,,101,75
2016-07-25 13:00:00,78,97,51,120,,86,,,69,,,108,71
2016-07-25 14:00:00,78,101,55,105,,75,,,80,,,92,67
2016-07-25 15:00:00,86,110,46,108,,89,,,103,,,90,56
2016-07-25 16:00:00,95,115,52,104,,91,,,90,,,96,97
2016-07-25 17:00:00,109,103,55,103,,81,,,122,,,120,113
2016-07-25 18:00:00,111,93,42,104,,89,,,94,,,115,112
2016-07-25 19:00:00,154,84,35,104,,88,,,91,,,123,117
2016-07-25 20:00:00,159,109,52,128,,92,,,143,,,107,98
2016-07-25 21:00:00,152,98,46,122,,88,,,141,,,93,84
2016-07-25 22:00:00,100,100,43,104,,99,,,97,,,95,71
2016-07-25 23:00:00,116,93,37,107,,91,,,94,,,104,71
2016-07-26 00:00:00,72,94,37,111,,92,,,77,,,119,85
2016-07-26 01:00:00,66,87,28,83,,84,,,79,,,123,94
2016-07-26 02:00:00,79,64,27,154,,81,,,71,,,122,105
2016-07-26 03:00:00,97,53,12,231,,58,,,72,,,130,107
2016-07-26 04:00:00,145,64,31,257,,39,,,49,,,307,91
2016-07-26 05:00:00,92,86,21,239,,55,,,57,,,22,124
2016-07-26 06:00:00,87,78,54,275,,40,,,78,,,95,129
2016-07-26 07:00:00,97,74,64,231,,41,,,58,,,81,84
2016-07-26 08:00:00,175,38,43,260,,43,,,49,,,112,79
2016-07-26 09:00:00,111,23,308,46,,72,,,10,,,88,81
2016-07-26 10:00:00,107,58,341,143,,61,,,29,,,109,97
2016-07-26 11:00:00,87,99,52,114,,73,,,54,,,99,75
2016-07-26 12:00:00,84,97,44,92,,77,,,59,,,93,59
2016-07-26 13:00:00,78,105,40,107,,85,,,73,,,83,61
2016-07-26 14:00:00,87,125,60,107,,91,,,84,,,135,89
2016-07-26 15:00:00,140,123,45,109,,102,,,94,,,171,122
2016-07-26 16:00:00,153,99,20,105,,63,,,88,,,176,120
2016-07-26 17:00:00,196,319,272,24,,320,,,125,,,146,92
2016-07-26 18:00:00,208,7,356,187,,156,,,359,,,117,88
2016-07-26 19:00:00,176,319,198,30,,290,,,171,,,124,106
2016-07-26 20:00:00,82,102,98,122,,80,,,20,,,100,68
2016-07-26 21:00:00,93,122,102,111,,115,,,77,,,85,65
2016-07-26 22:00:00,144,130,107,116,,120,,,98,,,94,92
2016-07-26 23:00:00,121,101,70,120,,39,,,93,,,108,89
2016-07-27 00:00:00,78,82,358,98,,28,,,72,,,116,88
2016-07-27 01:00:00,71,21,339,69,,43,,,71,,,93,88
2016-07-27 02:00:00,70,31,358,11,,2,,,78,,,88,73
2016-07-27 03:00:00,67,48,9,78,,348,,,90,,,118,65
2016-07-27 04:00:00,67,29,43,99,,44,,,83,,,120,68
2016-07-27 05:00:00,75,58,61,102,,38,,,75,,,105,71
2016-07-27 06:00:00,91,53,69,109,,45,,,79,,,123,87
2016-07-27 07:00:00,73,32,183,172,,48,,,90,,,145,101
2016-07-27 08:00:00,73,72,99,170,,47,,,207,,,118,94
2016-07-27 09:00:00,94,75,52,117,,59,,,75,,,116,96
2016-07-27 10:00:00,79,31,351,145,,46,,,56,,,106,91
2016-07-27 11:00:00,94,34,13,149,,47,,,61,,,103,78
2016-07-27 12:00:00,85,8,310,319,,71,,,62,,,103,81
2016-07-27 13:00:00,140,347,301,138,,93,,,23,,,61,91
2016-07-27 14:00:00,80,35,276,119,,110,,,27,,,85,74
2016-07-27 15:00:00,128,316,281,184,,40,,,42,,,107,66
2016-07-27 16:00:00,101,3,271,328,,347,,,10,,,128,89
2016-07-27 17:00:00,124,101,80,140,,81,,,54,,,102,71
2016-07-27 18:00:00,107,49,337,148,,44,,,318,,,126,94
2016-07-27 19:00:00,83,329,269,266,,306,,,304,,,145,88
2016-07-27 20:00:00,69,311,253,293,,251,,,268,,,147,118
2016-07-27 21:00:00,57,19,288,249,,98,,,6,,,150,129
2016-07-27 22:00:00,62,21,278,201,,74,,,55,,,156,118
2016-07-27 23:00:00,85,333,233,283,,291,,,62,,,161,116
2016-07-28 00:00:00,85,339,232,255,,286,,,55,,,166,124
2016-07-28 01:00:00,56,358,297,286,,292,,,23,,,118,159
2016-07-28 02:00:00,74,11,348,222,,1,,,79,,,12,125
2016-07-28 03:00:00,63,25,13,204,,28,,,47,,,286,113
2016-07-28 04:00:00,94,55,13,268,,12,,,48,,,156,121
2016-07-28 05:00:00,107,97,29,294,,4,,,86,,,129,145
2016-07-28 06:00:00,140,42,59,293,,39,,,72,,,314,119
2016-07-28 07:00:00,261,7,320,306,,28,,,47,,,303,156
2016-07-28 08:00:00,258,7,309,320,,331,,,38,,,243,212
2016-07-28 09:00:00,282,357,336,307,,17,,,19,,,178,278
2016-07-28 10:00:00,129,1,324,284,,82,,,336,,,107,108
2016-07-28 11:00:00,149,336,325,323,,79,,,27,,,125,94
2016-07-28 12:00:00,228,39,101,26,,76,,,52,,,124,102
2016-07-28 13:00:00,142,18,100,250,,82,,,33,,,124,100
2016-07-28 14:00:00,118,129,85,139,,93,,,84,,,122,100
2016-07-28 15:00:00,112,107,82,116,,100,,,196,,,101,80
2016-07-28 16:00:00,157,107,22,118,,89,,,101,,,146,108
2016-07-28 17:00:00,126,190,124,132,,162,,,100,,,109,105
2016-07-28 18:00:00,115,152,224,77,,314,,,267,,,134,149
2016-07-28 19:00:00,122,72,11,94,,103,,,32,,,122,90
2016-07-28 20:00:00,74,77,20,108,,74,,,48,,,87,67
2016-07-28 21:00:00,102,89,27,84,,56,,,353,,,101,58
2016-07-28 22:00:00,90,86,34,85,,94,,,55,,,100,63
2016-07-28 23:00:00,94,100,57,101,,96,,,67,,,92,71
2016-07-29 00:00:00,106,84,22,101,,82,,,70,,,96,82
2016-07-29 01:00:00,76,86,27,88,,88,,,67,,,112,75
2016-07-29 02:00:00,62,94,30,89,,97,,,80,,,120,88
2016-07-29 03:00:00,64,79,32,135,,107,,,104,,,136,102
2016-07-29 04:00:00,91,62,32,353,,75,,,54,,,140,97
2016-07-29 05:00:00,75,96,33,91,,73,,,68,,,136,99
2016-07-29 06:00:00,75,92,32,179,,61,,,78,,,97,122
2016-07-29 07:00:00,80,90,44,162,,61,,,65,,,72,113
2016-07-29 08:00:00,117,33,78,338,,116,,,70,,,150,51
2016-07-29 09:00:00,102,9,33,246,,69,,,48,,,80,81
2016-07-29 10:00:00,123,56,74,23,,41,,,31,,,88,63
2016-07-29 11:00:00,171,72,60,85,,52,,,33,,,97,75
2016-07-29 12:00:00,85,82,45,88,,87,,,72,,,110,63
2016-07-29 13:00:00,92,115,56,106,,81,,,70,,,93,63
2016-07-29 14:00:00,129,94,24,105,,71,,,85,,,101,86
2016-07-29 15:00:00,108,107,46,93,,84,,,107,,,136,108
2016-07-29 16:00:00,158,150,92,117,,141,,,98,,,176,178
2016-07-29 17:00:00,266,260,271,312,,251,,,127,,,166,323
2016-07-29 18:00:00,236,308,298,286,,243,,,260,,,163,96
2016-07-29 19:00:00,180,334,290,6,,3,,,250,,,140,74
2016-07-29 20:00:00,191,50,25,297,,45,,,144,,,152,112
2016-07-29 21:00:00,190,77,13,303,,337,,,51,,,143,123
2016-07-29 22:00:00,114,76,21,105,,348,,,62,,,130,108
2016-07-29 23:00:00,78,105,24,91,,52,,,53,,,133,96
2016-07-30 00:00:00,67,102,22,95,,65,,,66,,,130,78
2016-07-30 01:00:00,71,107,27,99,,82,,,72,,,153,69
2016-07-30 02:00:00,72,116,37,109,,95,,,80,,,157,66
2016-07-30 03:00:00,70,104,41,134,,95,,,69,,,124,117
2016-07-30 04:00:00,93,98,28,133,,76,,,70,,,125,115
2016-07-30 05:00:00,154,43,9,189,,81,,,73,,,260,209
2016-07-30 06:00:00,176,61,350,298,,34,,,45,,,220,241
2016-07-30 07:00:00,69,52,19,265,,55,,,56,,,43,74
2016-07-30 08:00:00,81,56,,17,,32,,,67,,,120,80
2016-07-30 09:00:00,75,23,312,70,,48,,,51,,,106,81
2016-07-30 10:00:00,103,349,337,84,,22,,,48,,,104,78
2016-07-30 11:00:00,104,82,21,94,,60,,,67,,,107,85
2016-07-30 12:00:00,91,93,73,83,,77,,,68,,,101,72
2016-07-30 13:00:00,80,115,65,99,,88,,,64,,,93,70
2016-07-30 14:00:00,133,127,63,105,,92,,,94,,,82,82
2016-07-30 15:00:00,123,113,56,111,,97,,,96,,,112,110
2016-07-30 16:00:00,150,114,65,117,,97,,,108,,,115,112
2016-07-30 17:00:00,145,116,55,125,,100,,,126,,,112,103
2016-07-30 18:00:00,148,105,37,124,,91,,,124,,,98,100
2016-07-30 19:00:00,141,106,49,102,,90,,,102,,,110,104
2016-07-30 20:00:00,135,115,59,109,,103,,,99,,,99,90
2016-07-30 21:00:00,151,116,51,112,,105,,,111,,,89,83
2016-07-30 22:00:00,150,114,63,107,,97,,,94,,,87,78
2016-07-30 23:00:00,122,106,56,108,,100,,,79,,,95,78
2016-07-31 00:00:00,94,103,52,102,,95,,,73,,,116,80
2016-07-31 01:00:00,69,100,32,102,,84,,,81,,,136,99
2016-07-31 02:00:00,64,91,28,117,,69,,,86,,,146,115
2016-07-31 03:00:00,62,88,27,113,,75,,,78,,,124,110
2016-07-31 04:00:00,68,82,35,17,,76,,,82,,,136,106
2016-07-31 05:00:00,144,70,24,320,,74,,,71,,,336,118
2016-07-31 06:00:00,127,58,24,295,,83,,,64,,,77,117
2016-07-31 07:00:00,133,54,46,291,,74,,,38,,,90,97
2016-07-31 08:00:00,120,56,46,117,,57,,,31,,,70,57
2016-07-31 09:00:00,115,37,49,105,,66,,,33,,,111,76
2016-07-31 10:00:00,103,90,68,93,,81,,,54,,,94,76
2016-07-31 11:00:00,83,116,70,99,,93,,,52,,,101,73
2016-07-31 12:00:00,94,115,74,98,,97,,,65,,,104,57
2016-07-31 13:00:00,93,122,80,100,,98,,,82,,,79,52
2016-07-31 14:00:00,159,120,85,109,,99,,,92,,,78,78
2016-07-31 15:00:00,138,127,74,108,,106,,,100,,,88,92
2016-07-31 16:00:00,152,118,59,110,,105,,,99,,,91,88
2016-07-31 17:00:00,139,119,63,110,,104,,,102,,,99,86
2016-07-31 18:00:00,130,123,70,112,,106,,,97,,,107,89
2016-07-31 19:00:00,132,124,70,116,,111,,,113,,,113,93
2016-07-31 20:00:00,153,124,80,117,,115,,,124,,,101,83
2016-07-31 21:00:00,145,123,76,114,,110,,,124,,,98,70
2016-07-31 22:00:00,128,115,65,108,,105,,,108,,,109,81
2016-07-31 23:00:00,152,111,61,109,,99,,,95,,,107,81
2016-08-01 00:00:00,151,112,62,107,,104,,,91,,,107,78
2016-08-01 01:00:00,144,112,53,104,,102,,,78,,,107,73
2016-08-01 02:00:00,102,112,48,104,,100,,,79,,,132,90
2016-08-01 03:00:00,101,109,53,110,,103,,,88,,,154,96
2016-08-01 04:00:00,65,103,25,110,,99,,,104,,,146,113
2016-08-01 05:00:00,187,62,27,85,,54,,,77,,,63,115
2016-08-01 06:00:00,130,37,13,275,,70,,,87,,,338,180
2016-08-01 07:00:00,101,55,25,271,,65,,,65,,,48,122
2016-08-01 08:00:00,128,20,2,315,,5,,,35,,,44,275
2016-08-01 09:00:00,147,354,297,312,,43,,,359,,,89,93
2016-08-01 10:00:00,157,22,7,27,,73,,,38,,,76,
2016-08-01 11:00:00,85,98,57,121,,90,,,48,,,98,80
2016-08-01 12:00:00,121,106,70,114,,104,,,71,,,98,81
2016-08-01 13:00:00,110,98,83,105,,91,,,64,,,99,62
2016-08-01 14:00:00,81,108,82,93,,85,,,73,,,76,54
2016-08-01 15:00:00,117,115,59,105,,103,,,84,,,84,61
2016-08-01 16:00:00,149,112,56,119,,103,,,117,,,100,104
2016-08-01 17:00:00,149,104,66,109,,100,,,106,,,93,95
2016-08-01 18:00:00,138,114,56,124,,101,,,101,,,95,89
2016-08-01 19:00:00,142,113,46,124,,103,,,122,,,117,105
2016-08-01 20:00:00,115,103,55,108,,97,,,126,,,98,96
2016-08-01 21:00:00,102,103,53,104,,97,,,109,,,86,78
2016-08-01 22:00:00,101,103,52,103,,93,,,95,,,91,72
2016-08-01 23:00:00,120,100,39,103,,88,,,81,,,107,78
2016-08-02 00:00:00,119,81,26,87,,68,,,78,,,110,77
2016-08-02 01:00:00,91,74,28,88,,76,,,83,,,116,69
2016-08-02 02:00:00,64,83,32,90,,88,,,77,,,111,84
2016-08-02 03:00:00,63,91,32,109,,92,,,87,,,122,71
2016-08-02 04:00:00,70,92,47,96,,105,,,77,,,143,88
2016-08-02 05:00:00,218,90,50,204,,96,,,73,,,110,119
2016-08-02 06:00:00,161,72,30,253,,68,,,76,,,278,203
2016-08-02 07:00:00,139,46,14,304,,36,,,75,,,32,230
2016-08-02 08:00:00,173,2,310,286,,43,,,354,,,77,32
2016-08-02 09:00:00,157,360,346,298,,45,,,16,,,88,68
2016-08-02 10:00:00,109,52,31,30,,73,,,25,,,90,81
2016-08-02 11:00:00,82,85,50,123,,91,,,46,,,105,76
2016-08-02 12:00:00,77,98,50,96,,87,,,67,,,108,
2016-08-02 13:00:00,94,93,51,99,,94,,,78,,,76,
2016-08-02 14:00:00,123,109,43,103,,90,,,91,,,91,
2016-08-02 15:00:00,126,105,39,107,,93,,,80,,,106,
2016-08-02 16:00:00,114,94,46,109,,88,,,99,,,111,
2016-08-02 17:00:00,127,100,41,108,,85,,,103,,,111,
2016-08-02 18:00:00,138,86,35,106,,87,,,96,,,124,
2016-08-02 19:00:00,112,93,44,97,,92,,,104,,,114,
2016-08-02 20:00:00,112,98,50,109,,95,,,96,,,99,
2016-08-02 21:00:00,97,102,60,106,,100,,,99,,,94,
2016-08-02 22:00:00,98,102,62,109,,105,,,96,,,95,
2016-08-02 23:00:00,96,93,59,106,,95,,,89,,,101,
2016-08-03 00:00:00,92,91,42,100,,87,,,84,,,107,
2016-08-03 01:00:00,67,96,34,97,,91,,,82,,,112,
2016-08-03 02:00:00,61,97,67,124,,98,,,75,,,140,
2016-08-03 03:00:00,70,94,91,203,,89,,,79,,,140,
2016-08-03 04:00:00,65,108,72,336,,103,,,82,,,126,
2016-08-03 05:00:00,74,105,90,263,,97,,,81,,,110,
2016-08-03 06:00:00,146,113,83,272,,86,,,74,,,76,
2016-08-03 07:00:00,134,100,78,321,,75,,,91,,,65,
2016-08-03 08:00:00,123,59,25,321,,61,,,38,,,79,
2016-08-03 09:00:00,122,41,349,111,,83,,,43,,,83,76
2016-08-03 10:00:00,120,40,342,,,87,,,54,,,62,83
2016-08-03 11:00:00,86,67,24,107,,91,,,46,,,115,70
2016-08-03 12:00:00,81,99,53,106,,89,,,53,,,97,62
2016-08-03 13:00:00,79,114,40,96,,84,,,58,,,91,52
2016-08-03 14:00:00,85,113,32,104,,89,,,76,,,88,66
2016-08-03 15:00:00,84,101,60,106,,86,,,96,,,83,74
2016-08-03 16:00:00,89,100,43,109,,88,,,101,,,83,78
2016-08-03 17:00:00,96,100,31,104,,92,,,98,,,103,88
2016-08-03 18:00:00,110,105,35,97,,86,,,88,,,112,87
2016-08-03 19:00:00,110,96,38,102,,88,,,92,,,114,95
2016-08-03 20:00:00,91,92,26,94,,87,,,83,,,127,99
2016-08-03 21:00:00,124,113,58,110,,101,,,102,,,97,84
2016-08-03 22:00:00,114,123,69,113,,111,,,111,,,93,76
2016-08-03 23:00:00,120,109,56,106,,96,,,89,,,104,79
2016-08-04 00:00:00,94,98,33,103,,91,,,79,,,105,67
2016-08-04 01:00:00,98,101,38,101,,88,,,77,,,106,71
2016-08-04 02:00:00,72,96,42,94,,82,,,78,,,114,70
2016-08-04 03:00:00,61,90,64,115,,89,,,75,,,125,86
2016-08-04 04:00:00,60,95,65,173,,92,,,70,,,127,92
2016-08-04 05:00:00,61,87,39,241,,72,,,77,,,138,104
2016-08-04 06:00:00,130,53,6,268,,37,,,64,,,135,94
2016-08-04 07:00:00,156,31,327,291,,12,,,66,,,44,131
2016-08-04 08:00:00,119,30,302,334,,31,,,40,,,69,
2016-08-04 09:00:00,122,20,317,317,,59,,,54,,,98,110
2016-08-04 10:00:00,86,100,57,132,,73,,,23,,,105,
2016-08-04 11:00:00,83,94,76,119,,93,,,58,,,123,70
2016-08-04 12:00:00,71,102,55,108,,87,,,60,,,96,56
2016-08-04 13:00:00,90,118,59,99,,96,,,76,,,88,60
2016-08-04 14:00:00,109,114,64,106,,101,,,86,,,101,73
2016-08-04 15:00:00,113,123,54,100,,95,,,101,,,109,73
2016-08-04 16:00:00,113,102,44,102,,87,,,92,,,112,97
2016-08-04 17:00:00,126,94,41,107,,90,,,110,,,113,97
2016-08-04 18:00:00,128,94,35,103,,86,,,84,,,110,107
2016-08-04 19:00:00,127,104,49,107,,89,,,112,,,122,103
2016-08-04 20:00:00,142,112,57,111,,103,,,125,,,111,102
2016-08-04 21:00:00,115,105,56,108,,94,,,115,,,102,89
2016-08-04 22:00:00,92,106,57,104,,98,,,103,,,99,75
2016-08-04 23:00:00,100,109,50,105,,97,,,93,,,97,71
2016-08-05 00:00:00,105,108,49,107,,95,,,81,,,103,74
2016-08-05 01:00:00,110,106,47,116,,99,,,80,,,106,57
2016-08-05 02:00:00,107,104,46,112,,89,,,87,,,110,73
2016-08-05 03:00:00,68,104,49,101,,93,,,81,,,122,82
2016-08-05 04:00:00,61,101,43,94,,93,,,78,,,135,89
2016-08-05 05:00:00,66,101,66,79,,86,,,76,,,138,97
2016-08-05 06:00:00,71,94,62,183,,85,,,74,,,114,104
2016-08-05 07:00:00,116,63,36,226,,78,,,80,,,78,87
2016-08-05 08:00:00,131,68,69,240,,59,,,71,,,65,76
2016-08-05 09:00:00,155,22,81,192,,69,,,48,,,56,70
2016-08-05 10:00:00,134,41,39,157,,57,,,6,,,106,73
2016-08-05 11:00:00,82,94,53,97,,88,,,35,,,104,65
2016-08-05 12:00:00,84,99,53,100,,94,,,59,,,89,58
2016-08-05 13:00:00,108,105,58,95,,95,,,80,,,88,77
2016-08-05 14:00:00,108,119,62,108,,88,,,95,,,89,74
2016-08-05 15:00:00,107,107,44,111,,86,,,97,,,106,95
2016-08-05 16:00:00,146,110,52,112,,90,,,100,,,105,104
2016-08-05 17:00:00,147,119,55,115,,98,,,101,,,94,95
2016-08-05 18:00:00,120,115,60,121,,100,,,104,,,107,95
2016-08-05 19:00:00,134,124,61,115,,108,,,117,,,105,105
2016-08-05 20:00:00,150,116,61,114,,106,,,124,,,99,88
2016-08-05 21:00:00,133,115,62,107,,108,,,110,,,92,82
2016-08-05 22:00:00,124,112,55,104,,95,,,99,,,99,77
2016-08-05 23:00:00,123,107,52,102,,88,,,91,,,95,75
2016-08-06 00:00:00,128,104,38,104,,86,,,88,,,102,72
2016-08-06 01:00:00,112,103,33,107,,87,,,75,,,110,78
2016-08-06 02:00:00,84,104,33,113,,89,,,73,,,108,94
2016-08-06 03:00:00,65,100,34,113,,79,,,86,,,117,103
2016-08-06 04:00:00,65,89,24,95,,74,,,81,,,130,91
2016-08-06 05:00:00,77,95,28,68,,72,,,80,,,124,110
2016-08-06 06:00:00,63,82,32,72,,60,,,91,,,125,96
2016-08-06 07:00:00,77,98,46,79,,61,,,81,,,126,95
2016-08-06 08:00:00,127,110,64,119,,81,,,81,,,138,103
2016-08-06 09:00:00,129,99,61,97,,66,,,83,,,118,83
2016-08-06 10:00:00,73,101,57,104,,93,,,70,,,108,61
2016-08-06 11:00:00,83,107,67,105,,89,,,77,,,91,69
2016-08-06 12:00:00,113,102,60,100,,92,,,88,,,94,74
2016-08-06 13:00:00,104,102,46,105,,93,,,95,,,84,73
2016-08-06 14:00:00,112,107,49,103,,94,,,98,,,89,73
2016-08-06 15:00:00,132,105,40,109,,95,,,87,,,94,87
2016-08-06 16:00:00,121,104,49,109,,85,,,100,,,102,96
2016-08-06 17:00:00,146,120,51,119,,108,,,96,,,97,92
2016-08-06 18:00:00,122,116,64,105,,103,,,111,,,92,68
2016-08-06 19:00:00,129,119,65,108,,102,,,87,,,97,66
2016-08-06 20:00:00,120,101,40,105,,89,,,83,,,111,71
2016-08-06 21:00:00,109,109,54,107,,98,,,71,,,100,67
2016-08-06 22:00:00,134,114,66,115,,95,,,69,,,100,75
2016-08-06 23:00:00,139,110,60,104,,103,,,69,,,105,72
2016-08-07 00:00:00,84,97,23,125,,98,,,71,,,108,73
2016-08-07 01:00:00,80,85,17,123,,72,,,76,,,115,74
2016-08-07 02:00:00,77,100,30,121,,82,,,69,,,136,99
2016-08-07 03:00:00,67,70,25,105,,64,,,74,,,163,93
2016-08-07 04:00:00,94,78,36,106,,74,,,74,,,157,87
2016-08-07 05:00:00,127,97,34,111,,74,,,83,,,112,73
2016-08-07 06:00:00,90,84,28,99,,68,,,97,,,120,79
2016-08-07 07:00:00,80,70,21,120,,66,,,89,,,98,91
2016-08-07 08:00:00,71,84,38,105,,73,,,73,,,119,66
2016-08-07 09:00:00,76,89,44,97,,70,,,82,,,119,58
2016-08-07 10:00:00,78,97,63,92,,85,,,78,,,107,
2016-08-07 11:00:00,81,94,65,90,,83,,,75,,,111,48
2016-08-07 12:00:00,85,106,58,106,,94,,,76,,,80,41
2016-08-07 13:00:00,127,123,54,102,,93,,,90,,,83,72
2016-08-07 14:00:00,142,109,58,101,,93,,,86,,,86,80
2016-08-07 15:00:00,143,112,47,107,,101,,,100,,,106,104
2016-08-07 16:00:00,155,116,42,123,,98,,,112,,,106,103
2016-08-07 17:00:00,150,120,48,125,,102,,,120,,,94,100
2016-08-07 18:00:00,145,110,55,107,,111,,,108,,,99,100
2016-08-07 19:00:00,126,111,61,119,,108,,,99,,,95,94
2016-08-07 20:00:00,130,111,62,113,,106,,,130,,,92,93
2016-08-07 21:00:00,131,116,63,106,,112,,,109,,,82,77
2016-08-07 22:00:00,125,109,61,107,,113,,,106,,,85,68
2016-08-07 23:00:00,110,112,60,106,,104,,,101,,,87,75
2016-08-08 00:00:00,125,108,61,106,,104,,,77,,,107,78
2016-08-08 01:00:00,77,102,39,106,,96,,,81,,,115,93
2016-08-08 02:00:00,60,76,31,113,,66,,,86,,,127,100
2016-08-08 03:00:00,68,74,24,80,,67,,,76,,,126,100
2016-08-08 04:00:00,72,77,26,82,,67,,,73,,,133,95
2016-08-08 05:00:00,81,93,27,72,,68,,,79,,,130,110
2016-08-08 06:00:00,87,84,27,80,,71,,,67,,,134,118
2016-08-08 07:00:00,87,71,39,123,,64,,,64,,,83,104
2016-08-08 08:00:00,99,73,40,131,,68,,,58,,,51,73
2016-08-08 09:00:00,110,26,359,256,,71,,,57,,,47,87
2016-08-08 10:00:00,90,76,48,117,,83,,,36,,,68,75
2016-08-08 11:00:00,90,104,41,125,,85,,,55,,,99,68
2016-08-08 12:00:00,78,89,80,107,,77,,,56,,,86,62
2016-08-08 13:00:00,71,108,65,99,,84,,,63,,,70,55
2016-08-08 14:00:00,130,130,66,104,,110,,,84,,,72,72
2016-08-08 15:00:00,136,116,79,111,,113,,,93,,,92,91
2016-08-08 16:00:00,152,112,59,116,,97,,,98,,,86,100
2016-08-08 17:00:00,149,117,50,112,,106,,,88,,,102,100
2016-08-08 18:00:00,147,133,54,116,,113,,,115,,,100,103
2016-08-08 19:00:00,144,128,42,129,,115,,,123,,,109,113
2016-08-08 20:00:00,143,108,47,113,,91,,,136,,,101,100
2016-08-08 21:00:00,107,110,58,103,,97,,,108,,,82,85
2016-08-08 22:00:00,93,102,50,103,,93,,,102,,,56,67
2016-08-08 23:00:00,92,99,37,96,,90,,,81,,,83,65
2016-08-09 00:00:00,67,86,24,94,,91,,,70,,,97,65
2016-08-09 01:00:00,73,87,32,94,,96,,,68,,,112,74
2016-08-09 02:00:00,76,99,45,98,,101,,,69,,,119,76
2016-08-09 03:00:00,60,93,44,100,,90,,,68,,,123,88
2016-08-09 04:00:00,65,65,31,83,,75,,,66,,,125,93
2016-08-09 05:00:00,77,76,13,82,,76,,,72,,,125,92
2016-08-09 06:00:00,72,86,45,77,,73,,,80,,,135,92
2016-08-09 07:00:00,82,76,32,67,,69,,,72,,,120,92
2016-08-09 08:00:00,107,91,47,84,,59,,,73,,,105,100
2016-08-09 09:00:00,120,58,74,139,,68,,,65,,,42,100
2016-08-09 10:00:00,144,87,66,150,,56,,,55,,,94,98
2016-08-09 11:00:00,96,99,67,125,,77,,,61,,,119,77
2016-08-09 12:00:00,95,99,54,110,,92,,,55,,,96,65
2016-08-09 13:00:00,86,97,51,102,,95,,,73,,,89,59
2016-08-09 14:00:00,90,114,70,102,,86,,,77,,,44,63
2016-08-09 15:00:00,97,110,35,115,,94,,,70,,,84,82
2016-08-09 16:00:00,110,89,25,108,,85,,,96,,,140,107
2016-08-09 17:00:00,90,81,16,98,,71,,,89,,,107,87
2016-08-09 18:00:00,157,86,30,108,,78,,,68,,,66,111
2016-08-09 19:00:00,219,96,39,119,,105,,,73,,,77,105
2016-08-09 20:00:00,129,131,85,124,,121,,,85,,,74,71
2016-08-09 21:00:00,107,110,75,107,,107,,,107,,,89,64
2016-08-09 22:00:00,84,100,51,105,,97,,,86,,,94,70
2016-08-09 23:00:00,79,100,42,101,,90,,,85,,,104,63
2016-08-10 00:00:00,69,87,23,87,,79,,,74,,,117,67
2016-08-10 01:00:00,84,95,40,106,,79,,,60,,,122,75
2016-08-10 02:00:00,78,86,22,98,,74,,,56,,,120,81
2016-08-10 03:00:00,88,90,47,101,,52,,,64,,,129,96
2016-08-10 04:00:00,82,84,15,124,,58,,,56,,,119,114
2016-08-10 05:00:00,62,72,13,147,,74,,,62,,,118,105
2016-08-10 06:00:00,71,99,66,103,,78,,,56,,,120,96
2016-08-10 07:00:00,69,77,35,78,,80,,,60,,,109,97
2016-08-10 08:00:00,85,63,33,253,,59,,,70,,,110,94
2016-08-10 09:00:00,83,68,53,102,,96,,,70,,,111,84
2016-08-10 10:00:00,91,53,11,200,,78,,,92,,,85,79
2016-08-10 11:00:00,92,72,341,109,,89,,,84,,,98,73
2016-08-10 12:00:00,113,77,55,129,,87,,,82,,,99,68
2016-08-10 13:00:00,88,110,63,109,,91,,,91,,,115,66
2016-08-10 14:00:00,82,111,63,102,,90,,,77,,,103,53
2016-08-10 15:00:00,99,92,46,99,,82,,,81,,,82,75
2016-08-10 16:00:00,90,92,56,98,,87,,,77,,,101,94
2016-08-10 17:00:00,84,110,77,105,,93,,,78,,,108,99
2016-08-10 18:00:00,91,127,70,119,,120,,,117,,,109,88
2016-08-10 19:00:00,233,123,74,109,,105,,,69,,,110,139
2016-08-10 20:00:00,112,111,57,99,,97,,,120,,,100,95
2016-08-10 21:00:00,106,106,55,104,,97,,,101,,,96,77
2016-08-10 22:00:00,94,95,38,92,,89,,,93,,,93,62
2016-08-10 23:00:00,82,86,30,86,,89,,,70,,,106,62
2016-08-11 00:00:00,85,90,32,90,,92,,,67,,,110,61
2016-08-11 01:00:00,73,86,29,93,,86,,,73,,,117,70
2016-08-11 02:00:00,67,101,33,103,,88,,,69,,,138,80
2016-08-11 03:00:00,77,101,32,109,,89,,,71,,,153,97
2016-08-11 04:00:00,82,102,28,75,,85,,,71,,,115,100
2016-08-11 05:00:00,59,101,35,76,,77,,,79,,,106,105
2016-08-11 06:00:00,72,95,57,144,,94,,,72,,,103,101
2016-08-11 07:00:00,145,73,10,177,,64,,,78,,,56,78
2016-08-11 08:00:00,112,76,24,326,,57,,,49,,,35,47
2016-08-11 09:00:00,104,75,23,292,,89,,,51,,,51,80
2016-08-11 10:00:00,113,359,325,129,,75,,,91,,,78,65
2016-08-11 11:00:00,92,34,8,130,,69,,,50,,,96,84
2016-08-11 12:00:00,115,94,33,120,,63,,,52,,,106,74
2016-08-11 13:00:00,82,64,10,91,,111,,,64,,,102,77
2016-08-11 14:00:00,74,88,354,111,,82,,,80,,,99,68
2016-08-11 15:00:00,90,99,8,121,,91,,,93,,,130,86
2016-08-11 16:00:00,97,103,30,101,,90,,,86,,,172,133
2016-08-11 17:00:00,94,116,46,103,,91,,,96,,,179,335
2016-08-11 18:00:00,132,112,45,100,,101,,,88,,,180,308
2016-08-11 19:00:00,154,125,63,122,,99,,,91,,,165,333
2016-08-11 20:00:00,158,136,84,148,,135,,,133,,,156,278
2016-08-11 21:00:00,158,118,58,129,,112,,,182,,,156,271
2016-08-11 22:00:00,142,107,49,107,,114,,,80,,,137,359
2016-08-11 23:00:00,146,91,26,98,,89,,,86,,,123,150
2016-08-12 00:00:00,61,94,33,94,,107,,,74,,,132,99
2016-08-12 01:00:00,78,84,38,135,,96,,,78,,,122,126
2016-08-12 02:00:00,77,61,26,12,,76,,,67,,,121,111
2016-08-12 03:00:00,72,64,25,205,,79,,,57,,,92,112
2016-08-12 04:00:00,75,68,24,194,,67,,,36,,,114,102
2016-08-12 05:00:00,74,59,18,260,,48,,,44,,,51,175
2016-08-12 06:00:00,189,32,343,287,,345,,,37,,,288,213
2016-08-12 07:00:00,209,13,319,294,,346,,,301,,,293,258
2016-08-12 08:00:00,76,347,304,330,,332,,,309,,,302,265
2016-08-12 09:00:00,96,45,330,334,,11,,,292,,,307,274
2016-08-12 10:00:00,115,351,296,326,,14,,,44,,,336,318
2016-08-12 11:00:00,100,3,292,332,,259,,,83,,,340,126
2016-08-12 12:00:00,145,354,297,345,,46,,,169,,,55,
2016-08-12 13:00:00,124,35,356,352,,71,,,79,,,100,94
2016-08-12 14:00:00,102,107,49,111,,91,,,62,,,148,118
2016-08-12 15:00:00,114,103,52,121,,97,,,89,,,175,128
2016-08-12 16:00:00,138,128,81,132,,111,,,135,,,145,64
2016-08-12 17:00:00,140,199,73,12,,279,,,240,,,152,92
2016-08-12 18:00:00,125,213,75,107,,166,,,150,,,165,66
2016-08-12 19:00:00,158,192,28,100,,134,,,163,,,161,37
2016-08-12 20:00:00,187,205,127,121,,296,,,279,,,150,286
2016-08-12 21:00:00,207,136,45,341,,302,,,268,,,141,345
2016-08-12 22:00:00,88,101,46,111,,97,,,101,,,149,98
2016-08-12 23:00:00,74,103,60,122,,99,,,89,,,149,157
2016-08-13 00:00:00,67,105,34,145,,99,,,76,,,138,105
2016-08-13 01:00:00,72,85,21,144,,89,,,72,,,115,110
2016-08-13 02:00:00,64,76,25,314,,50,,,89,,,133,126
2016-08-13 03:00:00,87,45,353,261,,29,,,76,,,287,185
2016-08-13 04:00:00,117,33,330,263,,327,,,59,,,134,127
2016-08-13 05:00:00,89,59,26,294,,50,,,58,,,102,153
2016-08-13 06:00:00,213,282,36,315,,288,,,71,,,308,223
2016-08-13 07:00:00,246,337,332,329,,297,,,260,,,330,254
2016-08-13 08:00:00,187,1,291,331,,17,,,263,,,102,108
2016-08-13 09:00:00,114,10,295,151,,52,,,17,,,97,73
2016-08-13 10:00:00,133,358,298,204,,49,,,34,,,105,70
2016-08-13 11:00:00,106,22,310,102,,47,,,57,,,99,74
2016-08-13 12:00:00,108,51,324,86,,47,,,33,,,103,66
2016-08-13 13:00:00,99,21,332,46,,45,,,56,,,110,57
2016-08-13 14:00:00,117,131,101,100,,125,,,44,,,63,67
2016-08-13 15:00:00,168,197,146,120,,132,,,87,,,164,43
2016-08-13 16:00:00,153,206,173,113,,319,,,236,,,176,323
2016-08-13 17:00:00,207,208,168,299,,231,,,250,,,169,340
2016-08-13 18:00:00,214,211,171,321,,322,,,245,,,167,333
2016-08-13 19:00:00,219,204,194,338,,194,,,253,,,192,333
2016-08-13 20:00:00,219,192,164,330,,203,,,243,,,188,338
2016-08-13 21:00:00,225,202,171,332,,257,,,247,,,220,332
2016-08-13 22:00:00,220,195,184,329,,258,,,251,,,224,17
2016-08-13 23:00:00,234,193,144,332,,285,,,245,,,227,310
2016-08-14 00:00:00,196,116,73,59,,71,,,243,,,249,118
2016-08-14 01:00:00,165,36,68,160,,69,,,47,,,19,83
2016-08-14 02:00:00,202,40,19,197,,351,,,259,,,146,115
2016-08-14 03:00:00,187,72,12,346,,37,,,204,,,97,111
2016-08-14 04:00:00,212,117,32,234,,182,,,141,,,29,146
2016-08-14 05:00:00,206,83,42,306,,39,,,197,,,357,261
2016-08-14 06:00:00,158,45,5,302,,44,,,352,,,303,271
2016-08-14 07:00:00,116,11,300,355,,16,,,59,,,64,105
2016-08-14 08:00:00,77,358,292,196,,56,,,73,,,108,107
2016-08-14 09:00:00,136,13,294,57,,44,,,90,,,114,98
2016-08-14 10:00:00,119,351,291,25,,8,,,97,,,117,116
2016-08-14 11:00:00,68,16,293,45,,38,,,21,,,108,106
2016-08-14 12:00:00,81,37,309,54,,84,,,37,,,109,90
2016-08-14 13:00:00,113,106,40,152,,103,,,63,,,108,98
2016-08-14 14:00:00,110,114,66,134,,109,,,77,,,107,97
2016-08-14 15:00:00,81,106,61,125,,97,,,82,,,97,75
2016-08-14 16:00:00,73,95,49,124,,94,,,78,,,112,78
2016-08-14 17:00:00,68,72,9,54,,46,,,77,,,117,80
2016-08-14 18:00:00,73,51,321,50,,23,,,62,,,142,98
2016-08-14 19:00:00,98,6,282,247,,42,,,58,,,140,112
2016-08-14 20:00:00,121,15,295,226,,51,,,135,,,160,226
2016-08-14 21:00:00,88,41,303,126,,64,,,101,,,139,58
2016-08-14 22:00:00,69,56,328,134,,89,,,66,,,137,82
2016-08-14 23:00:00,78,63,334,232,,90,,,58,,,149,108
2016-08-15 00:00:00,159,53,334,166,,78,,,60,,,121,119
2016-08-15 01:00:00,158,42,320,184,,100,,,359,,,120,121
2016-08-15 02:00:00,153,340,345,308,,288,,,169,,,119,127
2016-08-15 03:00:00,238,117,73,54,,103,,,136,,,151,123
2016-08-15 04:00:00,71,112,79,126,,137,,,101,,,5,116
2016-08-15 05:00:00,222,31,32,320,,61,,,270,,,301,129
2016-08-15 06:00:00,161,355,290,321,,336,,,325,,,282,139
2016-08-15 07:00:00,134,345,277,313,,4,,,55,,,289,135
2016-08-15 08:00:00,246,338,274,340,,353,,,60,,,305,68
2016-08-15 09:00:00,109,337,270,32,,16,,,38,,,335,97
2016-08-15 10:00:00,143,5,276,121,,34,,,64,,,92,109
2016-08-15 11:00:00,158,7,300,74,,36,,,39,,,102,115
2016-08-15 12:00:00,202,354,287,150,,34,,,170,,,95,109
2016-08-15 13:00:00,248,317,311,167,,46,,,239,,,98,79
2016-08-15 14:00:00,304,237,291,230,,121,,,258,,,355,132
2016-08-15 15:00:00,268,233,219,145,,202,,,285,,,315,115
2016-08-15 16:00:00,250,283,210,346,,284,,,238,,,294,280
2016-08-15 17:00:00,256,312,225,311,,262,,,242,,,302,287
2016-08-15 18:00:00,214,322,241,333,,247,,,244,,,310,279
2016-08-15 19:00:00,285,287,233,337,,236,,,238,,,306,259
2016-08-15 20:00:00,283,240,232,312,,256,,,259,,,38,145
2016-08-15 21:00:00,205,181,292,357,,113,,,242,,,85,85
2016-08-15 22:00:00,95,88,235,137,,110,,,220,,,112,92
2016-08-15 23:00:00,214,273,200,161,,336,,,143,,,141,114
2016-08-16 00:00:00,70,327,245,168,,110,,,302,,,123,111
2016-08-16 01:00:00,76,329,270,184,,94,,,258,,,125,123
2016-08-16 02:00:00,112,12,277,155,,98,,,230,,,105,103
2016-08-16 03:00:00,121,339,295,151,,125,,,147,,,114,105
2016-08-16 04:00:00,137,329,282,245,,104,,,70,,,123,125
2016-08-16 05:00:00,115,325,253,273,,293,,,234,,,57,115
2016-08-16 06:00:00,183,291,237,148,,345,,,238,,,45,45
2016-08-16 07:00:00,165,305,241,103,,4,,,239,,,12,145
2016-08-16 08:00:00,98,336,250,323,,2,,,160,,,300,89
2016-08-16 09:00:00,109,351,267,305,,347,,,335,,,205,106
2016-08-16 10:00:00,105,30,289,136,,65,,,31,,,137,84
2016-08-16 11:00:00,97,98,5,81,,77,,,71,,,166,74
2016-08-16 12:00:00,82,106,36,112,,82,,,63,,,116,68
2016-08-16 13:00:00,80,92,40,97,,84,,,77,,,99,64
2016-08-16 14:00:00,84,106,37,112,,82,,,84,,,91,60
2016-08-16 15:00:00,78,97,37,95,,78,,,75,,,91,68
2016-08-16 16:00:00,84,103,39,106,,83,,,83,,,97,79
2016-08-16 17:00:00,109,83,51,107,,88,,,80,,,149,91
2016-08-16 18:00:00,120,108,12,95,,82,,,98,,,132,74
2016-08-16 19:00:00,80,102,97,106,,119,,,79,,,115,74
2016-08-16 20:00:00,102,97,85,163,,129,,,70,,,122,101
2016-08-16 21:00:00,122,129,64,122,,132,,,75,,,123,88
2016-08-16 22:00:00,73,70,351,116,,103,,,79,,,127,101
2016-08-16 23:00:00,90,107,69,120,,117,,,66,,,105,61
2016-08-17 00:00:00,71,86,58,125,,86,,,90,,,113,73
2016-08-17 01:00:00,86,88,35,131,,72,,,52,,,141,82
2016-08-17 02:00:00,63,88,25,105,,76,,,76,,,116,80
2016-08-17 03:00:00,65,100,40,106,,82,,,60,,,128,76
2016-08-17 04:00:00,135,104,60,113,,83,,,88,,,150,83
2016-08-17 05:00:00,74,100,61,115,,86,,,89,,,140,98
2016-08-17 06:00:00,57,100,54,114,,83,,,90,,,145,84
2016-08-17 07:00:00,66,108,55,111,,90,,,89,,,116,72
2016-08-17 08:00:00,66,104,63,111,,95,,,83,,,96,56
2016-08-17 09:00:00,113,115,73,105,,99,,,72,,,86,61
2016-08-17 10:00:00,133,109,87,127,,101,,,81,,,80,71
2016-08-17 11:00:00,74,106,61,104,,87,,,70,,,160,52
2016-08-17 12:00:00,86,119,73,107,,98,,,75,,,138,40
2016-08-17 13:00:00,108,113,83,105,,103,,,86,,,93,71
2016-08-17 14:00:00,96,117,80,102,,101,,,87,,,79,82
2016-08-17 15:00:00,143,121,66,110,,112,,,105,,,105,98
2016-08-17 16:00:00,143,113,73,111,,99,,,104,,,105,91
2016-08-17 17:00:00,146,127,79,115,,104,,,110,,,102,87
2016-08-17 18:00:00,146,140,90,117,,116,,,110,,,104,86
2016-08-17 19:00:00,136,150,102,134,,121,,,133,,,134,94
2016-08-17 20:00:00,144,147,94,126,,125,,,149,,,150,135
2016-08-17 21:00:00,131,111,46,111,,90,,,152,,,125,112
2016-08-17 22:00:00,102,113,53,105,,98,,,85,,,107,70
2016-08-17 23:00:00,99,96,50,103,,89,,,76,,,100,66
2016-08-18 00:00:00,107,98,48,108,,89,,,69,,,122,85
2016-08-18 01:00:00,74,102,61,106,,89,,,71,,,135,94
2016-08-18 02:00:00,80,100,49,119,,90,,,64,,,125,102
2016-08-18 03:00:00,111,86,30,105,,86,,,69,,,154,111
2016-08-18 04:00:00,73,78,28,137,,83,,,82,,,143,105
2016-08-18 05:00:00,59,90,33,128,,75,,,71,,,146,104
2016-08-18 06:00:00,60,84,20,101,,62,,,65,,,145,115
2016-08-18 07:00:00,61,93,43,153,,53,,,69,,,138,112
2016-08-18 08:00:00,72,100,65,157,,63,,,75,,,114,104
2016-08-18 09:00:00,129,108,86,98,,73,,,79,,,149,92
2016-08-18 10:00:00,149,111,105,103,,140,,,73,,,166,87
2016-08-18 11:00:00,95,137,117,102,,117,,,131,,,215,66
2016-08-18 12:00:00,97,121,66,107,,99,,,90,,,27,49
2016-08-18 13:00:00,98,115,61,104,,94,,,98,,,69,62
2016-08-18 14:00:00,137,114,67,110,,97,,,110,,,92,82
2016-08-18 15:00:00,156,130,80,113,,111,,,116,,,109,86
2016-08-18 16:00:00,152,132,82,121,,115,,,118,,,153,96
2016-08-18 17:00:00,158,133,79,151,,134,,,111,,,174,111
2016-08-18 18:00:00,145,140,91,144,,133,,,148,,,164,61
2016-08-18 19:00:00,111,140,89,139,,130,,,153,,,162,63
2016-08-18 20:00:00,120,127,72,131,,116,,,149,,,156,47
2016-08-18 21:00:00,134,113,68,118,,99,,,121,,,130,88
2016-08-18 22:00:00,149,110,56,107,,98,,,86,,,121,99
2016-08-18 23:00:00,143,110,60,106,,99,,,96,,,94,67
2016-08-19 00:00:00,143,112,52,103,,101,,,93,,,96,68
2016-08-19 01:00:00,76,111,43,105,,93,,,88,,,123,77
2016-08-19 02:00:00,69,98,32,103,,74,,,82,,,146,77
2016-08-19 03:00:00,83,88,27,106,,68,,,81,,,157,91
2016-08-19 04:00:00,85,85,26,82,,44,,,82,,,128,109
2016-08-19 05:00:00,79,86,30,87,,60,,,83,,,120,90
2016-08-19 06:00:00,74,82,31,113,,75,,,68,,,74,102
2016-08-19 07:00:00,79,90,29,114,,84,,,69,,,107,103
2016-08-19 08:00:00,84,80,55,125,,81,,,68,,,122,95
2016-08-19 09:00:00,126,86,65,182,,69,,,55,,,85,81
2016-08-19 10:00:00,150,51,17,49,,79,,,72,,,88,93
2016-08-19 11:00:00,88,108,22,65,,120,,,100,,,79,
2016-08-19 12:00:00,121,136,75,123,,69,,,99,,,90,60
2016-08-19 13:00:00,118,104,56,110,,77,,,91,,,99,56
2016-08-19 14:00:00,86,102,79,92,,88,,,84,,,90,52
2016-08-19 15:00:00,136,117,73,88,,93,,,84,,,80,65
2016-08-19 16:00:00,149,116,74,103,,91,,,103,,,90,84
2016-08-19 17:00:00,143,110,60,114,,89,,,137,,,91,92
2016-08-19 18:00:00,153,122,65,109,,102,,,126,,,107,98
2016-08-19 19:00:00,150,121,74,115,,104,,,124,,,95,78
2016-08-19 20:00:00,153,127,80,135,,111,,,110,,,99,70
2016-08-19 21:00:00,151,124,77,134,,113,,,108,,,96,64
2016-08-19 22:00:00,136,108,51,122,,104,,,90,,,109,71
2016-08-19 23:00:00,125,114,57,104,,110,,,80,,,123,64
2016-08-20 00:00:00,84,114,69,100,,107,,,85,,,140,82
2016-08-20 01:00:00,68,109,63,112,,117,,,85,,,137,104
2016-08-20 02:00:00,70,105,62,111,,98,,,89,,,144,96
2016-08-20 03:00:00,72,110,59,148,,102,,,86,,,125,109
2016-08-20 04:00:00,75,95,39,172,,84,,,86,,,70,118
2016-08-20 05:00:00,94,102,58,168,,72,,,93,,,123,119
2016-08-20 06:00:00,142,75,30,190,,63,,,76,,,267,203
2016-08-20 07:00:00,101,69,26,287,,60,,,63,,,298,211
2016-08-20 08:00:00,145,44,77,325,,49,,,57,,,331,246
2016-08-20 09:00:00,125,2,52,335,,312,,,305,,,285,259
2016-08-20 10:00:00,116,70,20,162,,94,,,328,,,350,91
2016-08-20 11:00:00,105,30,,84,,7,,,61,,,344,84
2016-08-20 12:00:00,100,33,,6,,32,,,63,,,268,95
2016-08-20 13:00:00,194,95,,166,,45,,,56,,,165,279
2016-08-20 14:00:00,224,219,,121,,292,,,221,,,169,311
2016-08-20 15:00:00,223,251,,189,,255,,,245,,,156,313
2016-08-20 16:00:00,212,143,,142,,129,,,254,,,153,312
2016-08-20 17:00:00,137,124,,121,,98,,,203,,,146,289
2016-08-20 18:00:00,117,158,,128,,141,,,77,,,136,2
2016-08-20 19:00:00,142,187,106,115,,306,,,137,,,138,218
2016-08-20 20:00:00,160,216,323,100,,303,,,252,,,148,188
2016-08-20 21:00:00,211,345,298,337,,277,,,240,,,291,258
2016-08-20 22:00:00,236,329,294,282,,359,,,239,,,149,249
2016-08-20 23:00:00,144,12,303,136,,118,,,239,,,341,189
2016-08-21 00:00:00,134,131,81,141,,121,,,87,,,107,82
2016-08-21 01:00:00,125,355,168,153,,55,,,116,,,131,109
2016-08-21 02:00:00,158,336,282,316,,299,,,340,,,145,113
2016-08-21 03:00:00,112,340,270,302,,333,,,59,,,130,124
2016-08-21 04:00:00,270,335,249,276,,312,,,209,,,275,201
2016-08-21 05:00:00,167,348,253,328,,1,,,321,,,354,223
2016-08-21 06:00:00,103,5,249,346,,113,,,359,,,196,108
2016-08-21 07:00:00,195,319,236,330,,317,,,42,,,299,127
2016-08-21 08:00:00,261,325,243,330,,285,,,240,,,278,290
2016-08-21 09:00:00,245,333,270,310,,355,,,241,,,325,282
2016-08-21 10:00:00,119,330,249,303,,318,,,312,,,315,241
2016-08-21 11:00:00,180,330,260,301,,315,,,323,,,327,209
2016-08-21 12:00:00,105,335,255,218,,113,,,344,,,336,230
2016-08-21 13:00:00,216,319,259,329,,305,,,25,,,293,254
2016-08-21 14:00:00,167,355,283,327,,29,,,310,,,58,232
2016-08-21 15:00:00,219,40,304,91,,47,,,52,,,139,76
2016-08-21 16:00:00,110,17,312,11,,17,,,36,,,145,97
2016-08-21 17:00:00,108,19,297,21,,9,,,27,,,212,100
2016-08-21 18:00:00,192,2,291,214,,39,,,27,,,143,102
2016-08-21 19:00:00,206,14,328,184,,10,,,51,,,92,117
2016-08-21 20:00:00,155,173,76,112,,129,,,49,,,97,75
2016-08-21 21:00:00,160,354,292,129,,51,,,346,,,149,150
2016-08-21 22:00:00,150,312,252,339,,277,,,46,,,135,108
2016-08-21 23:00:00,206,278,300,308,,272,,,282,,,201,137
2016-08-22 00:00:00,275,68,308,315,,222,,,231,,,303,161
2016-08-22 01:00:00,222,93,309,338,,163,,,199,,,306,134
2016-08-22 02:00:00,102,113,312,113,,132,,,140,,,140,115
2016-08-22 03:00:00,204,59,55,323,,260,,,170,,,286,242
2016-08-22 04:00:00,248,5,346,294,,30,,,262,,,252,221
2016-08-22 05:00:00,222,48,300,128,,90,,,227,,,146,149
2016-08-22 06:00:00,247,12,323,267,,12,,,219,,,225,181
2016-08-22 07:00:00,237,16,356,315,,2,,,228,,,326,222
2016-08-22 08:00:00,152,24,66,358,,43,,,225,,,17,263
2016-08-22 09:00:00,74,84,71,90,,75,,,321,,,51,89
2016-08-22 10:00:00,111,110,71,166,,82,,,242,,,140,82
2016-08-22 11:00:00,187,117,78,92,,98,,,53,,,158,69
2016-08-22 12:00:00,137,121,91,72,,107,,,74,,,150,69
2016-08-22 13:00:00,132,135,86,103,,109,,,87,,,107,67
2016-08-22 14:00:00,145,127,81,122,,113,,,93,,,102,81
2016-08-22 15:00:00,147,124,73,122,,117,,,124,,,95,84
2016-08-22 16:00:00,151,125,72,118,,112,,,123,,,92,86
2016-08-22 17:00:00,150,123,65,115,,118,,,110,,,100,86
2016-08-22 18:00:00,140,125,65,118,,109,,,123,,,98,88
2016-08-22 19:00:00,155,121,66,117,,108,,,126,,,96,87
2016-08-22 20:00:00,154,111,62,103,,98,,,124,,,102,81
2016-08-22 21:00:00,136,108,59,100,,96,,,109,,,97,75
2016-08-22 22:00:00,124,109,59,102,,105,,,84,,,97,68
2016-08-22 23:00:00,106,109,57,100,,105,,,75,,,130,66
2016-08-23 00:00:00,90,112,56,96,,128,,,72,,,159,90
2016-08-23 01:00:00,65,104,62,99,,129,,,87,,,139,118
2016-08-23 02:00:00,126,94,45,93,,104,,,77,,,163,156
2016-08-23 03:00:00,276,71,33,274,,71,,,83,,,255,160
2016-08-23 04:00:00,220,67,36,274,,65,,,242,,,98,178
2016-08-23 05:00:00,192,58,31,250,,51,,,74,,,337,158
2016-08-23 06:00:00,149,39,24,290,,297,,,46,,,285,185
2016-08-23 07:00:00,170,23,18,288,,11,,,338,,,4,131
2016-08-23 08:00:00,79,20,22,354,,28,,,318,,,146,52
2016-08-23 09:00:00,129,321,86,279,,31,,,44,,,92,82
2016-08-23 10:00:00,209,43,68,30,,48,,,344,,,100,91
2016-08-23 11:00:00,126,112,79,166,,68,,,54,,,98,73
2016-08-23 12:00:00,139,116,96,163,,72,,,328,,,95,59
2016-08-23 13:00:00,102,119,81,99,,95,,,275,,,80,63
2016-08-23 14:00:00,148,126,71,124,,111,,,112,,,85,95
2016-08-23 15:00:00,146,120,64,113,,106,,,117,,,86,87
2016-08-23 16:00:00,144,123,63,113,,109,,,115,,,94,90
2016-08-23 17:00:00,138,123,67,121,,102,,,122,,,102,93
2016-08-23 18:00:00,132,118,71,111,,105,,,128,,,105,94
2016-08-23 19:00:00,143,123,70,119,,106,,,115,,,97,85
2016-08-23 20:00:00,148,125,76,123,,112,,,128,,,100,79
2016-08-23 21:00:00,146,122,74,116,,108,,,125,,,95,69
2016-08-23 22:00:00,153,115,64,112,,106,,,100,,,114,65
2016-08-23 23:00:00,94,111,60,98,,106,,,95,,,136,82
2016-08-24 00:00:00,105,111,59,104,,104,,,82,,,127,72
2016-08-24 01:00:00,128,110,58,127,,105,,,86,,,145,97
2016-08-24 02:00:00,79,79,18,226,,80,,,310,,,263,222
2016-08-24 03:00:00,65,81,28,135,,86,,,10,,,124,98
2016-08-24 04:00:00,179,57,19,355,,73,,,65,,,133,106
2016-08-24 05:00:00,190,41,19,331,,42,,,86,,,108,125
2016-08-24 06:00:00,157,18,16,265,,37,,,58,,,99,143
2016-08-24 07:00:00,100,44,12,267,,41,,,35,,,114,130
2016-08-24 08:00:00,130,31,45,286,,39,,,45,,,91,136
2016-08-24 09:00:00,168,359,31,307,,8,,,10,,,71,92
2016-08-24 10:00:00,164,308,67,323,,84,,,6,,,93,73
2016-08-24 11:00:00,143,122,76,110,,112,,,79,,,107,64
2016-08-24 12:00:00,105,107,73,110,,120,,,77,,,108,53
2016-08-24 13:00:00,115,117,76,95,,89,,,83,,,90,69
2016-08-24 14:00:00,131,124,78,91,,102,,,83,,,88,70
2016-08-24 15:00:00,137,120,62,96,,94,,,95,,,104,76
2016-08-24 16:00:00,144,124,62,100,,104,,,105,,,101,88
2016-08-24 17:00:00,152,136,67,117,,118,,,116,,,102,89
2016-08-24 18:00:00,151,125,68,122,,127,,,144,,,109,97
2016-08-24 19:00:00,149,132,81,135,,119,,,133,,,110,99
2016-08-24 20:00:00,132,126,78,141,,130,,,156,,,109,76
2016-08-24 21:00:00,129,108,49,126,,90,,,160,,,118,71
2016-08-24 22:00:00,111,102,60,109,,87,,,105,,,112,70
2016-08-24 23:00:00,108,112,52,99,,79,,,88,,,113,61
2016-08-25 00:00:00,127,107,53,96,,80,,,80,,,127,91
2016-08-25 01:00:00,96,110,37,90,,91,,,89,,,138,73
2016-08-25 02:00:00,74,86,19,94,,42,,,90,,,150,92
2016-08-25 03:00:00,64,57,10,131,,38,,,82,,,161,112
2016-08-25 04:00:00,61,61,13,58,,42,,,79,,,118,105
2016-08-25 05:00:00,70,66,14,105,,43,,,76,,,124,107
2016-08-25 06:00:00,69,59,9,325,,42,,,72,,,207,152
2016-08-25 07:00:00,119,42,360,278,,25,,,38,,,318,252
2016-08-25 08:00:00,184,23,339,307,,8,,,30,,,338,274
2016-08-25 09:00:00,111,352,263,312,,9,,,24,,,62,53
2016-08-25 10:00:00,105,4,242,282,,39,,,357,,,94,85
2016-08-25 11:00:00,150,61,344,141,,62,,,59,,,87,83
2016-08-25 12:00:00,108,52,54,90,,84,,,64,,,103,73
2016-08-25 13:00:00,93,86,65,77,,76,,,71,,,99,59
2016-08-25 14:00:00,90,105,42,95,,77,,,69,,,86,56
2016-08-25 15:00:00,91,108,38,99,,77,,,74,,,90,49
2016-08-25 16:00:00,111,109,50,98,,67,,,109,,,84,63
2016-08-25 17:00:00,141,114,65,108,,92,,,130,,,117,113
2016-08-25 18:00:00,154,120,53,127,,94,,,133,,,109,113
2016-08-25 19:00:00,149,115,33,107,,72,,,146,,,103,117
2016-08-25 20:00:00,145,97,45,98,,83,,,100,,,94,87
2016-08-25 21:00:00,109,105,57,109,,98,,,99,,,91,75
2016-08-25 22:00:00,101,103,49,99,,91,,,108,,,95,66
2016-08-25 23:00:00,135,101,32,96,,87,,,83,,,102,70
2016-08-26 00:00:00,116,94,29,93,,81,,,79,,,107,76
2016-08-26 01:00:00,67,74,15,83,,78,,,73,,,124,97
2016-08-26 02:00:00,67,79,22,97,,76,,,64,,,120,99
2016-08-26 03:00:00,74,82,27,88,,79,,,57,,,134,97
2016-08-26 04:00:00,102,106,34,82,,83,,,66,,,131,105
2016-08-26 05:00:00,182,109,40,171,,60,,,62,,,183,
2016-08-26 06:00:00,133,66,351,137,,45,,,31,,,261,236
2016-08-26 07:00:00,259,48,43,313,,328,,,33,,,264,263
2016-08-26 08:00:00,200,351,280,336,,349,,,314,,,303,262
2016-08-26 09:00:00,145,337,282,357,,332,,,276,,,218,252
2016-08-26 10:00:00,122,16,297,285,,20,,,344,,,55,78
2016-08-26 11:00:00,93,11,346,49,,39,,,38,,,103,75
2016-08-26 12:00:00,110,65,40,54,,72,,,41,,,100,81
2016-08-26 13:00:00,92,95,63,67,,93,,,37,,,110,73
2016-08-26 14:00:00,82,99,59,98,,86,,,77,,,92,77
2016-08-26 15:00:00,107,101,46,97,,89,,,96,,,82,73
2016-08-26 16:00:00,116,96,65,95,,85,,,96,,,99,102
2016-08-26 17:00:00,95,97,42,100,,90,,,108,,,118,114
2016-08-26 18:00:00,92,108,22,112,,87,,,123,,,121,104
2016-08-26 19:00:00,221,175,21,103,,136,,,220,,,110,97
2016-08-26 20:00:00,208,120,21,99,,110,,,251,,,105,81
2016-08-26 21:00:00,127,106,44,94,,84,,,163,,,101,77
2016-08-26 22:00:00,122,119,83,111,,112,,,104,,,86,69
2016-08-26 23:00:00,124,111,65,109,,127,,,99,,,125,84
2016-08-27 00:00:00,72,76,28,102,,93,,,87,,,114,72
2016-08-27 01:00:00,86,102,47,108,,101,,,62,,,103,71
2016-08-27 02:00:00,74,106,56,121,,91,,,66,,,112,97
2016-08-27 03:00:00,65,93,41,108,,75,,,82,,,126,120
2016-08-27 04:00:00,64,72,50,132,,46,,,77,,,137,99
2016-08-27 05:00:00,73,77,38,211,,45,,,56,,,122,99
2016-08-27 06:00:00,119,66,73,129,,54,,,81,,,205,128
2016-08-27 07:00:00,74,48,275,285,,48,,,111,,,333,240
2016-08-27 08:00:00,130,32,236,323,,17,,,299,,,331,322
2016-08-27 09:00:00,171,359,254,319,,41,,,227,,,55,359
2016-08-27 10:00:00,116,46,301,283,,71,,,5,,,51,83
2016-08-27 11:00:00,89,77,30,91,,74,,,47,,,101,71
2016-08-27 12:00:00,76,104,60,94,,86,,,61,,,96,64
2016-08-27 13:00:00,77,113,61,101,,89,,,78,,,71,58
2016-08-27 14:00:00,88,117,72,104,,95,,,82,,,81,72
2016-08-27 15:00:00,112,123,51,121,,102,,,118,,,103,99
2016-08-27 16:00:00,142,140,54,135,,113,,,135,,,112,111
2016-08-27 17:00:00,177,199,88,127,,136,,,161,,,95,112
2016-08-27 18:00:00,149,204,100,114,,123,,,187,,,87,87
2016-08-27 19:00:00,188,200,88,101,,120,,,285,,,99,77
2016-08-27 20:00:00,132,191,62,115,,101,,,265,,,91,84
2016-08-27 21:00:00,115,113,64,106,,91,,,144,,,112,102
2016-08-27 22:00:00,73,90,32,105,,92,,,99,,,105,75
2016-08-27 23:00:00,73,82,46,83,,90,,,71,,,125,95
2016-08-28 00:00:00,92,97,53,101,,106,,,70,,,119,91
2016-08-28 01:00:00,73,98,40,99,,97,,,70,,,135,103
2016-08-28 02:00:00,83,105,68,95,,110,,,69,,,133,102
2016-08-28 03:00:00,128,92,68,296,,83,,,69,,,151,127
2016-08-28 04:00:00,66,107,82,299,,78,,,68,,,231,132
2016-08-28 05:00:00,133,44,46,264,,64,,,86,,,89,128
2016-08-28 06:00:00,223,41,105,274,,329,,,63,,,117,161
2016-08-28 07:00:00,240,330,185,304,,339,,,166,,,337,251
2016-08-28 08:00:00,191,1,282,290,,,,,254,,,324,47
2016-08-28 09:00:00,192,9,309,325,,37,,,307,,,86,95
2016-08-28 10:00:00,148,81,5,126,,91,,,16,,,118,87
2016-08-28 11:00:00,79,104,49,99,,90,,,65,,,104,68
2016-08-28 12:00:00,77,103,54,92,,90,,,62,,,80,58
2016-08-28 13:00:00,104,122,45,102,,90,,,88,,,77,70
2016-08-28 14:00:00,97,100,46,104,,71,,,101,,,94,76
2016-08-28 15:00:00,94,80,5,71,,17,,,98,,,87,71
2016-08-28 16:00:00,115,13,305,34,,27,,,123,,,100,83
2016-08-28 17:00:00,257,228,103,122,,15,,,166,,,108,88
2016-08-28 18:00:00,300,296,203,311,,282,,,270,,,136,121
2016-08-28 19:00:00,267,285,209,301,,269,,,282,,,76,88
2016-08-28 20:00:00,182,213,205,302,,251,,,265,,,61,80
2016-08-28 21:00:00,236,238,232,243,,221,,,291,,,38,121
2016-08-28 22:00:00,173,244,242,27,,228,,,290,,,53,97
2016-08-28 23:00:00,115,53,315,85,,92,,,242,,,108,110
2016-08-29 00:00:00,148,76,26,103,,118,,,123,,,119,102
2016-08-29 01:00:00,67,82,21,126,,116,,,63,,,117,100
2016-08-29 02:00:00,51,56,11,65,,58,,,77,,,142,109
2016-08-29 03:00:00,115,17,326,294,,295,,,79,,,139,110
2016-08-29 04:00:00,222,303,230,308,,259,,,95,,,160,130
2016-08-29 05:00:00,222,344,269,305,,291,,,230,,,293,210
2016-08-29 06:00:00,196,352,265,312,,262,,,304,,,329,170
2016-08-29 07:00:00,180,325,249,327,,314,,,272,,,32,115
2016-08-29 08:00:00,125,340,267,337,,350,,,240,,,34,88
2016-08-29 09:00:00,111,1,271,324,,49,,,312,,,103,101
2016-08-29 10:00:00,110,352,287,146,,50,,,21,,,123,98
2016-08-29 11:00:00,130,5,333,56,,49,,,26,,,124,122
2016-08-29 12:00:00,165,55,32,77,,62,,,69,,,112,106
2016-08-29 13:00:00,204,214,189,127,,24,,,214,,,113,79
2016-08-29 14:00:00,144,278,227,93,,256,,,234,,,114,110
2016-08-29 15:00:00,135,320,182,84,,103,,,232,,,112,80
2016-08-29 16:00:00,129,357,294,35,,358,,,261,,,103,87
2016-08-29 17:00:00,91,50,216,25,,245,,,263,,,116,91
2016-08-29 18:00:00,217,264,261,170,,116,,,245,,,128,124
2016-08-29 19:00:00,230,355,274,26,,35,,,192,,,112,122
2016-08-29 20:00:00,236,337,219,113,,103,,,228,,,119,114
2016-08-29 21:00:00,235,318,244,139,,148,,,213,,,104,128
2016-08-29 22:00:00,114,354,255,119,,92,,,198,,,76,97
2016-08-29 23:00:00,96,313,245,126,,134,,,91,,,110,109
2016-08-30 00:00:00,202,323,263,125,,150,,,211,,,113,122
2016-08-30 01:00:00,147,342,274,38,,96,,,225,,,59,125
2016-08-30 02:00:00,104,344,274,162,,113,,,137,,,100,119
2016-08-30 03:00:00,74,348,263,230,,303,,,198,,,90,112
2016-08-30 04:00:00,160,333,276,313,,356,,,223,,,38,233
2016-08-30 05:00:00,167,336,274,335,,354,,,109,,,80,259
2016-08-30 06:00:00,130,336,265,116,,296,,,312,,,74,232
2016-08-30 07:00:00,154,335,278,126,,304,,,303,,,115,132
2016-08-30 08:00:00,148,1,276,151,,4,,,80,,,122,108
2016-08-30 09:00:00,144,346,280,262,,34,,,59,,,106,87
2016-08-30 10:00:00,215,352,296,262,,12,,,10,,,94,
2016-08-30 11:00:00,123,354,295,8,,8,,,16,,,78,67
2016-08-30 12:00:00,123,356,263,30,,76,,,15,,,77,72
2016-08-30 13:00:00,111,1,301,32,,28,,,354,,,99,102
2016-08-30 14:00:00,130,357,292,35,,18,,,7,,,116,85
2016-08-30 15:00:00,129,357,289,40,,25,,,8,,,121,93
2016-08-30 16:00:00,84,11,304,23,,27,,,6,,,117,112
2016-08-30 17:00:00,115,25,301,42,,38,,,348,,,110,84
2016-08-30 18:00:00,121,5,296,30,,28,,,36,,,112,67
2016-08-30 19:00:00,105,2,293,37,,42,,,31,,,122,77
2016-08-30 20:00:00,132,355,287,39,,2,,,20,,,124,96
2016-08-30 21:00:00,141,343,270,35,,349,,,25,,,138,112
2016-08-30 22:00:00,126,346,277,20,,345,,,5,,,137,114
2016-08-30 23:00:00,101,343,309,133,,28,,,5,,,122,124
2016-08-31 00:00:00,74,340,257,194,,123,,,33,,,105,121
2016-08-31 01:00:00,83,344,270,202,,281,,,344,,,111,104
2016-08-31 02:00:00,105,317,251,349,,272,,,7,,,104,123
2016-08-31 03:00:00,247,286,235,257,,270,,,321,,,81,118
2016-08-31 04:00:00,227,293,219,53,,258,,,244,,,113,92
2016-08-31 05:00:00,250,298,236,358,,298,,,235,,,23,264
2016-08-31 06:00:00,245,307,227,313,,290,,,251,,,318,263
2016-08-31 07:00:00,246,299,241,288,,,,,288,,,94,249
2016-08-31 08:00:00,230,303,247,355,,,,,288,,,37,145
2016-08-31 09:00:00,153,337,259,131,,,,,230,,,14,67
2016-08-31 10:00:00,159,337,265,329,,11,,,220,,,346,102
2016-08-31 11:00:00,88,328,279,22,,3,,,351,,,126,115
2016-08-31 12:00:00,179,335,316,50,,11,,,288,,,58,116
2016-08-31 13:00:00,164,359,45,26,,17,,,338,,,188,112
2016-08-31 14:00:00,119,351,294,12,,15,,,82,,,129,89
2016-08-31 15:00:00,149,15,315,15,,30,,,49,,,126,71
2016-08-31 16:00:00,80,30,39,19,,358,,,27,,,129,75
2016-08-31 17:00:00,124,59,103,16,,326,,,93,,,117,90
2016-08-31 18:00:00,128,64,22,64,,91,,,100,,,130,96
2016-08-31 19:00:00,156,120,97,142,,131,,,67,,,110,82
2016-08-31 20:00:00,173,148,152,140,,118,,,155,,,99,74
2016-08-31 21:00:00,208,269,249,18,,331,,,267,,,132,127
2016-08-31 22:00:00,252,280,224,298,,279,,,246,,,322,317
2016-08-31 23:00:00,211,313,235,326,,277,,,240,,,275,346
2016-09-01 00:00:00,204,300,224,346,,279,,,244,,,279,206
2016-09-01 01:00:00,192,356,269,321,,309,,,254,,,258,70
2016-09-01 02:00:00,197,27,318,323,,25,,,240,,,251,55
2016-09-01 03:00:00,85,19,310,,,7,,,267,,,204,105
2016-09-01 04:00:00,95,351,253,52,,98,,,59,,,132,103
2016-09-01 05:00:00,250,253,191,331,,238,,,28,,,143,200
2016-09-01 06:00:00,269,270,228,324,,249,,,229,,,334,321
2016-09-01 07:00:00,175,311,256,328,,261,,,259,,,273,311
2016-09-01 08:00:00,98,331,251,346,,317,,,245,,,299,304
2016-09-01 09:00:00,141,330,247,349,,231,,,240,,,339,105
2016-09-01 10:00:00,184,322,274,253,,344,,,263,,,112,62
2016-09-01 11:00:00,190,8,291,19,,5,,,5,,,126,94
2016-09-01 12:00:00,202,358,276,327,,311,,,10,,,62,86
2016-09-01 13:00:00,240,349,275,296,,323,,,36,,,91,108
2016-09-01 14:00:00,133,80,174,34,,28,,,147,,,113,89
2016-09-01 15:00:00,161,327,235,191,,325,,,243,,,98,93
2016-09-01 16:00:00,108,20,243,282,,23,,,266,,,116,87
2016-09-01 17:00:00,100,44,330,338,,20,,,217,,,105,78
2016-09-01 18:00:00,130,37,324,65,,35,,,29,,,113,112
2016-09-01 19:00:00,82,34,306,114,,49,,,55,,,115,95
2016-09-01 20:00:00,82,32,258,185,,46,,,52,,,113,103
2016-09-01 21:00:00,121,345,261,185,,355,,,87,,,123,118
2016-09-01 22:00:00,105,309,222,287,,276,,,241,,,106,116
2016-09-01 23:00:00,184,313,239,248,,290,,,221,,,118,126
2016-09-02 00:00:00,199,20,277,248,,205,,,226,,,74,120
2016-09-02 01:00:00,192,331,252,304,,33,,,249,,,302,120
2016-09-02 02:00:00,226,7,241,303,,333,,,241,,,276,125
2016-09-02 03:00:00,130,6,191,321,,97,,,262,,,286,125
2016-09-02 04:00:00,206,354,231,244,,275,,,222,,,161,145
2016-09-02 05:00:00,249,5,261,313,,232,,,252,,,55,199
2016-09-02 06:00:00,248,4,257,359,,224,,,235,,,289,162
2016-09-02 07:00:00,227,355,277,308,,12,,,251,,,325,283
2016-09-02 08:00:00,116,26,278,161,,49,,,263,,,103,48
2016-09-02 09:00:00,125,7,245,43,,72,,,239,,,111,102
2016-09-02 10:00:00,117,8,317,312,,59,,,29,,,94,65
2016-09-02 11:00:00,138,95,134,72,,51,,,58,,,116,81
2016-09-02 12:00:00,101,93,5,137,,71,,,88,,,100,64
2016-09-02 13:00:00,108,91,56,90,,69,,,113,,,84,69
2016-09-02 14:00:00,222,158,117,165,,96,,,110,,,110,90
2016-09-02 15:00:00,167,191,152,144,,126,,,250,,,101,76
2016-09-02 16:00:00,134,144,124,132,,146,,,251,,,105,70
2016-09-02 17:00:00,130,130,113,131,,137,,,261,,,97,72
2016-09-02 18:00:00,115,95,47,106,,93,,,216,,,96,82
2016-09-02 19:00:00,113,121,98,118,,130,,,73,,,106,95
2016-09-02 20:00:00,263,167,151,133,,149,,,65,,,119,120
2016-09-02 21:00:00,292,237,276,351,,281,,,248,,,129,128
2016-09-02 22:00:00,275,18,283,291,,289,,,198,,,137,113
2016-09-02 23:00:00,244,358,282,256,,309,,,232,,,135,122
2016-09-03 00:00:00,90,345,273,330,,225,,,249,,,134,118
2016-09-03 01:00:00,75,346,271,178,,74,,,77,,,119,118
2016-09-03 02:00:00,108,323,247,296,,267,,,298,,,138,117
2016-09-03 03:00:00,68,343,297,167,,249,,,256,,,108,119
2016-09-03 04:00:00,58,,314,178,,82,,,45,,,134,101
2016-09-03 05:00:00,93,54,115,146,,61,,,214,,,79,93
2016-09-03 06:00:00,138,110,92,230,,43,,,280,,,94,73
2016-09-03 07:00:00,98,63,15,258,,48,,,102,,,110,113
2016-09-03 08:00:00,165,48,12,227,,57,,,40,,,124,115
2016-09-03 09:00:00,214,30,356,340,,41,,,21,,,126,97
2016-09-03 10:00:00,121,22,8,79,,59,,,30,,,107,78
2016-09-03 11:00:00,78,57,24,90,,74,,,34,,,89,62
2016-09-03 12:00:00,88,80,34,74,,67,,,45,,,86,50
2016-09-03 13:00:00,81,79,32,85,,69,,,71,,,83,48
2016-09-03 14:00:00,90,82,31,82,,75,,,80,,,78,57
2016-09-03 15:00:00,92,87,56,99,,77,,,86,,,91,88
2016-09-03 16:00:00,99,101,29,113,,82,,,106,,,110,109
2016-09-03 17:00:00,108,110,52,97,,82,,,127,,,103,96
2016-09-03 18:00:00,104,108,53,113,,85,,,121,,,121,121
2016-09-03 19:00:00,93,96,35,99,,103,,,113,,,99,73
2016-09-03 20:00:00,109,118,36,104,,118,,,85,,,76,66
2016-09-03 21:00:00,141,129,80,131,,107,,,106,,,98,89
2016-09-03 22:00:00,125,113,80,146,,93,,,15,,,93,147
2016-09-03 23:00:00,244,89,43,94,,12,,,264,,,105,129
2016-09-04 00:00:00,190,22,294,338,,282,,,245,,,129,151
2016-09-04 01:00:00,200,18,285,280,,310,,,232,,,135,125
2016-09-04 02:00:00,151,77,18,157,,77,,,196,,,105,113
2016-09-04 03:00:00,80,120,72,116,,73,,,71,,,125,108
2016-09-04 04:00:00,98,93,96,124,,60,,,86,,,122,98
2016-09-04 05:00:00,85,41,18,140,,13,,,345,,,129,138
2016-09-04 06:00:00,150,85,34,131,,50,,,33,,,137,131
2016-09-04 07:00:00,92,83,32,102,,76,,,68,,,114,108
2016-09-04 08:00:00,91,89,26,92,,71,,,79,,,114,90
2016-09-04 09:00:00,87,104,38,106,,73,,,83,,,102,65
2016-09-04 10:00:00,80,103,38,103,,76,,,76,,,96,62
2016-09-04 11:00:00,90,111,53,106,,82,,,75,,,91,72
2016-09-04 12:00:00,97,105,67,94,,89,,,81,,,89,70
2016-09-04 13:00:00,100,105,50,99,,93,,,79,,,84,72
2016-09-04 14:00:00,126,115,56,103,,86,,,98,,,85,82
2016-09-04 15:00:00,135,110,62,109,,105,,,117,,,92,85
2016-09-04 16:00:00,118,97,29,98,,82,,,104,,,85,73
2016-09-04 17:00:00,81,86,22,80,,64,,,77,,,86,71
2016-09-04 18:00:00,103,101,27,99,,86,,,91,,,86,80
2016-09-04 19:00:00,148,112,44,104,,82,,,97,,,98,89
2016-09-04 20:00:00,152,132,80,116,,112,,,135,,,95,78
2016-09-04 21:00:00,145,121,52,111,,101,,,93,,,104,74
2016-09-04 22:00:00,145,106,55,108,,99,,,84,,,109,72
2016-09-04 23:00:00,122,102,52,110,,94,,,80,,,117,69
2016-09-05 00:00:00,120,97,43,118,,73,,,70,,,145,81
2016-09-05 01:00:00,101,100,43,99,,91,,,76,,,134,83
2016-09-05 02:00:00,63,95,48,95,,91,,,85,,,175,110
2016-09-05 03:00:00,95,97,53,103,,88,,,75,,,144,111
2016-09-05 04:00:00,149,89,42,161,,76,,,65,,,161,147
2016-09-05 05:00:00,98,75,8,104,,67,,,59,,,141,125
2016-09-05 06:00:00,154,83,50,115,,88,,,33,,,144,104
2016-09-05 07:00:00,147,81,40,113,,77,,,347,,,180,76
2016-09-05 08:00:00,76,110,56,102,,98,,,94,,,154,
2016-09-05 09:00:00,111,117,61,111,,95,,,89,,,131,66
2016-09-05 10:00:00,136,122,59,111,,105,,,99,,,97,62
2016-09-05 11:00:00,150,116,74,105,,102,,,112,,,88,71
2016-09-05 12:00:00,147,119,57,107,,101,,,104,,,102,85
2016-09-05 13:00:00,139,118,62,116,,103,,,112,,,97,82
2016-09-05 14:00:00,155,121,65,122,,115,,,116,,,91,83
2016-09-05 15:00:00,142,129,74,108,,113,,,124,,,86,80
2016-09-05 16:00:00,134,133,73,107,,106,,,118,,,94,85
2016-09-05 17:00:00,152,133,56,119,,122,,,105,,,90,79
2016-09-05 18:00:00,149,131,78,137,,110,,,137,,,96,75
2016-09-05 19:00:00,143,118,72,139,,107,,,151,,,99,74
2016-09-05 20:00:00,147,112,64,109,,100,,,121,,,97,73
2016-09-05 21:00:00,140,104,53,103,,88,,,94,,,95,72
2016-09-05 22:00:00,143,104,44,107,,85,,,79,,,95,73
2016-09-05 23:00:00,144,112,58,111,,98,,,81,,,88,68
2016-09-06 00:00:00,141,106,55,108,,94,,,88,,,95,66
2016-09-06 01:00:00,126,97,43,103,,90,,,81,,,101,77
2016-09-06 02:00:00,107,99,43,109,,92,,,65,,,97,71
2016-09-06 03:00:00,127,97,46,107,,92,,,66,,,90,73
2016-09-06 04:00:00,107,98,37,106,,91,,,78,,,125,74
2016-09-06 05:00:00,67,91,57,98,,79,,,73,,,139,122
2016-09-06 06:00:00,231,119,68,144,,97,,,87,,,154,119
2016-09-06 07:00:00,135,112,68,73,,103,,,19,,,99,112
2016-09-06 08:00:00,92,117,63,9,,91,,,51,,,95,97
2016-09-06 09:00:00,109,115,55,146,,86,,,84,,,88,93
2016-09-06 10:00:00,199,122,84,95,,115,,,83,,,119,79
2016-09-06 11:00:00,230,117,93,225,,97,,,223,,,151,67
2016-09-06 12:00:00,136,113,92,171,,90,,,231,,,164,72
2016-09-06 13:00:00,152,131,89,125,,100,,,132,,,111,88
2016-09-06 14:00:00,149,133,95,120,,100,,,139,,,94,92
2016-09-06 15:00:00,146,135,97,112,,113,,,164,,,102,89
2016-09-06 16:00:00,150,127,99,117,,109,,,152,,,92,85
2016-09-06 17:00:00,141,135,98,125,,112,,,153,,,93,79
2016-09-06 18:00:00,134,136,94,137,,108,,,160,,,93,
2016-09-06 19:00:00,148,111,33,126,,91,,,145,,,108,
2016-09-06 20:00:00,154,100,49,110,,79,,,138,,,102,79
2016-09-06 21:00:00,156,107,58,110,,96,,,104,,,76,83
2016-09-06 22:00:00,163,110,50,108,,95,,,86,,,91,74
2016-09-06 23:00:00,143,99,37,106,,85,,,94,,,107,68
2016-09-07 00:00:00,112,97,41,106,,85,,,88,,,107,70
2016-09-07 01:00:00,74,98,32,103,,87,,,75,,,120,78
2016-09-07 02:00:00,74,96,48,96,,82,,,79,,,124,80
2016-09-07 03:00:00,85,96,32,109,,74,,,90,,,138,97
2016-09-07 04:00:00,89,102,30,128,,76,,,76,,,132,102
2016-09-07 05:00:00,74,101,29,108,,84,,,74,,,132,100
2016-09-07 06:00:00,67,82,25,143,,76,,,77,,,93,111
2016-09-07 07:00:00,67,92,27,80,,76,,,69,,,114,97
2016-09-07 08:00:00,78,87,33,120,,72,,,55,,,96,84
2016-09-07 09:00:00,80,61,47,160,,96,,,51,,,106,83
2016-09-07 10:00:00,125,61,11,214,,81,,,56,,,78,97
2016-09-07 11:00:00,92,107,72,78,,63,,,62,,,108,90
2016-09-07 12:00:00,101,112,71,83,,57,,,73,,,115,83
2016-09-07 13:00:00,83,117,88,65,,80,,,63,,,90,72
2016-09-07 14:00:00,130,130,86,89,,96,,,91,,,78,77
2016-09-07 15:00:00,150,129,96,102,,112,,,101,,,64,85
2016-09-07 16:00:00,149,126,100,106,,111,,,119,,,70,82
2016-09-07 17:00:00,152,130,94,113,,121,,,148,,,75,79
2016-09-07 18:00:00,148,139,89,141,,121,,,148,,,93,82
2016-09-07 19:00:00,149,138,88,138,,138,,,151,,,112,79
2016-09-07 20:00:00,158,126,80,135,,120,,,162,,,91,94
2016-09-07 21:00:00,149,123,55,132,,104,,,164,,,116,119
2016-09-07 22:00:00,159,111,59,115,,102,,,93,,,114,148
2016-09-07 23:00:00,82,103,57,131,,112,,,37,,,140,156
2016-09-08 00:00:00,195,104,47,86,,114,,,73,,,306,140
2016-09-08 01:00:00,186,38,11,290,,43,,,90,,,147,137
2016-09-08 02:00:00,129,28,18,252,,42,,,73,,,127,122
2016-09-08 03:00:00,147,44,3,292,,21,,,40,,,91,167
2016-09-08 04:00:00,134,58,19,197,,33,,,50,,,342,218
2016-09-08 05:00:00,195,82,44,263,,30,,,64,,,65,201
2016-09-08 06:00:00,295,75,58,283,,33,,,72,,,25,221
2016-09-08 07:00:00,269,66,12,287,,18,,,74,,,13,291
2016-09-08 08:00:00,268,40,360,331,,5,,,58,,,1,244
2016-09-08 09:00:00,219,12,336,311,,15,,,50,,,75,92
2016-09-08 10:00:00,155,349,276,359,,20,,,44,,,87,87
2016-09-08 11:00:00,156,28,299,275,,34,,,38,,,103,88
2016-09-08 12:00:00,120,45,17,194,,62,,,72,,,92,81
2016-09-08 13:00:00,95,51,22,57,,74,,,37,,,103,70
2016-09-08 14:00:00,84,79,43,53,,68,,,56,,,99,78
2016-09-08 15:00:00,95,99,64,71,,76,,,54,,,99,73
2016-09-08 16:00:00,109,113,66,84,,61,,,82,,,76,55
2016-09-08 17:00:00,150,118,89,107,,105,,,102,,,84,91
2016-09-08 18:00:00,157,114,82,132,,110,,,113,,,102,79
2016-09-08 19:00:00,147,116,75,131,,100,,,154,,,130,96
2016-09-08 20:00:00,122,97,58,90,,62,,,134,,,129,151
2016-09-08 21:00:00,132,106,56,102,,84,,,70,,,140,135
2016-09-08 22:00:00,93,97,38,117,,101,,,5,,,136,149
2016-09-08 23:00:00,82,98,28,113,,112,,,67,,,125,125
2016-09-09 00:00:00,167,86,41,347,,87,,,71,,,97,135
2016-09-09 01:00:00,63,65,57,319,,90,,,75,,,84,124
2016-09-09 02:00:00,60,98,36,313,,102,,,79,,,114,126
2016-09-09 03:00:00,126,66,25,281,,91,,,70,,,79,135
2016-09-09 04:00:00,122,35,16,281,,322,,,71,,,29,150
2016-09-09 05:00:00,130,20,340,261,,285,,,188,,,312,199
2016-09-09 06:00:00,201,17,319,299,,302,,,206,,,330,242
2016-09-09 07:00:00,239,360,278,311,,327,,,234,,,308,243
2016-09-09 08:00:00,204,324,320,312,,13,,,320,,,338,252
2016-09-09 09:00:00,128,351,342,324,,25,,,15,,,82,85
2016-09-09 10:00:00,141,20,319,315,,59,,,43,,,84,86
2016-09-09 11:00:00,130,35,8,51,,70,,,39,,,100,81
2016-09-09 12:00:00,88,76,47,98,,72,,,57,,,97,75
2016-09-09 13:00:00,77,95,64,77,,77,,,63,,,98,79
2016-09-09 14:00:00,96,101,56,85,,84,,,78,,,99,69
2016-09-09 15:00:00,96,120,78,106,,81,,,82,,,90,54
2016-09-09 16:00:00,151,121,88,99,,117,,,99,,,94,83
2016-09-09 17:00:00,149,119,92,111,,97,,,127,,,96,82
2016-09-09 18:00:00,139,127,88,108,,103,,,111,,,100,78
2016-09-09 19:00:00,151,114,74,118,,90,,,94,,,115,92
2016-09-09 20:00:00,123,75,15,81,,50,,,135,,,115,136
2016-09-09 21:00:00,122,86,25,68,,73,,,64,,,107,108
2016-09-09 22:00:00,76,101,30,92,,105,,,86,,,135,67
2016-09-09 23:00:00,113,97,32,95,,94,,,78,,,136,87
2016-09-10 00:00:00,69,99,35,117,,94,,,77,,,145,105
2016-09-10 01:00:00,98,98,31,338,,89,,,68,,,137,134
2016-09-10 02:00:00,58,67,29,315,,90,,,71,,,110,113
2016-09-10 03:00:00,68,73,28,248,,97,,,67,,,65,124
2016-09-10 04:00:00,71,62,29,274,,63,,,40,,,83,147
2016-09-10 05:00:00,81,52,4,262,,28,,,49,,,310,149
2016-09-10 06:00:00,97,68,14,270,,358,,,62,,,44,208
2016-09-10 07:00:00,166,21,334,282,,315,,,51,,,2,252
2016-09-10 08:00:00,197,338,282,299,,12,,,38,,,25,243
2016-09-10 09:00:00,155,354,332,289,,29,,,34,,,70,257
2016-09-10 10:00:00,139,7,292,329,,5,,,30,,,46,86
2016-09-10 11:00:00,167,29,359,73,,46,,,339,,,90,79
2016-09-10 12:00:00,102,62,11,63,,63,,,37,,,106,83
2016-09-10 13:00:00,90,57,50,73,,65,,,48,,,109,62
2016-09-10 14:00:00,77,83,56,81,,74,,,57,,,102,61
2016-09-10 15:00:00,82,114,60,108,,87,,,76,,,93,58
2016-09-10 16:00:00,100,109,59,113,,85,,,100,,,86,88
2016-09-10 17:00:00,114,46,324,77,,43,,,135,,,129,115
2016-09-10 18:00:00,99,66,8,72,,56,,,144,,,112,95
2016-09-10 19:00:00,139,76,286,74,,70,,,122,,,118,106
2016-09-10 20:00:00,228,217,191,95,,315,,,231,,,84,58
2016-09-10 21:00:00,101,81,22,81,,92,,,236,,,106,69
2016-09-10 22:00:00,121,114,63,108,,105,,,82,,,91,52
2016-09-10 23:00:00,100,109,69,101,,87,,,86,,,117,68
2016-09-11 00:00:00,76,82,63,98,,67,,,66,,,121,82
2016-09-11 01:00:00,65,84,56,114,,83,,,72,,,119,85
2016-09-11 02:00:00,87,62,349,86,,70,,,57,,,125,83
2016-09-11 03:00:00,81,65,350,89,,33,,,46,,,113,81
2016-09-11 04:00:00,89,42,330,99,,342,,,78,,,124,104
2016-09-11 05:00:00,107,21,337,199,,347,,,48,,,102,114
2016-09-11 06:00:00,139,22,280,243,,25,,,60,,,88,109
2016-09-11 07:00:00,186,34,292,262,,44,,,158,,,108,60
2016-09-11 08:00:00,92,34,304,287,,78,,,151,,,6,68
2016-09-11 09:00:00,127,5,309,77,,76,,,44,,,91,85
2016-09-11 10:00:00,189,1,295,48,,62,,,51,,,115,75
2016-09-11 11:00:00,89,51,316,64,,68,,,54,,,116,72
2016-09-11 12:00:00,95,59,12,70,,53,,,66,,,93,64
2016-09-11 13:00:00,104,87,27,88,,71,,,96,,,92,69
2016-09-11 14:00:00,95,103,73,86,,87,,,67,,,103,71
2016-09-11 15:00:00,130,108,28,108,,69,,,118,,,102,92
2016-09-11 16:00:00,161,63,356,77,,61,,,113,,,108,106
2016-09-11 17:00:00,161,93,29,92,,74,,,133,,,113,109
2016-09-11 18:00:00,163,137,68,115,,111,,,139,,,103,101
2016-09-11 19:00:00,161,139,93,151,,121,,,146,,,92,86
2016-09-11 20:00:00,163,121,78,131,,143,,,202,,,106,85
2016-09-11 21:00:00,133,92,30,106,,111,,,147,,,99,87
2016-09-11 22:00:00,87,87,25,83,,90,,,74,,,110,74
2016-09-11 23:00:00,140,107,64,103,,97,,,84,,,103,64
2016-09-12 00:00:00,75,112,60,109,,100,,,85,,,143,77
2016-09-12 01:00:00,77,106,52,119,,89,,,79,,,116,99
2016-09-12 02:00:00,67,71,42,186,,55,,,80,,,120,104
2016-09-12 03:00:00,87,37,64,235,,44,,,89,,,125,107
2016-09-12 04:00:00,116,70,52,198,,30,,,47,,,127,115
2016-09-12 05:00:00,234,57,67,252,,309,,,37,,,107,171
2016-09-12 06:00:00,152,43,14,284,,318,,,103,,,309,183
2016-09-12 07:00:00,138,32,344,306,,325,,,73,,,79,251
2016-09-12 08:00:00,162,333,264,333,,312,,,210,,,2,221
2016-09-12 09:00:00,149,338,264,338,,35,,,228,,,50,91
2016-09-12 10:00:00,142,26,310,42,,49,,,322,,,71,86
2016-09-12 11:00:00,93,111,58,108,,91,,,39,,,86,60
2016-09-12 12:00:00,127,113,62,98,,107,,,75,,,93,59
2016-09-12 13:00:00,98,123,77,90,,98,,,87,,,85,54
2016-09-12 14:00:00,93,119,64,99,,100,,,97,,,82,59
2016-09-12 15:00:00,161,136,60,111,,92,,,100,,,91,93
2016-09-12 16:00:00,161,125,85,111,,111,,,105,,,107,92
2016-09-12 17:00:00,153,140,63,139,,123,,,144,,,93,82
2016-09-12 18:00:00,127,129,61,145,,116,,,142,,,85,63
2016-09-12 19:00:00,144,116,73,132,,108,,,144,,,124,68
2016-09-12 20:00:00,137,103,66,115,,93,,,139,,,115,92
2016-09-12 21:00:00,108,99,42,98,,72,,,105,,,107,98
2016-09-12 22:00:00,109,118,66,101,,100,,,85,,,102,83
2016-09-12 23:00:00,113,108,53,100,,104,,,94,,,110,82
2016-09-13 00:00:00,75,93,32,103,,94,,,86,,,113,66
2016-09-13 01:00:00,74,102,55,98,,99,,,77,,,118,72
2016-09-13 02:00:00,66,98,61,98,,91,,,77,,,129,75
2016-09-13 03:00:00,79,91,47,99,,83,,,74,,,131,72
2016-09-13 04:00:00,64,90,34,100,,83,,,81,,,129,96
2016-09-13 05:00:00,75,101,26,96,,82,,,81,,,121,99
2016-09-13 06:00:00,75,93,68,105,,56,,,83,,,133,107
2016-09-13 07:00:00,152,36,346,221,,56,,,88,,,122,111
2016-09-13 08:00:00,127,54,21,304,,317,,,44,,,324,175
2016-09-13 09:00:00,178,342,277,336,,356,,,226,,,327,7
2016-09-13 10:00:00,126,349,273,349,,4,,,332,,,312,81
2016-09-13 11:00:00,130,28,316,298,,3,,,7,,,93,81
2016-09-13 12:00:00,109,41,26,110,,47,,,14,,,109,65
2016-09-13 13:00:00,88,113,46,84,,93,,,55,,,101,60
2016-09-13 14:00:00,142,113,56,103,,94,,,81,,,88,74
2016-09-13 15:00:00,133,117,65,102,,93,,,97,,,98,92
2016-09-13 16:00:00,150,91,7,113,,74,,,104,,,107,92
2016-09-13 17:00:00,90,74,358,47,,36,,,88,,,100,67
2016-09-13 18:00:00,117,283,227,120,,135,,,73,,,106,62
2016-09-13 19:00:00,197,210,167,93,,131,,,284,,,72,300
2016-09-13 20:00:00,187,216,103,104,,123,,,239,,,122,215
2016-09-13 21:00:00,195,228,348,261,,3,,,257,,,294,133
2016-09-13 22:00:00,277,55,316,281,,60,,,139,,,331,130
2016-09-13 23:00:00,140,35,5,168,,74,,,90,,,119,106
2016-09-14 00:00:00,95,123,100,149,,87,,,19,,,141,116
2016-09-14 01:00:00,175,91,86,148,,47,,,125,,,123,124
2016-09-14 02:00:00,205,97,88,286,,332,,,227,,,146,118
2016-09-14 03:00:00,161,10,330,278,,257,,,286,,,337,164
2016-09-14 04:00:00,182,356,291,258,,313,,,236,,,104,131
2016-09-14 05:00:00,236,345,270,290,,303,,,229,,,117,165
2016-09-14 06:00:00,255,14,283,108,,297,,,229,,,24,176
2016-09-14 07:00:00,208,73,313,138,,52,,,266,,,2,188
2016-09-14 08:00:00,89,26,309,337,,35,,,244,,,349,256
2016-09-14 09:00:00,181,14,257,301,,48,,,210,,,102,76
2016-09-14 10:00:00,149,6,315,40,,38,,,353,,,120,69
2016-09-14 11:00:00,166,13,337,206,,87,,,97,,,105,62
2016-09-14 12:00:00,99,83,30,80,,81,,,62,,,101,59
2016-09-14 13:00:00,85,109,38,85,,92,,,56,,,94,73
2016-09-14 14:00:00,131,102,71,107,,84,,,106,,,103,77
2016-09-14 15:00:00,158,115,69,95,,111,,,120,,,92,77
2016-09-14 16:00:00,115,141,98,113,,124,,,123,,,90,88
2016-09-14 17:00:00,154,146,105,123,,129,,,140,,,113,105
2016-09-14 18:00:00,159,150,104,137,,137,,,169,,,102,98
2016-09-14 19:00:00,134,128,91,120,,133,,,198,,,88,76
2016-09-14 20:00:00,134,86,38,98,,108,,,162,,,81,66
2016-09-14 21:00:00,110,121,130,93,,114,,,99,,,103,78
2016-09-14 22:00:00,81,99,97,99,,146,,,61,,,112,92
2016-09-14 23:00:00,120,98,108,128,,113,,,75,,,124,100
2016-09-15 00:00:00,260,37,30,295,,52,,,69,,,124,111
2016-09-15 01:00:00,108,35,290,101,,19,,,60,,,137,96
2016-09-15 02:00:00,141,2,319,271,,350,,,68,,,141,93
2016-09-15 03:00:00,134,348,283,244,,330,,,46,,,128,101
2016-09-15 04:00:00,230,302,250,265,,304,,,38,,,118,103
2016-09-15 05:00:00,247,317,238,287,,269,,,291,,,85,141
2016-09-15 06:00:00,242,306,239,323,,225,,,194,,,274,238
2016-09-15 07:00:00,201,353,264,311,,353,,,245,,,248,248
2016-09-15 08:00:00,131,358,271,319,,352,,,247,,,53,73
2016-09-15 09:00:00,94,1,269,82,,5,,,3,,,70,119
2016-09-15 10:00:00,141,76,325,68,,43,,,239,,,109,89
2016-09-15 11:00:00,98,68,81,112,,84,,,59,,,109,63
2016-09-15 12:00:00,92,106,27,94,,88,,,63,,,100,67
2016-09-15 13:00:00,92,78,8,96,,85,,,92,,,97,68
2016-09-15 14:00:00,101,90,22,74,,34,,,71,,,96,75
2016-09-15 15:00:00,209,97,319,111,,51,,,109,,,109,106
2016-09-15 16:00:00,175,34,340,133,,61,,,117,,,109,109
2016-09-15 17:00:00,181,85,19,114,,61,,,145,,,104,103
2016-09-15 18:00:00,257,111,86,127,,95,,,100,,,104,92
2016-09-15 19:00:00,137,117,105,67,,137,,,125,,,112,100
2016-09-15 20:00:00,130,114,95,89,,284,,,187,,,109,93
2016-09-15 21:00:00,122,108,61,79,,61,,,168,,,119,101
2016-09-15 22:00:00,122,103,71,105,,110,,,83,,,91,57
2016-09-15 23:00:00,85,108,71,106,,113,,,82,,,96,61
2016-09-16 00:00:00,126,125,86,120,,120,,,99,,,90,72
2016-09-16 01:00:00,115,122,101,124,,103,,,90,,,125,95
2016-09-16 02:00:00,130,122,82,129,,98,,,311,,,106,83
2016-09-16 03:00:00,150,272,96,105,,4,,,316,,,19,102
2016-09-16 04:00:00,229,331,286,209,,28,,,118,,,273,113
2016-09-16 05:00:00,181,34,288,280,,338,,,120,,,287,123
2016-09-16 06:00:00,255,348,275,275,,275,,,194,,,281,175
2016-09-16 07:00:00,235,353,249,324,,309,,,227,,,295,230
2016-09-16 08:00:00,137,5,261,344,,74,,,239,,,286,145
2016-09-16 09:00:00,153,3,286,14,,2,,,315,,,76,71
2016-09-16 10:00:00,143,45,308,220,,42,,,67,,,78,94
2016-09-16 11:00:00,119,53,3,121,,97,,,46,,,105,72
2016-09-16 12:00:00,127,93,71,80,,90,,,45,,,98,69
2016-09-16 13:00:00,90,102,62,95,,90,,,60,,,98,81
2016-09-16 14:00:00,97,109,69,93,,93,,,86,,,101,75
2016-09-16 15:00:00,140,115,63,98,,94,,,91,,,100,96
2016-09-16 16:00:00,134,112,21,102,,85,,,111,,,115,103
2016-09-16 17:00:00,151,78,17,100,,62,,,103,,,113,98
2016-09-16 18:00:00,151,69,333,76,,42,,,125,,,113,97
2016-09-16 19:00:00,146,73,25,79,,37,,,130,,,101,86
2016-09-16 20:00:00,111,100,86,75,,26,,,127,,,96,65
2016-09-16 21:00:00,73,92,62,99,,75,,,72,,,115,98
2016-09-16 22:00:00,115,61,15,145,,60,,,74,,,137,116
2016-09-16 23:00:00,71,43,43,138,,316,,,58,,,136,110
2016-09-17 00:00:00,83,74,41,109,,43,,,89,,,141,107
2016-09-17 01:00:00,107,52,10,157,,48,,,90,,,134,115
2016-09-17 02:00:00,192,25,356,272,,293,,,34,,,146,124
2016-09-17 03:00:00,130,48,22,266,,11,,,50,,,121,126
2016-09-17 04:00:00,61,62,26,292,,89,,,55,,,110,115
2016-09-17 05:00:00,95,28,27,297,,41,,,44,,,110,106
2016-09-17 06:00:00,113,89,60,310,,47,,,40,,,114,118
2016-09-17 07:00:00,188,18,47,293,,314,,,49,,,104,100
2016-09-17 08:00:00,123,346,318,308,,338,,,30,,,81,112
2016-09-17 09:00:00,118,62,13,283,,315,,,16,,,114,91
2016-09-17 10:00:00,141,38,314,97,,58,,,60,,,115,73
2016-09-17 11:00:00,78,86,16,122,,72,,,52,,,101,53
2016-09-17 12:00:00,85,107,64,88,,80,,,46,,,88,51
2016-09-17 13:00:00,99,115,47,93,,82,,,77,,,88,63
2016-09-17 14:00:00,86,109,58,99,,85,,,82,,,93,74
2016-09-17 15:00:00,148,102,54,104,,84,,,90,,,96,74
2016-09-17 16:00:00,145,118,53,109,,79,,,110,,,94,72
2016-09-17 17:00:00,153,130,72,116,,87,,,131,,,104,84
2016-09-17 18:00:00,167,144,99,125,,126,,,139,,,107,86
2016-09-17 19:00:00,164,142,100,139,,139,,,172,,,100,95
2016-09-17 20:00:00,168,119,90,112,,204,,,167,,,92,103
2016-09-17 21:00:00,105,132,67,131,,265,,,317,,,110,102
2016-09-17 22:00:00,114,75,1,140,,298,,,257,,,130,111
2016-09-17 23:00:00,89,99,42,83,,108,,,9,,,119,107
2016-09-18 00:00:00,203,104,57,113,,93,,,68,,,133,131
2016-09-18 01:00:00,100,98,56,281,,89,,,72,,,127,114
2016-09-18 02:00:00,63,73,36,273,,81,,,67,,,116,108
2016-09-18 03:00:00,70,51,22,316,,47,,,69,,,109,108
2016-09-18 04:00:00,76,52,23,296,,33,,,64,,,115,114
2016-09-18 05:00:00,177,68,29,259,,37,,,59,,,125,124
2016-09-18 06:00:00,186,69,36,258,,33,,,206,,,120,161
2016-09-18 07:00:00,309,60,1,263,,48,,,56,,,35,143
2016-09-18 08:00:00,182,68,4,262,,32,,,49,,,53,43
2016-09-18 09:00:00,116,55,295,303,,83,,,47,,,68,342
2016-09-18 10:00:00,125,53,237,112,,69,,,36,,,45,33
2016-09-18 11:00:00,109,52,45,145,,79,,,344,,,80,72
2016-09-18 12:00:00,102,87,41,86,,90,,,42,,,97,52
2016-09-18 13:00:00,90,98,44,83,,84,,,46,,,98,60
2016-09-18 14:00:00,76,83,49,55,,74,,,80,,,92,45
2016-09-18 15:00:00,100,112,59,91,,85,,,90,,,79,66
2016-09-18 16:00:00,148,123,61,107,,116,,,105,,,97,76
2016-09-18 17:00:00,160,128,111,105,,99,,,157,,,97,92
2016-09-18 18:00:00,161,138,101,128,,128,,,133,,,104,101
2016-09-18 19:00:00,156,128,98,133,,149,,,224,,,84,81
2016-09-18 20:00:00,143,120,88,109,,190,,,264,,,122,91
2016-09-18 21:00:00,182,93,30,82,,322,,,244,,,130,100
2016-09-18 22:00:00,105,96,43,85,,105,,,53,,,118,92
2016-09-18 23:00:00,87,104,62,101,,121,,,72,,,138,78
2016-09-19 00:00:00,87,102,44,123,,102,,,78,,,125,78
2016-09-19 01:00:00,68,87,30,120,,94,,,77,,,112,94
2016-09-19 02:00:00,63,93,30,98,,91,,,81,,,124,98
2016-09-19 03:00:00,87,101,31,20,,83,,,66,,,127,97
2016-09-19 04:00:00,151,95,44,288,,75,,,60,,,111,109
2016-09-19 05:00:00,171,76,33,212,,42,,,49,,,145,174
2016-09-19 06:00:00,201,53,122,260,,40,,,50,,,228,224
2016-09-19 07:00:00,261,46,293,307,,35,,,323,,,1,277
2016-09-19 08:00:00,240,349,290,326,,297,,,29,,,325,288
2016-09-19 09:00:00,149,309,277,340,,5,,,323,,,46,100
2016-09-19 10:00:00,167,4,327,321,,38,,,275,,,95,82
2016-09-19 11:00:00,116,88,13,130,,91,,,60,,,88,67
2016-09-19 12:00:00,91,93,52,91,,83,,,52,,,74,56
2016-09-19 13:00:00,98,98,42,103,,94,,,67,,,94,80
2016-09-19 14:00:00,133,114,51,96,,95,,,93,,,101,81
2016-09-19 15:00:00,154,111,62,101,,98,,,121,,,98,90
2016-09-19 16:00:00,152,139,59,109,,115,,,134,,,103,87
2016-09-19 17:00:00,154,130,88,109,,112,,,150,,,110,96
2016-09-19 18:00:00,162,125,84,124,,108,,,147,,,117,111
2016-09-19 19:00:00,151,109,52,117,,96,,,157,,,106,103
2016-09-19 20:00:00,99,101,47,102,,94,,,109,,,94,79
2016-09-19 21:00:00,147,107,59,108,,106,,,99,,,91,70
2016-09-19 22:00:00,118,107,54,104,,101,,,104,,,90,57
2016-09-19 23:00:00,103,96,43,98,,96,,,84,,,98,57
2016-09-20 00:00:00,85,100,46,110,,105,,,71,,,126,66
2016-09-20 01:00:00,60,100,50,114,,97,,,77,,,134,98
2016-09-20 02:00:00,65,96,46,115,,95,,,85,,,129,99
2016-09-20 03:00:00,67,101,53,140,,96,,,82,,,124,93
2016-09-20 04:00:00,65,75,48,166,,72,,,75,,,119,103
2016-09-20 05:00:00,71,52,8,249,,48,,,72,,,122,101
2016-09-20 06:00:00,132,41,349,250,,40,,,56,,,129,102
2016-09-20 07:00:00,109,43,311,59,,48,,,212,,,125,74
2016-09-20 08:00:00,215,49,353,241,,39,,,145,,,109,73
2016-09-20 09:00:00,185,74,336,73,,111,,,11,,,80,91
2016-09-20 10:00:00,80,80,27,121,,89,,,45,,,95,74
2016-09-20 11:00:00,88,116,66,131,,104,,,56,,,101,73
2016-09-20 12:00:00,76,97,42,84,,82,,,77,,,93,54
2016-09-20 13:00:00,88,91,49,91,,75,,,80,,,82,50
2016-09-20 14:00:00,96,102,57,104,,104,,,101,,,79,82
2016-09-20 15:00:00,95,100,70,102,,106,,,125,,,120,105
2016-09-20 16:00:00,129,111,47,113,,87,,,104,,,122,115
2016-09-20 17:00:00,159,110,61,111,,85,,,133,,,116,118
2016-09-20 18:00:00,162,141,67,138,,115,,,169,,,119,110
2016-09-20 19:00:00,147,111,70,124,,109,,,168,,,92,100
2016-09-20 20:00:00,151,121,69,106,,112,,,119,,,83,85
2016-09-20 21:00:00,143,108,63,105,,99,,,126,,,91,62
2016-09-20 22:00:00,125,108,47,97,,108,,,89,,,116,65
2016-09-20 23:00:00,95,102,61,92,,93,,,80,,,131,68
2016-09-21 00:00:00,68,96,48,127,,88,,,66,,,122,101
2016-09-21 01:00:00,88,104,60,147,,94,,,70,,,134,99
2016-09-21 02:00:00,83,101,62,123,,105,,,73,,,139,107
2016-09-21 03:00:00,102,81,60,132,,68,,,69,,,138,94
2016-09-21 04:00:00,155,29,2,282,,347,,,285,,,133,120
2016-09-21 05:00:00,74,15,334,216,,28,,,69,,,124,107
2016-09-21 06:00:00,122,19,324,236,,41,,,39,,,109,113
2016-09-21 07:00:00,129,344,283,250,,335,,,359,,,98,86
2016-09-21 08:00:00,111,337,258,284,,14,,,333,,,177,20
2016-09-21 09:00:00,114,16,264,339,,51,,,278,,,44,58
2016-09-21 10:00:00,119,30,339,108,,75,,,20,,,94,70
2016-09-21 11:00:00,90,98,11,89,,77,,,49,,,92,57
2016-09-21 12:00:00,73,103,33,91,,85,,,61,,,90,43
2016-09-21 13:00:00,86,105,69,105,,92,,,61,,,84,57
2016-09-21 14:00:00,112,107,64,111,,96,,,93,,,106,100
2016-09-21 15:00:00,152,109,58,96,,73,,,139,,,112,104
2016-09-21 16:00:00,159,104,47,108,,83,,,139,,,106,100
2016-09-21 17:00:00,151,82,19,110,,73,,,164,,,123,117
2016-09-21 18:00:00,153,83,19,88,,74,,,158,,,122,110
2016-09-21 19:00:00,158,94,24,93,,81,,,137,,,110,103
2016-09-21 20:00:00,147,122,50,124,,96,,,133,,,102,
2016-09-21 21:00:00,119,112,61,102,,99,,,139,,,116,
2016-09-21 22:00:00,142,115,60,103,,104,,,95,,,87,
2016-09-21 23:00:00,144,108,60,106,,104,,,91,,,93,
2016-09-22 00:00:00,138,111,63,110,,108,,,96,,,93,
2016-09-22 01:00:00,142,114,46,125,,101,,,97,,,95,
2016-09-22 02:00:00,122,57,19,79,,317,,,109,,,114,
2016-09-22 03:00:00,115,,352,280,,346,,,344,,,111,
2016-09-22 04:00:00,99,18,325,256,,45,,,47,,,118,
2016-09-22 05:00:00,99,354,241,284,,192,,,58,,,108,
2016-09-22 06:00:00,207,4,256,296,,300,,,310,,,277,
2016-09-22 07:00:00,238,31,236,308,,301,,,234,,,315,
2016-09-22 08:00:00,109,49,323,310,,38,,,41,,,246,343
2016-09-22 09:00:00,180,10,306,325,,83,,,54,,,96,90
2016-09-22 10:00:00,170,29,331,355,,59,,,64,,,104,80
2016-09-22 11:00:00,108,91,7,85,,73,,,80,,,105,66
2016-09-22 12:00:00,91,103,72,85,,94,,,73,,,101,65
2016-09-22 13:00:00,82,113,44,85,,77,,,85,,,92,67
2016-09-22 14:00:00,92,87,70,106,,89,,,98,,,95,69
2016-09-22 15:00:00,103,95,61,106,,88,,,118,,,94,76
2016-09-22 16:00:00,132,116,57,101,,99,,,127,,,113,101
2016-09-22 17:00:00,164,134,60,113,,112,,,156,,,111,110
2016-09-22 18:00:00,165,139,73,139,,126,,,164,,,110,116
2016-09-22 19:00:00,155,141,94,141,,141,,,182,,,97,95
2016-09-22 20:00:00,155,116,74,131,,148,,,188,,,96,69
2016-09-22 21:00:00,137,109,43,106,,91,,,154,,,103,78
2016-09-22 22:00:00,87,113,56,98,,109,,,142,,,114,74
2016-09-22 23:00:00,122,102,59,105,,105,,,79,,,124,120
2016-09-23 00:00:00,73,101,45,120,,97,,,91,,,132,107
2016-09-23 01:00:00,70,60,28,194,,64,,,76,,,123,120
2016-09-23 02:00:00,73,63,29,263,,83,,,59,,,107,109
2016-09-23 03:00:00,73,62,25,263,,52,,,47,,,109,107
2016-09-23 04:00:00,93,33,7,253,,335,,,46,,,121,103
2016-09-23 05:00:00,114,71,29,224,,67,,,66,,,114,91
2016-09-23 06:00:00,99,66,33,256,,41,,,61,,,132,98
2016-09-23 07:00:00,105,64,30,249,,52,,,72,,,111,93
2016-09-23 08:00:00,142,50,53,158,,42,,,44,,,113,85
2016-09-23 09:00:00,187,18,325,252,,8,,,26,,,39,84
2016-09-23 10:00:00,148,8,340,291,,39,,,301,,,93,90
2016-09-23 11:00:00,144,78,44,262,,101,,,22,,,94,76
2016-09-23 12:00:00,89,94,48,64,,87,,,51,,,,60
2016-09-23 13:00:00,88,100,53,106,,106,,,65,,,,62
2016-09-23 14:00:00,90,111,70,92,,90,,,79,,,,61
2016-09-23 15:00:00,149,118,94,102,,101,,,89,,,,86
2016-09-23 16:00:00,157,126,93,115,,112,,,108,,,,73
2016-09-23 17:00:00,138,133,95,134,,115,,,108,,,,63
2016-09-23 18:00:00,129,136,100,131,,120,,,139,,,,69
2016-09-23 19:00:00,137,127,87,129,,102,,,159,,,,65
2016-09-23 20:00:00,148,119,67,131,,111,,,140,,,,61
2016-09-23 21:00:00,141,110,61,110,,103,,,149,,,,71
2016-09-23 22:00:00,127,109,51,110,,110,,,69,,,,87
2016-09-23 23:00:00,118,118,61,97,,109,,,74,,,,68
2016-09-24 00:00:00,91,109,62,100,,104,,,76,,,,88
2016-09-24 01:00:00,101,98,43,109,,99,,,111,,,,134
2016-09-24 02:00:00,78,88,31,47,,82,,,63,,,,113
2016-09-24 03:00:00,97,62,26,323,,75,,,69,,,,109
2016-09-24 04:00:00,78,67,24,296,,81,,,80,,,,113
2016-09-24 05:00:00,83,95,37,296,,85,,,76,,,,98
2016-09-24 06:00:00,82,98,68,298,,81,,,72,,,,101
2016-09-24 07:00:00,112,102,83,300,,87,,,55,,,,117
2016-09-24 08:00:00,94,87,78,316,,81,,,31,,,,77
2016-09-24 09:00:00,151,58,80,329,,78,,,70,,,120,86
2016-09-24 10:00:00,97,47,67,120,,60,,,45,,,116,80
2016-09-24 11:00:00,117,64,39,136,,74,,,68,,,99,74
2016-09-24 12:00:00,89,91,45,106,,91,,,78,,,101,65
2016-09-24 13:00:00,92,110,60,108,,105,,,62,,,110,72
2016-09-24 14:00:00,141,119,56,116,,155,,,68,,,103,79
2016-09-24 15:00:00,94,120,63,83,,150,,,75,,,113,82
2016-09-24 16:00:00,152,135,89,122,,138,,,102,,,146,87
2016-09-24 17:00:00,138,200,96,130,,98,,,266,,,138,110
2016-09-24 18:00:00,140,104,66,108,,208,,,192,,,162,118
2016-09-24 19:00:00,135,76,44,105,,301,,,138,,,162,153
2016-09-24 20:00:00,134,72,39,208,,293,,,65,,,188,213
2016-09-24 21:00:00,92,91,31,105,,291,,,58,,,77,284
2016-09-24 22:00:00,83,105,46,107,,82,,,66,,,300,236
2016-09-24 23:00:00,189,106,65,106,,97,,,78,,,178,217
2016-09-25 00:00:00,148,90,43,134,,102,,,66,,,20,239
2016-09-25 01:00:00,126,98,29,111,,95,,,69,,,87,107
2016-09-25 02:00:00,114,95,23,299,,61,,,74,,,111,114
2016-09-25 03:00:00,187,82,21,283,,49,,,75,,,86,123
2016-09-25 04:00:00,85,52,16,272,,57,,,74,,,88,109
2016-09-25 05:00:00,84,61,11,271,,53,,,60,,,95,104
2016-09-25 06:00:00,87,78,25,114,,50,,,49,,,164,99
2016-09-25 07:00:00,79,68,20,123,,45,,,54,,,318,101
2016-09-25 08:00:00,86,58,66,205,,79,,,65,,,103,85
2016-09-25 09:00:00,104,37,352,125,,21,,,54,,,343,88
2016-09-25 10:00:00,158,3,319,93,,80,,,35,,,94,88
2016-09-25 11:00:00,139,353,336,26,,36,,,346,,,98,78
2016-09-25 12:00:00,99,36,335,115,,51,,,23,,,100,65
2016-09-25 13:00:00,123,32,342,91,,87,,,46,,,100,61
2016-09-25 14:00:00,112,113,76,97,,83,,,60,,,96,70
2016-09-25 15:00:00,105,100,70,84,,97,,,56,,,98,56
2016-09-25 16:00:00,108,101,50,104,,107,,,89,,,70,52
2016-09-25 17:00:00,86,94,7,82,,56,,,100,,,123,52
2016-09-25 18:00:00,130,346,274,281,,250,,,54,,,176,91
2016-09-25 19:00:00,163,9,256,237,,85,,,18,,,128,119
2016-09-25 20:00:00,164,328,225,138,,96,,,70,,,133,105
2016-09-25 21:00:00,93,346,276,39,,10,,,,,,100,111
2016-09-25 22:00:00,179,345,282,30,,35,,,,,,105,117
2016-09-25 23:00:00,155,334,270,22,,102,,,,,,117,125
2016-09-26 00:00:00,78,352,267,159,,89,,,,,,121,121
2016-09-26 01:00:00,95,20,326,43,,51,,,,,,127,103
2016-09-26 02:00:00,149,9,319,246,,57,,,,,,149,109
2016-09-26 03:00:00,161,23,289,239,,54,,,,,,108,122
2016-09-26 04:00:00,82,350,281,213,,56,,,,,,120,127
2016-09-26 05:00:00,179,5,296,298,,2,,,,,,343,114
2016-09-26 06:00:00,113,1,286,246,,36,,,,,,82,81
2016-09-26 07:00:00,120,350,253,289,,318,,,,,,140,107
2016-09-26 08:00:00,68,349,264,293,,336,,,,,,144,88
2016-09-26 09:00:00,76,345,273,335,,334,,,,,,137,124
2016-09-26 10:00:00,106,357,297,14,,2,,,,,,140,129
2016-09-26 11:00:00,85,,287,9,,2,,,,,,129,116
2016-09-26 12:00:00,99,353,288,358,,15,,,,,,146,109
2016-09-26 13:00:00,128,2,291,219,,22,,,,,,134,118
2016-09-26 14:00:00,148,1,286,231,,31,,,,,,142,128
2016-09-26 15:00:00,112,7,303,208,,30,,,,,,140,95
2016-09-26 16:00:00,103,16,303,254,,57,,,193,,,124,87
2016-09-26 17:00:00,65,74,14,161,,127,,,320,,,122,72
2016-09-26 18:00:00,134,27,128,195,,124,,,57,,,132,91
2016-09-26 19:00:00,228,338,236,295,,325,,,58,,,124,105
2016-09-26 20:00:00,167,339,263,305,,303,,,31,,,142,101
2016-09-26 21:00:00,79,338,265,261,,317,,,43,,,135,95
2016-09-26 22:00:00,155,329,258,348,,349,,,46,,,145,96
2016-09-26 23:00:00,143,2,274,123,,34,,,57,,,137,97
2016-09-27 00:00:00,72,343,263,356,,25,,,44,,,120,79
2016-09-27 01:00:00,109,352,280,14,,15,,,9,,,129,100
2016-09-27 02:00:00,114,352,282,214,,85,,,347,,,100,113
2016-09-27 03:00:00,123,348,276,161,,120,,,155,,,82,84
2016-09-27 04:00:00,123,348,270,155,,126,,,,,,86,86
2016-09-27 05:00:00,133,338,269,152,,152,,,,,,81,96
2016-09-27 06:00:00,139,341,267,129,,100,,,,,,93,83
2016-09-27 07:00:00,116,343,268,109,,176,,,,,,169,83
2016-09-27 08:00:00,122,333,263,302,,318,,,,,,124,107
2016-09-27 09:00:00,147,340,266,308,,16,,,,,,85,102
2016-09-27 10:00:00,60,338,261,320,,352,,,,,,75,90
2016-09-27 11:00:00,58,330,260,301,,349,,,327,,,48,94
2016-09-27 12:00:00,103,312,250,299,,280,,,331,,,15,91
2016-09-27 13:00:00,88,279,249,325,,154,,,310,,,27,74
2016-09-27 14:00:00,89,301,273,4,,137,,,242,,,66,59
2016-09-27 15:00:00,101,344,272,94,,106,,,231,,,102,88
2016-09-27 16:00:00,197,7,287,134,,41,,,230,,,130,116
2016-09-27 17:00:00,129,4,280,101,,31,,,190,,,127,108
2016-09-27 18:00:00,65,351,283,222,,31,,,45,,,129,104
2016-09-27 19:00:00,84,357,284,232,,58,,,25,,,120,94
2016-09-27 20:00:00,100,356,284,198,,32,,,34,,,148,104
2016-09-27 21:00:00,124,350,277,182,,281,,,21,,,90,96
2016-09-27 22:00:00,127,344,262,179,,64,,,125,,,95,86
2016-09-27 23:00:00,141,346,266,161,,75,,,248,,,101,88
2016-09-28 00:00:00,133,343,268,124,,70,,,191,,,114,71
2016-09-28 01:00:00,99,333,255,131,,67,,,138,,,142,93
2016-09-28 02:00:00,129,333,254,151,,132,,,66,,,168,72
2016-09-28 03:00:00,156,322,253,58,,314,,,104,,,176,102
2016-09-28 04:00:00,263,307,252,85,,123,,,129,,,121,120
2016-09-28 05:00:00,227,213,205,118,,145,,,316,,,149,120
2016-09-28 06:00:00,226,183,235,123,,58,,,243,,,291,235
2016-09-28 07:00:00,93,7,267,321,,157,,,235,,,253,142
2016-09-28 08:00:00,96,355,268,253,,84,,,59,,,69,91
2016-09-28 09:00:00,97,350,273,246,,19,,,22,,,122,99
2016-09-28 10:00:00,74,347,283,192,,50,,,26,,,127,119
2016-09-28 11:00:00,36,327,275,118,,,,,5,,,135,132
2016-09-28 12:00:00,61,335,280,23,,31,,,339,,,302,120
2016-09-28 13:00:00,39,13,285,187,,33,,,346,,,37,123
2016-09-28 14:00:00,224,77,249,185,,122,,,14,,,3,55
2016-09-28 15:00:00,234,231,187,175,,200,,,235,,,47,287
2016-09-28 16:00:00,221,194,229,175,,181,,,232,,,10,168
2016-09-28 17:00:00,202,200,87,65,,193,,,217,,,50,205
2016-09-28 18:00:00,172,165,92,129,,207,,,235,,,138,146
2016-09-28 19:00:00,179,154,97,129,,180,,,232,,,130,114
2016-09-28 20:00:00,189,147,96,116,,134,,,247,,,202,113
2016-09-28 21:00:00,244,152,99,126,,133,,,220,,,261,
2016-09-28 22:00:00,351,212,109,123,,94,,,247,,,61,
2016-09-28 23:00:00,281,299,153,114,,151,,,214,,,318,
2016-09-29 00:00:00,201,215,137,93,,282,,,253,,,270,
2016-09-29 01:00:00,234,220,302,20,,283,,,228,,,272,
2016-09-29 02:00:00,167,45,306,324,,230,,,258,,,38,
2016-09-29 03:00:00,226,41,265,263,,337,,,179,,,292,
2016-09-29 04:00:00,154,357,262,272,,266,,,179,,,134,
2016-09-29 05:00:00,219,293,213,94,,193,,,224,,,172,
2016-09-29 06:00:00,319,277,200,58,,233,,,236,,,106,
2016-09-29 07:00:00,262,322,223,15,,248,,,248,,,313,
2016-09-29 08:00:00,258,252,206,280,,256,,,253,,,92,126
2016-09-29 09:00:00,249,263,215,205,,288,,,254,,,142,104
2016-09-29 10:00:00,226,230,202,171,,280,,,246,,,146,78
2016-09-29 11:00:00,150,199,174,125,,118,,,234,,,75,78
2016-09-29 12:00:00,128,283,261,134,,30,,,246,,,144,90
2016-09-29 13:00:00,136,64,5,78,,26,,,249,,,125,93
2016-09-29 14:00:00,139,35,350,45,,64,,,205,,,126,109
2016-09-29 15:00:00,142,34,298,234,,155,,,86,,,121,85
2016-09-29 16:00:00,215,83,208,198,,161,,,58,,,119,106
2016-09-29 17:00:00,214,167,124,103,,132,,,219,,,126,119
2016-09-29 18:00:00,136,302,191,1,,175,,,249,,,70,138
2016-09-29 19:00:00,257,250,195,308,,214,,,267,,,155,73
2016-09-29 20:00:00,155,213,182,36,,250,,,254,,,306,234
2016-09-29 21:00:00,223,208,182,115,,224,,,261,,,130,249
2016-09-29 22:00:00,227,212,180,103,,245,,,243,,,344,232
2016-09-29 23:00:00,234,209,186,317,,317,,,237,,,339,195
2016-09-30 00:00:00,211,203,177,313,,227,,,250,,,273,168
2016-09-30 01:00:00,251,217,172,144,,201,,,267,,,334,99
2016-09-30 02:00:00,213,62,9,36,,55,,,260,,,305,110
2016-09-30 03:00:00,113,62,25,130,,113,,,123,,,230,88
2016-09-30 04:00:00,74,103,49,99,,139,,,69,,,143,109
2016-09-30 05:00:00,1,186,99,107,,164,,,298,,,147,85
2016-09-30 06:00:00,108,267,36,179,,154,,,257,,,155,81
2016-09-30 07:00:00,122,30,298,103,,339,,,270,,,133,107
2016-09-30 08:00:00,119,5,288,133,,357,,,272,,,120,131
2016-09-30 09:00:00,78,20,336,92,,48,,,35,,,102,80
2016-09-30 10:00:00,53,95,38,87,,42,,,69,,,104,67
2016-09-30 11:00:00,61,105,29,71,,73,,,58,,,104,59
2016-09-30 12:00:00,64,111,56,84,,77,,,63,,,110,59
2016-09-30 13:00:00,64,104,51,90,,78,,,76,,,116,71
2016-09-30 14:00:00,84,110,77,95,,89,,,101,,,101,68
2016-09-30 15:00:00,131,114,64,104,,87,,,93,,,100,83
2016-09-30 16:00:00,155,119,61,111,,96,,,94,,,100,82
2016-09-30 17:00:00,156,128,52,117,,115,,,108,,,102,77
2016-09-30 18:00:00,135,119,66,123,,115,,,112,,,98,66
2016-09-30 19:00:00,129,100,47,117,,89,,,127,,,93,70
2016-09-30 20:00:00,121,80,42,82,,74,,,113,,,104,67
2016-09-30 21:00:00,88,98,13,84,,6,,,75,,,95,66
2016-09-30 22:00:00,99,116,90,73,,42,,,96,,,107,78
2016-09-30 23:00:00,93,101,96,312,,51,,,96,,,110,70
2016-10-01 00:00:00,108,106,78,71,,40,,,72,,,115,70
2016-10-01 01:00:00,150,112,73,99,,264,,,75,,,114,65
2016-10-01 02:00:00,136,103,51,96,,85,,,92,,,114,64
2016-10-01 03:00:00,139,101,60,103,,94,,,66,,,116,56
2016-10-01 04:00:00,122,102,35,100,,49,,,115,,,102,66
2016-10-01 05:00:00,74,101,18,132,,90,,,72,,,142,70
2016-10-01 06:00:00,65,104,43,139,,101,,,68,,,128,97
2016-10-01 07:00:00,82,110,60,120,,103,,,64,,,123,92
2016-10-01 08:00:00,49,106,77,130,,91,,,75,,,133,86
2016-10-01 09:00:00,82,104,68,102,,82,,,77,,,117,67
2016-10-01 10:00:00,67,101,63,102,,80,,,76,,,98,64
2016-10-01 11:00:00,65,92,49,96,,95,,,74,,,101,71
2016-10-01 12:00:00,74,74,26,74,,70,,,73,,,105,72
2016-10-01 13:00:00,90,96,36,75,,74,,,87,,,109,87
2016-10-01 14:00:00,99,117,78,101,,62,,,95,,,119,118
2016-10-01 15:00:00,74,110,67,104,,76,,,90,,,121,112
2016-10-01 16:00:00,96,98,61,109,,92,,,93,,,116,88
2016-10-01 17:00:00,109,111,74,118,,110,,,97,,,122,87
2016-10-01 18:00:00,126,107,66,121,,85,,,80,,,117,94
2016-10-01 19:00:00,81,109,68,120,,84,,,97,,,123,100
2016-10-01 20:00:00,80,123,92,121,,70,,,99,,,132,93
2016-10-01 21:00:00,107,134,108,118,,114,,,76,,,117,109
2016-10-01 22:00:00,146,189,142,124,,121,,,122,,,114,113
2016-10-01 23:00:00,188,209,150,116,,338,,,237,,,110,87
2016-10-02 00:00:00,342,214,246,58,,355,,,239,,,306,181
2016-10-02 01:00:00,217,31,316,323,,2,,,303,,,286,223
2016-10-02 02:00:00,101,49,320,101,,24,,,87,,,337,121
2016-10-02 03:00:00,71,28,272,163,,14,,,96,,,117,107
2016-10-02 04:00:00,92,346,267,220,,313,,,91,,,134,106
2016-10-02 05:00:00,109,65,52,306,,355,,,98,,,138,115
2016-10-02 06:00:00,55,118,75,134,,58,,,82,,,144,127
2016-10-02 07:00:00,51,114,89,133,,94,,,89,,,120,120
2016-10-02 08:00:00,128,117,87,150,,90,,,90,,,111,88
2016-10-02 09:00:00,125,112,85,128,,119,,,85,,,116,80
2016-10-02 10:00:00,112,128,69,139,,127,,,97,,,117,75
2016-10-02 11:00:00,124,124,85,147,,134,,,54,,,126,99
2016-10-02 12:00:00,72,107,113,164,,121,,,52,,,66,85
2016-10-02 13:00:00,126,139,62,158,,75,,,55,,,119,112
2016-10-02 14:00:00,145,136,24,140,,60,,,88,,,142,107
2016-10-02 15:00:00,140,51,342,73,,53,,,105,,,130,112
2016-10-02 16:00:00,152,87,5,81,,59,,,131,,,111,110
2016-10-02 17:00:00,134,126,73,110,,85,,,109,,,112,87
2016-10-02 18:00:00,133,125,76,114,,117,,,103,,,115,79
2016-10-02 19:00:00,121,127,86,120,,132,,,64,,,128,118
2016-10-02 20:00:00,133,123,77,132,,135,,,157,,,116,137
2016-10-02 21:00:00,179,114,74,136,,140,,,277,,,17,154
2016-10-02 22:00:00,226,101,80,84,,223,,,274,,,270,214
2016-10-02 23:00:00,203,89,57,292,,344,,,131,,,353,200
2016-10-03 00:00:00,267,29,351,312,,300,,,235,,,285,228
2016-10-03 01:00:00,232,54,355,311,,321,,,229,,,322,202
2016-10-03 02:00:00,259,13,324,311,,279,,,200,,,304,188
2016-10-03 03:00:00,241,25,320,315,,296,,,234,,,294,193
2016-10-03 04:00:00,261,313,243,310,,281,,,222,,,298,230
2016-10-03 05:00:00,258,308,247,318,,273,,,250,,,297,239
2016-10-03 06:00:00,232,344,252,325,,270,,,249,,,315,216
2016-10-03 07:00:00,262,335,245,329,,351,,,266,,,329,256
2016-10-03 08:00:00,337,341,278,330,,321,,,257,,,1,236
2016-10-03 09:00:00,219,4,248,314,,33,,,248,,,320,290
2016-10-03 10:00:00,57,20,186,338,,22,,,275,,,61,322
2016-10-03 11:00:00,50,53,329,140,,67,,,99,,,58,71
2016-10-03 12:00:00,88,71,28,126,,68,,,67,,,82,55
2016-10-03 13:00:00,73,98,63,115,,97,,,61,,,85,64
2016-10-03 14:00:00,77,92,64,86,,77,,,85,,,105,56
2016-10-03 15:00:00,90,99,65,86,,75,,,94,,,98,65
2016-10-03 16:00:00,81,111,64,103,,92,,,102,,,,52
2016-10-03 17:00:00,115,108,76,100,,94,,,94,,,96,73
2016-10-03 18:00:00,155,126,69,103,,124,,,84,,,109,67
2016-10-03 19:00:00,133,122,77,122,,147,,,111,,,146,96
2016-10-03 20:00:00,128,120,74,126,,161,,,167,,,111,139
2016-10-03 21:00:00,133,125,60,110,,172,,,227,,,139,154
2016-10-03 22:00:00,139,112,65,97,,276,,,267,,,273,181
2016-10-03 23:00:00,214,114,57,50,,281,,,212,,,3,157
2016-10-04 00:00:00,242,108,35,285,,302,,,265,,,142,188
2016-10-04 01:00:00,226,337,342,285,,279,,,202,,,267,217
2016-10-04 02:00:00,233,350,251,286,,305,,,214,,,308,230
2016-10-04 03:00:00,233,33,319,320,,341,,,239,,,276,228
2016-10-04 04:00:00,238,2,349,305,,296,,,242,,,315,265
2016-10-04 05:00:00,237,23,7,316,,323,,,239,,,306,198
2016-10-04 06:00:00,237,35,330,327,,8,,,246,,,306,244
2016-10-04 07:00:00,258,277,225,308,,305,,,281,,,340,241
2016-10-04 08:00:00,305,322,270,305,,293,,,255,,,349,
2016-10-04 09:00:00,210,333,285,337,,326,,,245,,,311,273
2016-10-04 10:00:00,27,8,312,12,,82,,,215,,,27,54
2016-10-04 11:00:00,26,54,359,240,,97,,,323,,,93,76
2016-10-04 12:00:00,52,89,63,190,,71,,,74,,,120,58
2016-10-04 13:00:00,83,102,63,136,,77,,,69,,,110,68
2016-10-04 14:00:00,90,111,66,93,,101,,,77,,,106,75
2016-10-04 15:00:00,88,108,55,98,,96,,,82,,,96,49
2016-10-04 16:00:00,138,112,61,103,,107,,,88,,,86,76
2016-10-04 17:00:00,146,122,56,102,,109,,,90,,,109,83
2016-10-04 18:00:00,123,124,59,102,,113,,,89,,,138,69
2016-10-04 19:00:00,127,101,58,105,,93,,,120,,,152,93
2016-10-04 20:00:00,134,102,77,116,,136,,,147,,,145,154
2016-10-04 21:00:00,104,101,43,109,,122,,,238,,,134,167
2016-10-04 22:00:00,65,100,40,115,,107,,,80,,,155,120
2016-10-04 23:00:00,16,95,62,141,,107,,,72,,,118,128
2016-10-05 00:00:00,301,108,61,163,,119,,,74,,,88,127
2016-10-05 01:00:00,286,87,30,299,,119,,,132,,,253,182
2016-10-05 02:00:00,333,49,25,283,,92,,,116,,,311,212
2016-10-05 03:00:00,339,71,22,303,,39,,,179,,,266,158
2016-10-05 04:00:00,359,58,66,307,,305,,,53,,,278,212
2016-10-05 05:00:00,313,24,79,285,,299,,,61,,,313,230
2016-10-05 06:00:00,337,34,118,322,,292,,,241,,,312,229
2016-10-05 07:00:00,338,334,230,335,,313,,,257,,,315,221
2016-10-05 08:00:00,20,320,231,348,,301,,,272,,,336,133
2016-10-05 09:00:00,15,349,266,312,,2,,,284,,,67,45
2016-10-05 10:00:00,23,42,323,226,,48,,,350,,,126,81
2016-10-05 11:00:00,61,31,11,51,,127,,,46,,,110,89
2016-10-05 12:00:00,67,96,45,105,,104,,,35,,,111,64
2016-10-05 13:00:00,87,104,56,107,,80,,,66,,,94,67
2016-10-05 14:00:00,66,107,49,92,,95,,,72,,,108,66
2016-10-05 15:00:00,114,111,59,102,,96,,,96,,,99,69
2016-10-05 16:00:00,126,122,76,107,,109,,,82,,,100,74
2016-10-05 17:00:00,137,124,53,109,,114,,,93,,,103,65
2016-10-05 18:00:00,109,102,38,104,,91,,,95,,,117,72
2016-10-05 19:00:00,139,92,22,93,,82,,,91,,,119,86
2016-10-05 20:00:00,152,125,51,90,,112,,,79,,,127,88
2016-10-05 21:00:00,139,102,63,99,,99,,,100,,,112,83
2016-10-05 22:00:00,139,105,70,118,,96,,,79,,,95,67
2016-10-05 23:00:00,36,90,29,75,,62,,,25,,,131,76
2016-10-06 00:00:00,73,88,30,103,,103,,,38,,,138,83
2016-10-06 01:00:00,68,103,61,122,,111,,,77,,,128,88
2016-10-06 02:00:00,14,88,62,138,,90,,,67,,,140,141
2016-10-06 03:00:00,14,95,59,125,,74,,,36,,,36,119
2016-10-06 04:00:00,351,100,59,174,,82,,,74,,,86,122
2016-10-06 05:00:00,339,98,67,265,,110,,,33,,,104,143
2016-10-06 06:00:00,255,121,83,115,,106,,,118,,,142,155
2016-10-06 07:00:00,317,113,80,156,,128,,,157,,,93,147
2016-10-06 08:00:00,281,95,70,260,,70,,,192,,,20,236
2016-10-06 09:00:00,334,104,75,185,,73,,,246,,,346,39
2016-10-06 10:00:00,17,92,81,128,,66,,,290,,,96,80
2016-10-06 11:00:00,34,82,42,61,,76,,,58,,,124,69
2016-10-06 12:00:00,80,87,49,55,,74,,,53,,,121,65
2016-10-06 13:00:00,79,90,35,65,,86,,,69,,,115,53
2016-10-06 14:00:00,80,94,58,77,,79,,,82,,,86,44
2016-10-06 15:00:00,99,96,55,93,,86,,,94,,,93,82
2016-10-06 16:00:00,121,96,52,98,,85,,,91,,,104,92
2016-10-06 17:00:00,124,102,48,98,,89,,,103,,,108,89
2016-10-06 18:00:00,145,100,66,102,,91,,,101,,,115,83
2016-10-06 19:00:00,129,105,65,93,,98,,,120,,,122,104
2016-10-06 20:00:00,127,116,78,99,,175,,,124,,,123,116
2016-10-06 21:00:00,121,85,57,111,,263,,,133,,,138,122
2016-10-06 22:00:00,151,80,21,66,,347,,,197,,,148,118
2016-10-06 23:00:00,77,98,57,92,,100,,,139,,,139,82
2016-10-07 00:00:00,82,92,40,105,,97,,,82,,,131,84
2016-10-07 01:00:00,63,90,27,125,,96,,,75,,,136,95
2016-10-07 02:00:00,78,71,27,132,,76,,,63,,,128,96
2016-10-07 03:00:00,97,94,66,80,,66,,,64,,,124,105
2016-10-07 04:00:00,53,54,30,161,,46,,,35,,,127,114
2016-10-07 05:00:00,57,51,351,48,,49,,,58,,,124,108
2016-10-07 06:00:00,57,41,353,65,,47,,,61,,,62,96
2016-10-07 07:00:00,52,29,340,26,,46,,,50,,,134,78
2016-10-07 08:00:00,22,30,329,23,,46,,,62,,,139,91
2016-10-07 09:00:00,31,36,24,80,,70,,,62,,,141,96
2016-10-07 10:00:00,52,86,57,148,,127,,,74,,,122,87
2016-10-07 11:00:00,75,110,71,117,,95,,,105,,,117,76
2016-10-07 12:00:00,76,101,58,97,,91,,,81,,,107,73
2016-10-07 13:00:00,75,99,63,91,,71,,,73,,,86,60
2016-10-07 14:00:00,83,51,324,74,,32,,,84,,,91,73
2016-10-07 15:00:00,65,59,358,63,,62,,,100,,,82,48
2016-10-07 16:00:00,101,94,332,58,,50,,,67,,,95,65
2016-10-07 17:00:00,92,38,332,63,,51,,,123,,,111,85
2016-10-07 18:00:00,109,41,334,58,,40,,,130,,,122,94
2016-10-07 19:00:00,101,108,30,117,,109,,,80,,,108,79
2016-10-07 20:00:00,119,95,35,115,,107,,,,,,113,96
2016-10-07 21:00:00,84,107,69,104,,123,,,,,,119,80
2016-10-07 22:00:00,88,100,69,108,,133,,,,,,126,77
2016-10-07 23:00:00,91,110,70,120,,117,,,,,,126,88
2016-10-08 00:00:00,106,110,73,120,,108,,,,,,143,94
2016-10-08 01:00:00,93,94,39,116,,92,,,,,,129,103
2016-10-08 02:00:00,72,40,319,72,,16,,,,,,124,77
2016-10-08 03:00:00,70,17,267,151,,105,,,,,,151,101
2016-10-08 04:00:00,156,179,185,127,,79,,,,,,123,75
2016-10-08 05:00:00,141,204,200,112,,42,,,,,,115,77
2016-10-08 06:00:00,157,330,271,71,,31,,,,,,97,65
2016-10-08 07:00:00,27,335,264,330,,100,,,,,,98,109
2016-10-08 08:00:00,86,340,272,30,,28,,,,,,112,101
2016-10-08 09:00:00,108,346,280,129,,22,,,,,,101,102
2016-10-08 10:00:00,31,355,279,235,,41,,,,,,97,107
2016-10-08 11:00:00,16,347,281,250,,47,,,,,,101,81
2016-10-08 12:00:00,41,2,282,95,,38,,,,,,91,68
2016-10-08 13:00:00,49,1,294,140,,41,,,,,,93,68
2016-10-08 14:00:00,66,31,306,43,,36,,,,,,98,68
2016-10-08 15:00:00,68,4,292,39,,33,,,,,,105,73
2016-10-08 16:00:00,88,38,343,60,,30,,,,,,100,77
2016-10-08 17:00:00,58,33,313,55,,42,,,,,,92,63
2016-10-08 18:00:00,85,10,279,58,,38,,,,,,94,64
2016-10-08 19:00:00,68,6,274,62,,54,,,,,,100,62
2016-10-08 20:00:00,22,349,271,126,,317,,,,,,131,78
2016-10-08 21:00:00,53,335,267,246,,244,,,,,,118,87
2016-10-08 22:00:00,115,331,266,270,,277,,,,,,113,92
2016-10-08 23:00:00,81,335,264,227,,152,,,,,,117,108
2016-10-09 00:00:00,91,315,257,275,,147,,,,,,107,104
2016-10-09 01:00:00,66,13,310,191,,97,,,,,,119,109
2016-10-09 02:00:00,21,353,235,45,,85,,,,,,121,107
2016-10-09 03:00:00,346,328,244,156,,308,,,,,,118,105
2016-10-09 04:00:00,24,330,249,137,,314,,,,,,128,102
2016-10-09 05:00:00,54,334,254,111,,49,,,,,,125,84
2016-10-09 06:00:00,31,350,282,167,,264,,,,,,125,87
2016-10-09 07:00:00,26,353,280,290,,82,,,,,,133,79
2016-10-09 08:00:00,23,5,298,294,,63,,,,,,128,65
2016-10-09 09:00:00,46,13,302,25,,47,,,,,,118,60
2016-10-09 10:00:00,71,35,38,93,,71,,,,,,109,57
2016-10-09 11:00:00,73,80,59,64,,79,,,,,,98,62
2016-10-09 12:00:00,75,119,64,93,,87,,,,,,92,58
2016-10-09 13:00:00,84,109,58,104,,68,,,,,,92,69
2016-10-09 14:00:00,80,108,49,105,,44,,,,,,88,83
2016-10-09 15:00:00,95,102,26,66,,47,,,,,,119,101
2016-10-09 16:00:00,133,77,58,72,,69,,,,,,116,102
2016-10-09 17:00:00,151,94,67,107,,40,,,,,,120,115
2016-10-09 18:00:00,150,132,81,113,,39,,,,,,110,101
2016-10-09 19:00:00,123,128,62,127,,39,,,,,,87,85
2016-10-09 20:00:00,140,106,70,117,,309,,,,,,81,92
2016-10-09 21:00:00,140,102,77,108,,274,,,,,,106,106
2016-10-09 22:00:00,126,104,106,98,,276,,,,,,102,106
2016-10-09 23:00:00,98,85,27,91,,45,,,,,,98,76
2016-10-10 00:00:00,94,105,67,90,,94,,,,,,121,58
2016-10-10 01:00:00,127,125,80,108,,118,,,,,,131,78
2016-10-10 02:00:00,100,118,80,110,,116,,,,,,134,79
2016-10-10 03:00:00,56,109,70,113,,114,,,,,,138,86
2016-10-10 04:00:00,106,99,63,108,,41,,,,,,217,147
2016-10-10 05:00:00,76,96,55,104,,42,,,,,,132,156
2016-10-10 06:00:00,43,93,29,107,,37,,,,,,6,158
2016-10-10 07:00:00,34,85,17,108,,56,,,,,,30,198
2016-10-10 08:00:00,117,106,70,114,,86,,,,,,117,257
2016-10-10 09:00:00,113,111,53,115,,90,,,85,,,117,87
2016-10-10 10:00:00,78,99,43,107,,105,,,84,,,114,80
2016-10-10 11:00:00,83,109,56,110,,98,,,75,,,101,59
2016-10-10 12:00:00,92,110,54,110,,101,,,93,,,70,57
2016-10-10 13:00:00,86,118,67,95,,104,,,100,,,79,74
2016-10-10 14:00:00,90,109,66,107,,108,,,91,,,100,71
2016-10-10 15:00:00,91,87,66,114,,111,,,99,,,108,77
2016-10-10 16:00:00,124,131,69,106,,110,,,88,,,109,85
2016-10-10 17:00:00,147,138,68,125,,127,,,89,,,106,79
2016-10-10 18:00:00,140,126,85,125,,115,,,108,,,112,70
2016-10-10 19:00:00,123,122,81,124,,103,,,123,,,130,64
2016-10-10 20:00:00,113,107,66,113,,94,,,140,,,147,68
2016-10-10 21:00:00,96,113,80,105,,128,,,182,,,127,66
2016-10-10 22:00:00,81,117,78,106,,227,,,216,,,157,107
2016-10-10 23:00:00,88,71,353,212,,331,,,204,,,238,158
2016-10-11 00:00:00,62,80,52,198,,218,,,12,,,320,226
2016-10-11 01:00:00,61,93,46,102,,89,,,68,,,307,212
2016-10-11 02:00:00,34,89,34,166,,92,,,72,,,116,139
2016-10-11 03:00:00,25,40,2,255,,74,,,64,,,91,107
2016-10-11 04:00:00,123,41,266,239,,354,,,49,,,91,126
2016-10-11 05:00:00,273,33,254,305,,296,,,186,,,349,219
2016-10-11 06:00:00,13,16,242,306,,275,,,282,,,313,222
2016-10-11 07:00:00,358,303,248,308,,297,,,134,,,315,207
2016-10-11 08:00:00,49,337,275,319,,345,,,278,,,297,269
2016-10-11 09:00:00,31,333,311,296,,51,,,301,,,67,74
2016-10-11 10:00:00,342,30,284,51,,90,,,315,,,131,70
2016-10-11 11:00:00,98,66,354,159,,96,,,102,,,113,70
2016-10-11 12:00:00,74,116,51,140,,72,,,62,,,102,71
2016-10-11 13:00:00,72,106,72,92,,102,,,82,,,108,73
2016-10-11 14:00:00,73,94,66,92,,79,,,91,,,95,59
2016-10-11 15:00:00,75,107,62,70,,93,,,99,,,95,67
2016-10-11 16:00:00,87,114,58,94,,89,,,92,,,103,84
2016-10-11 17:00:00,127,116,56,109,,108,,,88,,,122,95
2016-10-11 18:00:00,146,126,64,100,,119,,,88,,,115,88
2016-10-11 19:00:00,146,125,63,97,,154,,,111,,,143,129
2016-10-11 20:00:00,120,107,72,100,,167,,,158,,,147,149
2016-10-11 21:00:00,92,82,57,113,,238,,,227,,,142,153
2016-10-11 22:00:00,270,129,64,126,,233,,,230,,,141,194
2016-10-11 23:00:00,234,354,358,279,,272,,,210,,,250,279
2016-10-12 00:00:00,224,206,316,290,,234,,,234,,,328,258
2016-10-12 01:00:00,198,71,312,295,,143,,,222,,,309,264
2016-10-12 02:00:00,212,47,342,323,,126,,,81,,,331,254
2016-10-12 03:00:00,236,355,310,304,,306,,,255,,,290,240
2016-10-12 04:00:00,230,34,278,281,,216,,,249,,,224,277
2016-10-12 05:00:00,222,347,247,310,,115,,,257,,,273,252
2016-10-12 06:00:00,224,324,243,320,,157,,,250,,,312,236
2016-10-12 07:00:00,228,337,234,324,,24,,,244,,,298,262
2016-10-12 08:00:00,239,337,241,318,,134,,,247,,,331,294
2016-10-12 09:00:00,250,,255,339,,134,,,236,,,323,256
2016-10-12 10:00:00,42,14,301,189,,106,,,222,,,81,64
2016-10-12 11:00:00,103,112,71,122,,93,,,56,,,117,102
2016-10-12 12:00:00,102,102,64,115,,93,,,85,,,120,82
2016-10-12 13:00:00,81,118,60,109,,92,,,101,,,115,72
2016-10-12 14:00:00,54,107,80,98,,93,,,98,,,105,64
2016-10-12 15:00:00,69,102,75,81,,94,,,94,,,98,58
2016-10-12 16:00:00,133,128,50,104,,80,,,92,,,92,65
2016-10-12 17:00:00,132,118,61,101,,99,,,92,,,118,89
2016-10-12 18:00:00,142,119,75,108,,106,,,95,,,125,89
2016-10-12 19:00:00,132,125,73,107,,108,,,107,,,142,91
2016-10-12 20:00:00,128,124,71,113,,120,,,121,,,128,150
2016-10-12 21:00:00,105,72,7,109,,282,,,140,,,131,176
2016-10-12 22:00:00,82,56,20,117,,269,,,92,,,124,175
2016-10-12 23:00:00,36,107,71,108,,105,,,61,,,156,141
2016-10-13 00:00:00,328,100,66,147,,80,,,99,,,143,138
2016-10-13 01:00:00,344,69,12,313,,28,,,105,,,324,189
2016-10-13 02:00:00,48,28,4,240,,4,,,46,,,24,206
2016-10-13 03:00:00,21,49,27,238,,60,,,51,,,106,159
2016-10-13 04:00:00,308,46,9,291,,290,,,134,,,230,217
2016-10-13 05:00:00,36,44,335,280,,232,,,190,,,288,205
2016-10-13 06:00:00,358,354,6,285,,323,,,127,,,280,221
2016-10-13 07:00:00,2,17,350,297,,95,,,243,,,343,71
2016-10-13 08:00:00,335,25,5,216,,67,,,359,,,352,74
2016-10-13 09:00:00,344,20,11,234,,65,,,26,,,127,67
2016-10-13 10:00:00,18,71,50,297,,60,,,102,,,116,71
2016-10-13 11:00:00,50,98,62,118,,95,,,56,,,115,67
2016-10-13 12:00:00,53,104,73,116,,94,,,77,,,108,67
2016-10-13 13:00:00,97,114,66,101,,92,,,79,,,92,67
2016-10-13 14:00:00,131,117,49,99,,101,,,85,,,89,66
2016-10-13 15:00:00,150,117,64,107,,97,,,104,,,87,68
2016-10-13 16:00:00,142,114,82,115,,96,,,107,,,96,82
2016-10-13 17:00:00,145,117,76,111,,108,,,110,,,90,78
2016-10-13 18:00:00,152,129,76,118,,115,,,132,,,95,69
2016-10-13 19:00:00,153,127,82,139,,106,,,134,,,105,72
2016-10-13 20:00:00,149,121,76,131,,107,,,143,,,110,76
2016-10-13 21:00:00,119,112,56,109,,101,,,131,,,118,73
2016-10-13 22:00:00,127,106,59,103,,101,,,95,,,98,64
2016-10-13 23:00:00,136,95,36,96,,94,,,79,,,110,66
2016-10-14 00:00:00,49,74,15,102,,73,,,64,,,128,75
2016-10-14 01:00:00,51,96,29,92,,97,,,68,,,127,90
2016-10-14 02:00:00,57,104,33,119,,110,,,77,,,134,96
2016-10-14 03:00:00,48,104,50,130,,106,,,61,,,127,111
2016-10-14 04:00:00,46,109,69,126,,107,,,69,,,131,112
2016-10-14 05:00:00,18,90,66,178,,91,,,74,,,144,120
2016-10-14 06:00:00,9,78,68,241,,50,,,87,,,123,150
2016-10-14 07:00:00,22,86,80,244,,70,,,86,,,99,138
2016-10-14 08:00:00,11,60,21,255,,50,,,116,,,113,89
2016-10-14 09:00:00,3,14,359,282,,53,,,55,,,126,117
2016-10-14 10:00:00,358,45,,278,,83,,,48,,,138,99
2016-10-14 11:00:00,31,41,26,183,,96,,,41,,,139,91
2016-10-14 12:00:00,51,105,70,119,,107,,,53,,,117,76
2016-10-14 13:00:00,79,119,62,102,,94,,,72,,,91,64
2016-10-14 14:00:00,127,118,57,106,,97,,,81,,,90,71
2016-10-14 15:00:00,150,117,56,103,,99,,,91,,,96,77
2016-10-14 16:00:00,155,117,37,114,,101,,,104,,,103,85
2016-10-14 17:00:00,160,125,49,120,,104,,,118,,,104,83
2016-10-14 18:00:00,144,132,77,127,,110,,,128,,,93,69
2016-10-14 19:00:00,145,124,87,124,,94,,,154,,,124,64
2016-10-14 20:00:00,171,123,76,125,,173,,,121,,,124,104
2016-10-14 21:00:00,166,102,52,113,,267,,,296,,,127,123
2016-10-14 22:00:00,100,106,56,108,,95,,,307,,,136,107
2016-10-14 23:00:00,99,103,74,105,,105,,,74,,,150,116
2016-10-15 00:00:00,67,95,39,118,,93,,,91,,,147,115
2016-10-15 01:00:00,31,56,12,164,,58,,,77,,,128,136
2016-10-15 02:00:00,59,69,20,241,,16,,,52,,,59,120
2016-10-15 03:00:00,60,79,30,277,,72,,,44,,,111,114
2016-10-15 04:00:00,52,47,17,273,,321,,,54,,,62,119
2016-10-15 05:00:00,8,23,16,245,,18,,,51,,,111,144
2016-10-15 06:00:00,48,29,7,258,,160,,,194,,,24,174
2016-10-15 07:00:00,303,43,351,3,,274,,,228,,,310,231
2016-10-15 08:00:00,329,64,5,331,,213,,,252,,,58,78
2016-10-15 09:00:00,13,57,357,296,,47,,,64,,,125,81
2016-10-15 10:00:00,15,18,355,266,,50,,,70,,,117,74
2016-10-15 11:00:00,8,61,52,,,88,,,62,,,128,94
2016-10-15 12:00:00,26,100,71,111,,107,,,77,,,115,83
2016-10-15 13:00:00,86,106,72,85,,88,,,74,,,121,87
2016-10-15 14:00:00,122,108,71,91,,97,,,91,,,117,99
2016-10-15 15:00:00,128,123,83,100,,98,,,106,,,119,92
2016-10-15 16:00:00,162,130,79,103,,103,,,93,,,114,89
2016-10-15 17:00:00,154,128,78,107,,122,,,107,,,120,84
2016-10-15 18:00:00,136,130,95,125,,117,,,119,,,150,84
2016-10-15 19:00:00,151,123,91,135,,199,,,139,,,135,150
2016-10-15 20:00:00,144,144,63,117,,252,,,156,,,107,214
2016-10-15 21:00:00,137,141,51,119,,267,,,157,,,111,218
2016-10-15 22:00:00,117,96,46,107,,118,,,280,,,87,179
2016-10-15 23:00:00,76,110,72,112,,131,,,64,,,128,126
2016-10-16 00:00:00,313,104,50,321,,101,,,74,,,1,141
2016-10-16 01:00:00,341,92,32,283,,37,,,81,,,2,216
2016-10-16 02:00:00,1,40,4,267,,54,,,82,,,278,237
2016-10-16 03:00:00,341,69,54,304,,308,,,37,,,333,182
2016-10-16 04:00:00,321,23,9,296,,294,,,131,,,213,199
2016-10-16 05:00:00,345,24,359,313,,296,,,184,,,315,193
2016-10-16 06:00:00,14,29,338,301,,238,,,81,,,12,147
2016-10-16 07:00:00,10,8,313,295,,39,,,76,,,44,190
2016-10-16 08:00:00,11,329,285,301,,319,,,247,,,300,266
2016-10-16 09:00:00,5,331,261,313,,316,,,288,,,360,206
2016-10-16 10:00:00,34,333,294,289,,50,,,350,,,68,81
2016-10-16 11:00:00,360,359,71,234,,102,,,27,,,81,75
2016-10-16 12:00:00,39,106,69,218,,111,,,47,,,99,76
2016-10-16 13:00:00,96,92,62,141,,98,,,70,,,104,71
2016-10-16 14:00:00,91,106,62,112,,101,,,66,,,110,64
2016-10-16 15:00:00,68,109,80,100,,92,,,85,,,104,61
2016-10-16 16:00:00,142,121,85,101,,107,,,93,,,101,74
2016-10-16 17:00:00,149,125,88,105,,113,,,94,,,104,79
2016-10-16 18:00:00,136,123,87,115,,112,,,113,,,160,67
2016-10-16 19:00:00,137,118,93,106,,181,,,118,,,140,117
2016-10-16 20:00:00,150,119,73,128,,252,,,159,,,139,154
2016-10-16 21:00:00,159,135,23,101,,247,,,186,,,94,192
2016-10-16 22:00:00,162,67,,126,,253,,,326,,,222,242
2016-10-16 23:00:00,234,81,41,118,,124,,,248,,,192,155
2016-10-17 00:00:00,12,102,66,143,,105,,,83,,,323,181
2016-10-17 01:00:00,258,24,7,311,,291,,,191,,,329,209
2016-10-17 02:00:00,263,23,31,284,,43,,,252,,,293,250
2016-10-17 03:00:00,266,38,6,299,,321,,,134,,,303,238
2016-10-17 04:00:00,279,5,343,306,,313,,,217,,,275,201
2016-10-17 05:00:00,327,29,338,309,,309,,,209,,,303,185
2016-10-17 06:00:00,12,65,335,311,,229,,,96,,,295,177
2016-10-17 07:00:00,8,25,360,93,,82,,,68,,,126,120
2016-10-17 08:00:00,358,20,356,42,,47,,,182,,,94,85
2016-10-17 09:00:00,36,343,275,325,,4,,,44,,,353,101
2016-10-17 10:00:00,355,318,238,285,,300,,,274,,,59,90
2016-10-17 11:00:00,3,343,237,288,,66,,,279,,,76,87
2016-10-17 12:00:00,17,323,338,199,,133,,,31,,,105,99
2016-10-17 13:00:00,63,57,66,185,,119,,,82,,,111,79
2016-10-17 14:00:00,108,112,41,98,,108,,,125,,,109,80
2016-10-17 15:00:00,96,103,68,106,,91,,,53,,,110,75
2016-10-17 16:00:00,77,116,73,104,,100,,,80,,,107,71
2016-10-17 17:00:00,140,123,90,101,,111,,,93,,,112,83
2016-10-17 18:00:00,133,127,93,99,,140,,,104,,,145,111
2016-10-17 19:00:00,144,121,88,124,,211,,,142,,,154,131
2016-10-17 20:00:00,156,134,89,130,,233,,,170,,,126,159
2016-10-17 21:00:00,146,184,79,85,,272,,,226,,,125,217
2016-10-17 22:00:00,166,145,61,111,,248,,,303,,,336,261
2016-10-17 23:00:00,251,29,31,105,,198,,,291,,,329,253
2016-10-18 00:00:00,274,102,54,176,,123,,,28,,,297,227
2016-10-18 01:00:00,269,52,55,259,,99,,,41,,,337,194
2016-10-18 02:00:00,271,34,16,290,,34,,,215,,,263,188
2016-10-18 03:00:00,255,17,11,287,,293,,,90,,,290,205
2016-10-18 04:00:00,257,14,308,300,,290,,,220,,,310,204
2016-10-18 05:00:00,298,24,351,323,,302,,,268,,,305,219
2016-10-18 06:00:00,312,320,276,304,,310,,,194,,,295,215
2016-10-18 07:00:00,356,301,258,293,,339,,,233,,,356,168
2016-10-18 08:00:00,11,324,246,296,,326,,,292,,,330,134
2016-10-18 09:00:00,16,340,290,304,,334,,,308,,,336,200
2016-10-18 10:00:00,40,352,265,262,,24,,,312,,,73,115
2016-10-18 11:00:00,32,35,331,238,,62,,,12,,,91,73
2016-10-18 12:00:00,41,23,12,145,,85,,,7,,,90,74
2016-10-18 13:00:00,78,78,65,101,,85,,,45,,,114,77
2016-10-18 14:00:00,75,115,58,86,,86,,,67,,,107,78
2016-10-18 15:00:00,79,106,47,102,,87,,,96,,,101,65
2016-10-18 16:00:00,79,114,64,104,,84,,,93,,,98,63
2016-10-18 17:00:00,136,127,78,102,,105,,,88,,,110,79
2016-10-18 18:00:00,134,130,96,118,,120,,,104,,,134,98
2016-10-18 19:00:00,131,129,99,127,,222,,,127,,,162,143
2016-10-18 20:00:00,73,104,74,80,,251,,,214,,,126,162
2016-10-18 21:00:00,144,49,,24,,237,,,279,,,113,151
2016-10-18 22:00:00,80,82,23,143,,109,,,238,,,138,142
2016-10-18 23:00:00,6,96,64,151,,94,,,58,,,141,138
2016-10-19 00:00:00,337,81,27,280,,58,,,82,,,137,137
2016-10-19 01:00:00,12,49,25,250,,4,,,75,,,72,208
2016-10-19 02:00:00,29,55,31,220,,44,,,47,,,25,193
2016-10-19 03:00:00,328,47,28,278,,99,,,71,,,236,251
2016-10-19 04:00:00,242,27,21,289,,296,,,219,,,284,232
2016-10-19 05:00:00,251,27,343,298,,301,,,265,,,285,248
2016-10-19 06:00:00,241,20,21,321,,287,,,248,,,318,184
2016-10-19 07:00:00,233,12,329,342,,317,,,233,,,307,242
2016-10-19 08:00:00,71,32,327,284,,346,,,252,,,320,81
2016-10-19 09:00:00,352,343,314,300,,59,,,4,,,110,96
2016-10-19 10:00:00,8,1,334,273,,93,,,14,,,116,77
2016-10-19 11:00:00,34,50,38,141,,109,,,29,,,105,76
2016-10-19 12:00:00,78,97,51,110,,104,,,50,,,106,64
2016-10-19 13:00:00,67,90,57,117,,93,,,74,,,120,83
2016-10-19 14:00:00,62,91,67,98,,83,,,69,,,110,78
2016-10-19 15:00:00,78,109,72,95,,87,,,82,,,101,65
2016-10-19 16:00:00,137,135,86,104,,104,,,96,,,93,76
2016-10-19 17:00:00,153,135,90,114,,121,,,109,,,119,87
2016-10-19 18:00:00,131,123,94,130,,126,,,139,,,145,98
2016-10-19 19:00:00,92,117,106,105,,226,,,144,,,156,162
2016-10-19 20:00:00,202,58,340,114,,251,,,254,,,107,187
2016-10-19 21:00:00,266,35,359,286,,227,,,247,,,131,183
2016-10-19 22:00:00,78,106,51,109,,93,,,249,,,133,121
2016-10-19 23:00:00,302,104,62,117,,106,,,67,,,146,139
2016-10-20 00:00:00,73,86,31,259,,96,,,356,,,133,149
2016-10-20 01:00:00,84,67,16,276,,48,,,77,,,352,212
2016-10-20 02:00:00,95,67,15,253,,60,,,51,,,42,129
2016-10-20 03:00:00,12,55,8,290,,18,,,59,,,321,242
2016-10-20 04:00:00,308,61,3,284,,302,,,104,,,355,253
2016-10-20 05:00:00,237,44,266,289,,300,,,28,,,287,259
2016-10-20 06:00:00,254,4,293,315,,300,,,114,,,290,258
2016-10-20 07:00:00,228,316,295,319,,290,,,248,,,343,207
2016-10-20 08:00:00,245,338,304,287,,286,,,239,,,330,252
2016-10-20 09:00:00,337,324,292,272,,260,,,229,,,103,77
2016-10-20 10:00:00,3,335,306,277,,86,,,247,,,128,77
2016-10-20 11:00:00,326,4,285,193,,141,,,299,,,112,98
2016-10-20 12:00:00,45,93,344,133,,134,,,323,,,104,68
2016-10-20 13:00:00,42,354,58,3,,288,,,157,,,83,31
2016-10-20 14:00:00,220,218,168,100,,255,,,88,,,67,266
2016-10-20 15:00:00,232,239,194,81,,290,,,238,,,145,231
2016-10-20 16:00:00,344,332,244,34,,25,,,252,,,146,128
2016-10-20 17:00:00,261,317,254,29,,208,,,265,,,147,84
2016-10-20 18:00:00,22,334,269,,,15,,,260,,,171,41
2016-10-20 19:00:00,17,351,280,354,,351,,,312,,,206,172
2016-10-20 20:00:00,79,357,281,49,,69,,,31,,,135,91
2016-10-20 21:00:00,53,350,269,4,,70,,,19,,,116,102
2016-10-20 22:00:00,149,317,227,108,,123,,,145,,,128,77
2016-10-20 23:00:00,110,251,164,104,,102,,,193,,,162,343
2016-10-21 00:00:00,92,330,236,32,,291,,,256,,,116,95
2016-10-21 01:00:00,5,342,271,10,,343,,,341,,,125,100
2016-10-21 02:00:00,87,303,245,10,,299,,,228,,,125,110
2016-10-21 03:00:00,243,278,208,307,,257,,,228,,,115,93
2016-10-21 04:00:00,231,242,211,71,,265,,,239,,,122,85
2016-10-21 05:00:00,256,330,252,23,,283,,,234,,,114,89
2016-10-21 06:00:00,340,214,261,210,,280,,,312,,,110,86
2016-10-21 07:00:00,255,257,262,109,,83,,,253,,,47,85
2016-10-21 08:00:00,297,312,277,136,,80,,,248,,,3,96
2016-10-21 09:00:00,21,24,283,115,,67,,,252,,,108,94
2016-10-21 10:00:00,353,23,293,306,,39,,,24,,,98,90
2016-10-21 11:00:00,7,1,289,319,,12,,,44,,,107,99
2016-10-21 12:00:00,306,345,249,306,,342,,,22,,,32,305
2016-10-21 13:00:00,352,323,241,309,,261,,,327,,,264,274
2016-10-21 14:00:00,349,343,266,333,,5,,,270,,,231,63
2016-10-21 15:00:00,28,344,262,204,,95,,,295,,,119,103
2016-10-21 16:00:00,29,6,269,53,,42,,,37,,,121,88
2016-10-21 17:00:00,67,53,212,66,,50,,,62,,,118,99
2016-10-21 18:00:00,106,78,17,95,,175,,,123,,,124,111
2016-10-21 19:00:00,130,95,58,73,,284,,,145,,,112,85
2016-10-21 20:00:00,133,218,104,157,,248,,,251,,,146,77
2016-10-21 21:00:00,310,250,197,97,,237,,,241,,,155,113
2016-10-21 22:00:00,299,243,254,140,,249,,,280,,,127,197
2016-10-21 23:00:00,203,310,282,289,,250,,,120,,,226,231
2016-10-22 00:00:00,156,319,241,296,,289,,,236,,,310,250
2016-10-22 01:00:00,259,292,227,287,,267,,,214,,,326,181
2016-10-22 02:00:00,254,341,248,308,,194,,,221,,,317,249
2016-10-22 03:00:00,230,10,243,309,,21,,,202,,,305,244
2016-10-22 04:00:00,217,313,140,308,,164,,,131,,,346,149
2016-10-22 05:00:00,254,59,34,312,,273,,,240,,,305,189
2016-10-22 06:00:00,242,83,317,296,,212,,,210,,,320,235
2016-10-22 07:00:00,293,75,275,292,,90,,,205,,,353,258
2016-10-22 08:00:00,86,91,326,328,,84,,,78,,,347,248
2016-10-22 09:00:00,87,103,11,141,,78,,,85,,,116,80
2016-10-22 10:00:00,84,114,79,157,,90,,,78,,,121,80
2016-10-22 11:00:00,86,107,59,120,,96,,,67,,,107,76
2016-10-22 12:00:00,69,118,68,100,,97,,,86,,,109,75
2016-10-22 13:00:00,59,110,62,106,,83,,,80,,,104,65
2016-10-22 14:00:00,51,109,59,98,,87,,,79,,,82,61
2016-10-22 15:00:00,100,109,69,97,,89,,,88,,,86,69
2016-10-22 16:00:00,75,111,47,96,,84,,,88,,,88,74
2016-10-22 17:00:00,102,106,59,100,,96,,,85,,,106,82
2016-10-22 18:00:00,95,102,49,94,,84,,,85,,,112,83
2016-10-22 19:00:00,119,94,32,90,,80,,,78,,,117,72
2016-10-22 20:00:00,130,104,75,102,,7,,,85,,,141,71
2016-10-22 21:00:00,138,115,77,119,,255,,,90,,,151,77
2016-10-22 22:00:00,134,103,73,143,,252,,,95,,,194,147
2016-10-22 23:00:00,109,109,78,313,,217,,,271,,,272,229
2016-10-23 00:00:00,112,116,72,182,,200,,,,,,288,228
2016-10-23 01:00:00,279,119,76,132,,144,,,72,,,347,168
2016-10-23 02:00:00,246,98,77,326,,130,,,113,,,293,193
2016-10-23 03:00:00,256,96,54,296,,136,,,184,,,221,179
2016-10-23 04:00:00,295,55,323,290,,126,,,248,,,284,211
2016-10-23 05:00:00,314,33,345,313,,330,,,195,,,317,240
2016-10-23 06:00:00,333,356,336,302,,326,,,107,,,296,220
2016-10-23 07:00:00,357,355,326,296,,286,,,222,,,82,193
2016-10-23 08:00:00,355,40,273,266,,331,,,158,,,26,104
2016-10-23 09:00:00,24,109,136,175,,90,,,300,,,100,70
2016-10-23 10:00:00,67,20,74,165,,75,,,35,,,101,77
2016-10-23 11:00:00,49,108,58,136,,100,,,29,,,116,83
2016-10-23 12:00:00,63,106,65,86,,113,,,73,,,113,72
2016-10-23 13:00:00,74,117,68,115,,100,,,71,,,109,63
2016-10-23 14:00:00,105,118,69,96,,102,,,84,,,106,81
2016-10-23 15:00:00,149,111,64,100,,100,,,86,,,107,78
2016-10-23 16:00:00,129,120,55,104,,111,,,96,,,100,69
2016-10-23 17:00:00,140,121,75,111,,104,,,101,,,110,77
2016-10-23 18:00:00,141,121,77,110,,113,,,126,,,121,63
2016-10-23 19:00:00,127,124,82,114,,95,,,233,,,129,87
2016-10-23 20:00:00,112,105,67,132,,117,,,235,,,177,132
2016-10-23 21:00:00,85,98,62,274,,261,,,330,,,177,141
2016-10-23 22:00:00,117,64,43,176,,240,,,269,,,175,151
2016-10-23 23:00:00,46,73,11,174,,219,,,149,,,277,119
2016-10-24 00:00:00,315,88,70,161,,93,,,58,,,140,121
2016-10-24 01:00:00,310,87,62,210,,262,,,205,,,125,170
2016-10-24 02:00:00,343,26,60,264,,241,,,141,,,275,183
2016-10-24 03:00:00,293,14,14,138,,47,,,80,,,58,174
2016-10-24 04:00:00,252,23,220,272,,267,,,205,,,255,168
2016-10-24 05:00:00,287,25,282,250,,332,,,154,,,308,155
2016-10-24 06:00:00,254,33,308,294,,334,,,188,,,304,198
2016-10-24 07:00:00,228,5,274,286,,24,,,226,,,37,230
2016-10-24 08:00:00,259,11,280,303,,41,,,163,,,175,222
2016-10-24 09:00:00,10,11,238,244,,117,,,276,,,89,95
2016-10-24 10:00:00,18,20,55,138,,98,,,238,,,46,160
2016-10-24 11:00:00,37,36,45,39,,171,,,336,,,99,86
2016-10-24 12:00:00,25,121,48,127,,116,,,268,,,132,87
2016-10-24 13:00:00,69,88,57,125,,94,,,214,,,119,56
2016-10-24 14:00:00,78,114,61,115,,87,,,95,,,114,61
2016-10-24 15:00:00,90,116,49,101,,96,,,81,,,94,55
2016-10-24 16:00:00,100,119,46,98,,133,,,86,,,89,71
2016-10-24 17:00:00,105,104,32,108,,113,,,89,,,122,79
2016-10-24 18:00:00,96,79,12,103,,69,,,84,,,134,97
2016-10-24 19:00:00,64,81,11,113,,62,,,92,,,131,99
2016-10-24 20:00:00,40,96,47,128,,321,,,338,,,141,114
2016-10-24 21:00:00,72,105,71,113,,139,,,278,,,136,85
2016-10-24 22:00:00,58,111,73,109,,107,,,86,,,137,89
2016-10-24 23:00:00,72,104,67,109,,103,,,75,,,135,71
2016-10-25 00:00:00,78,104,57,107,,94,,,75,,,133,69
2016-10-25 01:00:00,72,101,38,104,,88,,,72,,,157,88
2016-10-25 02:00:00,67,103,36,105,,93,,,72,,,155,94
2016-10-25 03:00:00,62,100,31,101,,78,,,82,,,131,107
2016-10-25 04:00:00,66,106,33,101,,81,,,80,,,127,121
2016-10-25 05:00:00,79,98,36,107,,79,,,84,,,122,106
2016-10-25 06:00:00,72,100,30,110,,89,,,95,,,126,103
2016-10-25 07:00:00,71,99,29,101,,49,,,63,,,114,100
2016-10-25 08:00:00,67,98,63,93,,48,,,67,,,138,86
2016-10-25 09:00:00,78,107,59,101,,88,,,82,,,139,86
2016-10-25 10:00:00,84,116,71,104,,96,,,78,,,127,74
2016-10-25 11:00:00,70,115,77,96,,93,,,80,,,100,75
2016-10-25 12:00:00,80,112,80,104,,98,,,76,,,100,62
2016-10-25 13:00:00,133,117,70,99,,110,,,81,,,94,70
2016-10-25 14:00:00,139,109,62,102,,95,,,93,,,94,73
2016-10-25 15:00:00,124,104,56,102,,97,,,93,,,100,81
2016-10-25 16:00:00,144,121,64,110,,90,,,103,,,93,79
2016-10-25 17:00:00,154,131,69,119,,106,,,122,,,101,75
2016-10-25 18:00:00,135,124,79,119,,118,,,133,,,119,65
2016-10-25 19:00:00,132,128,84,134,,112,,,316,,,131,67
2016-10-25 20:00:00,140,106,55,111,,102,,,301,,,121,72
2016-10-25 21:00:00,93,101,37,100,,96,,,97,,,,68
2016-10-25 22:00:00,108,107,58,105,,96,,,88,,,,61
2016-10-25 23:00:00,139,105,48,103,,110,,,86,,,136,75
2016-10-26 00:00:00,82,65,359,98,,69,,,67,,,196,134
2016-10-26 01:00:00,61,56,20,156,,54,,,66,,,151,133
2016-10-26 02:00:00,61,50,6,234,,47,,,63,,,132,114
2016-10-26 03:00:00,34,17,15,258,,46,,,44,,,108,104
2016-10-26 04:00:00,93,29,36,264,,40,,,31,,,182,191
2016-10-26 05:00:00,41,17,296,278,,1,,,61,,,192,174
2016-10-26 06:00:00,38,30,282,280,,47,,,53,,,221,231
2016-10-26 07:00:00,82,23,338,266,,309,,,65,,,210,235
2016-10-26 08:00:00,47,48,3,264,,55,,,89,,,344,271
2016-10-26 09:00:00,1,7,6,228,,105,,,87,,,84,69
2016-10-26 10:00:00,17,40,41,109,,91,,,29,,,105,82
2016-10-26 11:00:00,19,127,82,137,,96,,,68,,,128,103
2016-10-26 12:00:00,81,102,52,120,,90,,,37,,,104,70
2016-10-26 13:00:00,96,111,62,105,,102,,,84,,,98,62
2016-10-26 14:00:00,134,110,54,99,,90,,,91,,,108,91
2016-10-26 15:00:00,133,107,65,111,,103,,,94,,,105,91
2016-10-26 16:00:00,151,111,69,115,,101,,,95,,,120,102
2016-10-26 17:00:00,152,115,65,132,,103,,,116,,,111,115
2016-10-26 18:00:00,151,127,59,126,,107,,,133,,,123,121
2016-10-26 19:00:00,118,126,81,118,,147,,,90,,,120,173
2016-10-26 20:00:00,124,126,81,124,,164,,,190,,,128,146
2016-10-26 21:00:00,128,103,43,133,,142,,,289,,,145,158
2016-10-26 22:00:00,67,106,70,105,,112,,,57,,,142,145
2016-10-26 23:00:00,142,101,42,113,,96,,,80,,,138,145
2016-10-27 00:00:00,61,72,24,127,,356,,,63,,,130,121
2016-10-27 01:00:00,40,23,14,263,,280,,,70,,,99,126
2016-10-27 02:00:00,29,11,22,256,,299,,,49,,,108,116
2016-10-27 03:00:00,35,5,358,255,,296,,,276,,,232,199
2016-10-27 04:00:00,216,29,316,283,,289,,,232,,,274,236
2016-10-27 05:00:00,239,6,274,282,,274,,,270,,,225,183
2016-10-27 06:00:00,246,336,239,301,,285,,,275,,,286,235
2016-10-27 07:00:00,247,317,241,280,,289,,,281,,,288,206
2016-10-27 08:00:00,257,346,272,308,,300,,,248,,,357,346
2016-10-27 09:00:00,31,10,322,262,,83,,,266,,,111,76
2016-10-27 10:00:00,24,98,44,205,,113,,,4,,,122,
2016-10-27 11:00:00,100,111,78,118,,115,,,64,,,108,73
2016-10-27 12:00:00,92,109,70,120,,102,,,73,,,114,88
2016-10-27 13:00:00,119,108,68,116,,106,,,86,,,102,102
2016-10-27 14:00:00,143,117,62,102,,90,,,106,,,107,97
2016-10-27 15:00:00,103,95,59,101,,15,,,96,,,105,94
2016-10-27 16:00:00,97,104,59,68,,48,,,110,,,102,91
2016-10-27 17:00:00,124,113,45,110,,63,,,144,,,107,108
2016-10-27 18:00:00,141,99,57,108,,90,,,134,,,105,101
2016-10-27 19:00:00,140,114,59,111,,106,,,119,,,108,103
2016-10-27 20:00:00,142,127,87,121,,128,,,125,,,101,109
2016-10-27 21:00:00,147,141,88,125,,134,,,137,,,100,123
2016-10-27 22:00:00,150,122,52,108,,91,,,152,,,134,134
2016-10-27 23:00:00,121,92,29,89,,123,,,133,,,139,121
2016-10-28 00:00:00,135,113,60,105,,120,,,73,,,150,91
2016-10-28 01:00:00,141,124,71,120,,105,,,103,,,158,131
2016-10-28 02:00:00,133,106,26,123,,84,,,337,,,322,155
2016-10-28 03:00:00,143,70,298,274,,309,,,300,,,39,241
2016-10-28 04:00:00,231,6,276,267,,233,,,257,,,304,236
2016-10-28 05:00:00,230,357,250,309,,205,,,192,,,300,232
2016-10-28 06:00:00,228,339,245,311,,299,,,223,,,293,240
2016-10-28 07:00:00,232,312,231,324,,314,,,239,,,342,250
2016-10-28 08:00:00,227,321,256,336,,277,,,243,,,346,289
2016-10-28 09:00:00,28,340,230,346,,282,,,238,,,118,70
2016-10-28 10:00:00,46,69,132,172,,76,,,235,,,125,93
2016-10-28 11:00:00,81,118,44,118,,86,,,91,,,91,67
2016-10-28 12:00:00,88,92,53,99,,89,,,68,,,86,68
2016-10-28 13:00:00,77,92,53,99,,108,,,71,,,78,69
2016-10-28 14:00:00,91,98,49,96,,92,,,88,,,100,88
2016-10-28 15:00:00,136,112,44,105,,98,,,94,,,112,94
2016-10-28 16:00:00,136,107,68,111,,106,,,106,,,114,99
2016-10-28 17:00:00,143,112,63,121,,103,,,125,,,120,118
2016-10-28 18:00:00,139,114,61,122,,104,,,132,,,113,132
2016-10-28 19:00:00,139,119,59,105,,98,,,130,,,135,133
2016-10-28 20:00:00,131,124,78,108,,133,,,122,,,139,125
2016-10-28 21:00:00,141,119,85,129,,196,,,146,,,131,147
2016-10-28 22:00:00,245,102,16,132,,245,,,242,,,135,149
2016-10-28 23:00:00,96,9,272,163,,297,,,267,,,124,169
2016-10-29 00:00:00,152,16,307,278,,289,,,232,,,118,174
2016-10-29 01:00:00,7,50,352,159,,156,,,76,,,150,116
2016-10-29 02:00:00,320,348,349,310,,314,,,57,,,219,149
2016-10-29 03:00:00,285,7,264,275,,264,,,175,,,346,237
2016-10-29 04:00:00,231,15,234,28,,259,,,202,,,321,245
2016-10-29 05:00:00,231,335,202,291,,259,,,251,,,289,243
2016-10-29 06:00:00,243,273,229,315,,281,,,183,,,307,211
2016-10-29 07:00:00,248,317,245,322,,291,,,244,,,306,256
2016-10-29 08:00:00,282,324,255,324,,297,,,253,,,344,270
2016-10-29 09:00:00,309,309,245,329,,295,,,245,,,267,264
2016-10-29 10:00:00,23,15,313,351,,336,,,234,,,8,207
2016-10-29 11:00:00,76,122,71,152,,81,,,176,,,119,81
2016-10-29 12:00:00,74,115,66,111,,95,,,81,,,100,68
2016-10-29 13:00:00,107,116,75,88,,92,,,76,,,101,80
2016-10-29 14:00:00,147,118,70,104,,110,,,83,,,89,69
2016-10-29 15:00:00,149,124,68,103,,111,,,91,,,91,66
2016-10-29 16:00:00,134,126,68,111,,99,,,95,,,99,79
2016-10-29 17:00:00,152,131,62,108,,118,,,117,,,112,71
2016-10-29 18:00:00,135,130,64,126,,115,,,120,,,128,109
2016-10-29 19:00:00,116,100,57,124,,88,,,139,,,131,146
2016-10-29 20:00:00,127,104,57,121,,199,,,112,,,141,144
2016-10-29 21:00:00,96,106,61,109,,279,,,214,,,135,138
2016-10-29 22:00:00,146,111,56,107,,279,,,89,,,142,144
2016-10-29 23:00:00,106,91,19,104,,313,,,105,,,148,158
2016-10-30 00:00:00,26,53,3,240,,331,,,177,,,359,212
2016-10-30 01:00:00,8,344,7,282,,285,,,34,,,309,234
2016-10-30 02:00:00,291,346,192,276,,261,,,215,,,356,232
2016-10-30 03:00:00,244,320,220,286,,274,,,245,,,252,246
2016-10-30 04:00:00,242,297,246,313,,298,,,252,,,284,260
2016-10-30 05:00:00,239,323,250,318,,293,,,259,,,271,253
2016-10-30 06:00:00,229,292,228,330,,280,,,258,,,293,222
2016-10-30 07:00:00,232,275,231,323,,297,,,244,,,320,262
2016-10-30 08:00:00,251,274,237,331,,1,,,248,,,345,282
2016-10-30 09:00:00,47,332,252,329,,52,,,230,,,324,246
2016-10-30 10:00:00,342,340,247,312,,315,,,224,,,359,208
2016-10-30 11:00:00,81,70,121,134,,63,,,86,,,138,85
2016-10-30 12:00:00,84,122,62,121,,86,,,80,,,101,61
2016-10-30 13:00:00,78,91,58,96,,85,,,92,,,85,57
2016-10-30 14:00:00,83,96,67,108,,86,,,104,,,91,58
2016-10-30 15:00:00,112,117,74,105,,116,,,95,,,104,83
2016-10-30 16:00:00,151,105,74,106,,97,,,111,,,119,101
2016-10-30 17:00:00,144,117,68,124,,104,,,134,,,114,90
2016-10-30 18:00:00,145,129,65,135,,129,,,144,,,112,82
2016-10-30 19:00:00,119,122,69,122,,106,,,116,,,127,116
2016-10-30 20:00:00,132,127,64,117,,127,,,119,,,128,125
2016-10-30 21:00:00,133,87,67,117,,97,,,148,,,138,125
2016-10-30 22:00:00,138,96,80,134,,239,,,288,,,146,156
2016-10-30 23:00:00,97,124,58,110,,267,,,73,,,128,171
2016-10-31 00:00:00,61,91,56,96,,70,,,74,,,263,136
2016-10-31 01:00:00,4,91,51,119,,98,,,94,,,130,128
2016-10-31 02:00:00,333,91,62,293,,346,,,114,,,330,152
2016-10-31 03:00:00,277,89,39,306,,282,,,226,,,302,236
2016-10-31 04:00:00,244,9,298,295,,290,,,237,,,294,224
2016-10-31 05:00:00,238,20,222,302,,278,,,250,,,341,207
2016-10-31 06:00:00,245,281,214,318,,279,,,221,,,287,223
2016-10-31 07:00:00,263,306,258,322,,292,,,258,,,306,235
2016-10-31 08:00:00,3,327,233,284,,321,,,240,,,356,269
2016-10-31 09:00:00,20,339,237,314,,24,,,223,,,34,331
2016-10-31 10:00:00,31,1,310,80,,92,,,42,,,113,71
2016-10-31 11:00:00,79,95,39,121,,94,,,55,,,104,66
2016-10-31 12:00:00,75,102,70,117,,104,,,74,,,118,70
2016-10-31 13:00:00,77,109,68,111,,109,,,99,,,110,61
2016-10-31 14:00:00,68,109,68,121,,104,,,98,,,102,53
2016-10-31 15:00:00,117,118,82,107,,95,,,99,,,96,67
2016-10-31 16:00:00,156,116,77,101,,99,,,99,,,119,89
2016-10-31 17:00:00,153,132,87,101,,112,,,114,,,113,75
2016-10-31 18:00:00,134,134,101,119,,130,,,142,,,145,81
2016-10-31 19:00:00,117,125,53,138,,135,,,162,,,134,148
2016-10-31 20:00:00,120,115,34,133,,161,,,194,,,137,161
2016-10-31 21:00:00,106,77,60,141,,253,,,233,,,149,159
2016-10-31 22:00:00,126,86,60,194,,269,,,236,,,333,240
2016-10-31 23:00:00,246,43,39,309,,259,,,343,,,1,251
2016-11-01 00:00:00,236,97,64,139,,130,,,341,,,283,214
2016-11-01 01:00:00,266,52,24,178,,71,,,270,,,274,190
2016-11-01 02:00:00,258,8,342,288,,347,,,231,,,296,225
2016-11-01 03:00:00,255,4,7,314,,343,,,248,,,277,225
2016-11-01 04:00:00,214,35,4,305,,333,,,57,,,258,181
2016-11-01 05:00:00,279,353,4,308,,295,,,202,,,316,242
2016-11-01 06:00:00,264,347,259,316,,297,,,245,,,249,253
2016-11-01 07:00:00,317,319,259,318,,296,,,269,,,304,259
2016-11-01 08:00:00,10,327,263,326,,323,,,285,,,7,258
2016-11-01 09:00:00,24,334,273,331,,348,,,338,,,32,173
2016-11-01 10:00:00,36,349,313,9,,2,,,4,,,108,87
2016-11-01 11:00:00,27,337,49,226,,83,,,51,,,103,90
2016-11-01 12:00:00,68,127,66,165,,98,,,77,,,97,84
2016-11-01 13:00:00,86,111,65,124,,67,,,84,,,106,64
2016-11-01 14:00:00,72,119,71,110,,78,,,86,,,107,68
2016-11-01 15:00:00,102,109,77,102,,91,,,91,,,96,63
2016-11-01 16:00:00,143,123,78,96,,104,,,110,,,108,85
2016-11-01 17:00:00,141,128,92,109,,104,,,125,,,112,73
2016-11-01 18:00:00,132,126,84,121,,104,,,132,,,140,72
2016-11-01 19:00:00,139,113,74,135,,199,,,147,,,137,126
2016-11-01 20:00:00,153,95,32,123,,290,,,280,,,142,143
2016-11-01 21:00:00,164,34,359,140,,259,,,295,,,142,137
2016-11-01 22:00:00,115,85,48,120,,169,,,42,,,136,131
2016-11-01 23:00:00,112,114,68,100,,119,,,74,,,143,104
2016-11-02 00:00:00,82,101,61,112,,116,,,61,,,156,125
2016-11-02 01:00:00,30,93,46,128,,112,,,66,,,132,130
2016-11-02 02:00:00,355,76,33,114,,74,,,62,,,79,121
2016-11-02 03:00:00,356,96,42,278,,77,,,68,,,173,126
2016-11-02 04:00:00,357,77,33,132,,96,,,169,,,254,168
2016-11-02 05:00:00,298,94,43,110,,64,,,140,,,253,235
2016-11-02 06:00:00,244,92,29,261,,48,,,92,,,237,183
2016-11-02 07:00:00,227,104,62,137,,56,,,63,,,109,251
2016-11-02 08:00:00,304,104,57,141,,72,,,69,,,357,253
2016-11-02 09:00:00,79,105,51,101,,90,,,85,,,137,69
2016-11-02 10:00:00,6,110,69,88,,85,,,67,,,97,72
2016-11-02 11:00:00,22,105,66,84,,98,,,81,,,121,66
2016-11-02 12:00:00,63,110,70,94,,98,,,85,,,107,71
2016-11-02 13:00:00,146,112,67,98,,110,,,96,,,94,72
2016-11-02 14:00:00,144,119,83,109,,112,,,116,,,91,67
2016-11-02 15:00:00,128,121,79,106,,98,,,122,,,88,72
2016-11-02 16:00:00,162,129,90,114,,104,,,128,,,100,78
2016-11-02 17:00:00,151,143,101,130,,109,,,127,,,137,76
2016-11-02 18:00:00,156,127,61,142,,116,,,109,,,106,70
2016-11-02 19:00:00,171,64,13,115,,53,,,85,,,123,91
2016-11-02 20:00:00,72,46,5,91,,64,,,76,,,132,111
2016-11-02 21:00:00,85,108,41,91,,133,,,81,,,113,81
2016-11-02 22:00:00,84,96,67,109,,121,,,79,,,141,102
2016-11-02 23:00:00,62,102,47,104,,71,,,79,,,133,77
2016-11-03 00:00:00,76,102,43,104,,108,,,73,,,127,66
2016-11-03 01:00:00,81,102,50,108,,94,,,84,,,127,94
2016-11-03 02:00:00,44,106,51,106,,84,,,72,,,130,82
2016-11-03 03:00:00,69,106,52,105,,89,,,71,,,138,80
2016-11-03 04:00:00,71,104,58,102,,87,,,67,,,139,70
2016-11-03 05:00:00,77,102,61,104,,88,,,69,,,141,71
2016-11-03 06:00:00,68,103,60,114,,106,,,80,,,128,102
2016-11-03 07:00:00,42,95,47,108,,97,,,76,,,134,120
2016-11-03 08:00:00,28,100,25,108,,81,,,60,,,134,46
2016-11-03 09:00:00,72,89,21,104,,91,,,60,,,126,89
2016-11-03 10:00:00,71,75,12,97,,68,,,72,,,127,82
2016-11-03 11:00:00,70,98,38,87,,77,,,81,,,106,58
2016-11-03 12:00:00,82,95,37,90,,86,,,83,,,91,54
2016-11-03 13:00:00,83,89,23,93,,80,,,82,,,81,63
2016-11-03 14:00:00,82,89,27,96,,85,,,87,,,83,57
2016-11-03 15:00:00,96,99,43,100,,94,,,109,,,77,63
2016-11-03 16:00:00,139,105,36,109,,100,,,106,,,87,77
2016-11-03 17:00:00,140,117,52,126,,96,,,123,,,88,71
2016-11-03 18:00:00,148,131,81,136,,129,,,136,,,94,61
2016-11-03 19:00:00,138,143,89,126,,135,,,71,,,98,62
2016-11-03 20:00:00,177,89,33,125,,98,,,85,,,135,98
2016-11-03 21:00:00,12,38,16,85,,60,,,312,,,131,76
2016-11-03 22:00:00,77,3,326,161,,73,,,138,,,140,108
2016-11-03 23:00:00,94,126,304,171,,163,,,250,,,139,115
2016-11-04 00:00:00,155,133,113,141,,53,,,278,,,137,107
2016-11-04 01:00:00,88,115,81,128,,104,,,343,,,143,112
2016-11-04 02:00:00,95,119,74,113,,113,,,35,,,124,97
2016-11-04 03:00:00,55,110,101,154,,114,,,336,,,140,107
2016-11-04 04:00:00,104,125,96,125,,93,,,280,,,125,101
2016-11-04 05:00:00,72,100,73,178,,40,,,304,,,143,126
2016-11-04 06:00:00,274,76,25,264,,332,,,280,,,140,104
2016-11-04 07:00:00,7,10,301,246,,5,,,114,,,292,218
2016-11-04 08:00:00,14,1,302,230,,18,,,182,,,63,91
2016-11-04 09:00:00,334,30,326,351,,14,,,356,,,134,86
2016-11-04 10:00:00,52,23,310,12,,16,,,54,,,137,83
2016-11-04 11:00:00,26,359,290,24,,12,,,18,,,132,69
2016-11-04 12:00:00,12,15,307,38,,20,,,41,,,135,91
2016-11-04 13:00:00,2,10,299,10,,21,,,50,,,128,107
2016-11-04 14:00:00,34,43,301,196,,54,,,88,,,130,112
2016-11-04 15:00:00,142,172,128,156,,130,,,206,,,119,98
2016-11-04 16:00:00,143,146,94,136,,133,,,126,,,124,100
2016-11-04 17:00:00,129,136,97,139,,132,,,107,,,116,86
2016-11-04 18:00:00,112,150,101,115,,134,,,276,,,142,86
2016-11-04 19:00:00,94,318,64,108,,319,,,306,,,143,105
2016-11-04 20:00:00,86,352,314,133,,254,,,244,,,146,113
2016-11-04 21:00:00,98,29,323,241,,294,,,249,,,132,112
2016-11-04 22:00:00,65,19,322,284,,337,,,127,,,134,111
2016-11-04 23:00:00,86,15,269,312,,241,,,105,,,133,111
2016-11-05 00:00:00,11,341,252,262,,348,,,227,,,143,105
2016-11-05 01:00:00,330,337,197,314,,134,,,307,,,147,111
2016-11-05 02:00:00,223,343,257,301,,317,,,308,,,251,118
2016-11-05 03:00:00,132,302,247,151,,132,,,288,,,129,98
2016-11-05 04:00:00,107,330,271,110,,261,,,255,,,164,133
2016-11-05 05:00:00,59,1,289,133,,68,,,282,,,39,269
2016-11-05 06:00:00,106,332,195,42,,204,,,354,,,110,84
2016-11-05 07:00:00,92,216,211,82,,160,,,60,,,106,132
2016-11-05 08:00:00,116,22,328,51,,72,,,257,,,114,101
2016-11-05 09:00:00,99,88,20,98,,77,,,115,,,114,85
2016-11-05 10:00:00,89,124,70,66,,180,,,239,,,114,76
2016-11-05 11:00:00,73,125,63,141,,137,,,313,,,113,74
2016-11-05 12:00:00,80,113,69,112,,118,,,79,,,107,64
2016-11-05 13:00:00,110,111,73,108,,88,,,79,,,102,64
2016-11-05 14:00:00,76,115,43,114,,94,,,88,,,101,69
2016-11-05 15:00:00,134,110,34,110,,99,,,97,,,96,65
2016-11-05 16:00:00,119,93,25,111,,86,,,95,,,99,73
2016-11-05 17:00:00,139,88,17,120,,76,,,107,,,95,68
2016-11-05 18:00:00,128,105,26,124,,130,,,300,,,111,74
2016-11-05 19:00:00,131,115,32,132,,106,,,107,,,117,80
2016-11-05 20:00:00,61,123,72,144,,132,,,228,,,136,97
2016-11-05 21:00:00,107,102,64,114,,103,,,207,,,133,66
2016-11-05 22:00:00,80,104,62,128,,85,,,357,,,128,70
2016-11-05 23:00:00,56,98,41,106,,94,,,157,,,145,66
2016-11-06 00:00:00,23,80,15,127,,59,,,133,,,128,98
2016-11-06 01:00:00,57,67,24,128,,54,,,154,,,128,95
2016-11-06 02:00:00,48,86,15,114,,61,,,167,,,149,106
2016-11-06 03:00:00,35,79,23,92,,47,,,166,,,55,125
2016-11-06 04:00:00,44,91,33,252,,28,,,148,,,164,195
2016-11-06 05:00:00,9,85,325,332,,9,,,167,,,270,203
2016-11-06 06:00:00,14,17,299,274,,57,,,115,,,267,110
2016-11-06 07:00:00,29,16,308,322,,339,,,213,,,253,111
2016-11-06 08:00:00,28,16,308,118,,312,,,104,,,67,100
2016-11-06 09:00:00,20,348,249,78,,339,,,352,,,115,112
2016-11-06 10:00:00,89,55,346,157,,106,,,200,,,90,91
2016-11-06 11:00:00,100,13,98,164,,125,,,170,,,93,76
2016-11-06 12:00:00,110,70,80,150,,114,,,192,,,112,85
2016-11-06 13:00:00,92,114,62,150,,122,,,185,,,104,82
2016-11-06 14:00:00,82,66,26,12,,85,,,186,,,123,77
2016-11-06 15:00:00,97,87,32,130,,82,,,174,,,123,73
2016-11-06 16:00:00,104,95,57,128,,91,,,165,,,124,110
2016-11-06 17:00:00,95,104,68,125,,113,,,165,,,114,96
2016-11-06 18:00:00,84,112,70,115,,102,,,133,,,120,87
2016-11-06 19:00:00,104,97,86,119,,113,,,327,,,148,83
2016-11-06 20:00:00,70,118,57,95,,166,,,336,,,185,149
2016-11-06 21:00:00,231,31,322,253,,187,,,273,,,307,162
2016-11-06 22:00:00,288,352,264,285,,328,,,309,,,150,157
2016-11-06 23:00:00,259,355,293,300,,282,,,244,,,155,118
2016-11-07 00:00:00,240,328,233,291,,257,,,275,,,115,140
2016-11-07 01:00:00,251,288,255,305,,239,,,280,,,104,100
2016-11-07 02:00:00,254,59,240,308,,211,,,304,,,316,259
2016-11-07 03:00:00,266,223,245,317,,256,,,258,,,258,91
2016-11-07 04:00:00,271,329,20,307,,291,,,294,,,278,185
2016-11-07 05:00:00,296,353,249,318,,280,,,266,,,300,241
2016-11-07 06:00:00,309,315,249,324,,284,,,247,,,317,234
2016-11-07 07:00:00,241,295,227,336,,309,,,254,,,263,265
2016-11-07 08:00:00,284,335,238,313,,303,,,316,,,335,269
2016-11-07 09:00:00,27,332,261,301,,317,,,318,,,17,167
2016-11-07 10:00:00,348,342,288,296,,351,,,314,,,270,105
2016-11-07 11:00:00,30,343,286,313,,338,,,330,,,31,83
2016-11-07 12:00:00,60,19,286,284,,295,,,340,,,109,97
2016-11-07 13:00:00,118,51,357,214,,110,,,150,,,103,90
2016-11-07 14:00:00,119,96,62,101,,100,,,209,,,113,90
2016-11-07 15:00:00,102,98,80,89,,115,,,215,,,107,93
2016-11-07 16:00:00,88,119,92,112,,135,,,218,,,126,106
2016-11-07 17:00:00,142,120,87,116,,156,,,246,,,130,116
2016-11-07 18:00:00,157,129,85,103,,170,,,287,,,111,108
2016-11-07 19:00:00,126,108,74,102,,219,,,273,,,134,113
2016-11-07 20:00:00,115,105,72,117,,179,,,270,,,128,108
2016-11-07 21:00:00,244,117,57,128,,149,,,278,,,139,100
2016-11-07 22:00:00,53,85,33,112,,84,,,77,,,145,114
2016-11-07 23:00:00,54,93,68,146,,100,,,87,,,125,93
2016-11-08 00:00:00,52,113,64,152,,103,,,105,,,107,98
2016-11-08 01:00:00,15,101,67,220,,59,,,104,,,120,96
2016-11-08 02:00:00,43,9,212,283,,50,,,6,,,63,106
2016-11-08 03:00:00,224,292,260,298,,354,,,256,,,117,192
2016-11-08 04:00:00,333,349,284,308,,345,,,317,,,236,213
2016-11-08 05:00:00,26,355,282,46,,20,,,11,,,94,94
2016-11-08 06:00:00,314,327,264,24,,158,,,260,,,113,114
2016-11-08 07:00:00,137,1,247,129,,120,,,185,,,98,99
2016-11-08 08:00:00,137,205,202,327,,291,,,218,,,98,102
2016-11-08 09:00:00,226,219,167,107,,242,,,225,,,102,208
2016-11-08 10:00:00,248,204,161,342,,245,,,222,,,204,313
2016-11-08 11:00:00,282,227,233,340,,238,,,239,,,168,320
2016-11-08 12:00:00,328,353,285,302,,276,,,237,,,153,299
2016-11-08 13:00:00,352,1,285,305,,345,,,356,,,238,333
2016-11-08 14:00:00,23,5,279,336,,38,,,33,,,201,81
2016-11-08 15:00:00,45,347,276,275,,68,,,26,,,114,77
2016-11-08 16:00:00,45,352,278,28,,9,,,309,,,106,83
2016-11-08 17:00:00,1,336,276,331,,326,,,21,,,285,114
2016-11-08 18:00:00,267,333,281,307,,266,,,32,,,296,283
2016-11-08 19:00:00,303,348,266,343,,328,,,326,,,273,234
2016-11-08 20:00:00,20,356,284,334,,9,,,16,,,298,202
2016-11-08 21:00:00,40,334,281,339,,70,,,31,,,326,116
2016-11-08 22:00:00,179,322,260,260,,305,,,248,,,353,103
2016-11-08 23:00:00,292,326,261,314,,307,,,289,,,313,247
2016-11-09 00:00:00,318,324,267,325,,300,,,244,,,283,245
2016-11-09 01:00:00,231,328,266,339,,274,,,262,,,308,224
2016-11-09 02:00:00,120,336,264,340,,354,,,342,,,307,231
2016-11-09 03:00:00,36,347,269,335,,351,,,351,,,314,347
2016-11-09 04:00:00,12,335,263,337,,314,,,342,,,305,100
2016-11-09 05:00:00,3,311,248,302,,272,,,234,,,302,126
2016-11-09 06:00:00,87,315,252,196,,282,,,235,,,77,115
2016-11-09 07:00:00,120,325,270,114,,285,,,216,,,74,105
2016-11-09 08:00:00,189,330,260,258,,294,,,65,,,245,109
2016-11-09 09:00:00,201,341,268,317,,344,,,111,,,72,95
2016-11-09 10:00:00,297,353,271,319,,96,,,53,,,67,359
2016-11-09 11:00:00,125,355,271,141,,345,,,223,,,84,317
2016-11-09 12:00:00,156,354,284,252,,336,,,257,,,30,18
2016-11-09 13:00:00,138,355,284,317,,20,,,29,,,311,204
2016-11-09 14:00:00,237,331,266,293,,288,,,297,,,291,255
2016-11-09 15:00:00,225,256,240,109,,247,,,242,,,294,232
2016-11-09 16:00:00,242,219,240,118,,231,,,245,,,349,245
2016-11-09 17:00:00,232,210,205,87,,261,,,250,,,241,248
2016-11-09 18:00:00,229,216,230,17,,225,,,242,,,280,233
2016-11-09 19:00:00,231,340,238,102,,147,,,248,,,311,187
2016-11-09 20:00:00,253,358,267,84,,64,,,164,,,150,124
2016-11-09 21:00:00,351,356,258,37,,59,,,24,,,142,111
2016-11-09 22:00:00,40,344,268,237,,113,,,338,,,129,107
2016-11-09 23:00:00,53,333,263,298,,277,,,271,,,111,107
2016-11-10 00:00:00,53,331,262,299,,169,,,259,,,94,103
2016-11-10 01:00:00,78,323,257,209,,128,,,237,,,97,100
2016-11-10 02:00:00,68,336,250,178,,108,,,227,,,105,96
2016-11-10 03:00:00,146,330,259,177,,119,,,249,,,39,94
2016-11-10 04:00:00,42,308,258,316,,297,,,83,,,296,62
2016-11-10 05:00:00,341,299,246,359,,284,,,285,,,295,202
2016-11-10 06:00:00,291,336,259,335,,245,,,312,,,250,254
2016-11-10 07:00:00,233,357,262,331,,351,,,252,,,274,198
2016-11-10 08:00:00,40,340,270,321,,27,,,4,,,59,217
2016-11-10 09:00:00,52,331,269,295,,39,,,342,,,113,105
2016-11-10 10:00:00,37,344,263,332,,30,,,8,,,107,87
2016-11-10 11:00:00,29,7,285,200,,21,,,25,,,106,70
2016-11-10 12:00:00,35,355,275,62,,29,,,31,,,110,81
2016-11-10 13:00:00,35,4,289,55,,22,,,61,,,108,86
2016-11-10 14:00:00,45,4,290,43,,40,,,43,,,106,60
2016-11-10 15:00:00,72,23,359,22,,28,,,80,,,108,69
2016-11-10 16:00:00,45,31,58,43,,21,,,93,,,120,85
2016-11-10 17:00:00,67,25,307,32,,30,,,123,,,128,72
2016-11-10 18:00:00,7,3,305,141,,48,,,14,,,133,93
2016-11-10 19:00:00,10,337,255,170,,115,,,62,,,120,111
2016-11-10 20:00:00,28,,262,245,,70,,,210,,,105,117
2016-11-10 21:00:00,148,16,279,302,,160,,,270,,,113,103
2016-11-10 22:00:00,100,352,255,122,,141,,,348,,,104,74
2016-11-10 23:00:00,62,334,264,277,,112,,,354,,,122,68
2016-11-11 00:00:00,92,321,259,226,,271,,,330,,,133,89
2016-11-11 01:00:00,81,345,280,350,,349,,,337,,,119,81
2016-11-11 02:00:00,25,356,279,358,,338,,,10,,,134,102
2016-11-11 03:00:00,10,349,291,5,,265,,,14,,,110,106
2016-11-11 04:00:00,9,324,266,193,,228,,,329,,,111,119
2016-11-11 05:00:00,17,338,266,212,,148,,,173,,,110,118
2016-11-11 06:00:00,7,338,286,221,,163,,,220,,,121,115
2016-11-11 07:00:00,37,340,283,184,,179,,,228,,,106,116
2016-11-11 08:00:00,356,337,276,198,,182,,,212,,,108,116
2016-11-11 09:00:00,11,343,284,231,,132,,,216,,,106,119
2016-11-11 10:00:00,27,350,286,65,,96,,,231,,,100,117
2016-11-11 11:00:00,8,339,278,318,,154,,,299,,,109,113
2016-11-11 12:00:00,36,10,308,146,,164,,,,,,113,111
2016-11-11 13:00:00,9,25,324,195,,174,,,68,,,102,116
2016-11-11 14:00:00,35,30,357,230,,123,,,64,,,127,112
2016-11-11 15:00:00,117,92,41,172,,151,,,121,,,126,108
2016-11-11 16:00:00,124,122,79,141,,122,,,139,,,120,104
2016-11-11 17:00:00,110,127,81,134,,119,,,101,,,114,107
2016-11-11 18:00:00,96,156,138,135,,130,,,131,,,125,92
2016-11-11 19:00:00,118,217,179,168,,134,,,230,,,130,105
2016-11-11 20:00:00,337,275,177,179,,231,,,276,,,131,109
2016-11-11 21:00:00,325,303,207,302,,224,,,273,,,125,96
2016-11-11 22:00:00,13,327,247,276,,249,,,84,,,135,115
2016-11-11 23:00:00,24,334,294,304,,259,,,79,,,152,110
2016-11-12 00:00:00,14,336,281,299,,246,,,15,,,192,105
2016-11-12 01:00:00,80,342,244,195,,191,,,154,,,115,106
2016-11-12 02:00:00,87,39,295,112,,157,,,227,,,124,104
2016-11-12 03:00:00,79,96,23,313,,108,,,14,,,132,102
2016-11-12 04:00:00,71,87,80,122,,82,,,86,,,128,87
2016-11-12 05:00:00,115,120,84,242,,141,,,320,,,115,73
2016-11-12 06:00:00,98,117,88,165,,93,,,330,,,126,81
2016-11-12 07:00:00,16,136,105,153,,39,,,331,,,137,96
2016-11-12 08:00:00,106,215,108,120,,17,,,251,,,126,93
2016-11-12 09:00:00,78,244,82,93,,348,,,247,,,130,85
2016-11-12 10:00:00,94,327,7,104,,346,,,115,,,149,109
2016-11-12 11:00:00,109,76,285,102,,298,,,127,,,119,84
2016-11-12 12:00:00,126,40,331,117,,11,,,89,,,108,87
2016-11-12 13:00:00,89,187,109,103,,102,,,347,,,110,78
2016-11-12 14:00:00,11,305,285,109,,56,,,346,,,116,92
2016-11-12 15:00:00,40,326,302,46,,345,,,30,,,124,88
2016-11-12 16:00:00,18,355,298,322,,352,,,43,,,130,73
2016-11-12 17:00:00,122,4,297,291,,4,,,37,,,136,68
2016-11-12 18:00:00,29,12,294,15,,35,,,50,,,123,75
2016-11-12 19:00:00,26,360,283,318,,347,,,82,,,142,90
2016-11-12 20:00:00,53,338,271,310,,265,,,11,,,136,105
2016-11-12 21:00:00,56,334,252,286,,226,,,343,,,128,107
2016-11-12 22:00:00,34,321,243,156,,274,,,350,,,135,99
2016-11-12 23:00:00,23,323,236,314,,284,,,347,,,137,106
2016-11-13 00:00:00,39,344,259,269,,281,,,10,,,141,108
2016-11-13 01:00:00,34,336,263,267,,217,,,61,,,141,107
2016-11-13 02:00:00,53,317,247,278,,243,,,148,,,147,123
2016-11-13 03:00:00,43,319,245,270,,209,,,310,,,122,110
2016-11-13 04:00:00,69,353,273,6,,74,,,42,,,102,105
2016-11-13 05:00:00,54,351,292,335,,41,,,61,,,144,97
2016-11-13 06:00:00,40,11,274,261,,61,,,45,,,128,93
2016-11-13 07:00:00,16,15,301,263,,46,,,40,,,136,89
2016-11-13 08:00:00,18,25,333,233,,43,,,37,,,127,87
2016-11-13 09:00:00,27,21,337,289,,67,,,48,,,114,94
2016-11-13 10:00:00,57,22,339,116,,76,,,21,,,107,80
2016-11-13 11:00:00,72,59,45,137,,91,,,176,,,103,70
2016-11-13 12:00:00,49,98,76,146,,96,,,292,,,111,76
2016-11-13 13:00:00,3,110,48,79,,117,,,357,,,124,78
2016-11-13 14:00:00,6,114,27,87,,146,,,74,,,185,82
2016-11-13 15:00:00,359,128,14,158,,103,,,82,,,189,98
2016-11-13 16:00:00,9,109,57,170,,98,,,125,,,122,125
2016-11-13 17:00:00,77,122,104,130,,138,,,142,,,111,114
2016-11-13 18:00:00,106,148,99,140,,135,,,328,,,125,102
2016-11-13 19:00:00,164,169,96,130,,136,,,224,,,119,109
2016-11-13 20:00:00,206,173,106,105,,139,,,248,,,116,127
2016-11-13 21:00:00,145,156,87,101,,101,,,186,,,93,240
2016-11-13 22:00:00,95,118,94,110,,118,,,286,,,302,220
2016-11-13 23:00:00,120,131,89,126,,121,,,253,,,356,157
2016-11-14 00:00:00,285,314,137,237,,222,,,236,,,239,201
2016-11-14 01:00:00,246,59,21,269,,75,,,132,,,287,190
2016-11-14 02:00:00,197,118,78,149,,55,,,206,,,291,164
2016-11-14 03:00:00,264,60,123,279,,41,,,247,,,277,157
2016-11-14 04:00:00,265,327,298,318,,293,,,256,,,292,193
2016-11-14 05:00:00,307,6,307,302,,280,,,238,,,305,129
2016-11-14 06:00:00,252,301,265,321,,155,,,245,,,290,231
2016-11-14 07:00:00,239,355,207,334,,139,,,292,,,297,194
2016-11-14 08:00:00,35,356,257,342,,92,,,258,,,358,115
2016-11-14 09:00:00,8,346,231,205,,79,,,76,,,115,75
2016-11-14 10:00:00,38,61,192,232,,83,,,73,,,135,73
2016-11-14 11:00:00,92,21,348,104,,112,,,63,,,111,85
2016-11-14 12:00:00,93,41,310,147,,155,,,97,,,68,97
2016-11-14 13:00:00,3,68,200,136,,147,,,133,,,92,72
2016-11-14 14:00:00,196,224,168,164,,165,,,200,,,128,105
2016-11-14 15:00:00,224,142,174,144,,230,,,241,,,145,206
2016-11-14 16:00:00,167,147,82,128,,131,,,230,,,163,182
2016-11-14 17:00:00,129,126,76,129,,183,,,82,,,268,138
2016-11-14 18:00:00,148,119,76,117,,215,,,249,,,248,164
2016-11-14 19:00:00,231,99,76,150,,94,,,154,,,254,179
2016-11-14 20:00:00,297,70,75,286,,171,,,223,,,287,162
2016-11-14 21:00:00,264,116,37,318,,217,,,236,,,262,166
2016-11-14 22:00:00,266,293,266,308,,271,,,234,,,263,163
2016-11-14 23:00:00,257,346,255,287,,251,,,246,,,275,209
2016-11-15 00:00:00,260,357,261,295,,262,,,257,,,262,173
2016-11-15 01:00:00,240,222,254,309,,264,,,260,,,294,234
2016-11-15 02:00:00,251,303,233,316,,184,,,262,,,277,272
2016-11-15 03:00:00,245,202,246,320,,345,,,250,,,261,264
2016-11-15 04:00:00,258,301,232,310,,158,,,259,,,256,242
2016-11-15 05:00:00,276,232,230,323,,30,,,244,,,262,225
2016-11-15 06:00:00,235,225,233,314,,146,,,251,,,260,237
2016-11-15 07:00:00,242,81,210,301,,140,,,263,,,287,273
2016-11-15 08:00:00,101,179,240,261,,84,,,244,,,287,337
2016-11-15 09:00:00,190,182,236,261,,90,,,239,,,250,64
2016-11-15 10:00:00,113,4,257,324,,87,,,232,,,139,2
2016-11-15 11:00:00,45,336,256,228,,126,,,315,,,123,87
2016-11-15 12:00:00,61,357,282,157,,345,,,44,,,94,89
2016-11-15 13:00:00,39,11,286,161,,76,,,48,,,102,74
2016-11-15 14:00:00,21,20,283,294,,38,,,78,,,110,97
2016-11-15 15:00:00,95,53,283,343,,150,,,97,,,115,115
2016-11-15 16:00:00,147,68,47,80,,97,,,94,,,127,131
2016-11-15 17:00:00,176,126,68,85,,180,,,103,,,181,123
2016-11-15 18:00:00,131,122,74,116,,140,,,149,,,187,117
2016-11-15 19:00:00,68,124,80,112,,131,,,207,,,253,133
2016-11-15 20:00:00,297,135,70,107,,149,,,222,,,314,163
2016-11-15 21:00:00,196,86,67,119,,325,,,228,,,10,207
2016-11-15 22:00:00,242,360,72,195,,288,,,211,,,275,215
2016-11-15 23:00:00,233,286,286,270,,265,,,213,,,264,238
2016-11-16 00:00:00,229,266,274,297,,244,,,234,,,332,252
2016-11-16 01:00:00,228,28,234,296,,224,,,227,,,289,208
2016-11-16 02:00:00,227,305,253,318,,256,,,247,,,290,249
2016-11-16 03:00:00,229,240,228,320,,247,,,245,,,289,248
2016-11-16 04:00:00,226,218,228,316,,176,,,247,,,277,232
2016-11-16 05:00:00,224,211,237,311,,239,,,250,,,295,187
2016-11-16 06:00:00,236,98,249,310,,194,,,254,,,284,204
2016-11-16 07:00:00,242,228,233,312,,195,,,258,,,269,206
2016-11-16 08:00:00,227,139,239,315,,95,,,249,,,297,312
2016-11-16 09:00:00,212,307,243,305,,99,,,244,,,260,250
2016-11-16 10:00:00,48,30,258,295,,79,,,46,,,100,156
2016-11-16 11:00:00,71,70,51,134,,98,,,70,,,118,85
2016-11-16 12:00:00,74,117,62,117,,111,,,75,,,128,82
2016-11-16 13:00:00,56,117,69,111,,104,,,78,,,121,79
2016-11-16 14:00:00,61,96,74,92,,91,,,91,,,107,63
2016-11-16 15:00:00,71,109,69,93,,100,,,90,,,92,53
2016-11-16 16:00:00,151,109,68,97,,95,,,91,,,122,101
2016-11-16 17:00:00,130,110,62,97,,104,,,85,,,113,105
2016-11-16 18:00:00,113,118,74,99,,141,,,103,,,157,134
2016-11-16 19:00:00,126,122,77,120,,178,,,164,,,153,138
2016-11-16 20:00:00,131,106,49,120,,240,,,204,,,38,174
2016-11-16 21:00:00,173,348,29,120,,282,,,219,,,303,238
2016-11-16 22:00:00,265,7,341,270,,261,,,211,,,301,241
2016-11-16 23:00:00,232,22,347,299,,335,,,192,,,285,243
2016-11-17 00:00:00,242,59,14,288,,76,,,71,,,283,232
2016-11-17 01:00:00,275,8,15,304,,339,,,225,,,259,173
2016-11-17 02:00:00,283,7,82,299,,310,,,201,,,260,229
2016-11-17 03:00:00,306,323,243,306,,283,,,214,,,251,225
2016-11-17 04:00:00,301,324,247,310,,292,,,230,,,234,213
2016-11-17 05:00:00,282,288,230,299,,277,,,262,,,269,213
2016-11-17 06:00:00,328,259,237,341,,209,,,265,,,267,112
2016-11-17 07:00:00,278,312,243,300,,228,,,138,,,36,137
2016-11-17 08:00:00,34,1,263,311,,301,,,249,,,74,95
2016-11-17 09:00:00,27,25,318,319,,34,,,39,,,96,103
2016-11-17 10:00:00,41,30,298,260,,67,,,73,,,126,81
2016-11-17 11:00:00,62,357,295,151,,86,,,58,,,122,83
2016-11-17 12:00:00,84,96,57,150,,100,,,63,,,111,82
2016-11-17 13:00:00,70,98,58,136,,100,,,72,,,109,82
2016-11-17 14:00:00,59,101,74,141,,108,,,77,,,115,76
2016-11-17 15:00:00,54,109,70,129,,104,,,87,,,106,75
2016-11-17 16:00:00,105,119,69,90,,168,,,92,,,156,79
2016-11-17 17:00:00,82,109,65,108,,170,,,115,,,176,93
2016-11-17 18:00:00,94,102,66,106,,194,,,97,,,169,144
2016-11-17 19:00:00,124,117,76,188,,215,,,203,,,158,148
2016-11-17 20:00:00,270,101,60,287,,238,,,277,,,338,199
2016-11-17 21:00:00,225,11,52,292,,155,,,190,,,324,237
2016-11-17 22:00:00,250,10,52,302,,339,,,234,,,289,219
2016-11-17 23:00:00,253,13,25,284,,315,,,269,,,284,216
2016-11-18 00:00:00,302,22,22,315,,295,,,71,,,338,233
2016-11-18 01:00:00,347,352,312,291,,282,,,302,,,267,170
2016-11-18 02:00:00,321,355,219,294,,260,,,246,,,326,217
2016-11-18 03:00:00,284,357,242,318,,268,,,270,,,284,224
2016-11-18 04:00:00,267,3,203,327,,278,,,272,,,281,195
2016-11-18 05:00:00,283,6,233,307,,282,,,273,,,253,174
2016-11-18 06:00:00,255,344,239,327,,303,,,261,,,255,189
2016-11-18 07:00:00,264,357,234,323,,275,,,259,,,265,225
2016-11-18 08:00:00,276,352,249,310,,297,,,273,,,317,239
2016-11-18 09:00:00,24,350,265,280,,284,,,290,,,21,256
2016-11-18 10:00:00,28,,242,242,,11,,,259,,,35,87
2016-11-18 11:00:00,36,1,264,291,,338,,,270,,,110,79
2016-11-18 12:00:00,57,358,297,213,,47,,,52,,,106,79
2016-11-18 13:00:00,54,27,302,35,,24,,,33,,,119,89
2016-11-18 14:00:00,25,45,301,39,,22,,,25,,,110,71
2016-11-18 15:00:00,33,10,301,35,,19,,,24,,,,57
2016-11-18 16:00:00,36,6,296,34,,20,,,35,,,102,71
2016-11-18 17:00:00,49,356,296,35,,38,,,59,,,113,94
2016-11-18 18:00:00,75,1,295,25,,14,,,43,,,101,99
2016-11-18 19:00:00,62,,291,23,,357,,,33,,,110,104
2016-11-18 20:00:00,29,357,286,29,,21,,,66,,,106,102
2016-11-18 21:00:00,39,354,281,18,,10,,,17,,,114,98
2016-11-18 22:00:00,59,337,267,350,,2,,,305,,,120,89
2016-11-18 23:00:00,80,332,271,23,,24,,,334,,,120,93
2016-11-19 00:00:00,77,336,274,26,,7,,,300,,,117,99
2016-11-19 01:00:00,45,329,272,31,,14,,,331,,,118,105
2016-11-19 02:00:00,40,347,272,29,,26,,,17,,,121,96
2016-11-19 03:00:00,73,358,288,32,,19,,,2,,,117,92
2016-11-19 04:00:00,20,341,298,31,,27,,,6,,,119,96
2016-11-19 05:00:00,48,359,295,57,,36,,,32,,,113,103
2016-11-19 06:00:00,34,354,296,51,,16,,,28,,,109,99
2016-11-19 07:00:00,47,2,288,38,,40,,,28,,,102,93
2016-11-19 08:00:00,48,349,289,25,,37,,,,,,100,86
2016-11-19 09:00:00,40,358,290,98,,5,,,352,,,100,92
2016-11-19 10:00:00,41,354,288,68,,29,,,1,,,104,101
2016-11-19 11:00:00,51,358,294,15,,34,,,38,,,95,68
2016-11-19 12:00:00,62,6,298,65,,51,,,25,,,102,73
2016-11-19 13:00:00,62,17,291,75,,46,,,34,,,101,76
2016-11-19 14:00:00,58,18,302,70,,39,,,31,,,100,70
2016-11-19 15:00:00,49,8,310,44,,45,,,19,,,99,65
2016-11-19 16:00:00,51,32,283,66,,42,,,42,,,102,66
2016-11-19 17:00:00,43,18,290,40,,32,,,80,,,109,75
2016-11-19 18:00:00,14,13,291,38,,297,,,41,,,119,96
2016-11-19 19:00:00,11,7,240,245,,235,,,64,,,121,100
2016-11-19 20:00:00,1,338,238,292,,279,,,202,,,133,113
2016-11-19 21:00:00,11,323,228,260,,265,,,199,,,145,114
2016-11-19 22:00:00,104,325,239,205,,236,,,19,,,167,129
2016-11-19 23:00:00,140,334,254,279,,240,,,170,,,167,150
2016-11-20 00:00:00,129,3,260,312,,228,,,203,,,198,148
2016-11-20 01:00:00,119,350,288,313,,230,,,218,,,313,155
2016-11-20 02:00:00,147,5,261,290,,234,,,215,,,302,235
2016-11-20 03:00:00,188,360,281,299,,233,,,216,,,308,234
2016-11-20 04:00:00,226,56,285,300,,261,,,169,,,356,224
2016-11-20 05:00:00,209,29,321,306,,138,,,191,,,323,233
2016-11-20 06:00:00,127,70,335,270,,120,,,238,,,55,163
2016-11-20 07:00:00,12,60,311,307,,197,,,225,,,333,217
2016-11-20 08:00:00,308,86,313,317,,25,,,25,,,2,240
2016-11-20 09:00:00,10,111,74,8,,93,,,73,,,47,224
2016-11-20 10:00:00,97,113,65,118,,88,,,92,,,72,85
2016-11-20 11:00:00,63,101,65,138,,99,,,81,,,127,92
2016-11-20 12:00:00,59,106,67,125,,78,,,80,,,83,78
2016-11-20 13:00:00,80,120,80,138,,105,,,83,,,93,73
2016-11-20 14:00:00,75,111,73,126,,90,,,80,,,101,73
2016-11-20 15:00:00,66,105,75,117,,112,,,82,,,103,79
2016-11-20 16:00:00,65,103,65,96,,96,,,92,,,113,67
2016-11-20 17:00:00,79,106,65,105,,105,,,77,,,132,73
2016-11-20 18:00:00,97,111,65,105,,133,,,107,,,145,74
2016-11-20 19:00:00,115,116,70,105,,152,,,211,,,146,85
2016-11-20 20:00:00,137,100,68,114,,162,,,198,,,157,122
2016-11-20 21:00:00,159,91,50,140,,257,,,208,,,242,185
2016-11-20 22:00:00,218,125,41,266,,249,,,237,,,2,222
2016-11-20 23:00:00,233,280,9,264,,238,,,228,,,316,218
2016-11-21 00:00:00,231,356,325,296,,249,,,229,,,303,234
2016-11-21 01:00:00,236,4,257,312,,240,,,247,,,282,230
2016-11-21 02:00:00,237,356,260,306,,238,,,243,,,294,222
2016-11-21 03:00:00,257,309,239,324,,282,,,253,,,296,231
2016-11-21 04:00:00,271,301,235,317,,294,,,255,,,267,218
2016-11-21 05:00:00,329,307,248,315,,282,,,265,,,268,244
2016-11-21 06:00:00,302,324,239,303,,298,,,269,,,266,185
2016-11-21 07:00:00,350,320,233,245,,236,,,285,,,311,134
2016-11-21 08:00:00,47,319,220,65,,350,,,306,,,325,258
2016-11-21 09:00:00,68,335,292,297,,311,,,237,,,111,73
2016-11-21 10:00:00,49,326,275,269,,6,,,305,,,116,88
2016-11-21 11:00:00,6,15,342,226,,58,,,78,,,116,84
2016-11-21 12:00:00,71,97,81,145,,85,,,73,,,75,69
2016-11-21 13:00:00,93,103,67,142,,83,,,69,,,101,85
2016-11-21 14:00:00,76,115,42,136,,121,,,77,,,106,80
2016-11-21 15:00:00,83,106,70,117,,105,,,80,,,107,76
2016-11-21 16:00:00,60,116,76,99,,107,,,77,,,133,75
2016-11-21 17:00:00,92,120,78,106,,159,,,118,,,170,73
2016-11-21 18:00:00,118,114,67,102,,195,,,163,,,179,99
2016-11-21 19:00:00,112,108,45,166,,216,,,218,,,180,142
2016-11-21 20:00:00,59,44,20,280,,219,,,166,,,174,158
2016-11-21 21:00:00,276,326,354,283,,242,,,216,,,275,239
2016-11-21 22:00:00,233,344,248,289,,201,,,195,,,313,238
2016-11-21 23:00:00,247,35,62,307,,243,,,271,,,285,234
2016-11-22 00:00:00,257,63,37,277,,152,,,156,,,271,231
2016-11-22 01:00:00,251,23,44,301,,183,,,244,,,307,206
2016-11-22 02:00:00,259,49,39,305,,292,,,189,,,273,233
2016-11-22 03:00:00,282,352,61,308,,291,,,250,,,290,245
2016-11-22 04:00:00,262,331,252,306,,296,,,275,,,285,224
2016-11-22 05:00:00,287,308,229,303,,288,,,265,,,275,171
2016-11-22 06:00:00,267,308,217,331,,290,,,275,,,282,191
2016-11-22 07:00:00,295,315,230,314,,295,,,265,,,288,203
2016-11-22 08:00:00,343,319,247,295,,295,,,283,,,298,111
2016-11-22 09:00:00,8,321,238,302,,28,,,278,,,322,153
2016-11-22 10:00:00,87,12,261,285,,82,,,254,,,354,56
2016-11-22 11:00:00,91,73,261,153,,126,,,335,,,73,70
2016-11-22 12:00:00,96,96,173,118,,144,,,81,,,113,79
2016-11-22 13:00:00,92,119,70,136,,121,,,81,,,105,87
2016-11-22 14:00:00,93,116,84,134,,116,,,85,,,111,83
2016-11-22 15:00:00,83,110,69,132,,93,,,69,,,101,86
2016-11-22 16:00:00,63,104,68,152,,109,,,71,,,114,84
2016-11-22 17:00:00,87,109,66,146,,122,,,71,,,125,105
2016-11-22 18:00:00,85,92,69,141,,174,,,63,,,156,138
2016-11-22 19:00:00,50,97,25,287,,198,,,228,,,228,147
2016-11-22 20:00:00,255,3,267,285,,216,,,158,,,282,156
2016-11-22 21:00:00,266,24,251,296,,203,,,217,,,250,194
2016-11-22 22:00:00,269,308,212,298,,254,,,242,,,258,227
2016-11-22 23:00:00,257,311,272,304,,273,,,241,,,285,236
2016-11-23 00:00:00,252,338,261,303,,270,,,264,,,268,238
2016-11-23 01:00:00,261,313,236,320,,290,,,241,,,214,226
2016-11-23 02:00:00,352,310,239,315,,262,,,255,,,300,224
2016-11-23 03:00:00,258,309,228,325,,253,,,244,,,261,238
2016-11-23 04:00:00,244,298,231,298,,246,,,255,,,247,227
2016-11-23 05:00:00,265,306,250,310,,260,,,234,,,277,157
2016-11-23 06:00:00,253,310,244,75,,340,,,175,,,251,220
2016-11-23 07:00:00,223,329,239,291,,285,,,146,,,271,242
2016-11-23 08:00:00,219,312,262,296,,181,,,35,,,95,248
2016-11-23 09:00:00,353,334,271,293,,146,,,25,,,62,54
2016-11-23 10:00:00,64,353,268,113,,308,,,12,,,70,97
2016-11-23 11:00:00,58,344,263,322,,8,,,360,,,86,85
2016-11-23 12:00:00,22,344,265,1,,26,,,346,,,106,95
2016-11-23 13:00:00,56,336,283,110,,26,,,356,,,113,92
2016-11-23 14:00:00,34,337,286,22,,19,,,318,,,114,92
2016-11-23 15:00:00,10,7,300,26,,11,,,359,,,126,87
2016-11-23 16:00:00,36,17,300,48,,41,,,38,,,136,91
2016-11-23 17:00:00,60,2,298,62,,36,,,33,,,123,77
2016-11-23 18:00:00,48,357,290,296,,31,,,16,,,118,64
2016-11-23 19:00:00,2,10,248,255,,56,,,15,,,120,94
2016-11-23 20:00:00,351,336,216,231,,353,,,153,,,118,109
2016-11-23 21:00:00,43,330,230,144,,260,,,178,,,129,117
2016-11-23 22:00:00,90,320,242,298,,235,,,240,,,124,126
2016-11-23 23:00:00,98,337,260,255,,223,,,223,,,147,86
2016-11-24 00:00:00,113,343,262,155,,193,,,212,,,157,98
2016-11-24 01:00:00,107,319,265,294,,319,,,225,,,203,124
2016-11-24 02:00:00,66,332,276,251,,296,,,297,,,122,130
2016-11-24 03:00:00,58,332,255,171,,14,,,173,,,155,119
2016-11-24 04:00:00,89,45,128,120,,303,,,141,,,148,85
2016-11-24 05:00:00,111,121,90,119,,300,,,275,,,137,89
2016-11-24 06:00:00,117,112,85,120,,318,,,107,,,136,109
2016-11-24 07:00:00,44,107,76,95,,26,,,321,,,357,252
2016-11-24 08:00:00,81,115,78,103,,61,,,,,,25,269
2016-11-24 09:00:00,64,102,74,103,,116,,,216,,,179,291
2016-11-24 10:00:00,54,100,54,152,,105,,,181,,,170,96
2016-11-24 11:00:00,72,103,64,131,,71,,,53,,,124,77
2016-11-24 12:00:00,49,104,54,68,,108,,,94,,,110,62
2016-11-24 13:00:00,75,106,75,91,,84,,,91,,,120,58
2016-11-24 14:00:00,131,118,79,97,,89,,,88,,,99,81
2016-11-24 15:00:00,143,103,62,103,,101,,,78,,,103,80
2016-11-24 16:00:00,138,108,60,105,,97,,,76,,,98,80
2016-11-24 17:00:00,135,107,56,109,,92,,,89,,,103,70
2016-11-24 18:00:00,117,102,55,103,,88,,,90,,,128,68
2016-11-24 19:00:00,99,102,78,95,,79,,,70,,,135,78
2016-11-24 20:00:00,114,104,67,101,,88,,,74,,,146,120
2016-11-24 21:00:00,242,80,36,85,,2,,,65,,,155,125
2016-11-24 22:00:00,70,96,36,93,,95,,,70,,,150,106
2016-11-24 23:00:00,88,104,62,104,,101,,,72,,,147,102
2016-11-25 00:00:00,356,95,43,103,,89,,,69,,,148,141
2016-11-25 01:00:00,19,62,31,150,,64,,,76,,,125,126
2016-11-25 02:00:00,70,74,35,75,,73,,,72,,,96,103
2016-11-25 03:00:00,62,107,69,89,,72,,,61,,,134,111
2016-11-25 04:00:00,72,107,78,87,,77,,,47,,,137,119
2016-11-25 05:00:00,92,60,56,66,,56,,,64,,,152,110
2016-11-25 06:00:00,43,63,26,39,,39,,,50,,,249,117
2016-11-25 07:00:00,71,62,33,194,,50,,,51,,,133,47
2016-11-25 08:00:00,44,36,348,123,,46,,,50,,,128,87
2016-11-25 09:00:00,58,50,8,121,,51,,,49,,,140,81
2016-11-25 10:00:00,26,52,37,156,,66,,,52,,,137,85
2016-11-25 11:00:00,38,54,82,149,,71,,,47,,,139,76
2016-11-25 12:00:00,41,104,58,111,,87,,,63,,,116,74
2016-11-25 13:00:00,71,89,45,63,,77,,,95,,,106,68
2016-11-25 14:00:00,103,92,13,103,,76,,,85,,,100,78
2016-11-25 15:00:00,95,82,18,103,,92,,,116,,,100,71
2016-11-25 16:00:00,104,91,32,100,,93,,,107,,,92,69
2016-11-25 17:00:00,109,82,25,100,,93,,,91,,,94,81
2016-11-25 18:00:00,111,77,24,94,,91,,,81,,,104,86
2016-11-25 19:00:00,102,83,15,91,,32,,,92,,,115,107
2016-11-25 20:00:00,118,108,4,92,,274,,,93,,,118,93
2016-11-25 21:00:00,135,93,213,109,,21,,,51,,,95,77
2016-11-25 22:00:00,128,110,105,119,,76,,,115,,,97,86
2016-11-25 23:00:00,114,89,24,111,,69,,,85,,,97,77
2016-11-26 00:00:00,79,87,9,98,,80,,,82,,,102,69
2016-11-26 01:00:00,66,56,343,96,,106,,,59,,,129,99
2016-11-26 02:00:00,92,60,40,113,,81,,,291,,,121,68
2016-11-26 03:00:00,78,354,315,136,,315,,,307,,,142,81
2016-11-26 04:00:00,68,9,304,148,,303,,,73,,,135,99
2016-11-26 05:00:00,75,22,298,152,,30,,,71,,,118,91
2016-11-26 06:00:00,91,94,111,108,,54,,,71,,,131,80
2016-11-26 07:00:00,77,86,51,110,,85,,,57,,,120,83
2016-11-26 08:00:00,85,65,24,94,,52,,,71,,,107,86
2016-11-26 09:00:00,86,87,18,88,,44,,,76,,,121,67
2016-11-26 10:00:00,76,80,16,99,,51,,,73,,,120,65
2016-11-26 11:00:00,77,103,66,108,,102,,,79,,,109,57
2016-11-26 12:00:00,78,102,69,104,,94,,,83,,,111,68
2016-11-26 13:00:00,80,126,59,116,,120,,,70,,,95,62
2016-11-26 14:00:00,129,130,96,112,,117,,,87,,,90,66
2016-11-26 15:00:00,144,133,102,115,,117,,,108,,,98,72
2016-11-26 16:00:00,147,136,100,127,,122,,,145,,,109,72
2016-11-26 17:00:00,149,125,92,137,,112,,,163,,,96,67
2016-11-26 18:00:00,137,151,78,136,,102,,,45,,,103,64
2016-11-26 19:00:00,108,90,30,133,,90,,,72,,,107,64
2016-11-26 20:00:00,111,110,51,115,,97,,,85,,,100,65
2016-11-26 21:00:00,95,127,91,122,,118,,,86,,,104,60
2016-11-26 22:00:00,74,120,75,116,,109,,,87,,,122,64
2016-11-26 23:00:00,43,105,64,112,,92,,,65,,,120,64
2016-11-27 00:00:00,60,108,63,118,,89,,,79,,,121,76
2016-11-27 01:00:00,44,104,62,114,,76,,,76,,,137,91
2016-11-27 02:00:00,47,105,62,122,,89,,,77,,,131,94
2016-11-27 03:00:00,69,106,63,112,,82,,,88,,,124,107
2016-11-27 04:00:00,67,110,63,118,,103,,,86,,,117,120
2016-11-27 05:00:00,39,107,61,119,,99,,,70,,,121,158
2016-11-27 06:00:00,93,100,57,121,,81,,,79,,,178,249
2016-11-27 07:00:00,67,102,63,148,,82,,,67,,,273,251
2016-11-27 08:00:00,44,80,71,148,,84,,,75,,,238,270
2016-11-27 09:00:00,68,86,86,142,,80,,,53,,,352,256
2016-11-27 10:00:00,57,42,73,152,,144,,,142,,,121,71
2016-11-27 11:00:00,102,120,63,44,,98,,,55,,,144,93
2016-11-27 12:00:00,50,101,52,125,,99,,,85,,,113,79
2016-11-27 13:00:00,60,123,77,141,,108,,,86,,,116,77
2016-11-27 14:00:00,79,124,65,119,,121,,,98,,,105,72
2016-11-27 15:00:00,108,122,79,100,,124,,,102,,,100,69
2016-11-27 16:00:00,137,127,82,97,,139,,,113,,,97,84
2016-11-27 17:00:00,128,124,79,112,,161,,,190,,,171,112
2016-11-27 18:00:00,116,110,83,95,,207,,,139,,,223,150
2016-11-27 19:00:00,179,135,88,295,,230,,,194,,,203,197
2016-11-27 20:00:00,243,129,73,329,,236,,,215,,,330,213
2016-11-27 21:00:00,229,126,59,295,,228,,,170,,,278,214
2016-11-27 22:00:00,247,96,58,284,,189,,,144,,,264,221
2016-11-27 23:00:00,260,108,69,312,,120,,,164,,,266,232
2016-11-28 00:00:00,269,57,27,322,,178,,,236,,,291,222
2016-11-28 01:00:00,269,12,13,309,,302,,,302,,,267,223
2016-11-28 02:00:00,258,347,260,296,,298,,,279,,,285,226
2016-11-28 03:00:00,259,293,227,344,,299,,,253,,,278,155
2016-11-28 04:00:00,238,257,212,106,,130,,,247,,,229,241
2016-11-28 05:00:00,245,273,218,281,,281,,,271,,,285,197
2016-11-28 06:00:00,282,263,189,301,,166,,,255,,,258,131
2016-11-28 07:00:00,246,232,194,312,,291,,,243,,,256,279
2016-11-28 08:00:00,218,323,226,299,,258,,,261,,,280,248
2016-11-28 09:00:00,262,286,226,292,,256,,,223,,,291,262
2016-11-28 10:00:00,294,301,218,291,,267,,,127,,,283,283
2016-11-28 11:00:00,302,297,221,293,,269,,,280,,,271,281
2016-11-28 12:00:00,287,304,222,291,,266,,,282,,,280,301
2016-11-28 13:00:00,316,309,216,297,,273,,,234,,,299,296
2016-11-28 14:00:00,309,301,232,290,,279,,,139,,,283,287
2016-11-28 15:00:00,296,303,232,288,,279,,,35,,,291,299
2016-11-28 16:00:00,141,232,168,283,,281,,,138,,,251,208
2016-11-28 17:00:00,134,167,98,197,,272,,,196,,,186,123
2016-11-28 18:00:00,214,199,115,101,,199,,,221,,,205,171
2016-11-28 19:00:00,251,208,178,127,,222,,,216,,,268,232
2016-11-28 20:00:00,223,203,173,117,,294,,,208,,,270,244
2016-11-28 21:00:00,226,195,,275,,297,,,252,,,265,234
2016-11-28 22:00:00,219,327,341,297,,284,,,256,,,243,209
2016-11-28 23:00:00,229,299,227,294,,190,,,180,,,249,238
2016-11-29 00:00:00,228,292,222,275,,215,,,239,,,262,215
2016-11-29 01:00:00,232,328,267,307,,263,,,194,,,255,232
2016-11-29 02:00:00,286,275,230,309,,299,,,253,,,294,244
2016-11-29 03:00:00,231,279,223,304,,313,,,247,,,58,275
2016-11-29 04:00:00,238,308,204,307,,153,,,251,,,286,284
2016-11-29 05:00:00,238,277,220,329,,249,,,233,,,217,250
2016-11-29 06:00:00,229,307,242,322,,250,,,205,,,248,243
2016-11-29 07:00:00,244,247,213,317,,251,,,171,,,195,238
2016-11-29 08:00:00,257,70,238,316,,251,,,179,,,172,244
2016-11-29 09:00:00,326,341,248,328,,331,,,91,,,166,243
2016-11-29 10:00:00,,274,257,282,,26,,,112,,,195,289
2016-11-29 11:00:00,,213,228,140,,128,,,118,,,158,57
2016-11-29 12:00:00,,6,217,136,,150,,,81,,,109,48
2016-11-29 13:00:00,,88,355,142,,139,,,50,,,303,96
2016-11-29 14:00:00,,117,83,125,,122,,,49,,,99,70
2016-11-29 15:00:00,,117,76,118,,125,,,51,,,303,92
2016-11-29 16:00:00,,116,50,112,,145,,,51,,,277,89
2016-11-29 17:00:00,,86,40,121,,114,,,41,,,270,151
2016-11-29 18:00:00,,37,354,113,,95,,,52,,,182,117
2016-11-29 19:00:00,,30,226,289,,333,,,52,,,133,112
2016-11-29 20:00:00,,345,277,277,,328,,,52,,,118,128
2016-11-29 21:00:00,,355,279,309,,201,,,55,,,270,124
2016-11-29 22:00:00,,340,273,292,,131,,,59,,,159,121
2016-11-29 23:00:00,,321,243,263,,299,,,56,,,99,131
2016-11-30 00:00:00,,324,264,255,,253,,,58,,,279,177
2016-11-30 01:00:00,,337,274,193,,353,,,46,,,289,169
2016-11-30 02:00:00,,345,272,316,,102,,,38,,,240,218
2016-11-30 03:00:00,,350,276,276,,255,,,36,,,168,103
2016-11-30 04:00:00,,337,281,114,,267,,,47,,,152,68
2016-11-30 05:00:00,,338,277,37,,112,,,37,,,64,93
2016-11-30 06:00:00,,337,284,39,,39,,,32,,,84,91
2016-11-30 07:00:00,,353,299,149,,254,,,35,,,104,88
2016-11-30 08:00:00,,358,297,157,,85,,,31,,,94,97
2016-11-30 09:00:00,,358,293,206,,77,,,28,,,90,91
2016-11-30 10:00:00,,358,286,68,,30,,,25,,,112,103
2016-11-30 11:00:00,,13,299,52,,44,,,37,,,95,66
2016-11-30 12:00:00,,7,304,44,,48,,,36,,,99,68
2016-11-30 13:00:00,,13,286,45,,52,,,38,,,97,65
2016-11-30 14:00:00,,48,243,50,,92,,,40,,,101,74
2016-11-30 15:00:00,,65,299,65,,53,,,42,,,106,76
2016-11-30 16:00:00,,117,65,104,,90,,,51,,,118,89
2016-11-30 17:00:00,,118,73,104,,101,,,48,,,113,110
2016-11-30 18:00:00,,120,66,110,,108,,,47,,,117,84
2016-11-30 19:00:00,,109,74,102,,105,,,46,,,105,61
2016-11-30 20:00:00,,110,78,103,,99,,,46,,,122,61
2016-11-30 21:00:00,,115,75,107,,156,,,45,,,139,77
2016-11-30 22:00:00,,110,73,106,,272,,,43,,,125,131
2016-11-30 23:00:00,,108,67,134,,265,,,44,,,123,158
2016-12-01 00:00:00,,110,333,109,,265,,,41,,,118,138
2016-12-01 01:00:00,,93,306,102,,265,,,36,,,150,143
2016-12-01 02:00:00,,54,307,106,,260,,,33,,,165,133
2016-12-01 03:00:00,,346,292,277,,277,,,32,,,189,160
2016-12-01 04:00:00,,325,254,280,,258,,,32,,,94,248
2016-12-01 05:00:00,,12,243,1,,242,,,52,,,333,243
2016-12-01 06:00:00,,33,286,301,,253,,,46,,,270,234
2016-12-01 07:00:00,,354,286,328,,184,,,43,,,287,175
2016-12-01 08:00:00,,352,344,306,,44,,,46,,,71,279
2016-12-01 09:00:00,,30,3,274,,78,,,32,,,119,105
2016-12-01 10:00:00,,109,68,140,,109,,,30,,,138,108
2016-12-01 11:00:00,,101,69,134,,124,,,35,,,119,80
2016-12-01 12:00:00,,111,76,109,,97,,,37,,,121,83
2016-12-01 13:00:00,,117,84,101,,101,,,40,,,90,51
2016-12-01 14:00:00,,116,81,99,,102,,,44,,,90,60
2016-12-01 15:00:00,,116,87,93,,90,,,46,,,99,68
2016-12-01 16:00:00,,111,75,93,,93,,,46,,,119,93
2016-12-01 17:00:00,,114,70,101,,97,,,45,,,133,106
2016-12-01 18:00:00,125,118,69,105,,123,,,48,,,135,86
2016-12-01 19:00:00,109,106,70,108,,130,,,49,,,144,98
2016-12-01 20:00:00,131,114,75,99,,108,,,46,,,152,80
2016-12-01 21:00:00,125,112,79,101,,114,,,52,,,145,128
2016-12-01 22:00:00,112,113,64,101,,105,,,60,,,145,141
2016-12-01 23:00:00,103,104,61,109,,100,,,56,,,6,152
2016-12-02 00:00:00,112,108,62,113,,90,,,62,,,271,226
2016-12-02 01:00:00,32,116,69,130,,115,,,54,,,39,246
2016-12-02 02:00:00,215,150,55,123,,105,,,66,,,239,269
2016-12-02 03:00:00,246,50,27,173,,48,,,69,,,276,264
2016-12-02 04:00:00,234,62,44,212,,79,,,72,,,214,261
2016-12-02 05:00:00,236,113,99,151,,137,,,75,,,307,250
2016-12-02 06:00:00,230,184,111,149,,169,,,75,,,279,258
2016-12-02 07:00:00,226,57,98,319,,170,,,69,,,221,216
2016-12-02 08:00:00,234,139,94,274,,8,,,64,,,66,235
2016-12-02 09:00:00,69,112,73,283,,348,,,76,,,136,322
2016-12-02 10:00:00,347,130,84,277,,129,,,80,,,263,72
2016-12-02 11:00:00,324,111,134,272,,113,,,76,,,145,148
2016-12-02 12:00:00,341,38,297,220,,97,,,66,,,71,66
2016-12-02 13:00:00,24,13,321,253,,62,,,62,,,107,76
2016-12-02 14:00:00,59,52,56,233,,77,,,68,,,113,78
2016-12-02 15:00:00,73,101,73,103,,90,,,70,,,103,73
2016-12-02 16:00:00,77,101,55,67,,78,,,67,,,109,80
2016-12-02 17:00:00,85,109,73,56,,78,,,62,,,139,92
2016-12-02 18:00:00,90,138,134,128,,109,,,66,,,118,103
2016-12-02 19:00:00,249,203,179,130,,195,,,73,,,117,115
2016-12-02 20:00:00,248,288,204,305,,272,,,74,,,283,219
2016-12-02 21:00:00,203,50,306,132,,199,,,74,,,128,131
2016-12-02 22:00:00,110,61,321,142,,187,,,73,,,152,151
2016-12-02 23:00:00,105,20,294,192,,247,,,75,,,304,225
2016-12-03 00:00:00,212,2,258,266,,269,,,75,,,246,232
2016-12-03 01:00:00,235,5,216,269,,317,,,76,,,276,242
2016-12-03 02:00:00,232,16,245,211,,32,,,72,,,63,228
2016-12-03 03:00:00,230,339,261,178,,130,,,74,,,129,278
2016-12-03 04:00:00,217,15,277,276,,207,,,74,,,234,89
2016-12-03 05:00:00,278,51,295,306,,140,,,66,,,159,158
2016-12-03 06:00:00,291,351,268,294,,339,,,76,,,272,226
2016-12-03 07:00:00,229,7,266,266,,220,,,72,,,138,152
2016-12-03 08:00:00,74,18,297,340,,95,,,60,,,83,114
2016-12-03 09:00:00,43,342,269,321,,12,,,63,,,28,85
2016-12-03 10:00:00,33,331,270,302,,323,,,65,,,128,82
2016-12-03 11:00:00,67,1,350,255,,20,,,54,,,87,86
2016-12-03 12:00:00,54,335,287,85,,216,,,64,,,102,74
2016-12-03 13:00:00,15,352,280,19,,33,,,61,,,113,89
2016-12-03 14:00:00,17,,286,26,,25,,,55,,,123,97
2016-12-03 15:00:00,26,347,281,27,,24,,,55,,,137,99
2016-12-03 16:00:00,354,338,279,301,,256,,,72,,,81,94
2016-12-03 17:00:00,149,334,279,256,,141,,,66,,,86,87
2016-12-03 18:00:00,110,340,238,145,,350,,,56,,,76,65
2016-12-03 19:00:00,95,292,193,153,,194,,,69,,,91,79
2016-12-03 20:00:00,351,181,115,155,,225,,,64,,,99,79
2016-12-03 21:00:00,327,33,305,153,,42,,,71,,,354,121
2016-12-03 22:00:00,59,83,8,135,,62,,,63,,,149,121
2016-12-03 23:00:00,356,88,63,243,,32,,,63,,,337,121
2016-12-04 00:00:00,43,105,66,82,,53,,,,,,,
2016-12-04 01:00:00,60,109,73,112,,12,,,63,,,120,83
2016-12-04 02:00:00,43,40,301,132,,27,,,58,,,120,84
2016-12-04 03:00:00,26,,281,241,,103,,,54,,,123,91
2016-12-04 04:00:00,37,358,281,199,,39,,,58,,,138,106
2016-12-04 05:00:00,56,347,275,177,,280,,,58,,,138,106
2016-12-04 06:00:00,80,343,266,205,,63,,,58,,,138,106
2016-12-04 07:00:00,87,349,277,229,,71,,,58,,,123,106
2016-12-04 08:00:00,75,343,279,85,,136,,,71,,,110,95
2016-12-04 09:00:00,87,346,280,50,,89,,,66,,,110,102
2016-12-04 10:00:00,70,349,279,128,,54,,,73,,,109,96
2016-12-04 11:00:00,65,342,274,36,,46,,,73,,,96,101
2016-12-04 12:00:00,46,347,278,170,,58,,,78,,,88,97
2016-12-04 13:00:00,75,341,275,212,,57,,,84,,,89,94
2016-12-04 14:00:00,79,1,281,161,,43,,,61,,,83,95
2016-12-04 15:00:00,47,356,282,299,,39,,,54,,,84,90
2016-12-04 16:00:00,48,354,282,103,,26,,,66,,,104,86
2016-12-04 17:00:00,62,356,286,196,,51,,,63,,,97,95
2016-12-04 18:00:00,79,344,272,14,,55,,,76,,,93,92
2016-12-04 19:00:00,85,344,257,302,,142,,,74,,,120,110
2016-12-04 20:00:00,152,335,278,190,,76,,,66,,,83,76
2016-12-04 21:00:00,149,336,267,117,,337,,,73,,,297,104
2016-12-04 22:00:00,115,341,266,133,,343,,,78,,,303,168
2016-12-04 23:00:00,69,351,273,323,,9,,,73,,,283,246
2016-12-05 00:00:00,88,355,273,302,,13,,,70,,,288,145
2016-12-05 01:00:00,60,354,272,322,,334,,,76,,,285,222
2016-12-05 02:00:00,68,,276,305,,344,,,67,,,290,250
2016-12-05 03:00:00,73,355,287,285,,104,,,64,,,288,83
2016-12-05 04:00:00,125,352,282,164,,163,,,65,,,105,95
2016-12-05 05:00:00,145,6,277,152,,117,,,66,,,91,83
2016-12-05 06:00:00,115,89,281,141,,126,,,68,,,112,82
2016-12-05 07:00:00,82,103,271,133,,142,,,67,,,116,98
2016-12-05 08:00:00,100,104,264,120,,126,,,67,,,,103
2016-12-05 09:00:00,96,87,290,138,,112,,,69,,,91,74
2016-12-05 10:00:00,100,32,253,138,,103,,,70,,,105,76
2016-12-05 11:00:00,138,65,344,266,,97,,,75,,,104,83
2016-12-05 12:00:00,135,86,70,296,,81,,,72,,,311,90
2016-12-05 13:00:00,116,208,62,291,,329,,,73,,,299,70
2016-12-05 14:00:00,137,324,71,290,,278,,,68,,,332,307
2016-12-05 15:00:00,28,56,62,300,,292,,,58,,,334,282
2016-12-05 16:00:00,346,119,87,310,,303,,,57,,,309,268
2016-12-05 17:00:00,264,81,62,301,,266,,,59,,,293,263
2016-12-05 18:00:00,282,139,45,308,,259,,,61,,,288,220
2016-12-05 19:00:00,171,110,45,288,,315,,,61,,,304,103
2016-12-05 20:00:00,123,93,71,274,,52,,,60,,,238,105
2016-12-05 21:00:00,175,105,72,122,,70,,,63,,,268,115
2016-12-05 22:00:00,195,115,106,125,,135,,,68,,,262,218
2016-12-05 23:00:00,146,200,168,118,,138,,,77,,,262,248
2016-12-06 00:00:00,241,195,198,127,,117,,,79,,,208,250
2016-12-06 01:00:00,232,197,192,284,,247,,,88,,,294,268
2016-12-06 02:00:00,229,245,225,91,,239,,,87,,,231,270
2016-12-06 03:00:00,231,237,228,316,,276,,,103,,,281,282
2016-12-06 04:00:00,321,231,204,318,,259,,,136,,,259,278
2016-12-06 05:00:00,327,296,238,314,,225,,,139,,,248,273
2016-12-06 06:00:00,324,144,213,318,,162,,,156,,,267,281
2016-12-06 07:00:00,273,80,238,312,,168,,,164,,,278,193
2016-12-06 08:00:00,230,282,231,299,,81,,,155,,,292,245
2016-12-06 09:00:00,227,213,217,301,,89,,,180,,,24,252
2016-12-06 10:00:00,240,284,230,295,,111,,,190,,,93,271
2016-12-06 11:00:00,212,143,16,68,,113,,,97,,,23,283
2016-12-06 12:00:00,94,108,72,145,,115,,,119,,,132,78
2016-12-06 13:00:00,83,120,71,122,,113,,,138,,,114,77
2016-12-06 14:00:00,74,118,69,103,,116,,,149,,,105,64
2016-12-06 15:00:00,104,118,73,100,,124,,,162,,,103,74
2016-12-06 16:00:00,136,109,77,100,,132,,,139,,,139,116
2016-12-06 17:00:00,103,107,63,102,,169,,,122,,,153,128
2016-12-06 18:00:00,77,97,53,110,,165,,,106,,,178,148
2016-12-06 19:00:00,325,78,72,125,,163,,,112,,,168,146
2016-12-06 20:00:00,305,178,80,229,,216,,,102,,,353,159
2016-12-06 21:00:00,269,61,72,304,,230,,,85,,,316,264
2016-12-06 22:00:00,292,40,53,291,,153,,,91,,,267,245
2016-12-06 23:00:00,250,329,355,307,,101,,,80,,,304,247
2016-12-07 00:00:00,272,306,282,287,,194,,,78,,,270,187
2016-12-07 01:00:00,270,303,218,316,,233,,,83,,,249,226
2016-12-07 02:00:00,237,297,247,327,,206,,,86,,,233,265
2016-12-07 03:00:00,225,316,259,298,,245,,,76,,,301,254
2016-12-07 04:00:00,226,291,220,291,,258,,,79,,,269,249
2016-12-07 05:00:00,242,342,244,312,,206,,,84,,,280,243
2016-12-07 06:00:00,232,347,249,280,,147,,,84,,,213,198
2016-12-07 07:00:00,228,17,275,302,,226,,,65,,,264,219
2016-12-07 08:00:00,144,75,310,95,,109,,,39,,,323,246
2016-12-07 09:00:00,85,37,315,139,,83,,,40,,,28,111
2016-12-07 10:00:00,80,15,278,174,,65,,,39,,,128,90
2016-12-07 11:00:00,74,344,268,134,,79,,,46,,,83,82
2016-12-07 12:00:00,79,20,233,152,,131,,,62,,,83,81
2016-12-07 13:00:00,82,42,16,137,,113,,,43,,,124,71
2016-12-07 14:00:00,97,85,53,119,,106,,,43,,,111,72
2016-12-07 15:00:00,90,81,45,143,,108,,,47,,,108,81
2016-12-07 16:00:00,91,109,60,141,,159,,,51,,,123,99
2016-12-07 17:00:00,90,82,34,142,,114,,,44,,,151,116
2016-12-07 18:00:00,80,93,42,143,,101,,,39,,,132,110
2016-12-07 19:00:00,65,104,71,150,,125,,,41,,,107,117
2016-12-07 20:00:00,43,109,82,144,,144,,,48,,,98,111
2016-12-07 21:00:00,278,100,55,129,,118,,,43,,,128,105
2016-12-07 22:00:00,69,91,43,260,,67,,,55,,,150,113
2016-12-07 23:00:00,68,85,36,354,,31,,,54,,,113,115
2016-12-08 00:00:00,75,19,260,114,,319,,,62,,,133,105
2016-12-08 01:00:00,107,341,269,123,,303,,,66,,,126,108
2016-12-08 02:00:00,28,352,277,277,,31,,,44,,,137,110
2016-12-08 03:00:00,38,343,284,14,,161,,,46,,,132,113
2016-12-08 04:00:00,75,338,283,22,,221,,,60,,,107,110
2016-12-08 05:00:00,83,340,275,34,,90,,,51,,,110,106
2016-12-08 06:00:00,108,343,278,242,,35,,,50,,,101,104
2016-12-08 07:00:00,98,349,282,168,,60,,,52,,,94,102
2016-12-08 08:00:00,57,333,279,27,,39,,,59,,,115,104
2016-12-08 09:00:00,78,332,286,37,,12,,,62,,,118,106
2016-12-08 10:00:00,40,350,285,35,,8,,,52,,,120,107
2016-12-08 11:00:00,29,356,285,31,,13,,,31,,,127,
2016-12-08 12:00:00,29,2,291,39,,38,,,31,,,123,
2016-12-08 13:00:00,31,8,293,143,,34,,,37,,,122,
2016-12-08 14:00:00,27,5,297,92,,34,,,35,,,117,
2016-12-08 15:00:00,43,4,292,135,,39,,,32,,,114,
2016-12-08 16:00:00,48,360,291,44,,24,,,35,,,114,
2016-12-08 17:00:00,31,355,291,119,,47,,,25,,,118,
2016-12-08 18:00:00,45,355,290,29,,39,,,25,,,106,
2016-12-08 19:00:00,32,359,288,33,,33,,,26,,,113,
2016-12-08 20:00:00,26,353,286,51,,28,,,24,,,112,94
2016-12-08 21:00:00,20,353,288,36,,38,,,26,,,105,84
2016-12-08 22:00:00,25,325,285,37,,52,,,26,,,115,91
2016-12-08 23:00:00,52,325,285,41,,75,,,26,,,116,85
2016-12-09 00:00:00,76,319,291,17,,111,,,28,,,105,86
2016-12-09 01:00:00,78,309,286,223,,120,,,30,,,112,81
2016-12-09 02:00:00,65,311,275,256,,95,,,34,,,118,77
2016-12-09 03:00:00,44,289,277,357,,60,,,40,,,108,69
2016-12-09 04:00:00,29,286,287,339,,35,,,38,,,110,90
2016-12-09 05:00:00,54,354,288,274,,79,,,32,,,111,86
2016-12-09 06:00:00,43,350,287,270,,46,,,30,,,80,82
2016-12-09 07:00:00,42,342,287,172,,61,,,26,,,75,69
2016-12-09 08:00:00,34,346,284,162,,62,,,27,,,94,77
2016-12-09 09:00:00,81,350,285,165,,54,,,25,,,81,79
2016-12-09 10:00:00,91,350,289,179,,43,,,27,,,84,83
2016-12-09 11:00:00,92,347,284,179,,70,,,32,,,90,81
2016-12-09 12:00:00,70,320,262,191,,107,,,41,,,76,80
2016-12-09 13:00:00,8,289,239,332,,98,,,39,,,33,86
2016-12-09 14:00:00,56,323,243,269,,114,,,30,,,126,34
2016-12-09 15:00:00,45,2,263,178,,73,,,30,,,112,69
2016-12-09 16:00:00,90,74,239,186,,89,,,38,,,102,86
2016-12-09 17:00:00,109,76,346,156,,111,,,43,,,102,86
2016-12-09 18:00:00,121,47,47,100,,146,,,50,,,100,89
2016-12-09 19:00:00,136,97,60,113,,98,,,39,,,116,100
2016-12-09 20:00:00,106,103,66,104,,87,,,,,,126,102
2016-12-09 21:00:00,83,112,66,120,,104,,,36,,,120,85
2016-12-09 22:00:00,62,100,67,143,,113,,,35,,,119,81
2016-12-09 23:00:00,45,102,31,169,,113,,,32,,,124,103
2016-12-10 00:00:00,72,75,10,182,,96,,,28,,,115,111
2016-12-10 01:00:00,68,74,27,147,,71,,,33,,,95,82
2016-12-10 02:00:00,63,51,304,140,,38,,,22,,,71,82
2016-12-10 03:00:00,263,68,256,38,,14,,,27,,,32,323
2016-12-10 04:00:00,36,19,271,300,,13,,,31,,,315,223
2016-12-10 05:00:00,30,31,294,288,,353,,,22,,,247,123
2016-12-10 06:00:00,22,358,288,283,,354,,,40,,,109,87
2016-12-10 07:00:00,19,46,295,285,,8,,,21,,,328,99
2016-12-10 08:00:00,356,22,291,249,,17,,,39,,,309,80
2016-12-10 09:00:00,26,337,267,296,,97,,,43,,,342,83
2016-12-10 10:00:00,36,353,255,256,,42,,,44,,,230,81
2016-12-10 11:00:00,40,8,286,210,,61,,,26,,,50,70
2016-12-10 12:00:00,356,18,314,218,,41,,,35,,,32,82
2016-12-10 13:00:00,33,355,303,190,,33,,,33,,,1,79
2016-12-10 14:00:00,76,32,277,137,,39,,,28,,,78,77
2016-12-10 15:00:00,119,43,349,161,,51,,,30,,,88,81
2016-12-10 16:00:00,110,47,36,159,,63,,,22,,,79,80
2016-12-10 17:00:00,107,110,91,159,,83,,,26,,,105,72
2016-12-10 18:00:00,96,107,77,141,,84,,,33,,,103,70
2016-12-10 19:00:00,85,119,82,156,,100,,,36,,,96,83
2016-12-10 20:00:00,69,118,82,148,,123,,,34,,,99,91
2016-12-10 21:00:00,,111,82,151,,110,,,36,,,80,93
2016-12-10 22:00:00,11,108,68,149,,102,,,30,,,101,93
2016-12-10 23:00:00,17,65,44,144,,73,,,16,,,95,89
2016-12-11 00:00:00,24,29,313,90,,46,,,17,,,24,33
2016-12-11 01:00:00,334,339,241,305,,1,,,70,,,299,115
2016-12-11 02:00:00,197,301,251,287,,337,,,67,,,267,247
2016-12-11 03:00:00,247,302,244,306,,149,,,59,,,251,254
2016-12-11 04:00:00,233,298,217,265,,31,,,65,,,257,276
2016-12-11 05:00:00,236,318,231,316,,285,,,63,,,245,265
2016-12-11 06:00:00,233,275,223,317,,303,,,61,,,204,266
2016-12-11 07:00:00,233,332,256,312,,89,,,60,,,353,278
2016-12-11 08:00:00,221,260,228,295,,165,,,67,,,271,110
2016-12-11 09:00:00,231,233,223,277,,178,,,69,,,62,46
2016-12-11 10:00:00,26,310,246,287,,138,,,45,,,3,53
2016-12-11 11:00:00,102,91,89,237,,111,,,22,,,124,83
2016-12-11 12:00:00,95,108,100,140,,144,,,40,,,132,64
2016-12-11 13:00:00,92,106,71,136,,112,,,40,,,117,76
2016-12-11 14:00:00,73,120,74,129,,116,,,66,,,114,76
2016-12-11 15:00:00,79,110,92,141,,141,,,65,,,119,86
2016-12-11 16:00:00,115,114,78,151,,173,,,67,,,149,116
2016-12-11 17:00:00,124,99,68,143,,190,,,68,,,187,157
2016-12-11 18:00:00,211,120,349,143,,187,,,52,,,214,160
2016-12-11 19:00:00,292,319,264,261,,228,,,43,,,245,202
2016-12-11 20:00:00,160,323,286,284,,352,,,34,,,275,215
2016-12-11 21:00:00,256,272,190,268,,200,,,49,,,259,159
2016-12-11 22:00:00,247,221,198,273,,227,,,48,,,209,229
2016-12-11 23:00:00,278,234,203,293,,251,,,41,,,269,156
2016-12-12 00:00:00,288,235,256,278,,260,,,35,,,267,247
2016-12-12 01:00:00,267,282,233,278,,258,,,27,,,277,216
2016-12-12 02:00:00,243,277,255,320,,285,,,27,,,267,258
2016-12-12 03:00:00,306,250,238,327,,264,,,30,,,269,243
2016-12-12 04:00:00,254,134,218,314,,287,,,22,,,260,240
2016-12-12 05:00:00,288,328,220,304,,326,,,21,,,273,228
2016-12-12 06:00:00,286,250,213,328,,255,,,22,,,254,226
2016-12-12 07:00:00,236,155,239,283,,222,,,34,,,250,247
2016-12-12 08:00:00,230,62,269,310,,158,,,41,,,292,275
2016-12-12 09:00:00,29,45,237,312,,103,,,28,,,321,225
2016-12-12 10:00:00,47,21,15,213,,100,,,31,,,56,126
2016-12-12 11:00:00,81,36,353,152,,123,,,28,,,95,83
2016-12-12 12:00:00,96,28,360,173,,92,,,22,,,117,82
2016-12-12 13:00:00,114,74,39,161,,100,,,30,,,107,86
2016-12-12 14:00:00,91,104,60,141,,93,,,23,,,116,82
2016-12-12 15:00:00,83,103,44,149,,91,,,23,,,118,87
2016-12-12 16:00:00,84,103,67,147,,99,,,16,,,120,91
2016-12-12 17:00:00,89,108,62,147,,95,,,15,,,124,92
2016-12-12 18:00:00,66,121,63,150,,111,,,15,,,134,104
2016-12-12 19:00:00,35,123,78,157,,134,,,14,,,100,115
2016-12-12 20:00:00,47,110,85,172,,111,,,15,,,35,125
2016-12-12 21:00:00,17,132,74,142,,98,,,24,,,341,189
2016-12-12 22:00:00,330,92,67,159,,105,,,28,,,280,172
2016-12-12 23:00:00,265,95,67,180,,95,,,27,,,203,146
2016-12-13 00:00:00,249,353,269,296,,339,,,31,,,238,218
2016-12-13 01:00:00,286,335,266,298,,342,,,40,,,291,198
2016-12-13 02:00:00,293,318,231,291,,315,,,36,,,289,245
2016-12-13 03:00:00,278,295,225,283,,59,,,34,,,279,210
2016-12-13 04:00:00,307,309,230,280,,289,,,35,,,274,151
2016-12-13 05:00:00,339,300,230,294,,308,,,28,,,250,239
2016-12-13 06:00:00,247,293,224,313,,117,,,28,,,245,257
2016-12-13 07:00:00,287,287,233,318,,234,,,33,,,262,173
2016-12-13 08:00:00,144,347,315,327,,43,,,39,,,266,160
2016-12-13 09:00:00,3,60,330,318,,46,,,35,,,319,239
2016-12-13 10:00:00,48,343,334,313,,108,,,28,,,322,198
2016-12-13 11:00:00,74,334,319,310,,99,,,22,,,89,75
2016-12-13 12:00:00,34,344,328,287,,197,,,16,,,117,79
2016-12-13 13:00:00,72,80,358,181,,119,,,34,,,102,90
2016-12-13 14:00:00,100,101,50,154,,117,,,56,,,109,102
2016-12-13 15:00:00,92,106,61,149,,104,,,80,,,115,90
2016-12-13 16:00:00,71,97,49,136,,86,,,74,,,138,95
2016-12-13 17:00:00,88,108,72,144,,104,,,78,,,139,97
2016-12-13 18:00:00,42,102,43,171,,95,,,85,,,149,109
2016-12-13 19:00:00,61,115,77,159,,115,,,95,,,152,101
2016-12-13 20:00:00,357,76,79,136,,121,,,101,,,131,93
2016-12-13 21:00:00,285,17,59,82,,307,,,101,,,144,105
2016-12-13 22:00:00,258,308,282,286,,289,,,106,,,316,17
2016-12-13 23:00:00,260,22,268,302,,241,,,102,,,344,237
2016-12-14 00:00:00,352,48,269,322,,197,,,111,,,277,246
2016-12-14 01:00:00,241,355,251,316,,115,,,103,,,286,241
2016-12-14 02:00:00,287,44,319,318,,217,,,97,,,284,236
2016-12-14 03:00:00,258,35,22,176,,67,,,88,,,290,242
2016-12-14 04:00:00,193,85,164,122,,143,,,107,,,289,241
2016-12-14 05:00:00,246,80,266,100,,79,,,89,,,274,163
2016-12-14 06:00:00,222,137,194,88,,175,,,89,,,261,222
2016-12-14 07:00:00,242,127,154,209,,77,,,118,,,277,227
2016-12-14 08:00:00,248,126,254,296,,61,,,104,,,327,239
2016-12-14 09:00:00,67,353,289,305,,78,,,111,,,345,236
2016-12-14 10:00:00,123,64,343,118,,88,,,76,,,127,82
2016-12-14 11:00:00,88,48,354,147,,91,,,77,,,128,73
2016-12-14 12:00:00,85,53,352,148,,104,,,67,,,108,79
2016-12-14 13:00:00,94,62,20,155,,82,,,70,,,106,85
2016-12-14 14:00:00,87,106,37,161,,109,,,68,,,119,87
2016-12-14 15:00:00,93,105,67,148,,112,,,80,,,130,95
2016-12-14 16:00:00,93,105,74,145,,115,,,81,,,143,104
2016-12-14 17:00:00,89,111,70,141,,124,,,75,,,128,111
2016-12-14 18:00:00,49,107,75,141,,125,,,70,,,117,108
2016-12-14 19:00:00,41,116,77,144,,125,,,83,,,119,104
2016-12-14 20:00:00,22,112,62,142,,129,,,78,,,111,111
2016-12-14 21:00:00,28,110,73,137,,109,,,69,,,131,104
2016-12-14 22:00:00,348,117,81,127,,122,,,55,,,118,111
2016-12-14 23:00:00,68,106,87,111,,148,,,57,,,98,96
2016-12-15 00:00:00,76,112,87,126,,84,,,70,,,114,79
2016-12-15 01:00:00,72,105,97,108,,86,,,69,,,126,88
2016-12-15 02:00:00,58,116,79,84,,80,,,70,,,127,53
2016-12-15 03:00:00,86,109,10,121,,79,,,79,,,140,88
2016-12-15 04:00:00,75,105,10,137,,108,,,69,,,139,81
2016-12-15 05:00:00,88,55,349,160,,67,,,61,,,126,97
2016-12-15 06:00:00,107,64,320,147,,17,,,63,,,151,104
2016-12-15 07:00:00,110,16,262,243,,33,,,61,,,135,112
2016-12-15 08:00:00,33,343,264,270,,355,,,52,,,134,120
2016-12-15 09:00:00,26,354,289,269,,60,,,47,,,128,121
2016-12-15 10:00:00,22,12,304,155,,54,,,43,,,147,77
2016-12-15 11:00:00,58,13,318,152,,49,,,42,,,134,72
2016-12-15 12:00:00,37,20,339,149,,42,,,51,,,136,83
2016-12-15 13:00:00,64,60,57,143,,56,,,66,,,127,77
2016-12-15 14:00:00,55,98,59,102,,84,,,70,,,119,69
2016-12-15 15:00:00,73,94,38,100,,101,,,68,,,115,61
2016-12-15 16:00:00,70,101,64,101,,90,,,67,,,123,62
2016-12-15 17:00:00,56,108,60,101,,103,,,70,,,125,64
2016-12-15 18:00:00,88,108,54,99,,114,,,73,,,127,61
2016-12-15 19:00:00,60,111,66,106,,123,,,66,,,106,61
2016-12-15 20:00:00,52,111,61,118,,134,,,58,,,119,74
2016-12-15 21:00:00,46,112,57,131,,126,,,57,,,136,76
2016-12-15 22:00:00,70,110,54,158,,114,,,56,,,130,87
2016-12-15 23:00:00,88,106,63,166,,128,,,67,,,121,75
2016-12-16 00:00:00,91,102,53,157,,131,,,68,,,133,93
2016-12-16 01:00:00,14,105,64,170,,126,,,77,,,8,112
2016-12-16 02:00:00,322,90,14,148,,103,,,76,,,315,116
2016-12-16 03:00:00,333,76,357,155,,118,,,65,,,147,116
2016-12-16 04:00:00,68,11,339,4,,101,,,141,,,296,258
2016-12-16 05:00:00,209,304,307,312,,110,,,128,,,330,234
2016-12-16 06:00:00,271,44,259,289,,281,,,108,,,293,235
2016-12-16 07:00:00,234,,239,309,,301,,,195,,,303,220
2016-12-16 08:00:00,276,318,259,301,,238,,,196,,,328,239
2016-12-16 09:00:00,6,22,211,315,,136,,,177,,,43,206
2016-12-16 10:00:00,33,96,162,310,,124,,,174,,,73,93
2016-12-16 11:00:00,42,76,213,324,,128,,,162,,,118,89
2016-12-16 12:00:00,91,67,89,193,,144,,,83,,,120,69
2016-12-16 13:00:00,101,109,92,134,,124,,,76,,,105,81
2016-12-16 14:00:00,101,113,103,140,,121,,,84,,,100,82
2016-12-16 15:00:00,80,115,68,132,,109,,,80,,,128,82
2016-12-16 16:00:00,92,119,68,145,,174,,,83,,,111,87
2016-12-16 17:00:00,64,115,62,150,,185,,,78,,,119,128
2016-12-16 18:00:00,331,115,62,151,,185,,,127,,,95,157
2016-12-16 19:00:00,278,100,20,152,,179,,,129,,,188,139
2016-12-16 20:00:00,228,86,35,158,,138,,,124,,,213,173
2016-12-16 21:00:00,292,53,64,202,,177,,,150,,,278,182
2016-12-16 22:00:00,253,312,93,284,,211,,,149,,,301,182
2016-12-16 23:00:00,278,284,224,292,,247,,,105,,,267,231
2016-12-17 00:00:00,253,275,233,285,,257,,,108,,,292,208
2016-12-17 01:00:00,303,292,242,306,,281,,,91,,,231,230
2016-12-17 02:00:00,268,298,227,305,,295,,,105,,,263,243
2016-12-17 03:00:00,275,267,232,305,,211,,,95,,,273,255
2016-12-17 04:00:00,253,294,225,295,,42,,,87,,,255,248
2016-12-17 05:00:00,258,300,222,315,,143,,,91,,,250,289
2016-12-17 06:00:00,249,242,223,315,,223,,,87,,,236,252
2016-12-17 07:00:00,227,54,209,337,,252,,,78,,,243,236
2016-12-17 08:00:00,229,50,231,331,,252,,,75,,,229,243
2016-12-17 09:00:00,222,51,322,307,,254,,,81,,,180,234
2016-12-17 10:00:00,194,75,202,282,,311,,,81,,,34,239
2016-12-17 11:00:00,140,105,311,287,,345,,,35,,,135,71
2016-12-17 12:00:00,118,122,165,280,,36,,,12,,,113,97
2016-12-17 13:00:00,94,123,103,173,,127,,,17,,,105,90
2016-12-17 14:00:00,92,140,92,138,,165,,,24,,,104,68
2016-12-17 15:00:00,141,132,84,139,,148,,,31,,,143,87
2016-12-17 16:00:00,130,124,82,123,,140,,,26,,,181,135
2016-12-17 17:00:00,155,123,67,120,,133,,,39,,,178,139
2016-12-17 18:00:00,203,125,66,112,,224,,,60,,,255,183
2016-12-17 19:00:00,252,186,86,221,,244,,,56,,,274,237
2016-12-17 20:00:00,255,296,279,291,,288,,,34,,,279,254
2016-12-17 21:00:00,251,289,257,295,,290,,,50,,,273,193
2016-12-17 22:00:00,283,265,197,312,,249,,,53,,,241,177
2016-12-17 23:00:00,257,250,230,290,,258,,,58,,,270,244
2016-12-18 00:00:00,273,313,247,320,,297,,,64,,,271,216
2016-12-18 01:00:00,240,291,216,304,,300,,,66,,,240,237
2016-12-18 02:00:00,35,351,285,3,,17,,,32,,,111,118
2016-12-18 03:00:00,73,347,289,30,,353,,,22,,,85,100
2016-12-18 04:00:00,54,348,291,16,,271,,,31,,,84,103
2016-12-18 05:00:00,137,,289,13,,73,,,20,,,34,106
2016-12-18 06:00:00,86,1,282,249,,96,,,37,,,113,93
2016-12-18 07:00:00,88,5,281,245,,102,,,32,,,92,93
2016-12-18 08:00:00,65,357,276,273,,101,,,39,,,84,89
2016-12-18 09:00:00,84,344,279,209,,151,,,34,,,112,77
2016-12-18 10:00:00,100,340,280,196,,35,,,35,,,100,94
2016-12-18 11:00:00,83,358,287,183,,43,,,17,,,74,74
2016-12-18 12:00:00,63,354,291,60,,60,,,16,,,93,76
2016-12-18 13:00:00,64,14,299,53,,50,,,12,,,102,78
2016-12-18 14:00:00,48,7,290,58,,52,,,12,,,99,71
2016-12-18 15:00:00,50,1,288,49,,41,,,14,,,98,62
2016-12-18 16:00:00,43,13,294,53,,38,,,16,,,96,65
2016-12-18 17:00:00,24,359,302,32,,10,,,24,,,107,69
2016-12-18 18:00:00,24,1,284,128,,36,,,21,,,117,86
2016-12-18 19:00:00,32,326,261,189,,60,,,15,,,124,96
2016-12-18 20:00:00,59,283,274,126,,43,,,19,,,117,95
2016-12-18 21:00:00,75,288,269,169,,36,,,23,,,119,88
2016-12-18 22:00:00,84,316,266,187,,35,,,29,,,107,88
2016-12-18 23:00:00,98,297,273,189,,13,,,22,,,101,90
2016-12-19 00:00:00,63,302,270,145,,26,,,33,,,105,97
2016-12-19 01:00:00,55,319,277,166,,21,,,29,,,105,85
2016-12-19 02:00:00,57,328,274,164,,18,,,12,,,102,79
2016-12-19 03:00:00,34,338,275,203,,351,,,26,,,87,86
2016-12-19 04:00:00,69,356,281,219,,36,,,11,,,106,74
2016-12-19 05:00:00,56,350,278,225,,35,,,10,,,112,77
2016-12-19 06:00:00,45,357,286,235,,49,,,10,,,101,73
2016-12-19 07:00:00,45,344,289,256,,58,,,11,,,96,83
2016-12-19 08:00:00,77,358,289,232,,34,,,13,,,102,79
2016-12-19 09:00:00,84,355,288,183,,30,,,12,,,106,67
2016-12-19 10:00:00,41,359,282,204,,26,,,12,,,103,74
2016-12-19 11:00:00,69,3,290,201,,43,,,14,,,101,75
2016-12-19 12:00:00,76,354,290,234,,52,,,18,,,103,82
2016-12-19 13:00:00,93,339,292,212,,91,,,17,,,92,82
2016-12-19 14:00:00,78,7,316,203,,78,,,18,,,103,66
2016-12-19 15:00:00,76,32,303,120,,46,,,21,,,102,69
2016-12-19 16:00:00,62,31,284,145,,45,,,23,,,107,73
2016-12-19 17:00:00,72,38,287,183,,58,,,19,,,111,77
2016-12-19 18:00:00,109,48,292,187,,45,,,18,,,123,87
2016-12-19 19:00:00,96,50,282,163,,40,,,17,,,128,107
2016-12-19 20:00:00,88,40,288,159,,42,,,19,,,121,116
2016-12-19 21:00:00,49,6,334,159,,36,,,17,,,137,117
2016-12-19 22:00:00,79,39,112,285,,321,,,29,,,121,151
2016-12-19 23:00:00,32,55,95,283,,294,,,19,,,346,158
2016-12-20 00:00:00,44,349,98,276,,290,,,47,,,306,181
2016-12-20 01:00:00,46,334,87,287,,281,,,52,,,269,214
2016-12-20 02:00:00,60,37,75,306,,24,,,28,,,66,164
2016-12-20 03:00:00,97,113,82,135,,111,,,24,,,132,94
2016-12-20 04:00:00,82,111,96,184,,170,,,13,,,125,93
2016-12-20 05:00:00,26,271,136,281,,312,,,54,,,155,114
2016-12-20 06:00:00,277,304,259,305,,323,,,53,,,302,203
2016-12-20 07:00:00,273,320,281,302,,308,,,66,,,352,210
2016-12-20 08:00:00,26,345,327,92,,177,,,22,,,31,206
2016-12-20 09:00:00,67,74,339,71,,80,,,23,,,82,66
2016-12-20 10:00:00,73,43,309,78,,85,,,20,,,113,77
2016-12-20 11:00:00,85,82,330,130,,93,,,24,,,114,78
2016-12-20 12:00:00,93,119,312,151,,106,,,27,,,71,83
2016-12-20 13:00:00,91,112,355,136,,90,,,17,,,123,90
2016-12-20 14:00:00,86,119,25,155,,85,,,17,,,103,79
2016-12-20 15:00:00,97,107,67,146,,163,,,18,,,116,85
2016-12-20 16:00:00,101,107,67,131,,166,,,25,,,133,94
2016-12-20 17:00:00,98,122,64,131,,164,,,21,,,137,112
2016-12-20 18:00:00,69,110,62,126,,126,,,18,,,133,119
2016-12-20 19:00:00,94,110,68,132,,142,,,24,,,134,113
2016-12-20 20:00:00,35,125,81,133,,170,,,37,,,136,125
2016-12-20 21:00:00,273,125,84,196,,196,,,38,,,302,156
2016-12-20 22:00:00,242,157,77,305,,222,,,45,,,305,179
2016-12-20 23:00:00,235,189,100,305,,261,,,41,,,281,205
2016-12-21 00:00:00,298,185,353,308,,289,,,44,,,312,208
2016-12-21 01:00:00,254,101,313,298,,243,,,45,,,260,175
2016-12-21 02:00:00,217,346,257,304,,257,,,46,,,259,222
2016-12-21 03:00:00,291,301,240,300,,298,,,51,,,269,241
2016-12-21 04:00:00,243,355,248,299,,220,,,49,,,269,236
2016-12-21 05:00:00,8,120,285,302,,206,,,37,,,210,206
2016-12-21 06:00:00,269,6,238,144,,62,,,40,,,325,191
2016-12-21 07:00:00,321,332,224,318,,227,,,34,,,286,204
2016-12-21 08:00:00,63,347,256,291,,25,,,51,,,304,235
2016-12-21 09:00:00,47,16,267,303,,88,,,32,,,15,253
2016-12-21 10:00:00,66,50,308,145,,87,,,21,,,134,84
2016-12-21 11:00:00,102,348,253,149,,94,,,25,,,129,86
2016-12-21 12:00:00,92,54,17,121,,103,,,16,,,99,80
2016-12-21 13:00:00,81,127,66,141,,110,,,14,,,103,80
2016-12-21 14:00:00,81,116,82,142,,122,,,15,,,124,84
2016-12-21 15:00:00,70,105,60,150,,117,,,14,,,124,84
2016-12-21 16:00:00,75,104,52,155,,180,,,18,,,120,92
2016-12-21 17:00:00,70,98,32,150,,179,,,15,,,144,114
2016-12-21 18:00:00,56,97,72,147,,182,,,16,,,151,123
2016-12-21 19:00:00,313,108,74,133,,169,,,16,,,171,138
2016-12-21 20:00:00,9,119,79,111,,134,,,25,,,326,134
2016-12-21 21:00:00,265,64,79,315,,171,,,32,,,263,174
2016-12-21 22:00:00,259,53,136,295,,249,,,33,,,331,212
2016-12-21 23:00:00,250,340,236,290,,267,,,35,,,273,242
2016-12-22 00:00:00,247,11,170,308,,226,,,34,,,310,245
2016-12-22 01:00:00,252,237,351,261,,238,,,41,,,141,227
2016-12-22 02:00:00,308,255,258,276,,233,,,41,,,196,224
2016-12-22 03:00:00,283,216,254,275,,264,,,38,,,245,242
2016-12-22 04:00:00,267,229,250,298,,264,,,40,,,354,248
2016-12-22 05:00:00,293,248,216,276,,223,,,31,,,279,248
2016-12-22 06:00:00,258,251,223,309,,291,,,40,,,260,172
2016-12-22 07:00:00,268,166,220,288,,279,,,37,,,326,246
2016-12-22 08:00:00,264,85,217,279,,298,,,39,,,295,252
2016-12-22 09:00:00,258,204,236,310,,286,,,32,,,103,229
2016-12-22 10:00:00,11,333,229,326,,342,,,19,,,120,92
2016-12-22 11:00:00,27,46,347,125,,72,,,14,,,110,82
2016-12-22 12:00:00,59,39,8,109,,70,,,10,,,117,71
2016-12-22 13:00:00,11,63,90,129,,74,,,10,,,116,66
2016-12-22 14:00:00,37,85,73,80,,15,,,10,,,129,
2016-12-22 15:00:00,19,343,269,85,,235,,,13,,,115,
2016-12-22 16:00:00,18,294,269,206,,209,,,11,,,133,
2016-12-22 17:00:00,30,265,274,205,,188,,,15,,,134,
2016-12-22 18:00:00,28,249,275,244,,68,,,6,,,134,121
2016-12-22 19:00:00,22,201,260,241,,19,,,9,,,150,119
2016-12-22 20:00:00,357,226,259,160,,266,,,14,,,158,132
2016-12-22 21:00:00,305,234,274,214,,249,,,25,,,145,124
2016-12-22 22:00:00,11,52,343,136,,276,,,16,,,142,117
2016-12-22 23:00:00,349,47,68,114,,356,,,17,,,167,130
2016-12-23 00:00:00,344,66,88,316,,22,,,16,,,146,121
2016-12-23 01:00:00,337,68,88,284,,323,,,17,,,134,119
2016-12-23 02:00:00,6,130,89,288,,315,,,21,,,144,108
2016-12-23 03:00:00,3,190,268,267,,,,,14,,,159,107
2016-12-23 04:00:00,339,193,262,283,,38,,,10,,,157,124
2016-12-23 05:00:00,340,32,250,290,,80,,,19,,,111,112
2016-12-23 06:00:00,14,188,278,305,,93,,,13,,,121,100
2016-12-23 07:00:00,71,37,270,155,,89,,,15,,,124,99
2016-12-23 08:00:00,74,106,276,197,,59,,,11,,,72,96
2016-12-23 09:00:00,24,147,244,122,,41,,,11,,,23,102
2016-12-23 10:00:00,326,163,290,132,,101,,,23,,,82,86
2016-12-23 11:00:00,333,78,317,180,,138,,,24,,,92,87
2016-12-23 12:00:00,31,62,352,229,,109,,,14,,,167,89
2016-12-23 13:00:00,357,93,308,194,,50,,,28,,,115,115
2016-12-23 14:00:00,55,48,29,270,,58,,,25,,,118,115
2016-12-23 15:00:00,21,340,83,251,,162,,,26,,,112,106
2016-12-23 16:00:00,5,30,89,256,,197,,,34,,,141,94
2016-12-23 17:00:00,358,358,83,278,,228,,,40,,,178,164
2016-12-23 18:00:00,246,299,254,261,,236,,,51,,,173,167
2016-12-23 19:00:00,271,294,242,278,,218,,,57,,,263,132
2016-12-23 20:00:00,243,202,203,268,,220,,,55,,,239,195
2016-12-23 21:00:00,241,193,192,278,,238,,,62,,,60,215
2016-12-23 22:00:00,236,212,171,284,,245,,,59,,,275,232
2016-12-23 23:00:00,257,198,141,292,,231,,,59,,,267,242
2016-12-24 00:00:00,242,193,231,288,,229,,,50,,,241,255
2016-12-24 01:00:00,229,231,278,306,,234,,,49,,,235,205
2016-12-24 02:00:00,273,277,234,278,,261,,,44,,,285,211
2016-12-24 03:00:00,320,325,264,293,,279,,,43,,,299,237
2016-12-24 04:00:00,296,309,247,291,,268,,,42,,,185,285
2016-12-24 05:00:00,269,276,226,300,,254,,,45,,,51,161
2016-12-24 06:00:00,257,292,258,15,,265,,,46,,,199,242
2016-12-24 07:00:00,239,11,271,332,,191,,,50,,,264,259
2016-12-24 08:00:00,249,5,267,335,,111,,,17,,,315,302
2016-12-24 09:00:00,201,324,275,333,,105,,,35,,,321,211
2016-12-24 10:00:00,88,17,257,196,,169,,,12,,,112,82
2016-12-24 11:00:00,59,30,69,124,,125,,,14,,,124,75
2016-12-24 12:00:00,82,77,66,116,,108,,,20,,,108,75
2016-12-24 13:00:00,83,98,68,131,,95,,,22,,,113,79
2016-12-24 14:00:00,83,103,63,126,,89,,,21,,,111,80
2016-12-24 15:00:00,54,102,68,95,,95,,,22,,,122,73
2016-12-24 16:00:00,107,114,86,84,,83,,,23,,,127,68
2016-12-24 17:00:00,128,113,76,99,,141,,,32,,,125,74
2016-12-24 18:00:00,97,88,27,105,,216,,,31,,,164,90
2016-12-24 19:00:00,69,349,354,234,,236,,,32,,,176,156
2016-12-24 20:00:00,12,1,66,264,,251,,,32,,,280,172
2016-12-24 21:00:00,298,48,98,286,,232,,,35,,,359,218
2016-12-24 22:00:00,333,102,86,359,,136,,,21,,,253,141
2016-12-24 23:00:00,296,85,51,107,,123,,,44,,,320,149
2016-12-25 00:00:00,329,95,51,65,,96,,,33,,,270,235
2016-12-25 01:00:00,332,110,59,142,,122,,,22,,,141,112
2016-12-25 02:00:00,332,83,35,185,,125,,,23,,,43,171
2016-12-25 03:00:00,321,46,19,296,,60,,,46,,,132,210
2016-12-25 04:00:00,249,76,27,307,,15,,,32,,,271,260
2016-12-25 05:00:00,257,107,60,268,,28,,,42,,,293,229
2016-12-25 06:00:00,241,102,41,270,,342,,,39,,,238,267
2016-12-25 07:00:00,232,51,45,299,,40,,,46,,,265,244
2016-12-25 08:00:00,228,110,73,308,,76,,,54,,,259,178
2016-12-25 09:00:00,231,104,79,255,,61,,,48,,,167,263
2016-12-25 10:00:00,2,67,74,330,,149,,,29,,,100,74
2016-12-25 11:00:00,63,61,71,146,,131,,,28,,,122,81
2016-12-25 12:00:00,88,106,62,151,,114,,,23,,,103,89
2016-12-25 13:00:00,69,105,71,143,,92,,,23,,,110,90
2016-12-25 14:00:00,79,112,72,152,,106,,,21,,,113,76
2016-12-25 15:00:00,62,113,76,156,,121,,,24,,,102,73
2016-12-25 16:00:00,73,101,70,155,,157,,,26,,,115,75
2016-12-25 17:00:00,96,112,91,121,,185,,,31,,,146,108
2016-12-25 18:00:00,242,113,100,133,,194,,,45,,,179,145
2016-12-25 19:00:00,299,146,31,285,,256,,,52,,,249,157
2016-12-25 20:00:00,291,327,57,284,,236,,,55,,,295,232
2016-12-25 21:00:00,240,7,357,271,,226,,,45,,,325,240
2016-12-25 22:00:00,236,344,298,293,,254,,,63,,,298,246
2016-12-25 23:00:00,238,52,27,300,,277,,,45,,,313,243
2016-12-26 00:00:00,289,15,76,356,,139,,,23,,,280,181
2016-12-26 01:00:00,289,352,351,312,,142,,,50,,,318,206
2016-12-26 02:00:00,285,334,1,294,,280,,,53,,,252,256
2016-12-26 03:00:00,249,309,221,304,,248,,,58,,,260,244
2016-12-26 04:00:00,290,296,256,313,,272,,,60,,,261,244
2016-12-26 05:00:00,246,317,285,9,,291,,,60,,,142,238
2016-12-26 06:00:00,245,329,282,270,,296,,,69,,,28,240
2016-12-26 07:00:00,234,315,256,304,,284,,,62,,,201,243
2016-12-26 08:00:00,255,320,235,309,,308,,,67,,,251,257
2016-12-26 09:00:00,238,306,240,326,,292,,,57,,,315,253
2016-12-26 10:00:00,323,310,274,286,,329,,,62,,,97,252
2016-12-26 11:00:00,350,322,265,285,,359,,,54,,,110,95
2016-12-26 12:00:00,358,317,233,285,,72,,,35,,,96,79
2016-12-26 13:00:00,73,20,324,248,,136,,,34,,,102,92
2016-12-26 14:00:00,43,50,5,160,,85,,,31,,,121,101
2016-12-26 15:00:00,55,64,30,89,,73,,,23,,,124,97
2016-12-26 16:00:00,94,71,33,97,,87,,,23,,,121,86
2016-12-26 17:00:00,93,72,38,87,,81,,,30,,,119,88
2016-12-26 18:00:00,100,129,48,88,,62,,,37,,,125,104
2016-12-26 19:00:00,260,111,146,104,,249,,,54,,,146,111
2016-12-26 20:00:00,257,25,312,308,,262,,,42,,,151,140
2016-12-26 21:00:00,175,10,262,224,,249,,,39,,,270,120
2016-12-26 22:00:00,183,348,261,318,,192,,,49,,,96,101
2016-12-26 23:00:00,31,331,244,255,,173,,,56,,,80,118
2016-12-27 00:00:00,144,322,258,155,,97,,,57,,,175,120
2016-12-27 01:00:00,113,13,259,139,,67,,,33,,,109,107
2016-12-27 02:00:00,48,356,274,127,,124,,,18,,,155,123
2016-12-27 03:00:00,53,358,279,130,,98,,,17,,,127,124
2016-12-27 04:00:00,6,356,273,241,,16,,,19,,,140,132
2016-12-27 05:00:00,129,339,275,236,,291,,,14,,,142,110
2016-12-27 06:00:00,99,350,273,205,,196,,,12,,,129,112
2016-12-27 07:00:00,65,347,273,314,,177,,,15,,,119,114
2016-12-27 08:00:00,43,326,274,212,,260,,,29,,,101,137
2016-12-27 09:00:00,179,335,287,141,,156,,,35,,,73,246
2016-12-27 10:00:00,135,21,292,154,,94,,,14,,,68,348
2016-12-27 11:00:00,132,2,269,163,,327,,,22,,,125,96
2016-12-27 12:00:00,96,4,288,147,,175,,,28,,,101,93
2016-12-27 13:00:00,102,25,322,159,,82,,,20,,,111,93
2016-12-27 14:00:00,90,66,36,92,,84,,,19,,,117,92
2016-12-27 15:00:00,94,100,47,91,,88,,,21,,,119,97
2016-12-27 16:00:00,80,112,79,112,,102,,,17,,,125,86
2016-12-27 17:00:00,89,97,74,121,,105,,,13,,,144,92
2016-12-27 18:00:00,94,104,61,125,,107,,,15,,,130,107
2016-12-27 19:00:00,29,132,62,135,,193,,,24,,,143,121
2016-12-27 20:00:00,13,45,162,118,,197,,,14,,,245,162
2016-12-27 21:00:00,28,52,158,278,,217,,,25,,,272,163
2016-12-27 22:00:00,142,21,190,302,,195,,,43,,,275,182
2016-12-27 23:00:00,237,357,258,298,,254,,,51,,,263,228
2016-12-28 00:00:00,230,61,289,315,,255,,,55,,,244,248
2016-12-28 01:00:00,229,193,326,307,,245,,,54,,,286,241
2016-12-28 02:00:00,233,156,143,309,,207,,,43,,,263,221
2016-12-28 03:00:00,242,112,33,296,,244,,,54,,,255,243
2016-12-28 04:00:00,234,36,337,292,,128,,,52,,,237,259
2016-12-28 05:00:00,231,40,342,313,,71,,,36,,,266,236
2016-12-28 06:00:00,230,47,356,317,,64,,,35,,,230,207
2016-12-28 07:00:00,245,50,107,301,,321,,,37,,,287,255
2016-12-28 08:00:00,242,305,250,286,,295,,,46,,,248,237
2016-12-28 09:00:00,206,318,237,298,,260,,,36,,,123,259
2016-12-28 10:00:00,10,326,251,291,,73,,,32,,,100,222
2016-12-28 11:00:00,118,248,339,316,,69,,,23,,,118,133
2016-12-28 12:00:00,21,34,342,327,,112,,,20,,,91,87
2016-12-28 13:00:00,52,92,327,120,,122,,,31,,,116,87
2016-12-28 14:00:00,129,102,44,127,,148,,,22,,,96,90
2016-12-28 15:00:00,78,115,62,127,,116,,,18,,,103,81
2016-12-28 16:00:00,74,104,93,129,,115,,,16,,,102,74
2016-12-28 17:00:00,88,123,84,137,,167,,,15,,,141,94
2016-12-28 18:00:00,190,102,76,148,,170,,,31,,,161,109
2016-12-28 19:00:00,239,93,52,113,,212,,,26,,,161,112
2016-12-28 20:00:00,299,51,70,177,,243,,,29,,,194,199
2016-12-28 21:00:00,241,77,65,286,,191,,,43,,,297,252
2016-12-28 22:00:00,244,253,207,281,,226,,,45,,,302,170
2016-12-28 23:00:00,236,263,233,288,,250,,,46,,,287,231
2016-12-29 00:00:00,254,276,222,308,,269,,,46,,,269,234
2016-12-29 01:00:00,255,185,200,303,,286,,,49,,,278,223
2016-12-29 02:00:00,269,169,232,275,,254,,,38,,,261,174
2016-12-29 03:00:00,249,236,222,347,,303,,,41,,,288,223
2016-12-29 04:00:00,256,232,224,273,,259,,,46,,,275,248
2016-12-29 05:00:00,246,342,252,296,,213,,,34,,,284,177
2016-12-29 06:00:00,217,278,209,345,,105,,,37,,,288,180
2016-12-29 07:00:00,237,256,220,256,,235,,,50,,,282,212
2016-12-29 08:00:00,277,225,250,94,,72,,,38,,,313,119
2016-12-29 09:00:00,16,317,231,320,,138,,,34,,,355,225
2016-12-29 10:00:00,15,323,276,9,,34,,,37,,,132,89
2016-12-29 11:00:00,6,348,291,13,,45,,,21,,,133,90
2016-12-29 12:00:00,16,356,294,335,,350,,,12,,,136,102
2016-12-29 13:00:00,7,356,290,24,,16,,,14,,,142,55
2016-12-29 14:00:00,21,6,297,33,,32,,,11,,,137,69
2016-12-29 15:00:00,26,,291,48,,9,,,11,,,131,98
2016-12-29 16:00:00,39,353,287,20,,13,,,16,,,120,110
2016-12-29 17:00:00,45,339,282,4,,1,,,26,,,128,110
2016-12-29 18:00:00,61,336,271,23,,8,,,25,,,124,110
2016-12-29 19:00:00,68,334,270,12,,10,,,32,,,123,108
2016-12-29 20:00:00,83,331,275,18,,16,,,30,,,120,102
2016-12-29 21:00:00,61,343,274,28,,29,,,23,,,125,106
2016-12-29 22:00:00,34,345,267,25,,50,,,24,,,131,96
2016-12-29 23:00:00,30,347,283,27,,15,,,26,,,133,92
2016-12-30 00:00:00,48,353,289,27,,295,,,21,,,119,83
2016-12-30 01:00:00,54,344,282,11,,111,,,22,,,123,103
2016-12-30 02:00:00,36,339,281,23,,128,,,35,,,126,107
2016-12-30 03:00:00,53,353,286,36,,109,,,12,,,122,109
2016-12-30 04:00:00,28,354,279,42,,64,,,19,,,121,107
2016-12-30 05:00:00,34,6,284,278,,72,,,18,,,125,97
2016-12-30 06:00:00,62,14,294,73,,42,,,7,,,133,106
2016-12-30 07:00:00,67,28,354,72,,10,,,20,,,130,89
2016-12-30 08:00:00,126,87,76,103,,11,,,21,,,110,75
2016-12-30 09:00:00,123,110,65,93,,71,,,15,,,92,78
2016-12-30 10:00:00,131,107,80,87,,95,,,8,,,100,75
2016-12-30 11:00:00,98,121,83,94,,99,,,10,,,90,61
2016-12-30 12:00:00,62,113,48,102,,97,,,16,,,88,50
2016-12-30 13:00:00,63,106,84,103,,99,,,11,,,101,56
2016-12-30 14:00:00,59,108,79,100,,100,,,13,,,98,52
2016-12-30 15:00:00,90,112,71,95,,96,,,14,,,98,52
2016-12-30 16:00:00,122,108,67,98,,101,,,12,,,104,67
2016-12-30 17:00:00,121,111,72,96,,103,,,14,,,113,77
2016-12-30 18:00:00,127,105,61,94,,122,,,14,,,133,68
2016-12-30 19:00:00,124,97,69,113,,200,,,28,,,149,81
2016-12-30 20:00:00,109,98,77,107,,162,,,29,,,150,159
2016-12-30 21:00:00,109,114,85,96,,163,,,39,,,307,164
2016-12-30 22:00:00,164,115,84,199,,156,,,35,,,48,214
2016-12-30 23:00:00,249,121,90,280,,224,,,32,,,310,231
2016-12-31 00:00:00,232,93,112,312,,262,,,35,,,320,231
2016-12-31 01:00:00,258,9,219,317,,275,,,30,,,281,231
2016-12-31 02:00:00,251,299,237,317,,274,,,33,,,241,246
2016-12-31 03:00:00,244,303,232,304,,296,,,30,,,19,215
2016-12-31 04:00:00,267,302,236,285,,309,,,31,,,292,209
2016-12-31 05:00:00,240,289,249,291,,282,,,27,,,268,230
2016-12-31 06:00:00,261,305,245,,,301,,,28,,,285,221
2016-12-31 07:00:00,258,259,246,299,,296,,,30,,,268,204
2016-12-31 08:00:00,232,248,219,302,,210,,,30,,,331,245
2016-12-31 09:00:00,227,268,217,270,,143,,,26,,,329,109
2016-12-31 10:00:00,230,108,239,230,,138,,,16,,,13,118
2016-12-31 11:00:00,293,279,204,109,,101,,,15,,,104,120
2016-12-31 12:00:00,74,32,155,119,,125,,,15,,,119,78
2016-12-31 13:00:00,133,127,80,140,,114,,,13,,,130,98
2016-12-31 14:00:00,95,115,72,132,,120,,,8,,,121,85
2016-12-31 15:00:00,84,110,61,138,,101,,,8,,,114,98
2016-12-31 16:00:00,91,92,37,133,,102,,,6,,,152,105
2016-12-31 17:00:00,59,64,44,144,,136,,,8,,,140,112
2016-12-31 18:00:00,61,85,53,139,,137,,,7,,,177,139
2016-12-31 19:00:00,81,77,348,158,,149,,,7,,,105,121
2016-12-31 20:00:00,272,34,337,161,,132,,,14,,,100,153
2016-12-31 21:00:00,271,350,324,173,,221,,,14,,,285,245
2016-12-31 22:00:00,263,291,242,324,,264,,,20,,,311,229
2016-12-31 23:00:00,269,257,275,300,,299,,,24,,,275,312
2017-01-01 00:00:00,300,313,273,330,,290,,,22,,,269,253
2017-01-01 01:00:00,226,306,246,327,,300,,,24,,,274,244
2017-01-01 02:00:00,246,32,239,299,,315,,,19,,,299,260
2017-01-01 03:00:00,152,136,85,292,,281,,,14,,,136,257
2017-01-01 04:00:00,232,102,62,130,,146,,,10,,,146,84
2017-01-01 05:00:00,272,243,156,130,,129,,,14,,,288,133
2017-01-01 06:00:00,270,254,357,288,,261,,,15,,,268,225
2017-01-01 07:00:00,237,150,90,302,,260,,,15,,,234,234
2017-01-01 08:00:00,277,125,97,297,,197,,,22,,,276,262
2017-01-01 09:00:00,338,124,122,175,,124,,,21,,,103,117
2017-01-01 10:00:00,38,114,80,114,,115,,,22,,,87,61
2017-01-01 11:00:00,33,92,57,77,,87,,,10,,,123,102
2017-01-01 12:00:00,86,106,63,149,,91,,,11,,,106,91
2017-01-01 13:00:00,61,101,63,134,,106,,,12,,,117,81
2017-01-01 14:00:00,50,109,76,102,,111,,,19,,,116,65
2017-01-01 15:00:00,100,110,73,104,,110,,,20,,,101,71
2017-01-01 16:00:00,148,110,69,95,,101,,,13,,,142,102
2017-01-01 17:00:00,141,105,64,101,,111,,,18,,,132,88
2017-01-01 18:00:00,125,98,65,107,,169,,,32,,,179,120
2017-01-01 19:00:00,154,96,60,105,,157,,,30,,,231,170
2017-01-01 20:00:00,125,81,49,211,,232,,,40,,,262,190
2017-01-01 21:00:00,283,352,24,264,,277,,,26,,,,235
2017-01-01 22:00:00,229,19,330,298,,278,,,38,,,,238
2017-01-01 23:00:00,293,45,42,276,,282,,,22,,,,224
2017-01-02 00:00:00,270,302,224,283,,282,,,40,,,,176
2017-01-02 01:00:00,268,276,238,298,,305,,,46,,,,189
2017-01-02 02:00:00,259,308,226,259,,253,,,48,,,,232
2017-01-02 03:00:00,193,281,225,300,,220,,,41,,,,248
2017-01-02 04:00:00,195,64,227,299,,28,,,40,,,,244
2017-01-02 05:00:00,201,133,191,332,,17,,,27,,,,246
2017-01-02 06:00:00,157,147,249,321,,339,,,33,,,,247
2017-01-02 07:00:00,215,169,205,277,,279,,,33,,,,130
2017-01-02 08:00:00,245,235,167,283,,107,,,42,,,,80
2017-01-02 09:00:00,176,97,209,123,,120,,,34,,,,206
2017-01-02 10:00:00,163,298,274,172,,223,,,12,,,109,66
2017-01-02 11:00:00,131,129,329,285,,272,,,16,,,315,133
2017-01-02 12:00:00,109,121,144,290,,274,,,13,,,335,82
2017-01-02 13:00:00,42,119,99,300,,329,,,,,,64,101
2017-01-02 14:00:00,126,76,82,272,,2,,,,,,134,120
2017-01-02 15:00:00,119,112,75,73,,109,,,,,,132,125
2017-01-02 16:00:00,132,117,87,106,,125,,,14,,,128,134
2017-01-02 17:00:00,145,117,73,117,,154,,,18,,,155,117
2017-01-02 18:00:00,154,117,70,120,,129,,,18,,,133,117
2017-01-02 19:00:00,137,114,77,109,,131,,,23,,,128,135
2017-01-02 20:00:00,95,99,76,103,,308,,,26,,,266,220
2017-01-02 21:00:00,255,99,68,100,,232,,,32,,,93,188
2017-01-02 22:00:00,223,90,23,281,,144,,,32,,,313,254
2017-01-02 23:00:00,256,133,68,308,,234,,,28,,,272,234
2017-01-03 00:00:00,251,171,50,284,,241,,,30,,,249,222
2017-01-03 01:00:00,232,178,80,293,,248,,,33,,,299,249
2017-01-03 02:00:00,318,123,73,295,,156,,,33,,,306,237
2017-01-03 03:00:00,247,219,293,287,,303,,,33,,,264,234
2017-01-03 04:00:00,244,318,234,303,,240,,,35,,,283,251
2017-01-03 05:00:00,236,245,229,303,,267,,,36,,,282,250
2017-01-03 06:00:00,230,95,233,322,,130,,,33,,,271,240
2017-01-03 07:00:00,266,55,234,324,,171,,,29,,,262,181
2017-01-03 08:00:00,339,349,232,274,,321,,,34,,,268,235
2017-01-03 09:00:00,273,298,243,313,,317,,,34,,,349,266
2017-01-03 10:00:00,248,327,233,329,,308,,,34,,,329,256
2017-01-03 11:00:00,353,348,263,309,,321,,,26,,,133,135
2017-01-03 12:00:00,32,337,185,180,,74,,,8,,,104,84
2017-01-03 13:00:00,49,78,87,159,,101,,,14,,,94,93
2017-01-03 14:00:00,97,123,75,156,,91,,,6,,,104,87
2017-01-03 15:00:00,78,116,81,119,,93,,,14,,,122,80
2017-01-03 16:00:00,68,99,76,93,,98,,,10,,,152,74
2017-01-03 17:00:00,85,109,78,107,,143,,,5,,,141,79
2017-01-03 18:00:00,94,126,77,108,,165,,,,,,170,109
2017-01-03 19:00:00,123,144,50,120,,158,,,12,,,164,114
2017-01-03 20:00:00,152,73,93,136,,134,,,32,,,153,145
2017-01-03 21:00:00,307,316,14,286,,249,,,32,,,252,154
2017-01-03 22:00:00,213,7,352,267,,98,,,17,,,25,215
2017-01-03 23:00:00,312,346,15,215,,322,,,30,,,59,149
2017-01-04 00:00:00,45,323,282,228,,250,,,39,,,251,233
2017-01-04 01:00:00,222,307,222,185,,230,,,40,,,301,238
2017-01-04 02:00:00,250,337,280,275,,215,,,39,,,318,244
2017-01-04 03:00:00,242,209,174,73,,118,,,41,,,320,238
2017-01-04 04:00:00,245,185,317,291,,261,,,41,,,231,250
2017-01-04 05:00:00,235,103,332,295,,253,,,40,,,231,216
2017-01-04 06:00:00,270,23,298,327,,299,,,41,,,15,257
2017-01-04 07:00:00,253,9,269,282,,269,,,31,,,305,217
2017-01-04 08:00:00,215,358,274,314,,23,,,36,,,309,283
2017-01-04 09:00:00,1,315,272,223,,3,,,23,,,83,239
2017-01-04 10:00:00,21,7,304,249,,74,,,10,,,129,80
2017-01-04 11:00:00,72,27,358,211,,91,,,10,,,127,92
2017-01-04 12:00:00,62,76,35,163,,57,,,11,,,114,106
2017-01-04 13:00:00,87,104,35,156,,105,,,14,,,97,92
2017-01-04 14:00:00,67,109,85,145,,104,,,16,,,115,98
2017-01-04 15:00:00,79,105,70,147,,122,,,16,,,123,97
2017-01-04 16:00:00,62,113,67,146,,108,,,17,,,106,95
2017-01-04 17:00:00,57,106,60,164,,97,,,13,,,120,82
2017-01-04 18:00:00,55,111,68,150,,113,,,15,,,119,104
2017-01-04 19:00:00,50,86,55,172,,91,,,14,,,98,92
2017-01-04 20:00:00,81,93,73,155,,103,,,15,,,105,93
2017-01-04 21:00:00,65,99,68,155,,93,,,15,,,106,91
2017-01-04 22:00:00,65,99,56,151,,83,,,15,,,95,89
2017-01-04 23:00:00,59,96,70,156,,85,,,14,,,103,88
2017-01-05 00:00:00,53,102,84,155,,105,,,14,,,84,94
2017-01-05 01:00:00,172,115,68,152,,102,,,9,,,354,95
2017-01-05 02:00:00,30,112,99,109,,85,,,19,,,63,117
2017-01-05 03:00:00,243,344,279,293,,352,,,35,,,294,86
2017-01-05 04:00:00,264,298,259,260,,319,,,37,,,273,74
2017-01-05 05:00:00,284,263,274,250,,84,,,39,,,256,82
2017-01-05 06:00:00,240,312,281,321,,121,,,35,,,277,196
2017-01-05 07:00:00,273,32,279,323,,168,,,32,,,304,167
2017-01-05 08:00:00,276,2,258,306,,127,,,34,,,15,105
2017-01-05 09:00:00,355,15,244,324,,100,,,35,,,313,77
2017-01-05 10:00:00,28,358,213,258,,140,,,21,,,86,74
2017-01-05 11:00:00,16,314,252,173,,119,,,14,,,141,
2017-01-05 12:00:00,61,9,330,139,,88,,,12,,,123,
2017-01-05 13:00:00,90,94,344,150,,104,,,14,,,118,
2017-01-05 14:00:00,82,125,82,140,,113,,,17,,,118,
2017-01-05 15:00:00,85,110,74,150,,133,,,12,,,118,
2017-01-05 16:00:00,89,96,67,158,,162,,,15,,,115,
2017-01-05 17:00:00,74,97,48,159,,131,,,15,,,141,
2017-01-05 18:00:00,73,90,44,144,,133,,,14,,,128,
2017-01-05 19:00:00,26,98,48,141,,138,,,12,,,118,
2017-01-05 20:00:00,343,70,32,122,,146,,,13,,,106,
2017-01-05 21:00:00,284,47,91,292,,139,,,23,,,141,132
2017-01-05 22:00:00,310,100,335,292,,165,,,25,,,53,130
2017-01-05 23:00:00,276,58,81,296,,215,,,31,,,268,153
2017-01-06 00:00:00,254,342,262,288,,312,,,40,,,262,227
2017-01-06 01:00:00,88,349,276,304,,290,,,33,,,319,204
2017-01-06 02:00:00,106,340,244,212,,67,,,19,,,129,102
2017-01-06 03:00:00,244,321,252,224,,301,,,37,,,132,117
2017-01-06 04:00:00,66,337,265,240,,72,,,27,,,122,113
2017-01-06 05:00:00,116,331,267,249,,118,,,24,,,118,110
2017-01-06 06:00:00,65,341,267,198,,11,,,17,,,112,79
2017-01-06 07:00:00,97,339,272,219,,37,,,15,,,97,91
2017-01-06 08:00:00,98,349,278,181,,64,,,17,,,94,86
2017-01-06 09:00:00,104,359,273,151,,54,,,17,,,100,81
2017-01-06 10:00:00,65,353,270,201,,50,,,12,,,112,81
2017-01-06 11:00:00,79,338,280,239,,43,,,19,,,102,77
2017-01-06 12:00:00,58,,276,199,,29,,,24,,,103,76
2017-01-06 13:00:00,62,,280,186,,28,,,17,,,109,72
2017-01-06 14:00:00,49,,285,201,,32,,,16,,,92,72
2017-01-06 15:00:00,71,,284,222,,38,,,12,,,96,78
2017-01-06 16:00:00,44,,280,226,,43,,,12,,,101,74
2017-01-06 17:00:00,64,,282,42,,40,,,12,,,101,85
2017-01-06 18:00:00,62,,287,25,,40,,,10,,,114,97
2017-01-06 19:00:00,62,,291,43,,65,,,12,,,102,83
2017-01-06 20:00:00,51,,291,48,,307,,,13,,,107,79
2017-01-06 21:00:00,81,,289,340,,29,,,22,,,101,93
2017-01-06 22:00:00,116,,294,194,,7,,,20,,,91,92
2017-01-06 23:00:00,136,,288,179,,234,,,29,,,84,95
2017-01-07 00:00:00,158,,297,162,,17,,,20,,,72,65
2017-01-07 01:00:00,61,,298,239,,1,,,19,,,105,93
2017-01-07 02:00:00,64,,296,194,,18,,,16,,,111,95
2017-01-07 03:00:00,65,,292,35,,39,,,16,,,99,83
2017-01-07 04:00:00,72,,288,196,,59,,,18,,,102,78
2017-01-07 05:00:00,63,,288,151,,55,,,13,,,75,81
2017-01-07 06:00:00,40,,291,68,,52,,,12,,,82,81
2017-01-07 07:00:00,61,,296,63,,104,,,18,,,78,77
2017-01-07 08:00:00,71,,296,272,,115,,,14,,,81,79
2017-01-07 09:00:00,89,,293,195,,64,,,19,,,79,72
2017-01-07 10:00:00,92,,289,160,,35,,,21,,,124,57
2017-01-07 11:00:00,89,,291,263,,86,,,26,,,65,75
2017-01-07 12:00:00,46,,260,216,,159,,,28,,,69,87
2017-01-07 13:00:00,107,,294,208,,106,,,35,,,81,76
2017-01-07 14:00:00,94,,345,174,,161,,,25,,,96,71
2017-01-07 15:00:00,80,,311,126,,88,,,21,,,89,67
2017-01-07 16:00:00,79,,295,81,,56,,,29,,,112,81
2017-01-07 17:00:00,92,,355,71,,50,,,32,,,117,96
2017-01-07 18:00:00,87,,86,71,,68,,,25,,,126,110
2017-01-07 19:00:00,116,,78,102,,127,,,24,,,102,66
2017-01-07 20:00:00,123,,67,101,,115,,,25,,,122,64
2017-01-07 21:00:00,123,,72,98,,119,,,25,,,142,61
2017-01-07 22:00:00,103,,75,98,,112,,,25,,,153,58
2017-01-07 23:00:00,110,,78,98,,112,,,17,,,119,59
2017-01-08 00:00:00,114,,89,,,136,,,22,,,120,57
2017-01-08 01:00:00,123,,69,101,,143,,,24,,,137,60
2017-01-08 02:00:00,108,,68,105,,133,,,23,,,98,116
2017-01-08 03:00:00,88,,86,123,,143,,,26,,,300,198
2017-01-08 04:00:00,96,,60,182,,178,,,40,,,310,180
2017-01-08 05:00:00,242,,20,214,,210,,,35,,,7,172
2017-01-08 06:00:00,184,,324,305,,283,,,31,,,182,158
2017-01-08 07:00:00,221,,79,293,,249,,,36,,,301,201
2017-01-08 08:00:00,126,,84,317,,308,,,39,,,300,235
2017-01-08 09:00:00,6,,101,300,,101,,,34,,,15,243
2017-01-08 10:00:00,13,,19,176,,58,,,21,,,350,92
2017-01-08 11:00:00,42,,350,154,,81,,,16,,,43,87
2017-01-08 12:00:00,82,,26,149,,87,,,16,,,70,82
2017-01-08 13:00:00,81,,54,146,,95,,,18,,,,79
2017-01-08 14:00:00,80,,54,146,,99,,,19,,,88,75
2017-01-08 15:00:00,72,,70,134,,103,,,21,,,100,75
2017-01-08 16:00:00,77,,76,136,,115,,,27,,,97,78
2017-01-08 17:00:00,83,,75,136,,119,,,31,,,116,86
2017-01-08 18:00:00,70,,72,136,,159,,,26,,,131,95
2017-01-08 19:00:00,60,,82,139,,180,,,32,,,142,136
2017-01-08 20:00:00,154,,87,132,,214,,,52,,,205,165
2017-01-08 21:00:00,231,,71,297,,256,,,50,,,286,209
2017-01-08 22:00:00,203,,74,302,,227,,,44,,,286,173
2017-01-08 23:00:00,239,,69,307,,226,,,51,,,278,226
2017-01-09 00:00:00,261,,33,310,,268,,,59,,,304,230
2017-01-09 01:00:00,248,,258,312,,243,,,59,,,299,221
2017-01-09 02:00:00,253,,244,320,,274,,,59,,,265,242
2017-01-09 03:00:00,235,,230,327,,156,,,58,,,279,237
2017-01-09 04:00:00,304,,218,330,,223,,,60,,,318,287
2017-01-09 05:00:00,254,,217,327,,266,,,53,,,271,242
2017-01-09 06:00:00,347,,236,282,,259,,,51,,,263,226
2017-01-09 07:00:00,329,,234,311,,186,,,53,,,252,236
2017-01-09 08:00:00,257,,236,313,,278,,,55,,,295,249
2017-01-09 09:00:00,54,,280,270,,73,,,33,,,324,213
2017-01-09 10:00:00,33,,342,251,,83,,,27,,,80,89
2017-01-09 11:00:00,67,,172,134,,98,,,22,,,109,79
2017-01-09 12:00:00,88,,94,136,,109,,,23,,,115,82
2017-01-09 13:00:00,83,,61,137,,101,,,22,,,92,83
2017-01-09 14:00:00,87,,25,143,,118,,,23,,,101,88
2017-01-09 15:00:00,86,,34,151,,122,,,20,,,106,87
2017-01-09 16:00:00,79,,73,146,,163,,,24,,,111,81
2017-01-09 17:00:00,62,,76,134,,169,,,22,,,146,110
2017-01-09 18:00:00,54,,79,135,,202,,,36,,,184,150
2017-01-09 19:00:00,236,,59,245,,201,,,41,,,8,166
2017-01-09 20:00:00,249,,26,282,,246,,,36,,,304,234
2017-01-09 21:00:00,241,,32,285,,262,,,40,,,288,240
2017-01-09 22:00:00,236,,300,281,,267,,,39,,,283,229
2017-01-09 23:00:00,238,,308,300,,296,,,41,,,296,234
2017-01-10 00:00:00,283,,213,295,,293,,,34,,,284,234
2017-01-10 01:00:00,287,,244,309,,310,,,25,,,299,230
2017-01-10 02:00:00,288,,211,320,,290,,,43,,,283,217
2017-01-10 03:00:00,296,,224,310,,288,,,43,,,279,216
2017-01-10 04:00:00,299,,231,302,,281,,,40,,,274,232
2017-01-10 05:00:00,225,,215,270,,232,,,34,,,268,160
2017-01-10 06:00:00,249,,194,305,,231,,,33,,,265,173
2017-01-10 07:00:00,275,,239,288,,254,,,39,,,281,187
2017-01-10 08:00:00,222,,240,299,,278,,,39,,,272,242
2017-01-10 09:00:00,347,,233,306,,132,,,46,,,335,41
2017-01-10 10:00:00,10,,206,273,,86,,,37,,,311,220
2017-01-10 11:00:00,66,,38,161,,119,,,19,,,99,79
2017-01-10 12:00:00,101,,76,139,,110,,,13,,,98,77
2017-01-10 13:00:00,86,,85,134,,112,,,14,,,96,88
2017-01-10 14:00:00,86,,70,142,,118,,,20,,,111,86
2017-01-10 15:00:00,73,,77,142,,101,,,24,,,116,76
2017-01-10 16:00:00,80,,66,149,,86,,,23,,,146,96
2017-01-10 17:00:00,86,,75,139,,153,,,26,,,149,111
2017-01-10 18:00:00,204,,71,124,,188,,,47,,,134,139
2017-01-10 19:00:00,247,,37,209,,184,,,48,,,288,174
2017-01-10 20:00:00,231,,344,293,,231,,,48,,,260,228
2017-01-10 21:00:00,262,,295,297,,255,,,48,,,270,236
2017-01-10 22:00:00,268,,4,287,,259,,,47,,,252,231
2017-01-10 23:00:00,284,,63,294,,282,,,53,,,249,251
2017-01-11 00:00:00,264,,239,292,,298,,,46,,,301,232
2017-01-11 01:00:00,263,,247,283,,275,,,55,,,296,182
2017-01-11 02:00:00,271,,241,318,,272,,,56,,,295,206
2017-01-11 03:00:00,281,,256,292,,287,,,56,,,266,216
2017-01-11 04:00:00,244,,244,276,,277,,,52,,,281,175
2017-01-11 05:00:00,244,,228,292,,278,,,50,,,283,161
2017-01-11 06:00:00,275,,239,309,,262,,,35,,,261,158
2017-01-11 07:00:00,345,,235,279,,214,,,37,,,271,215
2017-01-11 08:00:00,261,,254,287,,306,,,42,,,268,206
2017-01-11 09:00:00,36,,269,299,,351,,,34,,,320,118
2017-01-11 10:00:00,45,,277,112,,71,,,19,,,82,75
2017-01-11 11:00:00,55,,321,201,,125,,,20,,,105,74
2017-01-11 12:00:00,87,,348,138,,109,,,17,,,101,78
2017-01-11 13:00:00,94,,59,143,,90,,,17,,,101,80
2017-01-11 14:00:00,84,,68,145,,110,,,24,,,115,86
2017-01-11 15:00:00,59,,76,146,,115,,,24,,,110,84
2017-01-11 16:00:00,78,,74,144,,143,,,25,,,115,86
2017-01-11 17:00:00,91,,75,130,,178,,,25,,,152,107
2017-01-11 18:00:00,88,,83,98,,180,,,44,,,174,135
2017-01-11 19:00:00,243,,79,121,,200,,,41,,,7,134
2017-01-11 20:00:00,250,,67,273,,250,,,38,,,317,193
2017-01-11 21:00:00,241,,78,285,,244,,,40,,,292,236
2017-01-11 22:00:00,235,,69,295,,262,,,36,,,329,225
2017-01-11 23:00:00,271,,344,298,,320,,,40,,,281,238
2017-01-12 00:00:00,317,,352,293,,300,,,39,,,262,222
2017-01-12 01:00:00,243,,359,359,,274,,,41,,,257,139
2017-01-12 02:00:00,289,,29,298,,292,,,41,,,271,213
2017-01-12 03:00:00,288,,258,304,,267,,,45,,,293,231
2017-01-12 04:00:00,276,,232,2,,268,,,43,,,276,171
2017-01-12 05:00:00,292,,227,321,,288,,,43,,,321,228
2017-01-12 06:00:00,262,,243,311,,293,,,37,,,312,183
2017-01-12 07:00:00,299,,246,319,,285,,,17,,,193,129
2017-01-12 08:00:00,327,,237,316,,291,,,20,,,44,118
2017-01-12 09:00:00,341,,245,309,,326,,,19,,,12,97
2017-01-12 10:00:00,37,,254,258,,7,,,23,,,92,75
2017-01-12 11:00:00,36,,315,249,,6,,,18,,,125,82
2017-01-12 12:00:00,105,,353,159,,72,,,28,,,108,85
2017-01-12 13:00:00,95,,47,158,,110,,,33,,,107,92
2017-01-12 14:00:00,68,,64,151,,88,,,35,,,113,80
2017-01-12 15:00:00,74,,67,120,,92,,,34,,,112,80
2017-01-12 16:00:00,61,,78,96,,92,,,38,,,113,75
2017-01-12 17:00:00,101,,81,96,,169,,,38,,,161,88
2017-01-12 18:00:00,109,,76,101,,210,,,65,,,168,112
2017-01-12 19:00:00,109,,40,195,,249,,,83,,,184,135
2017-01-12 20:00:00,279,,29,276,,238,,,79,,,42,134
2017-01-12 21:00:00,100,,57,276,,251,,,84,,,147,159
2017-01-12 22:00:00,354,,34,280,,95,,,55,,,143,164
2017-01-12 23:00:00,5,,43,135,,92,,,45,,,290,129
2017-01-13 00:00:00,328,,50,280,,61,,,55,,,301,127
2017-01-13 01:00:00,347,,25,279,,317,,,71,,,274,218
2017-01-13 02:00:00,335,,33,230,,5,,,67,,,100,235
2017-01-13 03:00:00,307,,50,306,,60,,,66,,,23,254
2017-01-13 04:00:00,58,,62,72,,81,,,78,,,125,258
2017-01-13 05:00:00,348,,44,104,,81,,,87,,,302,250
2017-01-13 06:00:00,,,66,91,,67,,,80,,,301,249
2017-01-13 07:00:00,231,,71,87,,95,,,89,,,112,246
2017-01-13 08:00:00,213,,72,156,,112,,,95,,,132,250
2017-01-13 09:00:00,332,,78,192,,111,,,95,,,81,250
2017-01-13 10:00:00,341,,90,89,,95,,,72,,,136,131
2017-01-13 11:00:00,347,,82,94,,99,,,64,,,95,104
2017-01-13 12:00:00,331,,80,97,,119,,,54,,,120,92
2017-01-13 13:00:00,45,,81,101,,93,,,51,,,119,65
2017-01-13 14:00:00,143,,96,96,,89,,,34,,,98,79
2017-01-13 15:00:00,142,,89,112,,96,,,40,,,97,72
2017-01-13 16:00:00,146,,75,113,,86,,,29,,,101,69
2017-01-13 17:00:00,148,,32,104,,81,,,33,,,98,73
2017-01-13 18:00:00,152,,26,87,,79,,,29,,,115,70
2017-01-13 19:00:00,89,,26,88,,83,,,33,,,106,59
2017-01-13 20:00:00,94,,40,85,,86,,,26,,,88,56
2017-01-13 21:00:00,82,,44,94,,93,,,27,,,106,59
2017-01-13 22:00:00,81,,50,101,,91,,,34,,,103,61
2017-01-13 23:00:00,115,,58,109,,95,,,31,,,111,67
2017-01-14 00:00:00,103,,48,110,,99,,,37,,,103,68
2017-01-14 01:00:00,113,,36,108,,96,,,30,,,128,78
2017-01-14 02:00:00,77,,56,107,,109,,,36,,,121,70
2017-01-14 03:00:00,112,,59,107,,121,,,37,,,151,64
2017-01-14 04:00:00,87,,55,108,,121,,,27,,,132,63
2017-01-14 05:00:00,55,,54,104,,102,,,25,,,127,71
2017-01-14 06:00:00,55,,52,102,,65,,,25,,,135,63
2017-01-14 07:00:00,51,,46,92,,60,,,27,,,147,71
2017-01-14 08:00:00,64,,53,91,,82,,,25,,,142,66
2017-01-14 09:00:00,56,,61,98,,97,,,35,,,142,67
2017-01-14 10:00:00,38,,73,101,,99,,,34,,,154,81
2017-01-14 11:00:00,65,,78,98,,98,,,25,,,185,79
2017-01-14 12:00:00,127,,85,107,,92,,,47,,,98,60
2017-01-14 13:00:00,148,,79,100,,94,,,49,,,91,74
2017-01-14 14:00:00,145,,63,110,,102,,,60,,,95,74
2017-01-14 15:00:00,145,,79,120,,102,,,58,,,92,73
2017-01-14 16:00:00,141,,79,114,,105,,,51,,,90,81
2017-01-14 17:00:00,147,,60,109,,111,,,46,,,95,74
2017-01-14 18:00:00,132,,34,99,,90,,,30,,,114,72
2017-01-14 19:00:00,98,,38,99,,93,,,35,,,103,74
2017-01-14 20:00:00,88,,49,101,,88,,,32,,,86,63
2017-01-14 21:00:00,93,,59,101,,87,,,29,,,100,48
2017-01-14 22:00:00,103,,55,107,,92,,,30,,,124,57
2017-01-14 23:00:00,84,,51,108,,100,,,28,,,140,62
2017-01-15 00:00:00,92,,41,108,,89,,,26,,,142,66
2017-01-15 01:00:00,63,,41,109,,88,,,26,,,151,77
2017-01-15 02:00:00,60,,35,107,,94,,,28,,,146,74
2017-01-15 03:00:00,71,,35,108,,84,,,27,,,163,85
2017-01-15 04:00:00,73,,32,129,,83,,,23,,,147,99
2017-01-15 05:00:00,83,,25,124,,85,,,19,,,128,102
2017-01-15 06:00:00,63,,31,142,,85,,,20,,,319,123
2017-01-15 07:00:00,25,,24,179,,76,,,16,,,272,255
2017-01-15 08:00:00,83,,23,258,,56,,,20,,,235,30
2017-01-15 09:00:00,72,,10,201,,79,,,17,,,118,68
2017-01-15 10:00:00,58,,352,204,,70,,,27,,,124,84
2017-01-15 11:00:00,26,,62,147,,99,,,33,,,118,71
2017-01-15 12:00:00,80,,83,144,,100,,,29,,,122,69
2017-01-15 13:00:00,78,,81,124,,114,,,23,,,121,81
2017-01-15 14:00:00,93,,75,102,,121,,,25,,,122,65
2017-01-15 15:00:00,120,,81,80,,98,,,22,,,110,45
2017-01-15 16:00:00,119,,96,130,,106,,,38,,,97,74
2017-01-15 17:00:00,133,,71,112,,102,,,51,,,143,88
2017-01-15 18:00:00,121,,62,111,,201,,,42,,,202,118
2017-01-15 19:00:00,260,,61,95,,173,,,38,,,219,135
2017-01-15 20:00:00,264,,63,87,,140,,,36,,,241,154
2017-01-15 21:00:00,277,,41,98,,126,,,45,,,268,221
2017-01-15 22:00:00,328,,25,305,,91,,,26,,,333,173
2017-01-15 23:00:00,322,,42,273,,253,,,35,,,273,214
2017-01-16 00:00:00,286,,25,299,,249,,,91,,,252,232
2017-01-16 01:00:00,265,,290,305,,279,,,83,,,293,252
2017-01-16 02:00:00,274,,246,320,,274,,,91,,,323,235
2017-01-16 03:00:00,238,,250,267,,310,,,95,,,327,256
2017-01-16 04:00:00,296,,203,294,,283,,,97,,,154,242
2017-01-16 05:00:00,172,,252,126,,94,,,44,,,127,106
2017-01-16 06:00:00,138,,285,131,,129,,,45,,,109,131
2017-01-16 07:00:00,124,,282,126,,146,,,32,,,136,87
2017-01-16 08:00:00,92,,275,109,,229,,,21,,,163,78
2017-01-16 09:00:00,97,,282,122,,132,,,16,,,131,188
2017-01-16 10:00:00,103,,271,139,,131,,,28,,,137,97
2017-01-16 11:00:00,114,,287,176,,147,,,39,,,131,88
2017-01-16 12:00:00,97,,288,303,,45,,,39,,,136,99
2017-01-16 13:00:00,94,,150,72,,95,,,36,,,123,103
2017-01-16 14:00:00,92,,72,76,,94,,,26,,,118,92
2017-01-16 15:00:00,104,,70,103,,88,,,30,,,122,84
2017-01-16 16:00:00,95,,78,110,,102,,,34,,,107,73
2017-01-16 17:00:00,126,,70,104,,110,,,30,,,113,80
2017-01-16 18:00:00,127,,65,107,,105,,,27,,,117,78
2017-01-16 19:00:00,117,,62,102,,111,,,31,,,137,77
2017-01-16 20:00:00,96,,69,104,,104,,,30,,,134,71
2017-01-16 21:00:00,102,,77,103,,96,,,26,,,138,75
2017-01-16 22:00:00,121,,76,104,,99,,,24,,,132,78
2017-01-16 23:00:00,119,,71,103,,98,,,24,,,128,75
2017-01-17 00:00:00,112,,73,107,,83,,,22,,,137,85
2017-01-17 01:00:00,91,,72,105,,108,,,22,,,138,81
2017-01-17 02:00:00,65,,62,99,,93,,,22,,,146,91
2017-01-17 03:00:00,57,,28,98,,74,,,19,,,151,75
2017-01-17 04:00:00,34,,23,115,,21,,,23,,,218,137
2017-01-17 05:00:00,52,,336,262,,33,,,14,,,262,135
2017-01-17 06:00:00,8,,264,312,,32,,,67,,,218,142
2017-01-17 07:00:00,102,,264,204,,62,,,30,,,111,107
2017-01-17 08:00:00,43,,283,234,,57,,,22,,,115,125
2017-01-17 09:00:00,79,,301,214,,44,,,18,,,129,94
2017-01-17 10:00:00,84,,65,119,,16,,,17,,,129,91
2017-01-17 11:00:00,12,,54,329,,6,,,14,,,330,97
2017-01-17 12:00:00,19,,87,298,,39,,,30,,,103,82
2017-01-17 13:00:00,52,,95,279,,86,,,65,,,100,105
2017-01-17 14:00:00,74,,234,188,,78,,,36,,,106,89
2017-01-17 15:00:00,9,,280,252,,340,,,54,,,146,91
2017-01-17 16:00:00,21,,286,277,,27,,,31,,,158,115
2017-01-17 17:00:00,3,,263,285,,18,,,64,,,104,126
2017-01-17 18:00:00,28,,257,241,,213,,,57,,,80,106
2017-01-17 19:00:00,228,,252,166,,113,,,17,,,95,95
2017-01-17 20:00:00,182,,247,106,,80,,,54,,,116,87
2017-01-17 21:00:00,159,,230,109,,110,,,54,,,104,175
2017-01-17 22:00:00,114,,283,156,,119,,,47,,,117,110
2017-01-17 23:00:00,36,,253,19,,290,,,20,,,144,114
2017-01-18 00:00:00,33,,274,226,,347,,,27,,,162,123
2017-01-18 01:00:00,73,,280,227,,80,,,16,,,69,111
2017-01-18 02:00:00,98,,281,224,,39,,,62,,,90,72
2017-01-18 03:00:00,106,,273,169,,40,,,71,,,105,72
2017-01-18 04:00:00,67,,271,188,,30,,,61,,,107,78
2017-01-18 05:00:00,57,,276,182,,36,,,26,,,101,80
2017-01-18 06:00:00,82,,264,181,,357,,,52,,,98,75
2017-01-18 07:00:00,81,,271,163,,69,,,31,,,97,75
2017-01-18 08:00:00,86,,275,177,,51,,,14,,,105,81
2017-01-18 09:00:00,89,,275,179,,29,,,22,,,98,87
2017-01-18 10:00:00,100,,291,178,,48,,,16,,,95,81
2017-01-18 11:00:00,80,,280,207,,54,,,24,,,93,84
2017-01-18 12:00:00,59,,278,228,,7,,,32,,,118,80
2017-01-18 13:00:00,94,,285,159,,59,,,19,,,75,72
2017-01-18 14:00:00,84,,311,139,,77,,,11,,,87,85
2017-01-18 15:00:00,97,,346,176,,147,,,11,,,115,91
2017-01-18 16:00:00,101,,8,146,,91,,,16,,,110,91
2017-01-18 17:00:00,106,,65,140,,103,,,15,,,137,105
2017-01-18 18:00:00,94,,64,141,,104,,,22,,,141,92
2017-01-18 19:00:00,87,,57,138,,81,,,19,,,121,101
2017-01-18 20:00:00,70,,78,144,,84,,,21,,,123,95
2017-01-18 21:00:00,62,,81,133,,101,,,14,,,122,84
2017-01-18 22:00:00,35,,78,136,,101,,,14,,,154,113
2017-01-18 23:00:00,16,,63,135,,116,,,14,,,125,109
2017-01-19 00:00:00,330,,71,162,,100,,,40,,,115,122
2017-01-19 01:00:00,304,,65,176,,94,,,45,,,86,108
2017-01-19 02:00:00,350,,39,317,,117,,,37,,,131,104
2017-01-19 03:00:00,347,,322,299,,30,,,19,,,324,94
2017-01-19 04:00:00,358,,283,298,,337,,,28,,,344,108
2017-01-19 05:00:00,353,,267,306,,327,,,27,,,303,110
2017-01-19 06:00:00,265,,239,282,,346,,,49,,,57,95
2017-01-19 07:00:00,250,,224,76,,279,,,42,,,11,98
2017-01-19 08:00:00,270,,262,261,,308,,,56,,,160,189
2017-01-19 09:00:00,245,,258,135,,175,,,51,,,87,217
2017-01-19 10:00:00,79,,321,133,,129,,,23,,,103,89
2017-01-19 11:00:00,109,,143,151,,118,,,23,,,121,92
2017-01-19 12:00:00,109,,71,144,,111,,,18,,,111,77
2017-01-19 13:00:00,98,,69,140,,112,,,23,,,117,80
2017-01-19 14:00:00,112,,71,121,,116,,,23,,,91,69
2017-01-19 15:00:00,128,,68,115,,109,,,26,,,81,60
2017-01-19 16:00:00,149,,59,106,,101,,,11,,,125,78
2017-01-19 17:00:00,134,,65,108,,109,,,2,,,152,101
2017-01-19 18:00:00,92,,53,128,,116,,,23,,,158,
2017-01-19 19:00:00,73,,50,153,,132,,,24,,,229,
2017-01-19 20:00:00,359,,64,247,,132,,,18,,,346,
2017-01-19 21:00:00,320,,66,317,,168,,,53,,,344,
2017-01-19 22:00:00,345,,32,285,,136,,,41,,,307,
2017-01-19 23:00:00,287,,329,278,,173,,,49,,,181,
2017-01-20 00:00:00,250,,255,303,,291,,,48,,,294,
2017-01-20 01:00:00,277,,246,313,,307,,,54,,,269,
2017-01-20 02:00:00,255,,232,305,,297,,,55,,,285,
2017-01-20 03:00:00,245,,211,171,,295,,,58,,,257,
2017-01-20 04:00:00,257,,219,15,,268,,,61,,,292,
2017-01-20 05:00:00,243,,226,274,,135,,,56,,,283,
2017-01-20 06:00:00,234,,232,129,,134,,,59,,,231,
2017-01-20 07:00:00,244,,215,190,,242,,,60,,,294,
2017-01-20 08:00:00,208,,222,322,,352,,,66,,,179,228
2017-01-20 09:00:00,186,,251,316,,354,,,49,,,299,239
2017-01-20 10:00:00,128,,253,284,,300,,,60,,,303,244
2017-01-20 11:00:00,321,,256,286,,284,,,75,,,327,282
2017-01-20 12:00:00,330,,262,286,,282,,,9,,,310,301
2017-01-20 13:00:00,,,261,294,,299,,,2,,,313,289
2017-01-20 14:00:00,354,,250,301,,337,,,2,,,359,114
2017-01-20 15:00:00,72,,74,293,,101,,,1,,,115,118
2017-01-20 16:00:00,104,,80,129,,123,,,7,,,146,131
2017-01-20 17:00:00,155,,70,122,,119,,,19,,,137,103
2017-01-20 18:00:00,129,,62,115,,116,,,21,,,119,123
2017-01-20 19:00:00,96,,62,118,,129,,,31,,,180,114
2017-01-20 20:00:00,241,,50,164,,82,,,34,,,230,175
2017-01-20 21:00:00,343,,64,226,,148,,,45,,,170,118
2017-01-20 22:00:00,235,,102,309,,273,,,40,,,335,208
2017-01-20 23:00:00,249,,5,301,,270,,,37,,,300,234
2017-01-21 00:00:00,243,,295,315,,173,,,39,,,285,235
2017-01-21 01:00:00,263,,262,281,,264,,,42,,,287,226
2017-01-21 02:00:00,289,,228,288,,244,,,44,,,182,222
2017-01-21 03:00:00,241,,237,301,,275,,,36,,,232,175
2017-01-21 04:00:00,256,,239,139,,306,,,31,,,285,241
2017-01-21 05:00:00,242,,246,280,,19,,,41,,,277,241
2017-01-21 06:00:00,171,,228,292,,273,,,47,,,288,258
2017-01-21 07:00:00,189,,235,289,,310,,,47,,,272,239
2017-01-21 08:00:00,238,,95,319,,331,,,41,,,135,215
2017-01-21 09:00:00,66,,96,142,,88,,,43,,,165,71
2017-01-21 10:00:00,92,,201,135,,136,,,25,,,127,86
2017-01-21 11:00:00,104,,27,140,,135,,,11,,,110,77
2017-01-21 12:00:00,109,,72,128,,124,,,18,,,112,74
2017-01-21 13:00:00,70,,81,121,,107,,,17,,,107,69
2017-01-21 14:00:00,89,,74,142,,127,,,18,,,319,90
2017-01-21 15:00:00,99,,65,235,,124,,,20,,,282,292
2017-01-21 16:00:00,294,,84,282,,270,,,19,,,277,275
2017-01-21 17:00:00,297,,172,278,,263,,,19,,,279,271
2017-01-21 18:00:00,295,,213,282,,264,,,50,,,279,271
2017-01-21 19:00:00,288,,205,277,,259,,,56,,,275,272
2017-01-21 20:00:00,287,,212,284,,265,,,56,,,279,274
2017-01-21 21:00:00,289,,212,284,,266,,,,,,290,279
2017-01-21 22:00:00,288,,216,291,,271,,,,,,287,280
2017-01-21 23:00:00,285,,256,297,,272,,,,,,287,280
2017-01-22 00:00:00,275,,285,296,,347,,,,,,283,279
2017-01-22 01:00:00,290,,259,285,,28,,,,,,302,295
2017-01-22 02:00:00,293,,280,294,,320,,,,,,298,289
2017-01-22 03:00:00,292,,271,299,,38,,,,,,300,291
2017-01-22 04:00:00,299,,283,300,,58,,,,,,310,289
2017-01-22 05:00:00,291,,284,303,,97,,,,,,305,281
2017-01-22 06:00:00,319,,62,309,,54,,,,,,294,280
2017-01-22 07:00:00,312,,53,314,,348,,,,,,296,285
2017-01-22 08:00:00,,,48,312,,15,,,,,,292,287
2017-01-22 09:00:00,,,311,307,,277,,,,,,290,284
2017-01-22 10:00:00,,,252,290,,258,,,,,,287,275
2017-01-22 11:00:00,,,227,279,,254,,,,,,285,274
2017-01-22 12:00:00,,,229,285,,264,,,,,,285,273
2017-01-22 13:00:00,327,,238,289,,271,,,,,,297,277
2017-01-22 14:00:00,327,,250,279,,271,,,,,,292,268
2017-01-22 15:00:00,329,,255,284,,279,,,,,,293,272
2017-01-22 16:00:00,328,,262,294,,292,,,,,,302,284
2017-01-22 17:00:00,328,,280,309,,319,,,,,,310,284
2017-01-22 18:00:00,325,,278,302,,294,,,,,,282,261
2017-01-22 19:00:00,210,,286,312,,182,,,,,,288,234
2017-01-22 20:00:00,150,,292,327,,217,,,,,,289,235
2017-01-22 21:00:00,121,,282,185,,2,,,,,,317,181
2017-01-22 22:00:00,89,,223,138,,278,,,,,,57,96
2017-01-22 23:00:00,46,,155,151,,114,,,,,,158,103
2017-01-23 00:00:00,41,,207,347,,143,,,,,,147,104
2017-01-23 01:00:00,124,,250,289,,209,,,,,,165,110
2017-01-23 02:00:00,156,,173,315,,241,,,,,,312,124
2017-01-23 03:00:00,202,,319,301,,248,,,,,,308,227
2017-01-23 04:00:00,245,,317,232,,257,,,,,,325,218
2017-01-23 05:00:00,226,,277,275,,258,,,,,,298,236
2017-01-23 06:00:00,231,,256,303,,262,,,,,,230,220
2017-01-23 07:00:00,254,,243,303,,250,,,,,,315,244
2017-01-23 08:00:00,232,,253,326,,175,,,,,,338,250
2017-01-23 09:00:00,247,,267,324,,73,,,,,,36,169
2017-01-23 10:00:00,93,,108,329,,91,,,2,,,99,93
2017-01-23 11:00:00,105,,80,136,,111,,,1,,,88,81
2017-01-23 12:00:00,82,,62,133,,114,,,,,,80,74
2017-01-23 13:00:00,102,,76,136,,120,,,,,,82,79
2017-01-23 14:00:00,90,,86,126,,127,,,1,,,90,82
2017-01-23 15:00:00,83,,84,124,,120,,,1,,,87,69
2017-01-23 16:00:00,111,,83,115,,117,,,1,,,92,55
2017-01-23 17:00:00,125,,76,109,,152,,,,,,141,69
2017-01-23 18:00:00,131,,71,114,,193,,,,,,194,130
2017-01-23 19:00:00,180,,67,105,,204,,,,,,350,192
2017-01-23 20:00:00,230,,58,118,,221,,,,,,49,200
2017-01-23 21:00:00,196,,74,258,,246,,,,,,297,212
2017-01-23 22:00:00,251,,108,298,,267,,,2,,,338,233
2017-01-23 23:00:00,237,,345,301,,178,,,4,,,313,235
2017-01-24 00:00:00,276,,55,272,,166,,,1,,,281,240
2017-01-24 01:00:00,252,,339,283,,284,,,1,,,288,238
2017-01-24 02:00:00,317,,244,312,,304,,,1,,,274,240
2017-01-24 03:00:00,286,,223,293,,293,,,,,,286,237
2017-01-24 04:00:00,267,,219,309,,284,,,2,,,291,255
2017-01-24 05:00:00,337,,229,326,,270,,,49,,,279,245
2017-01-24 06:00:00,302,,232,284,,269,,,48,,,283,233
2017-01-24 07:00:00,269,,238,323,,270,,,45,,,266,252
2017-01-24 08:00:00,303,,231,290,,182,,,47,,,288,268
2017-01-24 09:00:00,358,,237,307,,32,,,43,,,,96
2017-01-24 10:00:00,82,,203,258,,101,,,47,,,60,73
2017-01-24 11:00:00,83,,270,156,,94,,,33,,,106,81
2017-01-24 12:00:00,110,,325,131,,119,,,16,,,77,85
2017-01-24 13:00:00,103,,224,147,,121,,,15,,,69,82
2017-01-24 14:00:00,86,,77,164,,127,,,15,,,102,83
2017-01-24 15:00:00,110,,74,141,,137,,,16,,,96,87
2017-01-24 16:00:00,89,,82,128,,155,,,17,,,132,90
2017-01-24 17:00:00,174,,69,139,,163,,,29,,,194,140
2017-01-24 18:00:00,202,,16,186,,160,,,50,,,237,181
2017-01-24 19:00:00,297,,2,270,,161,,,40,,,280,175
2017-01-24 20:00:00,239,,200,309,,233,,,42,,,297,177
2017-01-24 21:00:00,249,,246,291,,262,,,45,,,289,236
2017-01-24 22:00:00,241,,191,311,,252,,,47,,,269,243
2017-01-24 23:00:00,241,,239,317,,234,,,47,,,293,268
2017-01-25 00:00:00,219,,221,309,,276,,,46,,,284,257
2017-01-25 01:00:00,222,,240,311,,267,,,46,,,286,257
2017-01-25 02:00:00,252,,270,301,,266,,,46,,,278,255
2017-01-25 03:00:00,230,,250,339,,271,,,41,,,313,236
2017-01-25 04:00:00,237,,247,337,,284,,,41,,,305,235
2017-01-25 05:00:00,237,,248,320,,287,,,5,,,298,235
2017-01-25 06:00:00,245,,268,287,,283,,,7,,,339,270
2017-01-25 07:00:00,235,,276,307,,,,,66,,,279,274
2017-01-25 08:00:00,82,,277,188,,174,,,36,,,37,67
2017-01-25 09:00:00,97,,278,166,,193,,,37,,,58,92
2017-01-25 10:00:00,86,,277,180,,98,,,22,,,75,91
2017-01-25 11:00:00,99,,293,197,,39,,,13,,,78,93
2017-01-25 12:00:00,111,,302,66,,50,,,11,,,92,90
2017-01-25 13:00:00,69,,285,75,,81,,,21,,,89,83
2017-01-25 14:00:00,67,,291,61,,77,,,21,,,62,68
2017-01-25 15:00:00,64,,288,55,,27,,,18,,,62,66
2017-01-25 16:00:00,26,,287,40,,24,,,11,,,60,71
2017-01-25 17:00:00,29,,292,34,,31,,,24,,,81,93
2017-01-25 18:00:00,50,,292,34,,71,,,9,,,82,102
2017-01-25 19:00:00,45,,295,34,,135,,,13,,,38,93
2017-01-25 20:00:00,74,,285,,,155,,,23,,,42,95
2017-01-25 21:00:00,88,,273,31,,182,,,37,,,82,106
2017-01-25 22:00:00,85,,282,28,,140,,,31,,,67,107
2017-01-25 23:00:00,53,,280,25,,90,,,35,,,66,111
2017-01-26 00:00:00,70,,224,31,,110,,,12,,,38,100
2017-01-26 01:00:00,185,,223,120,,121,,,1,,,58,97
2017-01-26 02:00:00,66,,292,230,,180,,,4,,,83,94
2017-01-26 03:00:00,37,,93,75,,90,,,1,,,37,103
2017-01-26 04:00:00,150,,102,116,,91,,,1,,,100,78
2017-01-26 05:00:00,147,,98,110,,297,,,2,,,145,71
2017-01-26 06:00:00,157,,1,118,,310,,,2,,,53,76
2017-01-26 07:00:00,138,,323,106,,266,,,6,,,14,94
2017-01-26 08:00:00,111,,297,126,,6,,,1,,,37,88
2017-01-26 09:00:00,78,,9,100,,62,,,,,,7,64
2017-01-26 10:00:00,81,,54,89,,96,,,,,,359,56
2017-01-26 11:00:00,82,,44,96,,84,,,,,,357,
2017-01-26 12:00:00,81,,40,96,,88,,,,,,2,
2017-01-26 13:00:00,85,,53,100,,100,,,,,,358,
2017-01-26 14:00:00,86,,62,103,,108,,,,,,360,
2017-01-26 15:00:00,108,,58,107,,95,,,,,,357,
2017-01-26 16:00:00,97,,60,106,,87,,,,,,355,
2017-01-26 17:00:00,91,,45,100,,93,,,,,,8,
2017-01-26 18:00:00,94,,41,100,,91,,,,,,359,
2017-01-26 19:00:00,127,,31,98,,95,,,,,,5,
2017-01-26 20:00:00,129,,67,105,,93,,,,,,22,65
2017-01-26 21:00:00,144,,79,109,,98,,,,,,7,67
2017-01-26 22:00:00,120,,65,103,,94,,,,,,38,59
2017-01-26 23:00:00,119,,65,98,,103,,,,,,3,58
2017-01-27 00:00:00,129,,63,103,,116,,,,,,14,52
2017-01-27 01:00:00,142,,49,111,,113,,,1,,,57,63
2017-01-27 02:00:00,93,,12,98,,46,,,,,,167,100
2017-01-27 03:00:00,66,,40,129,,90,,,10,,,29,94
2017-01-27 04:00:00,1,,33,289,,54,,,21,,,74,114
2017-01-27 05:00:00,9,,54,276,,284,,,12,,,84,133
2017-01-27 06:00:00,5,,50,248,,333,,,20,,,12,137
2017-01-27 07:00:00,20,,46,158,,7,,,20,,,108,121
2017-01-27 08:00:00,67,,74,115,,63,,,13,,,155,101
2017-01-27 09:00:00,48,,67,126,,81,,,19,,,110,89
2017-01-27 10:00:00,47,,32,107,,81,,,12,,,125,85
2017-01-27 11:00:00,67,,38,113,,67,,,13,,,69,68
2017-01-27 12:00:00,47,,358,93,,76,,,14,,,28,69
2017-01-27 13:00:00,51,,16,91,,73,,,13,,,29,65
2017-01-27 14:00:00,58,,11,96,,80,,,15,,,28,65
2017-01-27 15:00:00,62,,2,85,,73,,,16,,,26,63
2017-01-27 16:00:00,62,,19,115,,73,,,14,,,6,61
2017-01-27 17:00:00,68,,48,100,,82,,,18,,,6,61
2017-01-27 18:00:00,75,,54,95,,78,,,14,,,6,64
2017-01-27 19:00:00,64,,61,103,,79,,,14,,,5,59
2017-01-27 20:00:00,67,,64,101,,87,,,13,,,5,59
2017-01-27 21:00:00,81,,281,68,,31,,,17,,,6,70
2017-01-27 22:00:00,56,,285,35,,26,,,18,,,15,81
2017-01-27 23:00:00,20,,280,26,,21,,,14,,,48,112
2017-01-28 00:00:00,21,,287,18,,5,,,20,,,17,120
2017-01-28 01:00:00,35,,294,19,,6,,,31,,,353,115
2017-01-28 02:00:00,35,,277,23,,21,,,35,,,344,109
2017-01-28 03:00:00,28,,283,26,,23,,,26,,,351,109
2017-01-28 04:00:00,47,,289,26,,25,,,28,,,356,112
2017-01-28 05:00:00,51,,281,40,,53,,,22,,,356,88
2017-01-28 06:00:00,52,,285,38,,36,,,22,,,1,96
2017-01-28 07:00:00,42,,286,31,,18,,,10,,,359,100
2017-01-28 08:00:00,34,,279,20,,17,,,25,,,357,102
2017-01-28 09:00:00,40,,275,179,,22,,,14,,,360,106
2017-01-28 10:00:00,53,,266,15,,25,,,25,,,3,106
2017-01-28 11:00:00,35,,269,355,,11,,,29,,,3,90
2017-01-28 12:00:00,12,,279,142,,14,,,17,,,4,101
2017-01-28 13:00:00,16,,283,175,,121,,,18,,,4,95
2017-01-28 14:00:00,51,,291,139,,358,,,28,,,5,93
2017-01-28 15:00:00,138,,211,131,,117,,,26,,,2,95
2017-01-28 16:00:00,149,,212,137,,196,,,50,,,3,88
2017-01-28 17:00:00,131,,198,135,,341,,,54,,,4,76
2017-01-28 18:00:00,153,,266,159,,61,,,49,,,5,91
2017-01-28 19:00:00,162,,326,141,,154,,,27,,,4,103
2017-01-28 20:00:00,191,,186,100,,192,,,42,,,8,62
2017-01-28 21:00:00,202,,286,112,,159,,,45,,,356,131
2017-01-28 22:00:00,261,,256,131,,175,,,42,,,7,127
2017-01-28 23:00:00,256,,261,97,,284,,,62,,,4,140
2017-01-29 00:00:00,232,,318,314,,285,,,64,,,4,249
2017-01-29 01:00:00,285,,273,313,,320,,,61,,,2,273
2017-01-29 02:00:00,282,,259,338,,320,,,57,,,5,255
2017-01-29 03:00:00,244,,243,321,,45,,,54,,,359,278
2017-01-29 04:00:00,174,,217,325,,89,,,69,,,359,266
2017-01-29 05:00:00,297,,222,317,,178,,,72,,,352,236
2017-01-29 06:00:00,276,,209,318,,74,,,49,,,357,259
2017-01-29 07:00:00,326,,237,332,,69,,,51,,,359,267
2017-01-29 08:00:00,314,,229,324,,254,,,44,,,,274
2017-01-29 09:00:00,17,,245,333,,291,,,35,,,7,260
2017-01-29 10:00:00,25,,236,346,,274,,,43,,,13,258
2017-01-29 11:00:00,359,,239,311,,358,,,63,,,13,251
2017-01-29 12:00:00,351,,266,352,,28,,,45,,,7,268
2017-01-29 13:00:00,5,,270,342,,,,,40,,,7,84
2017-01-29 14:00:00,18,,258,6,,334,,,29,,,13,87
2017-01-29 15:00:00,23,,262,284,,22,,,45,,,17,72
2017-01-29 16:00:00,123,,285,240,,322,,,49,,,15,80
2017-01-29 17:00:00,156,,292,138,,169,,,31,,,8,96
2017-01-29 18:00:00,195,,289,75,,9,,,50,,,326,165
2017-01-29 19:00:00,243,,246,39,,195,,,29,,,356,112
2017-01-29 20:00:00,193,,263,37,,210,,,61,,,2,106
2017-01-29 21:00:00,248,,228,162,,213,,,58,,,1,113
2017-01-29 22:00:00,252,,207,266,,260,,,61,,,,115
2017-01-29 23:00:00,252,,224,300,,249,,,65,,,,238
2017-01-30 00:00:00,236,,198,331,,253,,,65,,,1,240
2017-01-30 01:00:00,235,,180,314,,239,,,64,,,3,257
2017-01-30 02:00:00,235,,192,312,,225,,,62,,,1,254
2017-01-30 03:00:00,253,,264,329,,228,,,63,,,356,204
2017-01-30 04:00:00,284,,252,314,,242,,,61,,,3,223
2017-01-30 05:00:00,238,,208,282,,231,,,60,,,360,216
2017-01-30 06:00:00,290,,240,311,,246,,,62,,,2,245
2017-01-30 07:00:00,239,,234,326,,257,,,62,,,,247
2017-01-30 08:00:00,237,,230,317,,119,,,58,,,359,260
2017-01-30 09:00:00,238,,244,316,,93,,,54,,,3,241
2017-01-30 10:00:00,49,,244,218,,86,,,46,,,360,89
2017-01-30 11:00:00,101,,63,137,,78,,,19,,,7,77
2017-01-30 12:00:00,64,,71,120,,102,,,20,,,9,58
2017-01-30 13:00:00,47,,92,117,,68,,,19,,,5,58
2017-01-30 14:00:00,61,,68,92,,99,,,20,,,13,56
2017-01-30 15:00:00,64,,76,77,,95,,,21,,,19,59
2017-01-30 16:00:00,108,,73,93,,88,,,21,,,24,47
2017-01-30 17:00:00,145,,67,98,,100,,,20,,,24,101
2017-01-30 18:00:00,127,,72,97,,113,,,19,,,359,93
2017-01-30 19:00:00,117,,76,104,,150,,,36,,,347,106
2017-01-30 20:00:00,149,,79,120,,136,,,53,,,349,139
2017-01-30 21:00:00,223,,75,109,,244,,,48,,,4,178
2017-01-30 22:00:00,242,,42,116,,257,,,47,,,2,213
2017-01-30 23:00:00,250,,12,287,,234,,,35,,,3,221
2017-01-31 00:00:00,319,,37,300,,122,,,34,,,6,156
2017-01-31 01:00:00,290,,295,304,,307,,,62,,,3,228
2017-01-31 02:00:00,254,,263,301,,283,,,73,,,3,253
2017-01-31 03:00:00,270,,256,300,,197,,,75,,,3,231
2017-01-31 04:00:00,302,,229,314,,311,,,63,,,,230
2017-01-31 05:00:00,298,,231,295,,299,,,63,,,,248
2017-01-31 06:00:00,291,,222,303,,335,,,57,,,,235
2017-01-31 07:00:00,270,,221,297,,264,,,56,,,,184
2017-01-31 08:00:00,301,,229,326,,22,,,53,,,2,228
2017-01-31 09:00:00,242,,244,309,,129,,,66,,,3,260
2017-01-31 10:00:00,305,,246,308,,145,,,66,,,11,252
2017-01-31 11:00:00,26,,249,350,,135,,,66,,,12,88
2017-01-31 12:00:00,57,,243,114,,124,,,29,,,11,77
2017-01-31 13:00:00,98,,143,127,,123,,,20,,,10,78
2017-01-31 14:00:00,95,,81,138,,113,,,17,,,2,80
2017-01-31 15:00:00,87,,71,137,,103,,,23,,,1,88
2017-01-31 16:00:00,89,,59,119,,124,,,20,,,5,74
2017-01-31 17:00:00,70,,61,121,,126,,,19,,,349,75
2017-01-31 18:00:00,73,,61,128,,121,,,15,,,355,90
2017-01-31 19:00:00,54,,61,113,,140,,,25,,,353,117
2017-01-31 20:00:00,327,,77,102,,150,,,28,,,12,137
2017-01-31 21:00:00,297,,29,282,,186,,,16,,,14,213
2017-01-31 22:00:00,270,,277,288,,144,,,45,,,7,199
2017-01-31 23:00:00,254,,259,295,,280,,,42,,,5,229
2017-02-01 00:00:00,249,,251,292,,302,,,,,,,221
2017-02-01 01:00:00,256,,207,295,,275,,,,,,,232
2017-02-01 02:00:00,281,,228,316,,234,,,,,,,248
2017-02-01 03:00:00,191,,226,314,,230,,,,,,,248
2017-02-01 04:00:00,201,,231,290,,262,,,,,,,206
2017-02-01 05:00:00,274,,223,233,,308,,,,,,,176
2017-02-01 06:00:00,270,,246,302,,284,,,,,,,197
2017-02-01 07:00:00,273,,232,310,,281,,,,,,,254
2017-02-01 08:00:00,236,,236,266,,44,,,,,,,248
2017-02-01 09:00:00,278,,213,319,,70,,,,,,,256
2017-02-01 10:00:00,44,,205,277,,123,,,,,,,277
2017-02-01 11:00:00,25,,247,275,,161,,,,,,,57
2017-02-01 12:00:00,70,,279,331,,8,,,,,,,83
2017-02-01 13:00:00,139,,257,27,,6,,,,,,,89
2017-02-01 14:00:00,164,,283,358,,17,,,,,,,101
2017-02-01 15:00:00,77,,285,57,,32,,,,,,,126
2017-02-01 16:00:00,113,,25,125,,83,,,,,,,132
2017-02-01 17:00:00,92,,64,107,,106,,,,,,,104
2017-02-01 18:00:00,120,,64,108,,124,,,,,,,57
2017-02-01 19:00:00,88,,73,105,,133,,,,,,,64
2017-02-01 20:00:00,56,,79,112,,138,,,,,,,143
2017-02-01 21:00:00,348,,80,196,,174,,,,,,,171
2017-02-01 22:00:00,242,,85,270,,260,,,,,,,255
2017-02-01 23:00:00,255,,34,299,,201,,,,,,,213
2017-02-02 00:00:00,232,,241,298,,262,,,,,,,251
2017-02-02 01:00:00,229,,242,292,,267,,,,,,,242
2017-02-02 02:00:00,225,,217,323,,166,,,,,,,208
2017-02-02 03:00:00,230,,223,320,,277,,,,,,,242
2017-02-02 04:00:00,315,,229,324,,190,,,,,,,252
2017-02-02 05:00:00,291,,229,315,,131,,,,,,,194
2017-02-02 06:00:00,316,,213,320,,313,,,,,,,237
2017-02-02 07:00:00,329,,238,315,,253,,,,,,,207
2017-02-02 08:00:00,234,,246,317,,205,,,,,,,229
2017-02-02 09:00:00,241,,225,326,,88,,,,,,,244
2017-02-02 10:00:00,151,,252,250,,124,,,,,,,99
2017-02-02 11:00:00,41,,276,284,,69,,,,,,,105
2017-02-02 12:00:00,56,,15,122,,77,,,,,,,71
2017-02-02 13:00:00,77,,28,97,,74,,,,,,,54
2017-02-02 14:00:00,79,,52,103,,82,,,,,,,50
2017-02-02 15:00:00,90,,38,99,,81,,,,,,,56
2017-02-02 16:00:00,91,,40,96,,87,,,,55,,,59
2017-02-02 17:00:00,98,,40,94,,83,,,,96,,,79
2017-02-02 18:00:00,104,,68,83,,80,,,,136,,,76
2017-02-02 19:00:00,85,,277,84,,298,,,,180,,,68
2017-02-02 20:00:00,21,,249,99,,251,,,,210,,,77
2017-02-02 21:00:00,33,,275,236,,10,,,,153,,,96
2017-02-02 22:00:00,26,,278,329,,69,,,,27,,,99
2017-02-02 23:00:00,47,,268,195,,76,,,,145,,,107
2017-02-03 00:00:00,43,,276,102,,297,,,,300,,,98
2017-02-03 01:00:00,45,,262,139,,99,,,,267,,,102
2017-02-03 02:00:00,56,,295,136,,50,,,,143,,,97
2017-02-03 03:00:00,29,,298,136,,2,,,,112,,,99
2017-02-03 04:00:00,35,,271,233,,54,,,,24,,,114
2017-02-03 05:00:00,33,,269,205,,100,,,,311,,,106
2017-02-03 06:00:00,76,,262,150,,297,,,,290,,,100
2017-02-03 07:00:00,26,,245,139,,9,,,,275,,,103
2017-02-03 08:00:00,56,,195,258,,44,,,,198,,,99
2017-02-03 09:00:00,35,,264,281,,38,,,,135,,,75
2017-02-03 10:00:00,23,,286,241,,34,,,,160,,,87
2017-02-03 11:00:00,37,,307,116,,69,,,,133,,,74
2017-02-03 12:00:00,52,,352,139,,62,,,,120,,,69
2017-02-03 13:00:00,52,,1,147,,62,,,,107,,,72
2017-02-03 14:00:00,44,,352,63,,55,,,,116,,,64
2017-02-03 15:00:00,60,,42,95,,53,,,,174,,,82
2017-02-03 16:00:00,60,,77,101,,89,,,,166,,,67
2017-02-03 17:00:00,71,,81,113,,145,,,,186,,,59
2017-02-03 18:00:00,65,,67,96,,72,,,,138,,,79
2017-02-03 19:00:00,69,,65,113,,93,,,,140,,,65
2017-02-03 20:00:00,67,,71,109,,93,,,,140,,,60
2017-02-03 21:00:00,51,,89,110,,105,,,,124,,,65
2017-02-03 22:00:00,81,,85,109,,82,,,,141,,,63
2017-02-03 23:00:00,69,,70,122,,356,,,,164,,,72
2017-02-04 00:00:00,58,,286,126,,316,,,,164,,,73
2017-02-04 01:00:00,17,,294,169,,348,,,,138,,,103
2017-02-04 02:00:00,17,,284,168,,16,,,,155,,,112
2017-02-04 03:00:00,16,,275,233,,27,,,,146,,,114
2017-02-04 04:00:00,19,,284,236,,37,,,,176,,,112
2017-02-04 05:00:00,47,,274,165,,47,,,,181,,,106
2017-02-04 06:00:00,28,,282,248,,33,,,,155,,,105
2017-02-04 07:00:00,92,,260,290,,21,,,,191,,,104
2017-02-04 08:00:00,94,,279,304,,36,,,,175,,,105
2017-02-04 09:00:00,77,,264,306,,27,,,,161,,,115
2017-02-04 10:00:00,44,,261,300,,53,,,,123,,,238
2017-02-04 11:00:00,107,,297,173,,77,,,,123,,,53
2017-02-04 12:00:00,70,,348,146,,89,,,,121,,,73
2017-02-04 13:00:00,64,,309,136,,123,,,,106,,,84
2017-02-04 14:00:00,61,,343,135,,94,,,,94,,,92
2017-02-04 15:00:00,98,,24,138,,95,,,,115,,,89
2017-02-04 16:00:00,94,,77,144,,102,,,,131,,,95
2017-02-04 17:00:00,75,,67,146,,112,,,,143,,,88
2017-02-04 18:00:00,80,,70,147,,104,,,,140,,,83
2017-02-04 19:00:00,47,,79,144,,117,,,,136,,,100
2017-02-04 20:00:00,337,,73,149,,121,,,,133,,,122
2017-02-04 21:00:00,28,,94,154,,103,,,,177,,,94
2017-02-04 22:00:00,31,,112,191,,109,,,,164,,,79
2017-02-04 23:00:00,68,,107,119,,115,,,,185,,,87
2017-02-05 00:00:00,44,,103,335,,92,,,,170,,,159
2017-02-05 01:00:00,308,,92,329,,55,,,,209,,,177
2017-02-05 02:00:00,36,,77,350,,29,,,,177,,,191
2017-02-05 03:00:00,329,,89,347,,342,,,,308,,,192
2017-02-05 04:00:00,35,,244,336,,8,,,,286,,,203
2017-02-05 05:00:00,349,,227,325,,322,,,,336,,,221
2017-02-05 06:00:00,301,,223,316,,216,,,,339,,,238
2017-02-05 07:00:00,261,,229,283,,233,,,,335,,,263
2017-02-05 08:00:00,324,,225,261,,267,,,,4,,,230
2017-02-05 09:00:00,311,,191,258,,286,,,,337,,,287
2017-02-05 10:00:00,1,,204,254,,182,,,,51,,,75
2017-02-05 11:00:00,42,,72,332,,108,,,,144,,,86
2017-02-05 12:00:00,35,,62,187,,93,,,,132,,,81
2017-02-05 13:00:00,88,,53,133,,80,,,,111,,,78
2017-02-05 14:00:00,66,,33,149,,85,,,,96,,,77
2017-02-05 15:00:00,64,,23,149,,76,,,,113,,,80
2017-02-05 16:00:00,67,,41,148,,84,,,,112,,,83
2017-02-05 17:00:00,76,,21,148,,87,,,,109,,,75
2017-02-05 18:00:00,45,,353,149,,111,,,,138,,,85
2017-02-05 19:00:00,73,,336,165,,124,,,,127,,,96
2017-02-05 20:00:00,14,,250,307,,204,,,,231,,,115
2017-02-05 21:00:00,310,,192,306,,266,,,,237,,,144
2017-02-05 22:00:00,242,,279,267,,253,,,,189,,,235
2017-02-05 23:00:00,240,,298,257,,191,,,,66,,,213
2017-02-06 00:00:00,248,,338,249,,206,,,,313,,,223
2017-02-06 01:00:00,244,,283,171,,294,,,,341,,,228
2017-02-06 02:00:00,280,,281,293,,158,,,,331,,,258
2017-02-06 03:00:00,251,,196,287,,133,,,,283,,,250
2017-02-06 04:00:00,239,,187,275,,285,,,,316,,,253
2017-02-06 05:00:00,290,,289,297,,295,,,,295,,,247
2017-02-06 06:00:00,242,,251,301,,297,,,,247,,,213
2017-02-06 07:00:00,285,,246,277,,253,,,,32,,,224
2017-02-06 08:00:00,244,,201,274,,314,,,,8,,,253
2017-02-06 09:00:00,233,,255,301,,270,,,,332,,,272
2017-02-06 10:00:00,316,,253,333,,317,,,,328,,,41
2017-02-06 11:00:00,20,,313,113,,86,,,,341,,,75
2017-02-06 12:00:00,43,,292,134,,117,,,,241,,,90
2017-02-06 13:00:00,106,,37,128,,131,,,,133,,,80
2017-02-06 14:00:00,83,,73,139,,122,,,,140,,,78
2017-02-06 15:00:00,71,,70,130,,119,,,,144,,,79
2017-02-06 16:00:00,67,,68,137,,100,,,,148,,,81
2017-02-06 17:00:00,58,,68,104,,100,,,,149,,,83
2017-02-06 18:00:00,128,,57,92,,134,,,,174,,,86
2017-02-06 19:00:00,78,,356,148,,242,,,,314,,,147
2017-02-06 20:00:00,339,,212,265,,246,,,,271,,,164
2017-02-06 21:00:00,225,,234,291,,255,,,,283,,,228
2017-02-06 22:00:00,232,,248,290,,238,,,,318,,,234
2017-02-06 23:00:00,233,,213,,,258,,,,326,,,253
2017-02-07 00:00:00,249,,250,321,,214,,,,39,,,236
2017-02-07 01:00:00,296,,266,296,,260,,,,261,,,220
2017-02-07 02:00:00,273,,227,332,,288,,,,324,,,237
2017-02-07 03:00:00,286,,223,302,,201,,,,353,,,237
2017-02-07 04:00:00,247,,265,309,,239,,,,302,,,232
2017-02-07 05:00:00,283,,232,317,,204,,,,265,,,255
2017-02-07 06:00:00,245,,245,317,,217,,,,250,,,246
2017-02-07 07:00:00,295,,219,283,,118,,,,294,,,265
2017-02-07 08:00:00,325,,226,291,,122,,,,300,,,270
2017-02-07 09:00:00,303,,204,305,,161,,,,238,,,268
2017-02-07 10:00:00,349,,223,334,,73,,,,293,,,250
2017-02-07 11:00:00,115,,246,263,357,139,,,,296,,,201
2017-02-07 12:00:00,126,,262,284,356,149,,,,313,,,332
2017-02-07 13:00:00,115,,269,274,356,326,,,,347,,,272
2017-02-07 14:00:00,356,,293,256,356,336,,,,5,,,286
2017-02-07 15:00:00,27,,293,277,,350,,,,90,,,112
2017-02-07 16:00:00,101,,17,66,355,48,,,,115,,,118
2017-02-07 17:00:00,115,,56,91,90,77,,,,131,,,70
2017-02-07 18:00:00,149,,71,108,108,123,,,,167,,,59
2017-02-07 19:00:00,128,,85,114,116,126,,,,179,,,58
2017-02-07 20:00:00,134,,87,126,130,132,,,,196,,,121
2017-02-07 21:00:00,167,,99,96,217,214,,,,208,,,225
2017-02-07 22:00:00,218,,86,187,226,221,,,,297,,,222
2017-02-07 23:00:00,230,,2,129,261,242,,,,312,,,232
2017-02-08 00:00:00,222,,135,296,257,227,,,,244,,,234
2017-02-08 01:00:00,232,,238,293,326,194,,,,322,,,209
2017-02-08 02:00:00,254,,235,319,280,253,,,,313,,,245
2017-02-08 03:00:00,267,,248,323,279,261,,,,322,,,255
2017-02-08 04:00:00,261,,206,311,232,120,,,,320,,,209
2017-02-08 05:00:00,263,,189,315,268,192,,,,276,,,246
2017-02-08 06:00:00,249,,183,312,275,309,,,,302,,,248
2017-02-08 07:00:00,264,,217,315,327,246,,,,301,,,253
2017-02-08 08:00:00,255,,249,318,271,24,,,,322,,,260
2017-02-08 09:00:00,24,,242,311,266,349,,,,324,,,241
2017-02-08 10:00:00,103,,243,308,306,112,,,,309,,,137
2017-02-08 11:00:00,27,,248,314,314,23,,,,324,,,86
2017-02-08 12:00:00,120,,261,319,320,,,,,322,,,83
2017-02-08 13:00:00,137,,284,25,316,21,,,,346,,,95
2017-02-08 14:00:00,49,,280,49,328,15,,,,,,,110
2017-02-08 15:00:00,115,,307,96,338,49,,,,355,,,108
2017-02-08 16:00:00,132,,337,92,355,46,,,,91,,,118
2017-02-08 17:00:00,124,,41,67,112,38,,,,113,,,131
2017-02-08 18:00:00,112,,24,49,120,45,,,,157,,,75
2017-02-08 19:00:00,67,,248,47,112,129,,,,230,,,60
2017-02-08 20:00:00,268,,194,44,114,240,,,,252,,,121
2017-02-08 21:00:00,266,,226,23,109,228,,,,255,,,123
2017-02-08 22:00:00,250,,221,39,111,153,,,,268,,,120
2017-02-08 23:00:00,252,,218,32,81,195,,,,260,,,109
2017-02-09 00:00:00,299,,233,26,92,184,,,,189,,,97
2017-02-09 01:00:00,320,,278,3,116,275,,,,221,,,98
2017-02-09 02:00:00,343,,273,12,122,282,,,,283,,,104
2017-02-09 03:00:00,19,,268,348,127,273,,,,293,,,92
2017-02-09 04:00:00,166,,262,266,151,216,,,,310,,,113
2017-02-09 05:00:00,105,,241,195,38,64,,,,304,,,116
2017-02-09 06:00:00,103,,222,141,62,141,,,,308,,,100
2017-02-09 07:00:00,139,,217,169,83,270,,,,319,,,108
2017-02-09 08:00:00,101,,241,257,35,233,,,,178,,,99
2017-02-09 09:00:00,69,,276,239,90,46,,,,179,,,104
2017-02-09 10:00:00,64,,295,178,89,69,,,,176,,,77
2017-02-09 11:00:00,63,,349,244,93,72,,,,165,,,76
2017-02-09 12:00:00,58,,73,80,98,67,,,,140,,,80
2017-02-09 13:00:00,83,,67,70,102,99,,,,135,,,70
2017-02-09 14:00:00,68,,77,103,99,96,,,,145,,,72
2017-02-09 15:00:00,65,,80,106,99,97,,,,145,,,53
2017-02-09 16:00:00,114,,87,108,104,111,,,,149,,,65
2017-02-09 17:00:00,142,,77,102,95,108,,,,129,,,81
2017-02-09 18:00:00,139,,63,101,102,101,,,,127,,,71
2017-02-09 19:00:00,123,,57,103,99,97,,,,155,,,70
2017-02-09 20:00:00,88,,78,101,109,101,,,,201,,,73
2017-02-09 21:00:00,74,,84,103,123,165,,,,203,,,74
2017-02-09 22:00:00,92,,57,109,168,184,,,,170,,,83
2017-02-09 23:00:00,89,,40,112,196,96,,,,118,,,108
2017-02-10 00:00:00,85,,63,107,146,110,,,,182,,,99
2017-02-10 01:00:00,81,,77,94,148,110,,,,174,,,122
2017-02-10 02:00:00,62,,72,111,150,97,,,,170,,,111
2017-02-10 03:00:00,43,,66,136,178,104,,,,169,,,117
2017-02-10 04:00:00,327,,84,166,76,110,,,,198,,,152
2017-02-10 05:00:00,269,,73,237,308,142,,,,173,,,209
2017-02-10 06:00:00,259,,95,290,255,143,,,,246,,,235
2017-02-10 07:00:00,253,,349,302,243,232,,,,49,,,248
2017-02-10 08:00:00,249,,325,322,272,244,,,,43,,,243
2017-02-10 09:00:00,343,,303,300,334,84,,,,43,,,182
2017-02-10 10:00:00,37,,337,202,86,109,,,,89,,,106
2017-02-10 11:00:00,50,,68,151,66,102,,,,111,,,81
2017-02-10 12:00:00,52,,44,150,69,86,,,,110,,,83
2017-02-10 13:00:00,57,,44,133,75,99,,,,112,,,77
2017-02-10 14:00:00,65,,41,136,84,93,,,,102,,,74
2017-02-10 15:00:00,66,,42,141,85,101,,,,112,,,71
2017-02-10 16:00:00,64,,52,144,97,104,,,,119,,,74
2017-02-10 17:00:00,61,,54,137,99,106,,,,121,,,
2017-02-10 18:00:00,59,,42,131,112,103,,,,112,,,
2017-02-10 19:00:00,69,,34,110,112,141,,,,133,,,
2017-02-10 20:00:00,59,,26,156,111,212,,,,216,,,
2017-02-10 21:00:00,38,,349,232,200,252,,,,250,,,
2017-02-10 22:00:00,278,,234,278,215,212,,,,277,,,
2017-02-10 23:00:00,237,,225,290,315,196,,,,265,,,
2017-02-11 00:00:00,235,,223,303,280,252,,,,299,,,
2017-02-11 01:00:00,247,,242,319,272,235,,,,317,,,
2017-02-11 02:00:00,275,,264,319,248,261,,,,326,,,
2017-02-11 03:00:00,241,,239,307,249,294,,,,338,,,
2017-02-11 04:00:00,304,,247,309,249,273,,,,316,,,
2017-02-11 05:00:00,283,,242,310,269,117,,,,284,,,
2017-02-11 06:00:00,280,,249,320,275,11,,,,262,,,
2017-02-11 07:00:00,291,,241,298,277,208,,,,305,,,
2017-02-11 08:00:00,180,,229,314,280,159,,,,301,,,191
2017-02-11 09:00:00,124,,254,282,305,54,,,,344,,,103
2017-02-11 10:00:00,96,,334,278,331,106,,,,2,,,70
2017-02-11 11:00:00,103,,7,161,332,130,,,,80,,,81
2017-02-11 12:00:00,107,,46,135,51,130,,,,160,,,87
2017-02-11 13:00:00,86,,23,144,95,92,,,,158,,,80
2017-02-11 14:00:00,68,,59,126,101,103,,,,146,,,78
2017-02-11 15:00:00,62,,66,97,97,102,,,,121,,,70
2017-02-11 16:00:00,65,,56,86,102,99,,,,135,,,62
2017-02-11 17:00:00,71,,69,109,114,104,,,,141,,,59
2017-02-11 18:00:00,82,,75,94,108,129,,,,129,,,62
2017-02-11 19:00:00,67,,60,85,134,208,,,,183,,,83
2017-02-11 20:00:00,353,,86,107,173,226,,,,244,,,122
2017-02-11 21:00:00,278,,26,262,179,284,,,,113,,,155
2017-02-11 22:00:00,346,,15,265,160,38,,,,115,,,183
2017-02-11 23:00:00,346,,23,274,152,56,,,,107,,,152
2017-02-12 00:00:00,324,,23,293,114,25,,,,11,,,112
2017-02-12 01:00:00,253,,9,263,86,276,,,,348,,,215
2017-02-12 02:00:00,221,,27,284,279,226,,,,354,,,198
2017-02-12 03:00:00,262,,82,311,242,282,,,,298,,,144
2017-02-12 04:00:00,320,,39,307,254,269,,,,237,,,154
2017-02-12 05:00:00,283,,5,315,279,238,,,,298,,,128
2017-02-12 06:00:00,333,,5,296,242,292,,,,336,,,161
2017-02-12 07:00:00,275,,248,300,264,283,,,,324,,,235
2017-02-12 08:00:00,303,,235,329,308,298,,,,332,,,253
2017-02-12 09:00:00,340,,282,317,59,299,,,,,,,249
2017-02-12 10:00:00,2,,320,295,50,32,,,,349,,,94
2017-02-12 11:00:00,28,,22,173,69,86,,,,124,,,84
2017-02-12 12:00:00,47,,32,160,96,98,,,,117,,,77
2017-02-12 13:00:00,67,,38,140,89,80,,,,106,,,84
2017-02-12 14:00:00,68,,79,73,105,80,,,,151,,,75
2017-02-12 15:00:00,68,,79,92,104,93,,,,137,,,74
2017-02-12 16:00:00,97,,64,108,104,102,,,,125,,,68
2017-02-12 17:00:00,107,,38,98,106,85,,,,76,,,88
2017-02-12 18:00:00,112,,18,91,104,84,,,,68,,,85
2017-02-12 19:00:00,93,,347,79,102,88,,,,33,,,96
2017-02-12 20:00:00,103,,24,82,105,106,,,,92,,,102
2017-02-12 21:00:00,97,,39,94,94,91,,,,108,,,63
2017-02-12 22:00:00,99,,49,96,94,90,,,,110,,,60
2017-02-12 23:00:00,90,,37,96,99,84,,,,105,,,61
2017-02-13 00:00:00,86,,33,95,96,84,,,,100,,,60
2017-02-13 01:00:00,71,,31,95,88,84,,,,100,,,55
2017-02-13 02:00:00,80,,33,95,88,80,,,,108,,,56
2017-02-13 03:00:00,62,,49,98,81,79,,,,118,,,55
2017-02-13 04:00:00,43,,39,103,90,78,,,,105,,,59
2017-02-13 05:00:00,75,,46,97,96,83,,,,107,,,74
2017-02-13 06:00:00,71,,52,94,90,83,,,,104,,,77
2017-02-13 07:00:00,85,,37,92,90,85,,,,106,,,79
2017-02-13 08:00:00,85,,39,99,97,86,,,,100,,,70
2017-02-13 09:00:00,72,,50,108,104,83,,,,108,,,54
2017-02-13 10:00:00,62,,62,102,98,87,,,,110,,,61
2017-02-13 11:00:00,79,,73,100,90,91,,,,143,,,61
2017-02-13 12:00:00,69,,83,106,91,94,,,,149,,,70
2017-02-13 13:00:00,67,,91,111,94,99,,,,183,,,69
2017-02-13 14:00:00,146,,360,105,95,111,,,,164,,,83
2017-02-13 15:00:00,147,,75,107,86,112,,,,142,,,81
2017-02-13 16:00:00,144,,101,107,95,107,,,,159,,,72
2017-02-13 17:00:00,142,,120,107,97,108,,,,159,,,70
2017-02-13 18:00:00,138,,117,104,101,101,,,,139,,,70
2017-02-13 19:00:00,137,,73,107,96,94,,,,122,,,70
2017-02-13 20:00:00,101,,14,94,90,96,,,,110,,,65
2017-02-13 21:00:00,78,,54,88,81,91,,,,121,,,56
2017-02-13 22:00:00,69,,49,87,90,95,,,,115,,,66
2017-02-13 23:00:00,52,,41,90,87,94,,,,108,,,83
2017-02-14 00:00:00,53,,28,127,121,95,,,,90,,,104
2017-02-14 01:00:00,67,,39,274,100,97,,,,21,,,119
2017-02-14 02:00:00,71,,77,184,36,86,,,,87,,,115
2017-02-14 03:00:00,50,,127,224,222,60,,,,283,,,147
2017-02-14 04:00:00,46,,284,314,188,22,,,,334,,,142
2017-02-14 05:00:00,16,,272,253,132,15,,,,327,,,147
2017-02-14 06:00:00,50,,274,216,211,54,,,,346,,,99
2017-02-14 07:00:00,95,,265,151,62,233,,,,323,,,72
2017-02-14 08:00:00,88,,246,135,85,73,,,,325,,,84
2017-02-14 09:00:00,92,,231,160,78,102,,,,339,,,82
2017-02-14 10:00:00,75,,227,176,51,88,,,,344,,,91
2017-02-14 11:00:00,115,,215,186,172,136,,,,345,,,92
2017-02-14 12:00:00,91,,227,226,114,39,,,,352,,,100
2017-02-14 13:00:00,85,,218,59,125,31,,,,11,,,108
2017-02-14 14:00:00,97,,218,103,110,86,,,,320,,,109
2017-02-14 15:00:00,115,,211,87,103,76,,,,317,,,98
2017-02-14 16:00:00,79,,208,95,107,49,,,,115,,,96
2017-02-14 17:00:00,53,,208,75,103,46,,,,151,,,96
2017-02-14 18:00:00,54,,190,37,95,20,,,,172,,,59
2017-02-14 19:00:00,9,,194,37,108,22,,,,153,,,59
2017-02-14 20:00:00,2,,216,38,107,24,,,,146,,,48
2017-02-14 21:00:00,13,,215,39,104,28,,,,332,,,77
2017-02-14 22:00:00,32,,214,32,105,26,,,,345,,,91
2017-02-14 23:00:00,50,,210,41,122,58,,,,322,,,91
2017-02-15 00:00:00,55,,201,36,104,38,,,,319,,,83
2017-02-15 01:00:00,44,,198,41,101,34,,,,322,,,87
2017-02-15 02:00:00,38,,199,51,109,50,,,,335,,,86
2017-02-15 03:00:00,58,,197,53,103,56,,,,331,,,88
2017-02-15 04:00:00,53,,199,52,94,59,,,,323,,,92
2017-02-15 05:00:00,52,,200,29,87,61,,,,326,,,98
2017-02-15 06:00:00,48,,201,31,94,74,,,,325,,,85
2017-02-15 07:00:00,78,,200,87,88,100,,,,332,,,78
2017-02-15 08:00:00,90,,205,205,94,108,,,,336,,,86
2017-02-15 09:00:00,69,,201,158,88,117,,,,332,,,78
2017-02-15 10:00:00,31,,195,344,337,20,,,,338,,,121
2017-02-15 11:00:00,82,,190,343,308,287,,,,340,,,77
2017-02-15 12:00:00,250,,198,39,304,228,,,,339,,,71
2017-02-15 13:00:00,196,,207,247,294,91,,,,348,,,79
2017-02-15 14:00:00,139,,200,109,58,53,,,,348,,,87
2017-02-15 15:00:00,83,,217,44,88,47,,,,345,,,94
2017-02-15 16:00:00,52,,213,79,111,76,,,,24,,,73
2017-02-15 17:00:00,76,,228,62,110,51,,,,54,,,70
2017-02-15 18:00:00,49,,202,56,102,38,,,,75,,,64
2017-02-15 19:00:00,97,,221,41,105,324,,,,128,,,82
2017-02-15 20:00:00,67,,345,51,110,152,,,,199,,,61
2017-02-15 21:00:00,125,,5,67,98,38,,,,202,,,47
2017-02-15 22:00:00,136,,10,97,102,336,,,,193,,,65
2017-02-15 23:00:00,134,,5,118,110,296,,,,196,,,75
2017-02-16 00:00:00,142,,357,123,108,263,,,,194,,,75
2017-02-16 01:00:00,133,,329,116,105,271,,,,171,,,119
2017-02-16 02:00:00,141,,322,118,108,324,,,,57,,,123
2017-02-16 03:00:00,119,,322,108,96,352,,,,41,,,85
2017-02-16 04:00:00,38,,41,129,91,289,,,,23,,,74
2017-02-16 05:00:00,47,,85,151,135,344,,,,12,,,118
2017-02-16 06:00:00,93,,85,193,188,325,,,,349,,,121
2017-02-16 07:00:00,78,,86,284,200,32,,,,339,,,117
2017-02-16 08:00:00,63,,72,92,123,83,,,,180,,,99
2017-02-16 09:00:00,77,,341,113,105,115,,,,154,,,67
2017-02-16 10:00:00,96,,345,105,93,99,,,,132,,,68
2017-02-16 11:00:00,105,,352,104,88,102,,,,132,,,67
2017-02-16 12:00:00,92,,343,97,84,94,,,,122,,,58
2017-02-16 13:00:00,72,,351,95,85,91,,,,139,,,41
2017-02-16 14:00:00,71,,355,99,88,95,,,,127,,,47
2017-02-16 15:00:00,125,,352,96,88,106,,,,139,,,68
2017-02-16 16:00:00,134,,349,98,90,97,,,,128,,,
2017-02-16 17:00:00,111,,354,105,86,96,,,,165,,,
2017-02-16 18:00:00,151,,351,112,85,113,,,,162,,,
2017-02-16 19:00:00,163,,5,136,111,148,,,,205,,,
2017-02-16 20:00:00,260,,7,105,120,158,,,,98,,,
2017-02-16 21:00:00,236,,340,20,161,323,,,,123,,,
2017-02-16 22:00:00,211,,350,236,237,240,,,,141,,,
2017-02-16 23:00:00,238,,344,276,245,280,,,,116,,,
2017-02-17 00:00:00,233,,336,308,321,209,,,,188,,,
2017-02-17 01:00:00,252,,339,278,286,302,,,,37,,,
2017-02-17 02:00:00,247,,45,303,262,282,,,,305,,,
2017-02-17 03:00:00,275,,60,300,262,276,,,,338,,,
2017-02-17 04:00:00,230,,67,262,190,240,,,,15,,,
2017-02-17 05:00:00,235,,350,94,172,293,,,,230,,,
2017-02-17 06:00:00,214,,19,288,144,229,,,,250,,,
2017-02-17 07:00:00,257,,35,301,251,190,,,,8,,,
2017-02-17 08:00:00,274,,13,289,302,143,,,,323,,,84
2017-02-17 09:00:00,122,,62,147,315,95,,,,298,,,95
2017-02-17 10:00:00,101,,60,133,300,97,,,,255,,,78
2017-02-17 11:00:00,93,,57,138,300,139,,,,181,,,81
2017-02-17 12:00:00,102,,46,132,309,141,,,,179,,,86
2017-02-17 13:00:00,117,,38,288,306,273,,,,151,,,95
2017-02-17 14:00:00,159,,34,299,310,284,,,,157,,,87
2017-02-17 15:00:00,132,,16,296,306,291,,,,169,,,112
2017-02-17 16:00:00,332,,8,299,319,279,,,,178,,,119
2017-02-17 17:00:00,48,,354,300,313,318,,,,160,,,138
2017-02-17 18:00:00,141,,352,270,315,145,,,,176,,,129
2017-02-17 19:00:00,153,,358,121,300,129,,,,211,,,117
2017-02-17 20:00:00,182,,,103,205,190,,,,220,,,129
2017-02-17 21:00:00,244,,24,115,169,293,,,,253,,,252
2017-02-17 22:00:00,210,,124,277,255,221,,,,254,,,248
2017-02-17 23:00:00,221,,259,283,245,221,,,,305,,,180
2017-02-18 00:00:00,233,,269,288,267,279,,,,293,,,234
2017-02-18 01:00:00,236,,164,290,265,313,,,,318,,,211
2017-02-18 02:00:00,247,,165,313,275,291,,,,300,,,205
2017-02-18 03:00:00,246,,149,283,236,270,,,,312,,,239
2017-02-18 04:00:00,277,,141,286,231,242,,,,333,,,251
2017-02-18 05:00:00,232,,137,279,265,294,,,,340,,,215
2017-02-18 06:00:00,258,,139,322,257,236,,,,332,,,231
2017-02-18 07:00:00,251,,143,313,266,127,,,,306,,,259
2017-02-18 08:00:00,290,,147,313,323,106,,,,305,,,271
2017-02-18 09:00:00,235,,156,317,320,120,,,,317,,,266
2017-02-18 10:00:00,348,,157,321,333,63,,,,327,,,211
2017-02-18 11:00:00,337,,160,319,341,52,,,,324,,,169
2017-02-18 12:00:00,13,,204,315,67,19,,,,336,,,93
2017-02-18 13:00:00,72,,265,108,83,97,,,,316,,,69
2017-02-18 14:00:00,87,,288,106,96,107,,,,98,,,66
2017-02-18 15:00:00,79,,309,106,96,105,,,,134,,,51
2017-02-18 16:00:00,94,,327,103,97,79,,,,133,,,68
2017-02-18 17:00:00,101,,1,104,106,98,,,,146,,,90
2017-02-18 18:00:00,144,,348,110,104,109,,,,152,,,88
2017-02-18 19:00:00,149,,353,117,126,172,,,,162,,,115
2017-02-18 20:00:00,339,,336,205,192,252,,,,154,,,144
2017-02-18 21:00:00,105,,333,103,153,100,,,,160,,,99
2017-02-18 22:00:00,84,,338,113,96,59,,,,102,,,116
2017-02-18 23:00:00,43,,301,139,147,67,,,,145,,,120
2017-02-19 00:00:00,24,,318,134,156,103,,,,76,,,109
2017-02-19 01:00:00,37,,333,144,139,102,,,,65,,,132
2017-02-19 02:00:00,140,,311,153,258,88,,,,43,,,186
2017-02-19 03:00:00,280,,307,263,219,23,,,,27,,,239
2017-02-19 04:00:00,254,,307,275,249,316,,,,29,,,230
2017-02-19 05:00:00,223,,308,285,247,294,,,,104,,,145
2017-02-19 06:00:00,244,,308,305,336,286,,,,233,,,185
2017-02-19 07:00:00,269,,75,311,282,272,,,,332,,,119
2017-02-19 08:00:00,111,,85,305,290,135,,,,275,,,124
2017-02-19 09:00:00,154,,76,142,295,105,,,,355,,,91
2017-02-19 10:00:00,137,,345,144,306,123,,,,,,,94
2017-02-19 11:00:00,125,,4,135,358,121,,,,199,,,91
2017-02-19 12:00:00,86,,359,150,97,107,,,,114,,,91
2017-02-19 13:00:00,92,,336,140,85,108,,,,165,,,81
2017-02-19 14:00:00,72,,284,120,106,123,,,,96,,,78
2017-02-19 15:00:00,68,,284,108,108,101,,,,110,,,73
2017-02-19 16:00:00,78,,291,90,120,99,,,,159,,,59
2017-02-19 17:00:00,53,,261,102,123,77,,,,247,,,43
2017-02-19 18:00:00,294,,155,280,346,249,,,,301,,,226
2017-02-19 19:00:00,209,,173,288,242,290,,,,345,,,163
2017-02-19 20:00:00,48,,190,193,283,81,,,,341,,,110
2017-02-19 21:00:00,146,,159,310,285,47,,,,323,,,218
2017-02-19 22:00:00,162,,143,21,266,111,,,,334,,,241
2017-02-19 23:00:00,161,,69,176,252,47,,,,299,,,212
2017-02-20 00:00:00,241,,63,172,293,330,,,,220,,,213
2017-02-20 01:00:00,273,,144,319,296,282,,,,54,,,260
2017-02-20 02:00:00,97,,150,290,287,86,,,,333,,,141
2017-02-20 03:00:00,83,,161,193,295,107,,,,319,,,87
2017-02-20 04:00:00,121,,165,137,282,183,,,,317,,,77
2017-02-20 05:00:00,141,,156,190,287,298,,,,317,,,63
2017-02-20 06:00:00,236,,143,309,289,278,,,,339,,,289
2017-02-20 07:00:00,308,,141,311,297,271,,,,352,,,277
2017-02-20 08:00:00,300,,139,305,282,271,,,,351,,,285
2017-02-20 09:00:00,307,,116,299,279,263,,,,343,,,277
2017-02-20 10:00:00,308,,142,291,290,262,,,,325,,,277
2017-02-20 11:00:00,317,,169,291,289,257,,,,317,,,289
2017-02-20 12:00:00,324,,141,292,297,270,,,,319,,,291
2017-02-20 13:00:00,320,,116,292,282,274,,,,323,,,290
2017-02-20 14:00:00,322,,88,292,292,269,,,,323,,,276
2017-02-20 15:00:00,323,,111,289,299,273,,,,327,,,272
2017-02-20 16:00:00,318,,112,289,292,271,,,,324,,,275
2017-02-20 17:00:00,296,,109,279,290,256,,,,322,,,276
2017-02-20 18:00:00,286,,93,267,268,251,,,,307,,,266
2017-02-20 19:00:00,284,,60,267,274,254,,,,202,,,262
2017-02-20 20:00:00,255,,340,314,292,242,,,,205,,,256
2017-02-20 21:00:00,290,,360,324,277,262,,,,234,,,229
2017-02-20 22:00:00,311,,4,308,290,289,,,,268,,,231
2017-02-20 23:00:00,284,,159,295,288,285,,,,297,,,226
2017-02-21 00:00:00,236,,137,330,278,275,,,,223,,,232
2017-02-21 01:00:00,309,,119,321,274,262,,,,280,,,242
2017-02-21 02:00:00,272,,125,323,295,267,,,,330,,,262
2017-02-21 03:00:00,263,,115,327,325,266,,,,219,,,249
2017-02-21 04:00:00,230,,114,314,279,306,,,,282,,,232
2017-02-21 05:00:00,278,,109,303,313,310,,,,334,,,233
2017-02-21 06:00:00,255,,119,322,332,271,,,,8,,,226
2017-02-21 07:00:00,238,,127,326,344,247,,,,300,,,224
2017-02-21 08:00:00,274,,130,325,306,274,,,,325,,,253
2017-02-21 09:00:00,343,,130,305,276,302,,,,314,,,267
2017-02-21 10:00:00,284,,135,281,299,350,,,,306,,,280
2017-02-21 11:00:00,319,,139,290,293,275,,,,337,,,283
2017-02-21 12:00:00,329,,140,290,324,243,,,,333,,,294
2017-02-21 13:00:00,333,,129,287,325,252,,,,324,,,300
2017-02-21 14:00:00,340,,148,302,325,271,,,,337,,,300
2017-02-21 15:00:00,337,,163,296,325,330,,,,337,,,308
2017-02-21 16:00:00,325,,162,279,322,315,,,,359,,,291
2017-02-21 17:00:00,327,,159,289,319,310,,,,4,,,287
2017-02-21 18:00:00,311,,155,298,317,292,,,,359,,,264
2017-02-21 19:00:00,201,,147,298,306,262,,,,245,,,217
2017-02-21 20:00:00,219,,92,322,320,253,,,,262,,,230
2017-02-21 21:00:00,240,,100,328,340,253,,,,282,,,254
2017-02-21 22:00:00,244,,117,330,335,260,,,,287,,,261
2017-02-21 23:00:00,272,,121,338,318,260,,,,292,,,267
2017-02-22 00:00:00,258,,116,330,325,255,,,,301,,,273
2017-02-22 01:00:00,292,,110,329,313,253,,,,321,,,271
2017-02-22 02:00:00,253,,97,340,302,251,,,,299,,,262
2017-02-22 03:00:00,254,,119,337,309,248,,,,305,,,262
2017-02-22 04:00:00,262,,113,341,288,238,,,,279,,,274
2017-02-22 05:00:00,251,,109,290,334,238,,,,281,,,278
2017-02-22 06:00:00,287,,106,318,294,237,,,,303,,,278
2017-02-22 07:00:00,264,,100,307,293,244,,,,295,,,279
2017-02-22 08:00:00,49,,120,325,304,250,,,,306,,,272
2017-02-22 09:00:00,277,,122,332,314,239,,,,323,,,265
2017-02-22 10:00:00,40,,128,301,319,280,,,,299,,,241
2017-02-22 11:00:00,99,,135,292,331,346,,,,310,,,158
2017-02-22 12:00:00,199,,149,285,336,3,,,,322,,,81
2017-02-22 13:00:00,88,,176,279,328,9,,,,302,,,91
2017-02-22 14:00:00,130,,177,275,320,16,,,,354,,,103
2017-02-22 15:00:00,138,,154,170,327,59,,,,244,,,96
2017-02-22 16:00:00,132,,192,131,327,38,,,,280,,,98
2017-02-22 17:00:00,147,,285,141,99,88,,,,172,,,125
2017-02-22 18:00:00,174,,314,132,169,159,,,,166,,,107
2017-02-22 19:00:00,137,,311,104,354,131,,,,132,,,125
2017-02-22 20:00:00,30,,325,108,183,140,,,,190,,,152
2017-02-22 21:00:00,287,,330,122,173,140,,,,251,,,214
2017-02-22 22:00:00,258,,315,190,210,306,,,,271,,,202
2017-02-22 23:00:00,257,,263,277,216,281,,,,290,,,209
2017-02-23 00:00:00,248,,171,287,209,291,,,,307,,,235
2017-02-23 01:00:00,257,,115,318,272,284,,,,329,,,218
2017-02-23 02:00:00,234,,128,306,265,303,,,,311,,,197
2017-02-23 03:00:00,5,,114,316,243,315,,,,338,,,169
2017-02-23 04:00:00,272,,107,310,243,268,,,,330,,,247
2017-02-23 05:00:00,282,,113,321,254,38,,,,322,,,208
2017-02-23 06:00:00,316,,130,322,256,212,,,,277,,,230
2017-02-23 07:00:00,255,,123,319,271,88,,,,287,,,220
2017-02-23 08:00:00,256,,122,325,324,79,,,,275,,,187
2017-02-23 09:00:00,274,,126,330,334,71,,,,343,,,257
2017-02-23 10:00:00,45,,122,340,332,128,,,,92,,,298
2017-02-23 11:00:00,53,,95,131,325,139,,,,127,,,76
2017-02-23 12:00:00,113,,8,152,318,139,,,,61,,,73
2017-02-23 13:00:00,58,,155,90,,60,,,,187,,,71
2017-02-23 14:00:00,83,,307,206,318,74,,,,269,,,76
2017-02-23 15:00:00,132,,10,126,355,107,,,,132,,,95
2017-02-23 16:00:00,122,,337,127,360,117,,,,142,,,106
2017-02-23 17:00:00,144,,328,106,37,147,,,,143,,,126
2017-02-23 18:00:00,261,,338,127,134,169,,,,209,,,146
2017-02-23 19:00:00,256,,354,130,231,223,,,,246,,,215
2017-02-23 20:00:00,234,,61,296,251,271,,,,283,,,234
2017-02-23 21:00:00,230,,113,307,279,258,,,,322,,,262
2017-02-23 22:00:00,271,,205,329,39,250,,,,3,,,272
2017-02-23 23:00:00,238,,157,275,344,281,,,,296,,,278
2017-02-24 00:00:00,273,,115,266,349,332,,,,309,,,290
2017-02-24 01:00:00,263,,114,272,178,277,,,,2,,,312
2017-02-24 02:00:00,233,,104,302,262,285,,,,305,,,282
2017-02-24 03:00:00,254,,127,317,272,238,,,,340,,,270
2017-02-24 04:00:00,256,,129,295,262,256,,,,348,,,279
2017-02-24 05:00:00,273,,132,293,303,254,,,,310,,,279
2017-02-24 06:00:00,280,,120,289,299,256,,,,308,,,278
2017-02-24 07:00:00,280,,150,299,301,262,,,,331,,,274
2017-02-24 08:00:00,307,,137,295,284,264,,,,352,,,298
2017-02-24 09:00:00,310,,120,303,280,261,,,,323,,,276
2017-02-24 10:00:00,325,,141,286,293,277,,,,324,,,279
2017-02-24 11:00:00,312,,147,287,304,292,,,,334,,,267
2017-02-24 12:00:00,325,,158,301,310,277,,,,328,,,280
2017-02-24 13:00:00,326,,156,297,290,284,,,,331,,,289
2017-02-24 14:00:00,322,,151,290,287,266,,,,338,,,285
2017-02-24 15:00:00,325,,156,290,290,279,,,,327,,,286
2017-02-24 16:00:00,327,,194,295,294,276,,,,15,,,284
2017-02-24 17:00:00,40,,242,321,297,28,,,,105,,,314
2017-02-24 18:00:00,119,,314,97,272,87,,,,113,,,62
2017-02-24 19:00:00,114,,315,100,109,104,,,,142,,,63
2017-02-24 20:00:00,113,,327,108,109,112,,,,243,,,67
2017-02-24 21:00:00,127,,331,105,105,127,,,,210,,,77
2017-02-24 22:00:00,112,,328,109,191,134,,,,207,,,114
2017-02-24 23:00:00,113,,320,101,133,113,,,,188,,,113
2017-02-25 00:00:00,86,,309,94,148,129,,,,141,,,97
2017-02-25 01:00:00,127,,322,100,104,110,,,,167,,,64
2017-02-25 02:00:00,133,,324,108,93,108,,,,134,,,61
2017-02-25 03:00:00,101,,321,103,90,101,,,,131,,,58
2017-02-25 04:00:00,115,,340,100,89,102,,,,118,,,54
2017-02-25 05:00:00,131,,343,94,92,82,,,,147,,,58
2017-02-25 06:00:00,70,,344,72,90,98,,,,149,,,56
2017-02-25 07:00:00,67,,347,83,98,134,,,,129,,,83
2017-02-25 08:00:00,80,,356,107,102,62,,,,176,,,74
2017-02-25 09:00:00,88,,15,79,91,24,,,,133,,,62
2017-02-25 10:00:00,73,,24,101,96,57,,,,142,,,60
2017-02-25 11:00:00,89,,24,81,99,91,,,,176,,,61
2017-02-25 12:00:00,88,,24,96,97,104,,,,163,,,50
2017-02-25 13:00:00,68,,23,94,97,91,,,,169,,,43
2017-02-25 14:00:00,100,,20,106,94,101,,,,185,,,41
2017-02-25 15:00:00,133,,20,100,94,91,,,,186,,,66
2017-02-25 16:00:00,140,,20,107,93,105,,,,204,,,64
2017-02-25 17:00:00,136,,,109,96,112,,,,207,,,62
2017-02-25 18:00:00,143,,,111,96,117,,,,206,,,58
2017-02-25 19:00:00,148,,,118,97,119,,,,202,,,62
2017-02-25 20:00:00,146,,,118,89,113,,,,180,,,69
2017-02-25 21:00:00,147,,,114,90,116,,,,161,,,74
2017-02-25 22:00:00,148,,19,116,98,106,,,,133,,,71
2017-02-25 23:00:00,149,,13,106,97,99,,,,133,,,69
2017-02-26 00:00:00,135,,,102,87,81,,,,156,,,64
2017-02-26 01:00:00,138,,,94,91,76,,,,120,,,59
2017-02-26 02:00:00,81,,,69,95,66,,,,94,,,63
2017-02-26 03:00:00,56,,,115,129,83,,,,56,,,79
2017-02-26 04:00:00,56,,,268,165,115,,,,331,,,95
2017-02-26 05:00:00,90,,,230,92,107,,,,345,,,104
2017-02-26 06:00:00,96,,,205,94,91,,,,177,,,151
2017-02-26 07:00:00,55,,,347,14,93,,,,221,,,170
2017-02-26 08:00:00,94,,,319,318,4,,,,266,,,244
2017-02-26 09:00:00,339,,,268,11,48,,,,11,,,302
2017-02-26 10:00:00,43,,,150,51,89,,,,101,,,78
2017-02-26 11:00:00,40,,,151,38,84,,,,86,,,75
2017-02-26 12:00:00,52,,,130,73,93,,,,83,,,68
2017-02-26 13:00:00,63,,,129,82,83,,,,115,,,70
2017-02-26 14:00:00,73,,,140,90,108,,,,113,,,72
2017-02-26 15:00:00,77,,,121,95,101,,,,130,,,73
2017-02-26 16:00:00,66,,,110,102,97,,,,131,,,71
2017-02-26 17:00:00,129,,,103,98,102,,,,157,,,61
2017-02-26 18:00:00,149,,,104,102,115,,,,184,,,71
2017-02-26 19:00:00,147,,,116,104,242,,,,201,,,150
2017-02-26 20:00:00,165,,,95,187,275,,,,163,,,172
2017-02-26 21:00:00,157,,,115,219,254,,,,133,,,195
2017-02-26 22:00:00,55,,,103,230,144,,,,120,,,190
2017-02-26 23:00:00,358,,,150,180,96,,,,125,,,246
2017-02-27 00:00:00,24,,,325,153,112,,,12,129,,,138
2017-02-27 01:00:00,18,,,191,83,114,,,14,184,,,159
2017-02-27 02:00:00,277,,,166,286,94,,,22,349,,,217
2017-02-27 03:00:00,257,,,289,281,301,,,42,3,,,228
2017-02-27 04:00:00,299,,,288,190,309,,,57,357,,,241
2017-02-27 05:00:00,272,,,301,260,306,,,50,353,,,239
2017-02-27 06:00:00,232,,,314,281,315,,,50,334,,,247
2017-02-27 07:00:00,237,,,305,286,38,,,50,341,,,275
2017-02-27 08:00:00,34,,,319,328,356,,,46,342,,,279
2017-02-27 09:00:00,61,,,347,334,9,,,46,341,,,244
2017-02-27 10:00:00,3,,,297,320,,,,44,333,,,249
2017-02-27 11:00:00,339,,,288,323,327,,,42,345,,,295
2017-02-27 12:00:00,339,,,285,335,277,,,42,356,,,320
2017-02-27 13:00:00,18,,,292,346,330,,,22,348,,,51
2017-02-27 14:00:00,52,,280,76,356,83,,,23,95,,,104
2017-02-27 15:00:00,96,,290,110,27,106,,,22,136,,,90
2017-02-27 16:00:00,97,,319,109,100,116,,,18,134,,,69
2017-02-27 17:00:00,133,,315,108,96,116,,,18,127,,,101
2017-02-27 18:00:00,126,,295,108,87,111,,,17,131,,,56
2017-02-27 19:00:00,120,,318,105,92,101,,,16,189,,,58
2017-02-27 20:00:00,94,,318,105,90,110,,,18,193,,,110
2017-02-27 21:00:00,130,,323,106,155,122,,,15,173,,,127
2017-02-27 22:00:00,113,,313,119,195,133,,,21,119,,,138
2017-02-27 23:00:00,352,,281,142,195,76,,,20,119,,,151
2017-02-28 00:00:00,19,,279,265,184,95,,,10,162,,,129
2017-02-28 01:00:00,33,,287,132,107,110,,,13,110,,,116
2017-02-28 02:00:00,10,,325,282,36,2,,,16,102,,,162
2017-02-28 03:00:00,239,,269,287,269,339,,,26,70,,,228
2017-02-28 04:00:00,280,,260,297,279,295,,,37,339,,,199
2017-02-28 05:00:00,302,,201,288,149,304,,,60,20,,,223
2017-02-28 06:00:00,295,,119,297,203,314,,,50,359,,,252
2017-02-28 07:00:00,51,,107,292,118,107,,,50,339,,,278
2017-02-28 08:00:00,292,,118,134,158,144,,,59,299,,,110
2017-02-28 09:00:00,70,,173,125,275,41,,,46,3,,,269
2017-02-28 10:00:00,67,,182,305,298,317,,,28,29,,,79
2017-02-28 11:00:00,95,,242,148,322,123,,,14,115,,,79
2017-02-28 12:00:00,98,,282,139,328,141,,,6,189,,,92
2017-02-28 13:00:00,92,,334,133,88,132,,,1,153,,,78
2017-02-28 14:00:00,85,,321,128,101,135,,,1,174,,,75
2017-02-28 15:00:00,98,,332,111,104,121,,,1,172,,,64
2017-02-28 16:00:00,138,,338,106,98,121,,,,163,,,81
2017-02-28 17:00:00,150,,334,109,111,115,,,,175,,,91
2017-02-28 18:00:00,156,,340,120,113,121,,,,200,,,85
2017-02-28 19:00:00,136,,321,131,100,122,,,,214,,,115
2017-02-28 20:00:00,140,,286,134,161,293,,,,144,,,147
2017-02-28 21:00:00,89,,266,101,187,278,,,,115,,,142
2017-02-28 22:00:00,12,,250,95,160,52,,,6,110,,,131
2017-02-28 23:00:00,343,,318,150,153,123,,,1,230,,,116
2017-03-01 00:00:00,315,,,283,258,317,,,,157,,,229
2017-03-01 01:00:00,315,,,285,263,252,,,,325,,,246
2017-03-01 02:00:00,234,,,287,263,290,,,,11,,,277
2017-03-01 03:00:00,247,,,304,304,300,,,,315,,,269
2017-03-01 04:00:00,256,,,297,329,282,,,,318,,,250
2017-03-01 05:00:00,242,,,317,319,240,,,,284,,,251
2017-03-01 06:00:00,235,,,341,316,190,,,,340,,,241
2017-03-01 07:00:00,238,,,340,306,317,,,,330,,,232
2017-03-01 08:00:00,297,,,313,315,323,,,,37,,,254
2017-03-01 09:00:00,314,,,350,312,32,,,,360,,,125
2017-03-01 10:00:00,34,,,23,306,9,,,,360,,,111
2017-03-01 11:00:00,25,,,23,288,5,,,,357,,,105
2017-03-01 12:00:00,17,,,26,278,8,,,,8,,,65
2017-03-01 13:00:00,15,,,29,102,7,,,,3,,,73
2017-03-01 14:00:00,21,,,32,109,15,,,,357,,,62
2017-03-01 15:00:00,40,,,38,105,36,,,,357,,,68
2017-03-01 16:00:00,54,,,67,108,42,,,,343,,,57
2017-03-01 17:00:00,25,,,43,107,32,,,,343,,,50
2017-03-01 18:00:00,26,,,41,99,27,,,,27,,,49
2017-03-01 19:00:00,19,,,34,117,48,,,,80,,,56
2017-03-01 20:00:00,26,,,35,121,137,,,,163,,,67
2017-03-01 21:00:00,30,,,35,116,259,,,,199,,,82
2017-03-01 22:00:00,36,,,37,105,217,,,,146,,,94
2017-03-01 23:00:00,40,,,41,100,42,,,,109,,,72
2017-03-02 00:00:00,101,,,31,93,27,,,,91,,,72
2017-03-02 01:00:00,119,,,41,99,25,,,,149,,,66
2017-03-02 02:00:00,86,,,50,103,52,,,,133,,,66
2017-03-02 03:00:00,44,,,46,94,18,,,,134,,,60
2017-03-02 04:00:00,6,,,30,105,23,,,,160,,,57
2017-03-02 05:00:00,9,,,27,102,28,,,,178,,,54
2017-03-02 06:00:00,12,,,29,107,72,,,,204,,,88
2017-03-02 07:00:00,17,,,32,113,106,,,,214,,,99
2017-03-02 08:00:00,31,,,33,114,24,,,,190,,,97
2017-03-02 09:00:00,29,,,43,106,20,,,,142,,,90
2017-03-02 10:00:00,49,,,55,97,53,,,,118,,,78
2017-03-02 11:00:00,83,,,95,94,87,,,,116,,,55
2017-03-02 12:00:00,66,,,96,89,103,,,,123,,,63
2017-03-02 13:00:00,70,,,102,83,92,,,,143,,,43
2017-03-02 14:00:00,78,,,105,95,94,,,,155,,,38
2017-03-02 15:00:00,82,,,105,98,99,,,,132,,,54
2017-03-02 16:00:00,92,,,107,103,100,,,,136,,,67
2017-03-02 17:00:00,103,,,106,99,102,,,,135,,,86
2017-03-02 18:00:00,112,,,116,110,111,,,,127,,,89
2017-03-02 19:00:00,116,,,119,100,107,,,,131,,,81
2017-03-02 20:00:00,112,,,107,106,96,,,,144,,,92
2017-03-02 21:00:00,150,,,108,111,107,,,,177,,,96
2017-03-02 22:00:00,149,,,113,110,104,,,,176,,,88
2017-03-02 23:00:00,135,,,108,111,95,,,,118,,,94
2017-03-03 00:00:00,97,,,108,100,94,,,,100,,,78
2017-03-03 01:00:00,93,,,96,88,96,,,,113,,,72
2017-03-03 02:00:00,104,,,98,83,103,,,,117,,,78
2017-03-03 03:00:00,95,,,101,85,94,,,,128,,,81
2017-03-03 04:00:00,107,,,110,84,97,,,,132,,,77
2017-03-03 05:00:00,130,,,107,88,86,,,,126,,,79
2017-03-03 06:00:00,122,,,101,89,91,,,,135,,,72
2017-03-03 07:00:00,121,,,95,86,87,,,,149,,,61
2017-03-03 08:00:00,79,,,104,87,82,,,,151,,,62
2017-03-03 09:00:00,63,,,93,82,78,,,,118,,,60
2017-03-03 10:00:00,65,,,100,86,80,,,,120,,,46
2017-03-03 11:00:00,67,,,98,83,80,,,,130,,,49
2017-03-03 12:00:00,73,,,99,82,81,,,,141,,,45
2017-03-03 13:00:00,84,,,100,98,91,,,,133,,,60
2017-03-03 14:00:00,89,,,104,95,87,,,,109,,,59
2017-03-03 15:00:00,112,,,97,84,82,,,,108,,,70
2017-03-03 16:00:00,93,,,103,93,85,,,,106,,,63
2017-03-03 17:00:00,94,,,103,93,83,,,,124,,,56
2017-03-03 18:00:00,98,,,92,90,82,,,,128,,,69
2017-03-03 19:00:00,102,,,104,95,83,,,,125,,,73
2017-03-03 20:00:00,129,,,105,98,85,,,,123,,,75
2017-03-03 21:00:00,124,,,98,96,91,,,,129,,,73
2017-03-03 22:00:00,115,,,99,92,80,,,,136,,,67
2017-03-03 23:00:00,107,,,99,92,94,,,,135,,,66
2017-03-04 00:00:00,103,,,101,87,89,,,,145,,,71
2017-03-04 01:00:00,114,,,103,83,100,,,,151,,,71
2017-03-04 02:00:00,85,,,107,84,112,,,,156,,,69
2017-03-04 03:00:00,66,,,94,88,90,,,,123,,,66
2017-03-04 04:00:00,72,,,142,92,51,,,,145,,,60
2017-03-04 05:00:00,45,,,216,113,44,,,,329,,,98
2017-03-04 06:00:00,35,,,253,95,9,,,,337,,,95
2017-03-04 07:00:00,10,,,265,53,346,,,,354,,,212
2017-03-04 08:00:00,313,,,299,12,341,,,,348,,,247
2017-03-04 09:00:00,339,,,303,301,339,,,,344,,,214
2017-03-04 10:00:00,337,,,326,329,353,,,,339,,,253
2017-03-04 11:00:00,220,,,322,332,5,,,,339,,,245
2017-03-04 12:00:00,104,,,212,81,95,,,,334,,,68
2017-03-04 13:00:00,4,,,318,329,359,,,,305,,,344
2017-03-04 14:00:00,51,,,284,319,175,,,,333,,,81
2017-03-04 15:00:00,41,,,262,304,173,,,,324,,,93
2017-03-04 16:00:00,200,,,219,142,77,,,,310,,,70
2017-03-04 17:00:00,176,,,110,,94,,,,325,,,4
2017-03-04 18:00:00,343,,,137,309,17,,,,132,,,87
2017-03-04 19:00:00,131,,,142,63,83,,,,189,,,85
2017-03-04 20:00:00,109,,,137,97,86,,,,148,,,90
2017-03-04 21:00:00,94,,,115,100,77,,,,129,,,88
2017-03-04 22:00:00,72,,,146,90,92,,,,43,,,118
2017-03-04 23:00:00,297,,,266,43,348,,,,6,,,197
2017-03-05 00:00:00,300,,,344,276,330,,,,11,,,268
2017-03-05 01:00:00,15,,,348,352,321,,,,4,,,
2017-03-05 02:00:00,76,,,308,245,341,,,,231,,,102
2017-03-05 03:00:00,252,,,278,351,36,,,,125,,,175
2017-03-05 04:00:00,52,,,313,214,114,,,,114,,,135
2017-03-05 05:00:00,98,,,162,259,110,,,,138,,,111
2017-03-05 06:00:00,88,,,150,205,75,,,,160,,,101
2017-03-05 07:00:00,99,,,141,197,61,,,,161,,,93
2017-03-05 08:00:00,95,,,95,80,50,,,,161,,,78
2017-03-05 09:00:00,74,,,138,46,85,,,,165,,,63
2017-03-05 10:00:00,96,,,121,64,106,,,,166,,,57
2017-03-05 11:00:00,98,,,123,62,136,,,,189,,,58
2017-03-05 12:00:00,89,,,143,69,91,,,,156,,,78
2017-03-05 13:00:00,58,,,162,69,82,,,,151,,,65
2017-03-05 14:00:00,64,,,146,73,86,,,,149,,,65
2017-03-05 15:00:00,53,,,128,85,102,,,,134,,,72
2017-03-05 16:00:00,55,,,103,92,91,,,,138,,,62
2017-03-05 17:00:00,129,,,99,95,91,,,,139,,,61
2017-03-05 18:00:00,121,,,100,90,95,,,,128,,,69
2017-03-05 19:00:00,96,,,101,95,89,,,,133,,,58
2017-03-05 20:00:00,99,,,95,98,247,,,,143,,,77
2017-03-05 21:00:00,104,,,103,132,32,,,,131,,,133
2017-03-05 22:00:00,5,,,225,203,264,,,,127,,,157
2017-03-05 23:00:00,352,,,231,200,248,,,,140,,,149
2017-03-06 00:00:00,356,,,267,189,268,,,,131,,,149
2017-03-06 01:00:00,341,,,268,169,110,,,,137,,,179
2017-03-06 02:00:00,331,,,312,174,89,,,,105,,,135
2017-03-06 03:00:00,1,,,263,145,310,,,,10,,,165
2017-03-06 04:00:00,194,,,279,314,143,,,,347,,,208
2017-03-06 05:00:00,321,,,303,19,203,,,,350,,,209
2017-03-06 06:00:00,301,,,316,296,257,,,,27,,,239
2017-03-06 07:00:00,294,,,291,158,278,,,,3,,,247
2017-03-06 08:00:00,311,,,275,192,303,,,,347,,,203
2017-03-06 09:00:00,3,,,340,22,289,,,,11,,,131
2017-03-06 10:00:00,37,,,51,339,84,,,,54,,,94
2017-03-06 11:00:00,50,,,118,58,91,,,,37,,,87
2017-03-06 12:00:00,77,,,144,85,88,,,,142,,,81
2017-03-06 13:00:00,77,,,147,84,93,,,,112,,,77
2017-03-06 14:00:00,79,,,134,86,97,,,,126,,,75
2017-03-06 15:00:00,79,,,115,92,95,,,,134,,,69
2017-03-06 16:00:00,81,,,103,100,86,,,,144,,,78
2017-03-06 17:00:00,139,,,105,98,104,,,,166,,,72
2017-03-06 18:00:00,156,,,107,93,111,,,,189,,,82
2017-03-06 19:00:00,122,,,125,123,230,,,,195,,,71
2017-03-06 20:00:00,120,,,138,193,233,,,,160,,,115
2017-03-06 21:00:00,130,,,109,202,254,,,,153,,,163
2017-03-06 22:00:00,209,,,127,186,319,,,,110,,,186
2017-03-06 23:00:00,30,,,259,192,92,,,,125,,,178
2017-03-07 00:00:00,360,,,122,135,90,,,,177,,,114
2017-03-07 01:00:00,331,,,262,123,64,,,,175,,,115
2017-03-07 02:00:00,323,,,289,139,58,,,,95,,,140
2017-03-07 03:00:00,347,,,269,329,29,,,,28,,,182
2017-03-07 04:00:00,350,,,280,247,294,,,,11,,,240
2017-03-07 05:00:00,290,,,278,5,310,,,,336,,,185
2017-03-07 06:00:00,304,,,299,153,295,,,,332,,,156
2017-03-07 07:00:00,297,,,312,143,321,,,,346,,,199
2017-03-07 08:00:00,351,,,301,175,319,,,,24,,,107
2017-03-07 09:00:00,29,,,285,78,5,,,,39,,,90
2017-03-07 10:00:00,51,,,170,73,82,,,,30,,,91
2017-03-07 11:00:00,70,,,260,82,101,,,,33,,,89
2017-03-07 12:00:00,64,,,64,89,110,,,,46,,,93
2017-03-07 13:00:00,112,,,120,99,99,,,,79,,,76
2017-03-07 14:00:00,80,,,131,107,89,,,,102,,,84
2017-03-07 15:00:00,94,,,92,116,58,,,,106,,,80
2017-03-07 16:00:00,93,,,62,104,44,,,,121,,,75
2017-03-07 17:00:00,87,,,47,99,40,,,,172,,,70
2017-03-07 18:00:00,21,,,33,99,37,,,,144,,,52
2017-03-07 19:00:00,4,,,29,110,18,,,,34,,,77
2017-03-07 20:00:00,30,,,218,106,100,,,,324,,,103
2017-03-07 21:00:00,28,,,288,111,146,,,,321,,,94
2017-03-07 22:00:00,34,,,233,127,82,,,,342,,,90
2017-03-07 23:00:00,64,,,105,125,106,,,,303,,,95
2017-03-08 00:00:00,38,,,77,111,106,,,,157,,,86
2017-03-08 01:00:00,54,,,111,110,65,,,,205,,,94
2017-03-08 02:00:00,22,,,33,114,198,,,,226,,,90
2017-03-08 03:00:00,33,,,36,116,52,,,,112,,,98
2017-03-08 04:00:00,21,,,89,112,81,,,,156,,,71
2017-03-08 05:00:00,78,,,112,98,57,,,,81,,,85
2017-03-08 06:00:00,359,,,226,111,346,,,,8,,,248
2017-03-08 07:00:00,51,,,266,144,274,,,,15,,,107
2017-03-08 08:00:00,31,,,267,84,82,,,,346,,,119
2017-03-08 09:00:00,65,,,195,90,19,,,,357,,,88
2017-03-08 10:00:00,65,,,135,104,60,,,,344,,,71
2017-03-08 11:00:00,37,,,143,98,4,,,,263,,,75
2017-03-08 12:00:00,30,,,267,105,30,,,,14,,,83
2017-03-08 13:00:00,19,,,100,109,58,,,,24,,,84
2017-03-08 14:00:00,7,,,234,119,180,,,,25,,,109
2017-03-08 15:00:00,16,,,253,127,222,,,,323,,,121
2017-03-08 16:00:00,58,,,281,137,333,,,,313,,,114
2017-03-08 17:00:00,39,,,287,143,106,,,,54,,,116
2017-03-08 18:00:00,96,,,88,113,93,,,,145,,,75
2017-03-08 19:00:00,45,,,123,89,82,,,,130,,,79
2017-03-08 20:00:00,88,,,125,105,85,,,,93,,,88
2017-03-08 21:00:00,64,,,120,116,55,,,,131,,,81
2017-03-08 22:00:00,74,,,110,96,62,,,,161,,,68
2017-03-08 23:00:00,51,,,96,98,86,,,,163,,,68
2017-03-09 00:00:00,17,,,115,104,99,,,,185,,,124
2017-03-09 01:00:00,359,,,136,149,113,,,,31,,,154
2017-03-09 02:00:00,344,,,258,126,47,,,,53,,,180
2017-03-09 03:00:00,269,,,290,24,84,,,,24,,,170
2017-03-09 04:00:00,239,,,306,346,320,,,,19,,,216
2017-03-09 05:00:00,291,,,312,265,284,,,,6,,,236
2017-03-09 06:00:00,302,,,289,263,245,,,,6,,,194
2017-03-09 07:00:00,288,,,184,276,274,,,,357,,,113
2017-03-09 08:00:00,300,,,347,97,296,,,,41,,,291
2017-03-09 09:00:00,21,,,124,104,68,,,,132,,,115
2017-03-09 10:00:00,66,,,28,80,101,,,,141,,,
2017-03-09 11:00:00,89,,,,85,102,,,,131,,,
2017-03-09 12:00:00,74,,,101,85,87,,,,140,,,
2017-03-09 13:00:00,69,,,124,89,90,,,,169,,,
2017-03-09 14:00:00,98,,,118,93,96,,,,159,,,
2017-03-09 15:00:00,108,,,101,103,105,,,,173,,,
2017-03-09 16:00:00,144,,,124,125,130,,,,242,,,
2017-03-09 17:00:00,132,,,126,109,126,,,,204,,,
2017-03-09 18:00:00,155,,,122,91,142,,,,125,,,
2017-03-09 19:00:00,101,,,110,104,62,,,,131,,,
2017-03-09 20:00:00,103,,,105,126,97,,,,117,,,
2017-03-09 21:00:00,91,,,105,112,71,,,,112,,,
2017-03-09 22:00:00,13,,,44,114,58,,,,42,,,
2017-03-09 23:00:00,214,,,154,139,164,,,,57,,,
2017-03-10 00:00:00,214,,,154,84,75,,,,191,,,
2017-03-10 01:00:00,190,,,53,50,191,,,,198,,,
2017-03-10 02:00:00,354,,,270,262,287,,,,128,,,
2017-03-10 03:00:00,302,,,306,247,250,,,,13,,,
2017-03-10 04:00:00,244,,,313,279,114,,,,318,,,
2017-03-10 05:00:00,230,,,330,243,86,,,,340,,,
2017-03-10 06:00:00,232,,,328,4,98,,,,347,,,
2017-03-10 07:00:00,280,,,317,305,102,,,,338,,,
2017-03-10 08:00:00,320,,,275,119,128,,,,83,,,
2017-03-10 09:00:00,83,,,144,101,57,,,,155,,,
2017-03-10 10:00:00,66,,,124,90,119,,,,100,,,65
2017-03-10 11:00:00,47,,,45,83,82,,,,108,,,87
2017-03-10 12:00:00,61,,,242,74,86,,,,92,,,78
2017-03-10 13:00:00,,,,122,91,76,,,,124,,,70
2017-03-10 14:00:00,79,,,80,92,93,,,,48,,,68
2017-03-10 15:00:00,77,,,82,94,70,,,,53,,,81
2017-03-10 16:00:00,112,,,71,101,86,,,,53,,,86
2017-03-10 17:00:00,85,,,78,107,72,,,,55,,,82
2017-03-10 18:00:00,106,,,74,120,48,,,,100,,,105
2017-03-10 19:00:00,118,,,68,116,357,,,,83,,,50
2017-03-10 20:00:00,5,,,21,132,38,,,,33,,,91
2017-03-10 21:00:00,353,,,36,114,33,,,,11,,,116
2017-03-10 22:00:00,39,,,211,113,57,,,,254,,,116
2017-03-10 23:00:00,46,,,326,87,207,,,,230,,,85
2017-03-11 00:00:00,56,,,276,9,54,,,,235,,,94
2017-03-11 01:00:00,48,,,164,134,62,,,,321,,,86
2017-03-11 02:00:00,18,,,42,124,180,,,,294,,,105
2017-03-11 03:00:00,130,,,264,25,299,,,,322,,,112
2017-03-11 04:00:00,235,,,269,46,6,,,,329,,,333
2017-03-11 05:00:00,234,,,323,41,325,,,,44,,,211
2017-03-11 06:00:00,29,,,316,298,338,,,,295,,,135
2017-03-11 07:00:00,236,,,238,195,313,,,,282,,,160
2017-03-11 08:00:00,150,,,13,314,80,,,,353,,,322
2017-03-11 09:00:00,96,,,104,302,80,,,,84,,,75
2017-03-11 10:00:00,103,,,133,96,85,,,,7,,,80
2017-03-11 11:00:00,128,,,142,72,80,,,,58,,,69
2017-03-11 12:00:00,7,,,137,77,61,,,,114,,,77
2017-03-11 13:00:00,95,,,87,94,116,,,,104,,,87
2017-03-11 14:00:00,96,,,128,118,105,,,,142,,,113
2017-03-11 15:00:00,103,,,112,111,91,,,,169,,,113
2017-03-11 16:00:00,127,,,116,108,111,,,,155,,,83
2017-03-11 17:00:00,101,,,119,101,97,,,,160,,,82
2017-03-11 18:00:00,86,,,104,115,95,,,,166,,,99
2017-03-11 19:00:00,90,,,140,97,111,,,,208,,,94
2017-03-11 20:00:00,127,,,131,124,143,,,,221,,,105
2017-03-11 21:00:00,8,,,119,124,162,,,,252,,,112
2017-03-11 22:00:00,185,,,118,109,140,,,,218,,,124
2017-03-11 23:00:00,288,,,112,159,324,,,,220,,,193
2017-03-12 00:00:00,262,,,269,346,277,,,,339,,,142
2017-03-12 01:00:00,287,,,259,289,279,,,,1,,,125
2017-03-12 02:00:00,353,,,232,229,198,,,,305,,,96
2017-03-12 03:00:00,29,,,24,131,60,,,,305,,,107
2017-03-12 04:00:00,176,,,253,125,193,,,,288,,,116
2017-03-12 05:00:00,107,,,265,98,155,,,,310,,,92
2017-03-12 06:00:00,206,,,192,309,46,,,,324,,,112
2017-03-12 07:00:00,246,,,291,211,261,,,,325,,,284
2017-03-12 08:00:00,219,,,334,315,301,,,,312,,,227
2017-03-12 09:00:00,246,,,340,82,306,,,,312,,,331
2017-03-12 10:00:00,10,,,92,73,41,,,,315,,,74
2017-03-12 11:00:00,49,,,153,91,91,,,,314,,,83
2017-03-12 12:00:00,37,,,334,350,116,,,,329,,,82
2017-03-12 13:00:00,27,,,313,314,332,,,,334,,,75
2017-03-12 14:00:00,152,,,304,277,120,,,,342,,,116
2017-03-12 15:00:00,154,,,148,304,107,,,,115,,,72
2017-03-12 16:00:00,171,,,143,322,120,,,,157,,,41
2017-03-12 17:00:00,73,,,102,355,37,,,,115,,,84
2017-03-12 18:00:00,65,,,29,102,8,,,,84,,,73
2017-03-12 19:00:00,93,,,168,152,33,,,,103,,,69
2017-03-12 20:00:00,85,,,225,111,53,,,,105,,,93
2017-03-12 21:00:00,87,,,99,123,115,,,,133,,,85
2017-03-12 22:00:00,61,,,2,108,273,,,,146,,,96
2017-03-12 23:00:00,61,,,152,88,122,,,,129,,,100
2017-03-13 00:00:00,55,,,293,59,194,,,,116,,,165
2017-03-13 01:00:00,353,,,326,312,115,,,,138,,,259
2017-03-13 02:00:00,42,,,301,293,57,,,,117,,,270
2017-03-13 03:00:00,62,,,307,283,84,,,,132,,,215
2017-03-13 04:00:00,69,,,319,315,87,,,,150,,,160
2017-03-13 05:00:00,68,,,295,252,80,,,,181,,,197
2017-03-13 06:00:00,165,,,311,293,89,,,,202,,,214
2017-03-13 07:00:00,178,,,330,305,106,,,,174,,,273
2017-03-13 08:00:00,59,,,327,295,101,,,,123,,,261
2017-03-13 09:00:00,98,,,271,322,78,,,,198,,,248
2017-03-13 10:00:00,94,,,234,337,66,,,,172,,,217
2017-03-13 11:00:00,105,,,161,330,46,,,,187,,,84
2017-03-13 12:00:00,80,,,148,325,122,,,,172,,,86
2017-03-13 13:00:00,63,,,106,316,77,,,,99,,,79
2017-03-13 14:00:00,47,,,49,98,32,,,,82,,,62
2017-03-13 15:00:00,27,,,48,95,44,,,,85,,,52
2017-03-13 16:00:00,34,,,47,95,52,,,,103,,,66
2017-03-13 17:00:00,57,,,77,99,51,,,,135,,,80
2017-03-13 18:00:00,66,,,63,93,73,,,,171,,,70
2017-03-13 19:00:00,60,,,70,102,62,,,,168,,,90
2017-03-13 20:00:00,18,,,42,97,25,,,,177,,,105
2017-03-13 21:00:00,21,,,31,109,350,,,,162,,,106
2017-03-13 22:00:00,16,,,32,115,310,,,,166,,,101
2017-03-13 23:00:00,322,,,272,117,294,,,,180,,,104
2017-03-14 00:00:00,348,,,309,117,335,,,,170,,,
2017-03-14 01:00:00,60,,,305,108,311,,,,203,,,
2017-03-14 02:00:00,59,,,281,93,23,,,,133,,,
2017-03-14 03:00:00,79,,,130,84,56,,,,125,,,
2017-03-14 04:00:00,62,,,143,123,59,,,,135,,,
2017-03-14 05:00:00,66,,,107,126,90,,,,154,,,
2017-03-14 06:00:00,72,,,117,117,106,,,,150,,,
2017-03-14 07:00:00,87,,,132,94,110,,,,164,,,
2017-03-14 08:00:00,78,,,129,101,105,,,,181,,,
2017-03-14 09:00:00,80,,,117,115,127,,,,188,,,
2017-03-14 10:00:00,75,,,122,116,124,,,,195,,,
2017-03-14 11:00:00,68,,,127,102,125,,,,187,,,
2017-03-14 12:00:00,87,,,141,102,119,,,,178,,,
2017-03-14 13:00:00,102,,,107,,105,,,,149,,,
2017-03-14 14:00:00,108,,,112,,126,,,,153,,,
2017-03-14 15:00:00,147,,,111,360,110,,,,155,,,
2017-03-14 16:00:00,160,,,105,360,100,,,,151,,,
2017-03-14 17:00:00,138,,,130,360,106,,,,174,,,
2017-03-14 18:00:00,154,,,131,56,151,,,,193,,,
2017-03-14 19:00:00,149,,,109,110,240,,,,171,,,
2017-03-14 20:00:00,175,,,8,138,242,,,,221,,,
2017-03-14 21:00:00,227,,,35,162,231,,,,248,,,
2017-03-14 22:00:00,219,,,282,216,190,,,,264,,,
2017-03-14 23:00:00,224,,,277,212,216,,,,198,,,
2017-03-15 00:00:00,230,,,282,274,206,,,,164,,,226
2017-03-15 01:00:00,309,,,325,299,129,,,,120,,,226
2017-03-15 02:00:00,295,,,240,149,237,,,,341,,,158
2017-03-15 03:00:00,265,,,308,269,297,,,,344,,,196
2017-03-15 04:00:00,286,,,302,168,317,,,,303,,,178
2017-03-15 05:00:00,279,,,297,263,121,,,,278,,,195
2017-03-15 06:00:00,44,,,275,250,317,,,,321,,,120
2017-03-15 07:00:00,37,,,264,148,264,,,,348,,,94
2017-03-15 08:00:00,37,,,116,67,198,,,,14,,,78
2017-03-15 09:00:00,32,,,66,70,350,,,,41,,,97
2017-03-15 10:00:00,28,,,266,79,89,,,,52,,,78
2017-03-15 11:00:00,48,,,257,86,77,,,,311,,,73
2017-03-15 12:00:00,64,,,170,87,110,,,,194,,,75
2017-03-15 13:00:00,73,,,136,89,85,,,,129,,,81
2017-03-15 14:00:00,70,,,125,101,112,,,,139,,,84
2017-03-15 15:00:00,79,,,105,111,92,,,,146,,,80
2017-03-15 16:00:00,73,,,67,106,96,,,,130,,,75
2017-03-15 17:00:00,57,,,97,106,100,,,,120,,,74
2017-03-15 18:00:00,83,,,97,93,87,,,,89,,,59
2017-03-15 19:00:00,67,,,85,85,66,,,,210,,,71
2017-03-15 20:00:00,82,,,104,88,357,,,,205,,,62
2017-03-15 21:00:00,90,,,125,89,218,,,,139,,,100
2017-03-15 22:00:00,75,,,101,94,111,,,,130,,,94
2017-03-15 23:00:00,79,,,109,95,113,,,,128,,,72
2017-03-16 00:00:00,55,,,119,101,113,,,,118,,,72
2017-03-16 01:00:00,34,,,135,136,113,,,,115,,,94
2017-03-16 02:00:00,22,,,276,164,91,,,,99,,,141
2017-03-16 03:00:00,94,,,204,173,57,,,,89,,,220
2017-03-16 04:00:00,84,,,179,88,50,,,,87,,,244
2017-03-16 05:00:00,91,,,155,113,82,,,,88,,,282
2017-03-16 06:00:00,93,,,148,129,79,,,,87,,,248
2017-03-16 07:00:00,178,,,152,89,81,,,,72,,,261
2017-03-16 08:00:00,242,,,146,197,84,,,,67,,,265
2017-03-16 09:00:00,31,,,146,,75,,,,85,,,249
2017-03-16 10:00:00,73,,,277,32,87,,,,86,,,282
2017-03-16 11:00:00,31,,,125,65,90,,,,114,,,70
2017-03-16 12:00:00,67,,,138,85,56,,,,112,,,65
2017-03-16 13:00:00,64,,,95,91,,,,,131,,,68
2017-03-16 14:00:00,60,,,91,99,,,,,133,,,62
2017-03-16 15:00:00,99,,,96,92,,,,,134,,,49
2017-03-16 16:00:00,138,,,98,88,,,,,138,,,48
2017-03-16 17:00:00,144,,,105,93,69,,,,135,,,69
2017-03-16 18:00:00,153,,,112,91,74,,,,139,,,74
2017-03-16 19:00:00,144,,,104,92,76,,,,164,,,77
2017-03-16 20:00:00,154,,,122,103,69,,,,129,,,69
2017-03-16 21:00:00,106,,,103,95,74,,,,108,,,73
2017-03-16 22:00:00,43,,,122,118,125,,,,146,,,125
2017-03-16 23:00:00,356,,,358,157,114,,,,105,,,114
2017-03-17 00:00:00,28,,,166,126,,,,,94,,,
2017-03-17 01:00:00,15,,,335,130,115,,,,98,,,112
2017-03-17 02:00:00,13,,,316,103,111,,,,68,,,111
2017-03-17 03:00:00,36,,,268,154,101,,,,50,,,100
2017-03-17 04:00:00,1,,,260,141,106,,,,82,,,106
2017-03-17 05:00:00,1,,,271,189,161,,,,91,,,158
2017-03-17 06:00:00,12,,,257,234,172,,,,70,,,172
2017-03-17 07:00:00,347,,,304,217,204,,,,42,,,204
2017-03-17 08:00:00,337,,,3,299,227,,,,56,,,226
2017-03-17 09:00:00,4,,,13,3,236,,,,47,,,236
2017-03-17 10:00:00,48,,,152,95,88,,,,16,,,88
2017-03-17 11:00:00,98,,,150,77,74,,,,170,,,73
2017-03-17 12:00:00,75,,,157,78,,,,,158,,,77
2017-03-17 13:00:00,86,,,155,86,90,,,,112,,,73
2017-03-17 14:00:00,71,,,107,92,77,,,,119,,,74
2017-03-17 15:00:00,60,,,100,94,92,,,,131,,,78
2017-03-17 16:00:00,71,,,108,100,84,,,,150,,,71
2017-03-17 17:00:00,144,,,103,97,93,,,,185,,,63
2017-03-17 18:00:00,146,,,105,88,102,,,,213,,,68
2017-03-17 19:00:00,122,,,114,96,114,,,,111,,,76
2017-03-17 20:00:00,105,,,103,106,102,,,,102,,,77
2017-03-17 21:00:00,68,,,102,116,97,,,,123,,,120
2017-03-17 22:00:00,82,,,104,119,103,,,,113,,,103
2017-03-17 23:00:00,55,,,79,151,100,,,,98,,,104
2017-03-18 00:00:00,27,,,326,114,92,,,,98,,,107
2017-03-18 01:00:00,35,,,295,49,89,,,,88,,,108
2017-03-18 02:00:00,23,,,283,322,73,,,,9,,,109
2017-03-18 03:00:00,48,,,270,69,59,,,,12,,,158
2017-03-18 04:00:00,13,,,287,124,356,,,,46,,,193
2017-03-18 05:00:00,228,,,308,145,324,,,,42,,,234
2017-03-18 06:00:00,235,,,311,149,331,,,,28,,,214
2017-03-18 07:00:00,234,,,307,242,344,,,,33,,,230
2017-03-18 08:00:00,224,,,284,237,333,,,,47,,,244
2017-03-18 09:00:00,8,,,291,302,329,,,,11,,,245
2017-03-18 10:00:00,25,,,326,344,45,,,,38,,,65
2017-03-18 11:00:00,73,,,160,83,74,,,,140,,,135
2017-03-18 12:00:00,61,,,89,100,92,,,,98,,,73
2017-03-18 13:00:00,73,,,76,87,81,,,,107,,,71
2017-03-18 14:00:00,76,,,90,97,82,,,,113,,,68
2017-03-18 15:00:00,86,,,98,88,93,,,,136,,,55
2017-03-18 16:00:00,144,,,112,93,108,,,,150,,,56
2017-03-18 17:00:00,131,,,114,99,113,,,,151,,,83
2017-03-18 18:00:00,142,,,115,102,120,,,,161,,,87
2017-03-18 19:00:00,150,,,118,100,103,,,,169,,,88
2017-03-18 20:00:00,137,,,104,91,86,,,,122,,,85
2017-03-18 21:00:00,105,,,101,89,92,,,,119,,,81
2017-03-18 22:00:00,84,,,104,90,91,,,,109,,,67
2017-03-18 23:00:00,79,,,105,85,92,,,,103,,,64
2017-03-19 00:00:00,62,,,101,83,90,,,,118,,,59
2017-03-19 01:00:00,63,,,102,96,81,,,,101,,,82
2017-03-19 02:00:00,27,,,144,128,104,,,,88,,,82
2017-03-19 03:00:00,5,,,212,97,62,,,,75,,,94
2017-03-19 04:00:00,4,,,269,80,42,,,,10,,,105
2017-03-19 05:00:00,33,,,271,90,40,,,,73,,,110
2017-03-19 06:00:00,75,,,235,115,52,,,,78,,,167
2017-03-19 07:00:00,83,,,81,92,43,,,,82,,,105
2017-03-19 08:00:00,64,,,265,87,22,,,,87,,,101
2017-03-19 09:00:00,46,,,266,65,330,,,,68,,,103
2017-03-19 10:00:00,23,,,341,60,61,,,,75,,,92
2017-03-19 11:00:00,28,,,47,81,82,,,,117,,,105
2017-03-19 12:00:00,72,,,123,90,94,,,,135,,,85
2017-03-19 13:00:00,54,,,85,99,98,,,,137,,,71
2017-03-19 14:00:00,139,,,99,96,90,,,,143,,,60
2017-03-19 15:00:00,148,,,102,88,97,,,,138,,,59
2017-03-19 16:00:00,154,,,108,92,102,,,,150,,,64
2017-03-19 17:00:00,153,,,117,92,116,,,,168,,,74
2017-03-19 18:00:00,143,,,127,109,116,,,,177,,,76
2017-03-19 19:00:00,142,,,124,102,110,,,,186,,,62
2017-03-19 20:00:00,143,,,120,151,228,,,,129,,,63
2017-03-19 21:00:00,79,,,96,144,106,,,,116,,,101
2017-03-19 22:00:00,89,,,95,100,87,,,,134,,,116
2017-03-19 23:00:00,42,,,107,141,85,,,,131,,,95
2017-03-20 00:00:00,14,,,314,141,90,,,,107,,,118
2017-03-20 01:00:00,19,,,290,139,82,,,,95,,,107
2017-03-20 02:00:00,71,,,264,130,65,,,,40,,,120
2017-03-20 03:00:00,40,,,276,84,52,,,,94,,,114
2017-03-20 04:00:00,46,,,280,77,101,,,,155,,,127
2017-03-20 05:00:00,27,,,281,53,113,,,,135,,,103
2017-03-20 06:00:00,23,,,287,46,80,,,,106,,,117
2017-03-20 07:00:00,6,,,268,116,57,,,,44,,,102
2017-03-20 08:00:00,42,,,273,310,45,,,,65,,,209
2017-03-20 09:00:00,6,,,295,6,351,,,,351,,,83
2017-03-20 10:00:00,353,,,281,68,51,,,,334,,,69
2017-03-20 11:00:00,32,,,229,59,87,,,,107,,,72
2017-03-20 12:00:00,78,,,162,63,81,,,,134,,,79
2017-03-20 13:00:00,67,,,143,76,85,,,,124,,,71
2017-03-20 14:00:00,66,,,112,81,94,,,,96,,,66
2017-03-20 15:00:00,82,,,93,89,94,,,,105,,,66
2017-03-20 16:00:00,67,,,102,90,89,,,,119,,,69
2017-03-20 17:00:00,88,,,93,93,91,,,,145,,,57
2017-03-20 18:00:00,135,,,103,101,103,,,,160,,,64
2017-03-20 19:00:00,145,,,106,96,134,,,,198,,,74
2017-03-20 20:00:00,143,,,133,106,168,,,,187,,,75
2017-03-20 21:00:00,146,,,116,138,241,,,,156,,,151
2017-03-20 22:00:00,105,,,111,155,269,,,,105,,,161
2017-03-20 23:00:00,66,,,147,194,102,,,,114,,,185
2017-03-21 00:00:00,66,,,147,107,102,,,,114,,,206
2017-03-21 01:00:00,32,,,165,97,100,,,,94,,,111
2017-03-21 02:00:00,15,,,173,47,90,,,,84,,,117
2017-03-21 03:00:00,356,,,262,282,320,,,,42,,,130
2017-03-21 04:00:00,351,,,282,257,291,,,,24,,,222
2017-03-21 05:00:00,8,,,304,235,297,,,,77,,,164
2017-03-21 06:00:00,6,,,315,247,278,,,,186,,,203
2017-03-21 07:00:00,341,,,313,331,299,,,,270,,,193
2017-03-21 08:00:00,301,,,315,156,300,,,,21,,,225
2017-03-21 09:00:00,19,,,326,21,357,,,,30,,,239
2017-03-21 10:00:00,22,,,237,83,47,,,,2,,,91
2017-03-21 11:00:00,31,,,98,74,82,,,,32,,,81
2017-03-21 12:00:00,53,,,112,81,81,,,,69,,,82
2017-03-21 13:00:00,84,,,145,87,89,,,,91,,,75
2017-03-21 14:00:00,78,,,109,98,93,,,,118,,,73
2017-03-21 15:00:00,65,,,91,101,98,,,,114,,,71
2017-03-21 16:00:00,70,,,109,99,82,,,,123,,,68
2017-03-21 17:00:00,74,,,101,98,89,,,,120,,,48
2017-03-21 18:00:00,125,,,99,97,105,,,,129,,,50
2017-03-21 19:00:00,150,,,105,108,106,,,,143,,,70
2017-03-21 20:00:00,133,,,99,100,113,,,,161,,,68
2017-03-21 21:00:00,134,,,100,163,132,,,,184,,,61
2017-03-21 22:00:00,121,,,113,186,142,,,,183,,,116
2017-03-21 23:00:00,114,,,115,171,148,,,,107,,,137
2017-03-22 00:00:00,41,,,163,111,99,,,,101,,,141
2017-03-22 01:00:00,23,,,326,104,38,,,,84,,,112
2017-03-22 02:00:00,19,,,268,95,320,,,,360,,,117
2017-03-22 03:00:00,335,,,283,15,298,,,,16,,,126
2017-03-22 04:00:00,289,,,316,280,310,,,,23,,,200
2017-03-22 05:00:00,307,,,298,278,303,,,,341,,,229
2017-03-22 06:00:00,312,,,304,210,309,,,,327,,,225
2017-03-22 07:00:00,15,,,318,276,316,,,,356,,,208
2017-03-22 08:00:00,11,,,314,98,315,,,,42,,,95
2017-03-22 09:00:00,20,,,237,87,19,,,,18,,,129
2017-03-22 10:00:00,56,,,193,85,90,,,,82,,,83
2017-03-22 11:00:00,77,,,148,92,84,,,,102,,,86
2017-03-22 12:00:00,67,,,130,102,91,,,,114,,,78
2017-03-22 13:00:00,75,,,88,93,82,,,,127,,,78
2017-03-22 14:00:00,66,,,90,90,99,,,,132,,,77
2017-03-22 15:00:00,106,,,96,97,98,,,,131,,,63
2017-03-22 16:00:00,132,,,101,92,97,,,,146,,,60
2017-03-22 17:00:00,119,,,105,90,103,,,,154,,,82
2017-03-22 18:00:00,130,,,114,98,119,,,,155,,,71
2017-03-22 19:00:00,148,,,123,110,116,,,,183,,,72
2017-03-22 20:00:00,158,,,129,98,108,,,,124,,,82
2017-03-22 21:00:00,73,,,96,95,105,,,,127,,,80
2017-03-22 22:00:00,58,,,100,93,91,,,,132,,,75
2017-03-22 23:00:00,69,,,89,104,92,,,,122,,,77
2017-03-23 00:00:00,64,,,101,103,83,,,,121,,,93
2017-03-23 01:00:00,43,,,103,103,79,,,,127,,,70
2017-03-23 02:00:00,75,,,105,97,83,,,,126,,,91
2017-03-23 03:00:00,57,,,96,95,99,,,,121,,,96
2017-03-23 04:00:00,60,,,94,100,76,,,,106,,,64
2017-03-23 05:00:00,72,,,90,102,73,,,,105,,,72
2017-03-23 06:00:00,64,,,97,107,68,,,,105,,,66
2017-03-23 07:00:00,79,,,119,103,81,,,,108,,,64
2017-03-23 08:00:00,67,,,111,103,83,,,,121,,,67
2017-03-23 09:00:00,67,,,111,99,89,,,,122,,,73
2017-03-23 10:00:00,57,,,95,97,89,,,,148,,,64
2017-03-23 11:00:00,56,,,85,94,87,,,,149,,,52
2017-03-23 12:00:00,87,,,100,87,100,,,,161,,,66
2017-03-23 13:00:00,127,,,99,84,108,,,,158,,,48
2017-03-23 14:00:00,151,,,110,93,102,,,,147,,,66
2017-03-23 15:00:00,152,,,110,93,98,,,,146,,,66
2017-03-23 16:00:00,149,,,110,89,101,,,,146,,,69
2017-03-23 17:00:00,148,,,104,97,103,,,,146,,,70
2017-03-23 18:00:00,130,,,107,101,104,,,,145,,,70
2017-03-23 19:00:00,143,,,106,91,106,,,,155,,,64
2017-03-23 20:00:00,137,,,108,106,109,,,,135,,,63
2017-03-23 21:00:00,145,,,109,92,99,,,,118,,,69
2017-03-23 22:00:00,133,,,94,97,110,,,,128,,,99
2017-03-23 23:00:00,133,,,89,106,112,,,,137,,,63
2017-03-24 00:00:00,82,,,102,146,117,,,,138,,,97
2017-03-24 01:00:00,29,,,123,131,113,,,,129,,,78
2017-03-24 02:00:00,60,,,144,154,104,,,,118,,,110
2017-03-24 03:00:00,48,,,148,5,96,,,,115,,,117
2017-03-24 04:00:00,5,,,264,337,52,,,,90,,,118
2017-03-24 05:00:00,7,,,328,282,19,,,,27,,,170
2017-03-24 06:00:00,273,,,313,314,332,,,,36,,,255
2017-03-24 07:00:00,301,,,311,310,249,,,,61,,,261
2017-03-24 08:00:00,9,,,257,324,11,,,,144,,,304
2017-03-24 09:00:00,42,,,164,358,70,,,,348,,,109
2017-03-24 10:00:00,68,,,190,96,137,,,,337,,,79
2017-03-24 11:00:00,114,,,154,97,121,,,,54,,,77
2017-03-24 12:00:00,152,,,97,91,57,,,,104,,,88
2017-03-24 13:00:00,78,,,75,98,71,,,,137,,,100
2017-03-24 14:00:00,96,,,77,100,70,,,,97,,,92
2017-03-24 15:00:00,71,,,88,99,70,,,,125,,,84
2017-03-24 16:00:00,90,,,101,96,105,,,,129,,,85
2017-03-24 17:00:00,159,,,113,106,108,,,,123,,,69
2017-03-24 18:00:00,161,,,115,113,117,,,,113,,,96
2017-03-24 19:00:00,140,,,113,112,98,,,,126,,,82
2017-03-24 20:00:00,134,,,97,104,103,,,,206,,,70
2017-03-24 21:00:00,111,,,101,138,128,,,,250,,,60
2017-03-24 22:00:00,87,,,111,193,159,,,,26,,,121
2017-03-24 23:00:00,50,,,145,214,144,,,,178,,,153
2017-03-25 00:00:00,26,,,135,237,139,,,,114,,,141
2017-03-25 01:00:00,290,,,212,267,112,,,,309,,,138
2017-03-25 02:00:00,235,,,271,259,223,,,,27,,,165
2017-03-25 03:00:00,245,,,305,240,138,,,,346,,,218
2017-03-25 04:00:00,226,,,300,259,210,,,,325,,,171
2017-03-25 05:00:00,259,,,324,257,293,,,,323,,,248
2017-03-25 06:00:00,256,,,326,271,305,,,,324,,,185
2017-03-25 07:00:00,263,,,327,292,98,,,,334,,,135
2017-03-25 08:00:00,309,,,318,3,104,,,,334,,,212
2017-03-25 09:00:00,346,,,323,338,42,,,,339,,,253
2017-03-25 10:00:00,27,,,276,58,28,,,,339,,,89
2017-03-25 11:00:00,56,,,66,84,101,,,,322,,,90
2017-03-25 12:00:00,96,,,90,91,83,,,,193,,,64
2017-03-25 13:00:00,89,,,79,112,123,,,,120,,,67
2017-03-25 14:00:00,76,,,109,95,109,,,,114,,,58
2017-03-25 15:00:00,81,,,108,86,95,,,,111,,,63
2017-03-25 16:00:00,130,,,101,100,95,,,,123,,,63
2017-03-25 17:00:00,131,,,101,97,90,,,,113,,,98
2017-03-25 18:00:00,114,,,94,107,86,,,,101,,,80
2017-03-25 19:00:00,132,,,90,98,84,,,,119,,,80
2017-03-25 20:00:00,97,,,83,100,100,,,,127,,,77
2017-03-25 21:00:00,81,,,85,83,114,,,,101,,,70
2017-03-25 22:00:00,90,,,95,84,113,,,,157,,,88
2017-03-25 23:00:00,62,,,125,134,114,,,,123,,,84
2017-03-26 00:00:00,32,,,244,134,68,,,,94,,,111
2017-03-26 01:00:00,24,,,275,161,8,,,,86,,,139
2017-03-26 02:00:00,7,,,277,190,261,,,,18,,,123
2017-03-26 03:00:00,341,,,288,47,297,,,,334,,,170
2017-03-26 04:00:00,309,,,275,288,285,,,,350,,,267
2017-03-26 05:00:00,305,,,305,198,273,,,,313,,,202
2017-03-26 06:00:00,334,,,321,109,274,,,,357,,,218
2017-03-26 07:00:00,274,,,354,232,295,,,,19,,,210
2017-03-26 08:00:00,326,,,304,267,359,,,,15,,,211
2017-03-26 09:00:00,10,,,97,120,84,,,,347,,,94
2017-03-26 10:00:00,51,,,153,94,54,,,,5,,,64
2017-03-26 11:00:00,110,,,141,89,124,,,,336,,,70
2017-03-26 12:00:00,94,,,130,87,120,,,,146,,,83
2017-03-26 13:00:00,78,,,122,97,96,,,,148,,,77
2017-03-26 14:00:00,102,,,108,98,92,,,,124,,,65
2017-03-26 15:00:00,140,,,100,103,94,,,,142,,,58
2017-03-26 16:00:00,130,,,105,97,98,,,,161,,,60
2017-03-26 17:00:00,126,,,102,95,88,,,,123,,,58
2017-03-26 18:00:00,141,,,100,96,112,,,,138,,,74
2017-03-26 19:00:00,106,,,99,110,148,,,,190,,,72
2017-03-26 20:00:00,99,,,110,143,180,,,,174,,,100
2017-03-26 21:00:00,172,,,217,203,295,,,,160,,,141
2017-03-26 22:00:00,92,,,144,211,113,,,,160,,,182
2017-03-26 23:00:00,327,,,165,205,106,,,,155,,,154
2017-03-27 00:00:00,357,,,259,130,91,,,,117,,,160
2017-03-27 01:00:00,43,,,206,108,117,,,,143,,,145
2017-03-27 02:00:00,22,,,277,12,66,,,,66,,,122
2017-03-27 03:00:00,288,,,285,7,314,,,,349,,,141
2017-03-27 04:00:00,278,,,296,300,308,,,,5,,,225
2017-03-27 05:00:00,258,,,315,286,283,,,,352,,,236
2017-03-27 06:00:00,268,,,294,161,98,,,,10,,,247
2017-03-27 07:00:00,19,,,256,261,114,,,,206,,,230
2017-03-27 08:00:00,33,,,268,335,341,,,,126,,,246
2017-03-27 09:00:00,61,,,188,279,60,,,,6,,,100
2017-03-27 10:00:00,87,,,81,315,94,,,,35,,,73
2017-03-27 11:00:00,68,,,87,337,91,,,,44,,,79
2017-03-27 12:00:00,73,,,115,99,98,,,,64,,,87
2017-03-27 13:00:00,87,,,117,87,93,,,,73,,,88
2017-03-27 14:00:00,83,,,106,91,102,,,,113,,,81
2017-03-27 15:00:00,85,,,114,97,94,,,,100,,,79
2017-03-27 16:00:00,93,,,107,107,101,,,,101,,,58
2017-03-27 17:00:00,114,,,99,107,100,,,,89,,,63
2017-03-27 18:00:00,130,,,99,107,92,,,,93,,,78
2017-03-27 19:00:00,110,,,100,105,90,,,,98,,,81
2017-03-27 20:00:00,103,,,103,99,103,,,,151,,,70
2017-03-27 21:00:00,100,,,103,85,104,,,,155,,,63
2017-03-27 22:00:00,85,,,95,94,92,,,,144,,,65
2017-03-27 23:00:00,103,,,102,94,110,,,,155,,,82
2017-03-28 00:00:00,83,,,107,95,96,,,,124,,,63
2017-03-28 01:00:00,62,,,134,95,84,,,,122,,,89
2017-03-28 02:00:00,59,,,140,98,88,,,,118,,,96
2017-03-28 03:00:00,30,,,154,118,71,,,,87,,,94
2017-03-28 04:00:00,334,,,272,126,55,,,,47,,,118
2017-03-28 05:00:00,126,,,182,39,80,,,,36,,,198
2017-03-28 06:00:00,95,,,270,273,62,,,,75,,,226
2017-03-28 07:00:00,60,,,305,219,51,,,,43,,,211
2017-03-28 08:00:00,9,,,311,212,21,,,,44,,,182
2017-03-28 09:00:00,4,,,304,33,23,,,,17,,,208
2017-03-28 10:00:00,76,,,110,99,118,,,,54,,,300
2017-03-28 11:00:00,85,,,139,39,107,,,,104,,,71
2017-03-28 12:00:00,89,,,122,81,116,,,,120,,,75
2017-03-28 13:00:00,55,,,110,93,104,,,,131,,,77
2017-03-28 14:00:00,68,,,106,94,107,,,,130,,,72
2017-03-28 15:00:00,114,,,102,91,107,,,,150,,,55
2017-03-28 16:00:00,138,,,99,94,107,,,,155,,,52
2017-03-28 17:00:00,150,,,106,90,,,,,153,,,66
2017-03-28 18:00:00,147,,,120,92,117,,,,158,,,67
2017-03-28 19:00:00,143,,,133,100,125,,,,172,,,59
2017-03-28 20:00:00,146,,,128,89,125,,,,143,,,60
2017-03-28 21:00:00,110,,,111,98,94,,,,117,,,183
2017-03-28 22:00:00,78,,,95,96,95,,,,144,,,69
2017-03-28 23:00:00,326,,,122,152,81,,,,111,,,129
2017-03-29 00:00:00,356,,,225,118,85,,,,71,,,215
2017-03-29 01:00:00,56,,,284,354,53,,,,40,,,238
2017-03-29 02:00:00,153,,,319,295,285,,,,6,,,237
2017-03-29 03:00:00,60,,,307,291,268,,,,17,,,231
2017-03-29 04:00:00,112,,,125,294,111,,,,311,,,97
2017-03-29 05:00:00,141,,,153,304,117,,,,313,,,89
2017-03-29 06:00:00,117,,,193,289,136,,,,328,,,95
2017-03-29 07:00:00,138,,,182,209,178,,,,322,,,91
2017-03-29 08:00:00,102,,,221,135,9,,,,309,,,102
2017-03-29 09:00:00,60,,,74,126,27,,,,315,,,95
2017-03-29 10:00:00,69,,,29,62,23,,,,307,,,95
2017-03-29 11:00:00,98,,,106,84,79,,,,237,,,74
2017-03-29 12:00:00,86,,,105,92,93,,,,166,,,58
2017-03-29 13:00:00,113,,,107,106,96,,,,131,,,57
2017-03-29 14:00:00,76,,,120,102,109,,,,137,,,67
2017-03-29 15:00:00,82,,,95,105,105,,,,131,,,62
2017-03-29 16:00:00,147,,,106,106,113,,,,128,,,95
2017-03-29 17:00:00,145,,,109,108,112,,,,147,,,85
2017-03-29 18:00:00,139,,,113,103,115,,,,161,,,70
2017-03-29 19:00:00,133,,,122,104,103,,,,164,,,73
2017-03-29 20:00:00,135,,,113,116,81,,,,120,,,68
2017-03-29 21:00:00,110,,,85,90,90,,,,123,,,83
2017-03-29 22:00:00,126,,,96,97,96,,,,156,,,77
2017-03-29 23:00:00,109,,,103,84,113,,,,195,,,75
2017-03-30 00:00:00,154,,,116,98,123,,,,201,,,78
2017-03-30 01:00:00,137,,,104,118,112,,,,199,,,65
2017-03-30 02:00:00,75,,,82,103,63,,,,299,,,74
2017-03-30 03:00:00,34,,,40,95,21,,,,357,,,74
2017-03-30 04:00:00,42,,,24,126,138,,,,336,,,112
2017-03-30 05:00:00,106,,,224,122,108,,,,307,,,105
2017-03-30 06:00:00,107,,,287,78,89,,,,314,,,98
2017-03-30 07:00:00,119,,,163,86,41,,,,317,,,97
2017-03-30 08:00:00,76,,,213,39,20,,,,318,,,75
2017-03-30 09:00:00,35,,,242,26,29,,,,336,,,73
2017-03-30 10:00:00,20,,,238,57,54,,,,347,,,71
2017-03-30 11:00:00,25,,,167,72,61,,,,346,,,79
2017-03-30 12:00:00,102,,,112,78,71,,,,101,,,88
2017-03-30 13:00:00,110,,,136,93,89,,,,101,,,76
2017-03-30 14:00:00,72,,,112,106,117,,,,121,,,57
2017-03-30 15:00:00,68,,,113,98,106,,,,116,,,71
2017-03-30 16:00:00,121,,,100,95,115,,,,143,,,74
2017-03-30 17:00:00,147,,,99,100,109,,,,154,,,77
2017-03-30 18:00:00,158,,,107,101,115,,,,143,,,77
2017-03-30 19:00:00,143,,,108,110,114,,,,154,,,62
2017-03-30 20:00:00,140,,,120,122,117,,,,193,,,78
2017-03-30 21:00:00,152,,,119,175,144,,,,187,,,154
2017-03-30 22:00:00,164,,,121,199,223,,,,199,,,197
2017-03-30 23:00:00,206,,,113,224,239,,,,208,,,220
2017-03-31 00:00:00,206,,,113,224,239,,,,208,,,220
2017-03-31 01:00:00,248,,,111,234,153,,,,127,,,178
2017-03-31 02:00:00,145,,,116,230,82,,,,144,,,191
2017-03-31 03:00:00,231,,,285,188,316,,,,85,,,218
2017-03-31 04:00:00,253,,,281,224,30,,,,357,,,259
2017-03-31 05:00:00,73,,,284,254,109,,,,300,,,129
2017-03-31 06:00:00,284,,,310,205,296,,,,355,,,219
2017-03-31 07:00:00,318,,,315,254,317,,,,307,,,216
2017-03-31 08:00:00,13,,,309,280,289,,,,5,,,259
2017-03-31 09:00:00,16,,,311,337,318,,,,359,,,284
2017-03-31 10:00:00,29,,,301,10,12,,,,3,,,77
2017-03-31 11:00:00,28,,,207,55,91,,,,20,,,70
2017-03-31 12:00:00,44,,,173,82,85,,,,34,,,77
2017-03-31 13:00:00,85,,,136,84,76,,,,120,,,72
2017-03-31 14:00:00,72,,,108,90,96,,,,118,,,71
2017-03-31 15:00:00,64,,,99,99,91,,,,133,,,
2017-03-31 16:00:00,119,,,102,94,102,,,,112,,,
2017-03-31 17:00:00,142,,,107,93,88,,,,134,,,
2017-03-31 18:00:00,123,,,106,97,100,,,,148,,,
2017-03-31 19:00:00,140,,,121,100,110,,,,158,,,77
2017-03-31 20:00:00,124,,,135,88,108,,,,164,,,62
2017-03-31 21:00:00,119,,,109,94,98,,,,110,,,66
2017-03-31 22:00:00,71,,,89,88,87,,,,119,,,46
2017-03-31 23:00:00,45,,,86,110,65,,,,114,,,74
2017-04-01 00:00:00,21,,,111,101,104,,,,35,,,112
2017-04-01 01:00:00,36,,,171,137,118,,,,51,,,92
2017-04-01 02:00:00,39,,,210,324,135,,,,78,,,189
2017-04-01 03:00:00,10,,,282,57,231,,,,172,,,124
2017-04-01 04:00:00,337,,,305,117,214,,,,233,,,149
2017-04-01 05:00:00,343,,,309,122,282,,,,209,,,174
2017-04-01 06:00:00,224,,,308,354,276,,,,295,,,234
2017-04-01 07:00:00,237,,,318,305,299,,,,288,,,249
2017-04-01 08:00:00,323,,,302,79,61,,,,348,,,275
2017-04-01 09:00:00,91,,,127,17,75,,,,62,,,93
2017-04-01 10:00:00,90,,,143,347,96,,,,58,,,73
2017-04-01 11:00:00,103,,,145,98,130,,,,67,,,83
2017-04-01 12:00:00,74,,,125,105,117,,,,98,,,70
2017-04-01 13:00:00,93,,,121,100,119,,,,141,,,62
2017-04-01 14:00:00,75,,,114,106,114,,,,112,,,57
2017-04-01 15:00:00,129,,,110,100,121,,,,138,,,88
2017-04-01 16:00:00,155,,,111,100,115,,,,161,,,103
2017-04-01 17:00:00,160,,,117,107,128,,,,177,,,102
2017-04-01 18:00:00,153,,,131,107,116,,,,177,,,69
2017-04-01 19:00:00,143,,,125,95,89,,,,138,,,92
2017-04-01 20:00:00,109,,,91,90,86,,,,116,,,76
2017-04-01 21:00:00,114,,,96,88,88,,,,118,,,76
2017-04-01 22:00:00,92,,,97,90,86,,,,124,,,63
2017-04-01 23:00:00,69,,,91,89,78,,,,128,,,48
2017-04-02 00:00:00,69,,,91,,,,,,,,,
2017-04-02 01:00:00,69,,,103,95,69,,,,118,,,56
2017-04-02 02:00:00,48,,,138,112,84,,,,111,,,68
2017-04-02 03:00:00,73,,,,152,73,,,,,,,
2017-04-02 04:00:00,90,,,176,301,85,,,,80,,,108
2017-04-02 05:00:00,106,,,161,16,52,,,,64,,,98
2017-04-02 06:00:00,112,,,204,220,32,,,,81,,,97
2017-04-02 07:00:00,151,,,220,241,321,,,,24,,,111
2017-04-02 08:00:00,221,,,259,267,294,,,,343,,,190
2017-04-02 09:00:00,189,,,291,25,341,,,,2,,,238
2017-04-02 10:00:00,49,,,329,6,105,,,,6,,,306
2017-04-02 11:00:00,113,,,176,321,149,,,,355,,,71
2017-04-02 12:00:00,113,,,170,297,94,,,,347,,,82
2017-04-02 13:00:00,123,,,132,309,108,,,,225,,,91
2017-04-02 14:00:00,117,,,124,283,115,,,,165,,,87
2017-04-02 15:00:00,105,,,115,54,29,,,,121,,,80
2017-04-02 16:00:00,70,,,28,96,18,,,,98,,,61
2017-04-02 17:00:00,78,,,35,99,22,,,,70,,,37
2017-04-02 18:00:00,21,,,27,102,18,,,,70,,,35
2017-04-02 19:00:00,21,,,36,111,35,,,,63,,,61
2017-04-02 20:00:00,37,,,40,124,49,,,,357,,,81
2017-04-02 21:00:00,35,,,43,117,58,,,,328,,,85
2017-04-02 22:00:00,78,,,123,138,54,,,,310,,,84
2017-04-02 23:00:00,94,,,166,110,204,,,,316,,,79
2017-04-03 00:00:00,90,,,129,91,181,,,,308,,,91
2017-04-03 01:00:00,130,,,233,17,91,,,,317,,,105
2017-04-03 02:00:00,110,,,224,252,77,,,,311,,,92
2017-04-03 03:00:00,64,,,192,249,73,,,,266,,,76
2017-04-03 04:00:00,91,,,187,149,257,,,,234,,,76
2017-04-03 05:00:00,212,,,201,78,277,,,,215,,,156
2017-04-03 06:00:00,215,,,301,273,260,,,,205,,,205
2017-04-03 07:00:00,195,,,308,280,280,,,,159,,,231
2017-04-03 08:00:00,299,,,324,346,61,,,,98,,,245
2017-04-03 09:00:00,358,,,352,7,56,,,,141,,,22
2017-04-03 10:00:00,45,,,30,34,89,,,,155,,,83
2017-04-03 11:00:00,49,,,129,87,72,,,,138,,,76
2017-04-03 12:00:00,78,,,134,90,105,,,,117,,,66
2017-04-03 13:00:00,83,,,118,84,111,,,,128,,,52
2017-04-03 14:00:00,70,,,104,94,90,,,,109,,,46
2017-04-03 15:00:00,66,,,99,97,83,,,,125,,,
2017-04-03 16:00:00,108,,,,105,87,,,,132,,,68
2017-04-03 17:00:00,148,,,116,97,96,,,,147,,,72
2017-04-03 18:00:00,119,,,104,99,99,,,,128,,,84
2017-04-03 19:00:00,129,,,104,106,109,,,,134,,,80
2017-04-03 20:00:00,144,,,109,107,118,,,,171,,,63
2017-04-03 21:00:00,145,,,108,100,121,,,,188,,,111
2017-04-03 22:00:00,154,,,123,100,110,,,,161,,,165
2017-04-03 23:00:00,145,,,115,161,159,,,,142,,,176
2017-04-04 00:00:00,126,,,110,162,105,,,,142,,,185
2017-04-04 01:00:00,355,,,112,166,85,,,,115,,,155
2017-04-04 02:00:00,4,,,206,116,47,,,,66,,,114
2017-04-04 03:00:00,15,,,251,214,284,,,,13,,,131
2017-04-04 04:00:00,13,,,258,360,322,,,,335,,,135
2017-04-04 05:00:00,340,,,281,265,284,,,,327,,,196
2017-04-04 06:00:00,312,,,287,268,285,,,,302,,,223
2017-04-04 07:00:00,306,,,298,309,292,,,,305,,,232
2017-04-04 08:00:00,255,,,331,238,302,,,,299,,,222
2017-04-04 09:00:00,319,,,326,30,16,,,,337,,,124
2017-04-04 10:00:00,13,,,28,30,39,,,,339,,,66
2017-04-04 11:00:00,51,,,28,319,147,,,,299,,,71
2017-04-04 12:00:00,83,,,119,313,163,,,,,,,73
2017-04-04 13:00:00,104,,,309,312,268,,,,283,,,94
2017-04-04 14:00:00,309,,,290,301,279,,,,352,,,305
2017-04-04 15:00:00,323,,,294,292,274,,,,315,,,306
2017-04-04 16:00:00,319,,,291,292,274,,,,301,,,302
2017-04-04 17:00:00,304,,,288,287,271,,,,350,,,295
2017-04-04 18:00:00,305,,,287,290,266,,,,5,,,291
2017-04-04 19:00:00,305,,,290,286,255,,,,32,,,287
2017-04-04 20:00:00,267,,,300,283,247,,,,152,,,272
2017-04-04 21:00:00,232,,,309,271,222,,,,198,,,220
2017-04-04 22:00:00,304,,,229,348,233,,,,105,,,228
2017-04-04 23:00:00,244,,,313,169,284,,,,179,,,205
2017-04-05 00:00:00,280,,,280,269,263,,,,281,,,250
2017-04-05 01:00:00,243,,,316,260,274,,,,317,,,267
2017-04-05 02:00:00,206,,,323,268,292,,,,308,,,281
2017-04-05 03:00:00,282,,,45,226,244,,,,288,,,230
2017-04-05 04:00:00,234,,,283,71,245,,,,310,,,191
2017-04-05 05:00:00,265,,,348,221,296,,,,293,,,176
2017-04-05 06:00:00,33,,,22,141,352,,,,327,,,111
2017-04-05 07:00:00,72,,,22,309,347,,,,333,,,108
2017-04-05 08:00:00,98,,,17,123,14,,,,,,,101
2017-04-05 09:00:00,78,,,60,140,28,,,,,,,97
2017-04-05 10:00:00,40,,,33,134,22,,,,,,,97
2017-04-05 11:00:00,29,,,36,119,27,,,,,,,84
2017-04-05 12:00:00,55,,,39,107,37,,,,,,,69
2017-04-05 13:00:00,44,,,62,102,36,,,,,,,66
2017-04-05 14:00:00,48,,,68,103,49,,,,,,,81
2017-04-05 15:00:00,26,,,65,107,40,,,,352,,,73
2017-04-05 16:00:00,42,,,30,104,46,,,,306,,,65
2017-04-05 17:00:00,18,,,89,102,52,,,,22,,,79
2017-04-05 18:00:00,49,,,73,97,51,,,,137,,,68
2017-04-05 19:00:00,85,,,62,98,30,,,,143,,,80
2017-04-05 20:00:00,85,,,37,104,303,,,,130,,,76
2017-04-05 21:00:00,109,,,46,103,43,,,,199,,,54
2017-04-05 22:00:00,131,,,75,111,356,,,,191,,,65
2017-04-05 23:00:00,129,,,97,108,284,,,,184,,,66
2017-04-06 00:00:00,129,,,94,123,280,,,,186,,,60
2017-04-06 01:00:00,129,,,90,159,282,,,,194,,,63
2017-04-06 02:00:00,143,,,102,145,270,,,,203,,,73
2017-04-06 03:00:00,133,,,118,172,244,,,,154,,,77
2017-04-06 04:00:00,112,,,96,171,131,,,,109,,,83
2017-04-06 05:00:00,92,,,97,124,96,,,,139,,,89
2017-04-06 06:00:00,92,,,95,96,124,,,,199,,,100
2017-04-06 07:00:00,110,,,108,101,134,,,,202,,,89
2017-04-06 08:00:00,84,,,106,97,110,,,,161,,,85
2017-04-06 09:00:00,76,,,106,92,102,,,,148,,,62
2017-04-06 10:00:00,144,,,103,86,103,,,,138,,,67
2017-04-06 11:00:00,127,,,102,89,99,,,,130,,,70
2017-04-06 12:00:00,118,,,100,88,92,,,,133,,,67
2017-04-06 13:00:00,124,,,104,86,91,,,,128,,,67
2017-04-06 14:00:00,139,,,104,91,89,,,,136,,,61
2017-04-06 15:00:00,93,,,103,89,95,,,,124,,,67
2017-04-06 16:00:00,121,,,94,85,91,,,,126,,,64
2017-04-06 17:00:00,116,,,104,88,95,,,,131,,,67
2017-04-06 18:00:00,126,,,104,91,101,,,,140,,,69
2017-04-06 19:00:00,103,,,103,93,100,,,,129,,,71
2017-04-06 20:00:00,111,,,102,96,101,,,,135,,,62
2017-04-06 21:00:00,149,,,105,94,115,,,,159,,,63
2017-04-06 22:00:00,113,,,106,97,100,,,,134,,,63
2017-04-06 23:00:00,126,,,104,88,110,,,,146,,,60
2017-04-07 00:00:00,120,,,106,90,111,,,,136,,,55
2017-04-07 01:00:00,113,,,100,92,97,,,,113,,,54
2017-04-07 02:00:00,90,,,99,90,93,,,,119,,,60
2017-04-07 03:00:00,57,,,94,101,86,,,,121,,,71
2017-04-07 04:00:00,86,,,97,148,66,,,,125,,,61
2017-04-07 05:00:00,67,,,96,163,88,,,,156,,,71
2017-04-07 06:00:00,36,,,107,136,63,,,,162,,,96
2017-04-07 07:00:00,45,,,93,129,59,,,,191,,,95
2017-04-07 08:00:00,54,,,124,129,58,,,,239,,,78
2017-04-07 09:00:00,53,,,135,108,54,,,,202,,,76
2017-04-07 10:00:00,15,,,162,105,40,,,,74,,,72
2017-04-07 11:00:00,42,,,136,119,52,,,,98,,,62
2017-04-07 12:00:00,44,,,104,103,72,,,,162,,,72
2017-04-07 13:00:00,56,,,103,93,109,,,,136,,,65
2017-04-07 14:00:00,92,,,90,95,101,,,,146,,,56
2017-04-07 15:00:00,159,,,108,98,114,,,,156,,,77
2017-04-07 16:00:00,152,,,104,104,110,,,,164,,,72
2017-04-07 17:00:00,147,,,108,104,101,,,,166,,,74
2017-04-07 18:00:00,150,,,113,113,107,,,,161,,,76
2017-04-07 19:00:00,142,,,105,116,109,,,,159,,,79
2017-04-07 20:00:00,146,,,107,99,116,,,,165,,,70
2017-04-07 21:00:00,150,,,121,118,117,,,,144,,,61
2017-04-07 22:00:00,135,,,115,118,98,,,,126,,,67
2017-04-07 23:00:00,89,,,106,119,97,,,,132,,,59
2017-04-08 00:00:00,73,,,111,114,103,,,,139,,,74
2017-04-08 01:00:00,68,,,108,109,103,,,,138,,,92
2017-04-08 02:00:00,47,,,108,114,101,,,,122,,,117
2017-04-08 03:00:00,77,,,132,165,110,,,,131,,,119
2017-04-08 04:00:00,96,,,144,53,82,,,,109,,,159
2017-04-08 05:00:00,84,,,141,85,80,,,,79,,,98
2017-04-08 06:00:00,88,,,157,84,91,,,,90,,,248
2017-04-08 07:00:00,69,,,151,84,95,,,,95,,,255
2017-04-08 08:00:00,65,,,142,87,98,,,,144,,,261
2017-04-08 09:00:00,42,,,138,71,96,,,,137,,,276
2017-04-08 10:00:00,41,,,104,81,90,,,,104,,,52
2017-04-08 11:00:00,6,,,109,66,84,,,,112,,,85
2017-04-08 12:00:00,52,,,103,79,70,,,,146,,,73
2017-04-08 13:00:00,73,,,127,87,93,,,,116,,,64
2017-04-08 14:00:00,59,,,98,96,90,,,,120,,,57
2017-04-08 15:00:00,55,,,95,92,90,,,,121,,,53
2017-04-08 16:00:00,63,,,100,91,93,,,,127,,,47
2017-04-08 17:00:00,98,,,102,91,94,,,,136,,,48
2017-04-08 18:00:00,123,,,101,87,93,,,,136,,,71
2017-04-08 19:00:00,136,,,103,87,103,,,,148,,,70
2017-04-08 20:00:00,143,,,105,97,106,,,,161,,,67
2017-04-08 21:00:00,156,,,136,112,108,,,,153,,,71
2017-04-08 22:00:00,156,,,122,111,86,,,,112,,,107
2017-04-08 23:00:00,58,,,94,114,111,,,,116,,,115
2017-04-09 00:00:00,50,,,94,100,108,,,,131,,,113
2017-04-09 01:00:00,72,,,122,152,96,,,,126,,,109
2017-04-09 02:00:00,56,,,138,128,91,,,,124,,,97
2017-04-09 03:00:00,37,,,342,92,80,,,,117,,,109
2017-04-09 04:00:00,28,,,320,89,74,,,,94,,,108
2017-04-09 05:00:00,130,,,313,127,53,,,,50,,,126
2017-04-09 06:00:00,55,,,293,204,47,,,,84,,,224
2017-04-09 07:00:00,109,,,271,234,43,,,,96,,,250
2017-04-09 08:00:00,73,,,279,235,352,,,,89,,,234
2017-04-09 09:00:00,60,,,317,234,345,,,,92,,,128
2017-04-09 10:00:00,44,,,227,47,55,,,,132,,,59
2017-04-09 11:00:00,21,,,116,68,65,,,,224,,,74
2017-04-09 12:00:00,60,,,145,81,96,,,,102,,,76
2017-04-09 13:00:00,62,,,150,82,93,,,,121,,,75
2017-04-09 14:00:00,65,,,134,84,96,,,,159,,,71
2017-04-09 15:00:00,52,,,102,92,104,,,,147,,,70
2017-04-09 16:00:00,53,,,94,93,100,,,,143,,,60
2017-04-09 17:00:00,85,,,97,94,95,,,,150,,,44
2017-04-09 18:00:00,135,,,100,91,99,,,,152,,,60
2017-04-09 19:00:00,146,,,103,90,106,,,,145,,,65
2017-04-09 20:00:00,132,,,114,104,110,,,,169,,,59
2017-04-09 21:00:00,133,,,138,101,105,,,,153,,,62
2017-04-09 22:00:00,84,,,107,117,100,,,,123,,,96
2017-04-09 23:00:00,59,,,104,98,98,,,,134,,,89
2017-04-10 00:00:00,68,,,97,108,95,,,,119,,,85
2017-04-10 01:00:00,59,,,89,100,84,,,,115,,,75
2017-04-10 02:00:00,60,,,82,108,81,,,,118,,,73
2017-04-10 03:00:00,61,,,110,102,84,,,,119,,,79
2017-04-10 04:00:00,75,,,116,106,79,,,,122,,,91
2017-04-10 05:00:00,67,,,132,120,69,,,,120,,,113
2017-04-10 06:00:00,58,,,142,131,70,,,,105,,,107
2017-04-10 07:00:00,65,,,142,74,69,,,,86,,,234
2017-04-10 08:00:00,70,,,208,76,58,,,,85,,,140
2017-04-10 09:00:00,72,,,209,82,92,,,,88,,,86
2017-04-10 10:00:00,67,,,140,70,101,,,,101,,,74
2017-04-10 11:00:00,33,,,102,91,111,,,,99,,,65
2017-04-10 12:00:00,74,,,86,83,94,,,,118,,,62
2017-04-10 13:00:00,51,,,93,86,75,,,,134,,,64
2017-04-10 14:00:00,59,,,94,90,84,,,,140,,,55
2017-04-10 15:00:00,61,,,101,96,102,,,,135,,,52
2017-04-10 16:00:00,146,,,109,96,85,,,,175,,,95
2017-04-10 17:00:00,142,,,130,108,122,,,,179,,,78
2017-04-10 18:00:00,119,,,103,104,103,,,,154,,,77
2017-04-10 19:00:00,144,,,121,106,113,,,,194,,,73
2017-04-10 20:00:00,134,,,126,104,116,,,,187,,,73
2017-04-10 21:00:00,133,,,102,85,89,,,,106,,,64
2017-04-10 22:00:00,100,,,100,95,93,,,,107,,,65
2017-04-10 23:00:00,98,,,106,93,96,,,,118,,,58
2017-04-11 00:00:00,84,,,100,88,87,,,,119,,,54
2017-04-11 01:00:00,76,,,95,86,79,,,,104,,,53
2017-04-11 02:00:00,79,,,101,91,77,,,,94,,,59
2017-04-11 03:00:00,90,,,100,90,91,,,,97,,,62
2017-04-11 04:00:00,82,,,102,87,85,,,,100,,,62
2017-04-11 05:00:00,73,,,102,87,87,,,,107,,,59
2017-04-11 06:00:00,81,,,109,90,95,,,,118,,,67
2017-04-11 07:00:00,67,,,111,92,91,,,,124,,,68
2017-04-11 08:00:00,59,,,109,92,84,,,,121,,,61
2017-04-11 09:00:00,76,,,111,98,95,,,,127,,,64
2017-04-11 10:00:00,67,,,114,104,110,,,,142,,,56
2017-04-11 11:00:00,116,,,94,99,101,,,,160,,,56
2017-04-11 12:00:00,72,,,81,88,76,,,,126,,,45
2017-04-11 13:00:00,80,,,103,90,88,,,,132,,,59
2017-04-11 14:00:00,131,,,105,90,91,,,,140,,,68
2017-04-11 15:00:00,148,,,115,98,104,,,,146,,,74
2017-04-11 16:00:00,157,,,119,97,106,,,,171,,,75
2017-04-11 17:00:00,143,,,130,98,113,,,,164,,,65
2017-04-11 18:00:00,149,,,117,100,107,,,,160,,,69
2017-04-11 19:00:00,119,,,124,98,107,,,,148,,,56
2017-04-11 20:00:00,120,,,100,100,94,,,,109,,,73
2017-04-11 21:00:00,145,,,115,96,98,,,,122,,,67
2017-04-11 22:00:00,121,,,105,81,100,,,,120,,,62
2017-04-11 23:00:00,103,,,99,89,80,,,,108,,,62
2017-04-12 00:00:00,50,,,32,102,1,,,,65,,,
2017-04-12 01:00:00,298,,,224,128,158,,,,328,,,
2017-04-12 02:00:00,226,,,171,142,240,,,,287,,,
2017-04-12 03:00:00,202,,,92,111,162,,,,267,,,273
2017-04-12 04:00:00,143,,,127,85,126,,,,174,,,136
2017-04-12 05:00:00,127,,,127,85,123,,,,179,,,75
2017-04-12 06:00:00,124,,,118,110,300,,,,200,,,207
2017-04-12 07:00:00,221,,,255,240,304,,,,305,,,206
2017-04-12 08:00:00,3,,,345,258,345,,,,35,,,305
2017-04-12 09:00:00,152,,,228,102,215,,,,211,,,105
2017-04-12 10:00:00,114,,,121,134,66,,,,165,,,74
2017-04-12 11:00:00,51,,,78,97,75,,,,138,,,57
2017-04-12 12:00:00,70,,,99,93,60,,,,106,,,61
2017-04-12 13:00:00,78,,,100,84,87,,,,107,,,57
2017-04-12 14:00:00,86,,,96,92,98,,,,98,,,54
2017-04-12 15:00:00,80,,,95,95,86,,,,128,,,57
2017-04-12 16:00:00,97,,,101,94,95,,,,136,,,68
2017-04-12 17:00:00,147,,,104,94,92,,,,148,,,86
2017-04-12 18:00:00,141,,,104,98,106,,,,131,,,92
2017-04-12 19:00:00,151,,,109,102,111,,,,144,,,81
2017-04-12 20:00:00,142,,,114,93,103,,,,125,,,68
2017-04-12 21:00:00,84,,,102,89,102,,,,136,,,67
2017-04-12 22:00:00,81,,,97,91,90,,,,97,,,77
2017-04-12 23:00:00,75,,,115,84,89,,,,165,,,73
2017-04-13 00:00:00,134,,,102,92,75,,,,143,,,68
2017-04-13 01:00:00,131,,,108,83,78,,,,107,,,66
2017-04-13 02:00:00,110,,,109,87,84,,,,120,,,62
2017-04-13 03:00:00,134,,,113,90,92,,,,129,,,66
2017-04-13 04:00:00,127,,,117,88,97,,,,126,,,65
2017-04-13 05:00:00,108,,,111,85,95,,,,120,,,94
2017-04-13 06:00:00,92,,,112,90,88,,,,114,,,126
2017-04-13 07:00:00,91,,,104,93,77,,,,108,,,95
2017-04-13 08:00:00,70,,,112,90,66,,,,93,,,76
2017-04-13 09:00:00,67,,,97,92,62,,,,,,,76
2017-04-13 10:00:00,76,,,84,91,72,,,,,,,66
2017-04-13 11:00:00,80,,,101,94,82,,,,,,,60
2017-04-13 12:00:00,78,,,112,91,83,,,,137,,,58
2017-04-13 13:00:00,87,,,104,83,90,,,,126,,,45
2017-04-13 14:00:00,85,,,108,84,103,,,,200,,,55
2017-04-13 15:00:00,119,,,108,91,131,,,,164,,,69
2017-04-13 16:00:00,126,,,152,87,116,,,,178,,,71
2017-04-13 17:00:00,145,,,126,95,143,,,,209,,,65
2017-04-13 18:00:00,134,,,123,83,133,,,,193,,,57
2017-04-13 19:00:00,126,,,125,83,115,,,,138,,,57
2017-04-13 20:00:00,132,,,106,89,104,,,,145,,,69
2017-04-13 21:00:00,134,,,105,89,105,,,,133,,,60
2017-04-13 22:00:00,87,,,107,86,95,,,,132,,,62
2017-04-13 23:00:00,82,,,108,85,97,,,,123,,,62
2017-04-14 00:00:00,74,,,104,91,83,,,,117,,,63
2017-04-14 01:00:00,67,,,104,83,83,,,,114,,,64
2017-04-14 02:00:00,58,,,107,93,90,,,,104,,,76
2017-04-14 03:00:00,62,,,92,96,72,,,,94,,,89
2017-04-14 04:00:00,69,,,100,97,73,,,,91,,,69
2017-04-14 05:00:00,80,,,121,104,67,,,,92,,,87
2017-04-14 06:00:00,89,,,142,105,74,,,,95,,,94
2017-04-14 07:00:00,54,,,115,94,78,,,,102,,,97
2017-04-14 08:00:00,84,,,115,94,93,,,,113,,,100
2017-04-14 09:00:00,88,,,110,91,97,,,,115,,,67
2017-04-14 10:00:00,79,,,109,85,92,,,,133,,,69
2017-04-14 11:00:00,67,,,109,90,91,,,,145,,,64
2017-04-14 12:00:00,57,,,107,109,106,,,,137,,,64
2017-04-14 13:00:00,108,,,109,105,104,,,,152,,,71
2017-04-14 14:00:00,98,,,102,98,105,,,,148,,,55
2017-04-14 15:00:00,141,,,108,88,103,,,,142,,,67
2017-04-14 16:00:00,143,,,115,112,101,,,,140,,,62
2017-04-14 17:00:00,143,,,111,100,106,,,,144,,,70
2017-04-14 18:00:00,130,,,110,95,101,,,,151,,,70
2017-04-14 19:00:00,112,,,106,91,105,,,,154,,,69
2017-04-14 20:00:00,113,,,104,88,104,,,,148,,,69
2017-04-14 21:00:00,107,,,103,97,102,,,,120,,,68
2017-04-14 22:00:00,87,,,104,89,98,,,,148,,,60
2017-04-14 23:00:00,119,,,105,84,99,,,,145,,,61
2017-04-15 00:00:00,65,,,105,89,91,,,,118,,,70
2017-04-15 01:00:00,56,,,99,90,80,,,,97,,,82
2017-04-15 02:00:00,76,,,97,86,87,,,,109,,,80
2017-04-15 03:00:00,44,,,92,99,90,,,,109,,,77
2017-04-15 04:00:00,42,,,80,143,74,,,,93,,,90
2017-04-15 05:00:00,61,,,72,149,66,,,,80,,,119
2017-04-15 06:00:00,95,,,106,136,78,,,,86,,,108
2017-04-15 07:00:00,73,,,145,129,58,,,,97,,,97
2017-04-15 08:00:00,107,,,142,106,87,,,,115,,,94
2017-04-15 09:00:00,88,,,124,91,93,,,,126,,,75
2017-04-15 10:00:00,60,,,87,84,75,,,,116,,,67
2017-04-15 11:00:00,65,,,107,95,97,,,,182,,,86
2017-04-15 12:00:00,73,,,132,98,112,,,,130,,,90
2017-04-15 13:00:00,39,,,40,99,60,,,,92,,,83
2017-04-15 14:00:00,69,,,82,100,68,,,,115,,,73
2017-04-15 15:00:00,81,,,107,104,88,,,,155,,,84
2017-04-15 16:00:00,101,,,108,106,104,,,,190,,,71
2017-04-15 17:00:00,122,,,104,112,95,,,,156,,,67
2017-04-15 18:00:00,123,,,100,91,117,,,,195,,,83
2017-04-15 19:00:00,77,,,112,93,122,,,,181,,,91
2017-04-15 20:00:00,46,,,111,99,118,,,,145,,,94
2017-04-15 21:00:00,49,,,123,102,251,,,,117,,,75
2017-04-15 22:00:00,90,,,109,93,85,,,,153,,,62
2017-04-15 23:00:00,72,,,101,89,88,,,,125,,,60
2017-04-16 00:00:00,64,,,91,89,78,,,,111,,,66
2017-04-16 01:00:00,41,,,76,107,65,,,,96,,,78
2017-04-16 02:00:00,33,,,191,123,86,,,,95,,,113
2017-04-16 03:00:00,38,,,129,101,76,,,,91,,,106
2017-04-16 04:00:00,42,,,113,114,108,,,,74,,,99
2017-04-16 05:00:00,56,,,131,101,93,,,,47,,,102
2017-04-16 06:00:00,43,,,300,85,56,,,,100,,,99
2017-04-16 07:00:00,111,,,44,99,63,,,,116,,,91
2017-04-16 08:00:00,53,,,203,95,87,,,,93,,,102
2017-04-16 09:00:00,55,,,,106,59,,,,339,,,102
2017-04-16 10:00:00,16,,,262,76,321,,,,354,,,63
2017-04-16 11:00:00,6,,,274,50,6,,,,24,,,72
2017-04-16 12:00:00,95,,,341,87,107,,,,46,,,71
2017-04-16 13:00:00,79,,,102,90,99,,,,102,,,68
2017-04-16 14:00:00,82,,,88,100,83,,,,115,,,67
2017-04-16 15:00:00,113,,,106,97,89,,,,157,,,89
2017-04-16 16:00:00,144,,,121,99,115,,,,191,,,77
2017-04-16 17:00:00,140,,,132,105,105,,,,174,,,79
2017-04-16 18:00:00,142,,,102,115,99,,,,134,,,87
2017-04-16 19:00:00,47,,,100,103,95,,,,112,,,84
2017-04-16 20:00:00,41,,,99,101,36,,,,111,,,87
2017-04-16 21:00:00,25,,,44,113,37,,,,140,,,103
2017-04-16 22:00:00,82,,,85,115,87,,,,96,,,71
2017-04-16 23:00:00,113,,,111,100,97,,,,100,,,85
2017-04-17 00:00:00,83,,,115,101,112,,,,116,,,83
2017-04-17 01:00:00,59,,,101,96,85,,,,96,,,93
2017-04-17 02:00:00,56,,,88,99,64,,,,89,,,72
2017-04-17 03:00:00,81,,,85,110,63,,,,69,,,104
2017-04-17 04:00:00,59,,,134,142,99,,,,104,,,105
2017-04-17 05:00:00,82,,,192,133,73,,,,57,,,104
2017-04-17 06:00:00,108,,,128,124,103,,,,65,,,97
2017-04-17 07:00:00,95,,,133,100,116,,,,182,,,93
2017-04-17 08:00:00,82,,,119,108,99,,,,181,,,82
2017-04-17 09:00:00,60,,,124,94,79,,,,98,,,68
2017-04-17 10:00:00,75,,,104,83,91,,,,151,,,64
2017-04-17 11:00:00,63,,,122,80,89,,,,154,,,71
2017-04-17 12:00:00,68,,,97,93,87,,,,97,,,72
2017-04-17 13:00:00,115,,,93,100,94,,,,86,,,86
2017-04-17 14:00:00,154,,,136,100,110,,,,114,,,91
2017-04-17 15:00:00,136,,,128,115,113,,,,176,,,67
2017-04-17 16:00:00,124,,,118,102,104,,,,206,,,59
2017-04-17 17:00:00,138,,,103,107,96,,,,188,,,64
2017-04-17 18:00:00,140,,,103,113,117,,,,255,,,88
2017-04-17 19:00:00,250,,,279,107,238,,,,317,,,148
2017-04-17 20:00:00,244,,,331,39,289,,,,345,,,146
2017-04-17 21:00:00,198,,,60,148,335,,,,188,,,126
2017-04-17 22:00:00,200,,,147,121,28,,,,214,,,122
2017-04-17 23:00:00,257,,,231,1,4,,,,338,,,120
2017-04-18 00:00:00,184,,,256,192,217,,,,13,,,220
2017-04-18 01:00:00,229,,,194,187,189,,,,26,,,338
2017-04-18 02:00:00,212,,,122,156,83,,,,215,,,274
2017-04-18 03:00:00,212,,,124,192,110,,,,155,,,144
2017-04-18 04:00:00,148,,,118,129,93,,,,118,,,149
2017-04-18 05:00:00,105,,,152,104,67,,,,125,,,110
2017-04-18 06:00:00,36,,,286,45,359,,,,45,,,144
2017-04-18 07:00:00,98,,,277,246,14,,,,334,,,136
2017-04-18 08:00:00,52,,,312,129,346,,,,331,,,72
2017-04-18 09:00:00,3,,,290,52,324,,,,335,,,83
2017-04-18 10:00:00,347,,,310,85,305,,,,344,,,328
2017-04-18 11:00:00,19,,,341,65,14,,,,20,,,83
2017-04-18 12:00:00,30,,,271,63,58,,,,54,,,87
2017-04-18 13:00:00,21,,,84,92,95,,,,109,,,79
2017-04-18 14:00:00,66,,,103,91,85,,,,61,,,58
2017-04-18 15:00:00,91,,,76,95,60,,,,99,,,61
2017-04-18 16:00:00,100,,,103,97,72,,,,116,,,80
2017-04-18 17:00:00,101,,,79,102,79,,,,130,,,73
2017-04-18 18:00:00,99,,,96,106,64,,,,94,,,81
2017-04-18 19:00:00,108,,,85,86,77,,,,97,,,99
2017-04-18 20:00:00,123,,,103,87,95,,,,126,,,70
2017-04-18 21:00:00,135,,,107,98,115,,,,185,,,65
2017-04-18 22:00:00,133,,,111,113,119,,,,156,,,67
2017-04-18 23:00:00,116,,,113,104,112,,,,123,,,144
2017-04-19 00:00:00,122,,,111,184,119,,,,167,,,160
2017-04-19 01:00:00,134,,,170,190,46,,,,109,,,165
2017-04-19 02:00:00,343,,,278,190,305,,,,311,,,143
2017-04-19 03:00:00,246,,,294,226,310,,,,19,,,195
2017-04-19 04:00:00,269,,,307,256,317,,,,335,,,226
2017-04-19 05:00:00,236,,,311,261,292,,,,319,,,177
2017-04-19 06:00:00,261,,,301,274,278,,,,315,,,233
2017-04-19 07:00:00,248,,,309,199,272,,,,324,,,240
2017-04-19 08:00:00,239,,,315,139,305,,,,1,,,262
2017-04-19 09:00:00,74,,,331,21,8,,,,5,,,250
2017-04-19 10:00:00,41,,,30,62,85,,,,56,,,61
2017-04-19 11:00:00,45,,,161,80,82,,,,88,,,72
2017-04-19 12:00:00,73,,,104,90,90,,,,112,,,62
2017-04-19 13:00:00,86,,,128,116,86,,,,96,,,57
2017-04-19 14:00:00,64,,,105,97,90,,,,117,,,60
2017-04-19 15:00:00,86,,,92,96,91,,,,109,,,67
2017-04-19 16:00:00,94,,,92,98,93,,,,134,,,67
2017-04-19 17:00:00,150,,,98,95,93,,,,117,,,86
2017-04-19 18:00:00,141,,,99,90,86,,,,104,,,93
2017-04-19 19:00:00,134,,,106,93,86,,,,117,,,81
2017-04-19 20:00:00,135,,,108,95,85,,,,119,,,66
2017-04-19 21:00:00,135,,,105,122,97,,,,169,,,65
2017-04-19 22:00:00,119,,,103,98,101,,,,144,,,124
2017-04-19 23:00:00,126,,,104,95,111,,,,147,,,84
2017-04-20 00:00:00,114,,,104,101,106,,,,117,,,70
2017-04-20 01:00:00,56,,,143,142,86,,,,94,,,96
2017-04-20 02:00:00,41,,,314,172,92,,,,78,,,105
2017-04-20 03:00:00,46,,,278,94,87,,,,74,,,100
2017-04-20 04:00:00,42,,,285,106,86,,,,65,,,130
2017-04-20 05:00:00,36,,,280,123,84,,,,108,,,149
2017-04-20 06:00:00,19,,,286,108,76,,,,159,,,187
2017-04-20 07:00:00,6,,,295,95,76,,,,325,,,156
2017-04-20 08:00:00,349,,,290,243,357,,,,57,,,115
2017-04-20 09:00:00,32,,,315,350,5,,,,1,,,61
2017-04-20 10:00:00,32,,,18,50,33,,,,325,,,76
2017-04-20 11:00:00,29,,,82,80,59,,,,58,,,82
2017-04-20 12:00:00,74,,,121,83,83,,,,118,,,72
2017-04-20 13:00:00,70,,,102,97,91,,,,119,,,59
2017-04-20 14:00:00,79,,,105,100,100,,,,116,,,48
2017-04-20 15:00:00,99,,,100,99,91,,,,117,,,53
2017-04-20 16:00:00,117,,,106,96,86,,,,119,,,87
2017-04-20 17:00:00,137,,,97,97,95,,,,111,,,93
2017-04-20 18:00:00,116,,,112,93,95,,,,124,,,82
2017-04-20 19:00:00,96,,,115,101,105,,,,137,,,80
2017-04-20 20:00:00,124,,,109,103,104,,,,134,,,70
2017-04-20 21:00:00,118,,,106,98,104,,,,115,,,60
2017-04-20 22:00:00,115,,,107,92,99,,,,130,,,62
2017-04-20 23:00:00,130,,,109,94,106,,,,145,,,58
2017-04-21 00:00:00,108,,,103,90,105,,,,122,,,74
2017-04-21 01:00:00,68,,,113,98,83,,,,124,,,76
2017-04-21 02:00:00,44,,,132,146,92,,,,105,,,111
2017-04-21 03:00:00,67,,,152,129,95,,,,100,,,100
2017-04-21 04:00:00,59,,,124,126,83,,,,94,,,98
2017-04-21 05:00:00,83,,,110,155,76,,,,121,,,104
2017-04-21 06:00:00,87,,,114,185,83,,,,116,,,151
2017-04-21 07:00:00,81,,,95,136,65,,,,94,,,110
2017-04-21 08:00:00,30,,,132,101,43,,,,74,,,77
2017-04-21 09:00:00,24,,,271,224,57,,,,46,,,266
2017-04-21 10:00:00,25,,,293,34,69,,,,100,,,241
2017-04-21 11:00:00,32,,,306,63,56,,,,91,,,61
2017-04-21 12:00:00,59,,,120,76,58,,,,92,,,70
2017-04-21 13:00:00,67,,,138,87,68,,,,83,,,72
2017-04-21 14:00:00,72,,,110,87,83,,,,98,,,71
2017-04-21 15:00:00,73,,,91,91,100,,,,131,,,65
2017-04-21 16:00:00,69,,,103,90,79,,,,121,,,61
2017-04-21 17:00:00,101,,,103,102,86,,,,125,,,51
2017-04-21 18:00:00,141,,,99,97,104,,,,118,,,76
2017-04-21 19:00:00,146,,,104,98,103,,,,120,,,71
2017-04-21 20:00:00,139,,,105,100,100,,,,130,,,67
2017-04-21 21:00:00,137,,,107,114,106,,,,191,,,117
2017-04-21 22:00:00,153,,,122,150,129,,,,119,,,151
2017-04-21 23:00:00,84,,,123,178,112,,,,180,,,162
2017-04-22 00:00:00,44,,,15,123,105,,,,150,,,140
2017-04-22 01:00:00,23,,,109,116,101,,,,93,,,119
2017-04-22 02:00:00,354,,,142,106,68,,,,92,,,111
2017-04-22 03:00:00,59,,,262,116,44,,,,40,,,120
2017-04-22 04:00:00,22,,,287,94,32,,,,30,,,126
2017-04-22 05:00:00,50,,,271,48,339,,,,7,,,188
2017-04-22 06:00:00,336,,,293,318,305,,,,16,,,229
2017-04-22 07:00:00,294,,,329,170,289,,,,347,,,217
2017-04-22 08:00:00,,,,280,318,350,,,,12,,,91
2017-04-22 09:00:00,49,,,322,340,340,,,,13,,,73
2017-04-22 10:00:00,24,,,306,345,321,,,,359,,,74
2017-04-22 11:00:00,38,,,356,63,41,,,,2,,,96
2017-04-22 12:00:00,44,,,97,106,61,,,,36,,,107
2017-04-22 13:00:00,100,,,74,121,52,,,,72,,,92
2017-04-22 14:00:00,64,,,42,94,33,,,,98,,,67
2017-04-22 15:00:00,26,,,34,94,27,,,,106,,,44
2017-04-22 16:00:00,14,,,44,93,29,,,,110,,,47
2017-04-22 17:00:00,17,,,38,91,21,,,,103,,,55
2017-04-22 18:00:00,31,,,37,84,20,,,,94,,,55
2017-04-22 19:00:00,17,,,42,99,25,,,,58,,,94
2017-04-22 20:00:00,34,,,247,110,20,,,,325,,,94
2017-04-22 21:00:00,46,,,18,119,49,,,,317,,,105
2017-04-22 22:00:00,42,,,41,135,44,,,,314,,,85
2017-04-22 23:00:00,41,,,47,134,347,,,,315,,,76
2017-04-23 00:00:00,66,,,21,124,354,,,,316,,,89
2017-04-23 01:00:00,56,,,32,109,65,,,,321,,,115
2017-04-23 02:00:00,74,,,85,105,69,,,,322,,,101
2017-04-23 03:00:00,71,,,166,105,71,,,,324,,,101
2017-04-23 04:00:00,57,,,62,99,54,,,,335,,,103
2017-04-23 05:00:00,48,,,57,108,44,,,,330,,,100
2017-04-23 06:00:00,44,,,33,101,72,,,,337,,,103
2017-04-23 07:00:00,74,,,107,126,97,,,,325,,,108
2017-04-23 08:00:00,56,,,70,81,112,,,,328,,,99
2017-04-23 09:00:00,197,,,198,118,114,,,,122,,,94
2017-04-23 10:00:00,214,,,138,81,107,,,,105,,,112
2017-04-23 11:00:00,196,,,97,75,157,,,,66,,,94
2017-04-23 12:00:00,68,,,185,63,204,,,,315,,,91
2017-04-23 13:00:00,97,,,162,83,113,,,,319,,,95
2017-04-23 14:00:00,129,,,178,83,83,,,,25,,,108
2017-04-23 15:00:00,102,,,114,87,63,,,,89,,,116
2017-04-23 16:00:00,102,,,126,100,102,,,,113,,,97
2017-04-23 17:00:00,116,,,117,106,97,,,,118,,,98
2017-04-23 18:00:00,152,,,116,112,101,,,,140,,,102
2017-04-23 19:00:00,159,,,118,119,122,,,,157,,,83
2017-04-23 20:00:00,148,,,121,114,120,,,,189,,,85
2017-04-23 21:00:00,130,,,145,121,113,,,,202,,,69
2017-04-23 22:00:00,122,,,143,128,115,,,,194,,,86
2017-04-23 23:00:00,134,,,141,154,117,,,,192,,,99
2017-04-24 00:00:00,117,,,135,201,215,,,,184,,,131
2017-04-24 01:00:00,143,,,89,199,335,,,,142,,,132
2017-04-24 02:00:00,143,,,83,193,307,,,,90,,,148
2017-04-24 03:00:00,143,,,111,172,309,,,,127,,,133
2017-04-24 04:00:00,115,,,109,288,99,,,,175,,,175
2017-04-24 05:00:00,184,,,173,239,115,,,,221,,,155
2017-04-24 06:00:00,237,,,322,111,193,,,,238,,,132
2017-04-24 07:00:00,150,,,283,147,302,,,,163,,,134
2017-04-24 08:00:00,153,,,100,97,320,,,,111,,,95
2017-04-24 09:00:00,126,,,108,60,51,,,,93,,,77
2017-04-24 10:00:00,137,,,71,64,79,,,,136,,,76
2017-04-24 11:00:00,72,,,130,71,85,,,,111,,,88
2017-04-24 12:00:00,93,,,125,74,102,,,,126,,,86
2017-04-24 13:00:00,81,,,113,83,104,,,,122,,,76
2017-04-24 14:00:00,61,,,113,81,112,,,,119,,,77
2017-04-24 15:00:00,60,,,104,87,100,,,,131,,,71
2017-04-24 16:00:00,86,,,104,93,98,,,,128,,,65
2017-04-24 17:00:00,112,,,103,95,95,,,,136,,,71
2017-04-24 18:00:00,91,,,120,95,98,,,,108,,,84
2017-04-24 19:00:00,120,,,107,112,103,,,,118,,,78
2017-04-24 20:00:00,85,,,95,106,111,,,,121,,,90
2017-04-24 21:00:00,51,,,125,111,86,,,,66,,,102
2017-04-24 22:00:00,74,,,149,122,70,,,,74,,,119
2017-04-24 23:00:00,71,,,298,98,130,,,,264,,,115
2017-04-25 00:00:00,244,,,319,162,217,,,,120,,,158
2017-04-25 01:00:00,262,,,288,252,195,,,,134,,,189
2017-04-25 02:00:00,270,,,312,273,297,,,,62,,,173
2017-04-25 03:00:00,252,,,312,315,299,,,,14,,,214
2017-04-25 04:00:00,248,,,304,219,296,,,,12,,,242
2017-04-25 05:00:00,283,,,331,209,298,,,,5,,,266
2017-04-25 06:00:00,177,,,324,265,342,,,,263,,,256
2017-04-25 07:00:00,248,,,336,284,286,,,,248,,,256
2017-04-25 08:00:00,236,,,303,302,275,,,,218,,,248
2017-04-25 09:00:00,113,,,291,306,258,,,,174,,,246
2017-04-25 10:00:00,50,,,297,299,264,,,,141,,,288
2017-04-25 11:00:00,327,,,293,305,268,,,,183,,,294
2017-04-25 12:00:00,332,,,300,304,277,,,,313,,,304
2017-04-25 13:00:00,348,,,306,308,289,,,,304,,,307
2017-04-25 14:00:00,350,,,285,,272,,,,225,,,107
2017-04-25 15:00:00,75,,,282,322,354,,,,165,,,109
2017-04-25 16:00:00,132,,,300,319,138,,,,164,,,121
2017-04-25 17:00:00,157,,,98,322,98,,,,164,,,93
2017-04-25 18:00:00,157,,,121,325,114,,,,161,,,86
2017-04-25 19:00:00,160,,,147,345,129,,,,151,,,78
2017-04-25 20:00:00,159,,,128,75,141,,,,189,,,116
2017-04-25 21:00:00,214,,,107,226,152,,,,173,,,225
2017-04-25 22:00:00,204,,,148,244,300,,,,191,,,240
2017-04-25 23:00:00,221,,,313,278,275,,,,145,,,245
2017-04-26 00:00:00,208,,,286,228,126,,,,118,,,191
2017-04-26 01:00:00,292,,,305,221,285,,,,193,,,174
2017-04-26 02:00:00,255,,,299,274,303,,,,32,,,254
2017-04-26 03:00:00,276,,,316,287,282,,,,357,,,261
2017-04-26 04:00:00,227,,,309,299,323,,,,356,,,241
2017-04-26 05:00:00,265,,,301,285,267,,,,320,,,252
2017-04-26 06:00:00,256,,,311,286,257,,,,300,,,241
2017-04-26 07:00:00,296,,,304,288,264,,,,298,,,258
2017-04-26 08:00:00,284,,,301,298,264,,,,310,,,270
2017-04-26 09:00:00,300,,,305,293,264,,,,,,,284
2017-04-26 10:00:00,311,,,295,288,258,,,,,,,275
2017-04-26 11:00:00,310,,,281,287,260,,,,,,,281
2017-04-26 12:00:00,319,,,292,297,256,,,,,,,285
2017-04-26 13:00:00,326,,,292,294,256,,,,,,,290
2017-04-26 14:00:00,322,,,300,299,266,,,,,,,289
2017-04-26 15:00:00,327,,,300,296,262,,,,320,,,287
2017-04-26 16:00:00,329,,,302,285,267,,,,304,,,286
2017-04-26 17:00:00,343,,,310,301,357,,,,111,,,291
2017-04-26 18:00:00,99,,,99,333,76,,,,95,,,23
2017-04-26 19:00:00,98,,,101,104,91,,,,99,,,66
2017-04-26 20:00:00,113,,,105,104,106,,,,134,,,64
2017-04-26 21:00:00,133,,,108,95,105,,,,203,,,67
2017-04-26 22:00:00,138,,,106,103,107,,,,212,,,70
2017-04-26 23:00:00,121,,,101,102,98,,,,175,,,78
2017-04-27 00:00:00,113,,,110,93,276,,,,199,,,83
2017-04-27 01:00:00,132,,,103,91,296,,,,181,,,81
2017-04-27 02:00:00,109,,,101,97,88,,,,292,,,85
2017-04-27 03:00:00,67,,,95,93,107,,,,177,,,91
2017-04-27 04:00:00,82,,,115,99,81,,,,119,,,97
2017-04-27 05:00:00,45,,,128,118,347,,,,123,,,97
2017-04-27 06:00:00,26,,,144,114,301,,,,113,,,103
2017-04-27 07:00:00,41,,,175,110,31,,,,92,,,113
2017-04-27 08:00:00,59,,,157,108,39,,,,157,,,99
2017-04-27 09:00:00,39,,,122,122,108,,,,145,,,84
2017-04-27 10:00:00,55,,,97,96,108,,,,132,,,73
2017-04-27 11:00:00,69,,,99,88,93,,,,135,,,51
2017-04-27 12:00:00,78,,,107,98,92,,,,129,,,41
2017-04-27 13:00:00,139,,,97,98,99,,,,145,,,42
2017-04-27 14:00:00,129,,,98,91,92,,,,144,,,66
2017-04-27 15:00:00,128,,,95,85,99,,,,155,,,69
2017-04-27 16:00:00,100,,,101,80,102,,,,133,,,68
2017-04-27 17:00:00,102,,,114,87,99,,,,117,,,76
2017-04-27 18:00:00,136,,,103,88,91,,,,129,,,81
2017-04-27 19:00:00,142,,,118,98,107,,,,150,,,73
2017-04-27 20:00:00,141,,,112,97,105,,,,120,,,66
2017-04-27 21:00:00,104,,,108,86,102,,,,135,,,69
2017-04-27 22:00:00,115,,,99,92,106,,,,134,,,57
2017-04-27 23:00:00,88,,,99,95,106,,,,131,,,77
2017-04-28 00:00:00,57,,,124,149,92,,,,129,,,91
2017-04-28 01:00:00,64,,,143,138,117,,,,102,,,103
2017-04-28 02:00:00,58,,,151,107,110,,,,116,,,109
2017-04-28 03:00:00,353,,,149,242,121,,,,121,,,160
2017-04-28 04:00:00,355,,,149,260,111,,,,105,,,226
2017-04-28 05:00:00,354,,,308,263,297,,,,97,,,164
2017-04-28 06:00:00,352,,,303,226,293,,,,330,,,197
2017-04-28 07:00:00,231,,,321,209,282,,,,,,,227
2017-04-28 08:00:00,209,,,103,175,164,,,,11,,,249
2017-04-28 09:00:00,130,,,122,338,92,,,,68,,,288
2017-04-28 10:00:00,88,,,144,312,107,,,,213,,,88
2017-04-28 11:00:00,103,,,140,325,119,,,,182,,,86
2017-04-28 12:00:00,98,,,152,330,123,,,,123,,,83
2017-04-28 13:00:00,111,,,142,325,118,,,,102,,,78
2017-04-28 14:00:00,111,,,127,323,113,,,,117,,,68
2017-04-28 15:00:00,89,,,124,325,102,,,,189,,,59
2017-04-28 16:00:00,123,,,115,76,101,,,,141,,,66
2017-04-28 17:00:00,137,,,109,116,112,,,,136,,,102
2017-04-28 18:00:00,153,,,118,105,116,,,,134,,,99
2017-04-28 19:00:00,145,,,116,105,110,,,,145,,,71
2017-04-28 20:00:00,141,,,113,89,109,,,,185,,,56
2017-04-28 21:00:00,124,,,129,103,126,,,,140,,,63
2017-04-28 22:00:00,75,,,119,171,84,,,,137,,,79
2017-04-28 23:00:00,42,,,149,151,104,,,,141,,,136
2017-04-29 00:00:00,23,,,324,140,80,,,,143,,,124
2017-04-29 01:00:00,39,,,317,130,92,,,,111,,,112
2017-04-29 02:00:00,39,,,301,69,51,,,,86,,,116
2017-04-29 03:00:00,240,,,299,288,26,,,,18,,,171
2017-04-29 04:00:00,346,,,304,249,309,,,,22,,,231
2017-04-29 05:00:00,293,,,297,114,304,,,,13,,,253
2017-04-29 06:00:00,300,,,306,137,316,,,,35,,,272
2017-04-29 07:00:00,305,,,319,299,46,,,,238,,,287
2017-04-29 08:00:00,134,,,112,312,80,,,,178,,,275
2017-04-29 09:00:00,119,,,122,303,105,,,,169,,,258
2017-04-29 10:00:00,101,,,149,276,106,,,,34,,,294
2017-04-29 11:00:00,106,,,291,283,279,,,,108,,,294
2017-04-29 12:00:00,107,,,277,298,274,,,,118,,,294
2017-04-29 13:00:00,92,,,295,306,276,,,,129,,,315
2017-04-29 14:00:00,107,,,315,318,41,,,,133,,,81
2017-04-29 15:00:00,114,,,125,304,95,,,,192,,,92
2017-04-29 16:00:00,140,,,110,305,109,,,,161,,,74
2017-04-29 17:00:00,164,,,112,311,121,,,,121,,,100
2017-04-29 18:00:00,150,,,112,6,117,,,,126,,,89
2017-04-29 19:00:00,126,,,107,94,97,,,,112,,,56
2017-04-29 20:00:00,119,,,102,138,107,,,,227,,,75
2017-04-29 21:00:00,91,,,82,168,253,,,,250,,,146
2017-04-29 22:00:00,13,,,40,147,15,,,,341,,,99
2017-04-29 23:00:00,44,,,29,124,8,,,,341,,,89
2017-04-30 00:00:00,54,,,35,128,6,,,,335,,,103
2017-04-30 01:00:00,54,,,37,148,2,,,,337,,,105
2017-04-30 02:00:00,62,,,46,145,39,,,,334,,,99
2017-04-30 03:00:00,72,,,181,125,133,,,,323,,,101
2017-04-30 04:00:00,84,,,153,131,134,,,,321,,,92
2017-04-30 05:00:00,116,,,197,108,121,,,,318,,,98
2017-04-30 06:00:00,78,,,191,142,94,,,,313,,,102
2017-04-30 07:00:00,54,,,243,230,303,,,,310,,,129
2017-04-30 08:00:00,65,,,77,289,45,,,,321,,,68
2017-04-30 09:00:00,32,,,54,52,31,,,,337,,,72
2017-04-30 10:00:00,58,,,38,83,35,,,,343,,,75
2017-04-30 11:00:00,60,,,116,77,69,,,,343,,,69
2017-04-30 12:00:00,78,,,114,85,105,,,,327,,,75
2017-04-30 13:00:00,91,,,115,87,106,,,,121,,,58
2017-04-30 14:00:00,71,,,119,83,56,,,,27,,,68
2017-04-30 15:00:00,81,,,120,88,87,,,,121,,,54
2017-04-30 16:00:00,96,,,125,91,84,,,,109,,,62
2017-04-30 17:00:00,92,,,103,96,88,,,,131,,,57
2017-04-30 18:00:00,114,,,102,97,84,,,,123,,,69
2017-04-30 19:00:00,96,,,104,92,85,,,,126,,,70
2017-04-30 20:00:00,104,,,109,93,94,,,,127,,,65
2017-04-30 21:00:00,134,,,108,95,107,,,,176,,,57
2017-04-30 22:00:00,137,,,109,97,114,,,,195,,,54
2017-04-30 23:00:00,143,,,104,113,110,,,,183,,,65
2017-05-01 00:00:00,,,,,,,,,,,,,
2017-05-01 01:00:00,125,,,107,104,91,,,,116,,,139
2017-05-01 02:00:00,50,,,129,126,70,,,,125,,,80
2017-05-01 03:00:00,11,,,282,181,52,,,,80,,,114
2017-05-01 04:00:00,51,,,268,111,318,,,,6,,,103
2017-05-01 05:00:00,30,,,259,75,66,,,,334,,,81
2017-05-01 06:00:00,355,,,292,111,203,,,,8,,,80
2017-05-01 07:00:00,30,,,303,308,339,,,,44,,,138
2017-05-01 08:00:00,22,,,314,63,45,,,,120,,,64
2017-05-01 09:00:00,12,,,47,69,61,,,,126,,,72
2017-05-01 10:00:00,67,,,141,73,84,,,,124,,,84
2017-05-01 11:00:00,66,,,139,88,94,,,,139,,,81
2017-05-01 12:00:00,63,,,130,90,92,,,,155,,,69
2017-05-01 13:00:00,54,,,89,93,94,,,,153,,,54
2017-05-01 14:00:00,119,,,117,97,108,,,,132,,,62
2017-05-01 15:00:00,111,,,109,91,108,,,,134,,,66
2017-05-01 16:00:00,135,,,107,89,97,,,,132,,,65
2017-05-01 17:00:00,140,,,114,85,92,,,,126,,,68
2017-05-01 18:00:00,127,,,114,90,95,,,,125,,,75
2017-05-01 19:00:00,125,,,116,99,106,,,,143,,,79
2017-05-01 20:00:00,141,,,122,99,104,,,,123,,,81
2017-05-01 21:00:00,120,,,109,88,107,,,,143,,,70
2017-05-01 22:00:00,122,,,105,85,105,,,,136,,,59
2017-05-01 23:00:00,109,,,98,87,97,,,,118,,,51
2017-05-02 00:00:00,83,,,106,95,99,,,,111,,,61
2017-05-02 01:00:00,47,,,116,104,93,,,,112,,,82
2017-05-02 02:00:00,21,,,360,155,55,,,,101,,,101
2017-05-02 03:00:00,27,,,258,125,52,,,,53,,,107
2017-05-02 04:00:00,38,,,261,120,42,,,,52,,,104
2017-05-02 05:00:00,11,,,264,91,55,,,,324,,,139
2017-05-02 06:00:00,18,,,296,109,348,,,,68,,,118
2017-05-02 07:00:00,15,,,282,94,298,,,,326,,,118
2017-05-02 08:00:00,38,,,289,51,56,,,,82,,,74
2017-05-02 09:00:00,12,,,39,69,72,,,,62,,,55
2017-05-02 10:00:00,10,,,170,79,90,,,,93,,,83
2017-05-02 11:00:00,50,,,119,93,103,,,,124,,,78
2017-05-02 12:00:00,72,,,105,103,91,,,,130,,,63
2017-05-02 13:00:00,50,,,104,104,93,,,,120,,,66
2017-05-02 14:00:00,109,,,90,,89,,,,113,,,52
2017-05-02 15:00:00,68,,,99,90,90,,,,123,,,52
2017-05-02 16:00:00,94,,,99,87,94,,,,126,,,63
2017-05-02 17:00:00,116,,,105,86,94,,,,124,,,63
2017-05-02 18:00:00,110,,,107,86,97,,,,123,,,75
2017-05-02 19:00:00,99,,,102,88,94,,,,120,,,68
2017-05-02 20:00:00,84,,,102,91,83,,,,124,,,70
2017-05-02 21:00:00,136,,,108,86,89,,,,118,,,68
2017-05-02 22:00:00,103,,,105,82,93,,,,119,,,68
2017-05-02 23:00:00,109,,,103,89,96,,,,113,,,53
2017-05-03 00:00:00,92,,,104,84,101,,,,121,,,57
2017-05-03 01:00:00,62,,,124,99,93,,,,111,,,78
2017-05-03 02:00:00,50,,,140,127,87,,,,118,,,88
2017-05-03 03:00:00,58,,,148,105,96,,,,122,,,102
2017-05-03 04:00:00,298,,,131,86,149,,,,89,,,109
2017-05-03 05:00:00,278,,,309,326,28,,,,29,,,193
2017-05-03 06:00:00,116,,,313,255,74,,,,35,,,224
2017-05-03 07:00:00,75,,,312,291,46,,,,113,,,224
2017-05-03 08:00:00,42,,,290,5,57,,,,97,,,83
2017-05-03 09:00:00,23,,,314,146,65,,,,85,,,50
2017-05-03 10:00:00,50,,,37,22,70,,,,67,,,33
2017-05-03 11:00:00,81,,,104,84,109,,,,100,,,73
2017-05-03 12:00:00,58,,,135,85,109,,,,75,,,80
2017-05-03 13:00:00,69,,,137,89,111,,,,84,,,77
2017-05-03 14:00:00,104,,,124,94,96,,,,126,,,71
2017-05-03 15:00:00,78,,,113,99,110,,,,128,,,61
2017-05-03 16:00:00,76,,,110,106,98,,,,121,,,64
2017-05-03 17:00:00,78,,,103,104,93,,,,142,,,55
2017-05-03 18:00:00,83,,,97,97,91,,,,119,,,58
2017-05-03 19:00:00,92,,,97,94,88,,,,78,,,73
2017-05-03 20:00:00,93,,,83,100,68,,,,74,,,63
2017-05-03 21:00:00,94,,,93,101,79,,,,64,,,73
2017-05-03 22:00:00,87,,,50,106,3,,,,66,,,96
2017-05-03 23:00:00,94,,,85,118,95,,,,108,,,88
2017-05-04 00:00:00,337,,,145,98,118,,,,221,,,72
2017-05-04 01:00:00,156,,,350,113,289,,,,215,,,47
2017-05-04 02:00:00,150,,,129,157,93,,,,208,,,74
2017-05-04 03:00:00,164,,,92,76,67,,,,264,,,72
2017-05-04 04:00:00,42,,,46,119,40,,,,352,,,65
2017-05-04 05:00:00,17,,,51,152,27,,,,296,,,95
2017-05-04 06:00:00,63,,,126,144,80,,,,331,,,111
2017-05-04 07:00:00,71,,,109,118,75,,,,147,,,91
2017-05-04 08:00:00,56,,,73,108,73,,,,164,,,78
2017-05-04 09:00:00,52,,,65,105,57,,,,155,,,73
2017-05-04 10:00:00,48,,,60,100,54,,,,144,,,61
2017-05-04 11:00:00,83,,,108,84,60,,,,161,,,63
2017-05-04 12:00:00,42,,,131,100,46,,,,203,,,71
2017-05-04 13:00:00,26,,,156,110,66,,,,299,,,87
2017-05-04 14:00:00,63,,,188,103,79,,,,314,,,99
2017-05-04 15:00:00,40,,,182,88,66,,,,313,,,110
2017-05-04 16:00:00,94,,,151,84,56,,,,27,,,120
2017-05-04 17:00:00,107,,,119,114,51,,,,38,,,123
2017-05-04 18:00:00,114,,,115,149,62,,,,125,,,118
2017-05-04 19:00:00,133,,,107,131,72,,,,149,,,122
2017-05-04 20:00:00,152,,,112,93,118,,,,152,,,83
2017-05-04 21:00:00,133,,,124,84,122,,,,175,,,58
2017-05-04 22:00:00,123,,,133,87,122,,,,215,,,57
2017-05-04 23:00:00,121,,,126,90,107,,,,160,,,68
2017-05-05 00:00:00,132,,,106,100,84,,,,360,,,124
2017-05-05 01:00:00,92,,,91,140,336,,,,237,,,132
2017-05-05 02:00:00,94,,,103,189,323,,,,341,,,112
2017-05-05 03:00:00,68,,,127,178,122,,,,75,,,102
2017-05-05 04:00:00,82,,,153,175,121,,,,119,,,94
2017-05-05 05:00:00,231,,,145,75,93,,,,96,,,115
2017-05-05 06:00:00,135,,,288,252,1,,,,234,,,205
2017-05-05 07:00:00,77,,,299,262,61,,,,358,,,238
2017-05-05 08:00:00,61,,,299,57,98,,,,57,,,82
2017-05-05 09:00:00,87,,,124,76,88,,,,80,,,90
2017-05-05 10:00:00,93,,,142,75,91,,,,97,,,86
2017-05-05 11:00:00,70,,,127,94,88,,,,123,,,70
2017-05-05 12:00:00,64,,,118,103,110,,,,89,,,61
2017-05-05 13:00:00,78,,,121,98,102,,,,89,,,52
2017-05-05 14:00:00,74,,,107,98,89,,,,92,,,55
2017-05-05 15:00:00,68,,,107,108,84,,,,81,,,58
2017-05-05 16:00:00,80,,,96,96,110,,,,135,,,61
2017-05-05 17:00:00,123,,,109,94,107,,,,135,,,74
2017-05-05 18:00:00,147,,,111,99,112,,,,139,,,84
2017-05-05 19:00:00,131,,,118,110,120,,,,138,,,79
2017-05-05 20:00:00,138,,,114,103,100,,,,119,,,73
2017-05-05 21:00:00,125,,,102,106,96,,,,188,,,67
2017-05-05 22:00:00,123,,,104,113,105,,,,185,,,91
2017-05-05 23:00:00,111,,,104,191,71,,,,152,,,139
2017-05-06 00:00:00,89,,,95,168,99,,,,106,,,135
2017-05-06 01:00:00,54,,,150,180,94,,,,162,,,126
2017-05-06 02:00:00,3,,,242,194,70,,,,86,,,140
2017-05-06 03:00:00,62,,,278,123,69,,,,85,,,127
2017-05-06 04:00:00,54,,,262,93,42,,,,14,,,110
2017-05-06 05:00:00,42,,,260,104,31,,,,37,,,93
2017-05-06 06:00:00,17,,,287,106,289,,,,343,,,138
2017-05-06 07:00:00,28,,,284,26,293,,,,314,,,220
2017-05-06 08:00:00,19,,,332,71,350,,,,73,,,41
2017-05-06 09:00:00,22,,,335,69,76,,,,97,,,71
2017-05-06 10:00:00,39,,,137,79,71,,,,107,,,90
2017-05-06 11:00:00,66,,,131,102,98,,,,117,,,77
2017-05-06 12:00:00,54,,,111,93,101,,,,132,,,61
2017-05-06 13:00:00,79,,,112,95,89,,,,139,,,51
2017-05-06 14:00:00,100,,,109,91,89,,,,120,,,65
2017-05-06 15:00:00,142,,,106,89,92,,,,125,,,69
2017-05-06 16:00:00,134,,,104,84,89,,,,123,,,67
2017-05-06 17:00:00,121,,,103,87,96,,,,125,,,70
2017-05-06 18:00:00,114,,,104,92,92,,,,126,,,72
2017-05-06 19:00:00,105,,,110,94,98,,,,129,,,76
2017-05-06 20:00:00,130,,,112,98,101,,,,139,,,72
2017-05-06 21:00:00,130,,,112,103,97,,,,117,,,73
2017-05-06 22:00:00,95,,,108,88,104,,,,133,,,61
2017-05-06 23:00:00,113,,,108,87,115,,,,134,,,62
2017-05-07 00:00:00,83,,,104,91,102,,,,121,,,69
2017-05-07 01:00:00,65,,,117,97,84,,,,103,,,72
2017-05-07 02:00:00,59,,,138,119,100,,,,111,,,92
2017-05-07 03:00:00,61,,,186,90,106,,,,92,,,101
2017-05-07 04:00:00,70,,,207,97,107,,,,101,,,93
2017-05-07 05:00:00,83,,,187,117,104,,,,117,,,80
2017-05-07 06:00:00,92,,,179,133,77,,,,103,,,86
2017-05-07 07:00:00,56,,,234,160,75,,,,99,,,86
2017-05-07 08:00:00,65,,,259,114,78,,,,112,,,92
2017-05-07 09:00:00,78,,,241,94,82,,,,97,,,93
2017-05-07 10:00:00,35,,,172,93,83,,,,145,,,79
2017-05-07 11:00:00,81,,,132,103,86,,,,130,,,81
2017-05-07 12:00:00,51,,,110,93,96,,,,121,,,70
2017-05-07 13:00:00,70,,,105,102,94,,,,129,,,59
2017-05-07 14:00:00,118,,,105,98,94,,,,128,,,68
2017-05-07 15:00:00,137,,,105,94,99,,,,125,,,68
2017-05-07 16:00:00,139,,,111,93,105,,,,119,,,67
2017-05-07 17:00:00,147,,,108,92,102,,,,149,,,71
2017-05-07 18:00:00,137,,,116,94,110,,,,159,,,64
2017-05-07 19:00:00,129,,,117,91,115,,,,161,,,69
2017-05-07 20:00:00,130,,,102,92,99,,,,117,,,66
2017-05-07 21:00:00,99,,,92,91,79,,,,109,,,66
2017-05-07 22:00:00,96,,,103,75,88,,,,113,,,59
2017-05-07 23:00:00,94,,,95,80,95,,,,105,,,59
2017-05-08 00:00:00,79,,,96,78,87,,,,103,,,54
2017-05-08 01:00:00,75,,,99,78,88,,,,112,,,54
2017-05-08 02:00:00,63,,,112,78,88,,,,111,,,66
2017-05-08 03:00:00,58,,,102,96,77,,,,125,,,88
2017-05-08 04:00:00,81,,,112,124,77,,,,118,,,86
2017-05-08 05:00:00,77,,,133,119,87,,,,98,,,104
2017-05-08 06:00:00,51,,,90,133,89,,,,90,,,101
2017-05-08 07:00:00,60,,,89,123,101,,,,93,,,95
2017-05-08 08:00:00,66,,,104,112,93,,,,92,,,81
2017-05-08 09:00:00,51,,,107,95,93,,,,86,,,78
2017-05-08 10:00:00,27,,,170,98,108,,,,89,,,104
2017-05-08 11:00:00,38,,,142,104,103,,,,74,,,98
2017-05-08 12:00:00,69,,,101,104,96,,,,40,,,79
2017-05-08 13:00:00,69,,,115,101,80,,,,73,,,69
2017-05-08 14:00:00,68,,,88,99,74,,,,100,,,58
2017-05-08 15:00:00,53,,,81,89,72,,,,162,,,49
2017-05-08 16:00:00,75,,,99,84,94,,,,219,,,56
2017-05-08 17:00:00,77,,,120,82,96,,,,235,,,62
2017-05-08 18:00:00,112,,,124,87,124,,,,230,,,61
2017-05-08 19:00:00,134,,,104,85,95,,,,142,,,64
2017-05-08 20:00:00,85,,,96,81,90,,,,95,,,66
2017-05-08 21:00:00,88,,,99,84,93,,,,111,,,56
2017-05-08 22:00:00,95,,,98,83,93,,,,120,,,50
2017-05-08 23:00:00,97,,,99,81,93,,,,124,,,50
2017-05-09 00:00:00,77,,,101,86,90,,,,125,,,51
2017-05-09 01:00:00,32,,,104,87,77,,,,117,,,80
2017-05-09 02:00:00,59,,,84,113,69,,,,103,,,97
2017-05-09 03:00:00,83,,,95,128,103,,,,91,,,66
2017-05-09 04:00:00,70,,,100,109,113,,,,95,,,62
2017-05-09 05:00:00,70,,,113,101,107,,,,97,,,62
2017-05-09 06:00:00,87,,,118,89,110,,,,109,,,90
2017-05-09 07:00:00,60,,,129,91,96,,,,130,,,89
2017-05-09 08:00:00,74,,,119,88,103,,,,122,,,86
2017-05-09 09:00:00,54,,,105,94,88,,,,116,,,74
2017-05-09 10:00:00,39,,,108,103,116,,,,148,,,87
2017-05-09 11:00:00,72,,,99,94,82,,,,145,,,75
2017-05-09 12:00:00,70,,,105,101,95,,,,145,,,61
2017-05-09 13:00:00,58,,,101,104,91,,,,153,,,46
2017-05-09 14:00:00,77,,,105,95,96,,,,136,,,43
2017-05-09 15:00:00,99,,,82,85,93,,,,79,,,61
2017-05-09 16:00:00,95,,,103,85,92,,,,58,,,65
2017-05-09 17:00:00,74,,,97,88,87,,,,83,,,60
2017-05-09 18:00:00,90,,,98,83,94,,,,251,,,58
2017-05-09 19:00:00,91,,,104,85,99,,,,217,,,72
2017-05-09 20:00:00,105,,,98,89,102,,,,117,,,78
2017-05-09 21:00:00,90,,,92,87,90,,,,112,,,64
2017-05-09 22:00:00,87,,,95,82,87,,,,121,,,46
2017-05-09 23:00:00,71,,,97,80,88,,,,129,,,44
2017-05-10 00:00:00,120,,122,102,83,83,,,,126,,,55
2017-05-10 01:00:00,130,,130,101,95,94,,,,131,,,59
2017-05-10 02:00:00,100,,127,102,108,110,,,,114,,,62
2017-05-10 03:00:00,84,,92,116,118,120,,,,81,,,90
2017-05-10 04:00:00,85,,94,132,108,98,,,,71,,,101
2017-05-10 05:00:00,69,,90,127,115,105,,,,64,,,104
2017-05-10 06:00:00,56,,111,144,80,102,,,,95,,,95
2017-05-10 07:00:00,67,,117,155,78,123,,,,93,,,99
2017-05-10 08:00:00,60,,102,164,79,107,,,,91,,,85
2017-05-10 09:00:00,76,,82,170,82,94,,,,92,,,78
2017-05-10 10:00:00,69,,87,123,82,134,,,,89,,,88
2017-05-10 11:00:00,78,,114,121,75,145,,,,124,,,89
2017-05-10 12:00:00,81,,131,123,84,117,,,,162,,,
2017-05-10 13:00:00,81,,139,127,87,105,,,,163,,,
2017-05-10 14:00:00,60,,131,96,103,108,,,,131,,,66
2017-05-10 15:00:00,75,,140,98,96,94,,,,150,,,63
2017-05-10 16:00:00,113,,139,103,97,102,,,,132,,,71
2017-05-10 17:00:00,112,,140,112,94,98,,,,129,,,77
2017-05-10 18:00:00,132,,139,119,100,109,,,,152,,,76
2017-05-10 19:00:00,144,,143,118,95,113,,,,148,,,73
2017-05-10 20:00:00,149,,127,105,97,101,,,,129,,,67
2017-05-10 21:00:00,102,,97,100,94,96,,,,96,,,80
2017-05-10 22:00:00,79,,107,98,85,93,,,,99,,,74
2017-05-10 23:00:00,84,,115,107,88,109,,,,131,,,73
2017-05-11 00:00:00,142,,108,109,106,97,,,,143,,,75
2017-05-11 01:00:00,39,,88,205,172,102,,,,134,,,134
2017-05-11 02:00:00,313,,68,239,138,38,,,,64,,,127
2017-05-11 03:00:00,14,,43,272,35,297,,,,359,,,151
2017-05-11 04:00:00,342,,334,285,330,285,,,,9,,,237
2017-05-11 05:00:00,325,,308,293,285,290,,,,354,,,262
2017-05-11 06:00:00,357,,316,304,278,284,,,,314,,,178
2017-05-11 07:00:00,339,,310,257,319,284,,,,314,,,109
2017-05-11 08:00:00,279,,342,221,332,324,,,,21,,,72
2017-05-11 09:00:00,46,,40,137,325,81,,,,57,,,62
2017-05-11 10:00:00,67,,12,178,327,98,,,,14,,,76
2017-05-11 11:00:00,80,,23,222,54,87,,,,1,,,79
2017-05-11 12:00:00,114,,12,117,104,78,,,,,,,91
2017-05-11 13:00:00,84,,12,115,103,71,,,,,,,86
2017-05-11 14:00:00,70,,67,115,111,57,,,,,,,84
2017-05-11 15:00:00,66,,135,111,103,57,,,,148,,,51
2017-05-11 16:00:00,111,,151,109,99,110,,,,137,,,50
2017-05-11 17:00:00,148,,147,112,99,100,,,,134,,,85
2017-05-11 18:00:00,142,,137,112,103,106,,,,125,,,89
2017-05-11 19:00:00,121,,127,110,107,108,,,,110,,,88
2017-05-11 20:00:00,99,,97,107,96,93,,,,101,,,73
2017-05-11 21:00:00,96,,99,102,89,94,,,,120,,,76
2017-05-11 22:00:00,95,,111,101,93,104,,,,125,,,72
2017-05-11 23:00:00,104,,143,105,100,114,,,,202,,,73
2017-05-12 00:00:00,130,,149,112,90,118,,,,146,,,72
2017-05-12 01:00:00,92,,90,98,91,84,,,,152,,,98
2017-05-12 02:00:00,47,,66,99,137,61,,,,263,,,87
2017-05-12 03:00:00,354,,16,235,138,318,,,,6,,,102
2017-05-12 04:00:00,311,,333,303,329,310,,,,3,,,158
2017-05-12 05:00:00,297,,313,296,221,290,,,,340,,,218
2017-05-12 06:00:00,239,,313,317,314,270,,,,325,,,232
2017-05-12 07:00:00,286,,324,311,302,269,,,,346,,,265
2017-05-12 08:00:00,349,,318,328,314,31,,,,330,,,277
2017-05-12 09:00:00,86,,343,4,343,54,,,,334,,,121
2017-05-12 10:00:00,26,,1,20,95,29,,,,341,,,71
2017-05-12 11:00:00,32,,351,27,102,14,,,,342,,,62
2017-05-12 12:00:00,64,,353,69,94,45,,,,107,,,75
2017-05-12 13:00:00,98,,22,36,107,46,,,,113,,,65
2017-05-12 14:00:00,80,,116,94,110,57,,,,139,,,70
2017-05-12 15:00:00,120,,142,108,97,80,,,,170,,,89
2017-05-12 16:00:00,149,,161,141,103,117,,,,183,,,95
2017-05-12 17:00:00,147,,157,152,107,150,,,,197,,,101
2017-05-12 18:00:00,159,,155,148,113,127,,,,191,,,102
2017-05-12 19:00:00,149,,153,150,139,139,,,,195,,,106
2017-05-12 20:00:00,155,,155,143,138,147,,,,206,,,101
2017-05-12 21:00:00,147,,139,123,109,124,,,,206,,,70
2017-05-12 22:00:00,138,,120,120,83,123,,,,173,,,106
2017-05-12 23:00:00,139,,114,126,105,97,,,,153,,,98
2017-05-13 00:00:00,101,,93,100,87,94,,,,85,,,82
2017-05-13 01:00:00,75,,89,98,92,97,,,,103,,,87
2017-05-13 02:00:00,52,,107,157,146,76,,,,85,,,105
2017-05-13 03:00:00,89,,74,291,135,54,,,,86,,,91
2017-05-13 04:00:00,84,,82,353,114,86,,,,107,,,98
2017-05-13 05:00:00,78,,156,42,124,95,,,,167,,,103
2017-05-13 06:00:00,358,,130,45,124,86,,,,220,,,100
2017-05-13 07:00:00,22,,79,326,131,45,,,,15,,,109
2017-05-13 08:00:00,36,,108,145,120,52,,,,42,,,106
2017-05-13 09:00:00,59,,124,148,95,61,,,,91,,,82
2017-05-13 10:00:00,69,,95,99,100,83,,,,93,,,71
2017-05-13 11:00:00,75,,115,104,89,85,,,,121,,,70
2017-05-13 12:00:00,69,,125,104,89,90,,,,127,,,61
2017-05-13 13:00:00,120,,113,103,90,93,,,,133,,,67
2017-05-13 14:00:00,146,,121,98,84,107,,,,128,,,76
2017-05-13 15:00:00,130,,122,109,86,108,,,,142,,,77
2017-05-13 16:00:00,137,,129,113,101,111,,,,118,,,77
2017-05-13 17:00:00,150,,136,124,102,115,,,,150,,,75
2017-05-13 18:00:00,141,,130,124,101,115,,,,154,,,72
2017-05-13 19:00:00,137,,127,124,102,108,,,,126,,,70
2017-05-13 20:00:00,110,,124,98,98,97,,,,131,,,70
2017-05-13 21:00:00,125,,141,104,83,113,,,,135,,,71
2017-05-13 22:00:00,124,,128,120,89,90,,,,100,,,84
2017-05-13 23:00:00,70,,115,132,111,96,,,,150,,,90
2017-05-14 00:00:00,164,,140,1,107,123,,,,190,,,109
2017-05-14 01:00:00,319,,180,357,87,110,,,,97,,,190
2017-05-14 02:00:00,22,,67,339,98,57,,,,139,,,98
2017-05-14 03:00:00,312,,104,297,78,322,,,,171,,,220
2017-05-14 04:00:00,72,,136,192,328,91,,,,180,,,106
2017-05-14 05:00:00,131,,150,125,115,120,,,,178,,,64
2017-05-14 06:00:00,143,,127,119,99,126,,,,115,,,102
2017-05-14 07:00:00,20,,48,255,73,352,,,,52,,,116
2017-05-14 08:00:00,55,,85,220,115,87,,,,98,,,80
2017-05-14 09:00:00,28,,139,216,79,83,,,,103,,,82
2017-05-14 10:00:00,48,,143,213,82,84,,,,107,,,79
2017-05-14 11:00:00,74,,136,133,77,74,,,,110,,,65
2017-05-14 12:00:00,68,,140,140,82,89,,,,108,,,68
2017-05-14 13:00:00,75,,117,128,92,117,,,,109,,,62
2017-05-14 14:00:00,64,,122,102,100,92,,,,,,,53
2017-05-14 15:00:00,78,,122,104,94,100,,,,,,,45
2017-05-14 16:00:00,146,,139,97,88,93,,,,,,,70
2017-05-14 17:00:00,154,,142,108,85,97,,,,,,,72
2017-05-14 18:00:00,125,,137,102,95,112,,,,,,,87
2017-05-14 19:00:00,144,,126,118,99,104,,,,,,,86
2017-05-14 20:00:00,140,,158,143,110,123,,,,,,,66
2017-05-14 21:00:00,123,,106,120,93,108,,,,,,,58
2017-05-14 22:00:00,110,,123,108,88,100,,,,,,,62
2017-05-14 23:00:00,122,,122,103,92,98,,,,,,,63
2017-05-15 00:00:00,97,,,104,90,91,,,,,,,67
2017-05-15 01:00:00,84,,,112,97,89,,,,,,,73
2017-05-15 02:00:00,60,,,107,92,88,,,,,,,77
2017-05-15 03:00:00,63,,,88,101,80,,,,,,,79
2017-05-15 04:00:00,79,,,90,100,84,,,,,,,75
2017-05-15 05:00:00,64,,,122,109,66,,,,,,,74
2017-05-15 06:00:00,59,,,153,111,64,,,,,,,118
2017-05-15 07:00:00,73,,,127,125,77,,,,,,,81
2017-05-15 08:00:00,75,,,155,113,76,,,,,,,85
2017-05-15 09:00:00,37,,,107,70,71,,,,,,,83
2017-05-15 10:00:00,16,,,131,70,80,,,,,,,72
2017-05-15 11:00:00,41,,,110,72,60,,,,,,,64
2017-05-15 12:00:00,64,,,117,82,94,,,,,,,74
2017-05-15 13:00:00,63,,,118,89,86,,,,124,,,66
2017-05-15 14:00:00,56,,,107,91,86,,,,131,,,56
2017-05-15 15:00:00,72,,,98,89,86,,,,130,,,50
2017-05-15 16:00:00,129,,,102,91,92,,,,124,,,61
2017-05-15 17:00:00,117,,,110,88,113,,,,141,,,62
2017-05-15 18:00:00,119,,,115,88,112,,,,145,,,71
2017-05-15 19:00:00,127,,,122,95,109,,,,132,,,64
2017-05-15 20:00:00,121,,,108,94,97,,,,110,,,68
2017-05-15 21:00:00,102,,,105,82,96,,,,123,,,56
2017-05-15 22:00:00,85,,,107,85,92,,,,117,,,53
2017-05-15 23:00:00,84,,,103,85,89,,,,116,,,50
2017-05-16 00:00:00,81,,,106,81,95,,,,123,,,52
2017-05-16 01:00:00,76,,,97,84,85,,,,113,,,57
2017-05-16 02:00:00,73,,,105,97,87,,,,119,,,60
2017-05-16 03:00:00,82,,,106,115,93,,,,121,,,67
2017-05-16 04:00:00,74,,,112,116,100,,,,123,,,89
2017-05-16 05:00:00,68,,,116,131,104,,,,120,,,79
2017-05-16 06:00:00,75,,,119,110,94,,,,98,,,82
2017-05-16 07:00:00,72,,,116,80,92,,,,80,,,78
2017-05-16 08:00:00,65,,,129,77,82,,,,114,,,84
2017-05-16 09:00:00,66,,,106,75,92,,,,123,,,73
2017-05-16 10:00:00,77,,,101,69,88,,,,124,,,54
2017-05-16 11:00:00,70,,,108,75,109,,,,128,,,63
2017-05-16 12:00:00,68,,,117,83,90,,,,137,,,56
2017-05-16 13:00:00,65,,,110,87,95,,,,134,,,59
2017-05-16 14:00:00,55,,,97,96,91,,,,141,,,50
2017-05-16 15:00:00,116,,,104,89,102,,,,137,,,43
2017-05-16 16:00:00,126,,,101,90,118,,,,136,,,66
2017-05-16 17:00:00,111,,,107,87,107,,,,140,,,72
2017-05-16 18:00:00,119,,,117,88,115,,,,147,,,74
2017-05-16 19:00:00,137,,,118,96,118,,,,159,,,73
2017-05-16 20:00:00,139,,,114,97,106,,,,133,,,62
2017-05-16 21:00:00,129,,,94,88,85,,,,101,,,60
2017-05-16 22:00:00,52,,,87,91,111,,,,102,,,69
2017-05-16 23:00:00,44,,,105,97,111,,,,89,,,102
2017-05-17 00:00:00,33,,119,129,119,97,,,,90,,,90
2017-05-17 01:00:00,358,,125,135,100,100,,,,78,,,104
2017-05-17 02:00:00,12,,127,146,84,101,,,,74,,,99
2017-05-17 03:00:00,44,,131,146,73,102,,,,77,,,106
2017-05-17 04:00:00,38,,124,153,323,96,,,,101,,,160
2017-05-17 05:00:00,102,,139,246,329,61,,,,61,,,227
2017-05-17 06:00:00,117,3,142,288,151,316,,,,355,,,219
2017-05-17 07:00:00,326,1,297,288,210,283,,,,250,,,204
2017-05-17 08:00:00,48,1,336,323,287,300,,,,29,,,293
2017-05-17 09:00:00,26,5,351,309,305,332,,,,44,,,69
2017-05-17 10:00:00,61,5,343,272,314,31,,,,47,,,85
2017-05-17 11:00:00,48,352,2,33,336,27,,,,58,,,84
2017-05-17 12:00:00,56,6,10,28,351,19,,,,86,,,88
2017-05-17 13:00:00,78,18,17,66,99,43,,,,123,,,70
2017-05-17 14:00:00,58,12,12,50,102,44,,,,135,,,61
2017-05-17 15:00:00,76,88,126,39,97,66,,,,120,,,39
2017-05-17 16:00:00,134,107,138,115,91,90,,,,109,,,94
2017-05-17 17:00:00,149,111,134,114,109,109,,,,115,,,88
2017-05-17 18:00:00,126,110,122,117,110,111,,,,117,,,86
2017-05-17 19:00:00,104,98,109,108,102,94,,,,106,,,73
2017-05-17 20:00:00,132,95,102,102,100,89,,,,124,,,70
2017-05-17 21:00:00,117,105,129,101,98,92,,,,148,,,74
2017-05-17 22:00:00,147,108,129,98,88,95,,,,131,,,66
2017-05-17 23:00:00,88,101,129,102,88,98,,,,127,,,63
2017-05-18 00:00:00,97,108,128,106,82,110,,,,136,,,62
2017-05-18 01:00:00,76,99,129,104,91,110,,,,135,,,83
2017-05-18 02:00:00,71,96,126,113,97,117,,,,136,,,94
2017-05-18 03:00:00,43,65,90,145,151,66,,,,169,,,103
2017-05-18 04:00:00,31,27,63,250,126,62,,,,55,,,110
2017-05-18 05:00:00,81,26,77,270,62,51,,,,62,,,116
2017-05-18 06:00:00,31,27,97,267,78,29,,,,67,,,112
2017-05-18 07:00:00,348,43,84,282,90,41,,,,80,,,144
2017-05-18 08:00:00,14,53,86,303,55,50,,,,95,,,118
2017-05-18 09:00:00,77,59,52,315,37,27,,,,88,,,124
2017-05-18 10:00:00,68,82,109,133,70,63,,,,116,,,78
2017-05-18 11:00:00,59,103,137,97,85,83,,,,112,,,65
2017-05-18 12:00:00,52,99,143,130,82,96,,,,138,,,66
2017-05-18 13:00:00,64,94,130,118,91,91,,,,109,,,72
2017-05-18 14:00:00,63,101,136,109,100,107,,,,114,,,60
2017-05-18 15:00:00,65,102,132,100,98,93,,,,122,,,58
2017-05-18 16:00:00,88,97,133,100,101,92,,,,131,,,56
2017-05-18 17:00:00,110,101,130,97,91,91,,,,140,,,64
2017-05-18 18:00:00,115,110,134,99,85,103,,,,137,,,71
2017-05-18 19:00:00,118,111,136,104,91,108,,,,146,,,70
2017-05-18 20:00:00,139,113,147,106,94,106,,,,152,,,66
2017-05-18 21:00:00,143,112,142,112,112,110,,,,154,,,65
2017-05-18 22:00:00,151,99,114,109,117,101,,,,127,,,69
2017-05-18 23:00:00,89,92,123,98,98,95,,,,128,,,64
2017-05-19 00:00:00,83,98,127,96,102,99,,,,134,,,59
2017-05-19 01:00:00,113,106,127,94,98,109,,,,126,,,70
2017-05-19 02:00:00,82,102,131,105,101,93,,,,124,,,65
2017-05-19 03:00:00,55,103,131,112,95,108,,,,118,,,72
2017-05-19 04:00:00,76,97,125,110,110,83,,,,117,,,82
2017-05-19 05:00:00,85,96,129,127,128,80,,,,117,,,93
2017-05-19 06:00:00,76,95,128,145,86,77,,,,111,,,94
2017-05-19 07:00:00,76,96,105,122,115,81,,,,107,,,99
2017-05-19 08:00:00,74,88,115,138,75,94,,,,99,,,78
2017-05-19 09:00:00,32,91,127,120,59,106,,,,95,,,61
2017-05-19 10:00:00,31,104,128,97,51,90,,,,100,,,57
2017-05-19 11:00:00,67,97,121,123,71,98,,,,115,,,60
2017-05-19 12:00:00,76,99,139,117,81,91,,,,154,,,69
2017-05-19 13:00:00,73,104,131,114,86,89,,,,122,,,60
2017-05-19 14:00:00,60,106,140,106,94,101,,,,144,,,51
2017-05-19 15:00:00,99,105,149,105,97,105,,,,152,,,40
2017-05-19 16:00:00,145,119,154,102,89,103,,,,145,,,70
2017-05-19 17:00:00,145,116,151,105,91,106,,,,157,,,63
2017-05-19 18:00:00,126,121,144,107,90,109,,,,152,,,72
2017-05-19 19:00:00,138,124,147,114,106,114,,,,157,,,69
2017-05-19 20:00:00,145,105,120,124,100,106,,,,116,,,64
2017-05-19 21:00:00,90,95,107,96,84,95,,,,102,,,55
2017-05-19 22:00:00,89,88,123,98,84,91,,,,125,,,54
2017-05-19 23:00:00,56,75,122,84,89,90,,,,120,,,65
2017-05-20 00:00:00,56,72,98,86,94,93,,,,100,,,80
2017-05-20 01:00:00,33,83,99,160,116,98,,,,125,,,87
2017-05-20 02:00:00,29,92,111,96,149,86,,,,102,,,93
2017-05-20 03:00:00,37,88,103,117,113,86,,,,92,,,98
2017-05-20 04:00:00,46,91,103,115,117,94,,,,96,,,101
2017-05-20 05:00:00,57,101,120,92,116,100,,,,153,,,88
2017-05-20 06:00:00,74,102,133,111,126,106,,,,125,,,99
2017-05-20 07:00:00,57,106,132,119,148,104,,,,138,,,103
2017-05-20 08:00:00,27,105,132,89,110,102,,,,161,,,96
2017-05-20 09:00:00,3,72,92,101,114,48,,,,120,,,113
2017-05-20 10:00:00,17,52,107,74,97,44,,,,69,,,92
2017-05-20 11:00:00,8,27,31,63,108,45,,,,11,,,92
2017-05-20 12:00:00,16,5,6,52,109,21,,,,25,,,90
2017-05-20 13:00:00,18,11,31,81,95,33,,,,27,,,97
2017-05-20 14:00:00,40,37,47,63,99,52,,,,49,,,82
2017-05-20 15:00:00,58,37,31,59,102,60,,,,35,,,77
2017-05-20 16:00:00,81,54,60,74,97,81,,,,91,,,74
2017-05-20 17:00:00,73,84,72,77,100,83,,,,110,,,68
2017-05-20 18:00:00,78,107,135,107,99,90,,,,114,,,69
2017-05-20 19:00:00,102,114,112,107,101,95,,,,102,,,73
2017-05-20 20:00:00,129,112,105,97,100,103,,,,107,,,81
2017-05-20 21:00:00,107,97,120,96,90,80,,,,110,,,74
2017-05-20 22:00:00,98,98,125,96,86,99,,,,122,,,70
2017-05-20 23:00:00,92,108,116,104,98,106,,,,128,,,70
2017-05-21 00:00:00,95,111,134,109,97,113,,,,130,,,62
2017-05-21 01:00:00,100,117,180,119,93,113,,,,167,,,70
2017-05-21 02:00:00,113,91,136,98,98,112,,,,165,,,66
2017-05-21 03:00:00,79,99,136,112,97,105,,,,97,,,70
2017-05-21 04:00:00,59,94,132,113,97,98,,,,133,,,79
2017-05-21 05:00:00,53,95,110,104,94,83,,,,114,,,73
2017-05-21 06:00:00,61,74,83,94,96,72,,,,95,,,65
2017-05-21 07:00:00,71,77,78,80,86,59,,,,98,,,63
2017-05-21 08:00:00,76,95,90,90,89,71,,,,108,,,61
2017-05-21 09:00:00,75,86,107,103,93,77,,,,109,,,59
2017-05-21 10:00:00,72,89,91,97,88,83,,,,128,,,50
2017-05-21 11:00:00,76,98,97,98,82,88,,,,129,,,46
2017-05-21 12:00:00,80,116,104,107,79,123,,,,157,,,51
2017-05-21 13:00:00,90,115,143,106,82,110,,,,198,,,55
2017-05-21 14:00:00,146,116,158,110,94,93,,,,206,,,67
2017-05-21 15:00:00,156,111,141,112,83,103,,,,168,,,63
2017-05-21 16:00:00,136,98,109,96,88,91,,,,112,,,74
2017-05-21 17:00:00,134,118,121,109,91,117,,,,166,,,71
2017-05-21 18:00:00,91,115,146,112,88,120,,,,217,,,66
2017-05-21 19:00:00,117,104,161,104,91,105,,,,283,,,67
2017-05-21 20:00:00,57,5,335,49,86,86,,,,331,,,86
2017-05-21 21:00:00,13,359,7,34,116,20,,,,32,,,83
2017-05-21 22:00:00,8,355,360,30,130,12,,,,60,,,51
2017-05-21 23:00:00,77,44,75,35,125,67,,,,95,,,107
2017-05-22 00:00:00,78,106,147,114,134,118,,,,139,,,87
2017-05-22 01:00:00,68,103,150,113,99,106,,,,185,,,66
2017-05-22 02:00:00,126,111,133,119,88,78,,,,197,,,70
2017-05-22 03:00:00,135,104,37,118,93,324,,,,192,,,102
2017-05-22 04:00:00,97,4,20,254,127,340,,,,113,,,134
2017-05-22 05:00:00,13,5,22,182,216,68,,,,47,,,112
2017-05-22 06:00:00,23,340,315,246,230,36,,,,306,,,106
2017-05-22 07:00:00,3,318,299,190,64,108,,,,313,,,117
2017-05-22 08:00:00,360,316,300,275,46,318,,,,314,,,90
2017-05-22 09:00:00,45,342,324,291,285,31,,,,324,,,48
2017-05-22 10:00:00,22,6,342,237,93,42,,,,325,,,68
2017-05-22 11:00:00,42,10,1,14,89,21,,,,349,,,89
2017-05-22 12:00:00,34,348,351,27,98,23,,,,356,,,64
2017-05-22 13:00:00,19,352,349,34,97,19,,,,358,,,89
2017-05-22 14:00:00,46,8,356,84,101,38,,,,4,,,96
2017-05-22 15:00:00,41,342,339,19,99,48,,,,320,,,75
2017-05-22 16:00:00,89,5,7,97,106,176,,,,271,,,78
2017-05-22 17:00:00,60,357,336,97,99,127,,,,267,,,81
2017-05-22 18:00:00,18,346,344,307,97,11,,,,303,,,72
2017-05-22 19:00:00,18,351,354,240,103,22,,,,246,,,83
2017-05-22 20:00:00,18,353,354,211,98,344,,,,233,,,91
2017-05-22 21:00:00,28,346,2,260,100,1,,,,126,,,103
2017-05-22 22:00:00,32,341,329,35,102,218,,,,103,,,114
2017-05-22 23:00:00,34,295,306,234,108,137,,,,223,,,122
2017-05-23 00:00:00,19,306,328,167,110,5,,,,251,,,118
2017-05-23 01:00:00,24,327,321,293,114,204,,,,338,,,102
2017-05-23 02:00:00,,278,266,284,144,241,,,,282,,,97
2017-05-23 03:00:00,343,310,300,297,135,295,,,,304,,,111
2017-05-23 04:00:00,340,298,290,268,162,241,,,,338,,,112
2017-05-23 05:00:00,337,253,258,75,98,201,,,,297,,,118
2017-05-23 06:00:00,192,207,304,110,98,172,,,,263,,,134
2017-05-23 07:00:00,133,332,337,108,64,124,,,,268,,,116
2017-05-23 08:00:00,166,229,284,119,90,135,,,,275,,,97
2017-05-23 09:00:00,293,341,298,136,40,98,,,,312,,,59
2017-05-23 10:00:00,50,91,108,71,142,99,,,,177,,,30
2017-05-23 11:00:00,356,65,135,57,11,121,,,,165,,,57
2017-05-23 12:00:00,44,58,107,104,70,72,,,,93,,,70
2017-05-23 13:00:00,87,82,114,86,94,90,,,,101,,,68
2017-05-23 14:00:00,90,113,138,106,97,111,,,,120,,,61
2017-05-23 15:00:00,95,108,131,113,97,101,,,,136,,,71
2017-05-23 16:00:00,103,111,134,109,107,106,,,,131,,,63
2017-05-23 17:00:00,106,97,116,105,100,108,,,,101,,,74
2017-05-23 18:00:00,89,88,122,94,97,93,,,,96,,,50
2017-05-23 19:00:00,83,100,124,103,90,90,,,,97,,,65
2017-05-23 20:00:00,66,56,93,42,92,11,,,,89,,,57
2017-05-23 21:00:00,93,359,358,32,128,3,,,,118,,,86
2017-05-23 22:00:00,220,30,341,58,120,47,,,,227,,,107
2017-05-23 23:00:00,173,350,342,107,105,68,,,,227,,,106
2017-05-24 00:00:00,22,2,359,35,115,22,,,,306,,,107
2017-05-24 01:00:00,10,1,2,30,129,16,,,,349,,,104
2017-05-24 02:00:00,24,354,359,79,132,10,,,,341,,,102
2017-05-24 03:00:00,41,354,354,50,116,45,,,,324,,,99
2017-05-24 04:00:00,85,2,356,57,105,97,,,,340,,,88
2017-05-24 05:00:00,73,357,344,73,107,70,,,,233,,,96
2017-05-24 06:00:00,103,334,335,62,136,70,,,,169,,,103
2017-05-24 07:00:00,186,310,286,319,120,359,,,,181,,,107
2017-05-24 08:00:00,2,300,292,292,97,286,,,,189,,,100
2017-05-24 09:00:00,327,297,178,305,89,301,,,,159,,,81
2017-05-24 10:00:00,9,296,237,311,80,350,,,,172,,,106
2017-05-24 11:00:00,24,350,349,233,65,32,,,,294,,,87
2017-05-24 12:00:00,13,335,348,327,67,92,,,,357,,,73
2017-05-24 13:00:00,24,340,336,252,81,140,,,,45,,,60
2017-05-24 14:00:00,93,321,108,103,89,123,,,,78,,,63
2017-05-24 15:00:00,77,92,112,127,104,86,,,,110,,,63
2017-05-24 16:00:00,81,103,142,112,105,109,,,,131,,,65
2017-05-24 17:00:00,80,113,141,110,102,97,,,,137,,,60
2017-05-24 18:00:00,146,111,147,104,99,103,,,,158,,,75
2017-05-24 19:00:00,154,117,148,111,101,107,,,,157,,,78
2017-05-24 20:00:00,136,110,144,140,113,106,,,,155,,,69
2017-05-24 21:00:00,130,96,144,119,125,100,,,,184,,,115
2017-05-24 22:00:00,151,97,144,115,126,181,,,,191,,,126
2017-05-24 23:00:00,136,98,132,114,165,111,,,,188,,,161
2017-05-25 00:00:00,158,95,134,129,148,121,,,,171,,,161
2017-05-25 01:00:00,164,99,113,113,187,161,,,,116,,,176
2017-05-25 02:00:00,246,90,121,253,203,106,,,,119,,,173
2017-05-25 03:00:00,44,90,117,144,111,115,,,,123,,,127
2017-05-25 04:00:00,2,58,75,170,105,356,,,,79,,,110
2017-05-25 05:00:00,35,24,71,266,140,319,,,,49,,,97
2017-05-25 06:00:00,35,35,63,278,67,90,,,,19,,,102
2017-05-25 07:00:00,358,333,327,292,127,285,,,,337,,,154
2017-05-25 08:00:00,1,319,332,288,140,348,,,,356,,,68
2017-05-25 09:00:00,355,331,9,314,332,334,,,,20,,,44
2017-05-25 10:00:00,20,347,16,282,219,67,,,,15,,,90
2017-05-25 11:00:00,15,30,59,170,60,93,,,,73,,,82
2017-05-25 12:00:00,86,102,123,133,74,92,,,,119,,,81
2017-05-25 13:00:00,73,90,118,140,79,102,,,,112,,,75
2017-05-25 14:00:00,68,102,127,113,93,104,,,,135,,,78
2017-05-25 15:00:00,55,99,144,107,99,105,,,,135,,,65
2017-05-25 16:00:00,84,105,141,97,98,104,,,,144,,,58
2017-05-25 17:00:00,121,112,135,96,95,102,,,,149,,,62
2017-05-25 18:00:00,119,104,139,98,90,99,,,,142,,,77
2017-05-25 19:00:00,139,105,136,101,94,106,,,,134,,,71
2017-05-25 20:00:00,128,107,141,105,101,105,,,,152,,,61
2017-05-25 21:00:00,138,111,149,118,93,115,,,,167,,,54
2017-05-25 22:00:00,142,90,111,132,111,93,,,,109,,,91
2017-05-25 23:00:00,64,89,112,110,108,96,,,,115,,,109
2017-05-26 00:00:00,37,84,127,122,129,91,,,,115,,,115
2017-05-26 01:00:00,40,87,102,325,137,92,,,,99,,,112
2017-05-26 02:00:00,48,79,98,184,81,83,,,,102,,,103
2017-05-26 03:00:00,53,80,125,193,83,86,,,,94,,,96
2017-05-26 04:00:00,33,45,118,232,131,48,,,,51,,,115
2017-05-26 05:00:00,57,57,138,241,60,26,,,,71,,,171
2017-05-26 06:00:00,77,67,89,309,191,28,,,,79,,,211
2017-05-26 07:00:00,85,64,85,298,238,28,,,,83,,,233
2017-05-26 08:00:00,65,48,99,1,325,47,,,,82,,,233
2017-05-26 09:00:00,77,63,106,37,50,73,,,,74,,,82
2017-05-26 10:00:00,59,74,106,174,65,66,,,,107,,,75
2017-05-26 11:00:00,76,79,49,119,73,76,,,,117,,,79
2017-05-26 12:00:00,80,34,49,146,79,107,,,,67,,,77
2017-05-26 13:00:00,68,50,109,95,87,97,,,,111,,,83
2017-05-26 14:00:00,72,94,121,79,97,93,,,,111,,,73
2017-05-26 15:00:00,93,104,139,115,120,111,,,,135,,,91
2017-05-26 16:00:00,92,118,153,125,139,111,,,,194,,,79
2017-05-26 17:00:00,97,113,150,110,100,114,,,,220,,,69
2017-05-26 18:00:00,126,111,147,107,101,105,,,,209,,,64
2017-05-26 19:00:00,121,115,142,107,95,106,,,,199,,,57
2017-05-26 20:00:00,114,108,142,112,108,104,,,,211,,,62
2017-05-26 21:00:00,130,81,101,104,118,93,,,,244,,,83
2017-05-26 22:00:00,120,71,84,134,140,283,,,,83,,,123
2017-05-26 23:00:00,289,80,84,251,177,223,,,,141,,,126
2017-05-27 00:00:00,42,103,133,119,157,113,,,,157,,,117
2017-05-27 01:00:00,37,88,115,95,137,74,,,,122,,,108
2017-05-27 02:00:00,44,85,102,121,105,96,,,,78,,,106
2017-05-27 03:00:00,52,84,99,53,140,101,,,,101,,,119
2017-05-27 04:00:00,31,85,100,237,85,75,,,,104,,,130
2017-05-27 05:00:00,51,75,125,273,116,75,,,,80,,,149
2017-05-27 06:00:00,94,65,99,225,189,58,,,,95,,,177
2017-05-27 07:00:00,68,69,104,296,140,55,,,,106,,,229
2017-05-27 08:00:00,83,64,92,218,92,78,,,,115,,,57
2017-05-27 09:00:00,75,53,104,164,83,68,,,,98,,,70
2017-05-27 10:00:00,80,40,89,221,79,73,,,,104,,,70
2017-05-27 11:00:00,82,53,136,180,79,84,,,,87,,,75
2017-05-27 12:00:00,91,95,130,142,73,80,,,,129,,,74
2017-05-27 13:00:00,82,96,139,131,85,97,,,,148,,,74
2017-05-27 14:00:00,62,105,145,140,84,114,,,,130,,,78
2017-05-27 15:00:00,74,110,147,112,91,94,,,,141,,,66
2017-05-27 16:00:00,132,115,151,106,101,101,,,,149,,,65
2017-05-27 17:00:00,124,119,140,104,88,105,,,,149,,,68
2017-05-27 18:00:00,114,109,137,106,86,105,,,,139,,,66
2017-05-27 19:00:00,142,123,142,111,92,112,,,,188,,,63
2017-05-27 20:00:00,152,97,128,130,93,180,,,,180,,,94
2017-05-27 21:00:00,179,70,81,88,107,250,,,,106,,,122
2017-05-27 22:00:00,79,88,107,87,119,84,,,,128,,,106
2017-05-27 23:00:00,102,104,122,101,94,117,,,,188,,,88
2017-05-28 00:00:00,60,96,114,108,95,104,,,,111,,,102
2017-05-28 01:00:00,41,87,180,115,107,84,,,,132,,,109
2017-05-28 02:00:00,19,92,104,126,107,90,,,,129,,,117
2017-05-28 03:00:00,17,93,122,130,115,74,,,,131,,,114
2017-05-28 04:00:00,24,93,111,300,113,63,,,,96,,,109
2017-05-28 05:00:00,34,86,121,267,84,77,,,,103,,,106
2017-05-28 06:00:00,26,31,63,242,324,26,,,,45,,,187
2017-05-28 07:00:00,,358,19,316,81,354,,,,22,,,183
2017-05-28 08:00:00,19,357,16,278,89,359,,,,29,,,263
2017-05-28 09:00:00,218,8,13,266,8,50,,,,57,,,263
2017-05-28 10:00:00,36,23,38,146,84,95,,,,112,,,96
2017-05-28 11:00:00,85,91,130,140,93,97,,,,135,,,76
2017-05-28 12:00:00,95,84,105,132,90,115,,,,130,,,80
2017-05-28 13:00:00,80,98,125,119,97,107,,,,138,,,79
2017-05-28 14:00:00,86,91,111,122,103,88,,,,125,,,62
2017-05-28 15:00:00,69,88,120,79,108,97,,,,149,,,54
2017-05-28 16:00:00,91,94,132,106,103,87,,,,142,,,54
2017-05-28 17:00:00,132,115,148,112,97,114,,,,172,,,75
2017-05-28 18:00:00,144,122,144,116,104,114,,,,159,,,76
2017-05-28 19:00:00,144,113,148,125,93,105,,,,141,,,74
2017-05-28 20:00:00,143,98,113,103,92,94,,,,105,,,68
2017-05-28 21:00:00,93,80,86,85,100,72,,,,95,,,91
2017-05-28 22:00:00,79,83,88,89,80,70,,,,88,,,63
2017-05-28 23:00:00,83,85,100,89,77,74,,,,119,,,52
2017-05-29 00:00:00,65,44,40,53,54,37,,,,78,,,57
2017-05-29 01:00:00,284,18,334,327,143,241,,,,5,,,280
2017-05-29 02:00:00,350,23,225,159,108,14,,,,146,,,252
2017-05-29 03:00:00,190,170,,115,93,84,,,,222,,,57
2017-05-29 04:00:00,80,85,84,119,129,36,,,,136,,,124
2017-05-29 05:00:00,3,92,153,151,19,107,,,,193,,,125
2017-05-29 06:00:00,296,337,15,301,225,352,,,,346,,,253
2017-05-29 07:00:00,44,36,39,188,19,35,,,,68,,,140
2017-05-29 08:00:00,46,356,323,208,103,54,,,,176,,,90
2017-05-29 09:00:00,77,80,156,157,107,105,,,,169,,,62
2017-05-29 10:00:00,10,43,106,86,99,72,,,,162,,,73
2017-05-29 11:00:00,59,60,73,310,96,75,,,,335,,,66
2017-05-29 12:00:00,81,84,114,98,97,83,,,,103,,,59
2017-05-29 13:00:00,79,90,98,93,,82,,,,149,,,55
2017-05-29 14:00:00,79,102,125,95,85,90,,,,148,,,62
2017-05-29 15:00:00,71,,,100,,91,,,,123,,,60
2017-05-29 16:00:00,89,109,133,99,96,95,,,,126,,,67
2017-05-29 17:00:00,129,120,132,109,96,109,,,,159,,,83
2017-05-29 18:00:00,135,121,138,108,94,110,,,,147,,,80
2017-05-29 19:00:00,142,119,130,111,97,109,,,,157,,,80
2017-05-29 20:00:00,160,112,131,107,98,111,,,,148,,,74
2017-05-29 21:00:00,135,100,122,104,106,94,,,,121,,,81
2017-05-29 22:00:00,109,97,106,107,97,90,,,,116,,,78
2017-05-29 23:00:00,98,93,120,98,90,90,,,,141,,,65
2017-05-30 00:00:00,91,48,88,79,100,56,,,,70,,,89
2017-05-30 01:00:00,108,56,81,84,123,46,,,,94,,,104
2017-05-30 02:00:00,102,55,87,90,113,51,,,,127,,,113
2017-05-30 03:00:00,42,69,143,132,98,84,,,,176,,,89
2017-05-30 04:00:00,25,83,153,112,129,75,,,,208,,,108
2017-05-30 05:00:00,338,104,123,180,164,280,,,,134,,,162
2017-05-30 06:00:00,13,69,62,279,133,31,,,,78,,,156
2017-05-30 07:00:00,111,55,97,289,203,42,,,,55,,,185
2017-05-30 08:00:00,93,85,130,91,86,53,,,,83,,,150
2017-05-30 09:00:00,82,93,141,131,80,86,,,,95,,,64
2017-05-30 10:00:00,68,94,132,95,85,90,,,,111,,,74
2017-05-30 11:00:00,75,102,133,92,91,89,,,,130,,,52
2017-05-30 12:00:00,84,102,138,97,88,91,,,,135,,,50
2017-05-30 13:00:00,98,110,131,97,76,89,,,,133,,,69
2017-05-30 14:00:00,89,97,123,94,81,94,,,,127,,,66
2017-05-30 15:00:00,89,110,132,103,95,103,,,,128,,,75
2017-05-30 16:00:00,111,114,137,106,99,115,,,,136,,,84
2017-05-30 17:00:00,96,111,139,105,101,102,,,,151,,,74
2017-05-30 18:00:00,112,114,126,106,100,109,,,,150,,,73
2017-05-30 19:00:00,125,113,119,112,100,113,,,,122,,,81
2017-05-30 20:00:00,127,107,134,107,100,104,,,,147,,,88
2017-05-30 21:00:00,143,117,146,104,96,114,,,,167,,,68
2017-05-30 22:00:00,142,105,129,107,84,103,,,,132,,,71
2017-05-30 23:00:00,140,110,127,111,88,95,,,,135,,,66
2017-05-31 00:00:00,147,91,105,104,84,77,,,,120,,,70
2017-05-31 01:00:00,87,93,121,97,82,93,,,,125,,,60
2017-05-31 02:00:00,69,82,87,87,84,65,,,,126,,,53
2017-05-31 03:00:00,58,19,12,55,93,31,,,,87,,,51
2017-05-31 04:00:00,22,352,356,43,101,17,,,,21,,,63
2017-05-31 05:00:00,16,340,355,29,109,287,,,,349,,,97
2017-05-31 06:00:00,147,257,256,263,152,272,,,,290,,,119
2017-05-31 07:00:00,221,193,233,63,47,123,,,,233,,,130
2017-05-31 08:00:00,231,183,191,300,117,127,,,,192,,,321
2017-05-31 09:00:00,55,24,80,302,277,20,,,,139,,,255
2017-05-31 10:00:00,358,347,351,24,295,12,,,,340,,,159
2017-05-31 11:00:00,22,351,353,33,111,27,,,,356,,,89
2017-05-31 12:00:00,67,19,8,44,94,47,,,,10,,,113
2017-05-31 13:00:00,90,86,50,80,121,88,,,,138,,,89
2017-05-31 14:00:00,96,114,130,112,92,95,,,,148,,,90
2017-05-31 15:00:00,125,113,143,98,99,101,,,,153,,,71
2017-05-31 16:00:00,116,111,141,101,94,99,,,,166,,,73
2017-05-31 17:00:00,134,122,126,111,100,108,,,,162,,,86
2017-05-31 18:00:00,156,130,128,133,108,119,,,,201,,,76
2017-05-31 19:00:00,133,122,159,147,105,122,,,,198,,,76
2017-05-31 20:00:00,147,114,144,125,96,106,,,,195,,,69
2017-05-31 21:00:00,127,104,137,107,106,99,,,,191,,,87
2017-05-31 22:00:00,133,106,130,112,108,100,,,,129,,,89
2017-05-31 23:00:00,109,93,99,109,105,86,,,,112,,,76
2017-06-01 00:00:00,,,,,,,,,,,,,
2017-06-01 01:00:00,119,105,128,102,84,105,,,,137,,,77
2017-06-01 02:00:00,123,84,116,98,98,77,,,,105,,,121
2017-06-01 03:00:00,85,98,121,136,115,73,,,,149,,,91
2017-06-01 04:00:00,48,51,65,181,160,334,,,,86,,,144
2017-06-01 05:00:00,25,4,8,264,153,22,,,,37,,,145
2017-06-01 06:00:00,43,23,20,237,83,30,,,,37,,,120
2017-06-01 07:00:00,33,22,,195,68,65,,,,67,,,84
2017-06-01 08:00:00,15,33,72,286,119,46,,,,119,,,106
2017-06-01 09:00:00,19,33,72,113,142,81,,,,126,,,111
2017-06-01 10:00:00,41,66,95,128,91,73,,,,124,,,91
2017-06-01 11:00:00,75,95,112,95,89,99,,,,148,,,67
2017-06-01 12:00:00,87,107,135,102,100,97,,,,141,,,69
2017-06-01 13:00:00,139,104,143,101,95,100,,,,148,,,81
2017-06-01 14:00:00,120,111,138,104,94,106,,,,145,,,81
2017-06-01 15:00:00,107,115,140,105,103,111,,,,141,,,72
2017-06-01 16:00:00,140,119,147,109,101,113,,,,156,,,73
2017-06-01 17:00:00,143,112,126,113,99,117,,,,190,,,76
2017-06-01 18:00:00,153,109,129,122,100,118,,,,192,,,75
2017-06-01 19:00:00,154,129,137,127,104,118,,,,189,,,75
2017-06-01 20:00:00,135,120,142,119,96,116,,,,189,,,67
2017-06-01 21:00:00,144,110,132,116,95,109,,,,127,,,79
2017-06-01 22:00:00,100,89,108,95,93,86,,,,110,,,81
2017-06-01 23:00:00,85,97,118,98,89,92,,,,132,,,45
2017-06-02 00:00:00,82,100,112,105,94,100,,,,123,,,58
2017-06-02 01:00:00,70,93,109,98,90,83,,,,117,,,64
2017-06-02 02:00:00,66,74,84,97,94,78,,,,80,,,66
2017-06-02 03:00:00,93,93,113,106,87,93,,,,85,,,70
2017-06-02 04:00:00,61,102,128,109,95,100,,,,121,,,66
2017-06-02 05:00:00,39,79,91,77,103,74,,,,108,,,69
2017-06-02 06:00:00,70,68,78,70,124,59,,,,74,,,98
2017-06-02 07:00:00,85,77,72,87,129,78,,,,92,,,92
2017-06-02 08:00:00,74,58,73,88,107,67,,,,83,,,77
2017-06-02 09:00:00,94,94,109,100,110,88,,,,101,,,93
2017-06-02 10:00:00,71,113,145,108,99,90,,,,127,,,74
2017-06-02 11:00:00,74,115,140,98,95,84,,,,128,,,48
2017-06-02 12:00:00,71,106,110,86,99,97,,,,102,,,58
2017-06-02 13:00:00,74,74,97,63,100,42,,,,89,,,76
2017-06-02 14:00:00,18,350,5,31,97,26,,,,110,,,61
2017-06-02 15:00:00,55,37,14,29,96,29,,,,81,,,82
2017-06-02 16:00:00,70,114,,112,100,114,,,,113,,,65
2017-06-02 17:00:00,124,124,179,130,84,101,,,,200,,,64
2017-06-02 18:00:00,127,120,158,109,93,98,,,,169,,,70
2017-06-02 19:00:00,158,117,156,123,93,102,,,,159,,,70
2017-06-02 20:00:00,151,107,148,115,97,98,,,,152,,,68
2017-06-02 21:00:00,91,111,143,106,84,117,,,,135,,,88
2017-06-02 22:00:00,102,104,135,101,90,93,,,,178,,,66
2017-06-02 23:00:00,125,96,134,95,81,87,,,,176,,,65
2017-06-03 00:00:00,120,92,134,100,84,78,,,,123,,,69
2017-06-03 01:00:00,129,98,127,101,90,94,,,,135,,,74
2017-06-03 02:00:00,137,98,106,95,94,97,,,,131,,,70
2017-06-03 03:00:00,85,97,110,99,101,102,,,,126,,,88
2017-06-03 04:00:00,88,94,126,109,93,90,,,,122,,,97
2017-06-03 05:00:00,46,65,75,83,112,88,,,,90,,,133
2017-06-03 06:00:00,62,23,36,107,138,39,,,,47,,,108
2017-06-03 07:00:00,79,10,55,82,119,51,,,,21,,,106
2017-06-03 08:00:00,69,338,40,146,101,108,,,,76,,,85
2017-06-03 09:00:00,97,57,71,121,97,75,,,,134,,,86
2017-06-03 10:00:00,76,91,146,88,105,87,,,,144,,,71
2017-06-03 11:00:00,75,108,145,99,107,89,,,,171,,,73
2017-06-03 12:00:00,66,100,145,103,115,87,,,,168,,,62
2017-06-03 13:00:00,79,106,145,96,107,93,,,,156,,,53
2017-06-03 14:00:00,142,121,148,110,100,112,,,,171,,,71
2017-06-03 15:00:00,151,124,148,111,110,115,,,,179,,,84
2017-06-03 16:00:00,158,125,138,125,121,104,,,,181,,,90
2017-06-03 17:00:00,75,358,,39,108,2,,,,178,,,64
2017-06-03 18:00:00,21,341,10,46,98,329,,,,65,,,81
2017-06-03 19:00:00,70,78,147,108,102,92,,,,143,,,76
2017-06-03 20:00:00,114,123,165,126,113,116,,,,209,,,80
2017-06-03 21:00:00,150,121,126,130,111,313,,,,192,,,73
2017-06-03 22:00:00,158,86,124,119,101,352,,,,125,,,97
2017-06-03 23:00:00,82,73,109,90,141,336,,,,119,,,143
2017-06-04 00:00:00,82,56,90,200,211,92,,,,75,,,122
2017-06-04 01:00:00,48,32,180,75,164,34,,,,225,,,103
2017-06-04 02:00:00,4,335,,302,155,253,,,,347,,,105
2017-06-04 03:00:00,29,329,,349,136,280,,,,60,,,102
2017-06-04 04:00:00,31,320,,25,126,135,,,,191,,,90
2017-06-04 05:00:00,13,318,,193,109,211,,,,207,,,110
2017-06-04 06:00:00,31,326,,172,149,279,,,,211,,,114
2017-06-04 07:00:00,106,348,,210,87,246,,,,192,,,121
2017-06-04 08:00:00,46,39,,123,63,78,,,,35,,,98
2017-06-04 09:00:00,44,97,,58,84,88,,,,85,,,239
2017-06-04 10:00:00,49,99,160,122,34,77,,,,17,,,56
2017-06-04 11:00:00,51,105,148,147,102,75,,,,113,,,55
2017-06-04 12:00:00,118,64,173,138,70,107,,,,135,,,80
2017-06-04 13:00:00,134,93,160,131,94,87,,,,139,,,86
2017-06-04 14:00:00,112,86,148,117,95,94,,,,133,,,87
2017-06-04 15:00:00,83,109,133,116,93,97,,,,153,,,85
2017-06-04 16:00:00,109,108,110,113,106,100,,,,158,,,69
2017-06-04 17:00:00,118,115,128,106,106,99,,,,182,,,73
2017-06-04 18:00:00,155,114,133,107,114,97,,,,178,,,102
2017-06-04 19:00:00,149,109,159,117,104,102,,,,202,,,79
2017-06-04 20:00:00,132,112,147,124,110,99,,,,209,,,67
2017-06-04 21:00:00,130,107,138,110,93,89,,,,188,,,81
2017-06-04 22:00:00,125,51,78,103,95,71,,,,269,,,114
2017-06-04 23:00:00,82,36,40,68,164,156,,,,49,,,152
2017-06-05 00:00:00,135,340,33,40,175,176,,,,324,,,135
2017-06-05 01:00:00,251,342,,306,202,298,,,,344,,,170
2017-06-05 02:00:00,221,51,,281,276,193,,,,181,,,156
2017-06-05 03:00:00,227,69,149,306,218,229,,,,220,,,163
2017-06-05 04:00:00,212,12,53,308,271,309,,,,285,,,224
2017-06-05 05:00:00,239,11,10,287,274,305,,,,345,,,228
2017-06-05 06:00:00,241,281,,317,282,298,,,,329,,,264
2017-06-05 07:00:00,252,256,,331,319,195,,,,298,,,268
2017-06-05 08:00:00,31,16,,330,263,293,,,,23,,,266
2017-06-05 09:00:00,27,316,,345,318,303,,,,332,,,263
2017-06-05 10:00:00,22,332,,333,353,354,,,,345,,,256
2017-06-05 11:00:00,52,42,,28,345,26,,,,5,,,62
2017-06-05 12:00:00,82,19,,356,336,52,,,,346,,,93
2017-06-05 13:00:00,85,26,,327,349,143,,,,310,,,82
2017-06-05 14:00:00,135,,6,313,,3,,,,305,,,360
2017-06-05 15:00:00,37,343,2,315,271,20,,,,88,,,279
2017-06-05 16:00:00,21,335,,43,151,40,,,,204,,,165
2017-06-05 17:00:00,41,351,,148,100,29,,,,206,,,115
2017-06-05 18:00:00,128,31,25,85,106,43,,,,147,,,88
2017-06-05 19:00:00,46,18,12,46,109,42,,,,172,,,44
2017-06-05 20:00:00,21,359,2,39,103,36,,,,240,,,44
2017-06-05 21:00:00,25,5,16,39,107,30,,,,1,,,78
2017-06-05 22:00:00,43,19,40,39,106,82,,,,117,,,92
2017-06-05 23:00:00,72,101,136,88,109,102,,,,119,,,61
2017-06-06 00:00:00,50,97,132,140,104,105,,,,142,,,94
2017-06-06 01:00:00,357,124,134,185,136,76,,,,199,,,110
2017-06-06 02:00:00,319,28,42,293,219,358,,,,95,,,106
2017-06-06 03:00:00,36,26,3,278,273,17,,,,287,,,121
2017-06-06 04:00:00,114,349,,293,107,308,,,,300,,,146
2017-06-06 05:00:00,249,317,,303,324,330,,,,330,,,184
2017-06-06 06:00:00,288,315,,316,276,281,,,,342,,,261
2017-06-06 07:00:00,20,301,,291,303,334,,,,332,,,288
2017-06-06 08:00:00,48,327,,275,309,22,,,,343,,,317
2017-06-06 09:00:00,47,329,,352,304,26,,,,328,,,89
2017-06-06 10:00:00,14,344,,24,313,12,,,,347,,,75
2017-06-06 11:00:00,10,357,,324,301,22,,,,348,,,108
2017-06-06 12:00:00,20,357,1,285,302,355,,,,341,,,78
2017-06-06 13:00:00,34,352,2,249,309,324,,,,359,,,85
2017-06-06 14:00:00,32,347,7,264,315,356,,,,12,,,294
2017-06-06 15:00:00,43,360,9,37,333,19,,,,18,,,128
2017-06-06 16:00:00,26,357,12,36,6,18,,,,17,,,61
2017-06-06 17:00:00,28,7,11,32,328,28,,,,10,,,49
2017-06-06 18:00:00,36,8,15,39,252,37,,,,16,,,57
2017-06-06 19:00:00,19,7,13,46,111,37,,,,19,,,67
2017-06-06 20:00:00,37,24,19,47,111,54,,,,21,,,62
2017-06-06 21:00:00,34,45,17,49,92,67,,,,6,,,71
2017-06-06 22:00:00,38,33,6,49,101,79,,,,342,,,76
2017-06-06 23:00:00,62,345,,49,105,109,,,,315,,,79
2017-06-07 00:00:00,32,344,,54,111,102,,,,36,,,82
2017-06-07 01:00:00,359,325,,41,109,109,,,,306,,,65
2017-06-07 02:00:00,4,322,,34,96,70,,,,329,,,95
2017-06-07 03:00:00,5,328,,40,95,47,,,,5,,,85
2017-06-07 04:00:00,337,310,,337,59,229,,,,40,,,98
2017-06-07 05:00:00,322,332,,18,328,13,,,,42,,,119
2017-06-07 06:00:00,12,350,,338,74,273,,,,316,,,90
2017-06-07 07:00:00,14,350,,304,124,95,,,,241,,,103
2017-06-07 08:00:00,52,346,,59,102,44,,,,235,,,81
2017-06-07 09:00:00,64,355,,350,103,24,,,,95,,,84
2017-06-07 10:00:00,12,345,,327,82,353,,,,327,,,89
2017-06-07 11:00:00,48,337,,12,71,67,,,,352,,,89
2017-06-07 12:00:00,354,30,,159,64,118,,,,314,,,103
2017-06-07 13:00:00,12,36,9,182,89,64,,,,353,,,82
2017-06-07 14:00:00,64,44,18,34,64,58,,,,359,,,50
2017-06-07 15:00:00,51,24,20,23,95,43,,,,29,,,62
2017-06-07 16:00:00,44,30,12,14,98,30,,,,97,,,45
2017-06-07 17:00:00,37,15,,68,95,40,,,,78,,,46
2017-06-07 18:00:00,92,16,4,20,91,24,,,,83,,,48
2017-06-07 19:00:00,108,81,10,66,91,43,,,,80,,,91
2017-06-07 20:00:00,103,93,86,67,91,41,,,,76,,,101
2017-06-07 21:00:00,127,84,57,101,114,53,,,,147,,,91
2017-06-07 22:00:00,133,104,76,68,121,50,,,,209,,,107
2017-06-07 23:00:00,140,110,160,86,99,331,,,,204,,,98
2017-06-08 00:00:00,127,95,110,105,142,351,,,,129,,,101
2017-06-08 01:00:00,105,106,134,83,132,86,,,,183,,,125
2017-06-08 02:00:00,151,106,136,119,124,108,,,,141,,,73
2017-06-08 03:00:00,133,110,129,105,196,110,,,,176,,,108
2017-06-08 04:00:00,115,37,25,271,192,296,,,,57,,,148
2017-06-08 05:00:00,64,10,5,277,201,37,,,,20,,,129
2017-06-08 06:00:00,5,21,5,261,197,39,,,,21,,,157
2017-06-08 07:00:00,16,17,48,286,116,49,,,,14,,,152
2017-06-08 08:00:00,19,10,45,256,81,59,,,,60,,,84
2017-06-08 09:00:00,31,358,51,59,78,58,,,,58,,,87
2017-06-08 10:00:00,26,64,116,121,79,88,,,,115,,,72
2017-06-08 11:00:00,75,106,140,116,99,95,,,,145,,,68
2017-06-08 12:00:00,104,111,151,105,107,107,,,,146,,,57
2017-06-08 13:00:00,80,104,144,111,103,89,,,,147,,,100
2017-06-08 14:00:00,78,92,145,124,109,99,,,,159,,,64
2017-06-08 15:00:00,72,110,159,121,99,77,,,,115,,,77
2017-06-08 16:00:00,100,92,127,100,95,95,,,,140,,,69
2017-06-08 17:00:00,120,111,126,110,105,94,,,,157,,,97
2017-06-08 18:00:00,154,125,131,124,100,107,,,,188,,,106
2017-06-08 19:00:00,165,128,130,126,119,115,,,,194,,,111
2017-06-08 20:00:00,160,121,135,144,138,122,,,,155,,,90
2017-06-08 21:00:00,147,99,131,132,124,98,,,,119,,,73
2017-06-08 22:00:00,137,102,135,105,91,98,,,,170,,,84
2017-06-08 23:00:00,137,104,131,107,85,104,,,,150,,,64
2017-06-09 00:00:00,129,102,127,106,90,107,,,,131,,,62
2017-06-09 01:00:00,137,106,128,113,96,110,,,,132,,,69
2017-06-09 02:00:00,54,104,125,187,178,86,,,,119,,,144
2017-06-09 03:00:00,14,98,118,254,145,96,,,,118,,,127
2017-06-09 04:00:00,20,93,93,249,109,100,,,,86,,,107
2017-06-09 05:00:00,16,51,81,258,80,21,,,,13,,,89
2017-06-09 06:00:00,27,33,82,258,103,35,,,,18,,,105
2017-06-09 07:00:00,22,41,92,262,92,335,,,,39,,,93
2017-06-09 08:00:00,10,27,88,268,84,62,,,,72,,,78
2017-06-09 09:00:00,7,29,61,289,73,64,,,,61,,,75
2017-06-09 10:00:00,68,27,76,313,77,64,,,,114,,,90
2017-06-09 11:00:00,73,26,87,128,95,53,,,,120,,,93
2017-06-09 12:00:00,68,95,141,146,91,92,,,,126,,,82
2017-06-09 13:00:00,76,100,126,121,98,89,,,,141,,,66
2017-06-09 14:00:00,71,110,155,114,99,102,,,,159,,,55
2017-06-09 15:00:00,129,120,159,108,101,106,,,,163,,,70
2017-06-09 16:00:00,154,125,159,109,95,114,,,,174,,,80
2017-06-09 17:00:00,153,125,151,119,91,120,,,,167,,,86
2017-06-09 18:00:00,154,135,160,120,110,131,,,,175,,,88
2017-06-09 19:00:00,147,131,164,134,107,123,,,,196,,,73
2017-06-09 20:00:00,149,110,133,141,105,108,,,,121,,,60
2017-06-09 21:00:00,103,94,114,111,89,87,,,,125,,,62
2017-06-09 22:00:00,118,108,127,104,80,109,,,,135,,,60
2017-06-09 23:00:00,114,103,119,103,87,108,,,,128,,,53
2017-06-10 00:00:00,110,101,123,103,87,102,,,,127,,,56
2017-06-10 01:00:00,114,101,130,97,90,103,,,,130,,,61
2017-06-10 02:00:00,64,97,129,109,96,119,,,,131,,,69
2017-06-10 03:00:00,34,86,120,94,157,95,,,,120,,,102
2017-06-10 04:00:00,60,88,118,129,128,84,,,,100,,,109
2017-06-10 05:00:00,55,91,131,169,87,99,,,,127,,,97
2017-06-10 06:00:00,73,89,141,184,139,102,,,,126,,,101
2017-06-10 07:00:00,70,96,140,166,111,97,,,,190,,,91
2017-06-10 08:00:00,68,112,131,10,91,99,,,,128,,,74
2017-06-10 09:00:00,47,85,135,77,68,72,,,,104,,,76
2017-06-10 10:00:00,67,94,135,142,72,70,,,,142,,,72
2017-06-10 11:00:00,67,99,118,140,80,77,,,,122,,,66
2017-06-10 12:00:00,78,100,133,123,88,92,,,,132,,,57
2017-06-10 13:00:00,54,100,149,107,100,100,,,,149,,,68
2017-06-10 14:00:00,139,107,147,100,100,100,,,,127,,,53
2017-06-10 15:00:00,152,113,146,103,90,109,,,,145,,,64
2017-06-10 16:00:00,148,117,131,106,90,108,,,,141,,,61
2017-06-10 17:00:00,155,115,136,113,97,114,,,,160,,,79
2017-06-10 18:00:00,152,127,139,122,95,116,,,,165,,,88
2017-06-10 19:00:00,151,127,156,127,98,128,,,,193,,,87
2017-06-10 20:00:00,151,126,149,135,109,122,,,,142,,,75
2017-06-10 21:00:00,127,109,133,115,99,108,,,,135,,,67
2017-06-10 22:00:00,93,101,128,108,82,111,,,,125,,,57
2017-06-10 23:00:00,90,102,126,105,86,109,,,,130,,,53
2017-06-11 00:00:00,104,105,127,100,88,106,,,,146,,,49
2017-06-11 01:00:00,113,106,180,96,84,108,,,,134,,,57
2017-06-11 02:00:00,98,104,129,98,100,99,,,,127,,,60
2017-06-11 03:00:00,61,101,130,106,94,90,,,,139,,,77
2017-06-11 04:00:00,75,111,129,120,109,115,,,,134,,,87
2017-06-11 05:00:00,89,103,130,137,121,94,,,,140,,,93
2017-06-11 06:00:00,43,112,128,155,82,67,,,,123,,,145
2017-06-11 07:00:00,63,80,127,118,344,83,,,,118,,,225
2017-06-11 08:00:00,63,76,132,221,52,70,,,,128,,,287
2017-06-11 09:00:00,44,44,66,238,49,47,,,,79,,,323
2017-06-11 10:00:00,62,26,93,122,71,64,,,,99,,,70
2017-06-11 11:00:00,65,90,114,137,85,77,,,,131,,,70
2017-06-11 12:00:00,70,101,115,113,80,96,,,,124,,,69
2017-06-11 13:00:00,87,101,115,124,91,93,,,,120,,,67
2017-06-11 14:00:00,69,97,100,114,97,97,,,,140,,,61
2017-06-11 15:00:00,71,108,137,107,104,109,,,,147,,,50
2017-06-11 16:00:00,97,111,138,103,106,99,,,,160,,,48
2017-06-11 17:00:00,143,121,132,113,102,122,,,,174,,,91
2017-06-11 18:00:00,159,130,145,114,110,116,,,,181,,,89
2017-06-11 19:00:00,162,133,148,117,112,116,,,,193,,,81
2017-06-11 20:00:00,146,109,139,112,112,117,,,,113,,,74
2017-06-11 21:00:00,111,92,114,103,117,91,,,,106,,,77
2017-06-11 22:00:00,108,99,127,100,92,100,,,,127,,,73
2017-06-11 23:00:00,115,109,129,108,92,110,,,,133,,,63
2017-06-12 00:00:00,125,109,136,106,87,111,,,,133,,,54
2017-06-12 01:00:00,119,102,133,106,85,115,,,,132,,,57
2017-06-12 02:00:00,112,100,129,104,98,105,,,,141,,,79
2017-06-12 03:00:00,59,99,130,115,132,102,,,,139,,,80
2017-06-12 04:00:00,90,97,107,111,141,97,,,,120,,,89
2017-06-12 05:00:00,61,68,96,173,116,79,,,,93,,,96
2017-06-12 06:00:00,11,39,104,123,97,28,,,,39,,,129
2017-06-12 07:00:00,40,33,93,255,127,313,,,,22,,,100
2017-06-12 08:00:00,31,39,58,301,65,19,,,,79,,,187
2017-06-12 09:00:00,27,27,58,297,355,25,,,,81,,,69
2017-06-12 10:00:00,57,11,23,235,79,82,,,,190,,,86
2017-06-12 11:00:00,69,32,66,167,87,39,,,,74,,,73
2017-06-12 12:00:00,75,48,145,134,87,79,,,,122,,,76
2017-06-12 13:00:00,92,94,137,97,97,87,,,,151,,,73
2017-06-12 14:00:00,60,103,110,110,104,103,,,,136,,,64
2017-06-12 15:00:00,87,124,126,109,102,124,,,,158,,,55
2017-06-12 16:00:00,151,129,135,116,97,124,,,,156,,,91
2017-06-12 17:00:00,153,121,136,120,100,120,,,,158,,,94
2017-06-12 18:00:00,152,107,130,117,99,98,,,,120,,,87
2017-06-12 19:00:00,146,99,109,120,104,95,,,,157,,,91
2017-06-12 20:00:00,150,109,107,113,105,100,,,,137,,,91
2017-06-12 21:00:00,113,94,111,100,107,90,,,,112,,,89
2017-06-12 22:00:00,102,94,118,100,89,96,,,,121,,,70
2017-06-12 23:00:00,107,100,125,110,89,100,,,,122,,,68
2017-06-13 00:00:00,95,101,119,108,86,101,,,,128,,,67
2017-06-13 01:00:00,115,99,121,106,85,105,,,,132,,,60
2017-06-13 02:00:00,114,106,118,102,83,104,,,,123,,,59
2017-06-13 03:00:00,79,103,124,103,91,98,,,,129,,,64
2017-06-13 04:00:00,70,108,137,111,93,107,,,,140,,,53
2017-06-13 05:00:00,77,102,139,113,108,114,,,,136,,,66
2017-06-13 06:00:00,70,90,131,127,104,112,,,,136,,,78
2017-06-13 07:00:00,82,98,131,120,113,89,,,,133,,,84
2017-06-13 08:00:00,69,97,122,106,109,79,,,,123,,,74
2017-06-13 09:00:00,71,92,106,106,98,66,,,,110,,,53
2017-06-13 10:00:00,75,84,108,79,94,70,,,,128,,,51
2017-06-13 11:00:00,55,98,118,58,96,65,,,,126,,,54
2017-06-13 12:00:00,60,91,122,76,90,83,,,,146,,,51
2017-06-13 13:00:00,94,106,132,97,82,91,,,,145,,,52
2017-06-13 14:00:00,122,112,137,102,88,99,,,,136,,,62
2017-06-13 15:00:00,138,109,129,117,90,110,,,,135,,,64
2017-06-13 16:00:00,141,114,119,112,95,113,,,,145,,,80
2017-06-13 17:00:00,152,120,109,122,98,110,,,,159,,,89
2017-06-13 18:00:00,151,127,117,127,101,119,,,,154,,,95
2017-06-13 19:00:00,155,130,115,128,114,123,,,,151,,,98
2017-06-13 20:00:00,134,96,114,107,127,99,,,,113,,,101
2017-06-13 21:00:00,105,96,116,98,94,94,,,,123,,,79
2017-06-13 22:00:00,95,96,120,99,93,97,,,,121,,,72
2017-06-13 23:00:00,102,98,123,109,92,101,,,,119,,,70
2017-06-14 00:00:00,117,99,113,103,88,93,,,,122,,,68
2017-06-14 01:00:00,120,102,111,102,84,93,,,,138,,,71
2017-06-14 02:00:00,88,106,125,100,90,100,,,,135,,,65
2017-06-14 03:00:00,57,116,129,105,85,100,,,,134,,,79
2017-06-14 04:00:00,61,111,107,95,97,96,,,,106,,,67
2017-06-14 05:00:00,75,96,107,93,106,82,,,,90,,,72
2017-06-14 06:00:00,88,96,109,88,104,83,,,,98,,,90
2017-06-14 07:00:00,63,93,113,87,106,79,,,,117,,,94
2017-06-14 08:00:00,64,96,131,116,105,80,,,,140,,,89
2017-06-14 09:00:00,42,94,135,107,103,86,,,,134,,,67
2017-06-14 10:00:00,63,105,136,92,92,94,,,,159,,,55
2017-06-14 11:00:00,57,102,143,91,86,83,,,,155,,,58
2017-06-14 12:00:00,57,110,147,94,83,96,,,,165,,,49
2017-06-14 13:00:00,135,117,137,105,84,101,,,,164,,,63
2017-06-14 14:00:00,147,116,133,104,80,102,,,,147,,,69
2017-06-14 15:00:00,142,117,143,115,86,107,,,,154,,,73
2017-06-14 16:00:00,143,123,150,109,97,114,,,,156,,,86
2017-06-14 17:00:00,132,127,150,108,93,109,,,,146,,,82
2017-06-14 18:00:00,144,122,150,120,,118,,,,158,,,92
2017-06-14 19:00:00,142,126,152,113,102,124,,,,162,,,86
2017-06-14 20:00:00,150,124,151,122,105,120,,,,165,,,87
2017-06-14 21:00:00,147,103,117,138,96,99,,,,120,,,77
2017-06-14 22:00:00,126,87,109,98,88,83,,,,112,,,66
2017-06-14 23:00:00,128,85,103,90,77,85,,,,125,,,66
2017-06-15 00:00:00,142,97,99,102,80,80,,,,125,,,65
2017-06-15 01:00:00,130,91,99,101,91,83,,,,127,,,70
2017-06-15 02:00:00,73,102,109,106,97,95,,,,122,,,81
2017-06-15 03:00:00,64,95,119,104,107,102,,,,128,,,85
2017-06-15 04:00:00,59,95,118,117,115,85,,,,133,,,96
2017-06-15 05:00:00,24,101,109,140,133,91,,,,129,,,107
2017-06-15 06:00:00,15,97,112,239,103,84,,,,95,,,109
2017-06-15 07:00:00,11,55,75,200,71,47,,,,71,,,99
2017-06-15 08:00:00,22,36,91,181,93,37,,,,94,,,88
2017-06-15 09:00:00,46,19,74,35,62,359,,,,97,,,77
2017-06-15 10:00:00,53,67,112,116,69,74,,,,135,,,74
2017-06-15 11:00:00,91,93,134,117,82,95,,,,134,,,65
2017-06-15 12:00:00,77,106,145,94,95,101,,,,136,,,62
2017-06-15 13:00:00,62,106,152,98,94,109,,,,142,,,44
2017-06-15 14:00:00,130,114,146,102,81,100,,,,152,,,59
2017-06-15 15:00:00,148,121,143,117,83,120,,,,139,,,66
2017-06-15 16:00:00,147,,134,123,91,114,,,,148,,,67
2017-06-15 17:00:00,135,,146,117,91,115,,,,148,,,71
2017-06-15 18:00:00,144,,154,124,101,123,,,,167,,,70
2017-06-15 19:00:00,158,,163,124,108,128,,,,185,,,89
2017-06-15 20:00:00,166,,147,142,115,133,,,,148,,,100
2017-06-15 21:00:00,123,,119,121,94,106,,,,117,,,71
2017-06-15 22:00:00,90,,111,97,86,98,,,,109,,,62
2017-06-15 23:00:00,81,,123,93,87,93,,,,121,,,62
2017-06-16 00:00:00,83,,117,95,94,97,,,,123,,,68
2017-06-16 01:00:00,77,,109,99,99,96,,,,110,,,87
2017-06-16 02:00:00,58,,100,86,100,92,,,,109,,,84
2017-06-16 03:00:00,50,,109,90,113,87,,,,119,,,76
2017-06-16 04:00:00,43,,125,133,107,98,,,,137,,,96
2017-06-16 05:00:00,53,,99,103,109,96,,,,134,,,92
2017-06-16 06:00:00,81,,86,71,114,54,,,,93,,,87
2017-06-16 07:00:00,113,,120,61,110,62,,,,99,,,88
2017-06-16 08:00:00,75,,128,143,97,72,,,,162,,,68
2017-06-16 09:00:00,64,,154,332,59,79,,,,91,,,32
2017-06-16 10:00:00,61,,146,173,80,68,,,,127,,,71
2017-06-16 11:00:00,53,,99,146,83,88,,,,96,,,68
2017-06-16 12:00:00,66,104,122,141,87,111,,,,131,,,65
2017-06-16 13:00:00,64,100,140,118,85,103,,,,123,,,67
2017-06-16 14:00:00,60,95,127,106,97,103,,,,125,,,47
2017-06-16 15:00:00,70,,143,100,,114,,,,145,,,42
2017-06-16 16:00:00,100,114,130,105,91,106,,,,136,,,63
2017-06-16 17:00:00,159,108,130,116,97,117,,,,132,,,75
2017-06-16 18:00:00,157,107,147,127,97,96,,,,128,,,69
2017-06-16 19:00:00,141,136,153,125,109,128,,,,164,,,82
2017-06-16 20:00:00,156,139,164,130,116,134,,,,193,,,90
2017-06-16 21:00:00,142,125,135,130,120,144,,,,140,,,73
2017-06-16 22:00:00,84,97,113,103,108,107,,,,114,,,127
2017-06-16 23:00:00,70,93,118,108,89,89,,,,142,,,95
2017-06-17 00:00:00,45,92,105,110,149,80,,,,130,,,109
2017-06-17 01:00:00,12,92,101,80,144,100,,,,118,,,122
2017-06-17 02:00:00,38,87,101,108,115,94,,,,100,,,112
2017-06-17 03:00:00,51,68,95,181,113,100,,,,87,,,99
2017-06-17 04:00:00,62,75,98,184,109,97,,,,90,,,100
2017-06-17 05:00:00,69,67,110,183,102,87,,,,85,,,117
2017-06-17 06:00:00,47,63,97,248,66,86,,,,88,,,152
2017-06-17 07:00:00,67,74,121,275,53,74,,,,95,,,101
2017-06-17 08:00:00,62,47,124,250,84,71,,,,82,,,76
2017-06-17 09:00:00,16,20,15,245,60,36,,,,33,,,80
2017-06-17 10:00:00,62,19,26,3,46,47,,,,4,,,70
2017-06-17 11:00:00,5,34,135,56,67,75,,,,101,,,59
2017-06-17 12:00:00,63,94,94,130,82,82,,,,133,,,72
2017-06-17 13:00:00,66,87,112,104,91,87,,,,145,,,71
2017-06-17 14:00:00,70,93,142,103,102,84,,,,138,,,70
2017-06-17 15:00:00,80,102,154,101,96,96,,,,140,,,55
2017-06-17 16:00:00,145,116,150,105,92,109,,,,150,,,65
2017-06-17 17:00:00,149,112,151,109,86,108,,,,159,,,75
2017-06-17 18:00:00,143,112,148,107,90,111,,,,156,,,92
2017-06-17 19:00:00,140,126,156,119,94,121,,,,183,,,92
2017-06-17 20:00:00,153,133,158,134,108,139,,,,194,,,75
2017-06-17 21:00:00,148,117,120,121,102,139,,,,138,,,78
2017-06-17 22:00:00,112,96,113,100,84,110,,,,112,,,104
2017-06-17 23:00:00,123,101,127,100,88,109,,,,158,,,97
2017-06-18 00:00:00,111,97,113,105,103,113,,,,157,,,103
2017-06-18 01:00:00,72,85,180,112,142,125,,,,104,,,121
2017-06-18 02:00:00,52,83,101,127,149,92,,,,97,,,104
2017-06-18 03:00:00,19,74,101,139,143,90,,,,109,,,104
2017-06-18 04:00:00,42,70,98,194,113,88,,,,98,,,97
2017-06-18 05:00:00,46,88,103,157,98,95,,,,106,,,95
2017-06-18 06:00:00,49,60,90,235,105,87,,,,71,,,103
2017-06-18 07:00:00,45,13,84,258,82,74,,,,34,,,253
2017-06-18 08:00:00,31,35,72,256,32,4,,,,55,,,50
2017-06-18 09:00:00,21,15,9,238,45,18,,,,33,,,41
2017-06-18 10:00:00,70,56,72,148,52,68,,,,78,,,76
2017-06-18 11:00:00,73,72,130,162,73,76,,,,139,,,76
2017-06-18 12:00:00,63,95,113,118,85,92,,,,142,,,74
2017-06-18 13:00:00,55,103,153,103,81,105,,,,157,,,65
2017-06-18 14:00:00,89,95,139,90,89,84,,,,147,,,51
2017-06-18 15:00:00,100,112,138,101,97,107,,,,139,,,66
2017-06-18 16:00:00,141,108,111,111,99,113,,,,132,,,76
2017-06-18 17:00:00,146,104,117,107,101,109,,,,133,,,71
2017-06-18 18:00:00,141,118,115,106,95,112,,,,152,,,75
2017-06-18 19:00:00,154,126,110,125,106,122,,,,148,,,89
2017-06-18 20:00:00,144,99,110,108,129,109,,,,116,,,103
2017-06-18 21:00:00,115,95,122,102,95,94,,,,115,,,75
2017-06-18 22:00:00,98,93,122,100,91,99,,,,112,,,65
2017-06-18 23:00:00,81,93,113,90,85,92,,,,107,,,59
2017-06-19 00:00:00,68,78,107,96,85,92,,,,112,,,58
2017-06-19 01:00:00,58,85,107,103,94,94,,,,98,,,64
2017-06-19 02:00:00,66,92,117,91,87,90,,,,100,,,66
2017-06-19 03:00:00,59,91,132,118,88,101,,,,127,,,73
2017-06-19 04:00:00,71,78,109,145,134,86,,,,116,,,87
2017-06-19 05:00:00,82,66,107,83,107,82,,,,101,,,85
2017-06-19 06:00:00,65,92,127,135,107,104,,,,127,,,86
2017-06-19 07:00:00,70,70,133,151,95,88,,,,116,,,75
2017-06-19 08:00:00,72,45,81,108,44,54,,,,81,,,61
2017-06-19 09:00:00,95,61,79,79,75,54,,,,82,,,67
2017-06-19 10:00:00,88,48,100,80,77,70,,,,114,,,58
2017-06-19 11:00:00,76,75,93,97,89,78,,,,125,,,67
2017-06-19 12:00:00,58,80,116,101,89,82,,,,154,,,72
2017-06-19 13:00:00,57,95,125,124,82,86,,,,115,,,65
2017-06-19 14:00:00,61,83,97,87,83,83,,,,125,,,54
2017-06-19 15:00:00,71,87,101,104,85,82,,,,115,,,52
2017-06-19 16:00:00,95,79,107,103,90,88,,,,122,,,75
2017-06-19 17:00:00,103,90,123,106,96,83,,,,99,,,100
2017-06-19 18:00:00,99,96,131,103,105,94,,,,99,,,98
2017-06-19 19:00:00,132,100,129,101,96,107,,,,105,,,90
2017-06-19 20:00:00,129,90,106,100,102,95,,,,99,,,102
2017-06-19 21:00:00,101,94,109,101,103,95,,,,113,,,102
2017-06-19 22:00:00,120,98,126,102,97,93,,,,134,,,85
2017-06-19 23:00:00,153,103,125,104,98,100,,,,126,,,76
2017-06-20 00:00:00,105,99,115,100,85,99,,,,115,,,59
2017-06-20 01:00:00,92,97,126,103,88,100,,,,116,,,60
2017-06-20 02:00:00,124,96,115,108,91,96,,,,120,,,71
2017-06-20 03:00:00,114,98,129,102,84,102,,,,120,,,66
2017-06-20 04:00:00,74,85,106,115,90,87,,,,119,,,80
2017-06-20 05:00:00,28,77,111,122,90,89,,,,117,,,87
2017-06-20 06:00:00,42,56,108,185,116,73,,,,99,,,87
2017-06-20 07:00:00,70,30,99,236,92,55,,,,71,,,94
2017-06-20 08:00:00,22,3,7,275,33,25,,,,2,,,82
2017-06-20 09:00:00,80,25,6,18,353,10,,,,359,,,66
2017-06-20 10:00:00,334,12,,49,57,86,,,,62,,,80
2017-06-20 11:00:00,69,25,,228,107,78,,,,348,,,81
2017-06-20 12:00:00,53,350,34,65,110,45,,,,301,,,73
2017-06-20 13:00:00,360,24,9,268,105,19,,,,305,,,84
2017-06-20 14:00:00,32,14,17,341,106,11,,,,285,,,64
2017-06-20 15:00:00,26,9,11,344,112,21,,,,31,,,54
2017-06-20 16:00:00,18,354,68,4,107,24,,,,93,,,43
2017-06-20 17:00:00,41,28,41,27,94,14,,,,79,,,31
2017-06-20 18:00:00,118,39,63,71,86,43,,,,75,,,69
2017-06-20 19:00:00,124,89,73,52,82,39,,,,86,,,85
2017-06-20 20:00:00,139,53,47,59,80,44,,,,87,,,113
2017-06-20 21:00:00,142,49,56,57,109,49,,,,101,,,111
2017-06-20 22:00:00,144,82,95,88,124,61,,,,212,,,106
2017-06-20 23:00:00,143,110,128,98,105,31,,,,178,,,100
2017-06-21 00:00:00,121,78,96,92,105,60,,,,121,,,69
2017-06-21 01:00:00,97,110,138,90,92,102,,,,177,,,70
2017-06-21 02:00:00,142,102,127,112,156,104,,,,139,,,76
2017-06-21 03:00:00,93,76,88,113,140,90,,,,66,,,93
2017-06-21 04:00:00,71,68,74,131,141,77,,,,75,,,97
2017-06-21 05:00:00,87,82,118,160,119,59,,,,104,,,107
2017-06-21 06:00:00,146,90,139,153,80,55,,,,85,,,128
2017-06-21 07:00:00,9,22,36,294,323,314,,,,28,,,137
2017-06-21 08:00:00,314,28,18,292,300,350,,,,37,,,117
2017-06-21 09:00:00,7,344,,309,3,14,,,,8,,,266
2017-06-21 10:00:00,23,349,,320,34,41,,,,342,,,90
2017-06-21 11:00:00,19,341,,298,219,56,,,,332,,,87
2017-06-21 12:00:00,26,7,,121,106,36,,,,331,,,88
2017-06-21 13:00:00,3,339,,181,53,32,,,,347,,,90
2017-06-21 14:00:00,11,23,,77,81,44,,,,327,,,84
2017-06-21 15:00:00,55,14,,93,113,39,,,,330,,,83
2017-06-21 16:00:00,18,35,3,83,105,31,,,,45,,,54
2017-06-21 17:00:00,57,30,5,18,104,51,,,,35,,,51
2017-06-21 18:00:00,26,352,,56,109,46,,,,33,,,45
2017-06-21 19:00:00,21,22,17,42,94,36,,,,69,,,42
2017-06-21 20:00:00,59,38,43,42,91,38,,,,113,,,52
2017-06-21 21:00:00,152,85,87,58,105,64,,,,130,,,82
2017-06-21 22:00:00,144,104,155,98,114,82,,,,193,,,80
2017-06-21 23:00:00,142,116,148,109,101,108,,,,192,,,81
2017-06-22 00:00:00,151,116,145,110,96,124,,,,199,,,93
2017-06-22 01:00:00,122,113,140,122,102,113,,,,145,,,115
2017-06-22 02:00:00,97,84,100,119,190,100,,,,94,,,147
2017-06-22 03:00:00,64,64,78,110,208,24,,,,43,,,184
2017-06-22 04:00:00,47,359,63,272,195,290,,,,43,,,182
2017-06-22 05:00:00,28,17,144,276,244,289,,,,317,,,198
2017-06-22 06:00:00,333,37,36,314,280,316,,,,18,,,249
2017-06-22 07:00:00,15,357,,310,296,307,,,,21,,,230
2017-06-22 08:00:00,64,342,13,304,15,341,,,,,,,261
2017-06-22 09:00:00,14,337,,315,359,19,,,,,,,94
2017-06-22 10:00:00,20,332,,29,37,40,,,,,,,
2017-06-22 11:00:00,7,43,12,137,65,82,,,,,,,
2017-06-22 12:00:00,18,18,59,109,282,63,,,,,,,
2017-06-22 13:00:00,49,12,73,99,86,102,,,,,,,
2017-06-22 14:00:00,118,129,177,123,103,107,,,,128,,,
2017-06-22 15:00:00,97,,42,97,,83,,,,127,,,
2017-06-22 16:00:00,55,,142,109,104,113,,,,113,,,
2017-06-22 17:00:00,85,,118,106,108,93,,,,146,,,
2017-06-22 18:00:00,102,,118,112,107,102,,,,111,,,
2017-06-22 19:00:00,142,,108,124,119,108,,,,113,,,
2017-06-22 20:00:00,162,,110,120,133,91,,,,105,,,
2017-06-22 21:00:00,146,,107,107,99,99,,,,141,,,
2017-06-22 22:00:00,128,,131,101,90,104,,,,135,,,
2017-06-22 23:00:00,113,,106,103,83,112,,,,143,,,
2017-06-23 00:00:00,49,,105,108,111,100,,,,114,,,
2017-06-23 01:00:00,44,,97,130,138,93,,,,104,,,
2017-06-23 02:00:00,30,,97,334,141,85,,,,90,,,
2017-06-23 03:00:00,47,,97,316,111,81,,,,56,,,
2017-06-23 04:00:00,43,,110,207,117,86,,,,53,,,
2017-06-23 05:00:00,69,,87,229,105,62,,,,51,,,
2017-06-23 06:00:00,60,,99,269,137,45,,,,,,,
2017-06-23 07:00:00,20,,100,283,80,33,,,,,,,
2017-06-23 08:00:00,30,,122,309,40,41,,,,,,,
2017-06-23 09:00:00,33,20,80,332,42,61,,,,,,,
2017-06-23 10:00:00,68,29,77,130,69,51,,,,,,,
2017-06-23 11:00:00,56,75,123,158,83,73,,,,138,,,
2017-06-23 12:00:00,76,95,109,131,96,101,,,,123,,,
2017-06-23 13:00:00,71,96,108,104,97,95,,,,122,,,
2017-06-23 14:00:00,86,107,108,97,97,116,,,,141,,,81
2017-06-23 15:00:00,107,116,115,115,92,107,,,,139,,,89
2017-06-23 16:00:00,119,106,110,119,110,89,,,,146,,,96
2017-06-23 17:00:00,110,80,118,114,108,84,,,,127,,,105
2017-06-23 18:00:00,103,73,97,94,110,85,,,,88,,,104
2017-06-23 19:00:00,111,90,104,102,104,90,,,,87,,,104
2017-06-23 20:00:00,97,87,108,100,100,92,,,,99,,,84
2017-06-23 21:00:00,121,95,121,107,101,97,,,,120,,,80
2017-06-23 22:00:00,95,96,115,103,93,91,,,,123,,,71
2017-06-23 23:00:00,95,87,108,97,87,89,,,,100,,,69
2017-06-24 00:00:00,88,91,123,95,89,92,,,,92,,,58
2017-06-24 01:00:00,69,89,133,98,85,90,,,,111,,,62
2017-06-24 02:00:00,49,93,134,99,79,102,,,,120,,,68
2017-06-24 03:00:00,64,88,131,102,82,98,,,,96,,,66
2017-06-24 04:00:00,72,80,104,91,96,83,,,,87,,,71
2017-06-24 05:00:00,50,78,92,87,93,88,,,,75,,,82
2017-06-24 06:00:00,69,80,96,68,98,82,,,,98,,,66
2017-06-24 07:00:00,65,90,119,106,88,101,,,,108,,,66
2017-06-24 08:00:00,77,102,133,100,103,90,,,,116,,,66
2017-06-24 09:00:00,69,101,131,85,118,88,,,,143,,,61
2017-06-24 10:00:00,72,102,144,121,101,101,,,,184,,,83
2017-06-24 11:00:00,61,102,139,102,97,95,,,,158,,,53
2017-06-24 12:00:00,61,90,136,79,93,80,,,,124,,,51
2017-06-24 13:00:00,79,101,121,90,90,87,,,,125,,,45
2017-06-24 14:00:00,85,91,112,95,92,93,,,,107,,,54
2017-06-24 15:00:00,85,81,107,108,98,101,,,,99,,,64
2017-06-24 16:00:00,100,93,108,113,105,96,,,,82,,,68
2017-06-24 17:00:00,92,14,27,94,84,21,,,,69,,,80
2017-06-24 18:00:00,41,36,39,26,92,27,,,,123,,,90
2017-06-24 19:00:00,131,97,114,105,85,104,,,,132,,,67
2017-06-24 20:00:00,131,110,137,115,87,112,,,,140,,,62
2017-06-24 21:00:00,150,108,144,126,87,99,,,,169,,,47
2017-06-24 22:00:00,139,139,163,134,85,140,,,,197,,,49
2017-06-24 23:00:00,148,26,2,143,68,51,,,,272,,,83
2017-06-25 00:00:00,75,4,20,161,136,30,,,,30,,,11
2017-06-25 01:00:00,68,329,180,221,136,176,,,,141,,,83
2017-06-25 02:00:00,69,172,,135,132,118,,,,212,,,96
2017-06-25 03:00:00,32,53,153,109,121,327,,,,264,,,105
2017-06-25 04:00:00,9,332,,274,156,300,,,,27,,,114
2017-06-25 05:00:00,75,28,,59,84,34,,,,24,,,122
2017-06-25 06:00:00,118,24,,102,69,82,,,,260,,,107
2017-06-25 07:00:00,51,356,,125,87,33,,,,226,,,106
2017-06-25 08:00:00,11,331,,286,86,350,,,,320,,,103
2017-06-25 09:00:00,27,2,,203,59,90,,,,35,,,97
2017-06-25 10:00:00,67,72,100,123,100,82,,,,139,,,68
2017-06-25 11:00:00,82,97,117,112,88,84,,,,138,,,61
2017-06-25 12:00:00,57,91,97,110,93,93,,,,132,,,51
2017-06-25 13:00:00,74,99,139,105,95,107,,,,136,,,46
2017-06-25 14:00:00,76,108,125,106,97,87,,,,105,,,76
2017-06-25 15:00:00,73,90,104,106,98,94,,,,138,,,63
2017-06-25 16:00:00,100,96,115,109,108,87,,,,115,,,91
2017-06-25 17:00:00,99,91,112,103,102,91,,,,92,,,83
2017-06-25 18:00:00,108,95,107,100,98,101,,,,95,,,60
2017-06-25 19:00:00,136,89,106,134,102,105,,,,96,,,73
2017-06-25 20:00:00,116,88,103,101,103,95,,,,93,,,70
2017-06-25 21:00:00,107,81,99,98,103,87,,,,108,,,65
2017-06-25 22:00:00,98,98,105,106,84,88,,,,106,,,67
2017-06-25 23:00:00,128,104,131,113,96,102,,,,140,,,66
2017-06-26 00:00:00,149,115,132,122,99,111,,,,143,,,79
2017-06-26 01:00:00,121,85,98,104,90,88,,,,96,,,77
2017-06-26 02:00:00,78,73,96,96,92,75,,,,79,,,79
2017-06-26 03:00:00,58,71,101,132,97,52,,,,96,,,72
2017-06-26 04:00:00,39,20,57,149,115,24,,,,356,,,79
2017-06-26 05:00:00,32,358,26,193,132,3,,,,46,,,86
2017-06-26 06:00:00,26,12,,303,108,38,,,,26,,,86
2017-06-26 07:00:00,32,26,1,84,109,33,,,,21,,,94
2017-06-26 08:00:00,54,29,24,130,115,37,,,,91,,,108
2017-06-26 09:00:00,115,60,24,181,98,73,,,,141,,,97
2017-06-26 10:00:00,97,42,33,105,111,87,,,,,,,75
2017-06-26 11:00:00,91,52,75,103,121,77,,,,101,,,76
2017-06-26 12:00:00,91,75,154,89,104,87,,,,69,,,87
2017-06-26 13:00:00,81,99,155,112,98,102,,,,113,,,71
2017-06-26 14:00:00,80,96,136,102,100,89,,,,107,,,71
2017-06-26 15:00:00,116,81,120,91,105,95,,,,92,,,87
2017-06-26 16:00:00,139,89,115,121,106,78,,,,123,,,103
2017-06-26 17:00:00,164,113,120,116,111,87,,,,112,,,108
2017-06-26 18:00:00,166,118,130,124,113,91,,,,124,,,109
2017-06-26 19:00:00,163,113,118,147,137,99,,,,111,,,103
2017-06-26 20:00:00,139,97,100,119,121,99,,,,134,,,88
2017-06-26 21:00:00,94,119,139,105,89,133,,,,,,,58
2017-06-26 22:00:00,101,118,149,117,90,137,,,,,,,53
2017-06-26 23:00:00,151,116,156,115,92,114,,,,,,,65
2017-06-27 00:00:00,117,85,107,99,92,79,,,,,,,76
2017-06-27 01:00:00,101,85,109,121,92,73,,,,,,,76
2017-06-27 02:00:00,25,18,56,264,115,18,,,,,,,86
2017-06-27 03:00:00,23,347,,262,165,350,,,,,,,90
2017-06-27 04:00:00,39,334,,270,81,301,,,,,,,116
2017-06-27 05:00:00,286,330,,306,27,303,,,,,,,116
2017-06-27 06:00:00,216,344,,318,306,297,,,,,,,237
2017-06-27 07:00:00,6,351,,314,288,333,,,,,,,275
2017-06-27 08:00:00,28,358,,347,28,54,,,,,,,250
2017-06-27 09:00:00,29,28,,291,5,53,,,,,,,73
2017-06-27 10:00:00,78,65,,164,78,69,,,,156,,,75
2017-06-27 11:00:00,97,104,,126,89,100,,,,127,,,83
2017-06-27 12:00:00,72,102,,118,81,101,,,,133,,,68
2017-06-27 13:00:00,76,91,,86,86,40,,,,128,,,73
2017-06-27 14:00:00,28,328,,62,94,113,,,,98,,,49
2017-06-27 15:00:00,31,302,,152,101,132,,,,73,,,69
2017-06-27 16:00:00,104,104,,121,105,98,,,,147,,,62
2017-06-27 17:00:00,144,82,,95,106,54,,,,186,,,84
2017-06-27 18:00:00,140,1,,33,92,26,,,,105,,,85
2017-06-27 19:00:00,59,18,,55,101,44,,,,73,,,62
2017-06-27 20:00:00,107,118,,78,92,80,,,,171,,,71
2017-06-27 21:00:00,111,123,,112,90,130,,,,184,,,70
2017-06-27 22:00:00,135,108,,115,79,91,,,,162,,,70
2017-06-27 23:00:00,127,52,,140,108,328,,,,92,,,89
2017-06-28 00:00:00,65,74,,127,102,61,,,,59,,,85
2017-06-28 01:00:00,31,39,,161,99,156,,,,315,,,100
2017-06-28 02:00:00,33,338,,299,142,316,,,,3,,,106
2017-06-28 03:00:00,32,335,,275,107,291,,,,344,,,113
2017-06-28 04:00:00,17,339,,248,96,238,,,,265,,,104
2017-06-28 05:00:00,137,324,,283,150,276,,,,254,,,59
2017-06-28 06:00:00,194,342,,311,77,279,,,,81,,,98
2017-06-28 07:00:00,319,29,,305,294,161,,,,105,,,241
2017-06-28 08:00:00,30,20,,340,334,36,,,,92,,,77
2017-06-28 09:00:00,55,21,,266,53,15,,,,134,,,73
2017-06-28 10:00:00,78,79,,61,55,72,,,,138,,,68
2017-06-28 11:00:00,66,108,,104,86,62,,,,160,,,65
2017-06-28 12:00:00,81,100,,86,86,76,,,,138,,,
2017-06-28 13:00:00,63,93,,108,94,78,,,,133,,,
2017-06-28 14:00:00,65,99,,114,90,88,,,,162,,,63
2017-06-28 15:00:00,86,103,,111,107,92,,,,,,,53
2017-06-28 16:00:00,94,106,,107,95,87,,,,139,,,62
2017-06-28 17:00:00,156,117,,103,97,112,,,,134,,,85
2017-06-28 18:00:00,153,111,,112,96,104,,,,149,,,93
2017-06-28 19:00:00,144,109,,122,99,102,,,,168,,,92
2017-06-28 20:00:00,147,123,,121,93,115,,,,193,,,73
2017-06-28 21:00:00,126,109,,108,103,119,,,,176,,,64
2017-06-28 22:00:00,105,108,,104,97,102,,,,139,,,73
2017-06-28 23:00:00,150,97,,122,92,114,,,,148,,,74
2017-06-29 00:00:00,125,42,,119,127,6,,,,84,,,92
2017-06-29 01:00:00,111,87,,133,137,70,,,,117,,,125
2017-06-29 02:00:00,86,70,,172,170,105,,,,79,,,101
2017-06-29 03:00:00,151,58,,186,98,78,,,,24,,,107
2017-06-29 04:00:00,214,20,,287,105,358,,,,25,,,164
2017-06-29 05:00:00,346,4,,297,16,295,,,,31,,,201
2017-06-29 06:00:00,14,16,,278,267,320,,,,45,,,222
2017-06-29 07:00:00,22,40,,277,57,36,,,,82,,,114
2017-06-29 08:00:00,4,19,,284,50,21,,,,,,,70
2017-06-29 09:00:00,18,360,,290,70,23,,,,9,,,86
2017-06-29 10:00:00,10,344,,302,71,49,,,,8,,,94
2017-06-29 11:00:00,46,29,,133,51,65,,,,59,,,82
2017-06-29 12:00:00,55,75,,132,79,87,,,,88,,,66
2017-06-29 13:00:00,85,97,,113,89,84,,,,99,,,78
2017-06-29 14:00:00,91,96,,115,92,87,,,,157,,,77
2017-06-29 15:00:00,71,109,,115,88,91,,,,151,,,59
2017-06-29 16:00:00,80,112,,111,95,101,,,,134,,,52
2017-06-29 17:00:00,99,119,,107,101,106,,,,133,,,62
2017-06-29 18:00:00,150,119,,105,93,123,,,,145,,,81
2017-06-29 19:00:00,150,117,,108,99,117,,,,157,,,96
2017-06-29 20:00:00,150,124,,112,96,119,,,,159,,,79
2017-06-29 21:00:00,133,123,,131,101,122,,,,154,,,57
2017-06-29 22:00:00,128,107,,121,92,108,,,,134,,,63
2017-06-29 23:00:00,131,94,,103,93,96,,,,120,,,92
2017-06-30 00:00:00,,98,,103,86,101,,,,129,,,74
2017-06-30 01:00:00,,99,,100,92,115,,,,125,,,78
2017-06-30 02:00:00,,98,,124,111,101,,,,124,,,103
2017-06-30 03:00:00,,97,,92,125,90,,,,104,,,111
2017-06-30 04:00:00,,89,,76,180,81,,,,120,,,104
2017-06-30 05:00:00,,79,,98,121,68,,,,115,,,98
2017-06-30 06:00:00,,69,,86,129,70,,,,99,,,122
2017-06-30 07:00:00,,89,,124,115,70,,,,91,,,83
2017-06-30 08:00:00,,74,,133,104,65,,,,90,,,88
2017-06-30 09:00:00,,80,,116,86,68,,,,100,,,65
2017-06-30 10:00:00,,70,,98,90,85,,,,98,,,57
2017-06-30 11:00:00,67,89,,73,89,59,,,,113,,,61
2017-06-30 12:00:00,56,98,,87,91,74,,,,138,,,58
2017-06-30 13:00:00,66,91,,89,95,78,,,,134,,,54
2017-06-30 14:00:00,82,98,,99,87,95,,,,149,,,50
2017-06-30 15:00:00,84,108,,98,90,97,,,,154,,,54
2017-06-30 16:00:00,124,116,,102,88,103,,,,152,,,66
2017-06-30 17:00:00,122,108,,105,91,106,,,,154,,,72
2017-06-30 18:00:00,121,112,,110,89,107,,,,149,,,70
2017-06-30 19:00:00,140,129,,120,96,119,,,,163,,,77
2017-06-30 20:00:00,149,123,,134,101,117,,,,159,,,85
2017-06-30 21:00:00,146,120,,135,94,103,,,,154,,,72
2017-06-30 22:00:00,136,109,,112,92,105,,,,144,,,68
2017-06-30 23:00:00,135,109,,106,85,106,,,,142,,,61
2017-07-01 00:00:00,,,,,,,,,,,,,
2017-07-01 01:00:00,69,98,,106,93,103,,,,124,,,77
2017-07-01 02:00:00,55,100,,106,96,101,,,,123,,,88
2017-07-01 03:00:00,68,96,,95,99,96,,,,124,,,90
2017-07-01 04:00:00,61,102,,116,108,100,,,,120,,,96
2017-07-01 05:00:00,38,93,,97,135,85,,,,128,,,98
2017-07-01 06:00:00,29,77,,54,124,64,,,,113,,,104
2017-07-01 07:00:00,76,60,,19,105,77,,,,90,,,105
2017-07-01 08:00:00,72,72,,316,86,56,,,,90,,,90
2017-07-01 09:00:00,81,75,,60,92,59,,,,111,,,75
2017-07-01 10:00:00,81,79,,52,93,66,,,,113,,,58
2017-07-01 11:00:00,73,82,,58,96,74,,,,163,,,56
2017-07-01 12:00:00,40,111,,80,109,79,,,,174,,,64
2017-07-01 13:00:00,73,109,,103,100,88,,,,143,,,53
2017-07-01 14:00:00,116,107,,108,88,94,,,,136,,,65
2017-07-01 15:00:00,126,115,,105,84,104,,,,146,,,67
2017-07-01 16:00:00,137,118,,103,84,113,,,,145,,,70
2017-07-01 17:00:00,134,114,,109,87,112,,,,142,,,69
2017-07-01 18:00:00,132,123,,120,95,117,,,,156,,,72
2017-07-01 19:00:00,144,126,,127,102,127,,,,167,,,90
2017-07-01 20:00:00,157,126,,139,111,122,,,,166,,,90
2017-07-01 21:00:00,145,100,,121,122,98,,,,124,,,82
2017-07-01 22:00:00,142,105,,104,87,98,,,,122,,,70
2017-07-01 23:00:00,136,102,,103,81,102,,,,131,,,69
2017-07-02 00:00:00,108,96,,97,86,105,,,,116,,,79
2017-07-02 01:00:00,65,96,,91,94,92,,,,117,,,80
2017-07-02 02:00:00,65,92,,109,101,88,,,,113,,,95
2017-07-02 03:00:00,47,90,,65,101,82,,,,114,,,87
2017-07-02 04:00:00,30,81,,77,106,79,,,,119,,,94
2017-07-02 05:00:00,44,86,,90,96,89,,,,123,,,97
2017-07-02 06:00:00,54,96,,106,103,82,,,,124,,,84
2017-07-02 07:00:00,43,95,,92,103,67,,,,107,,,92
2017-07-02 08:00:00,69,80,,97,103,67,,,,99,,,92
2017-07-02 09:00:00,47,100,,110,109,74,,,,130,,,93
2017-07-02 10:00:00,24,100,,92,105,96,,,,140,,,75
2017-07-02 11:00:00,20,102,,105,92,84,,,,128,,,90
2017-07-02 12:00:00,44,113,,91,90,76,,,,162,,,71
2017-07-02 13:00:00,77,106,,98,91,107,,,,178,,,58
2017-07-02 14:00:00,124,118,,101,91,104,,,,140,,,58
2017-07-02 15:00:00,127,120,,102,86,106,,,,158,,,68
2017-07-02 16:00:00,144,127,,115,91,110,,,,150,,,88
2017-07-02 17:00:00,134,124,,119,90,124,,,,182,,,74
2017-07-02 18:00:00,147,133,,140,100,130,,,,183,,,78
2017-07-02 19:00:00,154,129,,140,108,123,,,,173,,,93
2017-07-02 20:00:00,147,123,,136,99,109,,,,153,,,82
2017-07-02 21:00:00,137,96,,123,89,97,,,,122,,,71
2017-07-02 22:00:00,120,97,,101,87,95,,,,121,,,64
2017-07-02 23:00:00,108,99,,106,90,98,,,,118,,,62
2017-07-03 00:00:00,108,93,,106,91,95,,,,120,,,56
2017-07-03 01:00:00,103,89,,106,92,92,,,,113,,,66
2017-07-03 02:00:00,69,75,,99,98,82,,,,106,,,84
2017-07-03 03:00:00,45,95,,89,99,89,,,,113,,,94
2017-07-03 04:00:00,30,94,,82,106,78,,,,117,,,115
2017-07-03 05:00:00,358,84,,93,112,94,,,,124,,,115
2017-07-03 06:00:00,358,42,,161,103,68,,,,126,,,119
2017-07-03 07:00:00,11,49,,236,96,61,,,,63,,,163
2017-07-03 08:00:00,32,42,,272,61,33,,,,69,,,86
2017-07-03 09:00:00,19,24,,293,32,23,,,,44,,,19
2017-07-03 10:00:00,39,36,,279,56,59,,,,5,,,65
2017-07-03 11:00:00,53,63,,150,83,72,,,,106,,,69
2017-07-03 12:00:00,48,97,,138,81,64,,,,130,,,79
2017-07-03 13:00:00,58,91,,108,93,90,,,,148,,,70
2017-07-03 14:00:00,70,111,,113,94,84,,,,146,,,64
2017-07-03 15:00:00,64,104,,116,103,101,,,,164,,,45
2017-07-03 16:00:00,82,118,,111,98,110,,,,158,,,47
2017-07-03 17:00:00,144,124,,108,95,115,,,,150,,,83
2017-07-03 18:00:00,128,118,,103,89,114,,,,154,,,74
2017-07-03 19:00:00,129,115,,115,98,112,,,,150,,,89
2017-07-03 20:00:00,140,117,,115,105,111,,,,149,,,86
2017-07-03 21:00:00,136,120,,124,93,114,,,,147,,,58
2017-07-03 22:00:00,132,110,,115,88,107,,,,146,,,65
2017-07-03 23:00:00,144,101,,105,84,108,,,,134,,,71
2017-07-04 00:00:00,92,103,,100,87,104,,,,134,,,61
2017-07-04 01:00:00,98,101,,105,98,109,,,,122,,,76
2017-07-04 02:00:00,61,100,,103,110,100,,,,124,,,93
2017-07-04 03:00:00,38,95,,91,137,93,,,,117,,,99
2017-07-04 04:00:00,33,79,,107,141,82,,,,109,,,107
2017-07-04 05:00:00,63,91,,155,109,83,,,,95,,,104
2017-07-04 06:00:00,86,90,,153,102,84,,,,79,,,94
2017-07-04 07:00:00,92,100,,149,117,83,,,,94,,,94
2017-07-04 08:00:00,61,86,,176,106,63,,,,93,,,85
2017-07-04 09:00:00,31,58,,195,69,48,,,,87,,,71
2017-07-04 10:00:00,49,56,,114,65,78,,,,103,,,69
2017-07-04 11:00:00,81,85,,143,72,80,,,,125,,,75
2017-07-04 12:00:00,76,82,,119,86,81,,,,125,,,70
2017-07-04 13:00:00,78,88,,95,92,81,,,,151,,,61
2017-07-04 14:00:00,80,104,,117,101,93,,,,139,,,61
2017-07-04 15:00:00,67,105,,109,100,104,,,,150,,,42
2017-07-04 16:00:00,85,106,,102,102,90,,,,146,,,51
2017-07-04 17:00:00,120,115,,113,95,106,,,,142,,,76
2017-07-04 18:00:00,134,128,,112,94,119,,,,165,,,77
2017-07-04 19:00:00,141,127,,120,101,127,,,,167,,,85
2017-07-04 20:00:00,147,125,,131,116,114,,,,161,,,77
2017-07-04 21:00:00,139,112,,133,114,105,,,,143,,,62
2017-07-04 22:00:00,133,89,,109,81,84,,,,116,,,64
2017-07-04 23:00:00,113,97,,100,81,91,,,,133,,,57
2017-07-05 00:00:00,128,98,,103,91,93,,,,133,,,64
2017-07-05 01:00:00,70,95,,103,93,77,,,,125,,,87
2017-07-05 02:00:00,70,97,,114,96,93,,,,119,,,81
2017-07-05 03:00:00,73,77,,121,108,84,,,,110,,,78
2017-07-05 04:00:00,65,88,,96,112,88,,,,112,,,84
2017-07-05 05:00:00,48,95,,94,100,85,,,,107,,,99
2017-07-05 06:00:00,42,89,,90,99,82,,,,111,,,82
2017-07-05 07:00:00,42,68,,93,94,86,,,,103,,,87
2017-07-05 08:00:00,48,34,,250,103,53,,,,82,,,80
2017-07-05 09:00:00,29,37,,303,68,47,,,,82,,,87
2017-07-05 10:00:00,80,7,,218,51,61,,,,77,,,78
2017-07-05 11:00:00,56,42,,120,71,73,,,,108,,,75
2017-07-05 12:00:00,79,69,,104,96,82,,,,109,,,65
2017-07-05 13:00:00,53,77,,91,96,93,,,,116,,,68
2017-07-05 14:00:00,88,81,,101,99,80,,,,133,,,66
2017-07-05 15:00:00,87,111,,103,100,90,,,,142,,,49
2017-07-05 16:00:00,114,97,,121,108,91,,,,,,,81
2017-07-05 17:00:00,147,102,,117,97,95,,,,133,,,85
2017-07-05 18:00:00,147,102,,106,99,96,,,,126,,,88
2017-07-05 19:00:00,145,91,,110,98,87,,,,122,,,90
2017-07-05 20:00:00,138,88,,101,106,91,,,,110,,,101
2017-07-05 21:00:00,97,98,,102,96,99,,,,114,,,89
2017-07-05 22:00:00,92,97,,108,92,97,,,,128,,,70
2017-07-05 23:00:00,87,98,,104,91,88,,,,124,,,63
2017-07-06 00:00:00,96,95,,102,90,97,,,,116,,,61
2017-07-06 01:00:00,90,93,,100,82,91,,,,103,,,62
2017-07-06 02:00:00,76,94,,90,86,87,,,,92,,,60
2017-07-06 03:00:00,78,94,,94,86,100,,,,110,,,65
2017-07-06 04:00:00,65,82,,88,91,113,,,,100,,,75
2017-07-06 05:00:00,79,95,,122,95,111,,,,93,,,75
2017-07-06 06:00:00,72,93,,120,98,91,,,,99,,,80
2017-07-06 07:00:00,72,87,,117,107,103,,,,95,,,75
2017-07-06 08:00:00,28,71,,161,108,71,,,,93,,,90
2017-07-06 09:00:00,16,36,,8,80,69,,,,105,,,78
2017-07-06 10:00:00,38,18,,65,67,99,,,,99,,,66
2017-07-06 11:00:00,55,72,,77,87,69,,,,123,,,78
2017-07-06 12:00:00,60,89,,87,,73,,,,126,,,61
2017-07-06 13:00:00,77,101,,100,,86,,,,139,,,53
2017-07-06 14:00:00,88,118,,102,,94,,,,140,,,62
2017-07-06 15:00:00,93,91,,112,,88,,,,111,,,77
2017-07-06 16:00:00,103,94,,106,,100,,,,120,,,83
2017-07-06 17:00:00,103,98,,107,,89,,,,131,,,84
2017-07-06 18:00:00,135,91,,112,,97,,,,114,,,85
2017-07-06 19:00:00,132,98,,102,,85,,,,120,,,98
2017-07-06 20:00:00,139,108,,106,,108,,,,126,,,89
2017-07-06 21:00:00,124,105,,106,,115,,,,129,,,70
2017-07-06 22:00:00,125,99,,103,,106,,,,115,,,62
2017-07-06 23:00:00,113,95,,99,,94,,,,119,,,57
2017-07-07 00:00:00,130,100,,105,,93,,,,118,,,66
2017-07-07 01:00:00,120,90,,106,,88,,,,102,,,70
2017-07-07 02:00:00,90,94,,104,,95,,,,101,,,70
2017-07-07 03:00:00,79,93,,104,,91,,,,97,,,81
2017-07-07 04:00:00,59,92,,108,,95,,,,95,,,86
2017-07-07 05:00:00,48,88,,116,,64,,,,108,,,99
2017-07-07 06:00:00,68,84,,130,,55,,,,126,,,101
2017-07-07 07:00:00,88,77,,78,,73,,,,112,,,88
2017-07-07 08:00:00,97,95,,90,,76,,,,106,,,66
2017-07-07 09:00:00,57,80,,83,,65,,,,122,,,58
2017-07-07 10:00:00,57,89,,84,,82,,,,179,,,69
2017-07-07 11:00:00,33,81,,62,88,79,,,,157,,,68
2017-07-07 12:00:00,61,98,,90,91,83,,,,142,,,44
2017-07-07 13:00:00,72,96,,105,86,88,,,,114,,,45
2017-07-07 14:00:00,75,80,,106,81,95,,,,107,,,53
2017-07-07 15:00:00,98,93,,98,89,87,,,,116,,,68
2017-07-07 16:00:00,129,122,,109,105,108,,,,127,,,95
2017-07-07 17:00:00,141,107,,124,105,119,,,,139,,,86
2017-07-07 18:00:00,137,114,,108,88,121,,,,167,,,63
2017-07-07 19:00:00,147,61,,122,82,76,,,,129,,,60
2017-07-07 20:00:00,50,67,,81,87,117,,,,103,,,79
2017-07-07 21:00:00,62,65,,117,94,49,,,,114,,,61
2017-07-07 22:00:00,53,76,,137,101,63,,,,128,,,66
2017-07-07 23:00:00,80,97,,105,95,104,,,,147,,,59
2017-07-08 00:00:00,72,95,,96,98,115,,,,142,,,66
2017-07-08 01:00:00,84,76,,89,105,92,,,,128,,,65
2017-07-08 02:00:00,54,72,,110,111,61,,,,103,,,89
2017-07-08 03:00:00,47,94,,78,109,32,,,,136,,,88
2017-07-08 04:00:00,51,71,,96,95,38,,,,131,,,95
2017-07-08 05:00:00,87,98,,129,118,41,,,,157,,,92
2017-07-08 06:00:00,78,101,,151,104,57,,,,143,,,99
2017-07-08 07:00:00,80,104,,152,127,48,,,,135,,,93
2017-07-08 08:00:00,64,62,,145,82,55,,,,181,,,84
2017-07-08 09:00:00,15,19,,279,74,56,,,,125,,,78
2017-07-08 10:00:00,39,32,,15,41,81,,,,143,,,104
2017-07-08 11:00:00,121,64,,95,55,68,,,,136,,,86
2017-07-08 12:00:00,82,95,,89,95,88,,,,148,,,74
2017-07-08 13:00:00,117,110,,99,96,92,,,,156,,,72
2017-07-08 14:00:00,132,105,,101,86,102,,,,150,,,71
2017-07-08 15:00:00,120,106,,101,90,104,,,,135,,,66
2017-07-08 16:00:00,134,110,,114,96,107,,,,141,,,62
2017-07-08 17:00:00,108,103,,108,92,96,,,,129,,,50
2017-07-08 18:00:00,90,94,,95,85,88,,,,124,,,60
2017-07-08 19:00:00,122,101,,97,82,96,,,,136,,,64
2017-07-08 20:00:00,153,100,,100,79,92,,,,155,,,64
2017-07-08 21:00:00,151,103,,113,83,100,,,,155,,,65
2017-07-08 22:00:00,161,100,,109,86,93,,,,141,,,71
2017-07-08 23:00:00,146,85,,103,89,58,,,,113,,,70
2017-07-09 00:00:00,117,87,,98,90,355,,,,105,,,67
2017-07-09 01:00:00,62,56,,102,91,322,,,,108,,,77
2017-07-09 02:00:00,28,38,,122,103,28,,,,83,,,89
2017-07-09 03:00:00,25,30,,183,147,28,,,,67,,,99
2017-07-09 04:00:00,29,21,,269,192,321,,,,59,,,107
2017-07-09 05:00:00,21,10,,162,153,15,,,,75,,,110
2017-07-09 06:00:00,25,27,,210,82,41,,,,59,,,81
2017-07-09 07:00:00,8,31,,217,72,38,,,,96,,,112
2017-07-09 08:00:00,79,23,,184,54,37,,,,119,,,71
2017-07-09 09:00:00,99,51,,155,80,64,,,,77,,,67
2017-07-09 10:00:00,60,87,,128,81,68,,,,134,,,84
2017-07-09 11:00:00,51,95,,151,68,77,,,,144,,,74
2017-07-09 12:00:00,71,95,,78,86,70,,,,158,,,62
2017-07-09 13:00:00,63,102,,96,86,91,,,,142,,,54
2017-07-09 14:00:00,90,94,,99,85,86,,,,125,,,65
2017-07-09 15:00:00,101,102,,98,82,92,,,,131,,,64
2017-07-09 16:00:00,112,106,,101,88,98,,,,141,,,67
2017-07-09 17:00:00,124,118,,109,89,106,,,,146,,,79
2017-07-09 18:00:00,137,104,,110,96,106,,,,132,,,71
2017-07-09 19:00:00,128,108,,105,83,100,,,,135,,,66
2017-07-09 20:00:00,138,113,,107,88,109,,,,143,,,66
2017-07-09 21:00:00,143,111,,107,84,107,,,,143,,,64
2017-07-09 22:00:00,141,108,,107,85,104,,,,148,,,56
2017-07-09 23:00:00,125,100,,99,88,104,,,,141,,,58
2017-07-10 00:00:00,114,107,,104,86,100,,,,154,,,63
2017-07-10 01:00:00,152,115,,106,86,104,,,,137,,,71
2017-07-10 02:00:00,110,98,,111,84,93,,,,119,,,70
2017-07-10 03:00:00,100,93,,105,83,84,,,,120,,,71
2017-07-10 04:00:00,99,91,,122,102,95,,,,100,,,69
2017-07-10 05:00:00,31,60,,281,137,349,,,,33,,,95
2017-07-10 06:00:00,94,50,,260,162,84,,,,5,,,122
2017-07-10 07:00:00,56,6,,304,101,68,,,,351,,,105
2017-07-10 08:00:00,77,30,,275,79,55,,,,52,,,80
2017-07-10 09:00:00,33,38,,30,55,88,,,,146,,,85
2017-07-10 10:00:00,27,105,,22,66,101,,,,139,,,91
2017-07-10 11:00:00,17,113,,135,85,93,,,,165,,,95
2017-07-10 12:00:00,56,112,,111,93,125,,,,151,,,69
2017-07-10 13:00:00,135,108,,104,98,104,,,,130,,,67
2017-07-10 14:00:00,96,104,,103,88,94,,,,136,,,68
2017-07-10 15:00:00,108,105,,99,89,93,,,,135,,,67
2017-07-10 16:00:00,109,107,,99,88,97,,,,126,,,66
2017-07-10 17:00:00,97,101,,97,92,94,,,,130,,,63
2017-07-10 18:00:00,103,105,,98,86,96,,,,131,,,67
2017-07-10 19:00:00,132,110,,108,87,98,,,,139,,,77
2017-07-10 20:00:00,122,103,,106,93,99,,,,132,,,73
2017-07-10 21:00:00,122,104,,106,90,96,,,,140,,,67
2017-07-10 22:00:00,148,108,,108,95,113,,,,141,,,70
2017-07-10 23:00:00,131,114,,104,87,99,,,,140,,,65
2017-07-11 00:00:00,100,104,,105,88,102,,,,132,,,71
2017-07-11 01:00:00,63,101,,104,93,97,,,,132,,,77
2017-07-11 02:00:00,71,99,,102,89,100,,,,124,,,91
2017-07-11 03:00:00,56,87,,100,106,87,,,,96,,,75
2017-07-11 04:00:00,64,72,,95,110,69,,,,75,,,83
2017-07-11 05:00:00,71,,,85,120,67,,,,98,,,75
2017-07-11 06:00:00,,,,,,88,,,,91,,,83
2017-07-11 07:00:00,26,82,,79,125,100,,,,61,,,119
2017-07-11 08:00:00,17,100,,86,102,110,,,,63,,,110
2017-07-11 09:00:00,25,95,,89,106,107,,,,89,,,100
2017-07-11 10:00:00,41,97,,108,106,93,,,,123,,,92
2017-07-11 11:00:00,20,113,,104,106,70,,,,230,,,72
2017-07-11 12:00:00,30,111,,35,99,98,,,,156,,,67
2017-07-11 13:00:00,69,106,,113,95,144,,,,166,,,62
2017-07-11 14:00:00,110,110,,113,105,111,,,,123,,,77
2017-07-11 15:00:00,90,82,,101,100,93,,,,88,,,63
2017-07-11 16:00:00,122,87,,87,83,93,,,,118,,,64
2017-07-11 17:00:00,120,104,,101,86,98,,,,161,,,60
2017-07-11 18:00:00,135,100,,112,93,100,,,,,,,67
2017-07-11 19:00:00,94,67,,106,88,70,,,,112,,,56
2017-07-11 20:00:00,69,78,,100,89,66,,,,139,,,67
2017-07-11 21:00:00,61,86,,92,94,55,,,,119,,,61
2017-07-11 22:00:00,76,86,,118,102,70,,,,91,,,63
2017-07-11 23:00:00,80,96,,109,94,97,,,,103,,,83
2017-07-12 00:00:00,81,107,,96,89,100,,,,105,,,67
2017-07-12 01:00:00,93,99,,93,101,103,,,,151,,,58
2017-07-12 02:00:00,105,97,,88,108,90,,,,199,,,85
2017-07-12 03:00:00,64,80,,97,119,85,,,,106,,,97
2017-07-12 04:00:00,61,52,,103,124,39,,,,106,,,93
2017-07-12 05:00:00,57,57,,280,132,12,,,,96,,,91
2017-07-12 06:00:00,45,50,,216,139,58,,,,41,,,92
2017-07-12 07:00:00,44,76,,79,109,52,,,,91,,,92
2017-07-12 08:00:00,62,88,,91,118,58,,,,95,,,92
2017-07-12 09:00:00,31,97,,101,111,54,,,,112,,,96
2017-07-12 10:00:00,81,99,,64,99,100,,,,182,,,80
2017-07-12 11:00:00,18,97,,150,105,116,,,,161,,,84
2017-07-12 12:00:00,9,98,,286,121,83,,,,132,,,120
2017-07-12 13:00:00,62,92,,94,165,85,,,,116,,,96
2017-07-12 14:00:00,57,84,,84,103,93,,,,117,,,68
2017-07-12 15:00:00,85,86,,90,107,90,,,,132,,,74
2017-07-12 16:00:00,59,90,,93,99,87,,,,145,,,75
2017-07-12 17:00:00,94,109,,99,87,98,,,,168,,,65
2017-07-12 18:00:00,145,102,,117,85,106,,,,125,,,72
2017-07-12 19:00:00,142,105,,132,94,90,,,,110,,,68
2017-07-12 20:00:00,107,96,,111,87,100,,,,106,,,66
2017-07-12 21:00:00,79,96,,103,84,91,,,,144,,,72
2017-07-12 22:00:00,132,90,,105,85,95,,,,136,,,72
2017-07-12 23:00:00,148,107,,114,88,92,,,,147,,,62
2017-07-13 00:00:00,139,113,,130,79,105,,,,147,,,60
2017-07-13 01:00:00,113,106,,114,83,108,,,,139,,,85
2017-07-13 02:00:00,153,112,,104,92,117,,,,140,,,65
2017-07-13 03:00:00,87,96,,103,95,88,,,,123,,,76
2017-07-13 04:00:00,79,96,,105,91,82,,,,117,,,84
2017-07-13 05:00:00,56,91,,109,95,86,,,,104,,,106
2017-07-13 06:00:00,69,89,,113,90,86,,,,93,,,127
2017-07-13 07:00:00,72,74,,107,101,77,,,,92,,,106
2017-07-13 08:00:00,86,70,,103,105,49,,,,92,,,128
2017-07-13 09:00:00,35,96,,168,87,54,,,,82,,,96
2017-07-13 10:00:00,46,97,,130,81,77,,,,117,,,71
2017-07-13 11:00:00,11,96,,121,91,167,,,,136,,,88
2017-07-13 12:00:00,14,94,,211,80,184,,,,144,,,87
2017-07-13 13:00:00,64,112,,92,92,79,,,,125,,,87
2017-07-13 14:00:00,94,106,,185,99,167,,,,155,,,102
2017-07-13 15:00:00,134,113,,95,100,95,,,,129,,,99
2017-07-13 16:00:00,225,101,,106,103,90,,,,151,,,73
2017-07-13 17:00:00,196,121,,132,137,125,,,,161,,,82
2017-07-13 18:00:00,188,186,,279,222,198,,,,211,,,171
2017-07-13 19:00:00,228,209,,281,139,221,,,,201,,,283
2017-07-13 20:00:00,221,258,,299,30,293,,,,171,,,233
2017-07-13 21:00:00,231,340,,315,245,261,,,,110,,,184
2017-07-13 22:00:00,201,89,,33,171,99,,,,112,,,133
2017-07-13 23:00:00,154,104,,105,102,94,,,,118,,,90
2017-07-14 00:00:00,113,94,,104,83,91,,,,124,,,67
2017-07-14 01:00:00,117,96,,108,78,88,,,,128,,,63
2017-07-14 02:00:00,69,102,,99,81,92,,,,124,,,86
2017-07-14 03:00:00,62,101,,103,92,86,,,,119,,,84
2017-07-14 04:00:00,62,96,,104,102,68,,,,109,,,90
2017-07-14 05:00:00,88,96,,128,125,67,,,,90,,,112
2017-07-14 06:00:00,63,62,,134,155,47,,,,76,,,124
2017-07-14 07:00:00,68,67,,110,132,43,,,,80,,,82
2017-07-14 08:00:00,55,95,,150,110,74,,,,86,,,90
2017-07-14 09:00:00,37,96,,125,91,97,,,,110,,,98
2017-07-14 10:00:00,33,78,,225,55,106,,,,106,,,110
2017-07-14 11:00:00,38,70,,254,329,75,,,,131,,,82
2017-07-14 12:00:00,339,73,,97,83,65,,,,152,,,64
2017-07-14 13:00:00,80,122,,100,96,106,,,,190,,,63
2017-07-14 14:00:00,125,103,,111,98,86,,,,185,,,85
2017-07-14 15:00:00,118,111,,102,105,102,,,,156,,,79
2017-07-14 16:00:00,83,114,,119,110,110,,,,153,,,99
2017-07-14 17:00:00,152,118,,123,,114,,,,157,,,98
2017-07-14 18:00:00,150,125,,125,106,126,,,,151,,,96
2017-07-14 19:00:00,156,100,,121,109,116,,,,121,,,94
2017-07-14 20:00:00,156,83,,101,111,85,,,,115,,,97
2017-07-14 21:00:00,127,83,,84,89,87,,,,94,,,99
2017-07-14 22:00:00,90,96,,87,78,100,,,,100,,,54
2017-07-14 23:00:00,91,94,,87,78,95,,,,117,,,56
2017-07-15 00:00:00,70,97,,93,81,90,,,,110,,,57
2017-07-15 01:00:00,97,94,,92,82,95,,,,101,,,62
2017-07-15 02:00:00,80,98,,99,83,95,,,,91,,,70
2017-07-15 03:00:00,59,84,,101,90,84,,,,104,,,85
2017-07-15 04:00:00,58,91,,120,102,84,,,,116,,,83
2017-07-15 05:00:00,63,87,,149,102,72,,,,87,,,95
2017-07-15 06:00:00,110,72,,169,121,48,,,,134,,,115
2017-07-15 07:00:00,284,25,,295,57,358,,,,11,,,232
2017-07-15 08:00:00,299,338,,294,316,340,,,,11,,,250
2017-07-15 09:00:00,15,318,,322,338,311,,,,24,,,292
2017-07-15 10:00:00,14,13,,353,329,341,,,,1,,,229
2017-07-15 11:00:00,31,25,,194,64,61,,,,60,,,87
2017-07-15 12:00:00,63,102,,108,92,103,,,,113,,,61
2017-07-15 13:00:00,78,106,,110,90,89,,,,102,,,56
2017-07-15 14:00:00,76,88,,100,89,96,,,,98,,,50
2017-07-15 15:00:00,90,102,,109,96,84,,,,122,,,70
2017-07-15 16:00:00,119,99,,107,95,88,,,,139,,,75
2017-07-15 17:00:00,99,103,,109,89,85,,,,113,,,78
2017-07-15 18:00:00,97,107,,109,89,90,,,,108,,,71
2017-07-15 19:00:00,100,94,,99,94,81,,,,86,,,79
2017-07-15 20:00:00,96,75,,93,99,78,,,,76,,,93
2017-07-15 21:00:00,124,75,,86,85,88,,,,95,,,101
2017-07-15 22:00:00,139,102,,101,89,102,,,,134,,,97
2017-07-15 23:00:00,152,101,,102,93,96,,,,136,,,96
2017-07-16 00:00:00,123,97,,102,86,101,,,,126,,,60
2017-07-16 01:00:00,74,88,,112,86,100,,,,113,,,66
2017-07-16 02:00:00,26,84,,130,100,88,,,,105,,,105
2017-07-16 03:00:00,31,76,,136,121,82,,,,117,,,116
2017-07-16 04:00:00,23,54,,274,126,60,,,,99,,,113
2017-07-16 05:00:00,62,26,,250,104,54,,,,33,,,92
2017-07-16 06:00:00,52,62,,253,147,28,,,,315,,,112
2017-07-16 07:00:00,334,328,,283,349,298,,,,3,,,234
2017-07-16 08:00:00,304,305,,308,305,314,,,,338,,,272
2017-07-16 09:00:00,9,332,,324,342,321,,,,358,,,316
2017-07-16 10:00:00,18,354,,315,12,41,,,,336,,,58
2017-07-16 11:00:00,43,58,,185,83,90,,,,75,,,85
2017-07-16 12:00:00,57,95,,126,109,84,,,,113,,,71
2017-07-16 13:00:00,91,104,,122,99,95,,,,114,,,58
2017-07-16 14:00:00,71,66,,97,96,66,,,,107,,,63
2017-07-16 15:00:00,44,27,,50,87,43,,,,61,,,47
2017-07-16 16:00:00,19,360,,322,109,36,,,,2,,,90
2017-07-16 17:00:00,20,335,,337,98,11,,,,47,,,71
2017-07-16 18:00:00,15,305,,126,95,250,,,,103,,,75
2017-07-16 19:00:00,23,217,,152,97,292,,,,133,,,87
2017-07-16 20:00:00,87,38,,119,105,15,,,,32,,,101
2017-07-16 21:00:00,60,30,,160,134,34,,,,100,,,94
2017-07-16 22:00:00,53,54,,114,140,70,,,,89,,,93
2017-07-16 23:00:00,31,42,,161,103,94,,,,124,,,92
2017-07-17 00:00:00,28,332,,309,147,307,,,,221,,,94
2017-07-17 01:00:00,333,346,,312,183,288,,,,14,,,146
2017-07-17 02:00:00,303,23,,300,91,29,,,,14,,,241
2017-07-17 03:00:00,191,30,,146,330,40,,,,34,,,212
2017-07-17 04:00:00,77,356,,275,65,301,,,,353,,,158
2017-07-17 05:00:00,90,354,,281,116,359,,,,270,,,93
2017-07-17 06:00:00,45,335,,279,65,328,,,,93,,,77
2017-07-17 07:00:00,35,321,,264,36,283,,,,100,,,108
2017-07-17 08:00:00,43,349,,345,56,17,,,,92,,,64
2017-07-17 09:00:00,41,17,,77,15,59,,,,74,,,73
2017-07-17 10:00:00,61,31,,125,71,81,,,,89,,,84
2017-07-17 11:00:00,36,43,,104,76,82,,,,125,,,64
2017-07-17 12:00:00,50,49,,74,89,79,,,,78,,,85
2017-07-17 13:00:00,93,71,,97,92,81,,,,103,,,68
2017-07-17 14:00:00,95,93,,116,37,92,,,,107,,,70
2017-07-17 15:00:00,126,103,,112,91,89,,,,110,,,79
2017-07-17 16:00:00,88,112,,108,93,98,,,,154,,,69
2017-07-17 17:00:00,112,115,,103,78,70,,,,171,,,79
2017-07-17 18:00:00,155,117,,88,79,14,,,,177,,,80
2017-07-17 19:00:00,141,18,,34,91,17,,,,157,,,97
2017-07-17 20:00:00,27,,,47,101,57,,,,137,,,72
2017-07-17 21:00:00,40,29,,56,94,44,,,,73,,,96
2017-07-17 22:00:00,54,91,,78,100,88,,,,76,,,81
2017-07-17 23:00:00,27,108,,120,94,91,,,,194,,,93
2017-07-18 00:00:00,129,105,,103,102,104,,,,167,,,71
2017-07-18 01:00:00,136,93,,101,97,95,,,,118,,,69
2017-07-18 02:00:00,46,51,,136,134,70,,,,79,,,89
2017-07-18 03:00:00,66,69,,249,179,38,,,,82,,,96
2017-07-18 04:00:00,87,42,,253,237,66,,,,77,,,100
2017-07-18 05:00:00,50,23,,250,100,15,,,,19,,,83
2017-07-18 06:00:00,20,20,,237,82,30,,,,34,,,81
2017-07-18 07:00:00,20,15,,265,47,32,,,,55,,,81
2017-07-18 08:00:00,17,356,,285,68,6,,,,79,,,87
2017-07-18 09:00:00,19,337,,284,20,11,,,,47,,,83
2017-07-18 10:00:00,10,16,,290,69,38,,,,358,,,93
2017-07-18 11:00:00,25,50,,108,77,89,,,,80,,,70
2017-07-18 12:00:00,71,98,,88,93,89,,,,122,,,59
2017-07-18 13:00:00,73,95,,86,87,91,,,,137,,,67
2017-07-18 14:00:00,70,104,,104,95,94,,,,128,,,55
2017-07-18 15:00:00,82,103,,108,95,98,,,,140,,,59
2017-07-18 16:00:00,122,112,,108,91,109,,,,139,,,82
2017-07-18 17:00:00,153,108,,115,97,99,,,,148,,,89
2017-07-18 18:00:00,120,98,,103,100,88,,,,93,,,91
2017-07-18 19:00:00,131,105,,102,90,84,,,,131,,,90
2017-07-18 20:00:00,124,113,,108,96,104,,,,87,,,101
2017-07-18 21:00:00,103,103,,102,96,102,,,,110,,,70
2017-07-18 22:00:00,104,93,,99,83,99,,,,102,,,65
2017-07-18 23:00:00,148,94,,101,86,82,,,,113,,,68
2017-07-19 00:00:00,118,94,,95,88,92,,,,121,,,64
2017-07-19 01:00:00,104,94,,99,91,91,,,,119,,,72
2017-07-19 02:00:00,56,93,,99,89,97,,,,91,,,89
2017-07-19 03:00:00,65,95,,115,85,93,,,,95,,,80
2017-07-19 04:00:00,57,80,,105,111,68,,,,80,,,107
2017-07-19 05:00:00,80,62,,72,112,52,,,,83,,,88
2017-07-19 06:00:00,86,75,,81,113,69,,,,93,,,92
2017-07-19 07:00:00,75,95,,108,111,74,,,,99,,,97
2017-07-19 08:00:00,67,85,,140,109,69,,,,102,,,95
2017-07-19 09:00:00,65,74,,110,95,70,,,,106,,,79
2017-07-19 10:00:00,67,70,,112,132,74,,,,106,,,71
2017-07-19 11:00:00,68,92,,91,90,86,,,,112,,,70
2017-07-19 12:00:00,72,95,,79,93,82,,,,140,,,65
2017-07-19 13:00:00,70,101,,102,92,91,,,,142,,,55
2017-07-19 14:00:00,113,101,,95,89,97,,,,135,,,59
2017-07-19 15:00:00,101,104,,96,93,97,,,,134,,,79
2017-07-19 16:00:00,103,101,,105,106,100,,,,141,,,103
2017-07-19 17:00:00,158,114,,106,221,104,,,,144,,,102
2017-07-19 18:00:00,172,122,,147,263,119,,,,168,,,74
2017-07-19 19:00:00,149,117,,144,198,119,,,,160,,,86
2017-07-19 20:00:00,155,120,,138,126,112,,,,160,,,76
2017-07-19 21:00:00,148,117,,120,96,114,,,,153,,,72
2017-07-19 22:00:00,134,114,,120,102,111,,,,142,,,69
2017-07-19 23:00:00,144,114,,121,87,100,,,,144,,,63
2017-07-20 00:00:00,170,115,,106,85,103,,,,149,,,108
2017-07-20 01:00:00,162,112,,99,94,100,,,,147,,,107
2017-07-20 02:00:00,91,100,,99,98,106,,,,146,,,81
2017-07-20 03:00:00,47,87,,64,121,98,,,,138,,,127
2017-07-20 04:00:00,63,102,,96,142,107,,,,136,,,117
2017-07-20 05:00:00,26,92,,142,144,101,,,,136,,,127
2017-07-20 06:00:00,34,101,,216,125,78,,,,107,,,121
2017-07-20 07:00:00,352,46,,210,233,39,,,,70,,,173
2017-07-20 08:00:00,9,15,,294,10,23,,,,30,,,222
2017-07-20 09:00:00,340,352,,284,289,352,,,,33,,,256
2017-07-20 10:00:00,329,43,,294,12,53,,,,39,,,30
2017-07-20 11:00:00,33,35,,133,18,92,,,,76,,,81
2017-07-20 12:00:00,35,91,,104,78,89,,,,121,,,71
2017-07-20 13:00:00,45,97,,93,95,101,,,,129,,,64
2017-07-20 14:00:00,79,98,,121,88,93,,,,157,,,60
2017-07-20 15:00:00,95,105,,104,93,103,,,,150,,,59
2017-07-20 16:00:00,149,108,,99,94,89,,,,136,,,
2017-07-20 17:00:00,149,107,,113,89,100,,,,142,,,
2017-07-20 18:00:00,149,106,,108,92,103,,,,140,,,
2017-07-20 19:00:00,138,111,,117,105,104,,,,140,,,85
2017-07-20 20:00:00,135,120,,114,105,115,,,,152,,,88
2017-07-20 21:00:00,148,116,,129,100,106,,,,146,,,88
2017-07-20 22:00:00,148,110,,121,98,104,,,,141,,,76
2017-07-20 23:00:00,159,103,,107,96,99,,,,134,,,67
2017-07-21 00:00:00,146,107,,103,84,107,,,,132,,,69
2017-07-21 01:00:00,97,99,,99,88,101,,,,122,,,62
2017-07-21 02:00:00,89,98,,103,115,101,,,,120,,,93
2017-07-21 03:00:00,77,99,,113,141,101,,,,116,,,108
2017-07-21 04:00:00,54,99,,129,137,100,,,,121,,,100
2017-07-21 05:00:00,32,75,,158,115,80,,,,103,,,103
2017-07-21 06:00:00,65,49,,192,108,63,,,,63,,,94
2017-07-21 07:00:00,180,62,,206,96,35,,,,26,,,189
2017-07-21 08:00:00,27,42,,251,339,28,,,,103,,,341
2017-07-21 09:00:00,24,39,,332,332,54,,,,78,,,67
2017-07-21 10:00:00,79,42,,299,64,67,,,,46,,,71
2017-07-21 11:00:00,79,100,,106,67,80,,,,70,,,81
2017-07-21 12:00:00,74,76,,151,73,97,,,,117,,,81
2017-07-21 13:00:00,65,75,,104,98,91,,,,124,,,85
2017-07-21 14:00:00,84,87,,103,99,86,,,,135,,,68
2017-07-21 15:00:00,89,116,,105,97,99,,,,128,,,53
2017-07-21 16:00:00,141,106,,102,85,102,,,,133,,,68
2017-07-21 17:00:00,143,113,,101,90,103,,,,151,,,67
2017-07-21 18:00:00,142,121,,119,99,122,,,,158,,,81
2017-07-21 19:00:00,158,124,,125,103,121,,,,157,,,93
2017-07-21 20:00:00,160,120,,132,119,116,,,,166,,,100
2017-07-21 21:00:00,155,99,,130,122,90,,,,115,,,78
2017-07-21 22:00:00,105,88,,93,89,87,,,,107,,,66
2017-07-21 23:00:00,105,89,,98,76,97,,,,114,,,60
2017-07-22 00:00:00,127,93,,99,91,88,,,,123,,,70
2017-07-22 01:00:00,68,90,,110,94,85,,,,118,,,85
2017-07-22 02:00:00,57,78,,128,108,83,,,,118,,,97
2017-07-22 03:00:00,48,83,,13,137,73,,,,106,,,110
2017-07-22 04:00:00,85,91,,341,101,76,,,,95,,,103
2017-07-22 05:00:00,77,87,,74,111,83,,,,96,,,107
2017-07-22 06:00:00,103,61,,196,122,65,,,,96,,,103
2017-07-22 07:00:00,40,41,,250,212,49,,,,48,,,180
2017-07-22 08:00:00,23,27,,271,52,37,,,,68,,,291
2017-07-22 09:00:00,359,29,,292,352,37,,,,39,,,26
2017-07-22 10:00:00,13,359,,297,357,34,,,,11,,,79
2017-07-22 11:00:00,86,37,,158,81,75,,,,97,,,74
2017-07-22 12:00:00,83,84,,96,87,95,,,,117,,,64
2017-07-22 13:00:00,82,87,,105,88,89,,,,110,,,59
2017-07-22 14:00:00,65,85,,103,94,74,,,,138,,,55
2017-07-22 15:00:00,85,103,,111,90,85,,,,129,,,57
2017-07-22 16:00:00,84,111,,117,110,89,,,,137,,,51
2017-07-22 17:00:00,111,106,,104,98,116,,,,136,,,71
2017-07-22 18:00:00,143,110,,109,90,103,,,,148,,,80
2017-07-22 19:00:00,152,117,,110,93,111,,,,151,,,101
2017-07-22 20:00:00,149,115,,119,107,124,,,,148,,,81
2017-07-22 21:00:00,143,121,,131,96,115,,,,155,,,60
2017-07-22 22:00:00,140,118,,137,85,110,,,,152,,,63
2017-07-22 23:00:00,154,116,,129,85,117,,,,147,,,89
2017-07-23 00:00:00,110,109,,111,138,107,,,,121,,,137
2017-07-23 01:00:00,43,87,,131,157,98,,,,125,,,110
2017-07-23 02:00:00,6,71,,59,164,37,,,,119,,,115
2017-07-23 03:00:00,21,70,,172,98,50,,,,109,,,112
2017-07-23 04:00:00,43,71,,279,126,64,,,,101,,,103
2017-07-23 05:00:00,89,89,,279,150,70,,,,92,,,105
2017-07-23 06:00:00,90,91,,255,137,84,,,,96,,,104
2017-07-23 07:00:00,84,71,,243,140,75,,,,76,,,103
2017-07-23 08:00:00,58,64,,250,90,69,,,,93,,,72
2017-07-23 09:00:00,38,39,,238,65,66,,,,100,,,63
2017-07-23 10:00:00,31,9,,292,25,65,,,,3,,,59
2017-07-23 11:00:00,60,30,,97,64,79,,,,25,,,80
2017-07-23 12:00:00,60,49,,130,74,73,,,,130,,,65
2017-07-23 13:00:00,82,80,,118,88,97,,,,127,,,62
2017-07-23 14:00:00,79,56,,97,92,72,,,,147,,,63
2017-07-23 15:00:00,66,94,,115,93,91,,,,139,,,55
2017-07-23 16:00:00,75,116,,107,95,110,,,,156,,,51
2017-07-23 17:00:00,106,111,,102,90,104,,,,134,,,94
2017-07-23 18:00:00,152,105,,104,88,98,,,,133,,,116
2017-07-23 19:00:00,140,108,,109,99,102,,,,143,,,97
2017-07-23 20:00:00,149,119,,116,99,116,,,,150,,,88
2017-07-23 21:00:00,152,119,,129,105,115,,,,149,,,64
2017-07-23 22:00:00,135,120,,132,90,113,,,,178,,,64
2017-07-23 23:00:00,140,110,,132,90,108,,,,171,,,78
2017-07-24 00:00:00,84,96,,102,99,110,,,,128,,,107
2017-07-24 01:00:00,61,100,,108,104,112,,,,131,,,114
2017-07-24 02:00:00,58,89,,110,111,106,,,,132,,,113
2017-07-24 03:00:00,26,94,,76,151,90,,,,116,,,98
2017-07-24 04:00:00,27,96,,81,141,81,,,,119,,,103
2017-07-24 05:00:00,50,73,,72,150,65,,,,116,,,108
2017-07-24 06:00:00,89,83,,86,130,77,,,,117,,,95
2017-07-24 07:00:00,101,96,,88,144,82,,,,136,,,88
2017-07-24 08:00:00,82,62,,152,88,73,,,,82,,,90
2017-07-24 09:00:00,51,55,,205,72,42,,,,75,,,70
2017-07-24 10:00:00,18,27,,326,59,3,,,,63,,,98
2017-07-24 11:00:00,32,49,,170,47,66,,,,97,,,79
2017-07-24 12:00:00,78,93,,130,86,84,,,,139,,,69
2017-07-24 13:00:00,76,99,,109,91,79,,,,135,,,63
2017-07-24 14:00:00,64,104,,105,96,77,,,,119,,,57
2017-07-24 15:00:00,71,107,,107,94,90,,,,133,,,46
2017-07-24 16:00:00,97,112,,102,98,107,,,,129,,,60
2017-07-24 17:00:00,149,107,,107,92,113,,,,144,,,75
2017-07-24 18:00:00,138,106,,111,93,105,,,,140,,,81
2017-07-24 19:00:00,135,122,,113,102,110,,,,154,,,81
2017-07-24 20:00:00,146,119,,116,108,120,,,,151,,,86
2017-07-24 21:00:00,140,110,,135,105,108,,,,137,,,82
2017-07-24 22:00:00,148,100,,113,89,96,,,,141,,,74
2017-07-24 23:00:00,143,104,,108,78,101,,,,134,,,71
2017-07-25 00:00:00,110,104,,105,85,103,,,,132,,,71
2017-07-25 01:00:00,95,99,,101,81,96,,,,129,,,76
2017-07-25 02:00:00,61,95,,106,101,99,,,,121,,,83
2017-07-25 03:00:00,61,98,,104,102,91,,,,124,,,100
2017-07-25 04:00:00,12,95,,105,107,100,,,,122,,,95
2017-07-25 05:00:00,45,97,,101,109,88,,,,118,,,94
2017-07-25 06:00:00,88,98,,121,112,84,,,,120,,,100
2017-07-25 07:00:00,55,94,,103,105,75,,,,121,,,97
2017-07-25 08:00:00,50,73,,79,109,69,,,,133,,,93
2017-07-25 09:00:00,56,55,,90,86,57,,,,84,,,75
2017-07-25 10:00:00,28,33,,189,66,92,,,,101,,,82
2017-07-25 11:00:00,64,38,,128,61,83,,,,121,,,67
2017-07-25 12:00:00,93,101,,95,81,89,,,,128,,,61
2017-07-25 13:00:00,66,107,,104,94,100,,,,145,,,55
2017-07-25 14:00:00,110,112,,102,89,111,,,,138,,,55
2017-07-25 15:00:00,142,111,,111,79,115,,,,141,,,73
2017-07-25 16:00:00,145,111,,116,89,112,,,,139,,,90
2017-07-25 17:00:00,145,111,,112,96,108,,,,,,,90
2017-07-25 18:00:00,146,117,,116,96,111,,,,,,,76
2017-07-25 19:00:00,128,108,,107,89,106,,,,,,,71
2017-07-25 20:00:00,119,105,,105,88,103,,,,,,,69
2017-07-25 21:00:00,120,103,,105,92,101,,,,135,,,71
2017-07-25 22:00:00,108,97,,107,86,108,,,,146,,,63
2017-07-25 23:00:00,75,96,,107,92,95,,,,126,,,73
2017-07-26 00:00:00,128,105,,106,90,105,,,,131,,,58
2017-07-26 01:00:00,59,94,,102,87,101,,,,119,,,91
2017-07-26 02:00:00,25,83,,114,107,79,,,,115,,,106
2017-07-26 03:00:00,46,73,,109,103,97,,,,111,,,94
2017-07-26 04:00:00,19,69,,116,133,54,,,,104,,,109
2017-07-26 05:00:00,24,75,,52,125,49,,,,64,,,107
2017-07-26 06:00:00,60,66,,211,143,68,,,,60,,,99
2017-07-26 07:00:00,59,34,,237,100,48,,,,62,,,89
2017-07-26 08:00:00,37,48,,249,105,37,,,,88,,,71
2017-07-26 09:00:00,41,29,,237,83,51,,,,53,,,76
2017-07-26 10:00:00,49,5,,342,72,64,,,,106,,,91
2017-07-26 11:00:00,42,74,,67,70,59,,,,158,,,64
2017-07-26 12:00:00,65,110,,103,92,107,,,,162,,,60
2017-07-26 13:00:00,117,112,,101,77,98,,,,146,,,65
2017-07-26 14:00:00,137,111,,104,83,102,,,,152,,,67
2017-07-26 15:00:00,145,103,,105,79,109,,,,128,,,56
2017-07-26 16:00:00,128,106,,104,88,100,,,,128,,,67
2017-07-26 17:00:00,130,109,,109,94,102,,,,135,,,76
2017-07-26 18:00:00,144,110,,109,105,109,,,,135,,,82
2017-07-26 19:00:00,151,106,,107,107,102,,,,126,,,92
2017-07-26 20:00:00,149,101,,111,117,99,,,,128,,,80
2017-07-26 21:00:00,144,118,,109,100,104,,,,143,,,74
2017-07-26 22:00:00,145,114,,114,98,116,,,,144,,,69
2017-07-26 23:00:00,134,105,,110,99,103,,,,136,,,66
2017-07-27 00:00:00,142,101,,104,92,102,,,,128,,,70
2017-07-27 01:00:00,120,96,,102,89,97,,,,131,,,63
2017-07-27 02:00:00,129,94,,95,92,102,,,,133,,,75
2017-07-27 03:00:00,39,93,,81,115,87,,,,115,,,124
2017-07-27 04:00:00,54,76,,42,151,80,,,,87,,,102
2017-07-27 05:00:00,63,67,,135,148,79,,,,79,,,106
2017-07-27 06:00:00,47,73,,63,100,87,,,,94,,,97
2017-07-27 07:00:00,91,93,,175,105,83,,,,113,,,94
2017-07-27 08:00:00,79,102,,108,110,87,,,,126,,,86
2017-07-27 09:00:00,83,76,,121,86,74,,,,169,,,69
2017-07-27 10:00:00,12,49,,55,77,78,,,,65,,,69
2017-07-27 11:00:00,37,111,,82,81,76,,,,140,,,77
2017-07-27 12:00:00,47,89,,103,79,100,,,,141,,,73
2017-07-27 13:00:00,66,95,,110,92,90,,,,150,,,55
2017-07-27 14:00:00,74,110,,100,97,109,,,,136,,,60
2017-07-27 15:00:00,123,118,,93,92,105,,,,135,,,57
2017-07-27 16:00:00,161,114,,113,91,116,,,,137,,,83
2017-07-27 17:00:00,157,121,,116,103,121,,,,154,,,99
2017-07-27 18:00:00,150,123,,120,114,128,,,,180,,,85
2017-07-27 19:00:00,151,126,,144,129,120,,,,174,,,97
2017-07-27 20:00:00,151,122,,139,104,115,,,,157,,,72
2017-07-27 21:00:00,144,116,,126,86,107,,,,150,,,69
2017-07-27 22:00:00,144,109,,111,93,105,,,,134,,,68
2017-07-27 23:00:00,157,98,,107,88,100,,,,135,,,65
2017-07-28 00:00:00,137,98,,103,88,104,,,,125,,,70
2017-07-28 01:00:00,68,99,,102,89,109,,,,131,,,83
2017-07-28 02:00:00,61,96,,108,112,101,,,,124,,,96
2017-07-28 03:00:00,66,94,,102,107,93,,,,115,,,93
2017-07-28 04:00:00,43,99,,104,145,78,,,,116,,,103
2017-07-28 05:00:00,52,89,,100,136,66,,,,112,,,107
2017-07-28 06:00:00,66,65,,167,82,63,,,,76,,,132
2017-07-28 07:00:00,43,63,,229,41,30,,,,44,,,153
2017-07-28 08:00:00,35,35,,279,51,31,,,,58,,,108
2017-07-28 09:00:00,14,2,,9,26,55,,,,57,,,69
2017-07-28 10:00:00,22,34,,266,55,62,,,,51,,,65
2017-07-28 11:00:00,75,33,,162,67,90,,,,335,,,68
2017-07-28 12:00:00,70,55,,140,95,93,,,,137,,,75
2017-07-28 13:00:00,85,68,,93,92,84,,,,123,,,64
2017-07-28 14:00:00,92,101,,111,99,108,,,,148,,,66
2017-07-28 15:00:00,70,74,,121,99,94,,,,160,,,54
2017-07-28 16:00:00,92,101,,125,93,75,,,,143,,,88
2017-07-28 17:00:00,143,120,,121,93,106,,,,134,,,102
2017-07-28 18:00:00,158,125,,119,101,116,,,,172,,,87
2017-07-28 19:00:00,147,123,,122,104,120,,,,156,,,89
2017-07-28 20:00:00,154,128,,118,110,125,,,,161,,,91
2017-07-28 21:00:00,158,95,,130,125,94,,,,126,,,87
2017-07-28 22:00:00,117,99,,104,84,85,,,,125,,,63
2017-07-28 23:00:00,116,96,,104,84,88,,,,129,,,59
2017-07-29 00:00:00,87,95,,94,93,102,,,,127,,,68
2017-07-29 01:00:00,54,92,,108,96,93,,,,123,,,92
2017-07-29 02:00:00,38,91,,131,117,83,,,,110,,,102
2017-07-29 03:00:00,50,86,,112,129,90,,,,111,,,106
2017-07-29 04:00:00,84,96,,120,117,99,,,,101,,,100
2017-07-29 05:00:00,43,59,,171,118,94,,,,80,,,105
2017-07-29 06:00:00,58,56,,190,90,67,,,,67,,,90
2017-07-29 07:00:00,28,27,,230,103,38,,,,19,,,103
2017-07-29 08:00:00,2,358,,276,21,358,,,,31,,,74
2017-07-29 09:00:00,349,315,,292,3,321,,,,345,,,27
2017-07-29 10:00:00,11,342,,319,353,354,,,,356,,,288
2017-07-29 11:00:00,43,14,,273,326,55,,,,14,,,77
2017-07-29 12:00:00,,57,,139,74,84,,,,77,,,69
2017-07-29 13:00:00,,76,,104,104,90,,,,113,,,82
2017-07-29 14:00:00,,98,,115,110,96,,,,111,,,71
2017-07-29 15:00:00,,91,,113,106,99,,,,125,,,63
2017-07-29 16:00:00,,83,,95,103,87,,,,115,,,57
2017-07-29 17:00:00,,72,,93,95,88,,,,97,,,60
2017-07-29 18:00:00,,75,,104,99,83,,,,100,,,67
2017-07-29 19:00:00,,74,,94,100,81,,,,76,,,104
2017-07-29 20:00:00,,79,,93,101,84,,,,82,,,106
2017-07-29 21:00:00,,90,,97,96,94,,,,107,,,108
2017-07-29 22:00:00,,99,,102,90,100,,,,135,,,78
2017-07-29 23:00:00,,93,,102,80,102,,,,98,,,57
2017-07-30 00:00:00,,88,,107,96,105,,,,97,,,74
2017-07-30 01:00:00,,94,,119,94,114,,,,103,,,79
2017-07-30 02:00:00,,93,,123,110,95,,,,116,,,103
2017-07-30 03:00:00,,78,,172,131,100,,,,118,,,105
2017-07-30 04:00:00,,50,,190,94,66,,,,102,,,147
2017-07-30 05:00:00,,34,,272,291,333,,,,62,,,203
2017-07-30 06:00:00,,9,,298,274,298,,,,137,,,208
2017-07-30 07:00:00,,358,,315,85,296,,,,229,,,213
2017-07-30 08:00:00,,330,,343,174,304,,,,40,,,291
2017-07-30 09:00:00,,316,,333,317,338,,,,41,,,209
2017-07-30 10:00:00,,349,,351,352,165,,,,14,,,284
2017-07-30 11:00:00,,15,,62,28,79,,,,71,,,62
2017-07-30 12:00:00,,52,,101,103,89,,,,55,,,74
2017-07-30 13:00:00,,91,,84,97,106,,,,116,,,63
2017-07-30 14:00:00,,84,,110,104,95,,,,122,,,59
2017-07-30 15:00:00,,76,,115,98,98,,,,106,,,63
2017-07-30 16:00:00,,78,,113,103,81,,,,113,,,50
2017-07-30 17:00:00,,77,,97,91,90,,,,94,,,70
2017-07-30 18:00:00,,94,,103,96,91,,,,109,,,77
2017-07-30 19:00:00,,82,,104,100,83,,,,96,,,89
2017-07-30 20:00:00,,75,,91,98,87,,,,91,,,103
2017-07-30 21:00:00,,79,,92,100,86,,,,97,,,109
2017-07-30 22:00:00,,99,,106,95,96,,,,130,,,79
2017-07-30 23:00:00,,101,,108,80,115,,,,135,,,65
2017-07-31 00:00:00,,98,,107,83,102,,,,105,,,70
2017-07-31 01:00:00,,97,,103,93,95,,,,142,,,68
2017-07-31 02:00:00,,86,,112,93,62,,,,134,,,82
2017-07-31 03:00:00,,52,,153,131,306,,,,134,,,95
2017-07-31 04:00:00,,59,,293,187,66,,,,119,,,126
2017-07-31 05:00:00,,78,,182,74,84,,,,168,,,93
2017-07-31 06:00:00,,47,,206,93,55,,,,129,,,105
2017-07-31 07:00:00,,33,,242,148,67,,,,107,,,109
2017-07-31 08:00:00,,61,,330,71,44,,,,122,,,86
2017-07-31 09:00:00,315,45,,328,47,43,,,,191,,,92
2017-07-31 10:00:00,348,20,,84,75,63,,,,1,,,92
2017-07-31 11:00:00,72,28,,173,97,67,,,,65,,,92
2017-07-31 12:00:00,81,88,,116,91,88,,,,105,,,75
2017-07-31 13:00:00,74,103,,103,98,70,,,,126,,,51
2017-07-31 14:00:00,83,89,,110,84,83,,,,106,,,48
2017-07-31 15:00:00,97,95,,92,90,89,,,,93,,,58
2017-07-31 16:00:00,94,98,,104,101,90,,,,100,,,56
2017-07-31 17:00:00,97,92,,110,106,100,,,,110,,,73
2017-07-31 18:00:00,102,88,,104,100,90,,,,102,,,99
2017-07-31 19:00:00,95,88,,101,109,86,,,,77,,,79
2017-07-31 20:00:00,115,96,,104,105,94,,,,159,,,88
2017-07-31 21:00:00,156,105,,106,121,104,,,,168,,,98
2017-07-31 22:00:00,93,88,,99,96,86,,,,117,,,80
2017-07-31 23:00:00,101,97,,104,,96,,,,120,,,75
2017-08-01 00:00:00,,,,,,,,,,,,,
2017-08-01 01:00:00,120,97,,101,89,100,,,,122,129,,68
2017-08-01 02:00:00,105,92,,109,90,82,,,,122,101,,65
2017-08-01 03:00:00,68,98,,100,91,95,,,,130,113,,76
2017-08-01 04:00:00,41,69,,140,126,76,,,,165,135,,99
2017-08-01 05:00:00,40,73,,310,151,73,,,,141,157,,114
2017-08-01 06:00:00,64,50,,285,162,78,,,,73,61,,103
2017-08-01 07:00:00,87,60,,273,73,83,,,,86,92,,95
2017-08-01 08:00:00,112,105,,298,88,86,,,,121,116,,94
2017-08-01 09:00:00,87,108,,138,84,82,,,,127,184,,82
2017-08-01 10:00:00,53,122,,145,71,82,,,,142,183,,73
2017-08-01 11:00:00,63,86,,133,83,94,,,,130,174,,66
2017-08-01 12:00:00,67,107,,114,98,66,,,,119,179,,63
2017-08-01 13:00:00,55,103,,108,102,80,,,,154,126,,59
2017-08-01 14:00:00,84,104,,101,100,88,,,,125,6,,56
2017-08-01 15:00:00,82,103,,104,94,75,,,,111,,,57
2017-08-01 16:00:00,93,63,,96,98,74,,,,104,,,54
2017-08-01 17:00:00,68,22,,55,85,41,,,,84,,,59
2017-08-01 18:00:00,98,41,,62,84,52,,,,80,,,61
2017-08-01 19:00:00,108,63,,96,88,71,,,,78,,,92
2017-08-01 20:00:00,126,72,,100,102,80,,,,129,,,90
2017-08-01 21:00:00,141,82,,108,103,81,,,,154,,,86
2017-08-01 22:00:00,130,87,,111,112,88,,,,101,,,78
2017-08-01 23:00:00,90,89,,91,97,93,,,,106,,,61
2017-08-02 00:00:00,81,87,,99,83,94,,,,103,,,59
2017-08-02 01:00:00,76,93,,93,87,97,,,,96,,,57
2017-08-02 02:00:00,60,89,,104,90,106,,,,111,,,64
2017-08-02 03:00:00,34,70,,83,95,87,,,,96,,,98
2017-08-02 04:00:00,44,65,,119,116,88,,,,106,,,90
2017-08-02 05:00:00,36,50,,194,130,62,,,,61,,,91
2017-08-02 06:00:00,43,22,,247,86,56,,,,44,,,92
2017-08-02 07:00:00,326,12,,289,82,18,,,,30,,,131
2017-08-02 08:00:00,46,349,,280,349,25,,,,26,,,145
2017-08-02 09:00:00,42,17,,352,352,343,,,,7,5,,292
2017-08-02 10:00:00,19,345,,320,59,48,,,,73,33,,68
2017-08-02 11:00:00,14,71,,183,59,75,,,,79,151,,74
2017-08-02 12:00:00,72,82,,147,86,93,,,,142,156,,68
2017-08-02 13:00:00,68,69,,115,95,97,,,,108,176,,73
2017-08-02 14:00:00,64,93,,128,97,107,,,,83,160,,68
2017-08-02 15:00:00,47,83,,114,88,105,,,,108,110,,55
2017-08-02 16:00:00,88,92,,112,98,74,,,,104,82,,59
2017-08-02 17:00:00,91,82,,101,102,73,,,,107,111,,76
2017-08-02 18:00:00,96,81,,103,101,69,,,,96,93,,71
2017-08-02 19:00:00,97,82,,96,94,81,,,,96,100,,96
2017-08-02 20:00:00,99,74,,99,94,75,,,,80,84,,96
2017-08-02 21:00:00,102,74,,93,95,82,,,,88,83,,79
2017-08-02 22:00:00,98,86,,96,100,89,,,,114,119,,80
2017-08-02 23:00:00,135,99,,100,100,97,,,,126,132,,84
2017-08-03 00:00:00,112,92,,104,84,97,,,,112,128,,75
2017-08-03 01:00:00,83,80,,97,81,84,,,,101,124,,57
2017-08-03 02:00:00,55,58,,59,92,75,,,,99,124,,68
2017-08-03 03:00:00,38,44,,54,89,46,,,,84,125,,74
2017-08-03 04:00:00,53,19,,41,91,34,,,,50,49,,71
2017-08-03 05:00:00,18,4,,297,111,42,,,,65,52,,87
2017-08-03 06:00:00,17,8,,31,125,37,,,,72,88,,83
2017-08-03 07:00:00,22,10,,254,117,45,,,,80,137,,100
2017-08-03 08:00:00,27,357,,164,91,50,,,,65,62,,93
2017-08-03 09:00:00,23,352,,48,56,33,,,,6,347,,75
2017-08-03 10:00:00,42,352,,353,100,18,,,,358,346,,78
2017-08-03 11:00:00,359,355,,290,80,309,,,,,7,,80
2017-08-03 12:00:00,32,5,,353,54,27,,,,7,27,,98
2017-08-03 13:00:00,44,10,,56,86,42,,,,24,22,,65
2017-08-03 14:00:00,45,31,,58,132,59,,,,44,346,,70
2017-08-03 15:00:00,156,157,,188,340,100,,,,47,65,,309
2017-08-03 16:00:00,273,289,,301,294,249,,,,74,158,,290
2017-08-03 17:00:00,12,90,,278,55,60,,,,69,5,,76
2017-08-03 18:00:00,270,75,,31,13,94,,,,188,246,,61
2017-08-03 19:00:00,4,36,,299,145,304,,,,85,60,,116
2017-08-03 20:00:00,88,81,,72,137,53,,,,117,94,,85
2017-08-03 21:00:00,95,114,,105,101,109,,,,180,206,,57
2017-08-03 22:00:00,143,126,,122,87,121,,,,212,242,,67
2017-08-03 23:00:00,119,81,,118,88,74,,,,148,183,,122
2017-08-04 00:00:00,114,36,,146,133,14,,,,62,55,,109
2017-08-04 01:00:00,19,349,,290,162,37,,,,2,34,,106
2017-08-04 02:00:00,28,346,,280,86,4,,,,208,265,,116
2017-08-04 03:00:00,77,4,,243,327,52,,,,225,261,,101
2017-08-04 04:00:00,119,33,,306,33,330,,,,213,224,,96
2017-08-04 05:00:00,102,62,,279,142,15,,,,170,196,,93
2017-08-04 06:00:00,84,33,,276,67,19,,,,119,185,,94
2017-08-04 07:00:00,63,7,,284,317,33,,,,82,8,,86
2017-08-04 08:00:00,16,10,,283,312,12,,,,35,3,,111
2017-08-04 09:00:00,8,343,,302,346,2,,,,32,3,,27
2017-08-04 10:00:00,16,353,,307,314,343,,,,13,38,,77
2017-08-04 11:00:00,21,349,,252,313,36,,,,62,351,,79
2017-08-04 12:00:00,52,13,,172,86,37,,,,133,209,,77
2017-08-04 13:00:00,100,9,,97,86,41,,,,176,203,,95
2017-08-04 14:00:00,88,67,,137,72,94,,,,170,193,,105
2017-08-04 15:00:00,109,113,,106,77,93,,,,178,199,,89
2017-08-04 16:00:00,118,116,,120,77,111,,,,180,204,,80
2017-08-04 17:00:00,117,121,,117,94,110,,,,189,274,,74
2017-08-04 18:00:00,96,105,,106,101,109,,,,184,302,,70
2017-08-04 19:00:00,134,121,,112,81,105,,,,240,90,,78
2017-08-04 20:00:00,147,99,,13,86,301,,,,141,131,,130
2017-08-04 21:00:00,114,100,,99,94,39,,,,144,194,,113
2017-08-04 22:00:00,134,111,,107,97,100,,,,185,158,,97
2017-08-04 23:00:00,112,109,,117,96,103,,,,141,160,,95
2017-08-05 00:00:00,85,101,,116,115,99,,,,149,139,,120
2017-08-05 01:00:00,37,88,,105,130,82,,,,122,113,,136
2017-08-05 02:00:00,65,79,,104,137,73,,,,99,98,,154
2017-08-05 03:00:00,31,61,,211,165,61,,,,66,117,,185
2017-08-05 04:00:00,26,25,,280,178,52,,,,65,92,,228
2017-08-05 05:00:00,6,37,,278,343,24,,,,84,54,,198
2017-08-05 06:00:00,282,26,,287,120,334,,,,39,55,,246
2017-08-05 07:00:00,336,28,,271,140,45,,,,55,65,,287
2017-08-05 08:00:00,16,62,,266,171,47,,,,93,116,,317
2017-08-05 09:00:00,16,7,,310,65,356,,,,71,36,,239
2017-08-05 10:00:00,19,24,,342,41,29,,,,32,66,,86
2017-08-05 11:00:00,10,36,,172,77,62,,,,92,143,,83
2017-08-05 12:00:00,66,71,,124,67,81,,,,89,174,,64
2017-08-05 13:00:00,70,83,,104,64,91,,,,94,162,,57
2017-08-05 14:00:00,84,97,,112,73,100,,,,141,168,,65
2017-08-05 15:00:00,73,98,,99,73,92,,,,134,163,,59
2017-08-05 16:00:00,88,109,,95,74,84,,,,146,170,,69
2017-08-05 17:00:00,152,105,,108,87,101,,,,151,174,,103
2017-08-05 18:00:00,146,128,,125,113,116,,,,189,239,,87
2017-08-05 19:00:00,157,127,,143,104,122,,,,215,250,,70
2017-08-05 20:00:00,163,124,,144,85,117,,,,191,185,,71
2017-08-05 21:00:00,100,118,,128,75,109,,,,184,129,,64
2017-08-05 22:00:00,134,105,,131,93,116,,,,122,141,,84
2017-08-05 23:00:00,81,92,,99,88,97,,,,119,143,,92
2017-08-06 00:00:00,99,103,,93,77,102,,,,141,148,,86
2017-08-06 01:00:00,62,98,,138,123,122,,,,127,138,,91
2017-08-06 02:00:00,47,92,,168,139,100,,,,106,113,,106
2017-08-06 03:00:00,44,81,,215,130,80,,,,97,114,,106
2017-08-06 04:00:00,55,90,,163,91,93,,,,93,83,,102
2017-08-06 05:00:00,70,51,,225,56,78,,,,67,35,,104
2017-08-06 06:00:00,31,31,,229,57,5,,,,17,37,,95
2017-08-06 07:00:00,9,16,,263,14,10,,,,20,75,,130
2017-08-06 08:00:00,30,34,,275,18,29,,,,72,74,,72
2017-08-06 09:00:00,19,13,,270,43,44,,,,80,55,,18
2017-08-06 10:00:00,16,18,,299,324,54,,,,46,44,,71
2017-08-06 11:00:00,35,39,,211,307,89,,,,49,29,,74
2017-08-06 12:00:00,99,52,,147,338,111,,,,76,187,,76
2017-08-06 13:00:00,107,84,,129,54,102,,,,121,190,,78
2017-08-06 14:00:00,90,99,,124,83,115,,,,135,189,,68
2017-08-06 15:00:00,77,110,,124,90,107,,,,179,173,,83
2017-08-06 16:00:00,143,112,,110,90,106,,,,154,173,,111
2017-08-06 17:00:00,159,102,,138,121,113,,,,121,148,,85
2017-08-06 18:00:00,139,38,,96,121,32,,,,109,171,,14
2017-08-06 19:00:00,36,314,,266,106,233,,,,21,333,,86
2017-08-06 20:00:00,159,291,,212,95,264,,,,318,329,,109
2017-08-06 21:00:00,159,318,,71,92,273,,,,318,68,,157
2017-08-06 22:00:00,209,55,,129,116,33,,,,27,97,,173
2017-08-06 23:00:00,106,71,,122,127,71,,,,109,150,,142
2017-08-07 00:00:00,22,88,,102,157,48,,,,133,143,,113
2017-08-07 01:00:00,4,92,,40,101,89,,,,135,156,,123
2017-08-07 02:00:00,66,95,,300,97,80,,,,135,151,,108
2017-08-07 03:00:00,44,80,,315,105,78,,,,111,126,,111
2017-08-07 04:00:00,46,62,,307,89,73,,,,108,123,,107
2017-08-07 05:00:00,58,62,,222,108,71,,,,91,116,,102
2017-08-07 06:00:00,77,75,,197,87,69,,,,90,74,,96
2017-08-07 07:00:00,35,49,,189,72,65,,,,60,71,,102
2017-08-07 08:00:00,54,54,,63,30,46,,,,60,64,,108
2017-08-07 09:00:00,83,72,,256,52,45,,,,65,17,,87
2017-08-07 10:00:00,58,46,,143,52,101,,,,79,13,,87
2017-08-07 11:00:00,60,22,,157,59,78,,,,151,64,,76
2017-08-07 12:00:00,50,353,,168,72,99,,,,23,63,,72
2017-08-07 13:00:00,57,48,,98,75,94,,,,83,24,,66
2017-08-07 14:00:00,85,69,,115,98,50,,,,126,,,82
2017-08-07 15:00:00,256,200,,188,100,314,,,,67,,,239
2017-08-07 16:00:00,309,349,,304,87,298,,,,349,,,294
2017-08-07 17:00:00,182,173,,329,229,83,,,,241,,,70
2017-08-07 18:00:00,233,207,,290,77,222,,,,243,,,240
2017-08-07 19:00:00,258,210,,349,219,230,,,,253,,,256
2017-08-07 20:00:00,254,222,,323,258,237,,,,292,,,289
2017-08-07 21:00:00,,317,,325,238,244,,,,11,,,255
2017-08-07 22:00:00,1,65,,345,,260,,,,352,,,300
2017-08-07 23:00:00,71,21,,169,151,305,,,,263,,,93
2017-08-08 00:00:00,116,139,,112,93,129,,,,228,,,103
2017-08-08 01:00:00,126,73,,98,26,181,,,,123,,,106
2017-08-08 02:00:00,126,66,,139,54,78,,,,103,,,129
2017-08-08 03:00:00,58,12,,168,319,68,,,,36,,,115
2017-08-08 04:00:00,323,329,,242,201,10,,,,323,,,106
2017-08-08 05:00:00,203,312,,311,72,308,,,,313,,,128
2017-08-08 06:00:00,250,311,,307,315,303,,,,335,,,282
2017-08-08 07:00:00,278,302,,310,279,307,,,,335,,,276
2017-08-08 08:00:00,57,335,,314,288,111,,,,13,,,203
2017-08-08 09:00:00,52,14,,336,294,118,,,,5,42,,77
2017-08-08 10:00:00,24,29,,320,80,52,,,,43,72,,55
2017-08-08 11:00:00,61,24,,45,34,36,,,,46,57,,80
2017-08-08 12:00:00,97,22,,78,56,65,,,,47,345,,77
2017-08-08 13:00:00,43,72,,110,69,70,,,,129,153,,66
2017-08-08 14:00:00,69,67,,127,84,82,,,,81,164,,73
2017-08-08 15:00:00,147,120,,148,75,104,,,,139,221,,91
2017-08-08 16:00:00,171,127,,133,79,111,,,,166,215,,94
2017-08-08 17:00:00,155,119,,119,82,99,,,,202,170,,99
2017-08-08 18:00:00,89,107,,117,87,74,,,,161,150,,72
2017-08-08 19:00:00,104,77,,85,70,59,,,,66,72,,58
2017-08-08 20:00:00,119,34,,54,78,44,,,,53,20,,101
2017-08-08 21:00:00,119,20,,53,86,3,,,,29,329,,90
2017-08-08 22:00:00,57,359,,36,83,243,,,,296,35,,84
2017-08-08 23:00:00,54,5,,36,82,141,,,,351,112,,98
2017-08-09 00:00:00,73,46,,84,90,71,,,,112,119,,86
2017-08-09 01:00:00,68,69,,81,86,65,,,,92,63,,69
2017-08-09 02:00:00,75,77,,114,79,99,,,,77,25,,69
2017-08-09 03:00:00,48,63,,148,83,82,,,,54,53,,89
2017-08-09 04:00:00,78,60,,326,99,24,,,,83,108,,96
2017-08-09 05:00:00,54,15,,305,183,297,,,,73,37,,125
2017-08-09 06:00:00,56,35,,262,261,89,,,,19,339,,158
2017-08-09 07:00:00,213,47,,316,43,24,,,,7,23,,182
2017-08-09 08:00:00,23,25,,295,340,1,,,,37,33,,251
2017-08-09 09:00:00,54,359,,323,341,23,,,,15,64,,300
2017-08-09 10:00:00,27,14,,320,57,57,,,,21,4.40000009536743,,70
2017-08-09 11:00:00,69,38,,103,68,86,,,,108,,,62
2017-08-09 12:00:00,80,90,,93,67,92,,,,112,163,,47
2017-08-09 13:00:00,86,,,102,68,87,,,,138,138,,55
2017-08-09 14:00:00,96,99,,97,70,88,,,,122,136,,64
2017-08-09 15:00:00,101,92,,100,67,75,,,,115,111,,72
2017-08-09 16:00:00,104,84,,36,70,20,,,,115,113,,67
2017-08-09 17:00:00,111,12,,50,72,38,,,,106,99,,92
2017-08-09 18:00:00,140,46,,52,76,35,,,,96,87,,111
2017-08-09 19:00:00,149,60,,80,81,56,,,,92,125,,95
2017-08-09 20:00:00,146,106,,110,90,82,,,,125,166,,84
2017-08-09 21:00:00,147,107,,107,69,86,,,,146,160,,84
2017-08-09 22:00:00,144,99,,105,70,89,,,,133,134,,67
2017-08-09 23:00:00,141,90,,105,67,80,,,,121,120,,59
2017-08-10 00:00:00,144,100,,105,68,95,,,,118,121,,65
2017-08-10 01:00:00,121,91,,104,66,80,,,,114,139,,65
2017-08-10 02:00:00,87,97,,104,71,94,,,,126,135,,62
2017-08-10 03:00:00,94,94,,114,65,107,,,,106,61,,68
2017-08-10 04:00:00,46,55,,133,74,72,,,,75,126,,85
2017-08-10 05:00:00,31,58,,318,113,22,,,,102,170,,111
2017-08-10 06:00:00,78,100,,107,124,92,,,,142,170,,84
2017-08-10 07:00:00,19,93,,121,87,84,,,,152,141,,101
2017-08-10 08:00:00,85,95,,108,105,87,,,,112,150,,75
2017-08-10 09:00:00,75,70,,101,91,68,,,,99,132,,68
2017-08-10 10:00:00,65,78,,91,83,89,,,,123,165,,57
2017-08-10 11:00:00,74,97,,102,76,93,,,,126,159,,58
2017-08-10 12:00:00,86,96,,98,66,92,,,,132,153,,65
2017-08-10 13:00:00,96,95,,102,73,85,,,,119,142,,73
2017-08-10 14:00:00,104,99,,107,72,100,,,,128,157,,84
2017-08-10 15:00:00,147,104,,109,76,98,,,,130,182,,94
2017-08-10 16:00:00,132,122,,112,80,116,,,,169,,,81
2017-08-10 17:00:00,143,113,,117,82,121,,,,153,169,,68
2017-08-10 18:00:00,119,100,,106,83,106,,,,153,158,,73
2017-08-10 19:00:00,119,104,,110,77,104,,,,145,166,,67
2017-08-10 20:00:00,143,108,,103,75,98,,,,146,159,,70
2017-08-10 21:00:00,,100,,115,73,94,,,,147,136,,61
2017-08-10 22:00:00,109,97,,117,72,89,,,,118,118,,64
2017-08-10 23:00:00,42,79,,107,77,71,,,,105,134,,76
2017-08-11 00:00:00,54,81,,123,80,75,,,,96,184,,88
2017-08-11 01:00:00,59,86,,178,77,93,,,,151,153,,105
2017-08-11 02:00:00,47,87,,150,106,89,,,,130,146,,96
2017-08-11 03:00:00,20,65,,292,134,54,,,,111,102,,96
2017-08-11 04:00:00,30,79,,302,161,18,,,,93,131,,109
2017-08-11 05:00:00,44,69,,301,157,18,,,,139,195,,106
2017-08-11 06:00:00,54,88,,129,69,35,,,,191,8,,116
2017-08-11 07:00:00,47,10,,266,84,46,,,,102,42,,105
2017-08-11 08:00:00,28,56,,255,73,69,,,,100,73,,101
2017-08-11 09:00:00,46,99,,93,52,51,,,,93,,,65
2017-08-11 10:00:00,54,104,,110,64,79,,,,137,162,,62
2017-08-11 11:00:00,54,95,,109,66,90,,,,130,,,53
2017-08-11 12:00:00,107,106,,101,70,95,,,,150,155,,48
2017-08-11 13:00:00,132,105,,104,67,88,,,,145,,,68
2017-08-11 14:00:00,140,101,,99,66,92,,,,135,161,,63
2017-08-11 15:00:00,137,97,,97,69,92,,,,140,152,,62
2017-08-11 16:00:00,126,112,,109,76,104,,,,141,155,,62
2017-08-11 17:00:00,136,104,,105,76,102,,,,149,160,,66
2017-08-11 18:00:00,125,115,,105,73,109,,,,144,169,,77
2017-08-11 19:00:00,131,114,,111,85,105,,,,148,171,,76
2017-08-11 20:00:00,142,118,,120,92,116,,,,164,165,,75
2017-08-11 21:00:00,142,116,,139,87,116,,,,165,141,,71
2017-08-11 22:00:00,150,107,,126,79,106,,,,126,129,,66
2017-08-11 23:00:00,100,102,,108,79,93,,,,127,139,,68
2017-08-12 00:00:00,105,104,,107,67,101,,,,154,133,,62
2017-08-12 01:00:00,102,98,,109,74,95,,,,123,137,,61
2017-08-12 02:00:00,59,99,,98,77,116,,,,125,157,,79
2017-08-12 03:00:00,28,94,,132,93,110,,,,124,135,,103
2017-08-12 04:00:00,55,100,,157,143,94,,,,103,118,,109
2017-08-12 05:00:00,64,78,,169,167,69,,,,90,100,,102
2017-08-12 06:00:00,31,58,,175,126,56,,,,78,86,,145
2017-08-12 07:00:00,50,57,,186,147,40,,,,85,63,,193
2017-08-12 08:00:00,63,70,,222,117,42,,,,80,71,,215
2017-08-12 09:00:00,40,56,,298,55,49,,,,72,34,,79
2017-08-12 10:00:00,22,32,,227,48,41,,,,316,164,,72
2017-08-12 11:00:00,25,66,,191,56,59,,,,72,156,,74
2017-08-12 12:00:00,60,80,,115,65,90,,,,121,145,,65
2017-08-12 13:00:00,63,97,,90,76,78,,,,130,169,,57
2017-08-12 14:00:00,76,91,,100,72,97,,,,133,157,,53
2017-08-12 15:00:00,90,102,,99,73,99,,,,155,155,,51
2017-08-12 16:00:00,146,103,,101,63,95,,,,145,169,,65
2017-08-12 17:00:00,144,104,,113,64,111,,,,145,175,,71
2017-08-12 18:00:00,138,110,,111,75,98,,,,151,183,,84
2017-08-12 19:00:00,142,123,,111,81,123,,,,173,178,,87
2017-08-12 20:00:00,157,125,,139,91,120,,,,166,170,,101
2017-08-12 21:00:00,146,122,,140,100,137,,,,155,131,,75
2017-08-12 22:00:00,143,105,,129,62,99,,,,123,129,,72
2017-08-12 23:00:00,132,97,,102,66,101,,,,120,134,,78
2017-08-13 00:00:00,57,98,,104,70,95,,,,123,143,,78
2017-08-13 01:00:00,47,98,,98,89,86,,,,120,133,,98
2017-08-13 02:00:00,43,90,,127,91,97,,,,114,125,,103
2017-08-13 03:00:00,17,83,,42,126,79,,,,114,124,,108
2017-08-13 04:00:00,23,77,,34,98,77,,,,120,120,,111
2017-08-13 05:00:00,51,91,,96,93,72,,,,98,64,,107
2017-08-13 06:00:00,104,66,,169,141,70,,,,93,129,,108
2017-08-13 07:00:00,96,61,,253,347,42,,,,88,22,,199
2017-08-13 08:00:00,51,34,,278,41,31,,,,53,57,,260
2017-08-13 09:00:00,3,4,,290,37,18,,,,32,76,,328
2017-08-13 10:00:00,18,25,,92,43,39,,,,52,181,,85
2017-08-13 11:00:00,74,28,,281,39,71,,,,81,185,,77
2017-08-13 12:00:00,54,45,,162,69,80,,,,90,148,,75
2017-08-13 13:00:00,53,84,,114,72,80,,,,121,167,,67
2017-08-13 14:00:00,76,93,,101,77,93,,,,124,164,,71
2017-08-13 15:00:00,75,89,,100,69,87,,,,125,161,,51
2017-08-13 16:00:00,77,96,,99,80,86,,,,147,170,,49
2017-08-13 17:00:00,108,99,,103,84,95,,,,143,173,,59
2017-08-13 18:00:00,151,103,,108,72,89,,,,136,173,,79
2017-08-13 19:00:00,137,108,,109,77,105,,,,146,174,,74
2017-08-13 20:00:00,143,123,,114,80,111,,,,169,174,,71
2017-08-13 21:00:00,148,120,,137,88,130,,,,159,170,,69
2017-08-13 22:00:00,129,114,,127,75,112,,,,152,138,,80
2017-08-13 23:00:00,117,101,,124,79,93,,,,120,137,,79
2017-08-14 00:00:00,106,97,,112,80,97,,,,117,154,,75
2017-08-14 01:00:00,51,91,,131,115,91,,,,122,147,,97
2017-08-14 02:00:00,16,89,,118,120,81,,,,121,129,,108
2017-08-14 03:00:00,10,77,,81,126,80,,,,117,129,,115
2017-08-14 04:00:00,18,75,,57,106,75,,,,111,127,,106
2017-08-14 05:00:00,52,74,,86,121,76,,,,110,125,,110
2017-08-14 06:00:00,73,62,,115,171,65,,,,115,132,,113
2017-08-14 07:00:00,92,67,,102,187,68,,,,114,136,,100
2017-08-14 08:00:00,75,95,,153,85,77,,,,105,107,,71
2017-08-14 09:00:00,45,49,,241,51,70,,,,91,87,,288
2017-08-14 10:00:00,47,54,,283,22,52,,,,84,229,,70
2017-08-14 11:00:00,41,45,,217,72,79,,,,35,135,,70
2017-08-14 12:00:00,53,49,,138,60,86,,,,39,167,,74
2017-08-14 13:00:00,67,68,,90,70,89,,,,81,169,,69
2017-08-14 14:00:00,69,88,,102,69,87,,,,129,171,,62
2017-08-14 15:00:00,85,91,,104,75,95,,,,98,194,,67
2017-08-14 16:00:00,75,89,,99,84,79,,,,116,174,,61
2017-08-14 17:00:00,134,85,,93,74,87,,,,119,159,,76
2017-08-14 18:00:00,147,91,,101,77,80,,,,133,162,,96
2017-08-14 19:00:00,130,99,,111,67,93,,,,139,167,,88
2017-08-14 20:00:00,144,118,,119,88,112,,,,147,175,,74
2017-08-14 21:00:00,158,123,,126,83,120,,,,161,161,,64
2017-08-14 22:00:00,146,108,,133,72,131,,,,144,136,,72
2017-08-14 23:00:00,95,96,,110,66,99,,,,123,147,,93
2017-08-15 00:00:00,80,96,,107,75,111,,,,123,151,,68
2017-08-15 01:00:00,48,97,,108,78,106,,,,133,148,,86
2017-08-15 02:00:00,57,94,,121,86,113,,,,128,136,,100
2017-08-15 03:00:00,47,87,,108,91,98,,,,116,129,,103
2017-08-15 04:00:00,46,73,,75,108,87,,,,111,128,,96
2017-08-15 05:00:00,68,92,,79,93,85,,,,109,150,,103
2017-08-15 06:00:00,95,95,,89,96,95,,,,122,179,,106
2017-08-15 07:00:00,97,107,,150,91,57,,,,154,193,,92
2017-08-15 08:00:00,43,60,,285,68,2,,,,253,309,,53
2017-08-15 09:00:00,4,42,,286,24,21,,,,192,204,,85
2017-08-15 10:00:00,28,48,,154,54,60,,,,98,159,,65
2017-08-15 11:00:00,90,80,,116,69,72,,,,92,196,,77
2017-08-15 12:00:00,61,71,,105,65,82,,,,88,171,,68
2017-08-15 13:00:00,76,49,,137,64,84,,,,84,176,,68
2017-08-15 14:00:00,78,81,,85,67,83,,,,144,184,,61
2017-08-15 15:00:00,72,85,,82,72,72,,,,125,169,,58
2017-08-15 16:00:00,78,89,,103,73,76,,,,154,165,,49
2017-08-15 17:00:00,112,105,,97,69,86,,,,137,164,,65
2017-08-15 18:00:00,153,110,,106,69,106,,,,137,168,,85
2017-08-15 19:00:00,141,115,,111,69,117,,,,143,167,,83
2017-08-15 20:00:00,146,111,,108,77,109,,,,149,168,,74
2017-08-15 21:00:00,157,120,,129,75,118,,,,154,167,,66
2017-08-15 22:00:00,133,112,,133,66,108,,,,144,146,,59
2017-08-15 23:00:00,129,105,,118,60,109,,,,134,153,,59
2017-08-16 00:00:00,131,105,,102,64,109,,,,138,157,,59
2017-08-16 01:00:00,115,105,,106,72,113,,,,131,151,,
2017-08-16 02:00:00,81,102,,99,76,97,,,,129,137,,64
2017-08-16 03:00:00,72,95,,101,108,99,,,,121,129,,77
2017-08-16 04:00:00,61,92,,106,106,87,,,,114,129,,82
2017-08-16 05:00:00,46,96,,99,98,84,,,,108,133,,99
2017-08-16 06:00:00,65,96,,94,101,89,,,,122,139,,87
2017-08-16 07:00:00,45,106,,124,81,101,,,,121,138,,113
2017-08-16 08:00:00,26,78,,135,18,68,,,,92,146,,136
2017-08-16 09:00:00,25,30,,306,308,51,,,,59,128,,333
2017-08-16 10:00:00,55,46,,315,298,57,,,,83,145,,70
2017-08-16 11:00:00,83,81,,152,324,100,,,,79,129,,76
2017-08-16 12:00:00,90,85,,132,71,82,,,,147,196,,79
2017-08-16 13:00:00,78,92,,117,77,93,,,,178,201,,62
2017-08-16 14:00:00,62,89,,113,78,92,,,,185,185,,59
2017-08-16 15:00:00,64,90,,112,83,95,,,,151,,,52
2017-08-16 16:00:00,100,112,,117,82,110,,,,152,161,,60
2017-08-16 17:00:00,101,112,,114,80,106,,,,156,168,,86
2017-08-16 18:00:00,133,113,,110,91,101,,,,135,168,,93
2017-08-16 19:00:00,126,117,,120,80,114,,,,149,163,,80
2017-08-16 20:00:00,145,116,,120,89,113,,,,158,163,,80
2017-08-16 21:00:00,152,120,,130,89,119,,,,166,160,,84
2017-08-16 22:00:00,150,109,,129,69,102,,,,144,159,,62
2017-08-16 23:00:00,145,110,,109,63,111,,,,137,155,,66
2017-08-17 00:00:00,137,99,,107,61,117,,,,135,155,,67
2017-08-17 01:00:00,87,96,,104,74,105,,,,133,151,,62
2017-08-17 02:00:00,74,95,,101,78,102,,,,135,150,,78
2017-08-17 03:00:00,28,98,,96,81,102,,,,130,146,,99
2017-08-17 04:00:00,34,96,,93,88,88,,,,128,143,,108
2017-08-17 05:00:00,49,96,,97,105,90,,,,125,126,,104
2017-08-17 06:00:00,42,96,,120,102,85,,,,120,127,,103
2017-08-17 07:00:00,11,80,,97,102,68,,,,106,131,,96
2017-08-17 08:00:00,59,66,,82,77,67,,,,109,143,,91
2017-08-17 09:00:00,67,63,,88,78,68,,,,105,70,,77
2017-08-17 10:00:00,24,14,,135,53,43,,,,66,16,,83
2017-08-17 11:00:00,36,34,,204,32,35,,,,62,188,,73
2017-08-17 12:00:00,43,67,,92,49,73,,,,17,176,,84
2017-08-17 13:00:00,57,62,,108,66,86,,,,95,174,,73
2017-08-17 14:00:00,74,102,,71,72,95,,,,111,170,,75
2017-08-17 15:00:00,67,108,,115,76,84,,,,131,174,,67
2017-08-17 16:00:00,84,94,,112,77,85,,,,140,150,,82
2017-08-17 17:00:00,112,116,,110,84,97,,,,147,187,,67
2017-08-17 18:00:00,152,107,,100,68,102,,,,163,166,,93
2017-08-17 19:00:00,162,120,,108,81,103,,,,139,165,,103
2017-08-17 20:00:00,156,123,,116,102,126,,,,162,130,,87
2017-08-17 21:00:00,149,105,,131,110,107,,,,123,124,,86
2017-08-17 22:00:00,96,83,,88,78,89,,,,102,128,,64
2017-08-17 23:00:00,104,87,,93,59,95,,,,112,129,,58
2017-08-18 00:00:00,99,90,,91,65,91,,,,103,150,,50
2017-08-18 01:00:00,123,89,,94,69,92,,,,111,158,,62
2017-08-18 02:00:00,104,94,,107,73,88,,,,130,136,,71
2017-08-18 03:00:00,68,99,,113,78,89,,,,121,122,,83
2017-08-18 04:00:00,53,90,,112,81,94,,,,98,127,,85
2017-08-18 05:00:00,71,88,,100,94,86,,,,106,122,,90
2017-08-18 06:00:00,49,90,,74,97,77,,,,89,90,,96
2017-08-18 07:00:00,50,65,,168,89,71,,,,65,47,,101
2017-08-18 08:00:00,64,65,,173,44,69,,,,85,231,,107
2017-08-18 09:00:00,77,61,,250,47,45,,,,105,73,,65
2017-08-18 10:00:00,60,27,,123,56,71,,,,69,84,,84
2017-08-18 11:00:00,55,34,,129,41,65,,,,17,167,,66
2017-08-18 12:00:00,65,47,,170,71,91,,,,120,191,,67
2017-08-18 13:00:00,68,8,,184,65,93,,,,121,174,,81
2017-08-18 14:00:00,24,49,,41,88,64,,,,111,150,,78
2017-08-18 15:00:00,59,102,,93,90,85,,,,132,160,,59
2017-08-18 16:00:00,216,111,,103,126,111,,,,152,134,,331
2017-08-18 17:00:00,246,118,,131,132,94,,,,295,296,,321
2017-08-18 18:00:00,213,113,,119,125,118,,,,264,268,,324
2017-08-18 19:00:00,212,193,,136,140,146,,,,255,127,,296
2017-08-18 20:00:00,208,154,,121,109,120,,,,92,159,,313
2017-08-18 21:00:00,140,111,,108,93,129,,,,131,154,,55
2017-08-18 22:00:00,152,112,,110,66,100,,,,156,129,,66
2017-08-18 23:00:00,128,95,,101,68,103,,,,109,126,,68
2017-08-19 00:00:00,102,86,,93,67,101,,,,121,133,,69
2017-08-19 01:00:00,108,100,,102,63,101,,,,132,155,,67
2017-08-19 02:00:00,122,101,,106,65,106,,,,144,136,,78
2017-08-19 03:00:00,73,100,,108,75,108,,,,117,135,,86
2017-08-19 04:00:00,72,96,,104,83,107,,,,118,,,95
2017-08-19 05:00:00,54,100,,140,92,114,,,,112,,,115
2017-08-19 06:00:00,79,100,,174,88,96,,,,103,,,105
2017-08-19 07:00:00,195,104,,145,72,85,,,,107,,,227
2017-08-19 08:00:00,30,65,,15,334,51,,,,87,,,257
2017-08-19 09:00:00,17,13,,346,2,34,,,,55,,,259
2017-08-19 10:00:00,61,22,,291,15,63,,,,22,,,83
2017-08-19 11:00:00,64,11,,204,67,48,,,,352,,,71
2017-08-19 12:00:00,56,75,,99,68,67,,,,339,,,72
2017-08-19 13:00:00,71,86,,76,78,89,,,,98,,,60
2017-08-19 14:00:00,76,84,,101,80,91,,,,141,90,,65
2017-08-19 15:00:00,83,101,,107,70,88,,,,135,110,,61
2017-08-19 16:00:00,91,88,,110,74,91,,,,121,125,,69
2017-08-19 17:00:00,96,101,,97,84,99,,,,115,135,,75
2017-08-19 18:00:00,95,94,,98,83,100,,,,117,131,,81
2017-08-19 19:00:00,113,87,,100,90,90,,,,113,131,,97
2017-08-19 20:00:00,120,87,,98,92,91,,,,113,132,,105
2017-08-19 21:00:00,121,101,,102,85,96,,,,121,137,,90
2017-08-19 22:00:00,112,99,,105,81,104,,,,129,138,,76
2017-08-19 23:00:00,107,104,,107,70,104,,,,139,136,,62
2017-08-20 00:00:00,133,102,,99,66,95,,,,135,132,,55
2017-08-20 01:00:00,107,94,,90,74,87,,,,123,130,,54
2017-08-20 02:00:00,66,90,,98,72,85,,,,117,110,,78
2017-08-20 03:00:00,54,87,,95,80,99,,,,96,97,,82
2017-08-20 04:00:00,76,96,,111,102,91,,,,93,78,,86
2017-08-20 05:00:00,75,99,,125,140,97,,,,95,102,,106
2017-08-20 06:00:00,57,100,,130,89,88,,,,109,74,,105
2017-08-20 07:00:00,52,97,,155,118,82,,,,123,70,,95
2017-08-20 08:00:00,67,64,,162,79,70,,,,83,150,,94
2017-08-20 09:00:00,67,48,,345,54,70,,,,54,115,,72
2017-08-20 10:00:00,32,3,,156,51,33,,,,62,162,,71
2017-08-20 11:00:00,45,50,,144,63,67,,,,81,162,,79
2017-08-20 12:00:00,62,90,,85,70,77,,,,141,150,,67
2017-08-20 13:00:00,79,100,,99,73,82,,,,140,132,,52
2017-08-20 14:00:00,121,102,,96,80,95,,,,119,138,,63
2017-08-20 15:00:00,97,97,,95,78,85,,,,120,142,,73
2017-08-20 16:00:00,95,102,,99,75,91,,,,124,140,,69
2017-08-20 17:00:00,122,108,,106,78,103,,,,125,146,,83
2017-08-20 18:00:00,140,107,,103,83,107,,,,132,133,,96
2017-08-20 19:00:00,135,91,,108,92,96,,,,119,128,,89
2017-08-20 20:00:00,110,90,,99,91,87,,,,114,133,,104
2017-08-20 21:00:00,118,99,,102,85,94,,,,124,142,,88
2017-08-20 22:00:00,102,98,,105,79,99,,,,127,137,,79
2017-08-20 23:00:00,93,99,,105,76,101,,,,126,136,,74
2017-08-21 00:00:00,104,100,,101,77,104,,,,129,140,,71
2017-08-21 01:00:00,134,100,,103,74,99,,,,127,126,,75
2017-08-21 02:00:00,88,96,,98,71,84,,,,118,136,,73
2017-08-21 03:00:00,72,91,,107,71,91,,,,122,114,,59
2017-08-21 04:00:00,68,100,,110,78,99,,,,112,117,,64
2017-08-21 05:00:00,50,112,,107,90,112,,,,120,108,,77
2017-08-21 06:00:00,67,103,,112,76,115,,,,119,127,,93
2017-08-21 07:00:00,68,90,,109,83,85,,,,111,133,,95
2017-08-21 08:00:00,62,88,,114,89,79,,,,105,165,,89
2017-08-21 09:00:00,41,88,,103,94,72,,,,124,143,,79
2017-08-21 10:00:00,39,68,,102,69,71,,,,88,199,,49
2017-08-21 11:00:00,48,93,,142,82,87,,,,96,153,,78
2017-08-21 12:00:00,70,90,,105,73,91,,,,136,157,,57
2017-08-21 13:00:00,82,104,,97,68,82,,,,148,171,,60
2017-08-21 14:00:00,85,99,,98,73,94,,,,148,157,,53
2017-08-21 15:00:00,84,95,,107,70,84,,,,142,108,,68
2017-08-21 16:00:00,85,87,,99,73,94,,,,112,92,,70
2017-08-21 17:00:00,88,89,,92,70,93,,,,118,105,,78
2017-08-21 18:00:00,102,85,,98,71,94,,,,99,98,,74
2017-08-21 19:00:00,103,94,,97,77,91,,,,101,109,,88
2017-08-21 20:00:00,107,91,,97,83,95,,,,102,132,,87
2017-08-21 21:00:00,118,102,,106,87,102,,,,127,146,,90
2017-08-21 22:00:00,151,103,,113,79,100,,,,137,130,,90
2017-08-21 23:00:00,142,99,,113,85,106,,,,118,127,,76
2017-08-22 00:00:00,134,96,,109,84,97,,,,112,121,,74
2017-08-22 01:00:00,130,96,,111,77,93,,,,102,126,,73
2017-08-22 02:00:00,120,92,,106,81,88,,,,113,120,,74
2017-08-22 03:00:00,87,77,,104,71,81,,,,107,117,,99
2017-08-22 04:00:00,63,89,,123,72,96,,,,115,94,,88
2017-08-22 05:00:00,40,63,,153,71,85,,,,99,67,,83
2017-08-22 06:00:00,44,72,,192,86,84,,,,84,29,,91
2017-08-22 07:00:00,46,48,,173,31,67,,,,60,38,,142
2017-08-22 08:00:00,16,33,,279,330,19,,,,91,25,,290
2017-08-22 09:00:00,52,339,,275,338,8,,,,351,329,,255
2017-08-22 10:00:00,25,16,,355,354,48,,,,4,200,,127
2017-08-22 11:00:00,43,343,,115,51,45,,,,34,156,,80
2017-08-22 12:00:00,80,47,,125,62,87,,,,69,130,,81
2017-08-22 13:00:00,75,39,,90,74,85,,,,89,105,,66
2017-08-22 14:00:00,108,95,,101,77,95,,,,103,112,,75
2017-08-22 15:00:00,72,100,,116,74,101,,,,113,76,,65
2017-08-22 16:00:00,64,18,,72,69,54,,,,51,13,,47
2017-08-22 17:00:00,22,6,,51,75,42,,,,15,81,,50
2017-08-22 18:00:00,73,23,,81,77,65,,,,42,142,,72
2017-08-22 19:00:00,101,93,,98,72,88,,,,129,164,,67
2017-08-22 20:00:00,149,118,,122,79,122,,,,159,164,,81
2017-08-22 21:00:00,132,118,,122,80,117,,,,153,149,,59
2017-08-22 22:00:00,125,105,,106,75,106,,,,131,114,,63
2017-08-22 23:00:00,118,94,,108,72,96,,,,100,102,,67
2017-08-23 00:00:00,99,95,,106,67,101,,,,99,139,,81
2017-08-23 01:00:00,58,95,,101,73,91,,,,147,158,,75
2017-08-23 02:00:00,54,87,,137,84,91,,,,122,141,,82
2017-08-23 03:00:00,48,71,,65,134,80,,,,90,89,,101
2017-08-23 04:00:00,44,37,,296,154,57,,,,82,37,,108
2017-08-23 05:00:00,263,35,,280,2,302,,,,29,28,,112
2017-08-23 06:00:00,345,19,,303,287,310,,,,28,24,,178
2017-08-23 07:00:00,15,15,,280,312,10,,,,26,340,,141
2017-08-23 08:00:00,34,358,,290,56,42,,,,335,14,,129
2017-08-23 09:00:00,55,329,,313,65,8,,,,342,37,,278
2017-08-23 10:00:00,50,353,,326,21,15,,,,350,75,,244
2017-08-23 11:00:00,30,7,,164,53,73,,,,1,91,,91
2017-08-23 12:00:00,49,52,,177,98,98,,,,65,155,,88
2017-08-23 13:00:00,66,69,,71,90,91,,,,121,100,,54
2017-08-23 14:00:00,32,55,,94,87,92,,,,174,75,,56
2017-08-23 15:00:00,91,42,,112,85,99,,,,61,91,,59
2017-08-23 16:00:00,73,79,,71,72,64,,,,39,96,,60
2017-08-23 17:00:00,96,50,,73,73,73,,,,68,84,,63
2017-08-23 18:00:00,95,87,,114,76,70,,,,84,86,,88
2017-08-23 19:00:00,118,74,,87,74,68,,,,89,82,,84
2017-08-23 20:00:00,99,78,,97,73,82,,,,101,122,,73
2017-08-23 21:00:00,110,78,,99,88,88,,,,108,145,,96
2017-08-23 22:00:00,100,97,,99,72,103,,,,116,137,,64
2017-08-23 23:00:00,110,107,,105,68,114,,,,139,145,,60
2017-08-24 00:00:00,118,101,,102,74,105,,,,165,92,,67
2017-08-24 01:00:00,109,78,,81,81,60,,,,99,68,,85
2017-08-24 02:00:00,55,61,,132,114,48,,,,93,32,,81
2017-08-24 03:00:00,1,9,,302,90,336,,,,32,15,,127
2017-08-24 04:00:00,39,14,,271,70,266,,,,6,343,,139
2017-08-24 05:00:00,22,23,,264,50,327,,,,11,350,,146
2017-08-24 06:00:00,34,26,,293,15,300,,,,338,31,,197
2017-08-24 07:00:00,17,312,,300,237,290,,,,4,50,,205
2017-08-24 08:00:00,324,339,,326,90,314,,,,43,30,,274
2017-08-24 09:00:00,8,2,,338,350,327,,,,28,26,,262
2017-08-24 10:00:00,1,356,,324,26,84,,,,360,78,,78
2017-08-24 11:00:00,26,351,,282,65,68,,,,343,61,,94
2017-08-24 12:00:00,45,20,,233,69,112,,,,66,111,,93
2017-08-24 13:00:00,86,,,101,62,83,,,,24,57,,63
2017-08-24 14:00:00,31,73,,107,85,72,,,,97,48,,62
2017-08-24 15:00:00,53,33,,70,69,80,,,,76,258,,52
2017-08-24 16:00:00,63,55,,67,71,59,,,,78,17,,50
2017-08-24 17:00:00,89,69,,96,65,91,,,,33,233,,65
2017-08-24 18:00:00,93,99,,106,88,98,,,,80,226,,70
2017-08-24 19:00:00,111,114,,103,90,110,,,,219,101,,108
2017-08-24 20:00:00,164,96,,110,87,112,,,,98,114,,118
2017-08-24 21:00:00,109,99,,107,80,103,,,,131,150,,66
2017-08-24 22:00:00,121,113,,109,71,111,,,,139,151,,62
2017-08-24 23:00:00,116,113,,113,72,114,,,,136,130,,63
2017-08-25 00:00:00,134,102,,101,72,101,,,,127,110,,70
2017-08-25 01:00:00,94,102,,107,76,113,,,,123,81,,70
2017-08-25 02:00:00,69,95,,118,88,102,,,,119,70,,75
2017-08-25 03:00:00,60,68,,138,161,77,,,,111,352,,97
2017-08-25 04:00:00,63,51,,130,82,43,,,,119,344,,94
2017-08-25 05:00:00,80,7,,261,85,323,,,,68,329,,104
2017-08-25 06:00:00,77,347,,267,96,283,,,,351,329,,145
2017-08-25 07:00:00,13,321,,284,334,304,,,,323,350,,215
2017-08-25 08:00:00,341,320,,308,321,287,,,,354,356,,261
2017-08-25 09:00:00,352,352,,332,278,353,,,,342,357,,264
2017-08-25 10:00:00,5,352,,337,284,334,,,,353,3,,279
2017-08-25 11:00:00,21,351,,12,287,296,,,,356,4,,310
2017-08-25 12:00:00,19,342,,340,306,344,,,,359,9,,121
2017-08-25 13:00:00,351,342,,350,297,248,,,,360,4,,297
2017-08-25 14:00:00,32,310,,39,282,310,,,,2,8,,80
2017-08-25 15:00:00,34,354,,7,293,13,,,,357,14,,67
2017-08-25 16:00:00,52,341,,320,286,316,,,,358,24,,67
2017-08-25 17:00:00,24,336,,357,293,339,,,,20,15,,69
2017-08-25 18:00:00,10,342,,20,297,5,,,,19,61,,28
2017-08-25 19:00:00,14,8,,28,225,11,,,,19,51,,31
2017-08-25 20:00:00,23,,,58,106,41,,,,9,118,,86
2017-08-25 21:00:00,73,2,,94,76,79,,,,10,184,,82
2017-08-25 22:00:00,74,37,,104,68,75,,,,323,191,,76
2017-08-25 23:00:00,88,55,,138,,121,,,,195,202,,84
2017-08-26 00:00:00,132,34,,115,44,94,,,,208,184,,98
2017-08-26 01:00:00,132,24,,302,1,19,,,,132,188,,211
2017-08-26 02:00:00,151,23,,337,221,224,,,,104,190,,166
2017-08-26 03:00:00,180,69,,100,309,307,,,,257,327,,207
2017-08-26 04:00:00,210,22,,53,279,287,,,,337,23,,241
2017-08-26 05:00:00,215,322,,325,197,26,,,,24,15,,286
2017-08-26 06:00:00,222,339,,319,282,334,,,,52,358,,262
2017-08-26 07:00:00,66,350,,294,277,81,,,,349,286,,123
2017-08-26 08:00:00,71,347,,344,279,74,,,,322,345,,82
2017-08-26 09:00:00,106,335,,142,293,58,,,,342,353,,56
2017-08-26 10:00:00,78,332,,144,300,42,,,,334,299,,279
2017-08-26 11:00:00,102,332,,264,287,324,,,,308,288,,210
2017-08-26 12:00:00,194,313,,304,294,355,,,,313,356,,285
2017-08-26 13:00:00,23,336,,297,301,345,,,,341,8,,282
2017-08-26 14:00:00,30,337,,332,290,347,,,,346,357,,260
2017-08-26 15:00:00,49,337,,329,287,345,,,,356,8,,132
2017-08-26 16:00:00,22,358,,354,279,347,,,,10,47,,70
2017-08-26 17:00:00,55,6,,43,311,12,,,,28,174,,70
2017-08-26 18:00:00,49,22,,75,3,29,,,,31,164,,66
2017-08-26 19:00:00,68,10,,63,45,18,,,,123,176,,73
2017-08-26 20:00:00,19,359,,27,153,357,,,,144,116,,55
2017-08-26 21:00:00,15,11,,28,141,17,,,,280,78,,50
2017-08-26 22:00:00,356,16,,45,124,57,,,,34,34,,87
2017-08-26 23:00:00,51,29,,87,101,99,,,,4,53,,87
2017-08-27 00:00:00,59,34,,154,83,117,,,,19,271,,69
2017-08-27 01:00:00,57,53,,75,69,100,,,,86,284,,81
2017-08-27 02:00:00,53,43,,135,78,101,,,,342,316,,73
2017-08-27 03:00:00,67,25,,140,277,98,,,,346,356,,80
2017-08-27 04:00:00,102,342,,180,269,293,,,,350,359,,183
2017-08-27 05:00:00,148,347,,290,274,228,,,,331,339,,244
2017-08-27 06:00:00,135,347,,282,277,326,,,,339,346,,273
2017-08-27 07:00:00,88,327,,290,285,286,,,,346,357,,263
2017-08-27 08:00:00,217,323,,278,275,256,,,,355,359,,276
2017-08-27 09:00:00,299,316,,281,282,247,,,,348,350,,290
2017-08-27 10:00:00,323,325,,288,299,261,,,,351,351,,295
2017-08-27 11:00:00,331,317,,289,311,290,,,,343,353,,298
2017-08-27 12:00:00,339,311,,292,301,297,,,,347,355,,300
2017-08-27 13:00:00,333,318,,298,314,290,,,,353,357,,301
2017-08-27 14:00:00,337,330,,326,313,304,,,,1,6,,302
2017-08-27 15:00:00,340,339,,319,302,319,,,,3,10,,304
2017-08-27 16:00:00,341,348,,312,306,341,,,,356,15,,294
2017-08-27 17:00:00,327,339,,305,295,344,,,,3,14,,288
2017-08-27 18:00:00,355,341,,352,292,,,,,11,17,,303
2017-08-27 19:00:00,13,347,,356,297,3,,,,13,16,,296
2017-08-27 20:00:00,15,4,,24,307,11,,,,17,341,,204
2017-08-27 21:00:00,,357,,27,300,4,,,,3,307,,117
2017-08-27 22:00:00,,346,,24,281,304,,,,317,298,,91
2017-08-27 23:00:00,,347,,27,282,83,,,,322,325,,102
2017-08-28 00:00:00,,334,,17,285,67,,,,320,334,,88
2017-08-28 01:00:00,,327,,292,282,19,,,,330,342,,99
2017-08-28 02:00:00,,328,,326,295,274,,,,325,314,,243
2017-08-28 03:00:00,,331,,310,281,348,,,,351,358,,277
2017-08-28 04:00:00,,338,,308,276,350,,,,357,3,,272
2017-08-28 05:00:00,,334,,307,279,336,,,,352,5,,283
2017-08-28 06:00:00,,342,,310,280,345,,,,357,8,,281
2017-08-28 07:00:00,,335,,314,283,339,,,,357,5,,291
2017-08-28 08:00:00,,329,,302,288,308,,,,358,2,,279
2017-08-28 09:00:00,309,333,,283,278,300,,,,351,357,,268
2017-08-28 10:00:00,326,329,,296,276,296,,,,354,355,,262
2017-08-28 11:00:00,325,325,,281,291,309,,,,347,353,,286
2017-08-28 12:00:00,317,319,,280,282,295,,,,355,355,,277
2017-08-28 13:00:00,295,307,,280,294,284,,,,336,354,,267
2017-08-28 14:00:00,307,310,,279,305,275,,,,331,354,,267
2017-08-28 15:00:00,323,306,,308,300,289,,,,331,339,,275
2017-08-28 16:00:00,319,314,,271,299,265,,,,331,346,,276
2017-08-28 17:00:00,317,300,,272,324,313,,,,330,,,263
2017-08-28 18:00:00,324,334,,303,334,356,,,,357,13,,262
2017-08-28 19:00:00,8,347,,29,300,,,,,21,15,,257
2017-08-28 20:00:00,3,359,,22,324,350,,,,23,338,,35
2017-08-28 21:00:00,351,358,,16,303,337,,,,12,297,,117
2017-08-28 22:00:00,12,2,,319,272,329,,,,359,247,,114
2017-08-28 23:00:00,57,352,,357,218,249,,,,265,294,,138
2017-08-29 00:00:00,32,325,,5,231,267,,,,221,311,,126
2017-08-29 01:00:00,58,296,,260,214,245,,,,259,308,,121
2017-08-29 02:00:00,138,280,,157,281,225,,,,265,316,,89
2017-08-29 03:00:00,58,313,,248,246,15,,,,293,315,,132
2017-08-29 04:00:00,75,315,,263,235,162,,,,311,333,,107
2017-08-29 05:00:00,147,279,,296,266,241,,,,313,336,,122
2017-08-29 06:00:00,219,296,,323,219,278,,,,313,336,,242
2017-08-29 07:00:00,237,339,,332,229,358,,,,341,339,,246
2017-08-29 08:00:00,61,341,,343,80,34,,,,330,358,,
2017-08-29 09:00:00,106,324,,310,283,319,,,,330,353,,247
2017-08-29 10:00:00,29,339,,334,291,332,,,,347,355,,300
2017-08-29 11:00:00,6,338,,349,300,310,,,,333,,,290
2017-08-29 12:00:00,342,334,,316,312,282,,,,352,2,,274
2017-08-29 13:00:00,342,331,,279,313,303,,,,355,4,,262
2017-08-29 14:00:00,350,331,,305,294,285,,,,357,21,,279
2017-08-29 15:00:00,354,353,,304,291,308,,,,11,11,,281
2017-08-29 16:00:00,337,355,,299,309,12,,,,8,16,,262
2017-08-29 17:00:00,13,358,,338,301,8,,,,17,15,,160
2017-08-29 18:00:00,40,4,,24,300,15,,,,17,13,,69
2017-08-29 19:00:00,24,11,,24,266,7,,,,25,33,,59
2017-08-29 20:00:00,41,22,,20,101,359,,,,31,24,,38
2017-08-29 21:00:00,40,1,,37,94,34,,,,21,294,,69
2017-08-29 22:00:00,8,343,,40,91,53,,,,268,292,,87
2017-08-29 23:00:00,285,311,,62,47,125,,,,232,297,,106
2017-08-30 00:00:00,229,282,,111,348,161,,,,264,315,,131
2017-08-30 01:00:00,241,293,,103,268,206,,,,243,354,,143
2017-08-30 02:00:00,281,316,,109,261,274,,,,213,37,,
2017-08-30 03:00:00,51,19,,319,233,230,,,,10,312,,195
2017-08-30 04:00:00,3,308,,123,214,126,,,,282,330,,85
2017-08-30 05:00:00,293,272,,317,205,279,,,,315,322,,110
2017-08-30 06:00:00,273,321,,294,256,280,,,,321,17,,211
2017-08-30 07:00:00,299,346,,288,237,304,,,,347,346,,253
2017-08-30 08:00:00,34,347,,343,35,42,,,,329,19,,50
2017-08-30 09:00:00,65,348,,84,56,89,,,,353,34,,356
2017-08-30 10:00:00,109,37,,146,46,113,,,,49,188,,81
2017-08-30 11:00:00,94,112,,140,65,72,,,,54,177,,87
2017-08-30 12:00:00,,348,,134,3,99,,,,82,137,,70
2017-08-30 13:00:00,32,318,,127,27,54,,,,175,53,,91
2017-08-30 14:00:00,19,345,,130,47,55,,,,201,130,,54
2017-08-30 15:00:00,17,356,,80,51,84,,,,172,88,,62
2017-08-30 16:00:00,,2,,118,88,135,,,,258,174,,81
2017-08-30 17:00:00,151,93,,135,108,105,,,,38,157,,93
2017-08-30 18:00:00,144,112,,132,105,118,,,,132,119,,108
2017-08-30 19:00:00,160,105,,127,115,116,,,,116,126,,110
2017-08-30 20:00:00,151,96,,118,109,90,,,,132,168,,108
2017-08-30 21:00:00,134,111,,110,80,100,,,,157,57,,101
2017-08-30 22:00:00,145,92,,100,79,86,,,,54,314,,107
2017-08-30 23:00:00,95,79,,91,77,100,,,,147,15,,80
2017-08-31 00:00:00,105,110,,108,78,83,,,,218,15,,84
2017-08-31 01:00:00,69,36,,93,97,77,,,,21,36,,79
2017-08-31 02:00:00,8,16,,216,88,23,,,,23,100,,96
2017-08-31 03:00:00,48,36,,280,167,55,,,,62,343,,115
2017-08-31 04:00:00,67,59,,163,127,80,,,,14,45,,106
2017-08-31 05:00:00,78,20,,228,99,63,,,,36,343,,107
2017-08-31 06:00:00,97,48,,251,112,71,,,,38,353,,93
2017-08-31 07:00:00,56,34,,266,123,58,,,,354,350,,156
2017-08-31 08:00:00,45,9,,284,66,7,,,,34,14,,182
2017-08-31 09:00:00,59,18,,281,49,29,,,,21,90,,61
2017-08-31 10:00:00,2,354,,190,55,42,,,,20,159,,87
2017-08-31 11:00:00,34,9,,257,85,79,,,,23,171,,86
2017-08-31 12:00:00,94,89,,107,69,91,,,,107,135,,69
2017-08-31 13:00:00,109,88,,102,79,109,,,,150,172,,93
2017-08-31 14:00:00,128,123,,111,83,91,,,,150,207,,88
2017-08-31 15:00:00,117,131,,118,71,110,,,,143,168,,91
2017-08-31 16:00:00,82,113,,118,81,81,,,,135,141,,69
2017-08-31 17:00:00,113,104,,112,95,73,,,,161,144,,105
2017-08-31 18:00:00,148,112,,126,98,83,,,,126,173,,101
2017-08-31 19:00:00,128,103,,126,98,95,,,,148,176,,99
2017-08-31 20:00:00,153,120,,127,103,118,,,,163,162,,120
2017-08-31 21:00:00,147,109,,127,125,133,,,,144,133,,88
2017-08-31 22:00:00,112,89,,113,72,98,,,,103,144,,92
2017-08-31 23:00:00,91,90,,94,,99,,,,131,,,70
2017-09-01 00:00:00,,,,,,,,,,,128,,
2017-09-01 01:00:00,79,89,,162,122,,,,,107,112,,89
2017-09-01 02:00:00,36,55,,228,133,49,,,,88,104,,
2017-09-01 03:00:00,65,40,,265,125,65,,,,89,66,,
2017-09-01 04:00:00,42,49,,267,108,20,,,,42,326,,
2017-09-01 05:00:00,69,83,,249,94,43,,,,117,310,,93
2017-09-01 06:00:00,71,62,,286,96,323,,,,90,323,,78
2017-09-01 07:00:00,36,64,,292,165,300,,,,68,160,,91
2017-09-01 08:00:00,45,41,,270,79,12,,,,104,165,,99
2017-09-01 09:00:00,71,71,,134,53,73,,,,136,180,,95
2017-09-01 10:00:00,86,104,,148,66,88,,,,144,158,,85
2017-09-01 11:00:00,71,93,,153,75,98,,,,136,172,,82
2017-09-01 12:00:00,71,96,,124,78,92,,,,155,175,,74
2017-09-01 13:00:00,75,110,,114,73,103,,,,160,181,,63
2017-09-01 14:00:00,90,107,,104,67,104,,,,142,165,,66
2017-09-01 15:00:00,90,109,,106,75,104,,,,139,126,,71
2017-09-01 16:00:00,111,114,,100,76,117,,,,125,129,,65
2017-09-01 17:00:00,119,96,,104,74,92,,,,112,150,,72
2017-09-01 18:00:00,135,96,,103,77,88,,,,133,120,,80
2017-09-01 19:00:00,125,82,,100,76,83,,,,101,140,,97
2017-09-01 20:00:00,106,97,,106,75,93,,,,124,154,,70
2017-09-01 21:00:00,115,104,,123,69,111,,,,129,132,,59
2017-09-01 22:00:00,102,97,,107,72,97,,,,120,119,,53
2017-09-01 23:00:00,66,102,,96,67,98,,,,122,137,,57
2017-09-02 00:00:00,65,97,,105,74,106,,,,142,130,,92
2017-09-02 01:00:00,53,89,,129,82,100,,,,113,159,,107
2017-09-02 02:00:00,56,90,,142,98,86,,,,139,164,,111
2017-09-02 03:00:00,16,82,,174,98,71,,,,176,136,,108
2017-09-02 04:00:00,26,51,,260,138,42,,,,123,194,,110
2017-09-02 05:00:00,40,70,,111,125,70,,,,193,208,,102
2017-09-02 06:00:00,30,59,,24,111,16,,,,105,98,,118
2017-09-02 07:00:00,37,71,,1,165,43,,,,98,87,,98
2017-09-02 08:00:00,62,98,,119,109,75,,,,132,171,,91
2017-09-02 09:00:00,69,99,,67,84,84,,,,133,163,,75
2017-09-02 10:00:00,70,93,,127,68,79,,,,126,178,,62
2017-09-02 11:00:00,68,93,,125,71,100,,,,133,176,,65
2017-09-02 12:00:00,59,99,,110,73,92,,,,126,151,,58
2017-09-02 13:00:00,68,93,,99,72,99,,,,137,131,,45
2017-09-02 14:00:00,74,98,,101,78,97,,,,125,123,,43
2017-09-02 15:00:00,81,95,,109,78,93,,,,119,109,,56
2017-09-02 16:00:00,96,95,,102,79,101,,,,116,97,,76
2017-09-02 17:00:00,93,98,,104,79,85,,,,101,92,,75
2017-09-02 18:00:00,99,97,,110,84,93,,,,99,91,,85
2017-09-02 19:00:00,99,94,,105,90,100,,,,92,88,,81
2017-09-02 20:00:00,101,85,,104,86,92,,,,95,89,,82
2017-09-02 21:00:00,110,90,,102,85,89,,,,113,100,,360
2017-09-02 22:00:00,117,87,,103,87,93,,,,114,123,,104
2017-09-02 23:00:00,90,87,,98,71,96,,,,113,120,,69
2017-09-03 00:00:00,101,87,,99,71,86,,,,111,124,,67
2017-09-03 01:00:00,90,89,,101,72,90,,,,102,128,,62
2017-09-03 02:00:00,89,95,,99,65,87,,,,106,129,,65
2017-09-03 03:00:00,89,94,,102,70,87,,,,109,127,,71
2017-09-03 04:00:00,70,88,,105,79,82,,,,105,130,,71
2017-09-03 05:00:00,66,91,,102,87,84,,,,102,124,,65
2017-09-03 06:00:00,78,96,,104,81,87,,,,112,129,,62
2017-09-03 07:00:00,71,82,,112,87,85,,,,108,104,,69
2017-09-03 08:00:00,76,94,,121,94,78,,,,114,158,,76
2017-09-03 09:00:00,74,100,,120,80,100,,,,139,171,,64
2017-09-03 10:00:00,78,110,,139,67,108,,,,167,159,,67
2017-09-03 11:00:00,57,77,,128,63,79,,,,116,150,,67
2017-09-03 12:00:00,69,101,,90,68,90,,,,118,158,,50
2017-09-03 13:00:00,86,96,,99,72,86,,,,139,110,,49
2017-09-03 14:00:00,85,83,,98,69,88,,,,84,94,,63
2017-09-03 15:00:00,86,37,,94,73,44,,,,84,80,,79
2017-09-03 16:00:00,99,44,,71,70,46,,,,75,76,,72
2017-09-03 17:00:00,90,67,,76,75,58,,,,82,80,,72
2017-09-03 18:00:00,90,76,,97,89,76,,,,90,88,,70
2017-09-03 19:00:00,107,77,,94,88,85,,,,95,96,,85
2017-09-03 20:00:00,109,82,,102,83,91,,,,93,146,,96
2017-09-03 21:00:00,110,95,,100,86,94,,,,130,158,,83
2017-09-03 22:00:00,127,164,,101,76,125,,,,140,157,,74
2017-09-03 23:00:00,128,197,,116,76,117,,,,160,148,,65
2017-09-04 00:00:00,67,78,,142,87,132,,,,144,114,,94
2017-09-04 01:00:00,46,16,,206,99,47,,,,92,122,,116
2017-09-04 02:00:00,56,38,,137,86,16,,,,117,130,,102
2017-09-04 03:00:00,89,80,,145,89,27,,,,143,128,,92
2017-09-04 04:00:00,40,59,,106,97,20,,,,186,95,,113
2017-09-04 05:00:00,33,65,,140,104,334,,,,83,126,,102
2017-09-04 06:00:00,46,91,,138,105,37,,,,119,162,,92
2017-09-04 07:00:00,26,105,,113,112,46,,,,184,170,,101
2017-09-04 08:00:00,27,101,,195,124,18,,,,168,183,,107
2017-09-04 09:00:00,32,106,,226,47,48,,,,152,183,,
2017-09-04 10:00:00,56,94,,105,75,76,,,,140,169,,74
2017-09-04 11:00:00,80,105,,113,75,104,,,,142,170,,57
2017-09-04 12:00:00,73,112,,110,76,100,,,,148,175,,66
2017-09-04 13:00:00,80,105,,103,75,92,,,,113,62,,50
2017-09-04 14:00:00,70,116,,95,67,90,,,,112,,,48
2017-09-04 15:00:00,94,94,,95,64,62,,,,132,33,,77
2017-09-04 16:00:00,105,71,,85,77,91,,,,53,340,,54
2017-09-04 17:00:00,45,48,,51,71,275,,,,265,354,,65
2017-09-04 18:00:00,3,323,,290,109,298,,,,358,336,,94
2017-09-04 19:00:00,20,,,292,127,343,,,,343,15,,75
2017-09-04 20:00:00,91,24,,291,94,76,,,,318,177,,84
2017-09-04 21:00:00,99,106,,126,96,81,,,,184,173,,65
2017-09-04 22:00:00,131,115,,121,107,76,,,,164,181,,78
2017-09-04 23:00:00,141,96,,130,129,92,,,,163,169,,81
2017-09-05 00:00:00,111,102,,133,141,31,,,,141,69,,84
2017-09-05 01:00:00,93,15,,332,246,14,,,,59,332,,136
2017-09-05 02:00:00,40,22,,78,99,47,,,,41,340,,78
2017-09-05 03:00:00,10,359,,233,119,14,,,,352,3,,86
2017-09-05 04:00:00,348,299,,309,182,288,,,,322,350,,125
2017-09-05 05:00:00,235,354,,231,348,30,,,,348,112,,60
2017-09-05 06:00:00,91,20,,216,55,87,,,,67,210,,90
2017-09-05 07:00:00,117,20,,292,89,113,,,,199,355,,85
2017-09-05 08:00:00,37,5,,289,98,352,,,,58,36,,113
2017-09-05 09:00:00,18,346,,268,26,34,,,,14,301,,106
2017-09-05 10:00:00,25,333,,282,57,58,,,,330,345,,115
2017-09-05 11:00:00,317,348,,289,333,21,,,,342,99,,226
2017-09-05 12:00:00,12,352,,224,29,81,,,,26,92,,87
2017-09-05 13:00:00,25,345,,277,66,55,,,,36,73,,64
2017-09-05 14:00:00,59,352,,340,82,43,,,,24,32,,46
2017-09-05 15:00:00,60,346,,67,79,42,,,,29,48,,54
2017-09-05 16:00:00,93,18,,47,77,49,,,,45,56,,81
2017-09-05 17:00:00,101,22,,67,85,57,,,,14,284,,118
2017-09-05 18:00:00,199,14,,64,98,30,,,,301,290,,95
2017-09-05 19:00:00,226,310,,146,136,273,,,,245,325,,163
2017-09-05 20:00:00,213,199,,134,132,137,,,,257,28,,197
2017-09-05 21:00:00,121,42,,105,112,64,,,,45,332,,124
2017-09-05 22:00:00,322,279,,335,108,231,,,,302,298,,91
2017-09-05 23:00:00,278,245,,323,114,246,,,,294,354,,312
2017-09-06 00:00:00,308,267,,326,305,250,,,,311,29,,305
2017-09-06 01:00:00,340,93,,325,218,260,,,,345,359,,303
2017-09-06 02:00:00,47,326,,279,324,270,,,,338,327,,35
2017-09-06 03:00:00,196,275,,108,102,283,,,,309,322,,79
2017-09-06 04:00:00,241,216,,312,273,268,,,,313,341,,271
2017-09-06 05:00:00,320,300,,315,256,142,,,,335,291,,299
2017-09-06 06:00:00,256,288,,330,255,308,,,,327,345,,75
2017-09-06 07:00:00,270,283,,317,294,284,,,,319,345,,282
2017-09-06 08:00:00,240,268,,324,304,132,,,,318,5,,246
2017-09-06 09:00:00,355,311,,326,255,100,,,,324,353,,280
2017-09-06 10:00:00,1,329,,330,270,342,,,,332,2,,57
2017-09-06 11:00:00,81,339,,5,80,34,,,,335,15,,105
2017-09-06 12:00:00,32,9,,41,96,27,,,,307,85,,97
2017-09-06 13:00:00,56,11,,326,95,41,,,,283,45,,84
2017-09-06 14:00:00,56,52,,7,99,37,,,,321,261,,104
2017-09-06 15:00:00,159,121,,106,95,72,,,,23,,,117
2017-09-06 16:00:00,150,122,,129,119,110,,,,174,,,87
2017-09-06 17:00:00,138,121,,135,128,116,,,,112,,,78
2017-09-06 18:00:00,41,330,,17,51,305,,,,200,,,37
2017-09-06 19:00:00,336,337,,287,93,267,,,,85,,,114
2017-09-06 20:00:00,157,142,,127,123,127,,,,205,,,95
2017-09-06 21:00:00,182,191,,106,123,86,,,,230,,,269
2017-09-06 22:00:00,144,211,,120,101,344,,,,170,,,184
2017-09-06 23:00:00,56,350,,44,101,345,,,,36,,,113
2017-09-07 00:00:00,117,14,,277,91,349,,,,341,,,108
2017-09-07 01:00:00,32,344,,237,108,285,,,,358,,,108
2017-09-07 02:00:00,80,336,,100,120,20,,,,311,,,106
2017-09-07 03:00:00,91,6,,232,75,84,,,,312,,,113
2017-09-07 04:00:00,87,44,,164,110,56,,,,298,,,105
2017-09-07 05:00:00,69,64,,105,81,63,,,,30,,,108
2017-09-07 06:00:00,91,81,,102,92,134,,,,73,,,78
2017-09-07 07:00:00,86,108,,119,83,134,,,,101,303,,70
2017-09-07 08:00:00,93,118,,118,77,130,,,,128,94,,
2017-09-07 09:00:00,91,111,,111,74,110,,,,135,317,,58
2017-09-07 10:00:00,85,115,,124,72,100,,,,173,260,,54
2017-09-07 11:00:00,102,120,,168,75,152,,,,218,216,,54
2017-09-07 12:00:00,125,139,,159,115,133,,,,196,224,,74
2017-09-07 13:00:00,118,162,,123,123,118,,,,190,234,,62
2017-09-07 14:00:00,111,94,,54,84,95,,,,128,258,,75
2017-09-07 15:00:00,107,8,,118,89,39,,,,279,143,,66
2017-09-07 16:00:00,75,140,,130,90,77,,,,112,187,,68
2017-09-07 17:00:00,85,57,,68,81,61,,,,156,163,,61
2017-09-07 18:00:00,94,86,,101,83,71,,,,139,133,,64
2017-09-07 19:00:00,114,105,,99,77,93,,,,179,109,,99
2017-09-07 20:00:00,149,127,,115,97,125,,,,165,242,,88
2017-09-07 21:00:00,128,107,,109,76,147,,,,187,284,,89
2017-09-07 22:00:00,134,110,,116,85,301,,,,228,298,,129
2017-09-07 23:00:00,108,111,,120,99,360,,,,245,103,,122
2017-09-08 00:00:00,15,100,,49,169,291,,,,205,133,,151
2017-09-08 01:00:00,58,94,,89,131,114,,,,148,208,,129
2017-09-08 02:00:00,134,115,,107,100,132,,,,192,199,,69
2017-09-08 03:00:00,132,118,,105,151,124,,,,191,283,,58
2017-09-08 04:00:00,143,106,,106,174,126,,,,197,322,,121
2017-09-08 05:00:00,192,82,,79,157,150,,,,242,331,,207
2017-09-08 06:00:00,183,23,,275,164,285,,,,271,351,,181
2017-09-08 07:00:00,308,49,,277,207,296,,,,245,347,,
2017-09-08 08:00:00,324,336,,309,14,325,,,,318,21,,256
2017-09-08 09:00:00,45,18,,341,35,40,,,,357,25,,50
2017-09-08 10:00:00,33,20,,316,54,64,,,,29,82,,80
2017-09-08 11:00:00,67,30,,123,68,68,,,,94,65,,74
2017-09-08 12:00:00,65,72,,128,75,79,,,,88,35,,71
2017-09-08 13:00:00,77,89,,76,69,75,,,,95,41,,52
2017-09-08 14:00:00,82,84,,78,64,75,,,,77,62,,52
2017-09-08 15:00:00,77,91,,99,61,86,,,,83,98,,51
2017-09-08 16:00:00,85,87,,96,69,88,,,,108,112,,62
2017-09-08 17:00:00,141,96,,92,67,90,,,,121,103,,
2017-09-08 18:00:00,129,92,,96,74,86,,,,104,95,,92
2017-09-08 19:00:00,104,97,,99,78,97,,,,110,94,,90
2017-09-08 20:00:00,123,96,,102,86,99,,,,109,126,,94
2017-09-08 21:00:00,145,113,,103,77,107,,,,164,133,,83
2017-09-08 22:00:00,127,98,,96,74,98,,,,119,129,,93
2017-09-08 23:00:00,95,93,,102,76,95,,,,128,149,,86
2017-09-09 00:00:00,126,100,,101,70,101,,,,151,173,,95
2017-09-09 01:00:00,118,105,,104,80,103,,,,157,167,,78
2017-09-09 02:00:00,131,108,,112,73,115,,,,183,37,,76
2017-09-09 03:00:00,128,97,,113,75,113,,,,48,52,,137
2017-09-09 04:00:00,140,66,,120,148,79,,,,68,62,,166
2017-09-09 05:00:00,89,47,,148,129,99,,,,29,78,,116
2017-09-09 06:00:00,84,16,,142,102,41,,,,49,211,,116
2017-09-09 07:00:00,28,347,,268,101,305,,,,9,345,,104
2017-09-09 08:00:00,20,12,,183,68,136,,,,357,5,,87
2017-09-09 09:00:00,69,42,,136,102,95,,,,350,16,,44
2017-09-09 10:00:00,45,73,,115,110,95,,,,28,53,,59
2017-09-09 11:00:00,85,70,,102,98,85,,,,84,41,,146
2017-09-09 12:00:00,67,58,,99,82,76,,,,75,67,,64
2017-09-09 13:00:00,59,74,,108,77,98,,,,117,165,,62
2017-09-09 14:00:00,40,93,,117,84,141,,,,170,232,,75
2017-09-09 15:00:00,27,114,,143,80,142,,,,226,260,,83
2017-09-09 16:00:00,59,108,,132,87,137,,,,211,253,,79
2017-09-09 17:00:00,153,123,,114,80,147,,,,213,234,,86
2017-09-09 18:00:00,148,134,,116,80,132,,,,215,231,,72
2017-09-09 19:00:00,121,196,,125,79,114,,,,208,253,,72
2017-09-09 20:00:00,117,200,,105,108,121,,,,251,313,,84
2017-09-09 21:00:00,104,205,,101,127,317,,,,276,18,,81
2017-09-09 22:00:00,297,245,,107,141,284,,,,344,34,,71
2017-09-09 23:00:00,275,253,,110,117,293,,,,348,64,,117
2017-09-10 00:00:00,288,182,,105,130,270,,,,49,78,,115
2017-09-10 01:00:00,75,77,,113,296,113,,,,90,116,,108
2017-09-10 02:00:00,79,98,,117,92,99,,,,115,154,,94
2017-09-10 03:00:00,93,105,,110,71,137,,,,148,200,,89
2017-09-10 04:00:00,95,111,,105,82,131,,,,197,206,,73
2017-09-10 05:00:00,114,108,,91,98,107,,,,200,200,,68
2017-09-10 06:00:00,104,105,,103,106,123,,,,192,207,,60
2017-09-10 07:00:00,143,114,,105,98,126,,,,192,211,,74
2017-09-10 08:00:00,121,108,,126,108,107,,,,142,110,,80
2017-09-10 09:00:00,127,101,,104,92,92,,,,128,34,,69
2017-09-10 10:00:00,90,100,,116,75,78,,,,62,43,,62
2017-09-10 11:00:00,35,70,,155,58,72,,,,67,29,,59
2017-09-10 12:00:00,65,3,,153,57,80,,,,56,33,,77
2017-09-10 13:00:00,34,34,,174,75,76,,,,49,35,,72
2017-09-10 14:00:00,54,356,,349,80,62,,,,37,25,,90
2017-09-10 15:00:00,42,20,,51,87,61,,,,38,78,,83
2017-09-10 16:00:00,60,23,,69,88,53,,,,75,52,,61
2017-09-10 17:00:00,,,,,,,,,,,43,,
2017-09-10 18:00:00,,,,,,,,,,100,87,,
2017-09-10 19:00:00,95,,,,,47,,,,103,96,,
2017-09-10 20:00:00,,,,,93,68,,,,121,129,,110
2017-09-10 21:00:00,137,,,,91,106,,,,188,269,,94
2017-09-10 22:00:00,143,,,103,78,106,,,,203,310,,83
2017-09-10 23:00:00,143,126,,105,68,76,,,,237,350,,114
2017-09-11 00:00:00,156,156,,106,128,313,,,,235,106,,154
2017-09-11 01:00:00,103,90,,37,73,177,,,,115,244,,240
2017-09-11 02:00:00,82,111,,123,111,133,,,,209,273,,95
2017-09-11 03:00:00,118,119,,101,112,139,,,,203,297,,100
2017-09-11 04:00:00,107,98,,107,131,148,,,,208,303,,104
2017-09-11 05:00:00,114,90,,114,181,294,,,,203,306,,117
2017-09-11 06:00:00,153,33,,279,202,263,,,,231,335,,164
2017-09-11 07:00:00,220,,,291,241,284,,,,256,17,,221
2017-09-11 08:00:00,246,356,,298,258,338,,,,4,22,,255
2017-09-11 09:00:00,26,348,,321,280,11,,,,350,50,,312
2017-09-11 10:00:00,57,332,,76,42,56,,,,323,338,,5
2017-09-11 11:00:00,16,13,,301,46,23,,,,7,358,,77
2017-09-11 12:00:00,29,356,,223,19,35,,,,349,1,,76
2017-09-11 13:00:00,53,347,,63,57,34,,,,352,14,,63
2017-09-11 14:00:00,46,335,,3,86,62,,,,348,360,,81
2017-09-11 15:00:00,26,14,,19,80,57,,,,330,336,,88
2017-09-11 16:00:00,12,40,,42,86,52,,,,351,341,,79
2017-09-11 17:00:00,27,35,,45,86,36,,,,347,333,,78
2017-09-11 18:00:00,40,27,,42,86,64,,,,324,342,,83
2017-09-11 19:00:00,25,48,,67,88,78,,,,342,25,,79
2017-09-11 20:00:00,105,40,,77,129,97,,,,360,153,,123
2017-09-11 21:00:00,226,42,,79,104,256,,,,177,250,,91
2017-09-11 22:00:00,253,102,,295,143,235,,,,195,284,,117
2017-09-11 23:00:00,95,116,,100,279,184,,,,232,306,,129
2017-09-12 00:00:00,102,109,,106,224,13,,,,245,318,,360
2017-09-12 01:00:00,241,112,,147,297,291,,,,252,131,,217
2017-09-12 02:00:00,221,178,,277,217,260,,,,125,185,,256
2017-09-12 03:00:00,96,104,,200,227,104,,,,195,327,,272
2017-09-12 04:00:00,298,84,,164,229,103,,,,164,34,,230
2017-09-12 05:00:00,322,51,,279,45,296,,,,74,20,,208
2017-09-12 06:00:00,4,347,,282,225,295,,,,350,342,,190
2017-09-12 07:00:00,8,319,,305,228,321,,,,325,337,,202
2017-09-12 08:00:00,41,312,,300,279,310,,,,317,6,,252
2017-09-12 09:00:00,40,319,,298,20,30,,,,350,39,,275
2017-09-12 10:00:00,20,328,,265,274,45,,,,357,163,,291
2017-09-12 11:00:00,31,328,,289,308,11,,,,31,33,,71
2017-09-12 12:00:00,54,358,,244,314,60,,,,337,43,,71
2017-09-12 13:00:00,,357,,231,33,89,,,,345,12,,73
2017-09-12 14:00:00,,27,,24,50,54,,,,8,35,,69
2017-09-12 15:00:00,,15,,24,78,49,,,,350,23,,68
2017-09-12 16:00:00,,34,,20,58,58,,,,21,51,,73
2017-09-12 17:00:00,,44,,34,76,81,,,,30,86,,78
2017-09-12 18:00:00,,46,,76,86,60,,,,43,132,,72
2017-09-12 19:00:00,,66,,82,97,91,,,,110,143,,103
2017-09-12 20:00:00,,111,,85,106,113,,,,167,183,,110
2017-09-12 21:00:00,,117,,103,84,138,,,,188,252,,118
2017-09-12 22:00:00,,113,,121,92,129,,,,199,20,,190
2017-09-12 23:00:00,,113,,105,213,329,,,,202,60,,142
2017-09-13 00:00:00,,64,,106,206,282,,,,54,58,,154
2017-09-13 01:00:00,,14,,272,199,296,,,,11,3,,237
2017-09-13 02:00:00,,27,,308,232,310,,,,10,336,,223
2017-09-13 03:00:00,,42,,295,237,300,,,,291,14,,210
2017-09-13 04:00:00,,281,,287,232,287,,,,349,5,,139
2017-09-13 05:00:00,,313,,292,170,36,,,,345,299,,196
2017-09-13 06:00:00,,329,,289,253,337,,,,297,303,,167
2017-09-13 07:00:00,225,318,,298,245,33,,,,297,294,,198
2017-09-13 08:00:00,313,296,,309,274,283,,,,313,338,,259
2017-09-13 09:00:00,25,199,,314,359,100,,,,329,114,,282
2017-09-13 10:00:00,22,358,,323,294,98,,,,332,177,,260
2017-09-13 11:00:00,44,43,,352,278,103,,,,310,147,,313
2017-09-13 12:00:00,7,359,,70,7,72,,,,77,131,,99
2017-09-13 13:00:00,68,4,,103,92,57,,,,84,169,,67
2017-09-13 14:00:00,127,111,,115,78,94,,,,55,142,,61
2017-09-13 15:00:00,84,106,,97,81,88,,,,127,107,,62
2017-09-13 16:00:00,46.2999992370605,92,,0.46000000834465,83,78,,,,102,108,,51
2017-09-13 17:00:00,89,87,,98,79,79,,,,83,99,,64
2017-09-13 18:00:00,94,97,,94,83,96,,,,93,132,,75
2017-09-13 19:00:00,110,98,,93,87,99,,,,116,155,,104
2017-09-13 20:00:00,129,112,,98,81,126,,,,185,183,,69
2017-09-13 21:00:00,124,120,,109,84,138,,,,208,258,,126
2017-09-13 22:00:00,157,134,,106,170,167,,,,207,112,,205
2017-09-13 23:00:00,196,121,,102,223,285,,,,150,119,,247
2017-09-14 00:00:00,297,92,,116,209,111,,,,97,166,,142
2017-09-14 01:00:00,107,45,,269,210,97,,,,100,47,,120
2017-09-14 02:00:00,273,30,,298,61,331,,,,36,5,,110
2017-09-14 03:00:00,16,13,,276,350,305,,,,13,354,,237
2017-09-14 04:00:00,57,339,,277,265,298,,,,322,331,,164
2017-09-14 05:00:00,345,316,,286,256,290,,,,319,355,,179
2017-09-14 06:00:00,308,297,,293,184,291,,,,324,359,,192
2017-09-14 07:00:00,292,279,,295,242,278,,,,335,5,,238
2017-09-14 08:00:00,344,292,,300,279,269,,,,37,16,,245
2017-09-14 09:00:00,30,351,,281,2,89,,,,6,58,,307
2017-09-14 10:00:00,37,351,,225,351,23,,,,38,119,,77
2017-09-14 11:00:00,73,26,,87,58,51,,,,64,155,,81
2017-09-14 12:00:00,74,67,,151,75,89,,,,89,159,,82
2017-09-14 13:00:00,53,96,,110,80,84,,,,101,131,,72
2017-09-14 14:00:00,78,87,,90,77,88,,,,102,137,,38
2017-09-14 15:00:00,119,91,,95,74,87,,,,110,125,,66
2017-09-14 16:00:00,101,88,,98,73,83,,,,109,124,,63
2017-09-14 17:00:00,108,81,,87,70,83,,,,107,124,,67
2017-09-14 18:00:00,,90,,90,65,84,,,,107,129,,71
2017-09-14 19:00:00,,92,,92,65,90,,,,115,134,,67
2017-09-14 20:00:00,,104,,94,72,112,,,,148,150,,64
2017-09-14 21:00:00,,107,,104,81,104,,,,144,162,,60
2017-09-14 22:00:00,,98,,95,72,113,,,,139,146,,64
2017-09-14 23:00:00,,95,,101,95,113,,,,128,130,,130
2017-09-15 00:00:00,,88,,128,137,94,,,,113,108,,130
2017-09-15 01:00:00,,66,,338,118,94,,,,95,81,,113
2017-09-15 02:00:00,,60,,328,86,91,,,,88,22,,103
2017-09-15 03:00:00,,90,,168,79,116,,,,103,112,,95
2017-09-15 04:00:00,,101,,199,110,110,,,,130,241,,98
2017-09-15 05:00:00,,99,,265,156,99,,,,136,146,,90
2017-09-15 06:00:00,,90,,280,79,93,,,,135,49,,105
2017-09-15 07:00:00,,63,,277,83,75,,,,100,72,,122
2017-09-15 08:00:00,4,55,,274,78,43,,,,57,58,,78
2017-09-15 09:00:00,32,17,,293,52,31,,,,37,97,,68
2017-09-15 10:00:00,32,47,,335,63,73,,,,54,173,,75
2017-09-15 11:00:00,58,84,,112,58,78,,,,105,,,78
2017-09-15 12:00:00,54,88,,149,67,81,,,,127,141,,75
2017-09-15 13:00:00,63,92,,108,78,90,,,,120,130,,55
2017-09-15 14:00:00,88,92,,93,71,82,,,,120,117,,55
2017-09-15 15:00:00,108,82,,92,65,81,,,,116,107,,62
2017-09-15 16:00:00,88,74,,89,68,77,,,,96,103,,61
2017-09-15 17:00:00,84,70,,88,68,81,,,,90,95,,55
2017-09-15 18:00:00,82,77,,85,71,82,,,,86,103,,57
2017-09-15 19:00:00,94,91,,94,73,94,,,,98,95,,68
2017-09-15 20:00:00,129,98,,97,72,101,,,,120,118,,81
2017-09-15 21:00:00,142,105,,106,70,115,,,,133,159,,91
2017-09-15 22:00:00,117,97,,100,66,106,,,,148,143,,82
2017-09-15 23:00:00,125,93,,104,68,99,,,,126,125,,62
2017-09-16 00:00:00,94,91,,105,71,100,,,,96,101,,60
2017-09-16 01:00:00,66,93,,104,73,114,,,,109,111,,71
2017-09-16 02:00:00,64,94,,106,76,105,,,,132,103,,84
2017-09-16 03:00:00,56,79,,102,93,96,,,,125,121,,96
2017-09-16 04:00:00,69,87,,110,100,101,,,,115,137,,89
2017-09-16 05:00:00,78,93,,94,87,97,,,,132,135,,86
2017-09-16 06:00:00,87,94,,103,89,82,,,,127,120,,99
2017-09-16 07:00:00,98,107,,97,105,78,,,,84,86,,102
2017-09-16 08:00:00,13,116,,77,103,83,,,,95,136,,187
2017-09-16 09:00:00,26,110,,68,101,61,,,,95,205,,105
2017-09-16 10:00:00,22,82,,106,80,62,,,,90,170,,86
2017-09-16 11:00:00,23,96,,89,71,60,,,,102,85,,71
2017-09-16 12:00:00,35,84,,70,80,70,,,,97,57,,52
2017-09-16 13:00:00,71,63,,74,79,78,,,,85,82,,52
2017-09-16 14:00:00,55,72,,73,75,73,,,,77,65,,51
2017-09-16 15:00:00,58,85,,73,76,85,,,,77,75,,45
2017-09-16 16:00:00,71,72,,72,74,74,,,,65,69,,49
2017-09-16 17:00:00,67,74,,85,76,74,,,,60,71,,54
2017-09-16 18:00:00,77,72,,80,69,79,,,,65,71,,58
2017-09-16 19:00:00,97,79,,89,72,83,,,,76,93,,69
2017-09-16 20:00:00,145,87,,93,79,101,,,,105,133,,105
2017-09-16 21:00:00,129,104,,106,78,112,,,,127,139,,79
2017-09-16 22:00:00,130,102,,101,76,99,,,,127,140,,78
2017-09-16 23:00:00,103,92,,99,77,90,,,,121,135,,70
2017-09-17 00:00:00,93,93,,101,76,88,,,,117,126,,61
2017-09-17 01:00:00,94,94,,103,70,87,,,,109,123,,57
2017-09-17 02:00:00,68,93,,99,67,84,,,,111,118,,59
2017-09-17 03:00:00,58,93,,99,72,88,,,,104,119,,64
2017-09-17 04:00:00,73,94,,100,74,85,,,,95,123,,65
2017-09-17 05:00:00,79,98,,107,76,94,,,,101,131,,67
2017-09-17 06:00:00,65,100,,103,83,107,,,,118,123,,92
2017-09-17 07:00:00,58,100,,108,84,85,,,,117,126,,82
2017-09-17 08:00:00,53,101,,112,91,81,,,,101,139,,76
2017-09-17 09:00:00,50,89,,105,102,77,,,,122,147,,81
2017-09-17 10:00:00,48,72,,102,102,59,,,,115,158,,80
2017-09-17 11:00:00,71,85,,87,91,69,,,,127,150,,77
2017-09-17 12:00:00,72,84,,79,81,80,,,,86,138,,49
2017-09-17 13:00:00,76,90,,89,76,89,,,,97,125,,50
2017-09-17 14:00:00,76,79,,87,80,78,,,,80,117,,53
2017-09-17 15:00:00,71,64,,91,80,82,,,,84,125,,60
2017-09-17 16:00:00,90,71,,82,82,79,,,,100,118,,80
2017-09-17 17:00:00,97,62,,91,80,78,,,,96,127,,74
2017-09-17 18:00:00,147,74,,92,77,79,,,,76,131,,93
2017-09-17 19:00:00,131,86,,96,71,85,,,,112,125,,84
2017-09-17 20:00:00,143,104,,102,81,87,,,,113,133,,105
2017-09-17 21:00:00,129,92,,100,69,93,,,,126,140,,101
2017-09-17 22:00:00,138,102,,101,73,104,,,,129,138,,74
2017-09-17 23:00:00,87,92,,104,68,99,,,,124,132,,73
2017-09-18 00:00:00,73,92,,107,74,90,,,,117,137,,63
2017-09-18 01:00:00,77,94,,101,72,94,,,,120,128,,60
2017-09-18 02:00:00,59,91,,91,73,92,,,,109,92,,68
2017-09-18 03:00:00,52,72,,80,76,76,,,,80,86,,84
2017-09-18 04:00:00,90,72,,89,97,69,,,,78,88,,90
2017-09-18 05:00:00,76,96,,98,113,78,,,,91,95,,100
2017-09-18 06:00:00,85,97,,87,119,68,,,,91,122,,102
2017-09-18 07:00:00,91,91,,124,120,79,,,,92,113,,97
2017-09-18 08:00:00,71,64,,110,108,78,,,,90,124,,97
2017-09-18 09:00:00,66,77,,90,109,74,,,,96,146,,82
2017-09-18 10:00:00,84,87,,81,103,63,,,,102,139,,76
2017-09-18 11:00:00,86,82,,67,96,74,,,,123,141,,68
2017-09-18 12:00:00,93,101,,64,84,88,,,,122,166,,82
2017-09-18 13:00:00,110,96,,78,83,97,,,,87,182,,74
2017-09-18 14:00:00,113,95,,95,90,86,,,,118,139,,70
2017-09-18 15:00:00,153,97,,143,87,91,,,,111,155,,68
2017-09-18 16:00:00,155,94,,122,84,83,,,,113,126,,73
2017-09-18 17:00:00,160,141,,130,85,115,,,,177,125,,75
2017-09-18 18:00:00,145,131,,135,84,131,,,,214,191,,87
2017-09-18 19:00:00,133,111,,124,85,99,,,,176,150,,123
2017-09-18 20:00:00,137,93,,106,81,359,,,,131,156,,162
2017-09-18 21:00:00,130,85,,128,125,239,,,,140,117,,149
2017-09-18 22:00:00,213,91,,138,181,242,,,,132,129,,151
2017-09-18 23:00:00,104,98,,98,152,113,,,,125,126,,117
2017-09-19 00:00:00,52,94,,102,87,110,,,,104,125,,139
2017-09-19 01:00:00,73,91,,113,115,91,,,,129,119,,111
2017-09-19 02:00:00,23,85,,352,119,81,,,,97,111,,116
2017-09-19 03:00:00,28,86,,122,99,90,,,,113,124,,104
2017-09-19 04:00:00,36,82,,98,87,79,,,,97,119,,104
2017-09-19 05:00:00,77,85,,316,93,79,,,,92,120,,100
2017-09-19 06:00:00,70,62,,222,156,63,,,,80,76,,107
2017-09-19 07:00:00,107,61,,188,105,74,,,,63,123,,122
2017-09-19 08:00:00,78,94,,148,88,75,,,,94,150,,47
2017-09-19 09:00:00,55,88,,130,70,76,,,,86,180,,293
2017-09-19 10:00:00,35,41,,136,57,97,,,,54,203,,91
2017-09-19 11:00:00,50,54,,236,61,100,,,,116,153,,73
2017-09-19 12:00:00,54,101,,81,70,87,,,,103,142,,84
2017-09-19 13:00:00,70,90,,96,74,75,,,,140,158,,68
2017-09-19 14:00:00,71,76,,92,79,85,,,,124,154,,62
2017-09-19 15:00:00,76,93,,106,84,78,,,,120,126,,44
2017-09-19 16:00:00,149,92,,93,84,78,,,,122,175,,94
2017-09-19 17:00:00,172,95,,122,77,85,,,,123,206,,100
2017-09-19 18:00:00,149,130,,119,122,139,,,,176,271,,84
2017-09-19 19:00:00,138,121,,114,92,122,,,,215,325,,75
2017-09-19 20:00:00,127,105,,140,82,185,,,,244,58,,71
2017-09-19 21:00:00,86,112,,160,133,294,,,,42,121,,131
2017-09-19 22:00:00,82,71,,93,103,88,,,,137,202,,144
2017-09-19 23:00:00,92,101,,100,92,99,,,,180,156,,103
2017-09-20 00:00:00,114,102,,95,88,107,,,,163,133,,104
2017-09-20 01:00:00,67,84,,102,107,94,,,,100,100,,82
2017-09-20 02:00:00,48,82,,132,139,89,,,,95,71,,110
2017-09-20 03:00:00,42,54,,260,102,85,,,,68,68,,106
2017-09-20 04:00:00,57,78,,192,76,84,,,,94,71,,94
2017-09-20 05:00:00,44,67,,186,92,78,,,,86,,,96
2017-09-20 06:00:00,63,67,,224,72,93,,,,91,78,,94
2017-09-20 07:00:00,71,80,,223,112,86,,,,94,91,,90
2017-09-20 08:00:00,43,70,,250,91,77,,,,112,84,,80
2017-09-20 09:00:00,13,32,,263,54,60,,,,98,136,,80
2017-09-20 10:00:00,70,35,,232,58,76,,,,101,168,,82
2017-09-20 11:00:00,68,30,,141,57,76,,,,35,194,,71
2017-09-20 12:00:00,70,38,,141,63,81,,,,219,180,,72
2017-09-20 13:00:00,63,73,,153,66,96,,,,169,109,,77
2017-09-20 14:00:00,80,81,,118,78,97,,,,52,179,,68
2017-09-20 15:00:00,77,89,,93,82,94,,,,137,187,,64
2017-09-20 16:00:00,80,87,,91,87,75,,,,143,205,,65
2017-09-20 17:00:00,139,119,,103,99,98,,,,185,257,,74
2017-09-20 18:00:00,153,121,,120,96,114,,,,201,303,,91
2017-09-20 19:00:00,117,131,,136,97,115,,,,236,297,,109
2017-09-20 20:00:00,122,124,,128,97,138,,,,240,296,,145
2017-09-20 21:00:00,186,157,,153,117,149,,,,245,127,,172
2017-09-20 22:00:00,212,126,,135,126,135,,,,109,126,,213
2017-09-20 23:00:00,80,89,,95,101,98,,,,116,125,,104
2017-09-21 00:00:00,67,75,,85,79,99,,,,66,131,,70
2017-09-21 01:00:00,64,78,,94,89,111,,,,73,121,,91
2017-09-21 02:00:00,38,82,,139,92,102,,,,98,95,,97
2017-09-21 03:00:00,40,65,,293,148,72,,,,84,86,,116
2017-09-21 04:00:00,53,89,,197,73,117,,,,94,87,,108
2017-09-21 05:00:00,93,94,,138,75,103,,,,90,122,,91
2017-09-21 06:00:00,72,92,,123,93,98,,,,118,105,,96
2017-09-21 07:00:00,71,94,,125,102,105,,,,93,103,,102
2017-09-21 08:00:00,70,75,,112,89,87,,,,91,137,,100
2017-09-21 09:00:00,64,67,,115,67,83,,,,93,151,,89
2017-09-21 10:00:00,92,65,,112,59,95,,,,105,195,,75
2017-09-21 11:00:00,75,79,,66,67,81,,,,140,191,,73
2017-09-21 12:00:00,57,98,,67,74,88,,,,164,188,,93
2017-09-21 13:00:00,76,78,,58,82,67,,,,153,182,,91
2017-09-21 14:00:00,73,98,,76,79,65,,,,165,183,,108
2017-09-21 15:00:00,90,107,,103,72,93,,,,144,167,,113
2017-09-21 16:00:00,125,120,,126,81,125,,,,177,146,,91
2017-09-21 17:00:00,161,137,,136,103,135,,,,168,207,,75
2017-09-21 18:00:00,162,176,,148,129,154,,,,199,178,,81
2017-09-21 19:00:00,152,147,,134,99,148,,,,190,164,,93
2017-09-21 20:00:00,115,162,,116,86,135,,,,132,111,,129
2017-09-21 21:00:00,118,103,,117,81,117,,,,105,79,,99
2017-09-21 22:00:00,84,83,,91,73,98,,,,81,95,,57
2017-09-21 23:00:00,82,97,,99,66,111,,,,104,92,,62
2017-09-22 00:00:00,82,99,,107,68,102,,,,113,139,,79
2017-09-22 01:00:00,81,109,,109,74,99,,,,141,163,,68
2017-09-22 02:00:00,40,93,,124,71,89,,,,152,77,,84
2017-09-22 03:00:00,12,86,,117,95,49,,,,68,88,,106
2017-09-22 04:00:00,89,65,,119,104,51,,,,66,114,,103
2017-09-22 05:00:00,85,89,,82,109,65,,,,100,110,,80
2017-09-22 06:00:00,71,92,,98,96,81,,,,96,95,,86
2017-09-22 07:00:00,73,93,,104,83,79,,,,98,107,,83
2017-09-22 08:00:00,85,94,,101,90,82,,,,105,133,,72
2017-09-22 09:00:00,82,97,,94,81,93,,,,113,124,,69
2017-09-22 10:00:00,80,108,,106,86,96,,,,123,148,,73
2017-09-22 11:00:00,74,109,,107,90,90,,,,137,165,,78
2017-09-22 12:00:00,77,102,,95,79,86,,,,138,93,,67
2017-09-22 13:00:00,91,114,,94,79,,,,,99,79,,73
2017-09-22 14:00:00,145,94,,100,72,,,,,91,108,,73
2017-09-22 15:00:00,108,90,,94,72,,,,,104,89,,71
2017-09-22 16:00:00,75,73,,96,75,,,,,93,169,,59
2017-09-22 17:00:00,93,113,,98,81,,,,,127,140,,72
2017-09-22 18:00:00,100,118,,110,79,,,,,130,123,,89
2017-09-22 19:00:00,112,104,,105,79,,,,,121,129,,85
2017-09-22 20:00:00,96,102,,102,73,,,,,121,92,,80
2017-09-22 21:00:00,89,89,,89,74,,,,,96,103,,62
2017-09-22 22:00:00,88,89,,93,66,,,,,97,126,,60
2017-09-22 23:00:00,96,94,,100,65,,,,,109,133,,60
2017-09-23 00:00:00,83,94,,101,72,,,,,120,132,,59
2017-09-23 01:00:00,98,97,,102,76,,,,,127,124,,63
2017-09-23 02:00:00,77,91,,103,69,,,,,114,124,,62
2017-09-23 03:00:00,77,92,,102,69,,,,,118,112,,60
2017-09-23 04:00:00,65,90,,97,71,,,,,102,120,,67
2017-09-23 05:00:00,71,99,,96,73,,,,,103,125,,59
2017-09-23 06:00:00,60,100,,106,81,,,,,106,122,,75
2017-09-23 07:00:00,72,110,,105,84,,,,,101,126,,79
2017-09-23 08:00:00,71,97,,99,80,,,,,111,155,,85
2017-09-23 09:00:00,74,103,,101,77,,,,,134,151,,79
2017-09-23 10:00:00,64,95,,97,75,,,,,136,150,,65
2017-09-23 11:00:00,69,102,,101,76,,,,,123,138,,58
2017-09-23 12:00:00,131,111,,94,68,,,,,110,130,,62
2017-09-23 13:00:00,128,97,,96,69,,,,,115,128,,67
2017-09-23 14:00:00,111,80,,95,67,,,,,107,136,,70
2017-09-23 15:00:00,125,83,,90,71,,,,,124,139,,84
2017-09-23 16:00:00,128,85,,92,70,,,,,121,127,,94
2017-09-23 17:00:00,147,92,,102,83,,,,,106,111,,91
2017-09-23 18:00:00,151,86,,95,98,,,,,102,116,,97
2017-09-23 19:00:00,113,91,,98,87,,,,,105,140,,82
2017-09-23 20:00:00,100,102,,98,78,,,,,129,156,,71
2017-09-23 21:00:00,116,113,,104,73,,,,,130,140,,65
2017-09-23 22:00:00,95,103,,100,72,,,,,134,142,,64
2017-09-23 23:00:00,141,106,,107,75,,,,,139,134,,62
2017-09-24 00:00:00,107,100,,107,68,,,,,129,127,,63
2017-09-24 01:00:00,87,92,,106,75,,,,,113,124,,58
2017-09-24 02:00:00,80,93,,105,73,,,,,109,126,,55
2017-09-24 03:00:00,71,94,,101,74,,,,,108,129,,67
2017-09-24 04:00:00,61,93,,101,77,,,,,116,116,,76
2017-09-24 05:00:00,62,88,,98,81,,,,,99,111,,77
2017-09-24 06:00:00,65,85,,88,83,,,,,97,75,,76
2017-09-24 07:00:00,62,85,,95,82,,,,,89,92,,85
2017-09-24 08:00:00,74,82,,105,92,,,,,97,144,,81
2017-09-24 09:00:00,43,100,,120,82,,,,,122,162,,78
2017-09-24 10:00:00,15,104,,124,101,,,,,156,185,,86
2017-09-24 11:00:00,11,97,,104,81,,,,,175,198,,89
2017-09-24 12:00:00,55,101,,95,77,,,,,158,191,,87
2017-09-24 13:00:00,75,102,,78,74,,,,,162,150,,57
2017-09-24 14:00:00,109,101,,100,74,,,,,150,207,,73
2017-09-24 15:00:00,118,76,,95,69,,,,,145,173,,73
2017-09-24 16:00:00,87,71,,89,68,,,,,142,153,,73
2017-09-24 17:00:00,143,89,,98,66,,,,,148,161,,86
2017-09-24 18:00:00,152,112,,131,83,,,,,161,139,,76
2017-09-24 19:00:00,145,106,,126,86,,,,,125,137,,79
2017-09-24 20:00:00,131,90,,91,78,,,,,109,132,,73
2017-09-24 21:00:00,101,91,,89,68,,,,,116,129,,84
2017-09-24 22:00:00,109,96,,98,67,,,,,117,130,,80
2017-09-24 23:00:00,85,95,,97,67,,,,,114,126,,65
2017-09-25 00:00:00,55,92,,91,65,,,,,106,128,,57
2017-09-25 01:00:00,92,89,,98,62,,,,,105,120,,62
2017-09-25 02:00:00,71,86,,93,68,,,,,109,124,,64
2017-09-25 03:00:00,77,90,,87,71,,,,,103,120,,61
2017-09-25 04:00:00,71,89,,90,71,,,,,107,122,,64
2017-09-25 05:00:00,53,79,,99,67,,,,,103,121,,70
2017-09-25 06:00:00,70,87,,95,75,,,,,108,121,,67
2017-09-25 07:00:00,72,93,,106,82,,,,,110,114,,69
2017-09-25 08:00:00,59,88,,103,110,,,,,103,126,,61
2017-09-25 09:00:00,69,92,,103,105,,,,,108,164,,71
2017-09-25 10:00:00,72,94,,95,105,,,,,115,181,,66
2017-09-25 11:00:00,82,95,,102,96,,,,,137,178,,81
2017-09-25 12:00:00,62,102,,106,96,,,,,176,171,,75
2017-09-25 13:00:00,20,96,,109,89,,,,,191,181,,70
2017-09-25 14:00:00,353,97,,111,82,,,,,300,181,,68
2017-09-25 15:00:00,91,27,,113,81,,,,,285,181,,56
2017-09-25 16:00:00,80,107,,71,73,,,,,280,157,,65
2017-09-25 17:00:00,59,123,,99,63,,,,,131,324,,54
2017-09-25 18:00:00,104,122,,100,68,,,,,194,352,,71
2017-09-25 19:00:00,40,103,,95,71,,,,,308,26,,75
2017-09-25 20:00:00,354,2,,258,118,,,,,32,292,,135
2017-09-25 21:00:00,51,15,,160,191,,,,,319,320,,109
2017-09-25 22:00:00,54,4,,142,128,,,,,45,82,,107
2017-09-25 23:00:00,7,19,,258,156,,,,,93,81,,130
2017-09-26 00:00:00,359,3,,257,187,,,,,105,21,,129
2017-09-26 01:00:00,27,47,,173,138,,,,,28,37,,105
2017-09-26 02:00:00,41,66,,228,125,,,,,81,91,,133
2017-09-26 03:00:00,67,74,,103,109,,,,,91,73,,122
2017-09-26 04:00:00,96,89,,100,81,,,,,92,78,,82
2017-09-26 05:00:00,83,82,,91,74,,,,,87,82,,63
2017-09-26 06:00:00,89,91,,98,78,,,,,91,106,,71
2017-09-26 07:00:00,88,97,,92,84,,,,,101,131,,60
2017-09-26 08:00:00,84,101,,105,79,,,,,109,143,,65
2017-09-26 09:00:00,70,102,,104,85,,,,,123,146,,89
2017-09-26 10:00:00,80,103,,96,82,,,,,182,148,,84
2017-09-26 11:00:00,54,107,,115,82,,,,,213,170,,83
2017-09-26 12:00:00,22,112,,116,69,,,,,217,212,,80
2017-09-26 13:00:00,,115,,99,75,,,,,208,57,,88
2017-09-26 14:00:00,154,122,,305,79,,,,,169,255,,96
2017-09-26 15:00:00,99,198,,168,87,,,,,172,295,,85
2017-09-26 16:00:00,84,136,,116,90,,,,,149,66,,77
2017-09-26 17:00:00,58,60,,110,71,,,,,127,136,,79
2017-09-26 18:00:00,84,98,,58,77,,,,,211,276,,80
2017-09-26 19:00:00,91,,,64,75,,,,,238,233,,101
2017-09-26 20:00:00,110,113,,106,75,,,,,226,175,,50
2017-09-26 21:00:00,110,120,,116,108,,,,,166,148,,74
2017-09-26 22:00:00,33,107,,138,90,,,,,183,185,,97
2017-09-26 23:00:00,122,107,,108,86,,,,,151,182,,70
2017-09-27 00:00:00,142,101,,127,70,,,,,153,155,,66
2017-09-27 01:00:00,139,104,,112,91,,,,,135,134,,79
2017-09-27 02:00:00,85,106,,99,83,,,,,112,143,,147
2017-09-27 03:00:00,116,101,,115,96,,,,,107,166,,101
2017-09-27 04:00:00,36,107,,114,72,,,,,113,77,,108
2017-09-27 05:00:00,351,90,,176,175,,,,,8,8,,186
2017-09-27 06:00:00,12,357,,224,167,,,,,8,350,,126
2017-09-27 07:00:00,83,62,,146,95,,,,,55,86,,95
2017-09-27 08:00:00,75,110,,123,87,,,,,133,130,,72
2017-09-27 09:00:00,60,122,,115,77,,,,,136,151,,98
2017-09-27 10:00:00,116,105,,110,79,,,,,141,152,,64
2017-09-27 11:00:00,121,109,,107,83,,,,,138,151,,69
2017-09-27 12:00:00,115,108,,105,88,,,,,142,155,,79
2017-09-27 13:00:00,158,109,,106,86,,,,,136,133,,
2017-09-27 14:00:00,107,102,,122,102,,,,,115,146,,78
2017-09-27 15:00:00,88,35,,124,94,,,,,103,273,,78
2017-09-27 16:00:00,71,169,,145,73,,,,,274,304,,142
2017-09-27 17:00:00,245,258,,263,100,,,,,286,310,,268
2017-09-27 18:00:00,239,234,,312,138,,,,,294,7,,210
2017-09-27 19:00:00,226,271,,250,150,,,,,338,71,,136
2017-09-27 20:00:00,123,38,,44,13,,,,,65,114,,239
2017-09-27 21:00:00,38,111,,95,102,,,,,95,188,,101
2017-09-27 22:00:00,4,66,,143,97,,,,,132,157,,103
2017-09-27 23:00:00,17,44,,51,92,,,,,128,48,,120
2017-09-28 00:00:00,349,29,,288,121,,,,30,54,206,,116
2017-09-28 01:00:00,296,333,,258,124,,,,36,327,269,,109
2017-09-28 02:00:00,232,312,,286,116,,,,38,116,117,,100
2017-09-28 03:00:00,320,340,,278,40,,,,45,126,128,,111
2017-09-28 04:00:00,328,336,,273,166,,,,39,120,155,,95
2017-09-28 05:00:00,348,291,,254,100,,,,25,157,,,99
2017-09-28 06:00:00,326,346,,266,95,,,,30,161,172,,124
2017-09-28 07:00:00,349,304,,287,137,,,,26,183,152,,215
2017-09-28 08:00:00,331,318,,303,182,,,,36,157,45,,247
2017-09-28 09:00:00,37,337,,283,265,,,,36,35,28,,264
2017-09-28 10:00:00,20,13,,75,76,,,,9,43,14,,95
2017-09-28 11:00:00,15,19,,88,110,,,,19,57,41,,77
2017-09-28 12:00:00,31,36,,260,110,,,,12,74,276,,82
2017-09-28 13:00:00,52,31,,265,81,,,,12,297,65,,59
2017-09-28 14:00:00,49,36,,55,92,,,,13,29,18,,53
2017-09-28 15:00:00,71,40,,66,116,,,,11,62,22,,76
2017-09-28 16:00:00,78,36,,50,50,,,,7,32,50,,112
2017-09-28 17:00:00,40,20,,44,136,,,,9,58,72,,73
2017-09-28 18:00:00,9,346,,283,101,,,,11,92,83,,40
2017-09-28 19:00:00,109,39,,8,97,,,,12,112,151,,97
2017-09-28 20:00:00,97,100,,87,93,,,,11,131,,,100
2017-09-28 21:00:00,88,93,,90,82,,,,10,204,143,,64
2017-09-28 22:00:00,105,82,,91,105,,,,12,162,90,,77
2017-09-28 23:00:00,74,109,,104,94,,,,9,85,87,,68
2017-09-29 00:00:00,87,86,,95,84,,,,,94,117,,63
2017-09-29 01:00:00,61,72,,92,73,,,,,113,74,,66
2017-09-29 02:00:00,81,96,,121,78,,,,,64,34,,67
2017-09-29 03:00:00,43,69,,114,81,,,,,49,180,,93
2017-09-29 04:00:00,71,19,,58,82,,,,,31,277,,84
2017-09-29 05:00:00,78,321,,263,93,,,,,209,302,,101
2017-09-29 06:00:00,107,3,,262,104,,,,,261,268,,89
2017-09-29 07:00:00,66,255,,169,114,,,,,279,253,,85
2017-09-29 08:00:00,11,263,,104,122,,,,,293,287,,106
2017-09-29 09:00:00,129,319,,139,120,,,,,270,295,,118
2017-09-29 10:00:00,140,332,,170,134,,,,,301,46,,100
2017-09-29 11:00:00,116,39,,184,129,,,,,48,93,,106
2017-09-29 12:00:00,92,57,,167,126,,,,,112,55,,80
2017-09-29 13:00:00,118,45,,69,118,,,,,139,69,,57
2017-09-29 14:00:00,141,114,,101,115,,,,,64,147,,97
2017-09-29 15:00:00,114,140,,116,136,,,,,53,214,,69
2017-09-29 16:00:00,131,97,,128,143,,,,,154,206,,71
2017-09-29 17:00:00,134,29,,119,114,,,,,198,201,,67
2017-09-29 18:00:00,131,296,,31,114,,,,,211,214,,86
2017-09-29 19:00:00,120,225,,56,121,,,,,218,306,,74
2017-09-29 20:00:00,277,317,,122,121,,,,,258,318,,130
2017-09-29 21:00:00,18,325,,45,126,,,,,306,28,,122
2017-09-29 22:00:00,65,320,,60,124,,,,,327,62,,118
2017-09-29 23:00:00,79,358,,33,123,,,,,61,301,,114
2017-09-30 00:00:00,56,51,,45,127,,,,,115,52,,105
2017-09-30 01:00:00,85,90,,124,111,,,,,170,50,,109
2017-09-30 02:00:00,56,99,,101,102,,,,,104,275,,89
2017-09-30 03:00:00,92,113,,109,79,,,,,198,314,,69
2017-09-30 04:00:00,107,63,,121,70,,,,,264,2,,74
2017-09-30 05:00:00,,282,,90,91,,,,,325,27,,117
2017-09-30 06:00:00,,344,,327,62,,,,,351,22,,169
2017-09-30 07:00:00,,358,,240,171,,,,,13,22,,115
2017-09-30 08:00:00,,334,,230,103,,,,,334,263,,101
2017-09-30 09:00:00,,272,,190,101,,,,,281,273,,98
2017-09-30 10:00:00,,182,,146,99,,,,,219,218,,77
2017-09-30 11:00:00,122,147,,147,82,,,,,220,218,,76
2017-09-30 12:00:00,104,117,,140,100,,,,,209,179,,61
2017-09-30 13:00:00,78,113,,124,84,,,,,169,209,,66
2017-09-30 14:00:00,86,111,,130,90,,,,,227,224,,59
2017-09-30 15:00:00,96,113,,112,81,,,,,196,186,,55
2017-09-30 16:00:00,71,103,,108,79,,,,,147,131,,59
2017-09-30 17:00:00,93,85,,104,91,,,,,146,163,,58
2017-09-30 18:00:00,98,68,,93,95,,,,,127,185,,99
2017-09-30 19:00:00,114,2,,31,88,,,,,160,124,,76
2017-09-30 20:00:00,24,358,,55,94,,,,,155,106,,73
2017-09-30 21:00:00,64,354,,72,89,,,,,157,61,,69
2017-09-30 22:00:00,52,38,,94,88,,,,,98,36,,78
2017-09-30 23:00:00,90,82,,82,92,,,,,97,,,67
2017-10-01 00:00:00,,,,,,,,,,,308,,
2017-10-01 01:00:00,351,117,,118,83,,149,106,,267,334,,81
2017-10-01 02:00:00,63,349,,98,94,,235,138,,336,353,,102
2017-10-01 03:00:00,20,304,,11,106,,231,142,,309,56,,122
2017-10-01 04:00:00,54,21,,230,128,,2,132,,88,113,,111
2017-10-01 05:00:00,136,93,,111,131,,69,107,,86,167,,102
2017-10-01 06:00:00,88,82,,101,116,,101,109,,145,164,,103
2017-10-01 07:00:00,68,92,,104,88,,90,113,,134,112,,91
2017-10-01 08:00:00,51,71,,97,83,,61,123,,108,101,,90
2017-10-01 09:00:00,58,52,,105,80,,69,126,,105,136,,65
2017-10-01 10:00:00,74,80,,89,76,,64,107,,113,118,,55
2017-10-01 11:00:00,102,92,,86,79,,65,109,,165,126,,67
2017-10-01 12:00:00,89,91,,83,82,,87,96,,222,145,,69
2017-10-01 13:00:00,70,104,,97,77,,83,77,,155,138,,57
2017-10-01 14:00:00,84,116,,102,78,,94,69,,131,164,,58
2017-10-01 15:00:00,117,113,,104,76,,115,87,,122,184,,87
2017-10-01 16:00:00,148,115,,104,84,,112,112,,183,168,,76
2017-10-01 17:00:00,143,118,,100,86,,115,104,,192,154,,81
2017-10-01 18:00:00,150,127,,95,90,,112,130,,199,182,,80
2017-10-01 19:00:00,118,121,,98,82,,112,130,,208,276,,82
2017-10-01 20:00:00,113,115,,118,98,,195,114,,233,294,,102
2017-10-01 21:00:00,109,110,,112,139,,220,116,,241,43,,112
2017-10-01 22:00:00,75,126,,76,172,,269,106,,226,121,,125
2017-10-01 23:00:00,75,63,,53,181,,23,109,,116,140,,155
2017-10-02 00:00:00,59,70,,142,140,,53,114,,121,184,,124
2017-10-02 01:00:00,16,66,,153,132,,31,105,,169,134,,129
2017-10-02 02:00:00,356,48,,239,173,,17,123,,101,114,,152
2017-10-02 03:00:00,352,3,,238,175,,24,116,,93,53,,143
2017-10-02 04:00:00,17,347,,243,159,,24,139,,28,44,,184
2017-10-02 05:00:00,9,10,,239,97,,13,244,,6,13,,189
2017-10-02 06:00:00,40,356,,233,73,,11,255,,16,74,,177
2017-10-02 07:00:00,21,30,,76,66,,6,229,,64,159,,177
2017-10-02 08:00:00,31,24,,356,68,,29,266,,100,174,,129
2017-10-02 09:00:00,19,49,,253,73,,32,315,,133,153,,98
2017-10-02 10:00:00,,27,,227,75,,47,318,,105,157,,98
2017-10-02 11:00:00,7,76,,164,88,,48,355,,121,153,,86
2017-10-02 12:00:00,53,103,,99,83,,72,91,,130,163,,79
2017-10-02 13:00:00,78,101,,93,73,,93,88,,121,146,,65
2017-10-02 14:00:00,108,101,,94,64,,98,88,,122,139,,57
2017-10-02 15:00:00,139,105,,93,70,,108,109,,126,153,,83
2017-10-02 16:00:00,135,96,,93,77,,106,101,,130,160,,75
2017-10-02 17:00:00,114,95,,101,70,,109,94,,125,152,,70
2017-10-02 18:00:00,99,99,,93,77,,109,102,,122,91,,67
2017-10-02 19:00:00,132,91,,86,80,,88,120,,106,150,,80
2017-10-02 20:00:00,128,89,,85,79,,98,105,,148,139,,107
2017-10-02 21:00:00,113,101,,89,76,,103,102,,131,132,,100
2017-10-02 22:00:00,104,95,,83,73,,83,116,,128,134,,93
2017-10-02 23:00:00,96,98,,95,75,,93,100,,127,141,,70
2017-10-03 00:00:00,105,98,,93,72,,86,109,,126,130,,64
2017-10-03 01:00:00,87,96,,94,77,,92,133,,109,123,,73
2017-10-03 02:00:00,68,93,,96,76,,92,118,,98,112,,85
2017-10-03 03:00:00,64,93,,91,73,,82,132,,97,98,,80
2017-10-03 04:00:00,63,89,,93,77,,74,125,,95,112,,83
2017-10-03 05:00:00,77,84,,111,80,,75,122,,96,115,,74
2017-10-03 06:00:00,86,89,,94,85,,76,126,,112,114,,81
2017-10-03 07:00:00,77,82,,98,83,,74,109,,119,95,,93
2017-10-03 08:00:00,77,94,,108,74,,72,140,,113,155,,69
2017-10-03 09:00:00,56,89,,103,75,86,75,109,,132,164,,62
2017-10-03 10:00:00,62,95,,94,73,82,78,115,,136,163,,46
2017-10-03 11:00:00,78,92,,91,64,96,78,83,,150,149,,50
2017-10-03 12:00:00,74,97,,90,62,88,86,83,,124,119,,47
2017-10-03 13:00:00,64,98,,86,64,90,81,95,,108,147,,45
2017-10-03 14:00:00,88,99,,93,67,91,90,80,,108,126,,59
2017-10-03 15:00:00,88,93,,93,64,80,95,57,,101,123,,66
2017-10-03 16:00:00,88,82,,86,70,77,86,74,,95,84,,72
2017-10-03 17:00:00,95,79,,89,69,75,93,72,,87,92,,78
2017-10-03 18:00:00,103,82,,89,73,78,88,69,,100,105,,87
2017-10-03 19:00:00,96,97,,88,72,87,92,113,,123,219,,69
2017-10-03 20:00:00,91,92,,96,76,80,99,112,,207,49,,56
2017-10-03 21:00:00,47,75,,98,81,49,61,98,,57,123,,72
2017-10-03 22:00:00,93,44,,73,77,74,53,107,,105,194,,68
2017-10-03 23:00:00,96,97,,119,86,102,94,114,,166,179,,84
2017-10-04 00:00:00,71,92,,115,84,119,82,109,,157,188,,103
2017-10-04 01:00:00,343,105,,99,71,92,75,106,,173,191,,78
2017-10-04 02:00:00,105,103,,104,76,103,96,114,,189,169,,70
2017-10-04 03:00:00,94,100,,117,85,98,102,115,,173,161,,73
2017-10-04 04:00:00,49,96,,105,76,82,92,110,,127,176,,76
2017-10-04 05:00:00,88,70,,103,77,71,87,109,,151,178,,70
2017-10-04 06:00:00,88,98,,99,97,88,100,95,,146,146,,67
2017-10-04 07:00:00,77,94,,101,93,94,71,101,,130,116,,66
2017-10-04 08:00:00,46,89,,106,69,93,65,108,,112,145,,63
2017-10-04 09:00:00,50,84,,81,76,82,68,101,,117,156,,60
2017-10-04 10:00:00,56,101,,102,74,105,77,93,,146,162,,61
2017-10-04 11:00:00,66,99,,104,75,102,98,98,,151,165,,57
2017-10-04 12:00:00,109,112,,104,68,97,111,100,,140,167,,58
2017-10-04 13:00:00,64,105,,104,72,93,105,95,,141,175,,61
2017-10-04 14:00:00,73,100,,90,74,86,89,87,,120,174,,55
2017-10-04 15:00:00,85,89,,92,68,79,93,85,,117,151,,57
2017-10-04 16:00:00,91,87,,94,67,73,86,78,,105,78,,69
2017-10-04 17:00:00,92,71,,82,71,78,72,76,,69,89,,69
2017-10-04 18:00:00,89,69,,76,75,78,69,94,,90,119,,67
2017-10-04 19:00:00,93,85,,84,69,86,83,123,,107,115,,81
2017-10-04 20:00:00,93,100,,100,82,108,105,107,,122,124,,81
2017-10-04 21:00:00,127,106,,106,81,97,112,123,,120,115,,71
2017-10-04 22:00:00,113,100,,101,99,94,104,113,,101,184,,104
2017-10-04 23:00:00,80,98,,110,93,101,97,104,,136,190,,75
2017-10-05 00:00:00,100,91,,108,78,96,77,116,,166,230,,66
2017-10-05 01:00:00,118,113,,103,71,118,97,123,,197,295,,63
2017-10-05 02:00:00,81,101,,102,71,94,95,,,179,318,,64
2017-10-05 03:00:00,63,90,,104,76,100,84,114,,202,321,,72
2017-10-05 04:00:00,14,64,,139,82,45,60,218,,314,356,,90
2017-10-05 05:00:00,300,327,,261,118,305,5,236,,324,7,,120
2017-10-05 06:00:00,218,318,,259,225,298,357,230,,323,354,,119
2017-10-05 07:00:00,260,322,,278,337,255,1,237,,343,338,,86
2017-10-05 08:00:00,264,275,,224,357,300,255,256,,332,344,,124
2017-10-05 09:00:00,355,328,,271,1,56,4,293,,339,352,,24
2017-10-05 10:00:00,28,314,,106,91,57,296,292,,338,342,,94
2017-10-05 11:00:00,222,266,,47,132,251,257,276,,341,354,,331
2017-10-05 12:00:00,216,203,,85,146,122,232,325,,338,163,,26
2017-10-05 13:00:00,91,144,,116,120,118,213,93,,102,25,,109
2017-10-05 14:00:00,80,104,,119,106,113,101,97,,144,256,,103
2017-10-05 15:00:00,43,87,,107,85,66,76,123,,97,94,,86
2017-10-05 16:00:00,64,30,,104,81,78,42,125,,32,113,,75
2017-10-05 17:00:00,59,16,,130,72,50,29,106,,85,60,,75
2017-10-05 18:00:00,57,31,,74,80,20,35,115,,63,63,,71
2017-10-05 19:00:00,64,65,,82,78,54,47,118,,77,92,,71
2017-10-05 20:00:00,70,67,,99,78,89,62,122,,80,312,,67
2017-10-05 21:00:00,70,89,,101,77,97,70,113,,174,305,,72
2017-10-05 22:00:00,38,68,,116,78,110,43,122,,95,111,,88
2017-10-05 23:00:00,49,47,,92,82,64,41,101,,92,105,,94
2017-10-06 00:00:00,71,80,,91,77,77,73,103,,125,135,,77
2017-10-06 01:00:00,89,95,,97,70,87,88,96,,128,209,,73
2017-10-06 02:00:00,88,111,,103,75,106,103,113,,187,262,,66
2017-10-06 03:00:00,94,109,,121,78,106,151,101,,219,18,,70
2017-10-06 04:00:00,112,326,,24,105,342,353,90,,53,52,,75
2017-10-06 05:00:00,63,326,,264,115,321,10,130,,39,26,,95
2017-10-06 06:00:00,55,323,,280,148,278,17,154,,32,313,,107
2017-10-06 07:00:00,100,355,,160,168,75,10,110,,345,336,,123
2017-10-06 08:00:00,222,347,,9,308,55,352,227,,319,43,,71
2017-10-06 09:00:00,349,50,,129,76,81,11,266,,1,145,,252
2017-10-06 10:00:00,29,89,,163,46,87,2,333,,115,181,,214
2017-10-06 11:00:00,76,94,,124,72,91,56,96,,142,142,,94
2017-10-06 12:00:00,84,115,,110,77,91,59,100,,136,183,,89
2017-10-06 13:00:00,61,79,,122,88,87,48,92,,110,55,,91
2017-10-06 14:00:00,84,7,,128,73,66,55,306,,60,95,,69
2017-10-06 15:00:00,61,26,,86,75,85,24,287,,67,109,,61
2017-10-06 16:00:00,47,42,,62,73,80,43,46,,86,85,,62
2017-10-06 17:00:00,76,86,,70,79,89,72,61,,99,101,,72
2017-10-06 18:00:00,96,95,,96,79,90,101,72,,99,104,,82
2017-10-06 19:00:00,90,98,,103,92,103,106,65,,115,175,,78
2017-10-06 20:00:00,108,104,,101,76,111,108,101,,157,264,,75
2017-10-06 21:00:00,115,114,,98,89,124,106,111,,196,310,,67
2017-10-06 22:00:00,107,97,,108,125,170,102,123,,234,310,,75
2017-10-06 23:00:00,115,128,,64,187,259,244,106,,241,339,,115
2017-10-07 00:00:00,73,8,,258,195,247,247,167,,244,44,,183
2017-10-07 01:00:00,182,18,,246,244,230,128,145,,168,14,,164
2017-10-07 02:00:00,239,13,,290,216,203,26,200,,20,325,,228
2017-10-07 03:00:00,239,27,,293,243,158,2,207,,70,335,,216
2017-10-07 04:00:00,279,,,296,223,307,12,209,,299,349,,216
2017-10-07 05:00:00,293,349,,271,47,245,14,146,,310,355,,154
2017-10-07 06:00:00,275,293,,282,125,266,287,188,,322,2,,229
2017-10-07 07:00:00,224,301,,297,236,274,249,165,,325,15,,172
2017-10-07 08:00:00,244,14,,306,185,87,245,258,,325,35,,222
2017-10-07 09:00:00,221,347,,287,75,95,245,318,,334,60,,242
2017-10-07 10:00:00,25,336,,270,127,67,240,297,,44,105,,40
2017-10-07 11:00:00,87,42,,197,36,65,1,48,,103,181,,78
2017-10-07 12:00:00,98,11,,105,55,65,27,329,,93,149,,85
2017-10-07 13:00:00,76,5,,131,65,59,59,324,,101,136,,76
2017-10-07 14:00:00,73,40,,49,78,65,46,288,,91,29,,65
2017-10-07 15:00:00,65,60,,89,78,78,58,293,,67,94,,68
2017-10-07 16:00:00,83,48,,120,75,67,47,280,,134,66,,72
2017-10-07 17:00:00,97,71,,82,74,54,75,131,,106,105,,76
2017-10-07 18:00:00,97,72,,69,76,66,71,138,,94,125,,84
2017-10-07 19:00:00,90,95,,85,83,78,101,123,,119,121,,82
2017-10-07 20:00:00,108,99,,102,87,98,103,124,,135,205,,80
2017-10-07 21:00:00,80,108,,96,99,105,107,131,,198,286,,65
2017-10-07 22:00:00,88,115,,106,104,124,103,125,,233,314,,
2017-10-07 23:00:00,120,115,,110,164,160,112,145,,253,307,,
2017-10-08 00:00:00,153,111,,102,182,151,228,196,,245,320,,130
2017-10-08 01:00:00,86,28,,57,212,258,258,124,,268,43,,176
2017-10-08 02:00:00,333,355,,192,227,238,4,162,,286,10,,241
2017-10-08 03:00:00,252,359,,263,229,257,355,177,,357,303,,232
2017-10-08 04:00:00,282,15,,291,235,273,26,208,,269,295,,263
2017-10-08 05:00:00,187,288,,316,253,253,263,220,,266,324,,218
2017-10-08 06:00:00,265,289,,263,257,283,248,179,,265,324,,199
2017-10-08 07:00:00,229,321,,289,147,253,233,153,,276,283,,248
2017-10-08 08:00:00,237,133,,297,147,44,226,100,,263,12,,264
2017-10-08 09:00:00,12,117,,305,134,57,245,96,,354,112,,276
2017-10-08 10:00:00,99,112,,93,62,107,211,92,,106,163,,54
2017-10-08 11:00:00,98,102,,105,51,107,93,104,,140,149,,75
2017-10-08 12:00:00,84,117,,121,62,97,95,120,,126,160,,70
2017-10-08 13:00:00,86,104,,110,68,95,79,123,,124,147,,67
2017-10-08 14:00:00,83,110,,109,70,97,87,116,,133,150,,59
2017-10-08 15:00:00,76,102,,104,77,86,89,105,,127,161,,60
2017-10-08 16:00:00,95,97,,98,77,82,87,112,,138,157,,49
2017-10-08 17:00:00,139,96,,91,72,89,107,114,,142,152,,62
2017-10-08 18:00:00,150,103,,94,70,98,102,127,,136,138,,70
2017-10-08 19:00:00,123,99,,92,75,101,106,115,,133,143,,69
2017-10-08 20:00:00,125,93,,92,145,85,96,144,,164,166,,81
2017-10-08 21:00:00,113,94,,86,163,109,91,104,,152,169,,122
2017-10-08 22:00:00,125,120,,107,174,132,156,125,,166,157,,130
2017-10-08 23:00:00,258,197,,67,153,274,207,132,,96,143,,167
2017-10-09 00:00:00,225,268,,259,208,262,299,202,,106,,,236
2017-10-09 01:00:00,229,6,,287,266,314,354,220,,35,,,231
2017-10-09 02:00:00,247,348,,287,290,286,10,228,,5,,,232
2017-10-09 03:00:00,276,302,,276,267,290,357,234,,343,,,234
2017-10-09 04:00:00,279,320,,296,234,280,349,233,,15,,,232
2017-10-09 05:00:00,293,325,,303,225,282,343,243,,18,,,222
2017-10-09 06:00:00,242,317,,292,218,255,357,144,,3,,,236
2017-10-09 07:00:00,278,320,,298,243,265,287,203,,353,,,212
2017-10-09 08:00:00,18,309,,270,211,334,334,246,,345,,,240
2017-10-09 09:00:00,39,316,,296,30,101,258,285,,334,,,259
2017-10-09 10:00:00,22,309,,284,331,340,247,281,,11,57,,267
2017-10-09 11:00:00,32,353,,44,324,56,80,292,,28,114,,239
2017-10-09 12:00:00,82,53,,140,319,24,90,290,,72,139,,73
2017-10-09 13:00:00,77,70,,77,322,85,94,291,,110,125,,76
2017-10-09 14:00:00,65,88,,102,75,86,108,89,,96,169,,66
2017-10-09 15:00:00,81,88,,97,78,85,121,110,,115,149,,64
2017-10-09 16:00:00,125,99,,100,76,83,116,114,,123,139,,66
2017-10-09 17:00:00,97,96,,104,78,88,132,113,,120,137,,71
2017-10-09 18:00:00,110,97,,94,83,88,126,105,,114,175,,56
2017-10-09 19:00:00,114,99,,89,70,82,129,132,,131,304,,64
2017-10-09 20:00:00,136,73,,81,138,48,101,142,,93,41,,93
2017-10-09 21:00:00,171,60,,279,173,270,43,116,,96,85,,85
2017-10-09 22:00:00,158,84,,133,114,226,112,152,,94,113,,137
2017-10-09 23:00:00,107,87,,89,195,79,107,116,,108,136,,140
2017-10-10 00:00:00,39,87,,117,127,99,90,131,,131,144,,119
2017-10-10 01:00:00,31,88,,142,131,105,81,175,,87,62,,102
2017-10-10 02:00:00,51,67,,306,136,79,77,219,,69,66,,106
2017-10-10 03:00:00,85,64,,255,98,63,78,263,,77,76,,96
2017-10-10 04:00:00,85,47,,113,98,61,72,257,,91,96,,95
2017-10-10 05:00:00,97,51,,97,100,47,78,234,,99,130,,98
2017-10-10 06:00:00,95,56,,88,85,47,74,192,,114,126,,91
2017-10-10 07:00:00,86,60,,115,87,44,92,151,,104,133,,86
2017-10-10 08:00:00,83,64,,86,89,52,90,,,108,88,,87
2017-10-10 09:00:00,77,68,,76,111,63,92,103,,90,83,,91
2017-10-10 10:00:00,71,39,,72,164,37,81,114,,93,12,,60
2017-10-10 11:00:00,24,346,,34,246,15,45,276,,343,336,,83
2017-10-10 12:00:00,113,330,,134,67,101,45,265,,317,332,,93
2017-10-10 13:00:00,105,331,,152,24,129,51,285,,323,342,,81
2017-10-10 14:00:00,95,344,,119,304,36,60,288,,334,346,,84
2017-10-10 15:00:00,61,348,,35,298,20,42,268,,335,341,,95
2017-10-10 16:00:00,88,339,,92,286,46,43,275,,327,344,,97
2017-10-10 17:00:00,111,334,,164,36,45,52,287,,334,329,,82
2017-10-10 18:00:00,100,334,,185,322,124,49,278,,322,338,,84
2017-10-10 19:00:00,147,333,,137,314,147,51,293,,333,334,,80
2017-10-10 20:00:00,140,335,,168,140,54,53,286,,323,343,,95
2017-10-10 21:00:00,135,332,,134,141,319,48,301,,328,341,,99
2017-10-10 22:00:00,128,336,,127,293,133,64,303,,328,349,,74
2017-10-10 23:00:00,103,342,,140,297,35,63,300,,333,341,,84
2017-10-11 00:00:00,48,342,,159,312,20,45,298,,327,335,,82
2017-10-11 01:00:00,84,332,,165,314,25,58,291,,322,335,,76
2017-10-11 02:00:00,117,338,,163,324,130,55,295,,320,335,,74
2017-10-11 03:00:00,134,331,,160,300,51,55,271,,321,334,,91
2017-10-11 04:00:00,147,332,,147,299,342,56,295,,320,344,,81
2017-10-11 05:00:00,147,336,,127,291,351,49,318,,331,345,,83
2017-10-11 06:00:00,,325,,112,301,331,38,304,,326,348,,90
2017-10-11 07:00:00,,324,,7,301,346,33,289,,327,353,,100
2017-10-11 08:00:00,7,306,,287,300,334,37,300,,321,346,,83
2017-10-11 09:00:00,355,319,,296,293,326,42,281,,338,346,,211
2017-10-11 10:00:00,5,332,,304,282,18,41,290,,340,333,,75
2017-10-11 11:00:00,38,344,,286,298,2,49,281,,332,349,,80
2017-10-11 12:00:00,53,349,,326,303,13,43,290,,345,353,,76
2017-10-11 13:00:00,50,359,,283,301,43,57,289,,354,349,,107
2017-10-11 14:00:00,102,358,,134,307,42,62,289,,328,339,,84
2017-10-11 15:00:00,113,345,,156,68,62,48,293,,330,347,,81
2017-10-11 16:00:00,129,339,,167,90,55,54,300,,332,346,,70
2017-10-11 17:00:00,131,356,,130,105,44,52,304,,326,2,,82
2017-10-11 18:00:00,272,321,,180,179,338,39,305,,336,350,,87
2017-10-11 19:00:00,95,11,,110,285,25,38,293,,339,351,,119
2017-10-11 20:00:00,128,29,,143,79,52,191,133,,34,38,,81
2017-10-11 21:00:00,107,355,,53,136,348,55,210,,52,166,,102
2017-10-11 22:00:00,74,50,,270,164,80,81,119,,142,244,,107
2017-10-11 23:00:00,97,142,,98,59,107,91,114,,239,276,,91
2017-10-12 00:00:00,179,154,,134,12,137,129,118,,243,108,,79
2017-10-12 01:00:00,194,184,,106,40,156,242,104,,133,79,,61
2017-10-12 02:00:00,149,43,,121,98,84,352,102,,93,15,,95
2017-10-12 03:00:00,128,43,,297,152,62,63,86,,71,331,,121
2017-10-12 04:00:00,111,340,,234,284,56,60,62,,307,351,,117
2017-10-12 05:00:00,255,277,,266,309,358,244,293,,321,44,,281
2017-10-12 06:00:00,266,297,,304,315,201,325,278,,328,7,,268
2017-10-12 07:00:00,22,39,,304,319,143,321,232,,75,351,,261
2017-10-12 08:00:00,25,15,,295,245,131,60,137,,179,5,,290
2017-10-12 09:00:00,72,26,,273,267,83,75,303,,127,279,,217
2017-10-12 10:00:00,65,56,,127,352,85,59,328,,30,51,,108
2017-10-12 11:00:00,31,33,,219,49,66,73,90,,86,116,,79
2017-10-12 12:00:00,61,56,,136,91,94,83,83,,124,158,,89
2017-10-12 13:00:00,53,80,,108,70,87,98,81,,126,162,,80
2017-10-12 14:00:00,65,89,,84,70,83,105,78,,119,149,,59
2017-10-12 15:00:00,81,102,,88,68,84,117,81,,128,151,,61
2017-10-12 16:00:00,82,95,,91,64,90,124,89,,122,134,,71
2017-10-12 17:00:00,87,100,,92,64,85,123,97,,130,111,,69
2017-10-12 18:00:00,77,91,,99,67,84,119,93,,108,104,,73
2017-10-12 19:00:00,84,78,,85,71,82,100,75,,108,96,,68
2017-10-12 20:00:00,76,94,,85,66,91,109,97,,138,129,,61
2017-10-12 21:00:00,81,98,,86,66,94,110,98,,150,162,,61
2017-10-12 22:00:00,86,99,,91,72,67,108,97,,142,153,,70
2017-10-12 23:00:00,97,96,,89,71,81,109,96,,138,134,,74
2017-10-13 00:00:00,119,93,,99,70,89,111,94,,126,89,,71
2017-10-13 01:00:00,80,77,,103,81,59,93,95,,95,69,,112
2017-10-13 02:00:00,42,68,,95,84,84,83,115,,94,93,,103
2017-10-13 03:00:00,52,60,,99,96,47,56,134,,99,129,,119
2017-10-13 04:00:00,17,27,,162,128,38,51,145,,101,334,,123
2017-10-13 05:00:00,331,357,,283,233,354,48,259,,359,11,,159
2017-10-13 06:00:00,237,7,,248,63,330,47,265,,353,350,,205
2017-10-13 07:00:00,35,358,,220,99,35,35,224,,319,19,,123
2017-10-13 08:00:00,352,344,,256,170,334,21,235,,355,11,,250
2017-10-13 09:00:00,21,354,,292,251,297,48,314,,349,32,,25
2017-10-13 10:00:00,28,344,,290,61,27,54,314,,7,112,,74
2017-10-13 11:00:00,28,80,,165,77,109,84,9,,111,150,,89
2017-10-13 12:00:00,78,92,,99,81,95,121,67,,122,147,,76
2017-10-13 13:00:00,90,97,,95,72,91,113,68,,135,134,,66
2017-10-13 14:00:00,105,99,,93,61,97,126,94,,120,146,,69
2017-10-13 15:00:00,95,97,,94,65,91,133,94,,124,150,,70
2017-10-13 16:00:00,123,99,,99,70,92,138,94,,127,153,,70
2017-10-13 17:00:00,117,101,,98,76,98,139,86,,134,91,,68
2017-10-13 18:00:00,111,87,,98,80,91,125,89,,103,110,,73
2017-10-13 19:00:00,87,75,,78,77,79,114,86,,102,128,,69
2017-10-13 20:00:00,96,108,,93,66,98,126,96,,145,116,,65
2017-10-13 21:00:00,125,109,,96,68,100,129,100,,,146,,76
2017-10-13 22:00:00,121,98,,99,67,90,118,101,,,149,,63
2017-10-13 23:00:00,123,99,,104,73,97,127,88,,,139,,57
2017-10-14 00:00:00,130,103,,101,69,108,141,91,,,130,,63
2017-10-14 01:00:00,89,93,,97,74,108,120,114,,,122,,72
2017-10-14 02:00:00,53,92,,100,84,87,107,121,,,138,,77
2017-10-14 03:00:00,50,76,,120,84,77,100,119,,,137,,89
2017-10-14 04:00:00,60,76,,110,87,73,91,145,,,145,,91
2017-10-14 05:00:00,80,89,,109,109,77,101,95,,,134,,89
2017-10-14 06:00:00,64,95,,149,95,70,75,218,,,116,,132
2017-10-14 07:00:00,86,67,,262,100,54,61,213,,,98,,150
2017-10-14 08:00:00,123,70,,269,110,50,74,109,,,302,,123
2017-10-14 09:00:00,91,93,,180,98,56,72,127,,,91,,99
2017-10-14 10:00:00,53,74,,130,85,66,70,88,,,158,,59
2017-10-14 11:00:00,82,89,,114,67,120,78,105,,,154,,51
2017-10-14 12:00:00,107,100,,92,68,90,122,96,,,149,,43
2017-10-14 13:00:00,145,97,,94,68,94,124,89,,,160,,63
2017-10-14 14:00:00,141,99,,90,68,90,126,94,,,173,,73
2017-10-14 15:00:00,118,96,,91,65,95,121,94,,,169,,66
2017-10-14 16:00:00,115,102,,94,66,92,126,67,,,165,,62
2017-10-14 17:00:00,95,100,,98,72,100,129,73,,,168,,66
2017-10-14 18:00:00,97,105,,100,72,99,137,92,,,167,,71
2017-10-14 19:00:00,140,115,,99,78,101,136,112,,,186,,71
2017-10-14 20:00:00,127,111,,104,98,109,154,107,,,184,,108
2017-10-14 21:00:00,164,110,,67,167,250,161,109,,,154,,130
2017-10-14 22:00:00,151,98,,249,179,247,349,120,,,170,,149
2017-10-14 23:00:00,73,83,,243,193,278,42,116,,,264,,154
2017-10-15 00:00:00,109,4,,299,163,282,44,102,,,330,,197
2017-10-15 01:00:00,11,321,,253,192,285,47,166,,,352,,245
2017-10-15 02:00:00,221,331,,273,231,303,20,116,,,358,,245
2017-10-15 03:00:00,250,307,,281,256,264,32,204,,,352,,236
2017-10-15 04:00:00,242,300,,305,277,288,333,219,,,351,,236
2017-10-15 05:00:00,235,288,,301,172,281,290,227,,,345,,232
2017-10-15 06:00:00,235,277,,320,223,260,276,228,,,313,,216
2017-10-15 07:00:00,233,260,,279,264,228,269,222,,,312,,215
2017-10-15 08:00:00,244,218,,301,290,211,259,194,,,342,,254
2017-10-15 09:00:00,252,177,,292,173,68,279,150,,,3,,275
2017-10-15 10:00:00,203,352,,314,327,23,51,292,,,20,,246
2017-10-15 11:00:00,340,345,,337,86,31,48,275,,,30,,14
2017-10-15 12:00:00,48,27,,41,87,53,63,284,,,21,,105
2017-10-15 13:00:00,32,47,,43,91,63,58,291,,,3,,79
2017-10-15 14:00:00,81,30,,114,103,49,79,293,,,40,,57
2017-10-15 15:00:00,33,28,,48,93,38,75,302,,,14,,62
2017-10-15 16:00:00,49,26,,58,93,25,69,300,,,15,,66
2017-10-15 17:00:00,97,61,,21,97,45,89,268,,,149,,102
2017-10-15 18:00:00,127,38,,31,92,33,80,221,,,293,,107
2017-10-15 19:00:00,102,3,,46,87,40,53,213,,,319,,107
2017-10-15 20:00:00,18,357,,33,98,350,37,264,,,318,,86
2017-10-15 21:00:00,59,347,,31,112,315,48,275,,,327,,106
2017-10-15 22:00:00,9,351,,32,115,356,53,280,,,319,,93
2017-10-15 23:00:00,53,335,,344,119,86,54,10.3000001907349,,,322,,104
2017-10-16 00:00:00,64,320,,258,69,84,48,265,,,334,,106
2017-10-16 01:00:00,71,348,,154,51,70,51,270,,,329,,101
2017-10-16 02:00:00,94,345,,142,50,113,51,251,,,325,,84
2017-10-16 03:00:00,135,332,,186,98,158,46,263,,,335,,89
2017-10-16 04:00:00,138,336,,157,26,46,88,256,,,336,,90
2017-10-16 05:00:00,97,334,,119,284,297,47,266,,,333,,84
2017-10-16 06:00:00,81,331,,23,272,316,49,262,,,333,,84
2017-10-16 07:00:00,37,328,,306,251,267,28,267,,,337,,83
2017-10-16 08:00:00,15,331,,356,241,285,7,285,,,348,,78
2017-10-16 09:00:00,322,328,,318,249,349,39,268,,,348,,97
2017-10-16 10:00:00,23,331,,357,244,359,39,292,,,355,,94
2017-10-16 11:00:00,33,328,,3,271,356,34,297,,,348,,102
2017-10-16 12:00:00,15,330,,298,265,29,40,276,,,347,,201
2017-10-16 13:00:00,333,307,,274,266,288,340,285,,,347,,292
2017-10-16 14:00:00,9,312,,263,277,265,323,294,,,359,,295
2017-10-16 15:00:00,337,318,,271,305,271,332,296,,,5,,265
2017-10-16 16:00:00,,343,,284,296,350,17,299,,,1,,134
2017-10-16 17:00:00,36,352,,53,307,25,51,305,,,360,,74
2017-10-16 18:00:00,47,355,,240,336,59,54,268,,,301,,86
2017-10-16 19:00:00,48,343,,124,152,193,48,219,,,308,,135
2017-10-16 20:00:00,64,339,,120,117,193,46,226,,,328,,114
2017-10-16 21:00:00,102,342,,212,246,93,38,224,,,337,,106
2017-10-16 22:00:00,81,290,,254,248,194,44,182,,,318,,97
2017-10-16 23:00:00,342,306,,306,277,183,88,133,,,328,,102
2017-10-17 00:00:00,169,57,,192,253,148,113,132,,,325,,148
2017-10-17 01:00:00,122,327,,136,222,152,106,209,,,309,,122
2017-10-17 02:00:00,216,293,,280,225,216,59,216,,,326,,133
2017-10-17 03:00:00,199,301,,278,229,242,354,179,,,336,,140
2017-10-17 04:00:00,224,254,,216,237,90,265,126,,,332,,198
2017-10-17 05:00:00,260,271,,309,237,306,277,165,,,339,,173
2017-10-17 06:00:00,291,268,,277,250,246,312,200,,,342,,228
2017-10-17 07:00:00,237,217,,289,238,247,269,168,,,304,,229
2017-10-17 08:00:00,233,192,,279,234,154,266,114,,,357,,235
2017-10-17 09:00:00,205,313,,305,267,90,281,84,,,25,,236
2017-10-17 10:00:00,66,7,,262,43,49,55,322,,,62,,73
2017-10-17 11:00:00,96,359,,48,40,39,54,325,,,42,,81
2017-10-17 12:00:00,61,30,,148,54,51,60,26,,,2,,73
2017-10-17 13:00:00,77,90,,130,75,67,,51,,,49,,82
2017-10-17 14:00:00,78,39,,121,74,75,72,112,,,122,,65
2017-10-17 15:00:00,71,90,,73,74,83,98,97,,,165,,68
2017-10-17 16:00:00,62,78,,70,70,69,94,71,,,158,,58
2017-10-17 17:00:00,71,87,,81,68,74,113,69,,,138,,62
2017-10-17 18:00:00,84,84,,82,69,77,110,117,,,115,,71
2017-10-17 19:00:00,85,94,,85,85,96,125,123,,,131,,72
2017-10-17 20:00:00,107,100,,93,91,132,132,137,,,211,,77
2017-10-17 21:00:00,104,104,,96,153,146,125,131,,,283,,77
2017-10-17 22:00:00,125,107,,93,160,100,131,111,,,297,,111
2017-10-17 23:00:00,62,112,,94,165,266,138,115,,,301,,140
2017-10-18 00:00:00,63,124,,106,210,219,145,101,,,314,,168
2017-10-18 01:00:00,218,161,,270,215,240,249,102,,,357,,237
2017-10-18 02:00:00,245,46,,272,229,261,272,90,,,2,,226
2017-10-18 03:00:00,229,316,,279,252,226,316,311,,,329,,243
2017-10-18 04:00:00,231,9,,272,254,238,267,172,,,337,,239
2017-10-18 05:00:00,243,339,,277,231,90,101,126,,,320,,243
2017-10-18 06:00:00,263,319,,286,217,304,292,119,,,304,,238
2017-10-18 07:00:00,233,122,,272,261,151,117,100,,,315,,250
2017-10-18 08:00:00,244,251,,275,288,130,19,256,,,14,,254
2017-10-18 09:00:00,222,16,,341,331,49,302,315,,,5,,253
2017-10-18 10:00:00,52,37,,272,75,67,59,352,,,169,,127
2017-10-18 11:00:00,92,75,,133,76,64,70,112,,,157,,88
2017-10-18 12:00:00,81,99,,137,60,84,92,106,,149,152,,66
2017-10-18 13:00:00,88,93,,100,76,76,104,111,,121,147,,67
2017-10-18 14:00:00,68,95,,102,76,87,106,106,,115,140,,75
2017-10-18 15:00:00,67,104,,87,81,79,120,101,,124,137,,68
2017-10-18 16:00:00,67,102,,88,79,95,113,98,,121,137,,66
2017-10-18 17:00:00,107,98,,93,77,101,122,100,,118,133,,56
2017-10-18 18:00:00,127,96,,92,74,94,126,101,,116,129,,84
2017-10-18 19:00:00,117,92,,87,84,89,118,117,,117,289,,77
2017-10-18 20:00:00,139,92,,94,90,203,115,121,,184,328,,93
2017-10-18 21:00:00,134,95,,100,165,248,106,111,,197,119,,142
2017-10-18 22:00:00,122,69,,106,173,255,119,102,,103,115,,132
2017-10-18 23:00:00,59,81,,152,178,245,85,100,,116,186,,135
2017-10-19 00:00:00,20,86,,128,184,3,107,113,,163,355,,150
2017-10-19 01:00:00,331,58,,108,157,98,62,146,,184,321,,121
2017-10-19 02:00:00,358,35,,210,168,81,59,27,,105,54,,166
2017-10-19 03:00:00,23,353,,299,146,342,56,121,,40,52,,114
2017-10-19 04:00:00,34,12,,251,108,328,47,244,,79,327,,159
2017-10-19 05:00:00,13,2,,236,77,87,50,284,,322,325,,96
2017-10-19 06:00:00,328,350,,251,88,324,42,250,,9,3,,93
2017-10-19 07:00:00,34,327,,250,38,275,33,252,,6,2,,107
2017-10-19 08:00:00,351,314,,269,70,298,1,275,,342,1,,209
2017-10-19 09:00:00,357,315,,265,302,319,31,305,,344,16,,250
2017-10-19 10:00:00,347,310,,285,355,18,340,306,,340,42,,186
2017-10-19 11:00:00,342,348,,271,40,35,54,312,,347,57,,133
2017-10-19 12:00:00,354,41,,190,111,77,54,314,,67,146,,83
2017-10-19 13:00:00,23,89,,84,87,92,79,315,,106,153,,77
2017-10-19 14:00:00,83,92,,74,81,84,100,28,,119,143,,57
2017-10-19 15:00:00,74,82,,95,82,80,106,45,,117,129,,67
2017-10-19 16:00:00,80,99,,98,70,89,129,58,,116,125,,62
2017-10-19 17:00:00,117,101,,93,70,92,133,86,,123,135,,72
2017-10-19 18:00:00,122,99,,96,69,98,133,95,,123,156,,78
2017-10-19 19:00:00,134,111,,97,72,103,130,112,,154,160,,73
2017-10-19 20:00:00,139,111,,99,92,120,127,109,,200,184,,113
2017-10-19 21:00:00,117,47,,98,143,276,82,100,,126,127,,119
2017-10-19 22:00:00,32,48,,125,165,246,64,110,,159,128,,125
2017-10-19 23:00:00,46,86,,101,173,345,87,111,,197,171,,119
2017-10-20 00:00:00,34,69,,81,138,42,57,155,,171,172,,108
2017-10-20 01:00:00,344,344,,272,166,309,54,162,,149,89,,147
2017-10-20 02:00:00,45,352,,245,237,329,46,239,,87,58,,220
2017-10-20 03:00:00,17,357,,194,126,34,47,253,,21,94,,155
2017-10-20 04:00:00,354,349,,252,81,301,45,236,,310,274,,202
2017-10-20 05:00:00,1,325,,274,75,292,31,238,,284,32,,204
2017-10-20 06:00:00,289,302,,273,5,324,19,267,,315,342,,231
2017-10-20 07:00:00,305,297,,274,265,32,347,271,,328,348,,209
2017-10-20 08:00:00,301,271,,277,294,355,327,276,,335,356,,267
2017-10-20 09:00:00,291,304,,277,222,336,18,300,,337,354,,266
2017-10-20 10:00:00,338,323,,234,111,294,342,307,,326,22,,267
2017-10-20 11:00:00,327,346,,353,85,49,293,313,,295,30,,50
2017-10-20 12:00:00,337,4,,211,77,96,49,310,,270,220,,96
2017-10-20 13:00:00,82,97,,167,72,66,79,273,,75,183,,81
2017-10-20 14:00:00,99,104,,130,69,101,119,119,,116,157,,72
2017-10-20 15:00:00,90,113,,102,77,94,129,122,,128,173,,68
2017-10-20 16:00:00,78,94,,81,80,85,99,115,,141,167,,66
2017-10-20 17:00:00,66,97,,78,76,83,109,124,,151,189,,62
2017-10-20 18:00:00,127,106,,85,73,95,125,142,,148,202,,75
2017-10-20 19:00:00,118,113,,89,78,131,129,112,,208,232,,79
2017-10-20 20:00:00,92,91,,90,106,162,133,116,,189,22,,95
2017-10-20 21:00:00,126,21,,308,184,282,8,119,,118,53,,168
2017-10-20 22:00:00,149,343,,263,191,226,43,107,,67,109,,234
2017-10-20 23:00:00,60,311,,152,179,185,59,117,,179,194,,163
2017-10-21 00:00:00,37,70,,111,146,145,66,102,,155,118,,124
2017-10-21 01:00:00,344,69,,116,120,95,54,124,,113,135,,138
2017-10-21 02:00:00,359,74,,278,168,81,63,115,,146,164,,136
2017-10-21 03:00:00,12,97,,89,184,96,93,197,,123,152,,128
2017-10-21 04:00:00,354,91,,87,122,68,97,193,,123,139,,115
2017-10-21 05:00:00,359,89,,124,161,56,82,235,,98,141,,251
2017-10-21 06:00:00,5,90,,236,114,57,76,229,,93,74,,238
2017-10-21 07:00:00,63,88,,201,95,89,96,229,,56,97,,251
2017-10-21 08:00:00,117,89,,238,54,63,110,98,,89,104,,256
2017-10-21 09:00:00,56,60,,218,66,45,98,91,,80,140,,262
2017-10-21 10:00:00,359,58,,277,2,45,86,73,,93,238,,260
2017-10-21 11:00:00,74,57,,281,30,64,60,291,,118,106,,77
2017-10-21 12:00:00,5,345,,275,89,53,42,286,,10,133,,66
2017-10-21 13:00:00,47,5,,150,104,39,239,299,,358,165,,77
2017-10-21 14:00:00,72,13,,157,70,64,76,307,,124,,,75
2017-10-21 15:00:00,99,96,,131,73,87,79,117,,127,,,80
2017-10-21 16:00:00,87,88,,99,73,90,106,103,,149,,,85
2017-10-21 17:00:00,86,98,,88,77,76,118,109,,166,,,78
2017-10-21 18:00:00,76,109,,107,81,97,125,123,,209,,,91
2017-10-21 19:00:00,129,157,,112,97,185,205,109,,233,,,82
2017-10-21 20:00:00,125,8,,109,131,278,222,105,,90,,,102
2017-10-21 21:00:00,123,358,,203,190,260,48,116,,142,,,142
2017-10-21 22:00:00,332,330,,230,192,221,47,187,,235,,,139
2017-10-21 23:00:00,231,332,,287,164,240,52,231,,286,,,197
2017-10-22 00:00:00,233,29,,289,250,159,77,251,,91,,,227
2017-10-22 01:00:00,193,48,,281,235,137,58,159,,119,,,188
2017-10-22 02:00:00,259,13,,265,229,255,38,205,,93,,,166
2017-10-22 03:00:00,283,20,,276,230,296,43,220,,13,,,237
2017-10-22 04:00:00,277,321,,276,254,304,33,237,,1,,,222
2017-10-22 05:00:00,293,288,,281,260,296,22,267,,333,,,244
2017-10-22 06:00:00,266,294,,267,256,306,336,257,,332,,,258
2017-10-22 07:00:00,256,292,,280,252,304,302,275,,322,,,233
2017-10-22 08:00:00,289,296,,315,229,359,13,266,,328,,,166
2017-10-22 09:00:00,221,278,,269,299,86,263,271,,317,,,258
2017-10-22 10:00:00,313,334,,304,268,347,351,293,,331,,,259
2017-10-22 11:00:00,28,307,,328,270,360,54,303,,329,,,104
2017-10-22 12:00:00,68,337,,2,294,347,54,292,,330,,,88
2017-10-22 13:00:00,25,344,,29,283,356,39,294,,339,,,81
2017-10-22 14:00:00,22,347,,26,159,1,38,307,,359,,,63
2017-10-22 15:00:00,15,348,,31,112,8,41,294,,354,,,49
2017-10-22 16:00:00,24,5,,32,91,31,59,287,,,,,50
2017-10-22 17:00:00,34,8,,38,90,36,58,304,,353,,,60
2017-10-22 18:00:00,40,2,,40,102,36,65,279,,355,,,70
2017-10-22 19:00:00,28,355,,41,106,46,57,257,,342,,,82
2017-10-22 20:00:00,40,348,,39,109,27,56,275,,320,,,106
2017-10-22 21:00:00,10,342,,332,124,348,47,274,,311,,,108
2017-10-22 22:00:00,55,331,,242,113,251,38,264,,344,,,108
2017-10-22 23:00:00,38,26,,3,113,84,60,274,,134,,,100
2017-10-23 00:00:00,38,100,,69,91,90,114,91,,147,,,100
2017-10-23 01:00:00,143,112,,95,82,99,128,128,,159,,,50
2017-10-23 02:00:00,118,99,,104,81,127,117,124,,133,,,66
2017-10-23 03:00:00,86,93,,104,70,109,117,105,,113,,,68
2017-10-23 04:00:00,78,84,,95,84,98,110,103,,115,,,62
2017-10-23 05:00:00,76,102,,153,201,99,97,124,,99,,,96
2017-10-23 06:00:00,116,98,,303,198,214,125,201,,121,,,155
2017-10-23 07:00:00,128,97,,102,231,164,143,186,,127,,,154
2017-10-23 08:00:00,102,111,,110,342,152,190,116,,148,152,,161
2017-10-23 09:00:00,28,101,,310,311,358,180,98,,150,167,,250
2017-10-23 10:00:00,102,113,,110,103,93,119,104,,154,165,,82
2017-10-23 11:00:00,123,100,,130,78,85,105,102,,158,164,,77
2017-10-23 12:00:00,89,105,,122,69,89,105,104,,145,153,,70
2017-10-23 13:00:00,60,87,,123,73,87,87,118,,137,131,,68
2017-10-23 14:00:00,57,91,,94,87,97,83,101,,144,153,,62
2017-10-23 15:00:00,68,112,,88,69,80,103,114,,140,156,,60
2017-10-23 16:00:00,69,90,,102,77,77,127,132,,146,149,,67
2017-10-23 17:00:00,60,94,,93,75,88,114,130,,134,139,,52
2017-10-23 18:00:00,75,94,,90,78,86,113,137,,125,154,,56
2017-10-23 19:00:00,87,102,,98,83,95,132,131,,125,171,,62
2017-10-23 20:00:00,105,101,,93,116,107,126,125,,201,193,,77
2017-10-23 21:00:00,114,114,,91,145,142,136,197,,114,297,,86
2017-10-23 22:00:00,163,112,,104,155,147,146,178,,161,294,,127
2017-10-23 23:00:00,212,97,,95,180,139,214,175,,216,103,,141
2017-10-24 00:00:00,110,109,,107,355,290,257,99,,181,122,,
2017-10-24 01:00:00,117,58,,253,226,333,321,177,,94,64,,
2017-10-24 02:00:00,219,55,,258,248,350,62,232,,85,68,,
2017-10-24 03:00:00,38,49,,261,88,43,71,229,,25,62,,
2017-10-24 04:00:00,84,86,,289,138,94,79,237,,83,104,,220
2017-10-24 05:00:00,80,93,,341,89,85,105,258,,178,70,,131
2017-10-24 06:00:00,97,53,,96,96,79,106,238,,108,50,,92
2017-10-24 07:00:00,95,41,,117,93,87,64,258,,88,31,,96
2017-10-24 08:00:00,91,49,,148,67,84,68,262,,57,54,,103
2017-10-24 09:00:00,89,61,,149,70,26,89,123,,71,70,,85
2017-10-24 10:00:00,50,3,,85,149,33,52,104,,68,81,,69
2017-10-24 11:00:00,10,37,,14,94,25,59,94,,94,71,,77
2017-10-24 12:00:00,11,,,35,106,21,53,63,,83,74,,53
2017-10-24 13:00:00,356,,,35,116,37,39,335,,342,1,,42
2017-10-24 14:00:00,31,,,33,114,38,49,287,,307,315,,97
2017-10-24 15:00:00,165,,,163,130,56,87,281,,298,324,,117
2017-10-24 16:00:00,224,188,,129,132,113,275,273,,318,306,,118
2017-10-24 17:00:00,222,186,,100,139,16,257,222,,297,295,,117
2017-10-24 18:00:00,249,295,,130,135,336,253,257,,283,307,,79
2017-10-24 19:00:00,214,313,,93,119,46,244,232,,300,320,,106
2017-10-24 20:00:00,196,324,,75,128,148,69,229,,309,336,,119
2017-10-24 21:00:00,168,344,,92,117,172,68,234,,315,342,,78
2017-10-24 22:00:00,149,359,,92,339,163,75,225,,323,329,,88
2017-10-24 23:00:00,142,335,,125,278,78,60,186,,304,326,,
2017-10-25 00:00:00,148,326,,103,265,59,91,218,,306,320,,
2017-10-25 01:00:00,125,297,,152,261,123,124,226,,291,309,,
2017-10-25 02:00:00,142,169,,127,249,185,190,198,,292,314,,
2017-10-25 03:00:00,187,163,,79,298,241,274,147,,283,335,,86
2017-10-25 04:00:00,242,221,,62,281,267,279,131,,278,319,,91
2017-10-25 05:00:00,270,218,,275,236,259,272,120,,286,,,220
2017-10-25 06:00:00,240,271,,276,261,244,272,117,,277,,,199
2017-10-25 07:00:00,246,289,,279,258,266,273,154,,307,,,184
2017-10-25 08:00:00,238,213,,290,262,303,269,121,,310,,,241
2017-10-25 09:00:00,203,349,,288,304,116,322,100,,38,,,262
2017-10-25 10:00:00,75,19,,250,329,52,63,101,,48,,,113
2017-10-25 11:00:00,69,109,,117,81,71,72,107,,142,,,77
2017-10-25 12:00:00,77,99,,105,70,87,93,107,,116,,,66
2017-10-25 13:00:00,74,87,,82,89,90,122,73,,125,,,56
2017-10-25 14:00:00,61,110,,78,82,71,94,110,,122,,,44
2017-10-25 15:00:00,66,97,,81,78,72,125,116,,128,,,55
2017-10-25 16:00:00,75,107,,88,78,84,108,113,,117,,,46
2017-10-25 17:00:00,99,104,,90,72,82,123,92,,116,,,73
2017-10-25 18:00:00,98,99,,91,74,85,130,101,,103,,,106
2017-10-25 19:00:00,127,96,,93,86,120,132,128,,136,,,87
2017-10-25 20:00:00,132,117,,98,129,164,177,115,,232,,,170
2017-10-25 21:00:00,198,97,,86,224,201,222,144,,243,,,177
2017-10-25 22:00:00,230,191,,260,217,148,236,207,,276,,,190
2017-10-25 23:00:00,254,178,,279,230,278,256,175,,297,,,
2017-10-26 00:00:00,228,228,,278,276,257,276,202,,131,,,234
2017-10-26 01:00:00,230,12,,283,258,219,255,214,,291,,,228
2017-10-26 02:00:00,244,319,,298,236,157,299,205,,333,,,233
2017-10-26 03:00:00,272,3,,307,277,251,303,229,,328,,,249
2017-10-26 04:00:00,309,351,,296,248,168,268,228,,334,,,232
2017-10-26 05:00:00,317,335,,263,249,213,277,239,,329,,,226
2017-10-26 06:00:00,338,107,,277,275,136,258,235,,311,,,228
2017-10-26 07:00:00,303,147,,288,266,189,271,153,,295,,,213
2017-10-26 08:00:00,254,233,,294,293,359,281,128,,244,,,213
2017-10-26 09:00:00,56,349,,323,257,73,282,109,,238,,,125
2017-10-26 10:00:00,51,90,,275,86,130,268,93,,166,,,77
2017-10-26 11:00:00,5,95,,286,50,107,141,78,,170,,,69
2017-10-26 12:00:00,69,109,,200,93,113,77,110,,178,,,74
2017-10-26 13:00:00,87,111,,129,77,114,114,101,,130,,,76
2017-10-26 14:00:00,88,108,,128,78,118,104,100,,144,,,70
2017-10-26 15:00:00,73,103,,124,70,112,100,105,,146,,,70
2017-10-26 16:00:00,54,94,,120,76,105,106,101,,137,151,,66
2017-10-26 17:00:00,67,105,,118,79,142,118,117,,147,151,,65
2017-10-26 18:00:00,109,102,,108,103,164,119,121,,134,147,,98
2017-10-26 19:00:00,124,95,,94,124,194,112,127,,168,152,,134
2017-10-26 20:00:00,172,91,,352,214,186,104,172,,150,163,,158
2017-10-26 21:00:00,274,49,,282,226,149,49,161,,117,46,,212
2017-10-26 22:00:00,253,287,,283,240,307,19,239,,16,18,,221
2017-10-26 23:00:00,261,341,,290,232,301,284,251,,343,22,,237
2017-10-27 00:00:00,312,322,,263,232,298,42,145,,305,351,,221
2017-10-27 01:00:00,251,301,,283,208,298,42,236,,308,317,,188
2017-10-27 02:00:00,282,274,,287,269,297,299,11,,292,314,,216
2017-10-27 03:00:00,223,276,,261,261,245,256,141,,261,321,,201
2017-10-27 04:00:00,233,299,,273,262,318,265,176,,258,302,,173
2017-10-27 05:00:00,294,276,,276,271,114,249,130,,249,276,,247
2017-10-27 06:00:00,265,349,,284,249,140,323,205,,279,332,,284
2017-10-27 07:00:00,294,225,,285,245,159,254,143,,274,320,,244
2017-10-27 08:00:00,333,29,,290,244,124,360,108,,284,338,,200
2017-10-27 09:00:00,41,337,,256,89,71,42,278,,331,336,,109
2017-10-27 10:00:00,75,342,,105,255,12,36,271,,340,345,,89
2017-10-27 11:00:00,38,344,,43,287,10,40,281,,354,353,,99
2017-10-27 12:00:00,31,347,,35,281,12,40,287,,352,,,95
2017-10-27 13:00:00,30,347,,37,301,12,40,,,354,351,,87
2017-10-27 14:00:00,27,6,,42,86,19,47,291,,357,346,,75
2017-10-27 15:00:00,62,357,,38,86,25,60,286,,354,357,,88
2017-10-27 16:00:00,43,2,,40,86,31,52,280,,353,348,,92
2017-10-27 17:00:00,59,6,,42,91,23,60,285,,352,344,,81
2017-10-27 18:00:00,72,4,,37,91,24,66,281,,338,320,,86
2017-10-27 19:00:00,55,351,,39,86,90,62,273,,318,329,,86
2017-10-27 20:00:00,66,349,,98,89,106,56,270,,319,326,,84
2017-10-27 21:00:00,74,356,,295,52,111,60,274,,325,331,,75
2017-10-27 22:00:00,83,347,,155,68,75,76,287,,321,340,,80
2017-10-27 23:00:00,73,343,,159,116,343,49,294,,328,339,,80
2017-10-28 00:00:00,84,351,,202,98,187,46,285,,343,354,,88
2017-10-28 01:00:00,113,352,,191,100,91,44,265,,333,315,,92
2017-10-28 02:00:00,111,337,,231,111,106,49,259,,308,311,,97
2017-10-28 03:00:00,113,353,,13,114,106,69,261,,293,34,,97
2017-10-28 04:00:00,77,342,,84,93,101,68,268,,325,19,,93
2017-10-28 05:00:00,11,332,,220,95,108,42,281,,350,286,,85
2017-10-28 06:00:00,17,315,,45,98,120,36,297,,279,302,,88
2017-10-28 07:00:00,26,340,,50,96,97,44,280,,301,340,,90
2017-10-28 08:00:00,71,345,,65,70,70,48,275,,301,8,,90
2017-10-28 09:00:00,90,351,,253,76,28,49,296,,326,352,,84
2017-10-28 10:00:00,78,341,,286,55,25,40,299,,349,348,,93
2017-10-28 11:00:00,52,321,,293,39,355,57,307,,343,350,,80
2017-10-28 12:00:00,1,336,,261,315,96,49,307,,333,1,,67
2017-10-28 13:00:00,33,353,,192,70,90,44,304,,351,352,,53
2017-10-28 14:00:00,29,40,,174,75,35,84,,,11,5,,54
2017-10-28 15:00:00,54,39,,62,85,57,80,282,,39,31,,52
2017-10-28 16:00:00,87,63,,59,81,81,79,100,,22,59,,63
2017-10-28 17:00:00,82,44,,75,78,45,85,102,,84,112,,66
2017-10-28 18:00:00,96,26,,60,79,41,77,119,,115,92,,81
2017-10-28 19:00:00,89,81,,56,102,331,97,125,,113,179,,79
2017-10-28 20:00:00,73,92,,96,122,29,89,123,,189,272,,56
2017-10-28 21:00:00,110,95,,67,172,319,92,130,,200,231,,62
2017-10-28 22:00:00,126,103,,68,168,319,115,128,,196,213,,57
2017-10-28 23:00:00,136,112,,97,176,280,199,130,,198,294,,57
2017-10-29 00:00:00,136,124,,118,192,282,250,124,,202,300,,65
2017-10-29 01:00:00,134,118,,102,218,265,202,130,,211,306,,135
2017-10-29 02:00:00,171,124,,98,229,260,241,124,,242,355,,229
2017-10-29 03:00:00,219,77,,75,238,269,202,113,,251,19,,209
2017-10-29 04:00:00,217,354,,279,237,298,86,168,,1,314,,190
2017-10-29 05:00:00,233,314,,285,231,290,43,149,,335,328,,220
2017-10-29 06:00:00,236,322,,288,237,310,48,231,,315,316,,234
2017-10-29 07:00:00,227,296,,297,216,147,82,204,,315,311,,238
2017-10-29 08:00:00,226,9,,270,282,104,47,105,,303,358,,237
2017-10-29 09:00:00,244,334,,309,44,,317,93,,337,147,,255
2017-10-29 10:00:00,75,58,,135,358,76,93,94,,108,176,,91
2017-10-29 11:00:00,75,103,,167,67,83,36,108,,135,169,,55
2017-10-29 12:00:00,51,88,,153,25,71,67,97,,146,143,,69
2017-10-29 13:00:00,70,115,,144,78,97,93,95,,124,128,,74
2017-10-29 14:00:00,94,99,,120,66,100,88,96,,128,138,,63
2017-10-29 15:00:00,71,87,,104,78,84,96,102,,123,146,,58
2017-10-29 16:00:00,72,97,,89,79,95,104,117,,124,160,,53
2017-10-29 17:00:00,61,101,,102,85,107,108,132,,136,145,,57
2017-10-29 18:00:00,106,101,,96,92,144,126,145,,129,139,,77
2017-10-29 19:00:00,145,104,,93,156,147,138,127,,155,169,,135
2017-10-29 20:00:00,134,94,,96,177,157,123,135,,195,277,,140
2017-10-29 21:00:00,205,96,,112,216,179,114,103,,245,308,,190
2017-10-29 22:00:00,205,101,,278,250,220,266,204,,250,321,,208
2017-10-29 23:00:00,231,100,,288,234,258,34,144,,268,343,,225
2017-10-30 00:00:00,237,348,,282,227,226,331,241,,316,320,,216
2017-10-30 01:00:00,241,326,,283,226,267,289,220,,301,341,,240
2017-10-30 02:00:00,248,329,,287,236,283,275,235,,307,352,,239
2017-10-30 03:00:00,236,297,,295,243,290,267,233,,322,2,,229
2017-10-30 04:00:00,290,302,,304,252,271,271,233,,323,356,,233
2017-10-30 05:00:00,292,168,,306,251,230,266,272,,327,336,,229
2017-10-30 06:00:00,348,137,,309,242,258,285,116,,321,230,,178
2017-10-30 07:00:00,329,124,,290,251,256,272,101,,292,202,,233
2017-10-30 08:00:00,294,301,,284,265,240,285,143,,271,213,,217
2017-10-30 09:00:00,77,7,,285,343,72,335,91,,313,228,,239
2017-10-30 10:00:00,68,70,,283,338,91,277,353,,224,194,,210
2017-10-30 11:00:00,48,51,,229,314,86,45,327,,157,109,,112
2017-10-30 12:00:00,41,99,,151,56,99,77,331,,158,155,,67
2017-10-30 13:00:00,76,107,,133,38,113,92,70,,140,163,,71
2017-10-30 14:00:00,73,103,,144,80,114,114,107,,132,150,,76
2017-10-30 15:00:00,59,97,,135,76,103,103,105,,134,151,,69
2017-10-30 16:00:00,53,99,,108,82,96,114,108,,136,140,,64
2017-10-30 17:00:00,62,95,,98,84,99,118,,,147,136,,64
2017-10-30 18:00:00,90,98,,100,88,125,122,113,,120,139,,61
2017-10-30 19:00:00,86,94,,93,132,168,106,129,,159,165,,72
2017-10-30 20:00:00,79,96,,94,171,169,108,102,,187,185,,118
2017-10-30 21:00:00,113,119,,111,166,160,187,116,,184,178,,142
2017-10-30 22:00:00,200,300,,272,171,273,276,98,,169,154,,180
2017-10-30 23:00:00,232,340,,259,185,268,26,104,,103,79,,248
2017-10-31 00:00:00,243,331,,272,226,301,35,250,,39,51,,232
2017-10-31 01:00:00,354,336,,266,73,274,47,233,,62,54,,212
2017-10-31 02:00:00,307,347,,291,16,306,51,265,,307,14,,124
2017-10-31 03:00:00,315,314,,253,89,272,46,274,,323,344,,175
2017-10-31 04:00:00,3,302,,249,286,253,29,289,,318,328,,188
2017-10-31 05:00:00,273,291,,296,193,228,302,277,,319,1,,218
2017-10-31 06:00:00,238,267,,330,236,246,283,267,,324,355,,224
2017-10-31 07:00:00,240,238,,257,232,239,255,267,,322,334,,234
2017-10-31 08:00:00,247,237,,287,247,235,263,156,,345,8,,241
2017-10-31 09:00:00,238,333,,319,17,308,286,273,,329,28,,246
2017-10-31 10:00:00,306,328,,339,75,2,17,304,,345,112,,251
2017-10-31 11:00:00,59,5,,295,61,41,45,312,,37,147,,98
2017-10-31 12:00:00,35,46,,65,85,74,69,314,,44,161,,84
2017-10-31 13:00:00,27,52,,72,79,91,64,296,,104,130,,71
2017-10-31 14:00:00,41,75,,65,80,68,74,18,,123,128,,60
2017-10-31 15:00:00,75,100,,80,83,85,119,59,,115,74,,67
2017-10-31 16:00:00,123,89,,90,76,88,121,112,,101,84,,65
2017-10-31 17:00:00,91,80,,90,78,77,113,104,,96,100,,70
2017-10-31 18:00:00,72,66,,87,68,66,98,97,,110,239,,66
2017-10-31 19:00:00,69,75,,84,64,54,104,93,,128,315,,73
2017-10-31 20:00:00,69,30,,116,74,298,81,133,,195,243,,89
2017-10-31 21:00:00,45,334,,131,104,172,45,112,,196,203,,89
2017-10-31 22:00:00,25,344,,179,137,42,50,113,,196,182,,82
2017-10-31 23:00:00,21,324,,122,,332,50,110,,167,,,97
2017-11-01 00:00:00,,,,,,,,,,,167,,
2017-11-01 01:00:00,56,303,,204,88,354,57,104,,146,179,,123
2017-11-01 02:00:00,22,338,,261,96,315,47,103,,131,191,,142
2017-11-01 03:00:00,279,341,,276,346,319,41,123,,113,228,,219
2017-11-01 04:00:00,224,294,,292,261,324,55,150,,121,215,,238
2017-11-01 05:00:00,246,294,,278,239,76,257,199,,211,169,,197
2017-11-01 06:00:00,263,322,,292,264,262,42,155,,211,109,,207
2017-11-01 07:00:00,229,307,,301,260,284,328,181,,265,65,,236
2017-11-01 08:00:00,205,312,,260,290,141,327,112,,27,149,,253
2017-11-01 09:00:00,72,20,,177,138,119,50,96,,91,132,,40
2017-11-01 10:00:00,28,74,,171,30,91,60,1,,75,167,,80
2017-11-01 11:00:00,27,76,,39,120,85,87,323,,117,181,,85
2017-11-01 12:00:00,86,95,,137,67,93,98,345,,157,157,,72
2017-11-01 13:00:00,88,97,,125,77,100,105,115,,132,181,,80
2017-11-01 14:00:00,87,98,,126,73,110,112,,,151,167,,75
2017-11-01 15:00:00,77,97,,124,71,112,117,115,,138,166,,71
2017-11-01 16:00:00,,99,,112,75,100,108,113,,133,157,,70
2017-11-01 17:00:00,,98,,88,77,96,102,106,,137,129,,79
2017-11-01 18:00:00,,94,,98,81,104,107,135,,120,86,,69
2017-11-01 19:00:00,,65,,111,119,99,103,134,,99,30,,86
2017-11-01 20:00:00,,9,,99,144,116,65,136,,162,341,,102
2017-11-01 21:00:00,,345,,15,171,185,69,87,,162,308,,120
2017-11-01 22:00:00,,3,,279,59,298,47,144,,289,358,,187
2017-11-01 23:00:00,,344,,264,162,247,341,234,,296,16,,218
2017-11-02 00:00:00,,309,,289,236,264,292,221,,317,1,,243
2017-11-02 01:00:00,,284,,268,237,249,267,231,,323,334,,212
2017-11-02 02:00:00,,285,,286,245,233,264,237,,312,29,,234
2017-11-02 03:00:00,,326,,306,244,311,289,233,,341,6,,220
2017-11-02 04:00:00,,309,,303,241,290,277,248,,329,341,,227
2017-11-02 05:00:00,,294,,301,252,225,343,254,,338,341,,226
2017-11-02 06:00:00,,304,,286,241,305,268,242,,321,312,,195
2017-11-02 07:00:00,,295,,302,249,290,273,251,,304,320,,232
2017-11-02 08:00:00,,309,,290,260,1,245,314,,331,18,,242
2017-11-02 09:00:00,,7,,291,323,104,310,288,,342,118,,259
2017-11-02 10:00:00,,36,,298,143,86,280,334,,330,162,,242
2017-11-02 11:00:00,,17,,280,84,115,7,338,,347,149,,177
2017-11-02 12:00:00,,20,,216,278,140,36,308,,25,129,,92
2017-11-02 13:00:00,35,58,,206,300,110,79,333,,111,183,,68
2017-11-02 14:00:00,98,89,,155,87,124,82,308,,150,151,,74
2017-11-02 15:00:00,97,105,,121,83,90,102,108,,143,143,,78
2017-11-02 16:00:00,96,97,,100,86,90,133,106,,131,123,,87
2017-11-02 17:00:00,84,99,,114,98,100,135,125,,121,125,,76
2017-11-02 18:00:00,90,88,,103,104,99,133,126,,108,150,,67
2017-11-02 19:00:00,93,92,,99,100,115,125,133,,157,221,,64
2017-11-02 20:00:00,76,109,,101,141,143,133,120,,201,259,,91
2017-11-02 21:00:00,101,115,,128,169,158,225,112,,213,176,,130
2017-11-02 22:00:00,103,211,,298,192,247,226,121,,254,112,,177
2017-11-02 23:00:00,244,294,,268,192,235,252,158,,54,96,,255
2017-11-03 00:00:00,248,32,,272,247,23,80,170,,63,101,,234
2017-11-03 01:00:00,252,359,,270,283,350,47,222,,317,78,,233
2017-11-03 02:00:00,262,,,286,255,297,30,228,,82,79,,244
2017-11-03 03:00:00,282,15,,284,251,306,37,234,,260,33,,237
2017-11-03 04:00:00,258,357,,291,69,295,345,256,,13,355,,258
2017-11-03 05:00:00,250,353,,274,228,293,25,259,,348,326,,238
2017-11-03 06:00:00,272,327,,270,155,275,19,261,,322,6,,228
2017-11-03 07:00:00,323,311,,260,72,296,336,280,,325,11,,201
2017-11-03 08:00:00,278,328,,278,149,291,327,287,,348,29,,224
2017-11-03 09:00:00,261,302,,312,202,324,14,302,,350,4,,146
2017-11-03 10:00:00,5,328,,309,203,8,42,306,,2,14,,116
2017-11-03 11:00:00,20,16,,121,181,42,38,304,,30,7,,61
2017-11-03 12:00:00,46,44,,346,120,79,64,314,,39,25,,85
2017-11-03 13:00:00,72,56,,154,76,79,94,313,,47,115,,70
2017-11-03 14:00:00,87,64,,118,73,87,94,312,,71,131,,71
2017-11-03 15:00:00,77,83,,76,77,91,91,342,,117,89,,81
2017-11-03 16:00:00,71,75,,82,80,96,88,76,,104,113,,74
2017-11-03 17:00:00,84,84,,92,82,93,98,66,,94,148,,79
2017-11-03 18:00:00,80,95,,99,92,97,118,95,,112,170,,67
2017-11-03 19:00:00,84,100,,90,87,122,136,144,,126,226,,70
2017-11-03 20:00:00,78,98,,108,94,109,143,119,,221,310,,87
2017-11-03 21:00:00,94,108,,111,141,341,141,115,,223,315,,110
2017-11-03 22:00:00,128,75,,102,157,284,218,119,,165,23,,150
2017-11-03 23:00:00,94,10,,217,178,289,75,118,,84,140,,150
2017-11-04 00:00:00,36,336,,245,175,279,29,117,,176,135,,152
2017-11-04 01:00:00,4,62,,229,196,23,67,233,,152,99,,316
2017-11-04 02:00:00,15,90,,136,146,119,69,257,,199,66,,194
2017-11-04 03:00:00,360,86,,154,103,87,76,206,,94,130,,131
2017-11-04 04:00:00,25,48,,282,255,78,68,221,,112,124,,201
2017-11-04 05:00:00,84,43,,264,4,33,72,259,,171,289,,187
2017-11-04 06:00:00,11,11,,292,117,42,71,263,,287,316,,249
2017-11-04 07:00:00,248,15,,293,353,15,30,234,,12,18,,230
2017-11-04 08:00:00,231,343,,287,318,318,41,95,,4,120,,223
2017-11-04 09:00:00,229,11,,275,321,306,53,92,,78,163,,275
2017-11-04 10:00:00,234,32,,277,10,15,42,300,,106,165,,310
2017-11-04 11:00:00,53,39,,257,49,98,63,291,,92,181,,62
2017-11-04 12:00:00,69,85,,302,154,45,56,292,,101,279,,61
2017-11-04 13:00:00,51,45,,124,82,86,106,324,,66,52,,69
2017-11-04 14:00:00,60,32,,149,87,95,65,128,,85,108,,72
2017-11-04 15:00:00,80,69,,121,70,100,80,115,,111,146,,79
2017-11-04 16:00:00,75,89,,73,77,92,96,113,,123,148,,82
2017-11-04 17:00:00,62,93,,82,74,84,118,119,,126,147,,79
2017-11-04 18:00:00,67,97,,87,78,81,117,120,,122,184,,73
2017-11-04 19:00:00,106,88,,95,79,78,125,128,,218,315,,58
2017-11-04 20:00:00,117,59,,90,109,243,205,117,,225,53,,99
2017-11-04 21:00:00,115,16,,119,176,260,27,98,,95,74,,157
2017-11-04 22:00:00,104,334,,309,189,228,43,150,,157,290,,144
2017-11-04 23:00:00,104,20,,279,236,212,39,148,,190,37,,184
2017-11-05 00:00:00,237,19,,282,356,215,39,216,,346,55,,259
2017-11-05 01:00:00,317,1,,263,248,83,54,236,,5,80,,221
2017-11-05 02:00:00,289,7,,294,226,178,54,224,,68,134,,250
2017-11-05 03:00:00,335,64,,252,274,47,66,241,,134,144,,251
2017-11-05 04:00:00,29,99,,297,244,171,76,246,,120,106,,245
2017-11-05 05:00:00,183,24,,277,196,290,353,252,,75,14,,218
2017-11-05 06:00:00,246,12,,272,33,316,335,242,,80,43,,241
2017-11-05 07:00:00,233,19,,292,231,307,322,232,,37,106,,211
2017-11-05 08:00:00,241,37,,286,251,311,45,93,,62,168,,237
2017-11-05 09:00:00,241,343,,297,125,308,24,101,,140,177,,242
2017-11-05 10:00:00,329,334,,249,192,53,280,60,,130,156,,154
2017-11-05 11:00:00,107,67,,206,138,121,44,100,,156,117,,88
2017-11-05 12:00:00,98,105,,137,130,117,126,111,,143,152,,85
2017-11-05 13:00:00,99,91,,132,82,100,112,105,,145,141,,73
2017-11-05 14:00:00,92,96,,141,70,88,85,104,,131,135,,75
2017-11-05 15:00:00,91,101,,138,74,103,115,107,,139,166,,80
2017-11-05 16:00:00,58,94,,127,82,102,106,104,,140,143,,77
2017-11-05 17:00:00,58,96,,105,83,107,104,123,,147,156,,71
2017-11-05 18:00:00,70,100,,115,85,112,119,135,,132,149,,78
2017-11-05 19:00:00,57,93,,96,132,143,127,136,,165,187,,82
2017-11-05 20:00:00,64,94,,83,151,150,122,114,,184,192,,130
2017-11-05 21:00:00,175,111,,335,194,156,116,161,,202,181,,157
2017-11-05 22:00:00,209,179,,301,201,242,234,116,,177,103,,178
2017-11-05 23:00:00,239,23,,267,256,225,265,195,,98,65,,245
2017-11-06 00:00:00,253,49,,268,226,38,51,217,,59,128,,229
2017-11-06 01:00:00,277,63,,272,241,89,50,226,,124,99,,232
2017-11-06 02:00:00,280,42,,278,271,294,42,238,,63,48,,207
2017-11-06 03:00:00,11,58,,268,295,338,68,254,,35,9,,221
2017-11-06 04:00:00,358,342,,272,41,287,31,268,,326,31,,190
2017-11-06 05:00:00,244,310,,280,293,298,330,259,,348,65,,237
2017-11-06 06:00:00,266,301,,301,232,303,12,244,,358,51,,212
2017-11-06 07:00:00,285,324,,295,250,281,29,252,,33,352,,233
2017-11-06 08:00:00,220,335,,303,217,88,300,268,,47,338,,232
2017-11-06 09:00:00,17,340,,296,73,330,46,352,,35,323,,75
2017-11-06 10:00:00,11,348,,292,70,346,52,315,,34,280,,54
2017-11-06 11:00:00,34,5,,248,160,64,46,338,,24,200,,77
2017-11-06 12:00:00,75,36,,120,57,84,64,94,,146,162,,76
2017-11-06 13:00:00,80,46,,157,69,83,72,104,,136,148,,79
2017-11-06 14:00:00,79,60,,149,70,79,86,112,,121,107,,79
2017-11-06 15:00:00,73,94,,129,82,84,95,108,,113,125,,79
2017-11-06 16:00:00,69,87,,115,88,96,100,120,,118,142,,73
2017-11-06 17:00:00,63,92,,108,87,97,106,111,,121,142,,66
2017-11-06 18:00:00,85,85,,92,76,78,121,121,,120,152,,78
2017-11-06 19:00:00,96,83,,81,78,2,106,128,,153,258,,90
2017-11-06 20:00:00,112,88,,78,96,257,96,,,231,213,,98
2017-11-06 21:00:00,118,143,,117,148,243,250,,,248,183,,127
2017-11-06 22:00:00,66,357,,258,160,284,303,,,104,220,,173
2017-11-06 23:00:00,188,349,,233,260,207,46,,,214,133,,238
2017-11-07 00:00:00,226,354,,282,258,240,22,,,137,122,,261
2017-11-07 01:00:00,251,64,,287,225,10,51,,,197,58,,239
2017-11-07 02:00:00,307,64,,289,268,115,77,,,27,44,,220
2017-11-07 03:00:00,289,31,,287,139,295,60,,,20,46,,248
2017-11-07 04:00:00,258,12,,285,254,294,52,,,294,21,,250
2017-11-07 05:00:00,338,359,,277,312,300,31,,,6,317,,220
2017-11-07 06:00:00,286,316,,287,114,306,14,,,354,315,,213
2017-11-07 07:00:00,317,310,,285,230,312,319,,,319,326,,225
2017-11-07 08:00:00,347,326,,286,247,318,357,,,349,339,,203
2017-11-07 09:00:00,16,330,,323,322,326,41,,,351,358,,124
2017-11-07 10:00:00,25,317,,261,72,321,44,,,358,1,,93
2017-11-07 11:00:00,73,338,,252,67,147,51,,,20,10,,81
2017-11-07 12:00:00,38,1,,268,75,36,55,,,4,133,,88
2017-11-07 13:00:00,34,356,,258,68,89,62,,,341,142,,99
2017-11-07 14:00:00,76,52,,216,77,75,70,,,74,134,,97
2017-11-07 15:00:00,62,86,,89,76,74,87,,,105,145,,70
2017-11-07 16:00:00,63,91,,69,85,74,83,,,134,134,,70
2017-11-07 17:00:00,76,91,,87,85,86,103,,,144,70,,81
2017-11-07 18:00:00,91,101,,87,90,93,112,,,128,19,,73
2017-11-07 19:00:00,94,87,,89,80,91,107,,,138,306,,87
2017-11-07 20:00:00,81,70,,96,86,142,104,,,217,323,,106
2017-11-07 21:00:00,102,53,,120,102,244,84,,,339,316,,114
2017-11-07 22:00:00,108,107,,158,183,249,80,,,241,9,,118
2017-11-07 23:00:00,237,350,,277,182,249,58,,,327,59,,142
2017-11-08 00:00:00,352,39,,198,163,84,66,,,26,122,,128
2017-11-08 01:00:00,7,69,,165,120,87,69,,,49,48,,102
2017-11-08 02:00:00,20,69,,261,131,139,63,,,28,76,,105
2017-11-08 03:00:00,16,32,,251,183,344,57,,,68,359,,132
2017-11-08 04:00:00,43,46,,182,154,57,62,,,321,348,,110
2017-11-08 05:00:00,48,38,,196,147,57,78,,,348,13,,98
2017-11-08 06:00:00,40,19,,266,107,9,54,,,27,140,,98
2017-11-08 07:00:00,74,42,,264,95,58,56,,,72,137,,134
2017-11-08 08:00:00,108,55,,228,82,45,80,,,106,142,,107
2017-11-08 09:00:00,85,54,,123,92,48,74,,,101,69,,83
2017-11-08 10:00:00,33,31,,346,110,43,79,,,57,76,,82
2017-11-08 11:00:00,39,49,,61,118,66,74,,,70,95,,81
2017-11-08 12:00:00,69,72,,75,89,68,86,,,106,109,,67
2017-11-08 13:00:00,68,79,,93,86,97,87,,,111,143,,66
2017-11-08 14:00:00,45,357,,48,86,17,55,,,126,117,,79
2017-11-08 15:00:00,16,345,,239,96,20,45,,,52,352,,104
2017-11-08 16:00:00,40,345,,325,107,21,45,,,326,334,,100
2017-11-08 17:00:00,67,340,,16,103,16,41,,,323,335,,95
2017-11-08 18:00:00,74,330,,24,99,74,34,,,325,338,,97
2017-11-08 19:00:00,57,329,,43,60,75,39,,,328,330,,97
2017-11-08 20:00:00,85,340,,252,89,115,49,,,322,332,,90
2017-11-08 21:00:00,107,352,,182,89,67,46,,,312,325,,91
2017-11-08 22:00:00,121,349,,162,105,108,71,,,309,325,,82
2017-11-08 23:00:00,140,340,,145,99,33,83,,,316,335,,82
2017-11-09 00:00:00,107,332,,109,70,29,199,,,326,349,,43
2017-11-09 01:00:00,60,341,,98,297,40,64,,,339,354,,261
2017-11-09 02:00:00,25,352,,293,296,17,54,,,348,355,,208
2017-11-09 03:00:00,64,340,,299,283,84,62,,,336,342,,226
2017-11-09 04:00:00,82,343,,293,310,28,52,,,336,336,,76
2017-11-09 05:00:00,83,350,,238,325,46,60,,,330,343,,83
2017-11-09 06:00:00,75,343,,209,73,124,50,,,330,335,,84
2017-11-09 07:00:00,86,355,,213,71,131,61,,,330,326,,92
2017-11-09 08:00:00,112,347,,191,84,96,80,,,319,321,,92
2017-11-09 09:00:00,132,340,,143,50,69,57,,,324,336,,66
2017-11-09 10:00:00,89,345,,125,63,92,59,,,331,337,,70
2017-11-09 11:00:00,105,346,,132,65,122,53,,,329,346,,76
2017-11-09 12:00:00,28,323,,358,64,11,33,,,342,1,,109
2017-11-09 13:00:00,13,320,,178,355,315,344,,,350,7,,261
2017-11-09 14:00:00,21,357,,257,97,39,42,,,11,50,,61
2017-11-09 15:00:00,17,9,,211,71,27,50,,,22,90,,82
2017-11-09 16:00:00,73,27,,166,75,50,70,,,47,94,,82
2017-11-09 17:00:00,85,26,,111,74,50,70,,,86,137,,88
2017-11-09 18:00:00,83,34,,88,81,52,65,,,123,169,,90
2017-11-09 19:00:00,85,27,,90,75,50,79,,,147,195,,89
2017-11-09 20:00:00,62,15,,130,77,52,63,,,186,215,,82
2017-11-09 21:00:00,79,338,,233,77,44,59,,,213,180,,83
2017-11-09 22:00:00,15,320,,279,74,342,40,,,225,131,,82
2017-11-09 23:00:00,31,353,,272,54,359,49,,,119,136,,96
2017-11-10 00:00:00,26,6,,287,,30,50,,,121,119,,107
2017-11-10 01:00:00,25,357,,251,24,40,59,,,97,169,,97
2017-11-10 02:00:00,29,7,,261,76,28,59,,,125,183,,86
2017-11-10 03:00:00,41,30,,231,85,44,48,,,130,185,,92
2017-11-10 04:00:00,35,23,,261,77,21,45,,,134,201,,100
2017-11-10 05:00:00,45,1,,269,68,17,46,,,204,209,,97
2017-11-10 06:00:00,21,333,,295,46,27,54,,,196,207,,104
2017-11-10 07:00:00,31,4,,259,66,36,33,,,194,202,,76
2017-11-10 08:00:00,19,7,,267,105,50,38,,,171,170,,93
2017-11-10 09:00:00,26,360,,9,106,60,46,,,111,197,,83
2017-11-10 10:00:00,70,20,,155,82,69,50,,,112,20,,84
2017-11-10 11:00:00,79,26,,156,67,63,72,,,57,66,,93
2017-11-10 12:00:00,37,31,,196,68,54,69,,,44,60,,112
2017-11-10 13:00:00,69,26,,170,70,83,75,,,31,120,,99
2017-11-10 14:00:00,58,30,,190,69,93,77,,,95,149,,105
2017-11-10 15:00:00,78,31,,189,75,90,78,,,97,150,,102
2017-11-10 16:00:00,71,52,,199,124,75,74,,,112,157,,100
2017-11-10 17:00:00,70,58,,292,139,87,86,,,111,167,,96
2017-11-10 18:00:00,60,66,,126,125,81,86,,,125,170,,98
2017-11-10 19:00:00,73,72,,126,114,85,108,,,133,168,,107
2017-11-10 20:00:00,78,97,,133,118,108,108,,,145,169,,111
2017-11-10 21:00:00,57,98,,140,119,102,90,,,146,164,,113
2017-11-10 22:00:00,48,68,,144,116,84,83,,,134,166,,119
2017-11-10 23:00:00,41,45,,154,127,73,58,,,130,164,,113
2017-11-11 00:00:00,24,12,,174,155,57,54,97,,103,255,,112
2017-11-11 01:00:00,4,6,,268,142,14,51,34,,94,311,,120
2017-11-11 02:00:00,77,343,,300,22,357,60,309,,309,332,,110
2017-11-11 03:00:00,176,322,,279,62,351,41,308,,315,335,,78
2017-11-11 04:00:00,169,335,,95,65,30,41,306,,317,338,,225
2017-11-11 05:00:00,217,309,,94,50,20,44,296,,321,330,,151
2017-11-11 06:00:00,206,283,,103,300,87,21,287,,302,315,,108
2017-11-11 07:00:00,228,262,,36,244,4,283,287,,285,304,,152
2017-11-11 08:00:00,48,281,,238,114,333,299,279,,336,279,,243
2017-11-11 09:00:00,359,20,,249,350,92,21,288,,357,140,,89
2017-11-11 10:00:00,30,52,,126,120,99,38,68,,65,87,,89
2017-11-11 11:00:00,45,15,,125,78,141,48,300,,83,55,,69
2017-11-11 12:00:00,62,37,,131,79,98,60,307,,91,145,,67
2017-11-11 13:00:00,56,46,,128,53,107,60,303,,58,139,,75
2017-11-11 14:00:00,73,61,,145,76,137,71,274,,69,127,,75
2017-11-11 15:00:00,98,123,,126,79,135,65,127,,100,101,,80
2017-11-11 16:00:00,119,104,,141,80,119,126,106,,103,117,,111
2017-11-11 17:00:00,93,102,,113,80,95,132,105,,129,126,,123
2017-11-11 18:00:00,88,100,,117,74,94,142,104,,122,98,,103
2017-11-11 19:00:00,99,106,,121,72,132,125,109,,113,116,,83
2017-11-11 20:00:00,100,108,,119,97,138,148,120,,108,152,,91
2017-11-11 21:00:00,157,103,,113,109,150,2,109,,127,169,,100
2017-11-11 22:00:00,140,102,,83,85,121,78,107,,149,210,,115
2017-11-11 23:00:00,108,102,,135,110,107,93,119,,198,250,,99
2017-11-12 00:00:00,77,110,,130,109,114,109,107,,217,280,,82
2017-11-12 01:00:00,34,87,,142,126,94,67,177,,235,268,,165
2017-11-12 02:00:00,246,20,,334,301,234,65,208,,246,338,,158
2017-11-12 03:00:00,340,355,,313,287,255,244,283,,316,43,,267
2017-11-12 04:00:00,232,10,,262,302,326,347,310,,16,22,,282
2017-11-12 05:00:00,289,2,,271,313,268,10,229,,50,17,,236
2017-11-12 06:00:00,287,299,,242,200,227,295,223,,74,169,,262
2017-11-12 07:00:00,322,232,,292,204,224,279,235,,146,200,,240
2017-11-12 08:00:00,256,242,,328,189,231,266,246,,140,241,,235
2017-11-12 09:00:00,235,253,,303,241,249,262,270,,265,286,,227
2017-11-12 10:00:00,249,249,,281,272,220,290,278,,328,310,,297
2017-11-12 11:00:00,230,256,,328,302,146,285,298,,9,21,,235
2017-11-12 12:00:00,44,254,,300,68,77,102,305,,356,205,,81
2017-11-12 13:00:00,42,113,,137,100,118,74,303,,255,139,,86
2017-11-12 14:00:00,69,40,,174,91,101,78,116,,171,183,,76
2017-11-12 15:00:00,92,73,,101,72,84,85,120,,130,134,,80
2017-11-12 16:00:00,93,69,,83,78,73,92,135,,119,148,,89
2017-11-12 17:00:00,113,101,,86,90,94,132,124,,124,143,,85
2017-11-12 18:00:00,131,101,,107,103,110,131,129,,120,137,,88
2017-11-12 19:00:00,117,95,,99,116,93,125,107,,121,110,,86
2017-11-12 20:00:00,86,68,,104,102,62,97,174,,65,23,,104
2017-11-12 21:00:00,68,346,,135,125,66,54,217,,111,259,,108
2017-11-12 22:00:00,247,309,,263,100,316,29,206,,214,279,,116
2017-11-12 23:00:00,186,308,,251,101,281,43,186,,225,281,,113
2017-11-13 00:00:00,63,277,,163,55,177,52,89,,244,287,,97
2017-11-13 01:00:00,84,4,,218,87,124,66,137,,256,294,,107
2017-11-13 02:00:00,128,326,,152,359,100,61,231,,282,316,,100
2017-11-13 03:00:00,143,287,,192,109,232,50,260,,309,328,,100
2017-11-13 04:00:00,185,306,,96,69,309,17,249,,312,356,,63
2017-11-13 05:00:00,236,298,,97,248,241,25,121,,320,344,,18
2017-11-13 06:00:00,114,347,,96,289,107,213,104,,315,342,,233
2017-11-13 07:00:00,122,336,,139,239,8,55,89,,310,330,,236
2017-11-13 08:00:00,108,327,,51,261,155,39,95,,310,327,,143
2017-11-13 09:00:00,135,324,,92,335,224,35,283,,321,349,,77
2017-11-13 10:00:00,49,338,,209,276,51,62,310,,327,349,,236
2017-11-13 11:00:00,99,345,,147,31,77,38,283,,334,323,,114
2017-11-13 12:00:00,123,358,,132,77,105,38,276,,330,48,,105
2017-11-13 13:00:00,57,354,,143,78,100,72,306,,299,59,,89
2017-11-13 14:00:00,107,55,,106,94,84,74,151,,118,88,,96
2017-11-13 15:00:00,88,82,,107,82,103,100,115,,108,89,,81
2017-11-13 16:00:00,89,108,,108,83,106,126,112,,120,75,,78
2017-11-13 17:00:00,145,100,,100,92,105,135,113,,112,102,,90
2017-11-13 18:00:00,108,92,,99,86,100,131,118,,125,122,,86
2017-11-13 19:00:00,74,96,,112,91,97,128,123,,165,150,,86
2017-11-13 20:00:00,77,102,,117,105,101,128,126,,147,173,,96
2017-11-13 21:00:00,80,107,,112,104,108,124,133,,144,186,,104
2017-11-13 22:00:00,105,96,,90,105,102,89,117,,157,174,,103
2017-11-13 23:00:00,108,119,,100,98,108,130,105,,170,160,,98
2017-11-14 00:00:00,83,109,,109,111,103,118,105,,168,179,,100
2017-11-14 01:00:00,85,107,,110,101,108,126,108,,147,,,91
2017-11-14 02:00:00,82,117,,112,83,124,132,96,,137,,,149
2017-11-14 03:00:00,102,111,,120,68,129,115,100,,147,,,159
2017-11-14 04:00:00,176,105,,133,95,119,112,109,,126,,,213
2017-11-14 05:00:00,171,95,,115,161,115,157,178,,110,,,197
2017-11-14 06:00:00,194,100,,112,84,93,130,105,,101,,,209
2017-11-14 07:00:00,161,93,,122,95,87,139,94,,98,,,236
2017-11-14 08:00:00,234,,,107,79,81,163,108,,,,,260
2017-11-14 09:00:00,202,88,,121,121,81,101,99,,93,,,251
2017-11-14 10:00:00,61,83,,124,60,75,101,102,,107,141,,249
2017-11-14 11:00:00,64,91,,128,73,82,102,101,,93,210,,93
2017-11-14 12:00:00,81,98,,130,71,105,120,99,,127,170,,81
2017-11-14 13:00:00,62,91,,106,80,81,96,104,,152,149,,80
2017-11-14 14:00:00,57,96,,107,85,92,90,134,,112,150,,78
2017-11-14 15:00:00,77,108,,94,95,105,122,113,,137,173,,75
2017-11-14 16:00:00,100,114,,104,86,118,142,102,,137,167,,79
2017-11-14 17:00:00,96,104,,103,94,130,119,113,,145,167,,83
2017-11-14 18:00:00,136,106,,98,85,104,133,123,,149,153,,99
2017-11-14 19:00:00,91,100,,116,131,106,113,129,,179,258,,90
2017-11-14 20:00:00,47,99,,118,147,130,91,111,,232,319,,138
2017-11-14 21:00:00,62,108,,118,143,149,6,114,,243,320,,153
2017-11-14 22:00:00,213,108,,82,151,247,250,127,,294,8,,204
2017-11-14 23:00:00,227,1,,259,149,261,215,118,,271,205,,225
2017-11-15 00:00:00,223,259,,281,285,171,270,198,,180,207,,237
2017-11-15 01:00:00,243,54,,281,18,237,257,207,,125,280,,244
2017-11-15 02:00:00,241,112,,276,258,192,258,179,,128,20,,241
2017-11-15 03:00:00,242,114,,299,246,318,294,216,,238,23,,235
2017-11-15 04:00:00,234,150,,305,87,283,277,220,,28,18,,235
2017-11-15 05:00:00,248,283,,304,225,297,322,215,,6,299,,231
2017-11-15 06:00:00,232,274,,311,246,275,275,210,,352,308,,249
2017-11-15 07:00:00,247,78,,313,249,177,312,89,,283,305,,217
2017-11-15 08:00:00,325,75,,322,244,150,258,196,,316,222,,191
2017-11-15 09:00:00,62,88,,293,135,25,267,353,,329,176,,241
2017-11-15 10:00:00,63,92,,266,245,85,279,12,,20,183,,183
2017-11-15 11:00:00,48,51,,286,138,127,44,355,,105,145,,110
2017-11-15 12:00:00,77,76,,143,152,149,71,329,,160,154,,83
2017-11-15 13:00:00,95,43,,132,85,124,81,333,,143,167,,86
2017-11-15 14:00:00,91,109,,130,72,124,108,151,,176,152,,80
2017-11-15 15:00:00,81,110,,129,68,106,102,119,,142,129,,76
2017-11-15 16:00:00,80,102,,109,86,99,103,114,,120,119,,87
2017-11-15 17:00:00,85,104,,109,87,96,120,137,,128,122,,91
2017-11-15 18:00:00,86,94,,137,87,131,125,128,,109,,,97
2017-11-15 19:00:00,83,67,,125,116,97,102,155,,111,,,94
2017-11-15 20:00:00,60,99,,116,128,146,106,152,,241,,,94
2017-11-15 21:00:00,146,62,,130,155,62,110,164,,230,,,108
2017-11-15 22:00:00,330,353,,277,170,216,56,131,,257,,,112
2017-11-15 23:00:00,291,336,,258,162,258,49,179,,282,,,135
2017-11-16 00:00:00,243,345,,253,183,249,46,192,,73,,,129
2017-11-16 01:00:00,195,22,,232,262,167,67,227,,37,,,115
2017-11-16 02:00:00,184,10,,190,258,121,65,247,,313,,,112
2017-11-16 03:00:00,281,297,,232,80,296,96,252,,341,,,255
2017-11-16 04:00:00,318,319,,270,86,293,54,119,,311,,,258
2017-11-16 05:00:00,36,306,,291,61,259,29,103,,48,,,268
2017-11-16 06:00:00,336,342,,329,38,221,10,168,,6,,,269
2017-11-16 07:00:00,216,61,,344,111,216,135,101,,39,,,267
2017-11-16 08:00:00,223,350,,307,118,44,51,164,,113,,,271
2017-11-16 09:00:00,228,359,,287,33,37,47,88,,122,160,,282
2017-11-16 10:00:00,244,352,,223,133,50,53,17,,118,44,,236
2017-11-16 11:00:00,13,20,,264,78,60,58,115,,34,160,,104
2017-11-16 12:00:00,69,57,,182,78,81,66,108,,102,184,,95
2017-11-16 13:00:00,74,94,,117,95,101,96,75,,98,115,,70
2017-11-16 14:00:00,64,92,,79,84,102,107,52,,107,148,,71
2017-11-16 15:00:00,75,102,,94,80,106,125,85,,138,141,,71
2017-11-16 16:00:00,125,115,,92,80,104,130,102,,157,136,,72
2017-11-16 17:00:00,152,120,,97,86,112,131,108,,132,90,,83
2017-11-16 18:00:00,142,113,,95,69,135,131,129,,164,81,,88
2017-11-16 19:00:00,137,95,,97,87,134,111,126,,181,296,,137
2017-11-16 20:00:00,128,86,,106,110,246,107,100,,228,303,,150
2017-11-16 21:00:00,92,75,,121,168,211,107,106,,246,52,,157
2017-11-16 22:00:00,334,15,,161,175,200,56,129,,226,150,,173
2017-11-16 23:00:00,250,23,,274,194,313,54,199,,85,142,,250
2017-11-17 00:00:00,281,71,,285,287,131,63,216,,99,166,,229
2017-11-17 01:00:00,256,84,,279,298,123,65,230,,108,160,,239
2017-11-17 02:00:00,260,21,,279,210,125,46,140,,94,45,,142
2017-11-17 03:00:00,252,3,,262,240,317,41,220,,24,7,,246
2017-11-17 04:00:00,265,340,,285,235,319,22,228,,2,,,265
2017-11-17 05:00:00,282,339,,303,249,270,24,281,,262,,,242
2017-11-17 06:00:00,289,348,,272,241,332,322,252,,327,,,254
2017-11-17 07:00:00,237,314,,314,231,338,296,254,,322,,,236
2017-11-17 08:00:00,292,290,,294,188,336,293,293,,324,,,226
2017-11-17 09:00:00,303,305,,6,307,27,37,315,,321,,,17
2017-11-17 10:00:00,33,320,,332,345,56,34,305,,347,,,49
2017-11-17 11:00:00,65,337,,243,354,94,38,325,,2,,,103
2017-11-17 12:00:00,44,26,,223,35,104,69,320,,337,185,,83
2017-11-17 13:00:00,,80,,138,68,125,82,333,,56,173,,92
2017-11-17 14:00:00,,92,,127,68,121,85,78,,135,176,,76
2017-11-17 15:00:00,83,101,,124,76,99,99,108,,153,165,,82
2017-11-17 16:00:00,68,102,,126,84,94,100,109,,161,163,,81
2017-11-17 17:00:00,76,102,,121,81,116,111,137,,172,161,,83
2017-11-17 18:00:00,108,115,,97,83,167,130,131,,212,228,,105
2017-11-17 19:00:00,91,109,,94,106,202,140,108,,216,258,,148
2017-11-17 20:00:00,102,103,,121,166,217,151,105,,226,184,,155
2017-11-17 21:00:00,139,160,,291,195,222,240,101,,196,163,,228
2017-11-17 22:00:00,234,187,,211,272,325,231,96,,182,67,,244
2017-11-17 23:00:00,233,85,,272,206,233,245,209,,287,58,,232
2017-11-18 00:00:00,234,17,,290,250,183,318,228,,20,60,,237
2017-11-18 01:00:00,256,49,,290,247,275,29,235,,351,66,,244
2017-11-18 02:00:00,266,19,,274,260,305,29,243,,25,31,,236
2017-11-18 03:00:00,288,356,,289,251,288,14,257,,332,347,,220
2017-11-18 04:00:00,285,303,,307,259,300,341,275,,316,336,,230
2017-11-18 05:00:00,264,285,,292,237,305,291,263,,312,325,,236
2017-11-18 06:00:00,232,264,,285,245,286,244,242,,341,329,,226
2017-11-18 07:00:00,260,311,,268,229,156,291,300,,304,277,,247
2017-11-18 08:00:00,317,260,,277,225,126,304,160,,236,195,,254
2017-11-18 09:00:00,336,175,,280,171,134,277,119,,190,232,,261
2017-11-18 10:00:00,359,82,,307,272,119,83,338,,235,252,,269
2017-11-18 11:00:00,34,292,,4,305,69,109,295,,284,348,,249
2017-11-18 12:00:00,66,315,,316,284,60,42,293,,327,8,,254
2017-11-18 13:00:00,137,339,,254,284,351,58,309,,343,65,,293
2017-11-18 14:00:00,321,349,,276,293,15,48,307,,349,95,,279
2017-11-18 15:00:00,,352,,21,237,3,39,319,,36,154,,295
2017-11-18 16:00:00,37,5,,37,103,29,56,6,,11,292,,63
2017-11-18 17:00:00,66,9,,43,104,44,67,275,,5,319,,80
2017-11-18 18:00:00,78,,,45,111,58,67,256,,324,313,,93
2017-11-18 19:00:00,81,347,,40,113,29,54,273,,319,323,,99
2017-11-18 20:00:00,166,322,,76,108,134,203,259,,335,326,,76
2017-11-18 21:00:00,80,352,,90,92,50,100,277,,322,340,,71
2017-11-18 22:00:00,22,326,,340,100,337,33,308,,343,330,,50
2017-11-18 23:00:00,20,305,,8,104,343,10,294,,331,329,,49
2017-11-19 00:00:00,27,311,,332,110,12,3,290,,323,,,74
2017-11-19 01:00:00,63,315,,22,103,356,24,279,,314,,,95
2017-11-19 02:00:00,47,311,,19,109,298,14,278,,320,,,95
2017-11-19 03:00:00,42,349,,5,106,35,53,288,,328,,,85
2017-11-19 04:00:00,23,345,,39,98,343,41,290,,325,,,87
2017-11-19 05:00:00,35,344,,49,92,62,43,284,,317,,,96
2017-11-19 06:00:00,66,346,,162,101,126,51,268,,322,,,96
2017-11-19 07:00:00,68,342,,53,119,112,58,269,,312,,,104
2017-11-19 08:00:00,75,347,,40,100,58,49,269,,307,,,102
2017-11-19 09:00:00,53,347,,37,106,34,48,290,,312,,,101
2017-11-19 10:00:00,43,335,,40,71,39,57,297,,325,,,88
2017-11-19 11:00:00,22,9,,51,66,43,57,300,,339,,,79
2017-11-19 12:00:00,67,3,,81,76,71,63,307,,340,,,71
2017-11-19 13:00:00,83,7,,28,76,64,73,306,,11,,,65
2017-11-19 14:00:00,38,24,,74,80,55,85,296,,33,,,63
2017-11-19 15:00:00,52,35,,75,78,58,64,351,,117,,,55
2017-11-19 16:00:00,65,39,,53,80,52,86,73,,118,,,63
2017-11-19 17:00:00,70,82,,73,81,66,122,67,,122,,,60
2017-11-19 18:00:00,93,94,,96,79,84,126,73,,104,,,90
2017-11-19 19:00:00,102,96,,94,77,88,124,104,,123,,,76
2017-11-19 20:00:00,127,107,,96,77,94,132,109,,165,,,67
2017-11-19 21:00:00,117,106,,96,75,104,126,117,,189,,,58
2017-11-19 22:00:00,123,116,,99,83,109,135,122,,186,,,60
2017-11-19 23:00:00,118,105,,98,92,103,127,125,,180,,,65
2017-11-20 00:00:00,132,92,,93,111,96,115,131,,175,,,67
2017-11-20 01:00:00,127,95,,99,138,298,119,127,,125,,,70
2017-11-20 02:00:00,87,84,,91,172,260,105,123,,122,,,91
2017-11-20 03:00:00,63,52,,109,172,83,72,149,,99,,,121
2017-11-20 04:00:00,25,2,,269,159,77,61,161,,313,,,128
2017-11-20 05:00:00,52,354,,278,192,28,62,223,,321,,,119
2017-11-20 06:00:00,1,23,,288,246,13,43,236,,314,,,126
2017-11-20 07:00:00,273,343,,280,266,298,27,221,,322,,,171
2017-11-20 08:00:00,231,295,,284,234,286,339,218,,329,,,223
2017-11-20 09:00:00,255,304,,294,274,300,275,257,,336,,,250
2017-11-20 10:00:00,249,82,,296,308,59,285,309,,56,,,230
2017-11-20 11:00:00,102,86,,126,87,91,135,82,,109,,,110
2017-11-20 12:00:00,60,115,,117,74,97,130,117,,145,,,69
2017-11-20 13:00:00,78,96,,122,61,93,127,100,,143,,,61
2017-11-20 14:00:00,96,88,,140,65,99,101,92,,155,,,71
2017-11-20 15:00:00,78,105,,132,72,114,113,113,,127,165,,71
2017-11-20 16:00:00,52,106,,132,71,108,103,108,,131,140,,75
2017-11-20 17:00:00,83,97,,120,80,96,112,142,,132,134,,66
2017-11-20 18:00:00,79,98,,106,90,90,119,121,,117,110,,90
2017-11-20 19:00:00,108,97,,99,118,142,111,136,,170,127,,108
2017-11-20 20:00:00,108,108,,106,169,,111,109,,185,161,,120
2017-11-20 21:00:00,130,98,,95,222,168,135,110,,148,157,,161
2017-11-20 22:00:00,164,108,,145,218,118,120,85,,119,162,,224
2017-11-20 23:00:00,296,96,,142,239,132,90,208,,233,329,,225
2017-11-21 00:00:00,275,77,,267,233,196,57,165,,237,16,,205
2017-11-21 01:00:00,265,21,,296,254,305,29,223,,314,329,,227
2017-11-21 02:00:00,257,16,,298,243,282,29,195,,303,318,,219
2017-11-21 03:00:00,252,298,,287,234,282,340,233,,291,322,,194
2017-11-21 04:00:00,264,298,,286,246,276,278,189,,306,330,,229
2017-11-21 05:00:00,262,251,,291,258,234,267,250,,311,342,,241
2017-11-21 06:00:00,253,40,,305,236,11,271,258,,329,316,,227
2017-11-21 07:00:00,270,317,,292,256,229,16,226,,310,323,,155
2017-11-21 08:00:00,232,186,,292,258,154,273,138,,302,305,,213
2017-11-21 09:00:00,336,300,,299,288,86,346,99,,294,291,,236
2017-11-21 10:00:00,21,102,,303,319,105,245,91,,283,259,,228
2017-11-21 11:00:00,45,33,,135,323,144,23,339,,263,246,,239
2017-11-21 12:00:00,75,94,,124,317,92,167,95,,194,200,,89
2017-11-21 13:00:00,104,82,,142,302,137,97,86,,138,200,,87
2017-11-21 14:00:00,99,119,,256,292,155,111,110,,164,187,,85
2017-11-21 15:00:00,111,113,,258,291,144,142,106,,179,178,,82
2017-11-21 16:00:00,107,114,,139,295,135,143,119,,157,146,,81
2017-11-21 17:00:00,96,98,,104,293,113,108,143,,139,72,,93
2017-11-21 18:00:00,91,88,,122,88,135,106,220,,79,,,88
2017-11-21 19:00:00,337,47,,103,139,145,83,189,,204,,,102
2017-11-21 20:00:00,218,277,,135,190,239,338,195,,233,,,116
2017-11-21 21:00:00,292,337,,291,214,271,27,191,,334,,,138
2017-11-21 22:00:00,198,274,,74,227,205,320,237,,289,,,101
2017-11-21 23:00:00,61,319,,358,271,322,60,252,,327,,,96
2017-11-22 00:00:00,163,337,,307,266,336,27,280,,298,,,232
2017-11-22 01:00:00,287,338,,315,289,297,22,281,,355,,,247
2017-11-22 02:00:00,142,341,,286,277,304,33,273,,358,,,271
2017-11-22 03:00:00,145,334,,298,277,313,31,270,,348,,,266
2017-11-22 04:00:00,303,331,,286,244,298,27,286,,349,,,243
2017-11-22 05:00:00,299,327,,292,249,312,31,288,,347,,,235
2017-11-22 06:00:00,122,335,,315,249,271,32,268,,350,,,234
2017-11-22 07:00:00,196,331,,294,265,278,30,261,,346,,,243
2017-11-22 08:00:00,283,305,,254,277,278,31,267,,357,,,239
2017-11-22 09:00:00,295,302,,299,272,306,23,279,,353,,,247
2017-11-22 10:00:00,16,342,,311,272,338,44,297,,1,,,290
2017-11-22 11:00:00,7,346,,354,289,19,51,306,,3,12,,269
2017-11-22 12:00:00,14,347,,331,294,22,46,296,,360,,,287
2017-11-22 13:00:00,73,349,,325,301,52,45,295,,359,9,,273
2017-11-22 14:00:00,89,350,,320,299,349,47,295,,357,9,,61
2017-11-22 15:00:00,76,348,,355,289,356,41,296,,,13,,88
2017-11-22 16:00:00,31,356,,39,296,1,52,291,,12,20,,88
2017-11-22 17:00:00,34,8,,35,244,14,58,276,,25,26,,119
2017-11-22 18:00:00,51,19,,40,143,48,64,217,,356,,,108
2017-11-22 19:00:00,79,354,,111,136,103,53,224,,317,223,,97
2017-11-22 20:00:00,105,6,,202,105,108,87,228,,302,224,,91
2017-11-22 21:00:00,110,353,,171,91,116,101,220,,296,186,,99
2017-11-22 22:00:00,98,313,,157,202,138,73,165,,290,167,,102
2017-11-22 23:00:00,120,352,,140,282,207,106,152,,276,201,,145
2017-11-23 00:00:00,132,358,,123,234,210,113,154,,280,292,,146
2017-11-23 01:00:00,166,306,,118,221,250,84,212,,217,286,,141
2017-11-23 02:00:00,183,300,,274,238,227,48,208,,295,304,,185
2017-11-23 03:00:00,174,283,,324,229,210,37,177,,227,328,,204
2017-11-23 04:00:00,233,248,,308,229,236,298,167,,157,342,,240
2017-11-23 05:00:00,241,231,,297,232,227,272,163,,245,288,,229
2017-11-23 06:00:00,235,214,,295,250,261,264,146,,263,347,,242
2017-11-23 07:00:00,243,316,,303,256,287,281,204,,290,331,,234
2017-11-23 08:00:00,232,304,,305,223,71,277,116,,293,305,,234
2017-11-23 09:00:00,245,123,,313,347,95,262,311,,266,308,,252
2017-11-23 10:00:00,25,154,,309,39,56,253,301,,315,315,,75
2017-11-23 11:00:00,98,270,,264,306,103,231,322,,357,253,,90
2017-11-23 12:00:00,61,66,,134,134,83,67,69,,6,241,,75
2017-11-23 13:00:00,60,82,,145,70,120,81,89,,182,127,,69
2017-11-23 14:00:00,70,44,,227,77,111,89,126,,149,175,,71
2017-11-23 15:00:00,94,63,,117,62,115,88,82,,140,128,,68
2017-11-23 16:00:00,97,77,,88,74,115,85,131,,133,162,,71
2017-11-23 17:00:00,93,94,,96,87,166,121,153,,143,142,,83
2017-11-23 18:00:00,134,118,,108,119,165,139,130,,167,155,,121
2017-11-23 19:00:00,94,107,,105,199,169,164,124,,185,157,,140
2017-11-23 20:00:00,165,105,,110,226,171,241,170,,129,275,,179
2017-11-23 21:00:00,232,100,,109,224,291,174,129,,206,290,,222
2017-11-23 22:00:00,251,113,,270,232,201,93,125,,254,344,,212
2017-11-23 23:00:00,236,106,,296,222,196,82,170,,278,305,,209
2017-11-24 00:00:00,253,88,,294,237,267,294,140,,275,328,,212
2017-11-24 01:00:00,254,62,,291,243,265,319,188,,338,342,,217
2017-11-24 02:00:00,268,329,,286,220,266,2,202,,302,349,,233
2017-11-24 03:00:00,243,300,,299,255,296,279,255,,317,338,,237
2017-11-24 04:00:00,295,260,,301,234,263,274,235,,317,325,,237
2017-11-24 05:00:00,239,218,,292,246,228,215,267,,317,278,,223
2017-11-24 06:00:00,255,178,,286,217,249,257,102,,298,316,,202
2017-11-24 07:00:00,259,324,,301,253,284,2,235,,264,307,,192
2017-11-24 08:00:00,281,216,,275,258,276,235,151,,292,259,,208
2017-11-24 09:00:00,282,305,,299,268,86,265,132,,246,206,,235
2017-11-24 10:00:00,293,305,,296,358,123,280,303,,202,200,,250
2017-11-24 11:00:00,28,18,,331,307,114,6,329,,164,166,,244
2017-11-24 12:00:00,39,82,,140,305,102,60,94,,171,144,,91
2017-11-24 13:00:00,87,105,,129,336,79,102,104,,138,145,,77
2017-11-24 14:00:00,77,96,,117,60,93,95,103,,127,150,,72
2017-11-24 15:00:00,73,110,,119,79,115,105,100,,130,158,,62
2017-11-24 16:00:00,84,105,,106,74,104,120,109,,142,168,,75
2017-11-24 17:00:00,120,106,,98,82,123,129,141,,156,147,,98
2017-11-24 18:00:00,136,103,,99,132,159,134,128,,161,189,,139
2017-11-24 19:00:00,169,115,,113,191,189,223,107,,238,310,,159
2017-11-24 20:00:00,228,65,,259,217,236,210,175,,256,303,,225
2017-11-24 21:00:00,229,175,,276,234,256,216,138,,276,338,,218
2017-11-24 22:00:00,233,209,,288,235,234,259,182,,286,326,,228
2017-11-24 23:00:00,233,188,,300,243,252,262,194,,297,327,,237
2017-11-25 00:00:00,234,239,,314,196,72,272,200,,301,359,,186
2017-11-25 01:00:00,267,244,,286,215,249,262,235,,332,322,,237
2017-11-25 02:00:00,258,193,,283,244,243,254,270,,320,309,,269
2017-11-25 03:00:00,346,200,,294,259,186,256,122,,256,310,,263
2017-11-25 04:00:00,226,215,,248,278,131,269,75,,276,294,,268
2017-11-25 05:00:00,286,224,,282,311,,261,102,,276,314,,267
2017-11-25 06:00:00,259,229,,295,305,,248,187,,300,332,,256
2017-11-25 07:00:00,6,319,,280,298,,263,236,,291,309,,245
2017-11-25 08:00:00,240,348,,283,305,,270,156,,275,310,,238
2017-11-25 09:00:00,250,334,,309,302,,236,110,,297,288,,261
2017-11-25 10:00:00,274,328,,312,318,,65,93,,314,238,,256
2017-11-25 11:00:00,68,37,,358,316,,35,76,,300,223,,259
2017-11-25 12:00:00,60,325,,130,312,,74,275,,229,214,,92
2017-11-25 13:00:00,102,330,,130,306,,65,229,,205,211,,85
2017-11-25 14:00:00,99,353,,165,306,,69,310,,219,197,,86
2017-11-25 15:00:00,140,345,,25,302,,36,280,,188,232,,98
2017-11-25 16:00:00,159,353,,27,297,,36,252,,200,159,,134
2017-11-25 17:00:00,176,20,,134,297,,23,205,,150,98,,135
2017-11-25 18:00:00,264,97,,164,144,,104,,,123,71,,112
2017-11-25 19:00:00,256,89,,144,153,,81,171,,228,299,,113
2017-11-25 20:00:00,269,287,,158,162,,83,116,,248,319,,135
2017-11-25 21:00:00,278,334,,268,208,,59,75,,269,331,,151
2017-11-25 22:00:00,272,332,,235,169,,38,231,,297,304,,115
2017-11-25 23:00:00,119,327,,132,313,,46,253,,286,337,,97
2017-11-26 00:00:00,163,291,,114,265,202,55,264,,298,305,,90
2017-11-26 01:00:00,168,311,,102,250,153,191,246,,314,240,,154
2017-11-26 02:00:00,183,346,,351,231,287,232,188,,317,343,,243
2017-11-26 03:00:00,233,324,,286,275,357,271,112,,335,354,,254
2017-11-26 04:00:00,240,271,,282,245,53,322,282,,317,346,,253
2017-11-26 05:00:00,238,303,,303,12,356,316,196,,315,336,,249
2017-11-26 06:00:00,242,305,,270,226,260,341,248,,325,353,,236
2017-11-26 07:00:00,241,280,,295,259,315,259,246,,326,,,243
2017-11-26 08:00:00,249,335,,312,258,274,119,215,,331,346,,226
2017-11-26 09:00:00,109,352,,330,265,351,71,300,,325,350,,271
2017-11-26 10:00:00,94,347,,184,270,358,56,297,,341,351,,235
2017-11-26 11:00:00,66,347,,165,279,4,61,305,,348,360,,73
2017-11-26 12:00:00,53,347,,329,315,9,40,298,,332,21,,81
2017-11-26 13:00:00,42,353,,28,71,26,55,293,,1,71,,88
2017-11-26 14:00:00,27,5,,38,78,35,62,287,,30,103,,76
2017-11-26 15:00:00,71,21,,58,82,51,81,293,,74,93,,73
2017-11-26 16:00:00,72,39,,70,83,62,89,277,,87,81,,66
2017-11-26 17:00:00,84,76,,76,79,72,100,70,,84,74,,70
2017-11-26 18:00:00,112,96,,103,80,95,117,107,,94,134,,72
2017-11-26 19:00:00,115,98,,100,91,94,126,129,,141,106,,75
2017-11-26 20:00:00,100,94,,89,115,70,107,119,,185,290,,123
2017-11-26 21:00:00,85,97,,82,166,180,91,94,,196,300,,89
2017-11-26 22:00:00,91,99,,97,135,79,109,112,,193,283,,61
2017-11-26 23:00:00,92,91,,98,135,103,116,103,,143,183,,79
2017-11-27 00:00:00,86,99,,102,116,64,109,112,,153,260,,78
2017-11-27 01:00:00,65,100,,105,102,101,127,112,,185,182,,88
2017-11-27 02:00:00,49,86,,112,159,99,145,127,,153,69,,158
2017-11-27 03:00:00,93,59,,249,196,63,21,122,,87,45,,255
2017-11-27 04:00:00,121,47,,223,177,51,67,118,,77,30,,226
2017-11-27 05:00:00,81,48,,120,116,72,68,116,,69,64,,233
2017-11-27 06:00:00,224,32,,206,115,70,61,123,,89,81,,260
2017-11-27 07:00:00,214,28,,251,139,66,59,212,,108,189,,266
2017-11-27 08:00:00,226,99,,249,250,61,90,261,,212,244,,258
2017-11-27 09:00:00,230,107,,84,83,78,126,272,,195,143,,251
2017-11-27 10:00:00,319,86,,298,93,59,57,288,,145,141,,285
2017-11-27 11:00:00,6,102,,123,108,95,52,105,,121,140,,86
2017-11-27 12:00:00,73,74,,120,71,68,99,117,,120,140,,79
2017-11-27 13:00:00,68,98,,108,79,101,105,97,,131,132,,65
2017-11-27 14:00:00,82,107,,96,86,82,132,90,,138,139,,68
2017-11-27 15:00:00,105,100,,103,75,91,120,109,,151,140,,67
2017-11-27 16:00:00,152,113,,91,82,92,126,122,,112,144,,89
2017-11-27 17:00:00,156,109,,94,79,105,142,122,,123,143,,89
2017-11-27 18:00:00,155,116,,101,89,104,142,,,155,155,,75
2017-11-27 19:00:00,141,103,,125,92,103,180,,,188,149,,91
2017-11-27 20:00:00,141,102,,111,152,253,173,,,160,141,,136
2017-11-27 21:00:00,133,94,,134,162,294,222,,,121,121,,194
2017-11-27 22:00:00,121,73,,233,190,300,27,,,123,140,,241
2017-11-27 23:00:00,104,98,,94,187,121,119,,,191,140,,244
2017-11-28 00:00:00,214,94,,102,151,118,122,114,,130,107,,242
2017-11-28 01:00:00,292,108,,285,176,131,98,158,,120,75,,248
2017-11-28 02:00:00,320,90,,258,171,106,80,174,,108,76,,166
2017-11-28 03:00:00,334,58,,278,63,95,69,175,,98,76,,134
2017-11-28 04:00:00,344,85,,287,212,77,82,202,,116,301,,200
2017-11-28 05:00:00,275,78,,275,236,44,98,261,,66,346,,165
2017-11-28 06:00:00,14,69,,317,242,37,22,250,,24,357,,229
2017-11-28 07:00:00,248,5,,299,210,25,324,259,,15,19,,241
2017-11-28 08:00:00,235,332,,290,216,284,317,240,,106,41,,233
2017-11-28 09:00:00,280,314,,283,303,272,289,277,,70,16,,241
2017-11-28 10:00:00,343,277,,277,247,260,300,294,,65,121,,238
2017-11-28 11:00:00,15,342,,239,281,358,315,310,,24,40,,43
2017-11-28 12:00:00,28,25,,128,61,82,49,313,,40,72,,75
2017-11-28 13:00:00,66,72,,164,72,118,69,313,,91,178,,80
2017-11-28 14:00:00,58,29,,174,62,78,57,320,,75,184,,80
2017-11-28 15:00:00,83,107,,147,67,106,80,347,,137,172,,84
2017-11-28 16:00:00,82,86,,121,75,91,95,107,,156,176,,83
2017-11-28 17:00:00,73,94,,112,80,102,97,126,,150,197,,80
2017-11-28 18:00:00,69,102,,108,95,149,97,125,,209,285,,97
2017-11-28 19:00:00,94,83,,100,103,186,139,119,,246,324,,147
2017-11-28 20:00:00,108,340,,255,171,231,327,100,,259,338,,163
2017-11-28 21:00:00,258,347,,261,205,251,269,95,,324,307,,228
2017-11-28 22:00:00,254,310,,279,333,209,45,137,,298,31,,241
2017-11-28 23:00:00,246,310,,266,264,236,350,163,,326,322,,250
2017-11-29 00:00:00,250,355,,305,205,155,50,245,,319,352,,204
2017-11-29 01:00:00,277,338,,280,265,150,50,258,,316,13,,256
2017-11-29 02:00:00,262,338,,282,246,286,30,319,,305,356,,
2017-11-29 03:00:00,300,294,,295,264,270,17,48,,292,351,,245
2017-11-29 04:00:00,264,346,,302,271,289,290,244,,316,333,,263
2017-11-29 05:00:00,252,315,,312,311,278,282,248,,309,314,,244
2017-11-29 06:00:00,236,267,,325,241,271,275,260,,308,22,,262
2017-11-29 07:00:00,240,282,,318,3,138,262,279,,318,350,,255
2017-11-29 08:00:00,261,322,,295,177,103,277,290,,334,327,,273
2017-11-29 09:00:00,225,320,,297,190,86,15,358,,329,343,,189
2017-11-29 10:00:00,111,333,,282,98,23,47,334,,327,357,,160
2017-11-29 11:00:00,60,347,,276,62,7,42,292,,340,357,,110
2017-11-29 12:00:00,29,349,,304,63,28,52,283,,348,10,,125
2017-11-29 13:00:00,52,5,,9,96,39,54,296,,354,62,,98
2017-11-29 14:00:00,91,43,,123,94,51,62,304,,325,107,,99
2017-11-29 15:00:00,138,31,,108,102,56,83,227,,143,181,,111
2017-11-29 16:00:00,138,52,,115,106,72,92,196,,142,146,,106
2017-11-29 17:00:00,147,110,,104,102,71,154,103,,190,119,,88
2017-11-29 18:00:00,148,124,,105,90,112,139,112,,161,93,,83
2017-11-29 19:00:00,153,98,,97,105,106,133,105,,122,69,,76
2017-11-29 20:00:00,131,101,,100,96,83,122,92,,127,278,,64
2017-11-29 21:00:00,83,98,,89,106,89,97,109,,190,298,,77
2017-11-29 22:00:00,58,77,,87,153,86,75,107,,202,265,,89
2017-11-29 23:00:00,96,2,,150,159,353,24,109,,207,195,,140
2017-11-30 00:00:00,148,354,,293,183,299,263,117,,179,156,,163
2017-11-30 01:00:00,220,18,,287,201,189,224,113,,146,154,,229
2017-11-30 02:00:00,235,355,,108,210,88,124,130,,170,123,,210
2017-11-30 03:00:00,226,37,,133,179,234,61,128,,132,184,,154
2017-11-30 04:00:00,153,17,,177,219,135,197,122,,137,189,,209
2017-11-30 05:00:00,240,348,,276,239,101,321,105,,188,206,,213
2017-11-30 06:00:00,285,5,,267,218,8,250,86,,172,262,,212
2017-11-30 07:00:00,241,270,,278,224,312,270,211,,236,299,,225
2017-11-30 08:00:00,232,191,,297,278,227,237,184,,232,322,,230
2017-11-30 09:00:00,238,229,,298,215,285,274,268,,354,32,,242
2017-11-30 10:00:00,245,230,,296,300,279,297,304,,327,23,,243
2017-11-30 11:00:00,2,358,,313,339,285,288,325,,84,154,,212
2017-11-30 12:00:00,6,82,,287,165,98,36,119,,107,176,,94
2017-11-30 13:00:00,114,117,,131,71,108,102,114,,135,155,,79
2017-11-30 14:00:00,73,102,,109,74,83,118,113,,142,146,,63
2017-11-30 15:00:00,64,88,,94,80,91,105,114,,131,161,,50
2017-11-30 16:00:00,70,105,,95,79,86,117,63,,130,148,,59
2017-11-30 17:00:00,88,103,,94,78,86,122,98,,131,169,,72
2017-11-30 18:00:00,117,107,,101,86,93,134,123,,163,174,,74
2017-11-30 19:00:00,138,103,,105,90,96,127,112,,203,298,,90
2017-11-30 20:00:00,119,70,,101,87,178,105,107,,180,279,,106
2017-11-30 21:00:00,108,54,,101,94,264,125,99,,196,99,,122
2017-11-30 22:00:00,95,65,,97,160,282,71,110,,95,124,,128
2017-11-30 23:00:00,29,75,,85,143,319,82,119,,136,,,123
2017-12-01 00:00:00,,,,,,,,,,,120,,
2017-12-01 01:00:00,54,78,,95,131,94,90,122,,104,156,,126
2017-12-01 02:00:00,47,77,,104,104,127,69,120,,96,163,,107
2017-12-01 03:00:00,48,87,,333,113,111,75,109,,114,201,,113
2017-12-01 04:00:00,353,74,,202,119,90,66,93,,109,43,,109
2017-12-01 05:00:00,359,77,,244,135,49,56,224,,60,39,,216
2017-12-01 06:00:00,259,101,,192,113,340,76,239,,62,64,,243
2017-12-01 07:00:00,227,119,,173,140,59,107,232,,76,170,,263
2017-12-01 08:00:00,234,125,,98,121,119,108,172,,150,155,,250
2017-12-01 09:00:00,234,110,,98,141,139,157,120,,132,101,,264
2017-12-01 10:00:00,223,97,,123,114,113,116,198,,101,137,,249
2017-12-01 11:00:00,347,101,,219,92,98,95,252,,129,125,,114
2017-12-01 12:00:00,22,65,,243,70,85,70,357,,108,138,,77
2017-12-01 13:00:00,33,89,,128,71,163,77,54,,138,133,,80
2017-12-01 14:00:00,73,100,,89,73,104,124,104,,151,134,,77
2017-12-01 15:00:00,94,107,,89,82,109,131,119,,140,120,,87
2017-12-01 16:00:00,152,107,,101,74,108,136,117,,118,143,,80
2017-12-01 17:00:00,150,107,,97,83,110,133,127,,135,137,,84
2017-12-01 18:00:00,146,114,,93,89,96,127,127,,186,219,,95
2017-12-01 19:00:00,137,94,,97,84,155,130,124,,180,273,,129
2017-12-01 20:00:00,133,83,,133,104,262,117,103,,189,57,,134
2017-12-01 21:00:00,127,70,,147,177,271,113,110,,106,149,,138
2017-12-01 22:00:00,55,64,,253,174,270,65,112,,128,151,,155
2017-12-01 23:00:00,337,89,,91,175,331,81,110,,122,135,,221
2017-12-02 00:00:00,334,90,,94,180,95,100,114,,132,114,,168
2017-12-02 01:00:00,328,98,,304,160,134,97,128,,182,54,,231
2017-12-02 02:00:00,288,84,,291,179,102,66,166,,4,353,,248
2017-12-02 03:00:00,319,27,,275,259,28,55,206,,33,320,,206
2017-12-02 04:00:00,322,338,,259,234,283,53,257,,282,317,,235
2017-12-02 05:00:00,266,58,,301,236,55,10,272,,281,315,,209
2017-12-02 06:00:00,237,250,,282,243,295,307,238,,287,298,,213
2017-12-02 07:00:00,286,345,,267,69,295,323,196,,281,290,,218
2017-12-02 08:00:00,344,338,,308,270,295,352,184,,282,246,,222
2017-12-02 09:00:00,344,262,,263,114,239,300,305,,321,305,,226
2017-12-02 10:00:00,344,291,,279,60,312,11,316,,340,16,,222
2017-12-02 11:00:00,349,296,,264,55,236,347,314,,16,95,,78
2017-12-02 12:00:00,1,16,,238,57,129,17,313,,360,154,,81
2017-12-02 13:00:00,353,59,,189,50,68,52,312,,156,176,,91
2017-12-02 14:00:00,24,42,,136,72,90,81,314,,148,174,,81
2017-12-02 15:00:00,62,103,,76,81,124,72,351,,133,199,,77
2017-12-02 16:00:00,44,97,,85,90,59,121,109,,102,352,,73
2017-12-02 17:00:00,85,81,,97,84,74,127,79,,93,354,,100
2017-12-02 18:00:00,86,101,,80,85,91,99,129,,138,326,,99
2017-12-02 19:00:00,80,81,,99,81,266,122,138,,268,304,,113
2017-12-02 20:00:00,298,353,,205,118,237,42,127,,285,335,,141
2017-12-02 21:00:00,282,321,,261,182,227,37,166,,262,318,,133
2017-12-02 22:00:00,216,340,,294,168,257,45,205,,309,299,,117
2017-12-02 23:00:00,282,340,,274,159,254,52,240,,301,197,,219
2017-12-03 00:00:00,301,22,,235,142,122,52,231,,80,132,,102
2017-12-03 01:00:00,304,57,,286,150,123,50,184,,83,56,,116
2017-12-03 02:00:00,316,68,,256,146,295,68,179,,8,137,,233
2017-12-03 03:00:00,290,60,,271,37,258,58,191,,305,340,,246
2017-12-03 04:00:00,286,11,,254,262,59,55,256,,34,34,,220
2017-12-03 05:00:00,246,1,,282,279,322,5,238,,350,27,,239
2017-12-03 06:00:00,303,350,,280,269,279,32,239,,353,26,,245
2017-12-03 07:00:00,338,321,,265,264,322,19,260,,349,17,,223
2017-12-03 08:00:00,298,295,,286,352,298,324,273,,321,9,,216
2017-12-03 09:00:00,336,330,,301,118,288,17,272,,320,10,,197
2017-12-03 10:00:00,332,301,,274,58,301,345,295,,354,13,,107
2017-12-03 11:00:00,355,305,,,60,,,,,,32,,
2017-12-03 12:00:00,24,339,,,61,,,,,,138,,
2017-12-03 13:00:00,22,344,,241,66,135,52,318,,348,175,,78
2017-12-03 14:00:00,45,61,,180,73,,64,316,,115,184,,72
2017-12-03 15:00:00,75,90,,155,79,132,73,38,,166,194,,60
2017-12-03 16:00:00,53,113,,126,85,142,93,111,,160,45,,77
2017-12-03 17:00:00,92,99,,102,89,210,83,134,,130,25,,102
2017-12-03 18:00:00,135,91,,91,109,237,114,127,,57,324,,111
2017-12-03 19:00:00,65,62,,106,175,250,105,108,,163,302,,130
2017-12-03 20:00:00,50,31,,201,182,244,44,101,,248,312,,157
2017-12-03 21:00:00,46,296,,231,189,232,53,107,,243,193,,159
2017-12-03 22:00:00,307,58,,263,298,229,68,101,,185,118,,248
2017-12-03 23:00:00,282,16,,270,229,196,48,120,,106,164,,246
2017-12-04 00:00:00,222,46,,321,248,158,56,222,,169,37,,228
2017-12-04 01:00:00,250,114,,271,307,151,52,231,,264,329,,238
2017-12-04 02:00:00,260,31,,283,251,244,32,210,,309,319,,232
2017-12-04 03:00:00,276,349,,276,266,183,31,245,,277,328,,243
2017-12-04 04:00:00,297,347,,299,265,280,12,263,,301,339,,179
2017-12-04 05:00:00,260,302,,288,257,296,298,267,,300,331,,233
2017-12-04 06:00:00,258,299,,317,247,315,333,253,,344,355,,214
2017-12-04 07:00:00,280,305,,294,149,305,302,243,,314,345,,238
2017-12-04 08:00:00,255,309,,320,242,313,352,262,,337,354,,200
2017-12-04 09:00:00,241,319,,313,262,297,308,300,,327,317,,197
2017-12-04 10:00:00,65,313,,280,25,13,307,314,,334,340,,204
2017-12-04 11:00:00,62,325,,204,28,120,33,316,,9,19,,73
2017-12-04 12:00:00,53,341,,161,241,96,45,315,,20,114,,82
2017-12-04 13:00:00,69,35,,146,62,85,77,351,,39,194,,80
2017-12-04 14:00:00,92,32,,172,66,127,72,321,,87,185,,77
2017-12-04 15:00:00,73,48,,159,71,81,82,313,,115,205,,84
2017-12-04 16:00:00,66,65,,153,77,117,77,303,,130,191,,78
2017-12-04 17:00:00,96,91,,139,81,100,108,132,,147,231,,95
2017-12-04 18:00:00,80,105,,107,97,94,133,107,,181,291,,105
2017-12-04 19:00:00,93,97,,103,109,150,118,126,,227,318,,98
2017-12-04 20:00:00,86,86,,161,123,165,38,116,,245,322,,127
2017-12-04 21:00:00,40,341,,263,198,272,34,109,,255,340,,168
2017-12-04 22:00:00,231,316,,270,190,255,290,107,,293,2,,226
2017-12-04 23:00:00,279,348,,265,199,232,38,127,,290,175,,229
2017-12-05 00:00:00,239,304,,306,346,217,252,210,,330,151,,246
2017-12-05 01:00:00,260,20,,255,233,185,45,218,,140,304,,232
2017-12-05 02:00:00,293,1,,287,85,82,51,269,,57,22,,133
2017-12-05 03:00:00,274,,,281,230,332,36,247,,330,13,,249
2017-12-05 04:00:00,241,341,,262,245,297,42,239,,348,336,,259
2017-12-05 05:00:00,274,295,,270,234,289,335,253,,312,352,,250
2017-12-05 06:00:00,232,288,,288,269,299,326,264,,326,3,,238
2017-12-05 07:00:00,234,270,,286,248,292,294,272,,331,358,,236
2017-12-05 08:00:00,242,271,,312,257,277,282,269,,327,4,,244
2017-12-05 09:00:00,232,280,,315,107,135,277,296,,337,9,,255
2017-12-05 10:00:00,346,326,,250,221,16,276,313,,350,4,,142
2017-12-05 11:00:00,14,331,,284,1,350,39,294,,355,2,,100
2017-12-05 12:00:00,18,344,,270,16,37,51,290,,3,40,,102
2017-12-05 13:00:00,34,7,,70,78,40,53,289,,32,69,,94
2017-12-05 14:00:00,49,55,,69,85,62,72,298,,55,63,,93
2017-12-05 15:00:00,60,52,,90,96,88,74,303,,84,77,,77
2017-12-05 16:00:00,79,69,,76,92,54,88,338,,77,96,,88
2017-12-05 17:00:00,89,77,,54,85,38,75,61,,119,85,,77
2017-12-05 18:00:00,31,1,,43,86,27,54,106,,118,107,,63
2017-12-05 19:00:00,16,345,,44,85,1,50,99,,35,343,,92
2017-12-05 20:00:00,51,336,,273,89,5,56,304,,330,333,,103
2017-12-05 21:00:00,82,334,,139,98,356,43,296,,317,334,,94
2017-12-05 22:00:00,95,330,,183,75,57,32,289,,320,340,,100
2017-12-05 23:00:00,55,335,,68,65,90,40,282,,325,332,,91
2017-12-06 00:00:00,94,350,,209,80,4,49,268,,321,314,,87
2017-12-06 01:00:00,65,353,,38,95,44,56,264,,311,310,,93
2017-12-06 02:00:00,52,347,,39,78,22,48,266,,320,315,,90
2017-12-06 03:00:00,40,356,,40,88,23,37,275,,325,325,,89
2017-12-06 04:00:00,40,356,,49,86,66,60,284,,333,328,,89
2017-12-06 05:00:00,41,347,,40,78,67,61,277,,326,319,,87
2017-12-06 06:00:00,41,347,,42,77,73,56,276,,316,330,,85
2017-12-06 07:00:00,37,343,,40,76,77,56,288,,321,346,,94
2017-12-06 08:00:00,30,357,,47,81,69,54,263,,325,327,,79
2017-12-06 09:00:00,44,356,,340,79,79,57,275,,337,,,76
2017-12-06 10:00:00,52,352,,26,82,72,52,289,,333,,,74
2017-12-06 11:00:00,52,5,,23,73,42,50,291,,344,346,,80
2017-12-06 12:00:00,53,12,,331,72,78,52,293,,345,349,,78
2017-12-06 13:00:00,82,16,,29,75,58,72,296,,357,345,,82
2017-12-06 14:00:00,67,7,,34,75,39,54,297,,342,355,,83
2017-12-06 15:00:00,65,6,,57,79,53,64,300,,339,55,,70
2017-12-06 16:00:00,46,11,,64,84,65,71,288,,336,82,,72
2017-12-06 17:00:00,35,,,49,78,45,65,286,,338,90,,61
2017-12-06 18:00:00,30,353,,50,81,42,55,292,,108,89,,77
2017-12-06 19:00:00,47,357,,64,82,36,47,286,,119,161,,75
2017-12-06 20:00:00,29,,,209,80,46,48,291,,335,205,,74
2017-12-06 21:00:00,62,349,,160,73,47,51,278,,314,249,,76
2017-12-06 22:00:00,64,355,,188,78,42,56,301,,318,285,,64
2017-12-06 23:00:00,52,350,,238,84,58,47,298,,320,300,,66
2017-12-07 00:00:00,53,347,,187,76,27,43,295,,321,321,,71
2017-12-07 01:00:00,43,350,,152,77,79,56,279,,328,325,,77
2017-12-07 02:00:00,30,348,,239,24,59,51,283,,327,335,,82
2017-12-07 03:00:00,30,354,,211,93,43,57,281,,340,342,,81
2017-12-07 04:00:00,32,353,,197,71,37,51,276,,336,341,,82
2017-12-07 05:00:00,35,342,,43,71,54,49,293,,328,345,,81
2017-12-07 06:00:00,37,348,,22,84,61,44,289,,334,336,,89
2017-12-07 07:00:00,32,344,,131,69,68,45,284,,328,332,,96
2017-12-07 08:00:00,33,351,,35,72,78,49,284,,331,,,89
2017-12-07 09:00:00,43,350,,37,67,48,43,283,,337,334,,86
2017-12-07 10:00:00,51,351,,34,73,63,46,283,,334,340,,97
2017-12-07 11:00:00,38,349,,35,76,23,40,275,,336,339,,98
2017-12-07 12:00:00,36,352,,44,78,58,53,280,,340,61,,91
2017-12-07 13:00:00,42,356,,41,79,34,42,273,,338,107,,92
2017-12-07 14:00:00,35,349,,43,75,43,54,272,,338,343,,87
2017-12-07 15:00:00,45,354,,46,81,43,46,281,,327,331,,89
2017-12-07 16:00:00,48,351,,34,82,22,48,271,,338,340,,96
2017-12-07 17:00:00,26,353,,37,83,42,50,263,,335,339,,103
2017-12-07 18:00:00,23,332,,29,86,11,38,272,,327,341,,92
2017-12-07 19:00:00,27,323,,27,85,105,42,277,,323,338,,113
2017-12-07 20:00:00,54,343,,70,74,65,49,275,,327,332,,112
2017-12-07 21:00:00,89,345,,176,50,130,45,281,,318,338,,85
2017-12-07 22:00:00,120,325,,142,43,139,31,275,,309,335,,93
2017-12-07 23:00:00,165,287,,112,31,121,238,279,,318,331,,117
2017-12-08 00:00:00,114,339,,117,349,88,83,309,,310,329,,86
2017-12-08 01:00:00,118,325,,133,337,88,55,271,,323,335,,89
2017-12-08 02:00:00,126,343,,128,355,45,55,272,,321,330,,100
2017-12-08 03:00:00,67,330,,228,321,307,51,271,,334,336,,75
2017-12-08 04:00:00,152,319,,270,267,343,42,277,,324,343,,69
2017-12-08 05:00:00,219,326,,288,281,330,35,261,,337,351,,217
2017-12-08 06:00:00,287,327,,298,282,333,46,274,,344,349,,222
2017-12-08 07:00:00,151,333,,291,263,300,10,293,,345,352,,247
2017-12-08 08:00:00,80,330,,294,267,253,328,297,,348,358,,275
2017-12-08 09:00:00,96,332,,287,273,291,338,300,,348,350,,247
2017-12-08 10:00:00,344,300,,291,263,306,339,293,,333,325,,269
2017-12-08 11:00:00,296,283,,271,277,246,316,298,,309,346,,236
2017-12-08 12:00:00,274,307,,271,301,259,327,306,,341,350,,253
2017-12-08 13:00:00,284,290,,275,290,259,322,299,,350,357,,287
2017-12-08 14:00:00,303,287,,268,284,255,327,291,,338,340,,280
2017-12-08 15:00:00,314,283,,272,283,259,334,298,,329,359,,285
2017-12-08 16:00:00,326,291,,286,272,263,319,281,,335,340,,287
2017-12-08 17:00:00,285,283,,282,266,268,338,288,,316,339,,288
2017-12-08 18:00:00,295,285,,281,267,269,338,293,,322,349,,276
2017-12-08 19:00:00,286,287,,290,266,267,334,285,,335,337,,268
2017-12-08 20:00:00,283,284,,301,264,262,334,282,,320,332,,248
2017-12-08 21:00:00,281,283,,300,283,262,341,278,,290,332,,255
2017-12-08 22:00:00,296,281,,278,289,265,347,285,,287,326,,257
2017-12-08 23:00:00,303,282,,280,285,261,334,266,,285,315,,255
2017-12-09 00:00:00,273,284,,296,274,265,346,267,,302,326,,256
2017-12-09 01:00:00,306,284,,295,275,265,334,281,,323,338,,270
2017-12-09 02:00:00,284,283,,285,267,259,324,291,,299,343,,258
2017-12-09 03:00:00,282,285,,290,283,258,314,296,,291,5,,245
2017-12-09 04:00:00,290,296,,278,292,251,322,286,,325,356,,273
2017-12-09 05:00:00,298,306,,304,293,262,322,296,,339,355,,275
2017-12-09 06:00:00,286,295,,312,293,257,321,297,,333,357,,275
2017-12-09 07:00:00,304,293,,308,303,252,318,302,,327,,,272
2017-12-09 08:00:00,326,298,,307,306,251,316,295,,329,355,,278
2017-12-09 09:00:00,85,317,,303,287,255,315,301,,335,350,,265
2017-12-09 10:00:00,312,306,,277,298,251,314,304,,328,346,,267
2017-12-09 11:00:00,49,293,,277,301,248,320,310,,309,344,,273
2017-12-09 12:00:00,351,312,,273,287,264,322,309,,323,333,,278
2017-12-09 13:00:00,326,304,,266,286,261,335,298,,320,340,,278
2017-12-09 14:00:00,324,283,,266,289,252,318,293,,306,345,,282
2017-12-09 15:00:00,327,308,,263,280,313,323,301,,328,348,,291
2017-12-09 16:00:00,325,329,,267,282,317,324,300,,339,357,,283
2017-12-09 17:00:00,329,328,,269,284,327,332,283,,343,355,,279
2017-12-09 18:00:00,311,308,,261,278,278,325,254,,333,335,,247
2017-12-09 19:00:00,236,260,,279,266,259,350,238,,294,304,,228
2017-12-09 20:00:00,246,266,,312,264,243,295,188,,272,19,,246
2017-12-09 21:00:00,274,292,,311,283,251,304,121,,316,307,,241
2017-12-09 22:00:00,244,243,,317,297,250,270,135,,301,304,,261
2017-12-09 23:00:00,302,269,,312,294,253,250,209,,315,291,,268
2017-12-10 00:00:00,232,141,,332,313,246,265,139,,,326,,265
2017-12-10 01:00:00,235,348,,310,280,248,278,153,,,321,,280
2017-12-10 02:00:00,284,206,,300,263,249,302,152,,,284,,292
2017-12-10 03:00:00,265,170,,292,276,246,306,248,,,252,,287
2017-12-10 04:00:00,286,129,,303,282,242,310,133,,,309,,279
2017-12-10 05:00:00,279,130,,287,245,244,287,100,,,325,,271
2017-12-10 06:00:00,287,148,,285,244,243,285,,,,349,,258
2017-12-10 07:00:00,292,158,,291,245,242,285,70,,,307,,273
2017-12-10 08:00:00,290,122,,286,255,187,288,212,,,251,,267
2017-12-10 09:00:00,339,120,,295,287,141,299,272,,,343,,264
2017-12-10 10:00:00,348,48,,300,37,126,313,323,,,340,,268
2017-12-10 11:00:00,342,319,,303,303,185,7,315,,,311,,257
2017-12-10 12:00:00,20,328,,280,313,323,41,324,,,335,,255
2017-12-10 13:00:00,352,346,,213,308,27,47,316,,,262,,78
2017-12-10 14:00:00,41,342,,173,313,7,65,312,,,329,,93
2017-12-10 15:00:00,33,346,,309,296,32,67,296,,,359,,76
2017-12-10 16:00:00,67,307,,278,291,,37,299,,,12,,67
2017-12-10 17:00:00,98,35,,332,16,64,55,247,,,15,,112
2017-12-10 18:00:00,206,40,,50,253,272,68,228,,,78,,127
2017-12-10 19:00:00,269,11,,219,248,222,51,163,,,158,,87
2017-12-10 20:00:00,25,98,,332,193,297,63,104,,,249,,108
2017-12-10 21:00:00,322,77,,181,175,277,94,144,,,311,,124
2017-12-10 22:00:00,295,357,,257,207,221,50,96,,,307,,173
2017-12-10 23:00:00,253,283,,289,230,242,358,87,,,340,,236
2017-12-11 00:00:00,238,285,,287,230,263,280,164,,281,333,,243
2017-12-11 01:00:00,244,216,,305,246,253,261,221,,304,327,,236
2017-12-11 02:00:00,233,212,,307,254,220,249,223,,303,321,,238
2017-12-11 03:00:00,67,190,,305,211,176,263,126,,287,312,,228
2017-12-11 04:00:00,298,4,,275,265,247,273,133,,304,320,,251
2017-12-11 05:00:00,333,244,,301,210,154,288,223,,287,335,,275
2017-12-11 06:00:00,241,267,,305,254,229,303,188,,283,322,,203
2017-12-11 07:00:00,272,193,,310,273,267,268,145,,275,312,,245
2017-12-11 08:00:00,285,345,,287,154,190,330,165,,255,225,,192
2017-12-11 09:00:00,244,273,,282,262,309,248,117,,241,258,,218
2017-12-11 10:00:00,237,287,,303,343,144,282,25,,203,180,,264
2017-12-11 11:00:00,289,305,,294,296,99,289,44,,141,111,,
2017-12-11 12:00:00,19,357,,285,283,113,297,351,,56,122,,214
2017-12-11 13:00:00,359,326,,292,313,319,37,316,,86,38,,193
2017-12-11 14:00:00,11,338,,334,309,321,49,312,,34,65,,147
2017-12-11 15:00:00,97,51,,111,348,96,43,316,,45,169,,84
2017-12-11 16:00:00,36,350,,112,123,97,66,270,,100,158,,99
2017-12-11 17:00:00,95,68,,129,89,157,86,258,,118,164,,88
2017-12-11 18:00:00,105,112,,128,103,200,113,153,,128,93,,138
2017-12-11 19:00:00,87,107,,127,212,179,118,103,,172,296,,145
2017-12-11 20:00:00,270,116,,276,235,208,139,212,,241,316,,176
2017-12-11 21:00:00,227,132,,265,225,243,302,154,,244,316,,191
2017-12-11 22:00:00,289,168,,279,220,255,265,156,,264,350,,233
2017-12-11 23:00:00,238,52,,308,283,118,281,167,,299,301,,176
2017-12-12 00:00:00,285,344,,269,234,283,340,236,,281,334,,238
2017-12-12 01:00:00,235,308,,304,238,145,244,180,,307,328,,232
2017-12-12 02:00:00,305,339,,228,221,238,309,,,299,350,,188
2017-12-12 03:00:00,302,301,,250,242,313,312,,,312,335,,206
2017-12-12 04:00:00,281,274,,273,243,240,270,,,317,338,,193
2017-12-12 05:00:00,221,192,,288,251,,252,,,283,328,,206
2017-12-12 06:00:00,256,229,,288,238,306,276,,,314,352,,223
2017-12-12 07:00:00,320,272,,271,222,284,282,151,,329,7,,224
2017-12-12 08:00:00,243,261,,278,284,39,264,101,,316,270,,235
2017-12-12 09:00:00,261,291,,292,302,137,313,99,,331,211,,255
2017-12-12 10:00:00,159,324,,294,249,112,303,77,,321,333,,81
2017-12-12 11:00:00,86,327,,253,294,44,53,331,,322,1,,91
2017-12-12 12:00:00,68,340,,93,34,29,34,284,,330,348,,98
2017-12-12 13:00:00,19,353,,356,62,31,44,295,,345,37,,89
2017-12-12 14:00:00,25,1,,38,67,37,54,293,,6,348,,68
2017-12-12 15:00:00,21,4,,39,67,42,56,290,,1,352,,53
2017-12-12 16:00:00,27,6,,33,70,42,52,289,,352,354,,72
2017-12-12 17:00:00,27,2,,43,70,48,57,283,,352,314,,76
2017-12-12 18:00:00,36,353,,46,67,95,50,233,,318,354,,86
2017-12-12 19:00:00,37,328,,130,90,11,42,221,,308,317,,101
2017-12-12 20:00:00,78,308,,149,153,348,46,191,,304,274,,
2017-12-12 21:00:00,101,298,,138,248,206,44,224,,315,271,,106
2017-12-12 22:00:00,108,301,,171,200,204,50,168,,320,270,,105
2017-12-12 23:00:00,142,291,,145,230,142,110,172,,309,292,,94
2017-12-13 00:00:00,151,207,,120,218,278,168,,,345,273,,86
2017-12-13 01:00:00,324,215,,305,229,252,85,200,,216,334,,111
2017-12-13 02:00:00,171,135,,279,235,250,275,115,,232,29,,196
2017-12-13 03:00:00,255,87,,284,222,226,265,103,,303,350,,231
2017-12-13 04:00:00,231,91,,274,231,226,264,109,,265,318,,236
2017-12-13 05:00:00,219,122,,256,226,230,255,131,,270,322,,249
2017-12-13 06:00:00,226,189,,281,223,290,255,101,,264,341,,239
2017-12-13 07:00:00,236,195,,285,107,207,250,125,,295,14,,248
2017-12-13 08:00:00,248,169,,285,245,116,253,163,,307,261,,232
2017-12-13 09:00:00,222,20,,278,246,132,278,97,,45,267,,208
2017-12-13 10:00:00,226,14,,281,307,67,5,100,,27,275,,255
2017-12-13 11:00:00,33,31,,279,285,76,27,97,,196,344,,260
2017-12-13 12:00:00,29,72,,117,1,79,44,96,,16,30,,207
2017-12-13 13:00:00,32,62,,65,166,74,59,114,,22,244,,140
2017-12-13 14:00:00,37,56,,151,88,128,47,83,,186,171,,74
2017-12-13 15:00:00,74,115,,131,230,101,68,85,,119,177,,108
2017-12-13 16:00:00,112,99,,106,145,127,359,98,,134,165,,81
2017-12-13 17:00:00,126,109,,121,63,101,163,109,,125,82,,82
2017-12-13 18:00:00,124,119,,120,65,117,160,141,,142,179,,85
2017-12-13 19:00:00,101,96,,116,76,135,201,128,,142,330,,142
2017-12-13 20:00:00,248,44,,216,230,50,69,171,,294,346,,219
2017-12-13 21:00:00,257,10,,263,247,336,54,193,,316,357,,233
2017-12-13 22:00:00,245,73,,359,260,316,253,239,,300,316,,189
2017-12-13 23:00:00,244,22,,260,224,314,261,223,,253,319,,220
2017-12-14 00:00:00,269,284,,240,250,242,47,115,,275,267,,214
2017-12-14 01:00:00,255,280,,250,199,287,270,52,,285,326,,219
2017-12-14 02:00:00,261,346,,271,254,158,259,244,,265,316,,197
2017-12-14 03:00:00,289,335,,286,260,311,243,181,,288,306,,196
2017-12-14 04:00:00,266,270,,277,208,248,312,168,,244,290,,218
2017-12-14 05:00:00,316,314,,283,236,43,273,233,,259,327,,168
2017-12-14 06:00:00,229,353,,280,235,193,247,121,,281,265,,194
2017-12-14 07:00:00,297,1,,288,231,98,264,182,,259,187,,234
2017-12-14 08:00:00,265,226,,296,215,113,283,90,,224,347,,215
2017-12-14 09:00:00,223,38,,298,40,161,233,232,,303,307,,230
2017-12-14 10:00:00,248,13,,283,33,147,291,244,,281,135,,262
2017-12-14 11:00:00,231,274,,290,303,82,313,91,,290,171,,275
2017-12-14 12:00:00,345,294,,302,317,310,296,344,,18,42,,259
2017-12-14 13:00:00,15,339,,280,291,95,1,311,,23,31,,268
2017-12-14 14:00:00,33,330,,203,255,48,41,294,,346,57,,89
2017-12-14 15:00:00,88,347,,173,268,187,44,283,,23,138,,99
2017-12-14 16:00:00,120,329,,164,88,118,63,291,,85,159,,77
2017-12-14 17:00:00,127,37,,160,53,67,107,240,,155,124,,86
2017-12-14 18:00:00,161,109,,166,65,154,126,212,,95,135,,96
2017-12-14 19:00:00,221,76,,142,185,292,240,,,123,141,,144
2017-12-14 20:00:00,342,26,,308,200,76,60,103,,114,326,,158
2017-12-14 21:00:00,146,15,,230,248,292,68,251,,159,319,,104
2017-12-14 22:00:00,55,315,,228,63,188,52,280,,325,336,,184
2017-12-14 23:00:00,92,315,,202,45,60,60,293,,304,319,,90
2017-12-15 00:00:00,93,320,,237,60,114,41,295,,317,329,,91
2017-12-15 01:00:00,93,325,,133,57,148,43,277,,311,335,,100
2017-12-15 02:00:00,130,338,,267,97,148,50,260,,313,341,,
2017-12-15 03:00:00,92,332,,200,110,29,44,263,,317,335,,101
2017-12-15 04:00:00,74,340,,233,124,38,47,264,,319,329,,108
2017-12-15 05:00:00,62,354,,18,107,14,56,265,,330,332,,107
2017-12-15 06:00:00,26,355,,34,92,37,55,267,,327,331,,92
2017-12-15 07:00:00,67,349,,37,83,23,52,264,,329,326,,109
2017-12-15 08:00:00,72,341,,32,95,12,51,262,,321,319,,103
2017-12-15 09:00:00,63,330,,47,84,60,50,262,,320,324,,111
2017-12-15 10:00:00,43,340,,211,98,76,52,271,,315,312,,111
2017-12-15 11:00:00,59,335,,167,80,80,46,275,,317,,,92
2017-12-15 12:00:00,83,349,,131,100,73,63,289,,320,332,,79
2017-12-15 13:00:00,92,333,,146,35,40,52,300,,320,345,,61
2017-12-15 14:00:00,44,339,,197,57,45,41,313,,342,354,,74
2017-12-15 15:00:00,22,316,,262,53,22,37,310,,337,12,,93
2017-12-15 16:00:00,45,351,,47,36,352,48,276,,342,353,,107
2017-12-15 17:00:00,42,339,,103,49,72,49,265,,338,342,,95
2017-12-15 18:00:00,42,351,,52,57,72,56,266,,329,320,,88
2017-12-15 19:00:00,45,333,,222,69,158,50,287,,316,331,,98
2017-12-15 20:00:00,103,355,,163,77,80,63,298,,320,30,,88
2017-12-15 21:00:00,98,50,,127,92,85,70,130,,325,147,,92
2017-12-15 22:00:00,58,17,,122,94,50,73,124,,103,170,,88
2017-12-15 23:00:00,54,4,,23,79,12,61,126,,145,157,,79
2017-12-16 00:00:00,31,343,,264,93,4,48,110,,147,155,,71
2017-12-16 01:00:00,63,31,,262,58,14,60,100,,151,170,,76
2017-12-16 02:00:00,53,48,,271,41,38,54,112,,145,172,,86
2017-12-16 03:00:00,65,8,,169,47,52,57,116,,146,192,,67
2017-12-16 04:00:00,36,82,,260,29,358,32,127,,177,195,,75
2017-12-16 05:00:00,19,25,,266,38,321,37,161,,124,186,,98
2017-12-16 06:00:00,45,32,,266,32,34,53,131,,165,242,,92
2017-12-16 07:00:00,91,51,,233,38,77,67,307,,111,154,,94
2017-12-16 08:00:00,116,83,,149,60,82,109,302,,130,185,,96
2017-12-16 09:00:00,193,119,,165,326,152,,311,,178,282,,63
2017-12-16 10:00:00,234,19,,264,314,11,282,298,,308,20,,172
2017-12-16 11:00:00,33,29,,219,289,98,52,287,,42,14,,82
2017-12-16 12:00:00,354,342,,295,290,36,317,294,,29,20,,228
2017-12-16 13:00:00,12,341,,293,278,35,42,284,,359,6,,267
2017-12-16 14:00:00,348,8,,152,308,115,43,286,,61,27,,77
2017-12-16 15:00:00,60,341,,125,90,49,40,293,,57,331,,100
2017-12-16 16:00:00,96,39,,135,346,80,57,322,,115,212,,87
2017-12-16 17:00:00,77,29,,150,269,51,68,306,,201,221,,87
2017-12-16 18:00:00,29,323,,278,292,,40,299,,262,90,,87
2017-12-16 19:00:00,140,317,,108,283,85,57,280,,78,117,,102
2017-12-16 20:00:00,139,113,,118,163,164,111,143,,128,159,,107
2017-12-16 21:00:00,236,119,,124,142,168,231,127,,154,185,,104
2017-12-16 22:00:00,254,107,,81,281,254,202,104,,191,165,,117
2017-12-16 23:00:00,276,86,,286,227,65,283,111,,235,13,,226
2017-12-17 00:00:00,326,18,,276,270,338,60,159,,30,335,,233
2017-12-17 01:00:00,278,315,,107,185,101,23,208,,336,328,,169
2017-12-17 02:00:00,240,31,,275,236,304,44,97,,253,160,,152
2017-12-17 03:00:00,264,307,,281,239,332,49,132,,17,216,,224
2017-12-17 04:00:00,144,84,,163,253,139,86,94,,186,328,,151
2017-12-17 05:00:00,354,42,,111,198,112,34,100,,299,353,,106
2017-12-17 06:00:00,30,287,,294,132,251,326,215,,316,331,,271
2017-12-17 07:00:00,274,289,,278,267,281,285,204,,324,341,,241
2017-12-17 08:00:00,320,292,,297,240,139,269,245,,332,327,,247
2017-12-17 09:00:00,273,336,,299,214,127,23,263,,331,279,,247
2017-12-17 10:00:00,20,6,,303,262,102,73,213,,315,228,,228
2017-12-17 11:00:00,18,310,,295,222,130,60,88,,226,163,,176
2017-12-17 12:00:00,116,332,,222,275,111,154,95,,182,122,,73
2017-12-17 13:00:00,79,65,,123,332,105,76,103,,116,83,,80
2017-12-17 14:00:00,82,91,,138,55,140,83,98,,105,99,,80
2017-12-17 15:00:00,66,81,,136,41,90,99,103,,94,113,,84
2017-12-17 16:00:00,78,71,,135,49,79,84,325,,89,124,,92
2017-12-17 17:00:00,72,76,,141,63,75,86,305,,94,63,,87
2017-12-17 18:00:00,86,92,,127,46,83,111,213,,117,155,,87
2017-12-17 19:00:00,76,95,,144,58,84,92,109,,123,167,,95
2017-12-17 20:00:00,52,31,,195,61,75,68,107,,113,189,,107
2017-12-17 21:00:00,301,77,,114,26,89,80,315,,134,201,,90
2017-12-17 22:00:00,96,100,,155,70,88,98,309,,158,181,,89
2017-12-17 23:00:00,74,104,,136,79,106,114,109,,169,123,,80
2017-12-18 00:00:00,19,97,,140,60,116,90,97,,106,195,,72
2017-12-18 01:00:00,25,101,,149,80,106,85,322,,84,279,,106
2017-12-18 02:00:00,21,115,,184,71,144,65,301,,240,324,,86
2017-12-18 03:00:00,326,32,,265,263,4,31,290,,329,358,,215
2017-12-18 04:00:00,298,313,,274,50,316,349,304,,339,357,,205
2017-12-18 05:00:00,349,316,,339,229,6,67,315,,10,330,,222
2017-12-18 06:00:00,27,54,,111,68,83,74,289,,151,203,,86
2017-12-18 07:00:00,288,304,,59,312,29,3,263,,193,234,,117
2017-12-18 08:00:00,239,211,,339,224,170,13,248,,207,180,,180
2017-12-18 09:00:00,42,91,,161,308,350,276,130,,181,169,,109
2017-12-18 10:00:00,276,121,,303,231,312,285,255,,162,282,,125
2017-12-18 11:00:00,333,77,,282,80,7,289,322,,54,352,,211
2017-12-18 12:00:00,7,99,,172,37,89,44,317,,39,350,,53
2017-12-18 13:00:00,38,67,,200,45,82,39,316,,48,61,,99
2017-12-18 14:00:00,40,10,,285,37,76,54,323,,48,123,,83
2017-12-18 15:00:00,62,54,,158,50,60,78,316,,99,159,,80
2017-12-18 16:00:00,71,73,,139,51,79,82,314,,134,163,,78
2017-12-18 17:00:00,87,95,,148,55,85,88,309,,122,165,,93
2017-12-18 18:00:00,96,94,,141,63,92,107,319,,128,172,,99
2017-12-18 19:00:00,88,95,,132,76,91,117,342,,150,196,,102
2017-12-18 20:00:00,79,118,,129,59,125,127,104,,172,208,,93
2017-12-18 21:00:00,50,127,,127,64,133,117,100,,172,150,,111
2017-12-18 22:00:00,314,330,,270,78,328,37,149,,118,325,,207
2017-12-18 23:00:00,13,359,,138,81,49,54,281,,17,28,,113
2017-12-19 00:00:00,299,346,,244,294,57,52,268,,50,6,,180
2017-12-19 01:00:00,304,293,,290,350,291,45,290,,344,2,,229
2017-12-19 02:00:00,91,73,,108,141,163,101,251,,37,356,,68
2017-12-19 03:00:00,265,65,,109,79,108,60,273,,323,212,,71
2017-12-19 04:00:00,204,86,,152,61,89,60,93,,180,171,,116
2017-12-19 05:00:00,259,111,,125,231,118,52,92,,185,138,,169
2017-12-19 06:00:00,266,356,,292,251,261,323,73,,260,279,,233
2017-12-19 07:00:00,222,27,,305,228,120,284,255,,236,297,,246
2017-12-19 08:00:00,245,50,,301,6,102,308,260,,62,252,,252
2017-12-19 09:00:00,232,89,,283,172,131,28,268,,209,286,,274
2017-12-19 10:00:00,321,93,,13,321,110,35,75,,260,44,,79
2017-12-19 11:00:00,1,325,,66,10,158,358,75,,226,98,,80
2017-12-19 12:00:00,58,36,,153,48,142,54,55,,187,179,,81
2017-12-19 13:00:00,39,329,,149,50,113,28,,,105,226,,79
2017-12-19 14:00:00,55,45,,131,29,102,57,313,,71,178,,89
2017-12-19 15:00:00,84,39,,146,26,102,88,308,,57,219,,84
2017-12-19 16:00:00,52,33,,127,90,70,79,304,,4,352,,88
2017-12-19 17:00:00,113,34,,126,60,63,97,305,,3,355,,107
2017-12-19 18:00:00,39,348,,131,96,76,60,148,,25,41,,109
2017-12-19 19:00:00,256,292,,256,89,266,47,227,,359,339,,148
2017-12-19 20:00:00,264,328,,289,234,282,263,232,,278,302,,234
2017-12-19 21:00:00,283,324,,304,222,313,46,230,,300,314,,238
2017-12-19 22:00:00,157,271,,146,219,201,52,263,,280,310,,176
2017-12-19 23:00:00,251,327,,285,25,186,56,266,,289,1,,119
2017-12-20 00:00:00,242,329,,278,220,2,53,270,,324,314,,240
2017-12-20 01:00:00,139,300,,252,215,217,64,270,,311,310,,233
2017-12-20 02:00:00,190,241,,120,213,140,261,297,,305,150,,184
2017-12-20 03:00:00,248,266,,274,189,278,14,237,,311,163,,
2017-12-20 04:00:00,280,265,,282,230,291,272,99,,330,1,,242
2017-12-20 05:00:00,245,266,,248,190,233,266,156,,15,300,,138
2017-12-20 06:00:00,231,237,,276,246,228,272,269,,334,307,,242
2017-12-20 07:00:00,258,212,,274,234,215,254,118,,288,323,,244
2017-12-20 08:00:00,249,225,,275,224,264,257,134,,192,319,,249
2017-12-20 09:00:00,232,201,,280,239,292,270,99,,100,155,,247
2017-12-20 10:00:00,228,112,,139,283,65,245,92,,114,169,,240
2017-12-20 11:00:00,80,88,,132,9,74,87,103,,103,105,,74
2017-12-20 12:00:00,77,102,,113,52,91,118,90,,118,139,,74
2017-12-20 13:00:00,74,103,,102,49,116,123,100,,137,158,,60
2017-12-20 14:00:00,72,100,,106,54,102,129,93,,135,161,,60
2017-12-20 15:00:00,51,98,,104,58,106,127,98,,145,161,,51
2017-12-20 16:00:00,65,100,,92,58,106,120,82,,133,161,,58
2017-12-20 17:00:00,78,100,,107,64,117,125,113,,137,158,,55
2017-12-20 18:00:00,75,99,,110,,131,128,120,,138,143,,60
2017-12-20 19:00:00,88,106,,117,90,147,132,122,,143,202,,106
2017-12-20 20:00:00,63,115,,118,141,152,137,126,,195,295,,146
2017-12-20 21:00:00,217,107,,151,210,157,135,121,,225,302,,178
2017-12-20 22:00:00,231,132,,303,209,171,150,111,,193,323,,217
2017-12-20 23:00:00,260,109,,292,213,222,206,123,,254,331,,205
2017-12-21 00:00:00,250,141,,279,217,258,276,62,,260,358,,233
2017-12-21 01:00:00,244,209,,276,216,210,248,149,,285,5,,207
2017-12-21 02:00:00,332,296,,292,219,288,273,248,,309,7,,192
2017-12-21 03:00:00,336,291,,300,226,273,278,231,,313,345,,226
2017-12-21 04:00:00,325,259,,299,245,285,271,243,,317,343,,225
2017-12-21 05:00:00,278,231,,297,218,194,266,247,,314,322,,217
2017-12-21 06:00:00,340,218,,294,231,217,266,111,,296,347,,221
2017-12-21 07:00:00,304,353,,276,243,6,260,258,,295,246,,189
2017-12-21 08:00:00,294,333,,276,229,286,299,122,,269,184,,214
2017-12-21 09:00:00,1,79,,286,271,131,36,96,,265,187,,218
2017-12-21 10:00:00,94,28,,286,8,102,90,94,,261,190,,175
2017-12-21 11:00:00,65,36,,195,290,,138,104,,167,172,,118
2017-12-21 12:00:00,90,102,,117,305,122,134,335,,144,152,,89
2017-12-21 13:00:00,72,95,,125,292,103,110,99,,166,160,,70
2017-12-21 14:00:00,103,99,,133,294,104,100,100,,151,176,,81
2017-12-21 15:00:00,84,97,,138,17,112,92,126,,141,164,,96
2017-12-21 16:00:00,98,105,,135,52,119,120,123,,143,164,,94
2017-12-21 17:00:00,70,106,,131,59,127,130,116,,144,142,,91
2017-12-21 18:00:00,88,102,,134,116,138,108,128,,120,136,,118
2017-12-21 19:00:00,331,99,,131,,169,117,160,,151,187,,148
2017-12-21 20:00:00,313,56,,110,176,159,80,106,,210,109,,138
2017-12-21 21:00:00,295,348,,267,176,268,20,123,,160,,,183
2017-12-21 22:00:00,303,326,,274,220,258,47,264,,305,31,,208
2017-12-21 23:00:00,264,350,,302,202,244,37,270,,292,130,,218
2017-12-22 00:00:00,246,276,,279,196,262,280,251,,315,173,,230
2017-12-22 01:00:00,263,277,,282,215,261,279,265,,339,358,,237
2017-12-22 02:00:00,244,301,,299,230,268,283,267,,352,2,,244
2017-12-22 03:00:00,12,291,,298,233,294,295,240,,321,340,,233
2017-12-22 04:00:00,181,237,,310,212,266,267,240,,315,270,,164
2017-12-22 05:00:00,319,273,,308,223,236,310,184,,298,250,,197
2017-12-22 06:00:00,270,303,,302,333,312,228,268,,243,254,,261
2017-12-22 07:00:00,234,232,,273,1,174,296,97,,179,321,,278
2017-12-22 08:00:00,350,205,,221,360,149,224,108,,221,166,,281
2017-12-22 09:00:00,291,174,,202,232,196,293,109,,262,83,,284
2017-12-22 10:00:00,274,111,,112,212,170,265,123,,245,331,,228
2017-12-22 11:00:00,103,101,,125,277,135,173,151,,103,24,,220
2017-12-22 12:00:00,262,90,,123,261,119,63,93,,92,150,,111
2017-12-22 13:00:00,53,114,,124,281,113,141,95,,151,165,,71
2017-12-22 14:00:00,121,108,,132,290,99,155,91,,130,163,,85
2017-12-22 15:00:00,85,103,,129,280,114,132,93,,142,173,,79
2017-12-22 16:00:00,89,110,,126,357,106,137,105,,146,167,,81
2017-12-22 17:00:00,94,106,,124,64,104,106,114,,144,138,,98
2017-12-22 18:00:00,27,84,,149,44,168,93,132,,108,27,,149
2017-12-22 19:00:00,287,319,,237,240,211,55,181,,9,17,,156
2017-12-22 20:00:00,274,327,,276,251,298,9,223,,323,7,,227
2017-12-22 21:00:00,325,317,,238,255,235,35,259,,322,345,,144
2017-12-22 22:00:00,130,335,,231,64,15,44,293,,318,330,,98
2017-12-22 23:00:00,83,340,,137,70,62,50,283,,327,319,,89
2017-12-23 00:00:00,98,328,,81,66,99,48,278,,310,323,,94
2017-12-23 01:00:00,100,322,,145,55,124,55,264,,310,319,,92
2017-12-23 02:00:00,99,334,,213,61,103,63,267,,310,323,,85
2017-12-23 03:00:00,105,333,,192,56,96,66,282,,315,316,,70
2017-12-23 04:00:00,105,326,,186,48,108,57,275,,316,315,,87
2017-12-23 05:00:00,76,326,,167,69,108,48,277,,303,308,,91
2017-12-23 06:00:00,68,305,,196,76,124,31,272,,304,302,,89
2017-12-23 07:00:00,99,306,,225,67,125,29,273,,299,323,,89
2017-12-23 08:00:00,97,310,,223,32,109,25,275,,304,24,,80
2017-12-23 09:00:00,89,314,,163,48,117,22,281,,316,290,,78
2017-12-23 10:00:00,357,328,,280,79,64,28,285,,350,253,,105
2017-12-23 11:00:00,13,340,,262,68,353,35,296,,22,235,,101
2017-12-23 12:00:00,19,337,,251,58,72,38,307,,53,214,,81
2017-12-23 13:00:00,16,333,,240,57,174,20,310,,59,239,,80
2017-12-23 14:00:00,28,50,,203,50,98,79,305,,342,246,,83
2017-12-23 15:00:00,73,37,,181,60,109,77,309,,256,182,,69
2017-12-23 16:00:00,98,78,,123,53,88,69,112,,148,162,,72
2017-12-23 17:00:00,99,103,,113,61,86,96,122,,155,138,,61
2017-12-23 18:00:00,98,115,,91,59,108,121,137,,140,154,,65
2017-12-23 19:00:00,138,106,,91,113,178,164,125,,163,148,,140
2017-12-23 20:00:00,137,111,,105,184,151,137,118,,193,177,,155
2017-12-23 21:00:00,133,112,,126,215,142,177,125,,175,188,,155
2017-12-23 22:00:00,184,100,,109,215,215,179,140,,184,260,,222
2017-12-23 23:00:00,180,113,,286,220,221,179,171,,201,301,,196
2017-12-24 00:00:00,232,120,,299,211,251,207,155,,195,285,,223
2017-12-24 01:00:00,238,137,,300,207,243,229,107,,178,314,,222
2017-12-24 02:00:00,247,56,,299,236,278,293,145,,247,5,,223
2017-12-24 03:00:00,304,333,,293,252,300,17,201,,323,9,,193
2017-12-24 04:00:00,247,318,,283,219,296,347,247,,331,315,,212
2017-12-24 05:00:00,261,319,,274,206,272,11,164,,298,324,,226
2017-12-24 06:00:00,266,334,,268,159,73,49,191,,300,330,,168
2017-12-24 07:00:00,272,304,,293,230,271,62,157,,292,318,,174
2017-12-24 08:00:00,253,280,,200,358,147,18,126,,296,291,,145
2017-12-24 09:00:00,360,184,,77,199,122,260,102,,305,344,,78
2017-12-24 10:00:00,136,66,,225,86,97,225,88,,71,178,,99
2017-12-24 11:00:00,79,317,,108,97,115,80,359,,326,192,,77
2017-12-24 12:00:00,52,326,,127,71,158,50,76,,35,173,,77
2017-12-24 13:00:00,117,19,,157,53,183,67,342,,8,162,,83
2017-12-24 14:00:00,110,54,,155,45,83,96,294,,70,108,,70
2017-12-24 15:00:00,98,69,,111,55,76,97,306,,77,97,,81
2017-12-24 16:00:00,81,61,,79,64,88,90,8,,97,81,,81
2017-12-24 17:00:00,74,76,,85,75,69,93,75,,97,127,,78
2017-12-24 18:00:00,86,89,,99,69,85,123,106,,127,148,,87
2017-12-24 19:00:00,109,96,,100,82,297,139,119,,180,173,,92
2017-12-24 20:00:00,101,73,,75,104,233,78,120,,171,238,,96
2017-12-24 21:00:00,28,5,,64,95,237,46,104,,187,221,,64
2017-12-24 22:00:00,20,353,,233,103,239,55,113,,187,213,,81
2017-12-24 23:00:00,40,3,,93,77,159,60,120,,190,314,,67
2017-12-25 00:00:00,59,21,,71,72,160,82,115,,192,319,,77
2017-12-25 01:00:00,114,52,,81,72,139,68,130,,134,284,,77
2017-12-25 02:00:00,100,95,,88,56,113,104,113,,139,3,,72
2017-12-25 03:00:00,96,10,,96,63,294,75,115,,172,77,,83
2017-12-25 04:00:00,15,328,,226,113,228,52,112,,100,257,,99
2017-12-25 05:00:00,39,349,,161,83,69,56,60,,168,200,,101
2017-12-25 06:00:00,11,343,,123,52,70,55,103,,171,188,,92
2017-12-25 07:00:00,12,338,,305,37,42,56,95,,155,176,,96
2017-12-25 08:00:00,50,347,,268,32,345,50,105,,148,173,,80
2017-12-25 09:00:00,61,341,,261,58,35,55,100,,132,173,,91
2017-12-25 10:00:00,49,343,,268,46,65,59,30,,148,174,,80
2017-12-25 11:00:00,75,31,,129,128,86,71,304,,140,182,,61
2017-12-25 12:00:00,74,82,,131,78,103,89,315,,112,232,,86
2017-12-25 13:00:00,92,98,,121,45,107,91,73,,113,207,,86
2017-12-25 14:00:00,75,95,,125,50,102,87,99,,175,124,,77
2017-12-25 15:00:00,76,96,,124,56,104,96,103,,107,109,,77
2017-12-25 16:00:00,69,93,,114,58,112,103,98,,112,117,,70
2017-12-25 17:00:00,45,94,,108,62,115,93,118,,119,134,,71
2017-12-25 18:00:00,78,100,,126,61,98,112,151,,119,102,,81
2017-12-25 19:00:00,72,83,,139,85,94,95,112,,106,141,,101
2017-12-25 20:00:00,48,87,,151,90,101,105,97,,131,163,,106
2017-12-25 21:00:00,40,101,,134,55,108,118,112,,177,183,,101
2017-12-25 22:00:00,353,103,,129,71,99,134,158,,161,217,,109
2017-12-25 23:00:00,37,96,,154,76,96,96,108,,189,157,,146
2017-12-26 00:00:00,346,53,,121,333,135,109,180,,241,29,,149
2017-12-26 01:00:00,279,360,,354,244,263,323,219,,14,7,,125
2017-12-26 02:00:00,267,285,,291,250,313,52,218,,1,331,,201
2017-12-26 03:00:00,265,319,,297,257,327,31,242,,335,359,,236
2017-12-26 04:00:00,277,315,,295,259,78,31,291,,326,2,,245
2017-12-26 05:00:00,290,327,,264,219,333,55,163,,340,317,,193
2017-12-26 06:00:00,269,325,,249,212,306,55,119,,7,324,,130
2017-12-26 07:00:00,4,329,,283,229,277,43,17,,321,343,,178
2017-12-26 08:00:00,15,298,,260,229,292,16,260,,311,328,,215
2017-12-26 09:00:00,10,279,,260,233,300,306,289,,301,306,,244
2017-12-26 10:00:00,37,319,,100,102,91,51,104,,292,9,,76
2017-12-26 11:00:00,39,2,,169,36,61,50,76,,334,40,,80
2017-12-26 12:00:00,68,21,,151,44,52,46,322,,69,193,,82
2017-12-26 13:00:00,50,24,,140,34,88,68,327,,84,84,,66
2017-12-26 14:00:00,37,41,,127,45,81,81,314,,55,91,,76
2017-12-26 15:00:00,79,56,,121,44,87,64,315,,91,97,,80
2017-12-26 16:00:00,97,96,,138,51,100,86,312,,93,113,,81
2017-12-26 17:00:00,78,61,,141,58,92,89,311,,95,112,,78
2017-12-26 18:00:00,82,55,,133,61,90,83,310,,101,132,,82
2017-12-26 19:00:00,72,28,,140,56,109,63,319,,119,192,,102
2017-12-26 20:00:00,56,37,,121,66,141,49,95,,202,120,,94
2017-12-26 21:00:00,21,20,,288,60,98,50,122,,109,271,,122
2017-12-26 22:00:00,42,67,,267,80,113,75,149,,134,244,,121
2017-12-26 23:00:00,52,38,,303,72,36,67,123,,195,251,,94
2017-12-27 00:00:00,21,337,,268,84,303,46,106,,222,186,,121
2017-12-27 01:00:00,19,330,,264,50,357,51,120,,58,62,,115
2017-12-27 02:00:00,58,355,,264,86,44,59,96,,13,7,,99
2017-12-27 03:00:00,66,346,,241,48,63,70,97,,337,339,,101
2017-12-27 04:00:00,68,340,,261,71,114,48,310,,330,318,,111
2017-12-27 05:00:00,67,343,,213,56,92,55,307,,314,330,,94
2017-12-27 06:00:00,123,336,,183,53,79,61,312,,318,337,,95
2017-12-27 07:00:00,105,330,,168,46,96,50,309,,320,338,,97
2017-12-27 08:00:00,107,330,,170,46,98,56,302,,317,336,,99
2017-12-27 09:00:00,120,333,,186,41,114,53,287,,321,335,,102
2017-12-27 10:00:00,89,339,,225,77,102,44,283,,319,329,,101
2017-12-27 11:00:00,72,353,,160,67,79,52,284,,318,325,,104
2017-12-27 12:00:00,80,354,,183,67,101,53,,,312,330,,83
2017-12-27 13:00:00,77,358,,211,65,76,50,275,,309,339,,77
2017-12-27 14:00:00,62,351,,238,60,38,45,,,327,165,,77
2017-12-27 15:00:00,71,345,,221,57,76,55,279,,323,168,,76
2017-12-27 16:00:00,82,352,,203,51,94,57,279,,316,183,,80
2017-12-27 17:00:00,86,344,,260,59,76,58,278,,313,181,,86
2017-12-27 18:00:00,85,340,,266,62,64,58,289,,347,189,,82
2017-12-27 19:00:00,50,334,,294,63,30,40,291,,332,183,,80
2017-12-27 20:00:00,60,337,,235,54,74,42,284,,316,186,,78
2017-12-27 21:00:00,56,331,,167,54,73,53,304,,321,180,,88
2017-12-27 22:00:00,60,324,,154,59,35,51,302,,299,169,,89
2017-12-27 23:00:00,58,317,,247,60,347,40,299,,304,172,,84
2017-12-28 00:00:00,71,317,,255,62,20,57,291,,204,167,,79
2017-12-28 01:00:00,50,323,,248,48,18,57,310,,163,167,,81
2017-12-28 02:00:00,26,337,,228,45,38,58,102,,149,160,,85
2017-12-28 03:00:00,27,341,,203,46,358,51,107,,153,165,,84
2017-12-28 04:00:00,27,336,,249,54,341,53,114,,159,175,,90
2017-12-28 05:00:00,22,94,,243,55,346,54,98,,151,162,,87
2017-12-28 06:00:00,28,72,,234,41,341,41,96,,147,166,,82
2017-12-28 07:00:00,31,67,,233,42,24,39,93,,149,166,,93
2017-12-28 08:00:00,22,63,,229,53,43,70,105,,137,169,,78
2017-12-28 09:00:00,24,43,,240,44,33,60,308,,140,164,,72
2017-12-28 10:00:00,48,20,,257,12,14,55,307,,129,163,,84
2017-12-28 11:00:00,101,46,,237,44,36,53,304,,135,161,,86
2017-12-28 12:00:00,95,41,,138,30,98,75,308,,120,169,,79
2017-12-28 13:00:00,59,50,,173,46,95,73,304,,121,156,,75
2017-12-28 14:00:00,60,59,,150,53,105,68,,,109,145,,74
2017-12-28 15:00:00,75,82,,165,63,103,81,,,108,131,,82
2017-12-28 16:00:00,88,94,,126,56,124,100,305,,97,153,,81
2017-12-28 17:00:00,88,97,,140,61,154,91,314,,109,149,,87
2017-12-28 18:00:00,99,101,,136,56,103,115,85,,134,151,,76
2017-12-28 19:00:00,85,94,,131,63,100,98,110,,138,165,,79
2017-12-28 20:00:00,72,106,,141,53,98,93,105,,135,176,,80
2017-12-28 21:00:00,85,97,,138,44,106,99,101,,143,162,,75
2017-12-28 22:00:00,69,100,,140,55,94,98,106,,141,163,,79
2017-12-28 23:00:00,64,88,,142,55,85,85,104,,132,143,,84
2017-12-29 00:00:00,77,94,,147,49,89,91,102,,144,170,,75
2017-12-29 01:00:00,78,94,,131,58,85,91,102,,131,173,,86
2017-12-29 02:00:00,57,41,,132,55,67,80,116,,134,181,,86
2017-12-29 03:00:00,72,55,,140,62,62,78,321,,137,173,,86
2017-12-29 04:00:00,84,44,,135,74,64,76,307,,116,196,,92
2017-12-29 05:00:00,77,61,,139,52,55,75,306,,183,173,,
2017-12-29 06:00:00,70,27,,137,58,46,62,311,,161,180,,81
2017-12-29 07:00:00,88,42,,198,28,42,53,307,,198,177,,86
2017-12-29 08:00:00,60,31,,234,52,164,48,301,,218,183,,89
2017-12-29 09:00:00,42,82,,259,49,75,27,301,,195,165,,81
2017-12-29 10:00:00,36,34,,109,357,78,68,36,,117,209,,84
2017-12-29 11:00:00,79,19,,117,6,64,76,352,,140,74,,88
2017-12-29 12:00:00,37,342,,125,42,74,56,314,,346,50,,94
2017-12-29 13:00:00,90,106,,134,42,73,124,,,20,4,,80
2017-12-29 14:00:00,65,38,,89,10,132,30,296,,105,196,,63
2017-12-29 15:00:00,116,45,,141,30,189,78,324,,138,146,,78
2017-12-29 16:00:00,109,109,,136,47,155,65,170,,115,129,,87
2017-12-29 17:00:00,106,114,,112,40,125,88,121,,127,143,,79
2017-12-29 18:00:00,111,114,,110,44,100,107,95,,126,146,,85
2017-12-29 19:00:00,89,98,,134,132,103,113,102,,118,152,,136
2017-12-29 20:00:00,96,93,,143,211,103,109,107,,152,184,,126
2017-12-29 21:00:00,96,98,,139,47,103,104,108,,175,207,,139
2017-12-29 22:00:00,217,109,,122,270,147,59,106,,149,245,,169
2017-12-29 23:00:00,322,51,,131,308,209,45,162,,129,298,,148
2017-12-30 00:00:00,248,48,,216,329,153,300,209,,245,324,,184
2017-12-30 01:00:00,274,51,,226,273,133,333,242,,257,309,,141
2017-12-30 02:00:00,176,26,,227,323,127,43,278,,305,246,,143
2017-12-30 03:00:00,233,360,,222,287,78,303,248,,336,235,,242
2017-12-30 04:00:00,227,316,,239,219,314,300,239,,206,297,,243
2017-12-30 05:00:00,269,306,,263,214,301,273,300,,298,234,,124
2017-12-30 06:00:00,233,332,,271,262,307,282,260,,335,262,,245
2017-12-30 07:00:00,188,20,,207,227,108,260,126,,332,221,,194
2017-12-30 08:00:00,175,16,,66,243,37,266,158,,9,218,,234
2017-12-30 09:00:00,16,83,,279,253,21,204,120,,15,258,,230
2017-12-30 10:00:00,75,76,,232,272,142,51,6,,337,188,,62
2017-12-30 11:00:00,67,88,,118,187,109,70,2,,184,163,,88
2017-12-30 12:00:00,80,110,,131,51,122,77,322,,155,202,,79
2017-12-30 13:00:00,72,124,,124,62,129,94,312,,157,163,,82
2017-12-30 14:00:00,83,96,,129,54,121,84,316,,105,150,,80
2017-12-30 15:00:00,86,102,,133,52,114,86,314,,116,146,,78
2017-12-30 16:00:00,86,102,,134,55,109,119,57,,119,120,,80
2017-12-30 17:00:00,85,92,,139,60,103,109,111,,122,97,,88
2017-12-30 18:00:00,61,93,,139,57,105,98,104,,111,101,,99
2017-12-30 19:00:00,41,91,,135,55,109,87,97,,122,141,,110
2017-12-30 20:00:00,26,97,,134,73,136,96,102,,129,172,,110
2017-12-30 21:00:00,46,94,,133,98,123,101,,,164,182,,111
2017-12-30 22:00:00,11,96,,137,73,124,90,101,,158,190,,114
2017-12-30 23:00:00,30,106,,146,94,115,88,112,,163,178,,
2017-12-31 00:00:00,7,103,,167,81,117,72,100,,165,173,,110
2017-12-31 01:00:00,329,110,,272,67,101,99,,,178,180,,119
2017-12-31 02:00:00,28,107,,268,6,84,100,114,,163,180,,135
2017-12-31 03:00:00,41,114,,250,272,89,97,107,,171,160,,159
2017-12-31 04:00:00,35,106,,262,51,65,90,104,,171,162,,234
2017-12-31 05:00:00,76,110,,267,11,66,102,97,,151,207,,102
2017-12-31 06:00:00,65,105,,269,62,69,104,90,,149,266,,100
2017-12-31 07:00:00,31,89,,274,48,70,94,129,,171,335,,87
2017-12-31 08:00:00,46,75,,291,82,48,92,151,,134,335,,79
2017-12-31 09:00:00,86,58,,286,64,59,94,244,,222,68,,84
2017-12-31 10:00:00,104,77,,239,53,65,89,300,,152,204,,51
2017-12-31 11:00:00,101,74,,208,36,69,104,324,,156,173,,76
2017-12-31 12:00:00,42,50,,124,52,64,57,84,,157,85,,60
2017-12-31 13:00:00,355,112,,136,46,163,36,117,,133,79,,62
2017-12-31 14:00:00,6,103,,268,54,77,79,107,,121,72,,72
2017-12-31 15:00:00,16,48,,10,58,53,73,122,,90,116,,71
2017-12-31 16:00:00,45,50,,104,59,59,79,77,,93,102,,60
2017-12-31 17:00:00,70,25,,89,66,24,71,60,,93,83,,64
2017-12-31 18:00:00,11,351,,25,77,15,41,115,,99,118,,99
2017-12-31 19:00:00,5,351,,31,82,40,43,287,,139,93,,119
2017-12-31 20:00:00,12,,,186,86,72,42,281,,156,90,,117
2017-12-31 21:00:00,52,346,,56,98,358,46,296,,108,126,,116
2017-12-31 22:00:00,48,346,,201,82,99,52,298,,153,113,,106
2017-12-31 23:00:00,41,352,,140,67,102,50,295,,150,,,110
2018-01-01 00:00:00,,,,,,293,,,,,,,
2018-01-01 01:00:00,59,341,,22,88,306,44,278,,275,93,,101
2018-01-01 02:00:00,74,334,,28,92,233,43,282,,293,96,,100
2018-01-01 03:00:00,62,343,,100,74,70,48,287,,310,108,,98
2018-01-01 04:00:00,58,342,,134,70,248,48,279,,306,100,,90
2018-01-01 05:00:00,60,344,,44,68,131,51,276,,305,195,,83
2018-01-01 06:00:00,57,346,,39,70,256,43,272,,312,269,,75
2018-01-01 07:00:00,84,336,,47,67,266,50,275,,307,283,,77
2018-01-01 08:00:00,65,338,,41,68,218,49,284,,309,309,,89
2018-01-01 09:00:00,83,343,,43,66,346,52,283,,320,313,,91
2018-01-01 10:00:00,63,335,,30,64,333,45,288,,319,318,,
2018-01-01 11:00:00,57,346,,217,62,301,35,279,,321,318,,96
2018-01-01 12:00:00,36,358,,30,60,47,49,287,,324,335,,81
2018-01-01 13:00:00,45,352,,38,65,97,57,290,,336,342,,65
2018-01-01 14:00:00,50,351,,55,60,16,56,295,,340,333,,75
2018-01-01 15:00:00,63,349,,108,63,86,58,297,,337,342,,74
2018-01-01 16:00:00,76,353,,46,63,87,58,303,,334,35,,79
2018-01-01 17:00:00,33,353,,54,60,63,58,302,,315,160,,67
2018-01-01 18:00:00,34,351,,184,57,223,54,302,,264,134,,75
2018-01-01 19:00:00,57,356,,239,62,217,55,301,,149,138,,80
2018-01-01 20:00:00,34,358,,227,69,234,56,307,,151,157,,80
2018-01-01 21:00:00,23,355,,124,67,261,42,91,,165,170,,77
2018-01-01 22:00:00,42,104,,112,65,264,55,115,,161,162,,75
2018-01-01 23:00:00,17,95,,294,68,263,81,111,,149,161,,70
2018-01-02 00:00:00,57,98,,51,71,214,94,100,,141,159,,72
2018-01-02 01:00:00,57,95,,94,79,243,114,109,,144,174,,74
2018-01-02 02:00:00,30,98,,131,79,261,97,104,,149,173,,85
2018-01-02 03:00:00,39,98,,131,59,265,93,98,,148,163,,82
2018-01-02 04:00:00,62,109,,132,56,217,133,112,,140,167,,94
2018-01-02 05:00:00,60,95,,136,56,247,107,119,,141,165,,87
2018-01-02 06:00:00,48,97,,150,55,200,92,101,,129,165,,90
2018-01-02 07:00:00,79,91,,164,56,228,88,105,,144,164,,74
2018-01-02 08:00:00,90,,,148,,216,87,100,,146,177,,80
2018-01-02 09:00:00,98,60,,150,52,47,71,101,,129,151,,82
2018-01-02 10:00:00,89,54,,144,49,73,85,315,,141,158,,89
2018-01-02 11:00:00,87,61,,133,53,100,75,306,,164,181,,79
2018-01-02 12:00:00,70,98,,146,51,109,83,313,,175,183,,91
2018-01-02 13:00:00,20,77,,163,55,101,24,,,73,65,,63
2018-01-02 14:00:00,38,33,,161,59,116,73,306,,69,88,,69
2018-01-02 15:00:00,88,48,,160,53,104,83,308,,87,88,,86
2018-01-02 16:00:00,115,31,,158,45,108,56,312,,89,118,,76
2018-01-02 17:00:00,79,28,,154,44,110,46,309,,87,43,,75
2018-01-02 18:00:00,118,34,,148,42,103,65,311,,71,74,,84
2018-01-02 19:00:00,84,20,,192,55,147,61,299,,69,101,,95
2018-01-02 20:00:00,34,350,,253,62,147,48,291,,2,173,,87
2018-01-02 21:00:00,70,343,,198,83,140,41,281,,329,325,,90
2018-01-02 22:00:00,73,341,,195,37,139,43,291,,325,322,,83
2018-01-02 23:00:00,97,334,,175,4,203,47,297,,332,335,,70
2018-01-03 00:00:00,68,334,,147,60,225,41,297,,335,338,,68
2018-01-03 01:00:00,62,342,,153,108,190,47,297,,340,339,,68
2018-01-03 02:00:00,79,339,,147,321,208,56,301,,331,335,,57
2018-01-03 03:00:00,103,346,,129,267,226,73,309,,7,323,,64
2018-01-03 04:00:00,100,341,,133,280,219,59,305,,332,331,,74
2018-01-03 05:00:00,46,341,,162,278,240,46,304,,330,343,,81
2018-01-03 06:00:00,60,341,,169,293,257,43,292,,334,340,,76
2018-01-03 07:00:00,47,355,,171,54,285,45,293,,339,336,,71
2018-01-03 08:00:00,66,8,,177,56,276,51,298,,334,336,,73
2018-01-03 09:00:00,91,342,,143,58,135,56,304,,327,337,,74
2018-01-03 10:00:00,97,321,,140,332,79,50,297,,336,348,,85
2018-01-03 11:00:00,144,306,,154,304,109,22,288,,339,336,,51
2018-01-03 12:00:00,156,262,,221,305,109,274,278,,325,342,,218
2018-01-03 13:00:00,32,318,,299,296,107,348,303,,337,355,,33
2018-01-03 14:00:00,29,334,,327,292,113,33,293,,345,352,,84
2018-01-03 15:00:00,74,351,,183,291,111,56,290,,343,343,,84
2018-01-03 16:00:00,110,1,,170,292,107,59,302,,336,354,,89
2018-01-03 17:00:00,88,6,,143,59,124,52,269,,326,347,,114
2018-01-03 18:00:00,189,10,,134,75,157,95,217,,287,85,,111
2018-01-03 19:00:00,241,17,,165,105,177,70,217,,157,136,,118
2018-01-03 20:00:00,247,68,,307,183,171,57,218,,171,159,,119
2018-01-03 21:00:00,286,113,,274,209,235,56,154,,234,254,,199
2018-01-03 22:00:00,252,59,,298,217,233,5,206,,242,306,,175
2018-01-03 23:00:00,266,319,,286,223,275,13,186,,267,320,,237
2018-01-04 00:00:00,281,288,,262,216,211,304,157,,287,327,,232
2018-01-04 01:00:00,255,275,,283,227,239,251,176,,288,349,,243
2018-01-04 02:00:00,272,244,,278,210,254,249,156,,313,338,,239
2018-01-04 03:00:00,287,209,,261,235,259,247,132,,286,332,,249
2018-01-04 04:00:00,315,183,,260,263,250,265,123,,294,327,,232
2018-01-04 05:00:00,346,281,,256,131,168,283,151,,279,313,,231
2018-01-04 06:00:00,313,191,,248,220,128,282,100,,284,304,,228
2018-01-04 07:00:00,259,202,,263,210,256,264,94,,276,302,,255
2018-01-04 08:00:00,239,207,,270,220,137,255,90,,299,339,,242
2018-01-04 09:00:00,28,232,,268,204,349,269,94,,276,270,,245
2018-01-04 10:00:00,44,53,,259,33,112,39,88,,139,182,,163
2018-01-04 11:00:00,76,94,,124,58,274,119,107,,149,183,,100
2018-01-04 12:00:00,60,95,,105,66,,122,104,,127,151,,80
2018-01-04 13:00:00,48,103,,106,68,29,123,112,,130,141,,67
2018-01-04 14:00:00,58,96,,103,67,22,104,117,,123,151,,62
2018-01-04 15:00:00,50,94,,96,57,360,120,106,,117,158,,56
2018-01-04 16:00:00,59,98,,86,60,324,114,90,,124,143,,56
2018-01-04 17:00:00,75,95,,100,60,318,119,92,,117,135,,60
2018-01-04 18:00:00,81,94,,95,62,306,114,93,,122,131,,74
2018-01-04 19:00:00,90,94,,92,69,325,120,117,,123,123,,74
2018-01-04 20:00:00,111,106,,92,74,321,125,119,,194,119,,78
2018-01-04 21:00:00,98,96,,94,78,327,120,133,,199,220,,87
2018-01-04 22:00:00,87,80,,91,125,12,96,109,,191,177,,117
2018-01-04 23:00:00,91,73,,92,151,3,66,116,,184,134,,122
2018-01-05 00:00:00,40,83,,99,148,130,65,113,,160,192,,125
2018-01-05 01:00:00,326,94,,102,151,257,58,139,,252,87,,149
2018-01-05 02:00:00,312,99,,278,151,242,19,101,,115,118,,166
2018-01-05 03:00:00,315,43,,270,221,216,64,209,,74,74,,204
2018-01-05 04:00:00,140,81,,117,121,206,82,259,,276,323,,139
2018-01-05 05:00:00,209,51,,140,48,129,53,256,,316,325,,142
2018-01-05 06:00:00,261,348,,253,353,115,39,229,,317,355,,138
2018-01-05 07:00:00,353,326,,255,340,117,30,128,,349,18,,143
2018-01-05 08:00:00,307,312,,261,251,128,30,270,,325,352,,197
2018-01-05 09:00:00,327,301,,282,315,66,31,285,,320,338,,230
2018-01-05 10:00:00,8,298,,304,29,81,267,296,,332,343,,204
2018-01-05 11:00:00,33,334,,279,334,66,317,,,2,5,,196
2018-01-05 12:00:00,40,37,,211,37,95,56,314,,67,51,,99
2018-01-05 13:00:00,72,109,,130,53,102,71,10,,70,132,,78
2018-01-05 14:00:00,85,99,,132,41,91,88,98,,114,153,,79
2018-01-05 15:00:00,77,85,,148,53,86,81,92,,127,143,,74
2018-01-05 16:00:00,80,96,,94,59,94,93,112,,122,133,,62
2018-01-05 17:00:00,70,94,,94,58,93,107,100,,108,144,,66
2018-01-05 18:00:00,80,95,,109,72,94,118,123,,123,129,,91
2018-01-05 19:00:00,108,96,,92,98,119,123,126,,123,110,,107
2018-01-05 20:00:00,108,97,,103,114,147,124,125,,175,130,,89
2018-01-05 21:00:00,147,95,,105,202,129,117,122,,193,274,,150
2018-01-05 22:00:00,235,99,,248,199,145,128,119,,237,306,,218
2018-01-05 23:00:00,246,113,,288,207,174,124,149,,253,314,,212
2018-01-06 00:00:00,246,122,,291,213,100,254,164,,274,326,,204
2018-01-06 01:00:00,240,186,,276,222,107,275,170,,289,345,,225
2018-01-06 02:00:00,239,255,,282,206,135,257,214,,298,,,229
2018-01-06 03:00:00,258,267,,286,238,18,267,178,,292,333,,205
2018-01-06 04:00:00,342,271,,291,234,184,274,227,,293,333,,242
2018-01-06 05:00:00,239,288,,302,220,175,266,251,,300,334,,235
2018-01-06 06:00:00,279,268,,291,227,100,271,251,,303,352,,190
2018-01-06 07:00:00,250,216,,305,227,146,254,271,,280,317,,237
2018-01-06 08:00:00,301,189,,283,223,120,280,97,,287,322,,202
2018-01-06 09:00:00,278,330,,289,283,118,276,95,,282,259,,52
2018-01-06 10:00:00,28,329,,284,240,98,284,312,,318,298,,96
2018-01-06 11:00:00,32,40,,311,55,87,56,326,,349,45,,80
2018-01-06 12:00:00,71,114,,138,43,96,79,331,,25,133,,82
2018-01-06 13:00:00,74,107,,134,36,92,85,101,,82,162,,80
2018-01-06 14:00:00,69,96,,162,44,91,75,103,,103,152,,84
2018-01-06 15:00:00,93,100,,149,53,78,84,309,,97,135,,73
2018-01-06 16:00:00,67,81,,126,58,91,113,99,,121,148,,86
2018-01-06 17:00:00,61,92,,116,70,96,95,109,,124,136,,80
2018-01-06 18:00:00,74,90,,91,64,94,104,112,,111,100,,72
2018-01-06 19:00:00,71,77,,89,84,85,99,118,,117,103,,91
2018-01-06 20:00:00,88,94,,100,101,97,106,115,,207,221,,119
2018-01-06 21:00:00,113,89,,127,146,145,90,124,,200,346,,131
2018-01-06 22:00:00,88,71,,259,159,267,28,123,,117,122,,184
2018-01-06 23:00:00,326,344,,222,174,112,48,117,,105,127,,232
2018-01-07 00:00:00,301,99,,253,161,117,56,115,,185,75,,211
2018-01-07 01:00:00,260,75,,298,325,132,352,171,,246,130,,180
2018-01-07 02:00:00,237,31,,266,217,133,54,246,,,291,,260
2018-01-07 03:00:00,233,31,,104,218,40,40,152,,182,84,,90
2018-01-07 04:00:00,292,23,,279,249,67,27,264,,197,194,,201
2018-01-07 05:00:00,271,301,,287,209,84,283,164,,318,308,,250
2018-01-07 06:00:00,319,272,,260,328,41,280,131,,293,352,,237
2018-01-07 07:00:00,239,193,,292,241,34,305,,,293,338,,242
2018-01-07 08:00:00,240,194,,299,257,358,299,253,,340,321,,250
2018-01-07 09:00:00,239,235,,299,137,4,286,286,,328,4,,261
2018-01-07 10:00:00,225,247,,304,150,96,289,301,,340,29,,259
2018-01-07 11:00:00,330,287,,289,268,98,291,311,,343,14,,15
2018-01-07 12:00:00,24,347,,242,111,92,52,322,,5,29,,84
2018-01-07 13:00:00,83,99,,188,355,77,39,350,,58,330,,83
2018-01-07 14:00:00,5,86,,191,27,102,55,323,,254,219,,81
2018-01-07 15:00:00,73,104,,117,29,127,68,345,,149,187,,83
2018-01-07 16:00:00,85,83,,133,49,99,75,111,,102,10,,82
2018-01-07 17:00:00,65,67,,135,58,119,63,290,,127,346,,78
2018-01-07 18:00:00,93,31,,145,41,105,90,152,,353,308,,161
2018-01-07 19:00:00,245,70,,183,195,213,286,207,,330,4,,151
2018-01-07 20:00:00,235,352,,248,207,228,327,144,,291,327,,248
2018-01-07 21:00:00,258,309,,265,217,240,36,125,,293,323,,245
2018-01-07 22:00:00,222,292,,206,124,259,7,263,,303,343,,89
2018-01-07 23:00:00,229,259,,321,245,197,297,236,,325,332,,241
2018-01-08 00:00:00,260,251,,294,237,,271,243,,310,330,,268
2018-01-08 01:00:00,266,307,,277,261,,332,247,,347,351,,262
2018-01-08 02:00:00,148,333,,283,257,,46,278,,323,345,,22
2018-01-08 03:00:00,165,277,,95,66,,21,,,312,308,,68
2018-01-08 04:00:00,150,265,,102,232,,227,268,,299,351,,176
2018-01-08 05:00:00,129,294,,100,213,,102,267,,302,326,,165
2018-01-08 06:00:00,141,289,,267,208,,51,254,,313,305,,292
2018-01-08 07:00:00,148,301,,296,236,,45,270,,302,314,,177
2018-01-08 08:00:00,147,303,,98,242,,32,264,,294,318,,343
2018-01-08 09:00:00,152,299,,100,235,,336,265,,300,311,,245
2018-01-08 10:00:00,132,347,,86,206,,34,297,,325,340,,250
2018-01-08 11:00:00,78,348,,173,266,,35,288,,337,351,,87
2018-01-08 12:00:00,96,324,,212,253,,50,294,,345,355,,85
2018-01-08 13:00:00,14,333,,191,12,,54,296,,329,345,,80
2018-01-08 14:00:00,31,337,,169,66,,43,302,,328,349,,90
2018-01-08 15:00:00,50,343,,187,41,,54,293,,337,354,,96
2018-01-08 16:00:00,47,348,,129,59,108,79,285,,343,15,,108
2018-01-08 17:00:00,79,,,92,70,106,55,250,,330,55,,122
2018-01-08 18:00:00,194,39,,80,113,97,74,215,,359,79,,129
2018-01-08 19:00:00,236,10,,67,163,185,56,206,,143,124,,92
2018-01-08 20:00:00,261,16,,257,102,250,62,138,,218,172,,116
2018-01-08 21:00:00,217,274,,184,174,253,45,124,,215,221,,118
2018-01-08 22:00:00,232,102,,279,215,265,36,148,,205,250,,153
2018-01-08 23:00:00,283,220,,291,210,281,261,173,,203,203,,258
2018-01-09 00:00:00,229,319,,284,213,108,69,123,,199,166,,239
2018-01-09 01:00:00,272,332,,286,219,70,38,106,,198,204,,220
2018-01-09 02:00:00,253,305,,269,201,293,267,15,,254,326,,224
2018-01-09 03:00:00,258,280,,274,233,254,264,167,,252,330,,206
2018-01-09 04:00:00,232,329,,269,224,226,257,115,,314,357,,228
2018-01-09 05:00:00,3,304,,277,208,218,261,87,,294,323,,233
2018-01-09 06:00:00,336,356,,274,221,296,287,159,,300,330,,239
2018-01-09 07:00:00,303,317,,248,231,47,278,131,,291,318,,236
2018-01-09 08:00:00,268,296,,258,333,50,260,123,,285,315,,231
2018-01-09 09:00:00,330,293,,285,256,39,244,88,,299,308,,254
2018-01-09 10:00:00,30,307,,288,297,14,26,94,,334,335,,237
2018-01-09 11:00:00,53,69,,230,343,19,36,101,,162,204,,126
2018-01-09 12:00:00,11,94,,142,43,16,355,,,176,177,,97
2018-01-09 13:00:00,14,107,,136,56,15,286,118,,169,179,,95
2018-01-09 14:00:00,99,88,,134,30,14,271,117,,144,166,,96
2018-01-09 15:00:00,76,118,,126,45,14,107,119,,128,150,,74
2018-01-09 16:00:00,67,97,,106,54,16,113,112,,124,143,,76
2018-01-09 17:00:00,52,92,,95,57,65,106,113,,113,130,,68
2018-01-09 18:00:00,101,91,,98,65,66,112,115,,118,121,,67
2018-01-09 19:00:00,61,95,,106,141,46,115,118,,165,104,,106
2018-01-09 20:00:00,97,91,,111,125,56,98,134,,183,251,,144
2018-01-09 21:00:00,355,95,,80,163,81,102,117,,208,293,,167
2018-01-09 22:00:00,265,85,,315,169,43,81,106,,264,352,,232
2018-01-09 23:00:00,244,109,,289,202,47,59,109,,267,358,,228
2018-01-10 00:00:00,247,61,,269,204,45,48,203,,261,32,,239
2018-01-10 01:00:00,270,56,,284,249,32,60,218,,276,352,,243
2018-01-10 02:00:00,246,17,,291,214,40,256,198,,318,318,,242
2018-01-10 03:00:00,295,44,,268,223,47,302,228,,301,23,,243
2018-01-10 04:00:00,245,316,,278,220,50,18,255,,316,316,,243
2018-01-10 05:00:00,278,292,,287,221,32,300,275,,296,339,,246
2018-01-10 06:00:00,240,274,,285,240,14,286,277,,312,307,,240
2018-01-10 07:00:00,268,270,,293,197,21,286,188,,313,309,,233
2018-01-10 08:00:00,264,270,,291,231,48,271,218,,301,268,,232
2018-01-10 09:00:00,233,237,,294,214,47,263,287,,312,269,,231
2018-01-10 10:00:00,89,167,,235,327,53,239,319,,338,343,,41
2018-01-10 11:00:00,15,342,,195,14,49,,309,,344,38,,59
2018-01-10 12:00:00,84,20,,163,37,61,125,322,,346,71,,69
2018-01-10 13:00:00,90,70,,130,39,145,103,40,,116,114,,69
2018-01-10 14:00:00,74,97,,143,39,163,92,99,,130,157,,87
2018-01-10 15:00:00,70,106,,150,52,164,83,76,,105,145,,94
2018-01-10 16:00:00,90,103,,120,46,102,126,61,,123,162,,82
2018-01-10 17:00:00,65,93,,133,60,84,106,127,,151,162,,98
2018-01-10 18:00:00,76,100,,129,81,102,124,113,,153,145,,108
2018-01-10 19:00:00,117,100,,115,72,93,119,118,,214,147,,129
2018-01-10 20:00:00,228,110,,269,125,104,77,128,,245,172,,168
2018-01-10 21:00:00,237,125,,273,195,104,248,88,,261,315,,220
2018-01-10 22:00:00,261,301,,270,236,110,296,240,,297,324,,236
2018-01-10 23:00:00,241,254,,286,226,103,255,238,,296,352,,247
2018-01-11 00:00:00,241,212,,293,227,127,263,279,,338,6,,245
2018-01-11 01:00:00,250,247,,299,216,122,270,232,,298,39,,231
2018-01-11 02:00:00,300,264,,308,174,127,294,278,,291,26,,168
2018-01-11 03:00:00,237,229,,262,240,143,264,280,,326,339,,234
2018-01-11 04:00:00,129,296,,207,256,138,339,255,,333,329,,248
2018-01-11 05:00:00,156,327,,306,261,93,60,272,,323,312,,248
2018-01-11 06:00:00,139,313,,282,253,42,72,326,,314,316,,259
2018-01-11 07:00:00,151,342,,116,260,42,131,189,,307,145,,99
2018-01-11 08:00:00,224,34,,112,262,34,141,100,,312,262,,114
2018-01-11 09:00:00,131,110,,115,246,350,224,106,,301,260,,272
2018-01-11 10:00:00,112,90,,134,255,356,129,76,,103,154,,82
2018-01-11 11:00:00,118,79,,182,259,313,133,88,,90,152,,83
2018-01-11 12:00:00,110,71,,271,257,295,106,91,,100,140,,284
2018-01-11 13:00:00,101,75,,279,251,286,105,110,,125,157,,285
2018-01-11 14:00:00,99,52,,217,265,215,117,48,,132,164,,276
2018-01-11 15:00:00,101,15,,25,296,131,98,46,,191,176,,175
2018-01-11 16:00:00,133,337,,305,301,120,54,92,,355,221,,95
2018-01-11 17:00:00,148,330,,270,291,80,5,126,,5,264,,106
2018-01-11 18:00:00,202,337,,296,290,78,10,159,,6,,,293
2018-01-11 19:00:00,352,1,,303,272,85,35,266,,16,357,,279
2018-01-11 20:00:00,104,349,,343,249,100,41,276,,337,336,,98
2018-01-11 21:00:00,113,347,,216,257,41,38,274,,331,337,,92
2018-01-11 22:00:00,47,,,53,246,351,34,266,,333,335,,98
2018-01-11 23:00:00,81,345,,29,249,12,39,276,,343,305,,95
2018-01-12 00:00:00,22,347,,39,238,60,26,268,,,,,101
2018-01-12 01:00:00,65,339,,50,255,,22,261,,303,317,,97
2018-01-12 02:00:00,154,329,,133,326,33,29,247,,296,329,,103
2018-01-12 03:00:00,131,321,,127,334,5,40,241,,308,328,,100
2018-01-12 04:00:00,115,333,,36,316,280,43,249,,295,333,,104
2018-01-12 05:00:00,132,338,,155,247,308,40,224,,314,312,,95
2018-01-12 06:00:00,123,350,,126,215,263,79,226,,310,297,,97
2018-01-12 07:00:00,126,338,,184,166,320,100,239,,302,356,,89
2018-01-12 08:00:00,127,327,,154,126,96,131,229,,305,312,,83
2018-01-12 09:00:00,140,330,,122,94,121,128,105,,294,307,,63
2018-01-12 10:00:00,106,330,,119,68,114,48,308,,322,344,,76
2018-01-12 11:00:00,95,3,,135,51,89,71,333,,340,19,,76
2018-01-12 12:00:00,64,353,,148,43,133,77,81,,191,71,,75
2018-01-12 13:00:00,85,62,,137,51,135,74,118,,96,204,,72
2018-01-12 14:00:00,77,128,,130,48,113,80,125,,144,189,,72
2018-01-12 15:00:00,55,98,,105,59,121,113,120,,120,182,,64
2018-01-12 16:00:00,73,89,,92,56,94,109,119,,128,139,,63
2018-01-12 17:00:00,92,98,,100,57,107,,125,,126,152,,69
2018-01-12 18:00:00,133,96,,96,62,112,128,132,,127,155,,100
2018-01-12 19:00:00,127,110,,95,90,113,136,130,,159,135,,88
2018-01-12 20:00:00,133,98,,98,140,111,131,125,,186,160,,89
2018-01-12 21:00:00,141,92,,101,153,100,125,122,,184,235,,138
2018-01-12 22:00:00,144,97,,104,145,132,119,111,,189,261,,188
2018-01-12 23:00:00,123,102,,120,153,147,125,105,,167,184,,188
2018-01-13 00:00:00,217,91,,222,167,171,120,106,,192,273,,208
2018-01-13 01:00:00,346,56,,102,150,293,64,107,,59,42,,191
2018-01-13 02:00:00,321,29,,163,155,276,61,119,,280,339,,203
2018-01-13 03:00:00,334,12,,269,170,286,65,171,,30,2,,134
2018-01-13 04:00:00,21,359,,270,152,254,50,114,,222,358,,226
2018-01-13 05:00:00,325,42,,319,217,321,58,176,,150,97,,129
2018-01-13 06:00:00,37,53,,258,60,269,78,222,,213,294,,115
2018-01-13 07:00:00,18,110,,249,157,253,109,253,,230,290,,111
2018-01-13 08:00:00,324,50,,235,41,204,56,348,,198,297,,117
2018-01-13 09:00:00,357,90,,3,206,318,86,107,,189,251,,116
2018-01-13 10:00:00,85,96,,104,74,315,150,100,,139,164,,92
2018-01-13 11:00:00,54,93,,91,75,134,115,102,,120,146,,58
2018-01-13 12:00:00,55,99,,105,70,130,119,91,,135,150,,54
2018-01-13 13:00:00,57,95,,92,63,153,114,91,,141,153,,55
2018-01-13 14:00:00,61,94,,91,60,101,119,99,,133,163,,62
2018-01-13 15:00:00,59,86,,88,52,111,104,99,,124,151,,56
2018-01-13 16:00:00,70,92,,90,51,111,107,94,,124,141,,53
2018-01-13 17:00:00,83,94,,90,57,103,112,79,,124,138,,61
2018-01-13 18:00:00,98,91,,90,56,145,119,83,,117,129,,78
2018-01-13 19:00:00,86,80,,85,62,163,116,99,,99,98,,81
2018-01-13 20:00:00,87,98,,91,63,129,126,114,,156,101,,73
2018-01-13 21:00:00,129,105,,96,55,131,117,120,,189,180,,65
2018-01-13 22:00:00,110,107,,97,115,222,129,118,,176,174,,70
2018-01-13 23:00:00,134,107,,100,87,256,125,118,,181,161,,63
2018-01-14 00:00:00,124,102,,104,84,124,124,116,,130,147,,60
2018-01-14 01:00:00,85,95,,106,127,131,112,114,,112,108,,70
2018-01-14 02:00:00,54,96,,102,109,259,103,128,,124,80,,104
2018-01-14 03:00:00,35,58,,124,158,129,83,137,,112,78,,138
2018-01-14 04:00:00,42,86,,335,150,120,78,119,,146,148,,114
2018-01-14 05:00:00,1,27,,307,90,286,61,132,,220,314,,111
2018-01-14 06:00:00,357,29,,269,176,296,62,164,,89,313,,136
2018-01-14 07:00:00,25,41,,311,205,301,72,114,,112,251,,245
2018-01-14 08:00:00,324,106,,328,172,287,55,115,,104,28,,251
2018-01-14 09:00:00,241,36,,281,328,261,47,119,,108,51,,248
2018-01-14 10:00:00,34,5,,214,215,15,51,85,,88,18,,257
2018-01-14 11:00:00,35,17,,103,66,128,45,106,,50,39,,168
2018-01-14 12:00:00,33,73,,161,30,172,68,333,,108,159,,96
2018-01-14 13:00:00,68,109,,127,39,2,71,327,,145,158,,68
2018-01-14 14:00:00,70,106,,132,50,134,69,314,,120,153,,75
2018-01-14 15:00:00,73,97,,145,53,141,82,95,,114,165,,71
2018-01-14 16:00:00,70,81,,109,59,120,83,110,,129,134,,72
2018-01-14 17:00:00,50,80,,95,63,106,93,119,,123,138,,67
2018-01-14 18:00:00,61,94,,73,64,99,90,142,,112,119,,75
2018-01-14 19:00:00,75,81,,86,70,110,108,128,,96,64,,104
2018-01-14 20:00:00,77,59,,78,153,222,94,138,,261,326,,111
2018-01-14 21:00:00,18,352,,255,159,244,50,137,,283,313,,130
2018-01-14 22:00:00,305,3,,270,173,272,347,103,,188,300,,157
2018-01-14 23:00:00,334,71,,231,289,262,69,124,,235,99,,127
2018-01-15 00:00:00,28,72,,114,124,271,76,259,,344,64,,134
2018-01-15 01:00:00,11,60,,139,124,264,82,197,,261,344,,173
2018-01-15 02:00:00,269,278,,152,160,240,120,173,,262,297,,219
2018-01-15 03:00:00,276,68,,190,220,240,68,148,,280,319,,247
2018-01-15 04:00:00,228,322,,274,255,223,325,210,,327,1,,175
2018-01-15 05:00:00,227,356,,290,200,255,11,201,,286,312,,249
2018-01-15 06:00:00,242,258,,283,234,106,274,241,,300,351,,178
2018-01-15 07:00:00,275,312,,298,272,146,352,209,,309,293,,243
2018-01-15 08:00:00,235,297,,294,194,94,314,247,,290,339,,238
2018-01-15 09:00:00,249,305,,345,321,112,274,274,,313,298,,255
2018-01-15 10:00:00,4,336,,278,3,114,339,307,,357,1,,294
2018-01-15 11:00:00,60,337,,166,20,93,40,319,,358,38,,67
2018-01-15 12:00:00,34,10,,227,41,60,58,342,,334,145,,95
2018-01-15 13:00:00,73,86,,162,42,33,88,111,,159,170,,78
2018-01-15 14:00:00,65,84,,136,45,30,90,113,,159,164,,74
2018-01-15 15:00:00,54,96,,95,59,15,103,114,,153,158,,
2018-01-15 16:00:00,64,114,,90,64,23,125,136,,146,153,,64
2018-01-15 17:00:00,116,107,,101,61,17,138,133,,139,161,,93
2018-01-15 18:00:00,133,99,,97,69,354,132,146,,135,163,,106
2018-01-15 19:00:00,115,105,,98,84,271,138,124,,157,131,,112
2018-01-15 20:00:00,125,76,,187,135,45,117,98,,208,167,,147
2018-01-15 21:00:00,304,82,,247,172,356,44,104,,172,171,,159
2018-01-15 22:00:00,242,108,,262,168,277,51,111,,163,146,,205
2018-01-15 23:00:00,85,74,,283,150,249,51,132,,99,102,,217
2018-01-16 00:00:00,37,62,,240,130,256,60,229,,142,116,,127
2018-01-16 01:00:00,1,27,,284,120,260,56,280,,174,101,,111
2018-01-16 02:00:00,9,347,,252,198,275,55,291,,357,4,,113
2018-01-16 03:00:00,15,336,,258,167,235,34,281,,325,4,,100
2018-01-16 04:00:00,333,282,,94,144,252,19,272,,298,325,,166
2018-01-16 05:00:00,283,286,,117,60,260,298,260,,285,315,,137
2018-01-16 06:00:00,242,332,,242,283,259,21,244,,300,324,,102
2018-01-16 07:00:00,33,332,,211,58,242,45,230,,296,298,,88
2018-01-16 08:00:00,42,346,,35,72,233,46,282,,332,333,,89
2018-01-16 09:00:00,57,330,,39,89,341,39,267,,325,332,,98
2018-01-16 10:00:00,52,339,,39,74,133,42,270,,327,339,,105
2018-01-16 11:00:00,49,353,,39,91,96,45,268,,331,338,,101
2018-01-16 12:00:00,50,1,,42,128,90,49,275,,334,338,,100
2018-01-16 13:00:00,62,356,,40,120,97,50,275,,334,339,,93
2018-01-16 14:00:00,58,351,,32,109,91,43,287,,328,340,,96
2018-01-16 15:00:00,58,348,,39,94,105,40,288,,331,332,,100
2018-01-16 16:00:00,46,352,,41,71,113,49,289,,331,333,,100
2018-01-16 17:00:00,58,352,,47,61,104,50,285,,343,336,,97
2018-01-16 18:00:00,74,348,,45,57,109,50,285,,336,335,,87
2018-01-16 19:00:00,82,349,,45,62,109,46,282,,329,335,,88
2018-01-16 20:00:00,82,339,,354,56,106,46,280,,327,335,,88
2018-01-16 21:00:00,63,333,,195,46,57,45,289,,332,341,,84
2018-01-16 22:00:00,90,349,,143,44,69,59,297,,340,341,,78
2018-01-16 23:00:00,104,351,,161,57,82,63,303,,344,340,,84
2018-01-17 00:00:00,81,354,,164,55,105,62,302,,331,328,,80
2018-01-17 01:00:00,60,349,,170,55,102,58,302,,335,311,,76
2018-01-17 02:00:00,37,353,,200,51,72,61,301,,329,322,,76
2018-01-17 03:00:00,29,350,,214,57,118,56,297,,334,336,,88
2018-01-17 04:00:00,67,356,,182,49,119,53,298,,340,344,,76
2018-01-17 05:00:00,42,349,,191,58,298,56,287,,345,345,,81
2018-01-17 06:00:00,49,6,,195,66,43,51,291,,331,338,,75
2018-01-17 07:00:00,70,351,,159,55,185,59,297,,330,328,,75
2018-01-17 08:00:00,89,352,,163,56,101,62,299,,323,317,,74
2018-01-17 09:00:00,83,358,,164,56,144,57,301,,318,338,,79
2018-01-17 10:00:00,82,2,,160,58,106,49,304,,13,52,,79
2018-01-17 11:00:00,52,348,,280,54,93,52,298,,4,115,,79
2018-01-17 12:00:00,20,330,,240,51,105,50,293,,61,87,,75
2018-01-17 13:00:00,19,324,,202,54,107,41,297,,92,77,,74
2018-01-17 14:00:00,21,77,,50,56,83,25,298,,101,76,,96
2018-01-17 15:00:00,55,111,,148,63,99,74,138,,90,128,,80
2018-01-17 16:00:00,90,88,,107,77,93,126,121,,135,145,,87
2018-01-17 17:00:00,90,90,,88,76,109,122,118,,141,168,,84
2018-01-17 18:00:00,87,106,,109,77,110,135,97,,148,195,,78
2018-01-17 19:00:00,87,99,,116,70,102,135,87,,195,232,,77
2018-01-17 20:00:00,82,125,,113,84,103,146,102,,216,248,,77
2018-01-17 21:00:00,79,101,,109,63,104,133,107,,209,235,,64
2018-01-17 22:00:00,74,105,,110,58,102,111,120,,179,268,,64
2018-01-17 23:00:00,75,119,,110,62,92,140,124,,194,213,,69
2018-01-18 00:00:00,67,116,,102,62,87,139,119,,191,189,,67
2018-01-18 01:00:00,39,111,,97,74,57,105,115,,202,208,,61
2018-01-18 02:00:00,30,101,,96,82,40,98,110,,200,211,,101
2018-01-18 03:00:00,56,108,,136,68,21,86,98,,182,205,,103
2018-01-18 04:00:00,85,112,,150,53,29,94,109,,122,201,,92
2018-01-18 05:00:00,84,97,,131,17,18,90,315,,185,83,,92
2018-01-18 06:00:00,79,46,,192,289,21,99,295,,203,43,,93
2018-01-18 07:00:00,78,3,,261,54,97,77,287,,219,38,,89
2018-01-18 08:00:00,50,340,,275,61,92,45,285,,176,18,,83
2018-01-18 09:00:00,35,329,,263,36,99,43,281,,48,9,,131
2018-01-18 10:00:00,41,346,,246,298,89,46,277,,39,25,,228
2018-01-18 11:00:00,358,310,,284,347,85,56,289,,357,15,,123
2018-01-18 12:00:00,6,311,,317,243,80,55,289,,359,15,,73
2018-01-18 13:00:00,47,251,,286,269,101,52,295,,338,359,,82
2018-01-18 14:00:00,31,237,,292,342,94,68,295,,347,1,,75
2018-01-18 15:00:00,127,44,,193,68,67,164,278,,63,7,,78
2018-01-18 16:00:00,113,86,,132,59,67,105,259,,78,71,,81
2018-01-18 17:00:00,96,59,,131,48,67,87,206,,91,102,,76
2018-01-18 18:00:00,104,80,,140,51,49,97,102,,117,117,,86
2018-01-18 19:00:00,86,101,,134,56,69,106,106,,179,153,,86
2018-01-18 20:00:00,86,79,,117,38,86,101,104,,183,164,,79
2018-01-18 21:00:00,107,43,,107,57,85,55,116,,200,172,,80
2018-01-18 22:00:00,223,43,,96,67,108,58,272,,213,179,,82
2018-01-18 23:00:00,233,25,,241,28,81,57,318,,163,172,,79
2018-01-19 00:00:00,191,76,,282,30,82,64,105,,119,163,,73
2018-01-19 01:00:00,253,37,,255,316,49,61,242,,97,162,,196
2018-01-19 02:00:00,257,36,,276,214,7,65,96,,119,66,,221
2018-01-19 03:00:00,267,10,,268,276,335,59,106,,169,86,,241
2018-01-19 04:00:00,265,354,,278,249,294,38,125,,223,344,,150
2018-01-19 05:00:00,253,308,,279,221,318,339,253,,43,347,,190
2018-01-19 06:00:00,309,307,,289,200,271,21,150,,38,328,,220
2018-01-19 07:00:00,292,298,,280,64,93,271,93,,338,334,,235
2018-01-19 08:00:00,360,159,,296,48,238,272,88,,219,225,,194
2018-01-19 09:00:00,135,58,,332,113,267,296,106,,251,250,,58
2018-01-19 10:00:00,36,18,,249,63,311,325,286,,322,7,,37
2018-01-19 11:00:00,34,322,,281,15,78,46,311,,4,80,,75
2018-01-19 12:00:00,12,356,,184,42,20,30,320,,77,120,,88
2018-01-19 13:00:00,78,88,,165,5,22,74,325,,108,112,,87
2018-01-19 14:00:00,117,106,,149,13,14,95,333,,126,157,,82
2018-01-19 15:00:00,93,95,,130,48,32,104,71,,110,120,,84
2018-01-19 16:00:00,77,94,,125,52,48,113,103,,120,130,,80
2018-01-19 17:00:00,77,95,,129,59,80,118,106,,127,132,,81
2018-01-19 18:00:00,49,96,,136,58,95,99,105,,123,138,,96
2018-01-19 19:00:00,49,89,,138,57,109,104,110,,113,101,,116
2018-01-19 20:00:00,39,93,,140,55,287,111,100,,130,137,,113
2018-01-19 21:00:00,22,95,,136,69,17,93,99,,136,165,,113
2018-01-19 22:00:00,26,101,,134,86,124,99,116,,181,192,,109
2018-01-19 23:00:00,317,91,,146,98,123,87,115,,228,314,,99
2018-01-20 00:00:00,276,88,,262,131,96,53,201,,304,351,,134
2018-01-20 01:00:00,268,29,,264,234,92,64,238,,299,356,,234
2018-01-20 02:00:00,282,296,,281,229,44,341,242,,313,343,,194
2018-01-20 03:00:00,286,295,,283,213,327,294,238,,315,328,,247
2018-01-20 04:00:00,296,303,,282,194,300,284,238,,315,2,,242
2018-01-20 05:00:00,254,286,,243,236,291,338,263,,316,295,,202
2018-01-20 06:00:00,47,277,,244,226,268,240,272,,306,317,,223
2018-01-20 07:00:00,347,318,,252,234,318,302,267,,273,311,,211
2018-01-20 08:00:00,310,269,,275,224,25,3,95,,257,234,,253
2018-01-20 09:00:00,330,258,,294,229,355,259,71,,231,275,,250
2018-01-20 10:00:00,355,23,,280,312,11,329,5,,210,166,,236
2018-01-20 11:00:00,32,30,,260,346,2,66,55,,83,161,,88
2018-01-20 12:00:00,60,10,,137,31,35,69,319,,102,104,,82
2018-01-20 13:00:00,98,67,,134,34,18,70,329,,100,179,,86
2018-01-20 14:00:00,86,86,,138,39,35,75,335,,84,146,,90
2018-01-20 15:00:00,83,96,,132,54,29,119,335,,109,160,,86
2018-01-20 16:00:00,81,98,,119,60,35,115,103,,132,156,,81
2018-01-20 17:00:00,58,94,,114,62,12,103,109,,141,163,,79
2018-01-20 18:00:00,98,92,,107,63,4,118,125,,141,141,,93
2018-01-20 19:00:00,75,92,,95,81,50,119,124,,114,100,,114
2018-01-20 20:00:00,44,86,,99,135,335,88,119,,184,101,,128
2018-01-20 21:00:00,317,83,,128,135,30,64,113,,199,295,,138
2018-01-20 22:00:00,340,347,,226,148,257,59,104,,212,340,,149
2018-01-20 23:00:00,301,21,,257,170,79,50,107,,140,259,,225
2018-01-21 00:00:00,286,72,,263,161,115,51,143,,183,288,,240
2018-01-21 01:00:00,264,22,,276,146,228,50,246,,27,61,,195
2018-01-21 02:00:00,268,4,,253,192,279,41,240,,37,104,,243
2018-01-21 03:00:00,291,1,,147,162,292,51,260,,263,106,,198
2018-01-21 04:00:00,264,57,,275,241,334,14,285,,302,328,,238
2018-01-21 05:00:00,320,300,,284,146,29,354,287,,304,29,,228
2018-01-21 06:00:00,341,300,,283,188,33,283,287,,319,317,,179
2018-01-21 07:00:00,244,281,,314,195,82,284,288,,314,255,,212
2018-01-21 08:00:00,274,267,,319,259,118,285,276,,296,190,,228
2018-01-21 09:00:00,242,300,,273,130,162,310,254,,313,204,,237
2018-01-21 10:00:00,70,314,,198,163,133,47,323,,314,258,,208
2018-01-21 11:00:00,111,297,,114,270,195,72,320,,340,14,,97
2018-01-21 12:00:00,62,325,,140,289,75,77,75,,356,200,,78
2018-01-21 13:00:00,101,119,,124,291,82,47,97,,58,168,,87
2018-01-21 14:00:00,126,81,,132,291,78,91,45,,201,291,,88
2018-01-21 15:00:00,108,116,,143,288,56,132,312,,159,195,,86
2018-01-21 16:00:00,107,105,,135,261,53,124,86,,158,133,,81
2018-01-21 17:00:00,86,101,,125,266,164,112,106,,109,103,,82
2018-01-21 18:00:00,95,77,,111,287,156,127,113,,95,83,,97
2018-01-21 19:00:00,62,39,,132,81,128,77,134,,108,59,,90
2018-01-21 20:00:00,326,9,,278,345,119,61,144,,251,20,,121
2018-01-21 21:00:00,263,244,,267,295,194,22,214,,297,312,,132
2018-01-21 22:00:00,245,226,,274,237,280,275,152,,267,312,,192
2018-01-21 23:00:00,289,293,,272,208,159,295,167,,297,323,,224
2018-01-22 00:00:00,272,282,,271,216,225,276,155,,300,319,,226
2018-01-22 01:00:00,250,233,,264,223,278,262,124,,295,344,,239
2018-01-22 02:00:00,294,231,,295,221,237,269,122,,308,322,,233
2018-01-22 03:00:00,284,245,,290,180,242,273,189,,297,346,,255
2018-01-22 04:00:00,297,313,,288,224,319,312,183,,282,315,,235
2018-01-22 05:00:00,342,301,,257,241,228,52,280,,308,332,,230
2018-01-22 06:00:00,131,329,,149,185,178,53,271,,316,336,,107
2018-01-22 07:00:00,112,334,,219,73,88,45,261,,313,327,,102
2018-01-22 08:00:00,80,326,,86,57,342,40,269,,318,322,,100
2018-01-22 09:00:00,81,347,,39,37,5,64,260,,314,324,,106
2018-01-22 10:00:00,103,331,,108,22,21,78,273,,310,304,,100
2018-01-22 11:00:00,98,329,,135,47,44,71,280,,301,292,,90
2018-01-22 12:00:00,95,347,,135,59,50,61,282,,303,285,,82
2018-01-22 13:00:00,84,343,,112,70,41,40,298,,275,252,,97
2018-01-22 14:00:00,32,329,,35,77,52,37,299,,295,172,,88
2018-01-22 15:00:00,8,336,,15,67,58,36,298,,315,164,,80
2018-01-22 16:00:00,22,347,,202,55,64,37,316,,276,160,,78
2018-01-22 17:00:00,36,,,86,57,85,42,104,,236,119,,71
2018-01-22 18:00:00,16,346,,67,59,114,39,163,,122,136,,77
2018-01-22 19:00:00,56,22,,136,111,100,64,119,,179,154,,101
2018-01-22 20:00:00,29,34,,233,125,117,49,101,,195,189,,98
2018-01-22 21:00:00,49,86,,194,126,121,56,128,,207,247,,106
2018-01-22 22:00:00,181,15,,242,177,133,23,125,,219,261,,118
2018-01-22 23:00:00,149,311,,220,169,180,54,113,,213,265,,131
2018-01-23 00:00:00,93,302,,258,128,295,17,120,,227,290,,106
2018-01-23 01:00:00,117,311,,228,143,307,40,109,,292,19,,135
2018-01-23 02:00:00,113,318,,269,269,270,50,98,,337,28,,134
2018-01-23 03:00:00,82,313,,40,209,249,53,96,,281,324,,106
2018-01-23 04:00:00,49,312,,265,213,264,40,94,,291,323,,113
2018-01-23 05:00:00,212,311,,252,265,266,360,98,,309,354,,120
2018-01-23 06:00:00,255,307,,261,187,251,43,104,,310,349,,115
2018-01-23 07:00:00,255,332,,276,236,242,58,103,,289,296,,115
2018-01-23 08:00:00,213,325,,,94,259,61,106,,280,308,,120
2018-01-23 09:00:00,44,25,,,85,70,53,121,,267,284,,108
2018-01-23 10:00:00,49,68,,102,56,70,67,111,,223,273,,84
2018-01-23 11:00:00,76,96,,92,56,95,117,104,,89,119,,54
2018-01-23 12:00:00,71,92,,91,52,103,114,97,,122,146,,59
2018-01-23 13:00:00,82,94,,92,61,112,127,56,,131,155,,55
2018-01-23 14:00:00,91,104,,95,59,86,118,71,,121,152,,59
2018-01-23 15:00:00,91,103,,96,69,91,124,73,,131,145,,68
2018-01-23 16:00:00,92,115,,97,64,95,123,53,,139,143,,77
2018-01-23 17:00:00,89,105,,98,64,95,137,53,,128,139,,70
2018-01-23 18:00:00,87,108,,100,64,95,130,61,,161,175,,66
2018-01-23 19:00:00,132,112,,97,67,99,135,117,,194,201,,70
2018-01-23 20:00:00,144,112,,97,71,100,127,116,,194,262,,69
2018-01-23 21:00:00,134,69,,98,60,102,119,118,,135,50,,68
2018-01-23 22:00:00,90,52,,59,71,111,81,107,,88,29,,73
2018-01-23 23:00:00,72,60,,65,60,101,83,107,,46,41,,76
2018-01-24 00:00:00,65,64,,76,58,100,90,115,,105,78,,59
2018-01-24 01:00:00,63,73,,71,57,117,88,100,,121,122,,65
2018-01-24 02:00:00,73,95,,78,52,90,101,111,,131,121,,68
2018-01-24 03:00:00,105,96,,86,75,295,104,121,,310,77,,67
2018-01-24 04:00:00,96,91,,99,142,292,90,134,,10,331,,76
2018-01-24 05:00:00,315,32,,261,166,296,41,184,,293,14,,96
2018-01-24 06:00:00,30,9,,220,156,272,50,143,,115,314,,121
2018-01-24 07:00:00,50,15,,272,126,280,54,163,,204,169,,107
2018-01-24 08:00:00,65,43,,140,143,295,58,145,,149,183,,113
2018-01-24 09:00:00,37,10,,129,115,305,50,263,,249,234,,97
2018-01-24 10:00:00,87,58,,129,84,332,80,303,,281,284,,93
2018-01-24 11:00:00,67,65,,106,63,357,81,314,,6,276,,86
2018-01-24 12:00:00,72,95,,109,64,346,97,60,,71,75,,64
2018-01-24 13:00:00,67,98,,112,64,64,101,67,,105,112,,49
2018-01-24 14:00:00,79,102,,91,60,116,122,68,,108,102,,48
2018-01-24 15:00:00,85,98,,94,68,117,129,81,,131,115,,62
2018-01-24 16:00:00,98,107,,98,66,113,138,102,,150,135,,85
2018-01-24 17:00:00,134,108,,105,71,115,142,99,,131,127,,93
2018-01-24 18:00:00,143,104,,99,68,119,145,88,,131,145,,89
2018-01-24 19:00:00,133,99,,95,58,112,130,111,,129,155,,81
2018-01-24 20:00:00,122,108,,95,58,152,135,126,,147,161,,80
2018-01-24 21:00:00,124,107,,95,63,181,138,107,,146,167,,77
2018-01-24 22:00:00,127,100,,98,60,230,135,105,,145,169,,73
2018-01-24 23:00:00,125,87,,91,59,208,106,101,,127,162,,80
2018-01-25 00:00:00,121,73,,96,58,,116,102,,114,136,,71
2018-01-25 01:00:00,71,59,,113,67,294,67,103,,89,114,,64
2018-01-25 02:00:00,45,57,,134,79,230,68,111,,84,115,,75
2018-01-25 03:00:00,20,30,,206,118,249,51,128,,111,131,,121
2018-01-25 04:00:00,25,10,,252,133,165,55,134,,85,94,,113
2018-01-25 05:00:00,34,9,,211,166,202,44,311,,13,46,,111
2018-01-25 06:00:00,26,9,,196,36,255,43,301,,6,63,,108
2018-01-25 07:00:00,21,14,,96,118,276,45,306,,24,25,,115
2018-01-25 08:00:00,52,24,,105,112,210,46,265,,31,37,,96
2018-01-25 09:00:00,66,77,,92,99,80,89,150,,89,131,,88
2018-01-25 10:00:00,85,94,,96,86,96,85,101,,114,143,,82
2018-01-25 11:00:00,62,81,,85,75,100,100,116,,122,147,,59
2018-01-25 12:00:00,64,78,,92,58,132,76,120,,115,168,,62
2018-01-25 13:00:00,78,58,,101,58,128,80,95,,159,299,,67
2018-01-25 14:00:00,76,81,,123,57,129,90,106,,93,16,,69
2018-01-25 15:00:00,75,66,,80,61,145,93,102,,80,57,,74
2018-01-25 16:00:00,78,73,,97,61,124,90,113,,91,55,,74
2018-01-25 17:00:00,76,64,,80,62,107,84,89,,91,63,,77
2018-01-25 18:00:00,80,82,,123,65,85,82,85,,82,49,,75
2018-01-25 19:00:00,100,96,,110,76,82,94,100,,96,62,,82
2018-01-25 20:00:00,88,96,,117,91,142,93,98,,96,59,,99
2018-01-25 21:00:00,77,112,,115,74,322,93,105,,103,87,,93
2018-01-25 22:00:00,60,112,,116,84,248,93,114,,144,166,,96
2018-01-25 23:00:00,55,62,,113,96,272,91,108,,200,170,,135
2018-01-26 00:00:00,341,30,,111,341,161,93,108,,85,22,,144
2018-01-26 01:00:00,24,8,,214,24,205,63,263,,21,357,,254
2018-01-26 02:00:00,355,349,,261,355,28,36,295,,322,345,,267
2018-01-26 03:00:00,337,339,,269,337,38,34,290,,345,336,,247
2018-01-26 04:00:00,2,319,,248,2,84,28,290,,338,337,,187
2018-01-26 05:00:00,313,281,,258,313,357,312,284,,321,320,,242
2018-01-26 06:00:00,124,309,,182,124,355,54,266,,344,343,,250
2018-01-26 07:00:00,223,196,,116,223,355,254,250,,336,2,,88
2018-01-26 08:00:00,92,50,,96,92,12,277,124,,327,29,,164
2018-01-26 09:00:00,49,349,,156,49,9,27,93,,201,217,,180
2018-01-26 10:00:00,85,297,,280,85,51,31,263,,304,157,,130
2018-01-26 11:00:00,15,326,,126,15,45,35,313,,53,299,,105
2018-01-26 12:00:00,68,15,,214,68,47,51,319,,59,27,,100
2018-01-26 13:00:00,133,69,,218,133,83,65,317,,82,29,,89
2018-01-26 14:00:00,117,51,,159,117,45,62,312,,69,48,,100
2018-01-26 15:00:00,75,22,,240,75,45,69,305,,78,65,,95
2018-01-26 16:00:00,56,39,,237,56,38,54,309,,80,82,,73
2018-01-26 17:00:00,91,69,,151,91,48,75,309,,112,133,,87
2018-01-26 18:00:00,91,55,,133,91,86,93,312,,160,224,,90
2018-01-26 19:00:00,98,105,,148,98,95,84,100,,203,169,,101
2018-01-26 20:00:00,200,69,,230,200,119,195,126,,105,134,,119
2018-01-26 21:00:00,168,68,,246,168,123,97,115,,130,149,,163
2018-01-26 22:00:00,203,34,,200,203,113,60,106,,199,191,,187
2018-01-26 23:00:00,244,41,,117,244,111,46,99,,195,240,,208
2018-01-27 00:00:00,227,62,,134,73,115,70,303,,232,303,,214
2018-01-27 01:00:00,243,46,,153,46,118,89,303,,281,317,,274
2018-01-27 02:00:00,258,28,,117,314,139,60,269,,329,2,,270
2018-01-27 03:00:00,229,343,,231,253,176,53,236,,312,321,,255
2018-01-27 04:00:00,243,296,,240,237,256,340,244,,323,319,,249
2018-01-27 05:00:00,255,313,,264,155,284,5,278,,339,357,,264
2018-01-27 06:00:00,230,303,,298,286,188,340,277,,339,358,,275
2018-01-27 07:00:00,235,282,,285,269,266,58,261,,329,352,,273
2018-01-27 08:00:00,254,324,,274,310,214,220,226,,353,353,,262
2018-01-27 09:00:00,245,336,,265,13,269,37,277,,329,356,,254
2018-01-27 10:00:00,227,335,,276,277,117,50,296,,316,329,,253
2018-01-27 11:00:00,172,344,,187,254,118,56,303,,321,335,,29
2018-01-27 12:00:00,104,349,,354,247,102,57,297,,317,333,,68
2018-01-27 13:00:00,63,356,,277,257,105,54,303,,329,330,,88
2018-01-27 14:00:00,48,337,,344,297,120,54,294,,330,338,,98
2018-01-27 15:00:00,46,343,,301,326,108,40,286,,339,,,106
2018-01-27 16:00:00,38,342,,38,67,107,48,283,,341,349,,93
2018-01-27 17:00:00,34,344,,40,73,117,42,284,,353,345,,94
2018-01-27 18:00:00,44,342,,33,68,122,44,269,,317,334,,
2018-01-27 19:00:00,51,349,,45,99,112,46,272,,312,332,,110
2018-01-27 20:00:00,63,337,,137,103,286,59,263,,317,333,,104
2018-01-27 21:00:00,108,331,,198,30,343,81,278,,322,335,,84
2018-01-27 22:00:00,125,295,,178,41,118,44,279,,321,333,,92
2018-01-27 23:00:00,109,316,,117,28,144,62,282,,326,332,,82
2018-01-28 00:00:00,114,318,,176,251,198,56,294,,318,330,,84
2018-01-28 01:00:00,93,332,,275,196,190,47,285,,317,330,,80
2018-01-28 02:00:00,133,334,,289,87,253,39,278,,316,329,,86
2018-01-28 03:00:00,132,315,,315,50,273,354,251,,309,318,,91
2018-01-28 04:00:00,181,338,,349,15,242,31,268,,322,338,,110
2018-01-28 05:00:00,89,340,,292,281,242,44,268,,327,337,,108
2018-01-28 06:00:00,56,345,,4,50,273,21,263,,324,340,,108
2018-01-28 07:00:00,74,355,,15,38,259,61,268,,310,326,,95
2018-01-28 08:00:00,87,325,,159,46,272,73,269,,298,303,,92
2018-01-28 09:00:00,136,292,,126,46,284,69,307,,300,293,,96
2018-01-28 10:00:00,122,295,,133,33,264,81,312,,307,302,,92
2018-01-28 11:00:00,109,319,,129,8,275,52,309,,303,308,,85
2018-01-28 12:00:00,121,338,,144,47,307,41,305,,310,330,,87
2018-01-28 13:00:00,120,345,,158,46,315,56,296,,315,320,,87
2018-01-28 14:00:00,123,328,,150,60,327,74,293,,309,299,,93
2018-01-28 15:00:00,136,334,,185,75,349,57,287,,311,301,,97
2018-01-28 16:00:00,152,329,,170,69,42,68,299,,289,288,,108
2018-01-28 17:00:00,146,164,,130,68,64,178,310,,282,272,,111
2018-01-28 18:00:00,197,145,,109,118,209,214,297,,296,271,,117
2018-01-28 19:00:00,206,166,,101,121,136,238,277,,269,278,,118
2018-01-28 20:00:00,209,187,,103,119,187,235,213,,267,283,,116
2018-01-28 21:00:00,220,199,,96,96,215,247,114,,263,303,,36
2018-01-28 22:00:00,202,212,,89,75,261,239,105,,257,293,,94
2018-01-28 23:00:00,342,229,,105,64,271,240,105,,328,359,,107
2018-01-29 00:00:00,201,225,,56,154,261,259,140,,289,335,,242
2018-01-29 01:00:00,240,220,,225,340,194,244,133,,282,360,,238
2018-01-29 02:00:00,267,272,,239,215,270,283,156,,321,23,,182
2018-01-29 03:00:00,248,226,,239,259,267,265,186,,305,339,,70
2018-01-29 04:00:00,219,297,,268,268,251,250,230,,287,333,,314
2018-01-29 05:00:00,311,316,,231,273,225,52,200,,306,329,,118
2018-01-29 06:00:00,42,319,,142,289,288,39,245,,310,49,,112
2018-01-29 07:00:00,59,332,,194,44,279,42,254,,359,62,,123
2018-01-29 08:00:00,77,350,,213,43,319,37,281,,270,270,,118
2018-01-29 09:00:00,46,349,,259,74,101,42,273,,227,241,,116
2018-01-29 10:00:00,32,353,,20,74,99,45,287,,219,106,,120
2018-01-29 11:00:00,55,354,,194,76,89,53,277,,168,136,,105
2018-01-29 12:00:00,39,6,,261,77,80,77,92,,173,207,,88
2018-01-29 13:00:00,43,25,,224,78,73,68,84,,216,221,,88
2018-01-29 14:00:00,16,118,,96,62,107,61,148,,174,196,,86
2018-01-29 15:00:00,73,104,,74,57,119,90,135,,93,181,,70
2018-01-29 16:00:00,121,101,,69,56,94,141,128,,148,126,,71
2018-01-29 17:00:00,147,115,,95,61,80,133,110,,126,108,,88
2018-01-29 18:00:00,163,113,,93,67,85,138,121,,95,85,,97
2018-01-29 19:00:00,126,112,,93,69,78,133,100,,122,105,,83
2018-01-29 20:00:00,134,120,,93,93,92,134,117,,188,133,,67
2018-01-29 21:00:00,156,122,,94,95,105,134,125,,188,189,,67
2018-01-29 22:00:00,142,115,,103,75,117,137,123,,175,174,,59
2018-01-29 23:00:00,141,110,,111,59,128,123,107,,133,174,,60
2018-01-30 00:00:00,153,103,,113,141,129,136,121,,124,148,,79
2018-01-30 01:00:00,116,26,,137,145,,110,113,,162,253,,83
2018-01-30 02:00:00,62,334,,163,157,78,51,101,,34,43,,78
2018-01-30 03:00:00,4,335,,238,168,47,52,105,,345,40,,129
2018-01-30 04:00:00,360,317,,248,157,72,76,98,,287,326,,110
2018-01-30 05:00:00,322,307,,239,158,304,46,96,,293,328,,105
2018-01-30 06:00:00,219,303,,248,171,276,357,100,,291,323,,357
2018-01-30 07:00:00,65,329,,253,251,189,355,96,,298,347,,253
2018-01-30 08:00:00,104,344,,255,222,263,27,99,,348,72,,246
2018-01-30 09:00:00,48,19,,218,174,163,55,100,,119,217,,236
2018-01-30 10:00:00,21,72,,117,69,74,71,97,,138,149,,121
2018-01-30 11:00:00,25,88,,99,59,66,86,96,,138,145,,98
2018-01-30 12:00:00,52,100,,98,58,73,122,68,,131,142,,90
2018-01-30 13:00:00,64,98,,80,62,83,111,88,,121,133,,61
2018-01-30 14:00:00,91,98,,87,54,93,122,85,,121,139,,
2018-01-30 15:00:00,111,96,,88,43,112,127,79,,130,141,,62
2018-01-30 16:00:00,105,99,,88,52,114,132,89,,132,143,,66
2018-01-30 17:00:00,112,98,,88,49,109,128,85,,121,133,,77
2018-01-30 18:00:00,109,97,,,48,107,134,85,,119,127,,82
2018-01-30 19:00:00,105,97,,85,52,279,125,97,,115,127,,67
2018-01-30 20:00:00,126,108,,87,55,189,123,94,,157,150,,64
2018-01-30 21:00:00,133,108,,92,57,201,138,101,,171,193,,59
2018-01-30 22:00:00,125,110,,102,69,247,144,114,,181,178,,52
2018-01-30 23:00:00,115,100,,104,108,240,156,126,,161,162,,77
2018-01-31 00:00:00,69,90,,89,158,265,110,165,,117,132,,172
2018-01-31 01:00:00,22,110,,106,165,240,83,216,,197,121,,226
2018-01-31 02:00:00,312,44,,318,210,264,70,234,,350,4,,216
2018-01-31 03:00:00,314,12,,239,219,281,57,243,,22,44,,220
2018-01-31 04:00:00,309,328,,239,218,292,36,256,,312,347,,223
2018-01-31 05:00:00,344,303,,251,166,262,345,266,,307,338,,176
2018-01-31 06:00:00,290,295,,272,212,276,336,278,,305,331,,239
2018-01-31 07:00:00,324,291,,280,246,185,286,282,,319,331,,191
2018-01-31 08:00:00,314,294,,290,238,282,286,219,,282,315,,171
2018-01-31 09:00:00,322,302,,272,237,146,317,135,,304,301,,226
2018-01-31 10:00:00,12,333,,271,274,13,44,8,,325,235,,54
2018-01-31 11:00:00,37,326,,237,55,38,38,15,,338,102,,85
2018-01-31 12:00:00,29,4,,168,305,19,71,337,,40,113,,69
2018-01-31 13:00:00,52,43,,157,19,75,38,53,,166,95,,81
2018-01-31 14:00:00,40,107,,122,60,60,81,78,,110,125,,82
2018-01-31 15:00:00,62,106,,107,54,92,129,98,,139,160,,83
2018-01-31 16:00:00,75,103,,108,57,119,125,99,,148,168,,77
2018-01-31 17:00:00,72,106,,115,58,66,130,106,,143,156,,88
2018-01-31 18:00:00,80,112,,114,58,88,139,105,,145,154,,85
2018-01-31 19:00:00,99,101,,98,65,121,130,116,,134,146,,99
2018-01-31 20:00:00,112,101,,115,96,103,144,134,,134,118,,117
2018-01-31 21:00:00,54,105,,115,192,38,159,157,,255,349,,132
2018-01-31 22:00:00,274,8,,257,211,50,298,213,,316,5,,183
2018-01-31 23:00:00,237,25,,258,214,69,268,95,,267,316,,230
2018-02-01 00:00:00,,,,,,114,,,,,,,
2018-02-01 01:00:00,296,305,,269,188,92,,283,,286,313,,229
2018-02-01 02:00:00,233,267,,242,236,79,232,279,,298,329,,156
2018-02-01 03:00:00,260,249,,246,242,71,277,259,,306,347,,191
2018-02-01 04:00:00,263,222,,222,296,61,277,136,,303,310,,189
2018-02-01 05:00:00,310,194,,225,228,252,272,209,,281,295,,232
2018-02-01 06:00:00,288,230,,262,227,28,279,161,,310,309,,222
2018-02-01 07:00:00,276,247,,264,226,31,273,72,,262,294,,237
2018-02-01 08:00:00,356,282,,265,300,81,282,112,,244,291,,256
2018-02-01 09:00:00,272,41,,271,261,10,268,100,,179,182,,222
2018-02-01 10:00:00,207,48,,236,310,67,268,83,,171,156,,241
2018-02-01 11:00:00,108,75,,198,280,48,235,54,,159,,,97
2018-02-01 12:00:00,112,104,,271,283,88,63,356,,68,137,,76
2018-02-01 13:00:00,117,81,,117,284,87,116,314,,86,202,,83
2018-02-01 14:00:00,119,83,,114,290,98,120,331,,206,162,,84
2018-02-01 15:00:00,107,134,,118,45,55,135,102,,158,169,,90
2018-02-01 16:00:00,109,112,,116,63,80,140,105,,168,131,,82
2018-02-01 17:00:00,113,109,,96,78,96,134,97,,124,109,,81
2018-02-01 18:00:00,118,108,,92,74,90,138,97,,147,142,,67
2018-02-01 19:00:00,70,101,,82,57,99,101,113,,200,206,,58
2018-02-01 20:00:00,91,96,,87,85,104,53,95,,202,203,,82
2018-02-01 21:00:00,105,106,,79,106,109,97,118,,227,159,,79
2018-02-01 22:00:00,170,96,,193,98,103,81,144,,248,284,,93
2018-02-01 23:00:00,295,291,,236,125,121,46,227,,298,321,,74
2018-02-02 00:00:00,,348,,33,104,106,37,227,,301,329,,103
2018-02-02 01:00:00,71,328,,36,78,105,38,263,,327,321,,87
2018-02-02 02:00:00,77,332,,165,72,75,42,269,,319,329,,105
2018-02-02 03:00:00,71,315,,79,52,84,41,267,,321,332,,107
2018-02-02 04:00:00,71,325,,99,84,332,42,269,,323,337,,105
2018-02-02 05:00:00,88,335,,91,85,271,39,272,,329,338,,100
2018-02-02 06:00:00,91,346,,94,109,,38,267,,331,337,,104
2018-02-02 07:00:00,75,338,,41,100,135,36,269,,331,336,,102
2018-02-02 08:00:00,91,344,,36,99,304,42,269,,325,328,,103
2018-02-02 09:00:00,71,347,,35,108,63,43,270,,328,327,,94
2018-02-02 10:00:00,53,344,,39,73,122,41,281,,329,327,,89
2018-02-02 11:00:00,64,349,,30,60,118,53,287,,338,335,,81
2018-02-02 12:00:00,46,343,,337,65,101,45,293,,334,337,,74
2018-02-02 13:00:00,50,348,,352,59,83,42,301,,316,331,,85
2018-02-02 14:00:00,36,341,,22,56,111,36,303,,341,13,,97
2018-02-02 15:00:00,50,12,,70,68,75,78,300,,356,316,,86
2018-02-02 16:00:00,64,24,,62,83,48,73,301,,106,166,,77
2018-02-02 17:00:00,74,79,,57,66,93,91,11,,123,126,,63
2018-02-02 18:00:00,67,108,,79,57,97,127,56,,126,135,,75
2018-02-02 19:00:00,92,107,,90,59,94,136,76,,129,129,,69
2018-02-02 20:00:00,88,108,,86,64,96,134,59,,150,150,,75
2018-02-02 21:00:00,132,117,,89,47,114,136,84,,179,173,,69
2018-02-02 22:00:00,133,114,,90,66,97,132,94,,180,159,,85
2018-02-02 23:00:00,126,116,,87,96,320,134,106,,151,157,,72
2018-02-03 00:00:00,137,115,,87,86,294,137,106,,176,164,,78
2018-02-03 01:00:00,141,116,,88,111,249,143,121,,193,165,,106
2018-02-03 02:00:00,144,110,,92,105,311,136,135,,193,157,,153
2018-02-03 03:00:00,174,108,,103,198,281,179,126,,188,164,,179
2018-02-03 04:00:00,240,114,,253,216,247,167,196,,271,272,,238
2018-02-03 05:00:00,241,97,,269,226,171,310,219,,120,342,,240
2018-02-03 06:00:00,228,96,,260,216,130,29,119,,206,246,,189
2018-02-03 07:00:00,261,98,,271,239,266,32,236,,275,307,,231
2018-02-03 08:00:00,256,219,,277,262,287,331,137,,238,310,,201
2018-02-03 09:00:00,286,318,,254,246,347,313,345,,267,320,,276
2018-02-03 10:00:00,252,248,,278,19,112,289,297,,330,22,,241
2018-02-03 11:00:00,58,304,,259,203,109,304,323,,330,215,,217
2018-02-03 12:00:00,24,34,,54,10,292,40,335,,359,153,,79
2018-02-03 13:00:00,75,86,,107,110,269,123,81,,155,159,,71
2018-02-03 14:00:00,68,100,,107,44,276,106,95,,136,157,,86
2018-02-03 15:00:00,91,100,,120,55,272,112,95,,103,136,,84
2018-02-03 16:00:00,92,102,,114,41,255,118,113,,141,172,,81
2018-02-03 17:00:00,95,114,,110,55,195,183,94,,120,140,,88
2018-02-03 18:00:00,128,75,,99,64,115,158,101,,133,155,,163
2018-02-03 19:00:00,82,74,,130,87,140,81,121,,86,91,,122
2018-02-03 20:00:00,204,115,,130,,138,120,116,,118,17,,238
2018-02-03 21:00:00,27,21,,242,238,15,48,86,,34,50,,231
2018-02-03 22:00:00,117,353,,236,231,177,66,292,,310,1,,97
2018-02-03 23:00:00,247,297,,107,232,271,67,234,,285,314,,92
2018-02-04 00:00:00,237,217,,95,251,256,246,270,,299,322,,86
2018-02-04 01:00:00,265,318,,201,271,248,14,120,,321,338,,116
2018-02-04 02:00:00,217,207,,205,265,255,244,201,,285,318,,95
2018-02-04 03:00:00,275,247,,252,250,168,275,143,,310,307,,244
2018-02-04 04:00:00,272,307,,220,253,201,264,202,,318,315,,261
2018-02-04 05:00:00,213,225,,134,272,259,292,247,,298,302,,267
2018-02-04 06:00:00,239,157,,112,281,291,297,107,,317,3,,82
2018-02-04 07:00:00,255,230,,271,275,291,285,174,,326,336,,244
2018-02-04 08:00:00,232,239,,282,260,278,206,118,,331,149,,262
2018-02-04 09:00:00,261,256,,270,270,303,227,259,,332,46,,261
2018-02-04 10:00:00,244,223,,255,269,347,238,260,,333,136,,243
2018-02-04 11:00:00,259,325,,261,304,4,322,288,,337,5,,241
2018-02-04 12:00:00,248,323,,272,278,309,326,292,,306,342,,241
2018-02-04 13:00:00,254,327,,267,295,315,4,299,,327,347,,241
2018-02-04 14:00:00,20,328,,258,295,19,42,301,,351,354,,268
2018-02-04 15:00:00,324,331,,250,281,47,53,299,,342,357,,272
2018-02-04 16:00:00,181,344,,210,264,45,51,281,,331,358,,280
2018-02-04 17:00:00,145,59,,233,279,47,330,153,,322,8,,281
2018-02-04 18:00:00,151,128,,208,259,28,43,125,,191,90,,103
2018-02-04 19:00:00,221,129,,113,197,16,198,111,,196,269,,144
2018-02-04 20:00:00,247,130,,116,134,13,309,220,,253,304,,204
2018-02-04 21:00:00,264,149,,229,207,299,292,154,,259,310,,225
2018-02-04 22:00:00,229,175,,234,222,47,268,128,,242,308,,235
2018-02-04 23:00:00,230,224,,242,212,105,256,78,,219,306,,258
2018-02-05 00:00:00,237,171,,249,207,93,245,149,,179,145,,236
2018-02-05 01:00:00,232,46,,240,236,93,276,105,,177,114,,233
2018-02-05 02:00:00,318,314,,243,223,40,326,102,,328,25,,203
2018-02-05 03:00:00,311,280,,254,247,46,277,64,,291,9,,243
2018-02-05 04:00:00,350,277,,272,273,55,287,173,,309,351,,230
2018-02-05 05:00:00,283,311,,254,214,352,280,224,,313,332,,236
2018-02-05 06:00:00,234,332,,226,183,357,23,277,,60,8,,110
2018-02-05 07:00:00,356,319,,249,144,23,57,219,,104,331,,113
2018-02-05 08:00:00,107,324,,177,69,35,57,87,,109,184,,116
2018-02-05 09:00:00,39,338,,183,65,41,50,102,,132,188,,115
2018-02-05 10:00:00,52,1,,131,68,44,55,320,,132,180,,100
2018-02-05 11:00:00,76,57,,160,55,63,68,83,,104,305,,85
2018-02-05 12:00:00,57,114,,200,55,91,80,102,,180,266,,93
2018-02-05 13:00:00,56,92,,128,42,100,88,59,,178,238,,85
2018-02-05 14:00:00,57,103,,106,60,102,84,74,,161,196,,97
2018-02-05 15:00:00,73,96,,105,62,114,91,64,,101,158,,68
2018-02-05 16:00:00,67,69,,85,62,113,101,99,,94,112,,80
2018-02-05 17:00:00,86,89,,71,66,124,101,74,,105,94,,92
2018-02-05 18:00:00,70,81,,82,63,108,112,57,,115,102,,94
2018-02-05 19:00:00,77,92,,86,57,101,115,58,,119,118,,88
2018-02-05 20:00:00,83,95,,111,67,98,113,86,,121,163,,91
2018-02-05 21:00:00,94,106,,118,74,95,122,94,,174,174,,85
2018-02-05 22:00:00,84,114,,124,53,111,119,109,,173,183,,96
2018-02-05 23:00:00,16,133,,128,73,114,94,101,,197,207,,109
2018-02-06 00:00:00,341,34,,170,86,115,46,100,,158,208,,81
2018-02-06 01:00:00,271,39,,240,310,80,147,104,,118,229,,225
2018-02-06 02:00:00,248,29,,241,340,103,88,233,,37,30,,211
2018-02-06 03:00:00,233,38,,229,53,76,75,235,,53,27,,259
2018-02-06 04:00:00,292,53,,284,213,25,84,231,,52,12,,206
2018-02-06 05:00:00,182,325,,252,193,351,43,237,,36,14,,219
2018-02-06 06:00:00,290,337,,231,280,326,41,236,,43,307,,228
2018-02-06 07:00:00,258,279,,246,210,332,18,235,,245,252,,193
2018-02-06 08:00:00,25,206,,262,211,326,258,153,,236,215,,192
2018-02-06 09:00:00,235,81,,258,155,324,280,146,,239,279,,233
2018-02-06 10:00:00,252,51,,251,276,71,314,189,,273,323,,247
2018-02-06 11:00:00,338,96,,247,32,116,272,93,,338,24,,177
2018-02-06 12:00:00,21,68,,201,310,66,280,96,,20,172,,215
2018-02-06 13:00:00,107,66,,140,36,85,51,74,,71,235,,79
2018-02-06 14:00:00,91,111,,128,41,83,109,92,,151,237,,88
2018-02-06 15:00:00,98,105,,115,44,81,113,102,,172,211,,91
2018-02-06 16:00:00,80,102,,118,46,,105,95,,164,191,,79
2018-02-06 17:00:00,58,65,,126,55,87,77,109,,120,172,,78
2018-02-06 18:00:00,36,49,,144,54,82,50,99,,94,36,,87
2018-02-06 19:00:00,15,19,,181,88,82,66,167,,9,19,,105
2018-02-06 20:00:00,56,6,,205,138,111,51,169,,271,349,,133
2018-02-06 21:00:00,188,273,,225,51,81,52,128,,258,284,,128
2018-02-06 22:00:00,243,280,,258,98,98,360,129,,268,311,,158
2018-02-06 23:00:00,276,271,,224,241,104,310,245,,290,318,,222
2018-02-07 00:00:00,234,211,,288,212,93,264,251,,297,309,,223
2018-02-07 01:00:00,305,197,,253,215,79,263,253,,284,299,,224
2018-02-07 02:00:00,275,219,,235,235,101,268,264,,296,319,,235
2018-02-07 03:00:00,262,268,,270,222,98,272,255,,307,6,,245
2018-02-07 04:00:00,243,278,,276,340,106,287,271,,313,358,,266
2018-02-07 05:00:00,243,258,,286,247,99,274,261,,315,335,,224
2018-02-07 06:00:00,250,229,,274,262,107,269,9,,299,315,,248
2018-02-07 07:00:00,322,204,,206,193,74,244,87,,155,318,,267
2018-02-07 08:00:00,219,226,,262,190,70,252,106,,271,158,,298
2018-02-07 09:00:00,254,,,231,210,83,268,239,,46,86,,246
2018-02-07 10:00:00,11,340,,248,107,87,40,309,,33,46,,58
2018-02-07 11:00:00,25,341,,49,60,122,43,294,,342,22,,86
2018-02-07 12:00:00,20,352,,36,68,30,42,284,,330,323,,89
2018-02-07 13:00:00,39,346,,42,83,36,55,275,,328,325,,87
2018-02-07 14:00:00,79,344,,129,55,77,51,276,,330,332,,84
2018-02-07 15:00:00,83,342,,186,67,70,58,282,,334,331,,91
2018-02-07 16:00:00,116,348,,163,47,85,49,291,,334,316,,89
2018-02-07 17:00:00,107,14,,147,50,97,77,297,,330,315,,
2018-02-07 18:00:00,90,357,,153,90,,83,295,,308,302,,88
2018-02-07 19:00:00,122,347,,171,53,232,62,280,,308,249,,96
2018-02-07 20:00:00,138,353,,159,72,89,81,298,,319,151,,97
2018-02-07 21:00:00,136,333,,127,84,204,68,306,,14,157,,100
2018-02-07 22:00:00,53,341,,234,71,144,50,288,,157,188,,91
2018-02-07 23:00:00,57,343,,161,63,101,66,295,,138,165,,79
2018-02-08 00:00:00,70,331,,178,58,194,63,282,,325,194,,90
2018-02-08 01:00:00,130,345,,220,358,165,74,303,,306,173,,96
2018-02-08 02:00:00,88,17,,195,53,172,88,303,,226,185,,80
2018-02-08 03:00:00,85,7,,149,69,239,65,286,,314,204,,70
2018-02-08 04:00:00,46,312,,179,47,132,47,313,,304,158,,85
2018-02-08 05:00:00,29,318,,272,46,115,24,303,,322,35,,85
2018-02-08 06:00:00,104,320,,229,52,318,40,289,,337,12,,107
2018-02-08 07:00:00,131,323,,151,33,284,47,288,,326,53,,94
2018-02-08 08:00:00,104,328,,114,23,300,54,311,,322,142,,66
2018-02-08 09:00:00,106,3,,142,61,271,56,310,,100,146,,81
2018-02-08 10:00:00,111,346,,144,38,271,46,301,,146,151,,79
2018-02-08 11:00:00,90,355,,153,33,274,82,305,,131,144,,76
2018-02-08 12:00:00,93,342,,150,38,106,65,296,,130,158,,74
2018-02-08 13:00:00,88,339,,192,47,93,85,294,,149,173,,84
2018-02-08 14:00:00,66,350,,198,8,86,28,293,,163,204,,46
2018-02-08 15:00:00,96,68,,156,62,118,18,312,,136,266,,61
2018-02-08 16:00:00,110,90,,109,36,81,72,358,,90,262,,76
2018-02-08 17:00:00,99,96,,109,47,109,80,101,,118,237,,82
2018-02-08 18:00:00,90,100,,109,54,113,120,97,,141,192,,76
2018-02-08 19:00:00,104,105,,117,63,127,114,109,,178,176,,82
2018-02-08 20:00:00,84,109,,119,57,228,115,100,,162,184,,77
2018-02-08 21:00:00,84,108,,114,44,262,144,105,,179,174,,80
2018-02-08 22:00:00,114,112,,111,53,236,140,114,,139,129,,100
2018-02-08 23:00:00,62,106,,110,76,232,109,93,,109,135,,114
2018-02-09 00:00:00,94,95,,137,79,219,97,114,,123,135,,111
2018-02-09 01:00:00,99,96,,126,225,129,103,123,,117,73,,158
2018-02-09 02:00:00,252,97,,166,229,177,74,217,,136,112,,210
2018-02-09 03:00:00,269,67,,228,222,287,71,219,,40,73,,212
2018-02-09 04:00:00,6,46,,262,251,282,60,232,,42,34,,145
2018-02-09 05:00:00,20,17,,257,243,300,32,103,,34,16,,176
2018-02-09 06:00:00,35,357,,264,164,289,354,188,,17,23,,164
2018-02-09 07:00:00,268,327,,43,178,302,298,228,,101,126,,138
2018-02-09 08:00:00,248,35,,65,177,292,289,122,,198,190,,73
2018-02-09 09:00:00,235,54,,242,191,295,306,97,,181,180,,204
2018-02-09 10:00:00,61,85,,185,298,70,83,91,,163,163,,204
2018-02-09 11:00:00,80,111,,116,14,56,99,93,,138,164,,67
2018-02-09 12:00:00,82,89,,103,41,94,61,321,,80,141,,68
2018-02-09 13:00:00,59,338,,169,30,84,53,316,,78,117,,96
2018-02-09 14:00:00,32,3,,210,302,90,47,305,,99,170,,76
2018-02-09 15:00:00,72,29,,128,47,107,57,308,,120,150,,80
2018-02-09 16:00:00,76,24,,164,58,101,92,316,,128,133,,79
2018-02-09 17:00:00,95,96,,134,55,96,99,111,,103,110,,86
2018-02-09 18:00:00,74,122,,114,51,97,131,122,,128,135,,107
2018-02-09 19:00:00,93,99,,120,61,105,129,109,,115,132,,93
2018-02-09 20:00:00,61,83,,124,79,93,108,115,,117,164,,103
2018-02-09 21:00:00,56,108,,132,83,343,91,190,,147,295,,124
2018-02-09 22:00:00,88,97,,125,323,223,92,150,,289,313,,138
2018-02-09 23:00:00,251,305,,244,229,177,16,209,,315,314,,135
2018-02-10 00:00:00,276,305,,264,246,53,331,216,,309,342,,231
2018-02-10 01:00:00,264,301,,265,227,100,275,178,,238,296,,211
2018-02-10 02:00:00,297,337,,275,217,110,292,116,,258,287,,210
2018-02-10 03:00:00,275,292,,258,272,89,286,265,,329,353,,230
2018-02-10 04:00:00,242,273,,131,245,75,277,174,,187,241,,260
2018-02-10 05:00:00,286,59,,182,197,53,288,105,,146,208,,299
2018-02-10 06:00:00,234,145,,271,242,358,309,139,,299,302,,200
2018-02-10 07:00:00,251,289,,267,235,307,282,249,,304,285,,228
2018-02-10 08:00:00,264,253,,233,247,312,289,92,,269,323,,259
2018-02-10 09:00:00,231,247,,262,244,317,283,90,,251,283,,265
2018-02-10 10:00:00,42,292,,278,274,31,17,70,,186,231,,263
2018-02-10 11:00:00,94,339,,267,285,66,30,329,,241,207,,219
2018-02-10 12:00:00,93,113,,254,283,71,127,318,,273,252,,94
2018-02-10 13:00:00,130,118,,254,284,60,135,341,,286,237,,105
2018-02-10 14:00:00,344,336,,252,280,30,331,338,,141,161,,134
2018-02-10 15:00:00,68,193,,253,274,98,322,91,,186,169,,102
2018-02-10 16:00:00,108,135,,248,288,104,165,131,,167,173,,162
2018-02-10 17:00:00,148,118,,258,284,95,200,123,,173,183,,87
2018-02-10 18:00:00,159,119,,131,279,77,190,129,,156,174,,102
2018-02-10 19:00:00,146,141,,122,274,84,193,122,,182,148,,97
2018-02-10 20:00:00,216,259,,91,251,296,242,217,,155,144,,149
2018-02-10 21:00:00,254,51,,119,158,298,139,157,,82,95,,246
2018-02-10 22:00:00,319,28,,233,144,171,55,117,,118,105,,172
2018-02-10 23:00:00,239,347,,249,149,103,56,135,,231,135,,261
2018-02-11 00:00:00,276,324,,4,184,93,25,177,,311,201,,199
2018-02-11 01:00:00,232,303,,266,196,132,358,251,,317,1,,231
2018-02-11 02:00:00,239,256,,292,223,104,267,243,,347,18,,239
2018-02-11 03:00:00,243,248,,279,233,53,286,241,,347,13,,258
2018-02-11 04:00:00,246,204,,280,222,3,243,246,,315,339,,257
2018-02-11 05:00:00,317,274,,271,43,48,266,231,,341,1,,260
2018-02-11 06:00:00,301,206,,289,240,71,263,261,,339,349,,262
2018-02-11 07:00:00,235,233,,268,219,38,264,265,,337,337,,272
2018-02-11 08:00:00,223,284,,248,255,4,289,113,,291,347,,257
2018-02-11 09:00:00,228,218,,284,250,12,263,280,,343,349,,250
2018-02-11 10:00:00,235,264,,298,263,38,170,46,,314,354,,262
2018-02-11 11:00:00,245,322,,241,296,50,11,298,,310,313,,210
2018-02-11 12:00:00,343,311,,258,290,143,336,305,,322,341,,252
2018-02-11 13:00:00,316,303,,246,281,180,318,301,,326,32,,289
2018-02-11 14:00:00,,355,,346,278,163,33,318,,1,76,,292
2018-02-11 15:00:00,67,360,,14,358,135,66,308,,317,117,,81
2018-02-11 16:00:00,66,349,,261,57,119,54,301,,322,237,,77
2018-02-11 17:00:00,71,344,,206,60,117,52,304,,309,230,,78
2018-02-11 18:00:00,82,341,,176,59,95,46,301,,320,231,,78
2018-02-11 19:00:00,83,329,,129,58,97,42,300,,312,247,,86
2018-02-11 20:00:00,74,323,,133,57,203,38,284,,304,269,,97
2018-02-11 21:00:00,77,334,,29,45,123,35,287,,305,279,,108
2018-02-11 22:00:00,67,337,,35,59,117,36,289,,309,289,,107
2018-02-11 23:00:00,67,332,,30,56,133,43,286,,309,285,,105
2018-02-12 00:00:00,63,333,,52,54,117,57,284,,325,293,,98
2018-02-12 01:00:00,81,340,,192,56,114,55,274,,320,313,,86
2018-02-12 02:00:00,107,343,,193,57,120,68,278,,336,332,,76
2018-02-12 03:00:00,92,360,,208,56,87,72,298,,325,332,,75
2018-02-12 04:00:00,56,349,,172,57,73,64,296,,328,328,,75
2018-02-12 05:00:00,69,338,,205,56,84,46,305,,337,126,,81
2018-02-12 06:00:00,69,325,,248,71,60,49,303,,38,170,,97
2018-02-12 07:00:00,34,347,,199,65,70,48,304,,148,180,,97
2018-02-12 08:00:00,25,349,,212,62,55,45,304,,170,186,,88
2018-02-12 09:00:00,22,2,,208,59,55,45,99,,162,183,,78
2018-02-12 10:00:00,11,49,,222,53,19,37,110,,144,177,,76
2018-02-12 11:00:00,51,98,,253,49,46,85,97,,143,175,,78
2018-02-12 12:00:00,76,92,,121,57,79,125,107,,146,169,,80
2018-02-12 13:00:00,70,95,,123,59,101,112,104,,143,160,,75
2018-02-12 14:00:00,63,100,,121,55,123,118,102,,143,162,,76
2018-02-12 15:00:00,59,98,,116,61,107,110,108,,150,170,,69
2018-02-12 16:00:00,55,98,,121,72,86,100,107,,154,163,,71
2018-02-12 17:00:00,67,95,,117,72,111,94,105,,146,133,,74
2018-02-12 18:00:00,67,107,,105,58,105,108,105,,147,138,,71
2018-02-12 19:00:00,67,96,,84,71,99,114,98,,140,162,,66
2018-02-12 20:00:00,100,95,,88,87,127,120,97,,148,140,,76
2018-02-12 21:00:00,103,100,,87,75,134,130,107,,139,140,,68
2018-02-12 22:00:00,92,101,,87,54,126,124,108,,142,147,,58
2018-02-12 23:00:00,61,112,,99,63,86,110,100,,149,145,,51
2018-02-13 00:00:00,60,103,,124,72,59,103,124,,166,147,,87
2018-02-13 01:00:00,78,95,,111,51,100,92,118,,160,173,,98
2018-02-13 02:00:00,87,74,,119,55,112,84,128,,109,178,,93
2018-02-13 03:00:00,53,7,,133,48,104,57,174,,46,4,,105
2018-02-13 04:00:00,360,11,,222,30,104,54,277,,38,11,,225
2018-02-13 05:00:00,354,2,,260,317,85,46,306,,356,348,,240
2018-02-13 06:00:00,307,325,,258,321,88,32,303,,329,322,,86
2018-02-13 07:00:00,13,326,,252,256,320,39,301,,326,338,,84
2018-02-13 08:00:00,351,311,,279,149,309,30,294,,332,348,,92
2018-02-13 09:00:00,356,304,,246,138,28,23,299,,333,342,,98
2018-02-13 10:00:00,20,307,,234,102,53,38,310,,311,312,,91
2018-02-13 11:00:00,27,326,,198,53,70,42,317,,327,334,,86
2018-02-13 12:00:00,358,14,,179,45,329,63,318,,99,171,,79
2018-02-13 13:00:00,351,53,,166,51,80,68,314,,128,137,,87
2018-02-13 14:00:00,25,59,,153,42,66,70,307,,32,129,,83
2018-02-13 15:00:00,50,53,,126,38,70,86,313,,108,185,,71
2018-02-13 16:00:00,81,55,,143,37,97,86,315,,94,188,,75
2018-02-13 17:00:00,71,80,,144,54,105,87,314,,103,154,,74
2018-02-13 18:00:00,70,94,,139,51,106,81,310,,121,159,,80
2018-02-13 19:00:00,89,111,,146,61,138,87,311,,142,167,,80
2018-02-13 20:00:00,79,107,,145,61,92,84,298,,138,172,,83
2018-02-13 21:00:00,64,94,,148,61,131,92,305,,142,162,,86
2018-02-13 22:00:00,122,109,,133,84,249,112,105,,155,183,,106
2018-02-13 23:00:00,121,106,,125,60,134,139,100,,159,190,,106
2018-02-14 00:00:00,83,90,,129,54,92,108,100,,182,177,,74
2018-02-14 01:00:00,27,97,,115,69,126,78,129,,183,165,,342
2018-02-14 02:00:00,85,115,,120,97,135,123,103,,142,163,,149
2018-02-14 03:00:00,77,96,,127,67,205,91,105,,125,156,,63
2018-02-14 04:00:00,44,59,,126,75,180,57,104,,136,162,,78
2018-02-14 05:00:00,349,357,,110,12,204,53,125,,128,156,,157
2018-02-14 06:00:00,291,47,,95,132,225,64,188,,148,176,,219
2018-02-14 07:00:00,114,67,,119,74,224,81,118,,119,140,,87
2018-02-14 08:00:00,109,95,,113,82,330,89,108,,150,144,,136
2018-02-14 09:00:00,71,97,,133,345,322,56,88,,133,159,,108
2018-02-14 10:00:00,19,60,,197,152,299,60,101,,62,347,,85
2018-02-14 11:00:00,7,20,,226,35,25,38,89,,40,23,,64
2018-02-14 12:00:00,344,347,,242,227,95,45,123,,20,12,,82
2018-02-14 13:00:00,37,353,,120,40,101,54,108,,21,23,,69
2018-02-14 14:00:00,52,27,,123,64,105,66,76,,41,14,,90
2018-02-14 15:00:00,76,58,,127,41,96,76,86,,73,35,,81
2018-02-14 16:00:00,68,82,,132,53,108,89,96,,109,116,,77
2018-02-14 17:00:00,87,79,,135,56,108,94,93,,148,178,,81
2018-02-14 18:00:00,64,92,,144,64,115,87,95,,167,256,,92
2018-02-14 19:00:00,344,71,,119,87,75,45,123,,136,113,,128
2018-02-14 20:00:00,328,122,,218,166,349,45,106,,133,241,,197
2018-02-14 21:00:00,302,113,,176,126,283,80,102,,194,181,,149
2018-02-14 22:00:00,291,96,,265,124,37,49,106,,184,173,,182
2018-02-14 23:00:00,257,117,,254,145,58,59,120,,172,201,,196
2018-02-15 00:00:00,238,96,,266,126,34,35,121,,134,270,,226
2018-02-15 01:00:00,255,114,,253,162,58,113,192,,200,295,,226
2018-02-15 02:00:00,262,159,,157,228,11,292,225,,245,301,,179
2018-02-15 03:00:00,260,131,,273,206,35,65,252,,248,331,,221
2018-02-15 04:00:00,225,87,,182,311,48,88,219,,224,294,,218
2018-02-15 05:00:00,158,107,,247,231,30,245,90,,128,281,,104
2018-02-15 06:00:00,275,353,,277,235,14,302,262,,7,325,,253
2018-02-15 07:00:00,248,314,,268,240,32,18,269,,340,46,,235
2018-02-15 08:00:00,251,316,,263,337,56,355,231,,27,301,,244
2018-02-15 09:00:00,242,288,,251,94,48,309,272,,360,354,,259
2018-02-15 10:00:00,246,299,,248,264,38,291,284,,26,239,,306
2018-02-15 11:00:00,334,318,,298,166,48,314,317,,357,208,,200
2018-02-15 12:00:00,52,3,,159,315,78,28,333,,349,238,,76
2018-02-15 13:00:00,72,37,,120,54,79,72,348,,77,292,,81
2018-02-15 14:00:00,102,89,,132,41,80,79,70,,113,172,,82
2018-02-15 15:00:00,66,95,,135,47,87,77,96,,153,140,,80
2018-02-15 16:00:00,75,90,,142,50,87,83,99,,110,170,,85
2018-02-15 17:00:00,66,92,,138,63,81,83,101,,107,188,,78
2018-02-15 18:00:00,67,94,,125,66,87,98,133,,138,196,,84
2018-02-15 19:00:00,36,75,,126,65,100,81,120,,154,257,,104
2018-02-15 20:00:00,5,342,,208,76,104,49,130,,282,314,,143
2018-02-15 21:00:00,250,328,,254,149,89,72,122,,259,329,,147
2018-02-15 22:00:00,309,305,,228,160,139,27,109,,273,307,,234
2018-02-15 23:00:00,240,179,,285,179,114,248,88,,305,52,,221
2018-02-16 00:00:00,284,21,,277,246,95,8,217,,128,103,,222
2018-02-16 01:00:00,267,52,,265,228,46,52,257,,294,76,,219
2018-02-16 02:00:00,296,32,,279,203,49,29,256,,5,32,,182
2018-02-16 03:00:00,272,338,,263,245,54,20,258,,316,43,,239
2018-02-16 04:00:00,278,334,,254,225,53,18,253,,319,25,,239
2018-02-16 05:00:00,265,314,,284,260,75,345,267,,339,24,,230
2018-02-16 06:00:00,307,277,,304,78,105,360,274,,309,356,,179
2018-02-16 07:00:00,266,267,,297,204,80,307,288,,323,348,,221
2018-02-16 08:00:00,279,297,,281,307,63,324,287,,329,1,,205
2018-02-16 09:00:00,231,306,,47,147,56,270,294,,344,13,,235
2018-02-16 10:00:00,91,355,,113,156,60,321,298,,21,21,,80
2018-02-16 11:00:00,32,9,,105,72,58,52,302,,11,21,,75
2018-02-16 12:00:00,74,11,,212,47,95,75,297,,20,37,,92
2018-02-16 13:00:00,45,48,,155,63,55,81,299,,57,54,,94
2018-02-16 14:00:00,78,83,,103,75,110,93,323,,98,95,,91
2018-02-16 15:00:00,74,86,,103,73,73,109,335,,89,109,,77
2018-02-16 16:00:00,76,82,,88,76,68,101,51,,105,118,,67
2018-02-16 17:00:00,80,96,,83,75,30,115,51,,115,123,,71
2018-02-16 18:00:00,88,109,,95,75,92,134,48,,127,158,,64
2018-02-16 19:00:00,107,117,,95,79,148,138,94,,142,131,,82
2018-02-16 20:00:00,127,93,,89,70,304,125,130,,100,71,,89
2018-02-16 21:00:00,98,62,,76,59,323,90,133,,235,331,,107
2018-02-16 22:00:00,43,316,,319,72,284,54,114,,185,159,,109
2018-02-16 23:00:00,351,20,,257,116,159,57,112,,143,118,,104
2018-02-17 00:00:00,56,67,,90,94,130,74,133,,87,109,,70
2018-02-17 01:00:00,43,80,,93,67,143,86,161,,50,25,,101
2018-02-17 02:00:00,81,56,,129,128,122,98,302,,79,14,,104
2018-02-17 03:00:00,75,59,,119,89,128,92,291,,105,116,,104
2018-02-17 04:00:00,91,43,,135,71,142,79,107,,96,128,,115
2018-02-17 05:00:00,24,36,,177,28,111,67,244,,64,107,,120
2018-02-17 06:00:00,11,353,,252,2,45,48,261,,14,3,,232
2018-02-17 07:00:00,336,331,,241,176,61,29,270,,20,14,,236
2018-02-17 08:00:00,345,335,,253,280,70,35,278,,43,10,,254
2018-02-17 09:00:00,4,8,,265,234,36,48,284,,31,38,,243
2018-02-17 10:00:00,35,33,,245,19,283,46,290,,57,43,,92
2018-02-17 11:00:00,71,20,,201,13,3,59,315,,74,161,,76
2018-02-17 12:00:00,37,12,,205,44,88,49,315,,332,146,,76
2018-02-17 13:00:00,40,348,,113,55,100,51,303,,355,267,,90
2018-02-17 14:00:00,54,11,,126,56,112,70,300,,13,169,,86
2018-02-17 15:00:00,84,30,,164,60,124,83,296,,333,139,,78
2018-02-17 16:00:00,86,66,,66,67,121,86,295,,28,63,,80
2018-02-17 17:00:00,82,59,,96,68,90,91,304,,36,75,,86
2018-02-17 18:00:00,95,74,,93,78,63,103,286,,103,123,,89
2018-02-17 19:00:00,77,99,,86,61,56,118,96,,151,174,,84
2018-02-17 20:00:00,119,81,,83,73,292,116,121,,216,199,,76
2018-02-17 21:00:00,81,325,,82,77,245,43,111,,90,59,,75
2018-02-17 22:00:00,22,332,,140,90,198,48,110,,132,87,,88
2018-02-17 23:00:00,30,9,,249,91,134,73,119,,175,148,,112
2018-02-18 00:00:00,78,57,,84,98,121,78,103,,189,90,,86
2018-02-18 01:00:00,81,112,,101,65,223,114,107,,183,227,,62
2018-02-18 02:00:00,80,109,,94,64,301,132,112,,185,182,,74
2018-02-18 03:00:00,81,106,,92,68,51,132,107,,172,164,,80
2018-02-18 04:00:00,52,105,,91,65,306,123,113,,162,173,,93
2018-02-18 05:00:00,61,95,,97,63,317,121,121,,144,178,,95
2018-02-18 06:00:00,61,58,,94,59,113,92,111,,125,54,,88
2018-02-18 07:00:00,51,30,,98,81,103,70,107,,64,48,,117
2018-02-18 08:00:00,36,1,,83,130,113,49,212,,79,38,,123
2018-02-18 09:00:00,23,5,,223,212,132,48,294,,70,104,,235
2018-02-18 10:00:00,31,10,,222,42,135,51,293,,53,177,,90
2018-02-18 11:00:00,47,21,,235,54,127,48,289,,98,191,,83
2018-02-18 12:00:00,77,83,,155,55,61,70,305,,182,215,,88
2018-02-18 13:00:00,65,86,,97,60,82,67,305,,247,229,,80
2018-02-18 14:00:00,34,116,,114,58,76,118,99,,196,221,,64
2018-02-18 15:00:00,77,114,,114,62,84,130,108,,168,210,,66
2018-02-18 16:00:00,112,107,,128,66,94,189,107,,172,209,,63
2018-02-18 17:00:00,127,101,,100,61,114,167,107,,152,206,,69
2018-02-18 18:00:00,147,99,,94,57,117,130,118,,143,172,,73
2018-02-18 19:00:00,124,104,,94,55,106,135,105,,140,163,,62
2018-02-18 20:00:00,106,97,,88,56,110,123,104,,139,152,,74
2018-02-18 21:00:00,125,106,,96,70,103,137,112,,151,147,,76
2018-02-18 22:00:00,152,105,,103,96,97,139,114,,138,129,,85
2018-02-18 23:00:00,115,97,,90,120,106,122,129,,119,121,,116
2018-02-19 00:00:00,61,92,,84,94,331,107,108,,108,116,,98
2018-02-19 01:00:00,49,91,,82,132,291,84,114,,93,115,,89
2018-02-19 02:00:00,24,96,,160,87,298,71,149,,95,118,,98
2018-02-19 03:00:00,1,95,,147,21,298,57,239,,72,123,,112
2018-02-19 04:00:00,10,88,,232,76,213,73,272,,55,110,,
2018-02-19 05:00:00,69,70,,185,94,75,86,274,,61,57,,96
2018-02-19 06:00:00,359,84,,232,48,80,88,266,,59,66,,134
2018-02-19 07:00:00,32,49,,235,100,28,78,274,,41,64,,133
2018-02-19 08:00:00,54,57,,232,58,104,65,258,,51,84,,120
2018-02-19 09:00:00,40,39,,226,140,107,48,286,,17,196,,167
2018-02-19 10:00:00,25,359,,271,312,25,39,307,,21,146,,127
2018-02-19 11:00:00,21,350,,231,11,39,46,321,,133,161,,92
2018-02-19 12:00:00,87,64,,145,41,46,72,59,,109,,,65
2018-02-19 13:00:00,79,106,,128,45,67,78,102,,170,172,,69
2018-02-19 14:00:00,66,108,,119,53,125,119,106,,150,178,,77
2018-02-19 15:00:00,73,111,,105,51,138,120,115,,180,,,69
2018-02-19 16:00:00,104,106,,102,54,128,126,106,,175,233,,69
2018-02-19 17:00:00,141,113,,106,57,123,191,110,,186,292,,72
2018-02-19 18:00:00,126,101,,103,59,120,152,111,,163,157,,68
2018-02-19 19:00:00,130,106,,96,58,121,132,98,,149,159,,57
2018-02-19 20:00:00,148,116,,99,75,110,168,105,,151,165,,79
2018-02-19 21:00:00,152,113,,102,111,100,144,118,,153,163,,106
2018-02-19 22:00:00,122,114,,102,155,116,190,117,,132,145,,117
2018-02-19 23:00:00,69,88,,99,164,108,111,131,,112,136,,128
2018-02-20 00:00:00,24,84,,185,121,97,69,212,,120,127,,117
2018-02-20 01:00:00,30,110,,259,64,106,84,123,,116,117,,107
2018-02-20 02:00:00,6,97,,136,88,84,88,125,,126,128,,106
2018-02-20 03:00:00,354,104,,222,148,73,78,200,,140,131,,115
2018-02-20 04:00:00,347,71,,214,26,66,71,273,,76,135,,174
2018-02-20 05:00:00,19,62,,204,298,66,92,276,,50,89,,96
2018-02-20 06:00:00,53,62,,254,92,50,72,249,,38,83,,112
2018-02-20 07:00:00,1,24,,250,323,18,59,277,,29,335,,136
2018-02-20 08:00:00,356,18,,249,254,357,29,296,,8,24,,215
2018-02-20 09:00:00,19,42,,265,256,68,38,309,,66,2,,202
2018-02-20 10:00:00,30,45,,252,78,310,47,305,,84,80,,68
2018-02-20 11:00:00,18,2,,250,18,3,45,307,,344,51,,78
2018-02-20 12:00:00,22,24,,264,66,62,50,310,,352,98,,79
2018-02-20 13:00:00,47,73,,218,40,88,56,321,,72,142,,86
2018-02-20 14:00:00,91,119,,230,44,69,69,320,,32,77,,92
2018-02-20 15:00:00,101,87,,130,64,85,95,321,,56,14,,84
2018-02-20 16:00:00,84,84,,96,62,86,97,328,,90,126,,80
2018-02-20 17:00:00,74,96,,97,60,94,120,119,,147,165,,85
2018-02-20 18:00:00,349,89,,103,89,95,123,179,,192,257,,141
2018-02-20 19:00:00,293,109,,121,102,93,135,107,,204,219,,161
2018-02-20 20:00:00,165,80,,106,105,73,126,103,,99,42,,160
2018-02-20 21:00:00,76,30,,114,176,39,258,175,,32,168,,185
2018-02-20 22:00:00,327,67,,212,111,290,80,227,,229,288,,241
2018-02-20 23:00:00,72,76,,136,53,246,91,135,,164,241,,97
2018-02-21 00:00:00,327,79,,133,112,123,71,109,,220,341,,103
2018-02-21 01:00:00,357,109,,277,100,99,118,172,,194,290,,110
2018-02-21 02:00:00,215,106,,159,169,124,126,254,,209,319,,157
2018-02-21 03:00:00,247,101,,209,145,172,104,204,,137,289,,189
2018-02-21 04:00:00,233,118,,253,220,37,195,245,,130,207,,227
2018-02-21 05:00:00,235,103,,304,228,261,284,313,,191,286,,223
2018-02-21 06:00:00,229,119,,272,231,305,282,107,,126,176,,216
2018-02-21 07:00:00,250,159,,270,118,291,253,145,,215,227,,113
2018-02-21 08:00:00,272,183,,265,236,168,282,187,,195,234,,204
2018-02-21 09:00:00,223,145,,280,177,310,307,293,,260,209,,240
2018-02-21 10:00:00,17,351,,277,217,98,298,354,,57,163,,232
2018-02-21 11:00:00,357,354,,229,140,74,37,313,,76,298,,66
2018-02-21 12:00:00,52,42,,165,36,96,72,310,,93,24,,68
2018-02-21 13:00:00,81,49,,109,53,112,86,316,,89,178,,67
2018-02-21 14:00:00,55,85,,121,61,121,86,329,,61,155,,63
2018-02-21 15:00:00,83,84,,107,73,101,95,59,,105,166,,67
2018-02-21 16:00:00,86,98,,97,67,107,116,85,,149,146,,62
2018-02-21 17:00:00,118,111,,95,71,116,140,94,,157,161,,83
2018-02-21 18:00:00,156,110,,95,69,120,143,99,,144,129,,83
2018-02-21 19:00:00,147,94,,90,61,111,139,123,,118,97,,69
2018-02-21 20:00:00,54,331,,68,75,223,42,131,,175,93,,76
2018-02-21 21:00:00,62,336,,205,87,261,53,317,,312,328,,102
2018-02-21 22:00:00,81,339,,174,89,268,59,311,,333,339,,90
2018-02-21 23:00:00,47,337,,230,94,253,65,333,,301,207,,88
2018-02-22 00:00:00,57,349,,186,106,,48,311,,320,166,,91
2018-02-22 01:00:00,33,350,,121,115,264,61,317,,291,178,,104
2018-02-22 02:00:00,44,348,,188,97,308,56,311,,165,168,,99
2018-02-22 03:00:00,66,343,,223,51,319,64,315,,163,163,,92
2018-02-22 04:00:00,48,360,,207,54,265,71,307,,161,166,,73
2018-02-22 05:00:00,42,354,,239,56,302,64,307,,140,167,,83
2018-02-22 06:00:00,44,335,,247,54,357,61,339,,153,174,,78
2018-02-22 07:00:00,51,353,,248,55,84,60,98,,160,168,,80
2018-02-22 08:00:00,68,2,,253,61,27,66,103,,142,170,,75
2018-02-22 09:00:00,60,2,,236,53,31,44,101,,145,,,88
2018-02-22 10:00:00,69,17,,159,32,105,67,316,,145,160,,79
2018-02-22 11:00:00,75,30,,139,32,90,73,309,,143,152,,76
2018-02-22 12:00:00,91,39,,150,43,57,77,306,,139,166,,83
2018-02-22 13:00:00,91,91,,150,51,60,85,310,,143,,,83
2018-02-22 14:00:00,91,98,,150,49,34,87,308,,135,,,97
2018-02-22 15:00:00,,106,,123,53,68,99,44,,148,159,,97
2018-02-22 16:00:00,57,104,,128,50,40,84,101,,143,167,,96
2018-02-22 17:00:00,108,102,,140,45,55,85,325,,124,154,,95
2018-02-22 18:00:00,102,110,,113,57,28,112,303,,163,184,,83
2018-02-22 19:00:00,96,105,,116,62,32,123,99,,134,154,,84
2018-02-22 20:00:00,39,118,,122,54,79,110,108,,150,173,,111
2018-02-22 21:00:00,39,103,,124,60,52,95,109,,134,173,,96
2018-02-22 22:00:00,30,190,,170,34,285,98,108,,170,172,,116
2018-02-22 23:00:00,30,121,,157,69,246,260,109,,146,235,,98
2018-02-23 00:00:00,206,101,,112,66,178,137,84,,165,184,,92
2018-02-23 01:00:00,6,65,,181,52,163,57,92,,140,184,,107
2018-02-23 02:00:00,3,10,,181,50,214,50,138,,26,34,,116
2018-02-23 03:00:00,88,24,,176,55,197,76,171,,88,28,,103
2018-02-23 04:00:00,72,15,,135,38,201,67,124,,89,46,,79
2018-02-23 05:00:00,60,38,,116,81,156,99,122,,103,50,,114
2018-02-23 06:00:00,82,55,,116,68,284,100,288,,96,42,,75
2018-02-23 07:00:00,59,65,,71,55,234,57,84,,106,74,,104
2018-02-23 08:00:00,37,43,,86,13,97,78,310,,338,32,,97
2018-02-23 09:00:00,41,32,,151,172,88,43,253,,28,,,84
2018-02-23 10:00:00,26,349,,265,300,74,43,283,,30,,,306
2018-02-23 11:00:00,41,333,,221,24,80,43,39,,335,25,,71
2018-02-23 12:00:00,70,5,,264,81,95,50,84,,28,358,,48
2018-02-23 13:00:00,76,34,,206,56,82,51,83,,29,20,,76
2018-02-23 14:00:00,63,51,,114,48,100,66,84,,47,20,,82
2018-02-23 15:00:00,79,23,,119,47,103,70,85,,44,35,,86
2018-02-23 16:00:00,78,26,,140,51,96,74,101,,77,75,,72
2018-02-23 17:00:00,26,4,,178,68,90,51,100,,117,180,,82
2018-02-23 18:00:00,51,43,,137,60,99,97,321,,35,53,,85
2018-02-23 19:00:00,325,38,,140,83,92,43,174,,170,179,,139
2018-02-23 20:00:00,321,118,,104,92,94,143,114,,153,164,,147
2018-02-23 21:00:00,303,92,,224,204,96,45,118,,172,176,,163
2018-02-23 22:00:00,269,331,,235,139,99,351,146,,188,187,,243
2018-02-23 23:00:00,139,89,,133,111,102,52,151,,51,18,,109
2018-02-24 00:00:00,43,106,,101,94,100,131,113,,184,92,,125
2018-02-24 01:00:00,337,78,,175,333,95,56,118,,243,130,,142
2018-02-24 02:00:00,275,91,,223,141,107,62,168,,291,340,,119
2018-02-24 03:00:00,283,111,,92,138,97,102,221,,156,277,,141
2018-02-24 04:00:00,291,106,,91,248,120,149,231,,214,341,,225
2018-02-24 05:00:00,270,131,,146,243,120,63,252,,244,307,,215
2018-02-24 06:00:00,260,79,,255,265,88,57,259,,84,316,,212
2018-02-24 07:00:00,239,51,,271,340,62,47,283,,241,245,,237
2018-02-24 08:00:00,249,320,,253,313,58,46,205,,259,273,,239
2018-02-24 09:00:00,235,21,,268,295,76,5,166,,2,343,,228
2018-02-24 10:00:00,244,324,,244,286,71,285,316,,9,358,,232
2018-02-24 11:00:00,1,20,,236,271,75,328,336,,81,19,,114
2018-02-24 12:00:00,75,53,,175,23,86,62,328,,94,181,,79
2018-02-24 13:00:00,83,101,,122,43,96,74,78,,167,176,,76
2018-02-24 14:00:00,91,98,,123,59,87,113,94,,144,160,,80
2018-02-24 15:00:00,75,107,,119,66,90,131,103,,142,169,,83
2018-02-24 16:00:00,87,108,,109,70,95,120,107,,156,178,,93
2018-02-24 17:00:00,122,105,,94,63,91,131,104,,165,175,,97
2018-02-24 18:00:00,78,42,,48,62,78,76,124,,108,127,,91
2018-02-24 19:00:00,75,49,,88,106,78,56,145,,79,40,,88
2018-02-24 20:00:00,30,341,,206,140,2,48,187,,318,51,,107
2018-02-24 21:00:00,46,329,,204,162,264,49,231,,349,356,,91
2018-02-24 22:00:00,130,317,,229,41,112,45,266,,307,13,,111
2018-02-24 23:00:00,118,332,,208,90,114,55,258,,318,346,,78
2018-02-25 00:00:00,153,281,,144,127,126,84,313,,282,269,,89
2018-02-25 01:00:00,142,193,,112,62,108,167,110,,206,190,,83
2018-02-25 02:00:00,86,174,,88,218,95,243,93,,149,164,,116
2018-02-25 03:00:00,123,99,,105,135,107,205,149,,177,205,,111
2018-02-25 04:00:00,241,22,,105,195,89,226,108,,172,166,,194
2018-02-25 05:00:00,210,328,,207,230,67,222,193,,9,106,,211
2018-02-25 06:00:00,31,348,,238,232,8,64,231,,348,8,,222
2018-02-25 07:00:00,103,347,,118,264,335,74,283,,323,329,,97
2018-02-25 08:00:00,123,343,,100,228,285,117,294,,321,326,,86
2018-02-25 09:00:00,129,355,,101,299,271,93,325,,331,336,,74
2018-02-25 10:00:00,115,349,,106,281,51,48,356,,347,348,,66
2018-02-25 11:00:00,93,360,,115,299,318,66,88,,354,1,,73
2018-02-25 12:00:00,98,10,,150,34,66,75,105,,24,87,,79
2018-02-25 13:00:00,81,38,,61,64,71,83,117,,91,129,,70
2018-02-25 14:00:00,72,76,,72,65,77,88,110,,117,129,,62
2018-02-25 15:00:00,80,100,,84,64,87,122,105,,126,123,,54
2018-02-25 16:00:00,70,100,,93,62,97,128,90,,132,135,,60
2018-02-25 17:00:00,77,102,,96,64,90,135,82,,152,144,,47
2018-02-25 18:00:00,110,111,,91,69,86,132,106,,145,141,,62
2018-02-25 19:00:00,126,107,,92,61,83,134,120,,151,161,,65
2018-02-25 20:00:00,104,98,,90,63,114,,108,,137,114,,58
2018-02-25 21:00:00,111,98,,104,86,174,131,119,,133,129,,67
2018-02-25 22:00:00,88,100,,87,116,139,119,101,,189,293,,80
2018-02-25 23:00:00,53,94,,88,108,75,109,102,,188,281,,75
2018-02-26 00:00:00,66,90,,86,104,110,109,111,,198,313,,95
2018-02-26 01:00:00,86,32,,87,98,99,89,106,,50,326,,88
2018-02-26 02:00:00,51,348,,141,94,96,45,125,,272,353,,89
2018-02-26 03:00:00,42,323,,163,126,86,63,127,,345,356,,104
2018-02-26 04:00:00,159,323,,132,115,51,87,106,,46,336,,105
2018-02-26 05:00:00,36,14,,110,92,303,85,98,,105,45,,89
2018-02-26 06:00:00,29,332,,141,74,329,44,94,,134,257,,77
2018-02-26 07:00:00,206,316,,107,45,322,182,259,,197,204,,106
2018-02-26 08:00:00,156,150,,113,354,300,210,212,,166,174,,104
2018-02-26 09:00:00,71,331,,113,26,310,61,149,,114,151,,101
2018-02-26 10:00:00,37,356,,269,52,322,29,186,,115,219,,106
2018-02-26 11:00:00,19,1,,75,90,331,46,255,,241,145,,113
2018-02-26 12:00:00,33,44,,117,98,41,90,234,,262,278,,112
2018-02-26 13:00:00,140,111,,138,77,108,113,219,,250,,,111
2018-02-26 14:00:00,165,142,,153,83,131,172,124,,203,184,,105
2018-02-26 15:00:00,146,155,,137,91,96,223,103,,180,136,,99
2018-02-26 16:00:00,146,137,,122,97,98,219,103,,128,139,,76
2018-02-26 17:00:00,113,111,,112,76,106,153,100,,163,155,,58
2018-02-26 18:00:00,78,117,,95,61,108,145,99,,157,160,,61
2018-02-26 19:00:00,88,111,,94,59,107,139,104,,157,169,,65
2018-02-26 20:00:00,69,102,,102,56,52,137,102,,157,156,,68
2018-02-26 21:00:00,80,101,,98,67,41,125,109,,149,139,,67
2018-02-26 22:00:00,69,106,,92,58,334,125,111,,150,151,,73
2018-02-26 23:00:00,60,91,,88,60,9,117,104,,122,144,,70
2018-02-27 00:00:00,48,86,,83,59,37,117,104,,122,138,,93
2018-02-27 01:00:00,23,85,,83,57,,110,107,,112,129,,118
2018-02-27 02:00:00,30,70,,100,96,90,89,117,,119,142,,131
2018-02-27 03:00:00,19,43,,176,167,99,67,110,,107,123,,121
2018-02-27 04:00:00,13,22,,205,86,105,50,158,,82,93,,105
2018-02-27 05:00:00,31,11,,231,23,95,72,302,,22,51,,97
2018-02-27 06:00:00,359,11,,218,352,320,31,296,,34,360,,97
2018-02-27 07:00:00,322,11,,245,240,36,37,293,,39,6,,75
2018-02-27 08:00:00,13,348,,248,217,329,29,285,,1,342,,108
2018-02-27 09:00:00,32,1,,269,23,341,24,283,,14,343,,87
2018-02-27 10:00:00,348,322,,271,326,18,345,306,,340,347,,88
2018-02-27 11:00:00,30,8,,224,306,37,33,321,,355,346,,67
2018-02-27 12:00:00,11,336,,227,35,62,64,274,,7,11,,61
2018-02-27 13:00:00,91,79,,135,48,38,69,70,,90,48,,75
2018-02-27 14:00:00,73,98,,122,52,53,81,96,,123,103,,70
2018-02-27 15:00:00,89,100,,115,50,56,72,103,,128,156,,67
2018-02-27 16:00:00,61,94,,126,51,53,92,97,,123,145,,65
2018-02-27 17:00:00,63,96,,105,60,44,98,96,,104,140,,62
2018-02-27 18:00:00,74,99,,91,63,17,107,112,,132,174,,64
2018-02-27 19:00:00,61,93,,123,56,355,102,104,,182,233,,73
2018-02-27 20:00:00,17,66,,139,66,71,74,111,,42,13,,87
2018-02-27 21:00:00,354,53,,114,78,64,70,109,,129,59,,112
2018-02-27 22:00:00,356,22,,125,123,80,55,112,,209,266,,114
2018-02-27 23:00:00,359,349,,202,147,94,59,251,,336,49,,132
2018-02-28 00:00:00,17,57,,168,152,135,67,210,,87,79,,130
2018-02-28 01:00:00,23,102,,126,68,359,73,220,,103,103,,140
2018-02-28 02:00:00,356,105,,132,74,45,94,246,,95,79,,154
2018-02-28 03:00:00,332,88,,190,251,64,65,244,,101,65,,190
2018-02-28 04:00:00,327,23,,213,220,73,48,286,,326,60,,199
2018-02-28 05:00:00,10,37,,243,225,80,33,20,,331,351,,240
2018-02-28 06:00:00,293,22,,128,170,76,38,198,,331,9,,118
2018-02-28 07:00:00,291,32,,218,260,83,71,119,,226,336,,138
2018-02-28 08:00:00,263,3,,108,273,114,55,195,,296,318,,121
2018-02-28 09:00:00,30,292,,255,290,92,340,96,,316,299,,93
2018-02-28 10:00:00,94,27,,117,273,86,41,220,,324,94,,71
2018-02-28 11:00:00,84,18,,129,338,81,56,107,,25,70,,69
2018-02-28 12:00:00,91,85,,122,44,105,90,100,,93,137,,71
2018-02-28 13:00:00,92,104,,113,47,93,128,99,,165,148,,72
2018-02-28 14:00:00,81,108,,106,50,100,127,101,,150,169,,71
2018-02-28 15:00:00,110,103,,99,46,99,110,102,,158,162,,
2018-02-28 16:00:00,140,103,,90,53,94,126,104,,143,162,,79
2018-02-28 17:00:00,150,113,,92,56,93,141,100,,143,164,,70
2018-02-28 18:00:00,139,112,,96,67,92,140,114,,139,141,,64
2018-02-28 19:00:00,139,107,,90,72,96,138,129,,140,113,,66
2018-02-28 20:00:00,143,107,,93,117,106,140,110,,157,151,,122
2018-02-28 21:00:00,149,92,,106,161,112,139,117,,168,154,,156
2018-02-28 22:00:00,206,112,,222,179,114,225,111,,188,188,,211
2018-02-28 23:00:00,248,170,,246,183,94,207,198,,275,223,,215
2018-03-01 00:00:00,,,,,,101,,,,,,,
2018-03-01 01:00:00,240,324,,275,213,102,345,245,,343,58,,256
2018-03-01 02:00:00,317,280,,256,255,111,354,266,,334,20,,271
2018-03-01 03:00:00,295,268,,255,238,109,26,282,,332,1,,277
2018-03-01 04:00:00,288,263,,129,227,72,335,269,,348,353,,262
2018-03-01 05:00:00,287,324,,254,256,96,355,280,,329,360,,
2018-03-01 06:00:00,87,343,,60,263,70,41,279,,319,353,,100
2018-03-01 07:00:00,81,348,,85,81,109,56,279,,325,323,,99
2018-03-01 08:00:00,117,327,,39,99,106,47,258,,330,325,,99
2018-03-01 09:00:00,80,1,,43,86,125,60,272,,322,328,,105
2018-03-01 10:00:00,89,5,,142,82,97,71,279,,320,327,,81
2018-03-01 11:00:00,98,11,,93,63,96,82,291,,328,329,,74
2018-03-01 12:00:00,82,356,,58,61,99,72,284,,336,305,,66
2018-03-01 13:00:00,15,341,,36,66,106,45,281,,325,213,,55
2018-03-01 14:00:00,50,9,,108,61,97,58,297,,289,147,,63
2018-03-01 15:00:00,55,33,,87,66,109,52,302,,294,160,,56
2018-03-01 16:00:00,34,25,,103,68,112,73,304,,249,166,,50
2018-03-01 17:00:00,68,18,,90,71,98,82,275,,172,128,,60
2018-03-01 18:00:00,53,4,,65,65,107,64,41,,127,115,,56
2018-03-01 19:00:00,39,30,,44,66,115,66,105,,133,104,,54
2018-03-01 20:00:00,110,67,,57,70,106,98,122,,186,144,,52
2018-03-01 21:00:00,124,101,,52,67,113,102,120,,193,182,,61
2018-03-01 22:00:00,112,9,,37,78,107,63,119,,196,169,,66
2018-03-01 23:00:00,28,351,,39,72,113,36,113,,218,169,,47
2018-03-02 00:00:00,11,321,,38,71,110,42,107,,316,213,,110
2018-03-02 01:00:00,51,320,,39,76,109,41,197,,246,289,,119
2018-03-02 02:00:00,121,308,,171,75,115,34,251,,302,335,,121
2018-03-02 03:00:00,122,312,,163,261,107,46,217,,276,312,,121
2018-03-02 04:00:00,214,336,,173,239,113,18,187,,283,49,,103
2018-03-02 05:00:00,92,320,,121,238,81,50,185,,298,321,,96
2018-03-02 06:00:00,105,305,,192,96,83,43,175,,211,293,,112
2018-03-02 07:00:00,116,316,,167,4,92,42,265,,300,331,,103
2018-03-02 08:00:00,127,325,,165,267,99,61,199,,347,100,,99
2018-03-02 09:00:00,112,344,,219,17,79,49,298,,318,182,,98
2018-03-02 10:00:00,34,348,,196,57,120,43,,,241,223,,94
2018-03-02 11:00:00,72,96,,102,66,96,71,102,,169,179,,77
2018-03-02 12:00:00,68,100,,96,60,120,120,120,,164,168,,69
2018-03-02 13:00:00,59,91,,81,66,78,103,,,114,164,,55
2018-03-02 14:00:00,76,95,,83,60,68,121,60,,133,172,,52
2018-03-02 15:00:00,73,98,,84,63,91,105,68,,118,128,,47
2018-03-02 16:00:00,85,96,,87,63,99,127,72,,118,146,,52
2018-03-02 17:00:00,104,103,,82,59,94,131,,,144,126,,67
2018-03-02 18:00:00,105,102,,84,60,101,130,80,,114,115,,70
2018-03-02 19:00:00,89,95,,81,60,101,120,66,,105,127,,
2018-03-02 20:00:00,108,95,,83,57,99,127,100,,125,129,,75
2018-03-02 21:00:00,131,108,,83,55,99,134,104,,189,181,,64
2018-03-02 22:00:00,145,107,,84,51,116,139,103,,187,193,,63
2018-03-02 23:00:00,129,110,,86,49,109,135,119,,151,152,,66
2018-03-03 00:00:00,107,94,,78,53,98,112,109,,119,137,,69
2018-03-03 01:00:00,75,91,,76,49,124,110,107,,150,148,,71
2018-03-03 02:00:00,110,105,,82,59,113,119,103,,161,175,,64
2018-03-03 03:00:00,100,104,,83,62,302,125,120,,129,144,,77
2018-03-03 04:00:00,56,96,,82,71,296,137,133,,128,132,,93
2018-03-03 05:00:00,65,111,,105,84,287,121,130,,112,108,,91
2018-03-03 06:00:00,78,88,,116,89,292,92,125,,99,69,,134
2018-03-03 07:00:00,84,64,,135,84,309,82,232,,85,2,,116
2018-03-03 08:00:00,92,48,,138,43,306,87,244,,85,46,,103
2018-03-03 09:00:00,101,102,,115,46,96,72,281,,104,76,,97
2018-03-03 10:00:00,15,81,,108,68,111,67,319,,91,139,,79
2018-03-03 11:00:00,36,44,,131,65,141,69,328,,97,150,,68
2018-03-03 12:00:00,79,88,,91,66,16,75,100,,125,148,,76
2018-03-03 13:00:00,30,108,,68,58,103,102,92,,125,143,,62
2018-03-03 14:00:00,56,91,,116,56,107,117,90,,127,119,,62
2018-03-03 15:00:00,69,98,,85,62,124,114,75,,127,162,,65
2018-03-03 16:00:00,89,98,,83,64,105,133,93,,124,103,,57
2018-03-03 17:00:00,121,93,,81,63,99,130,92,,126,93,,66
2018-03-03 18:00:00,127,88,,80,56,93,133,98,,117,112,,65
2018-03-03 19:00:00,121,91,,80,50,117,137,101,,164,94,,74
2018-03-03 20:00:00,137,79,,81,54,120,104,114,,256,1,,80
2018-03-03 21:00:00,105,84,,90,57,141,102,99,,81,90,,115
2018-03-03 22:00:00,64,90,,76,59,137,110,103,,138,138,,73
2018-03-03 23:00:00,142,101,,83,54,78,136,95,,129,136,,68
2018-03-04 00:00:00,93,96,,84,72,276,129,127,,125,122,,69
2018-03-04 01:00:00,41,75,,105,126,39,93,142,,126,114,,108
2018-03-04 02:00:00,37,73,,173,109,94,76,229,,86,115,,112
2018-03-04 03:00:00,52,86,,115,47,92,103,131,,112,120,,99
2018-03-04 04:00:00,9,50,,133,66,315,74,230,,150,122,,117
2018-03-04 05:00:00,31,39,,176,325,317,74,268,,88,109,,132
2018-03-04 06:00:00,27,4,,200,86,306,50,288,,5,35,,101
2018-03-04 07:00:00,19,336,,221,40,271,42,272,,11,22,,98
2018-03-04 08:00:00,350,321,,235,56,305,43,276,,358,39,,119
2018-03-04 09:00:00,345,338,,214,142,16,42,287,,346,52,,175
2018-03-04 10:00:00,331,346,,235,97,339,36,291,,37,92,,211
2018-03-04 11:00:00,306,348,,223,46,349,34,303,,38,19,,73
2018-03-04 12:00:00,83,33,,150,14,347,86,301,,29,94,,73
2018-03-04 13:00:00,78,35,,125,40,15,83,344,,97,117,,83
2018-03-04 14:00:00,65,100,,132,60,22,93,331,,104,136,,76
2018-03-04 15:00:00,85,80,,104,57,38,86,327,,110,152,,74
2018-03-04 16:00:00,87,68,,89,64,42,97,108,,89,147,,76
2018-03-04 17:00:00,78,80,,95,62,24,89,115,,100,144,,81
2018-03-04 18:00:00,82,87,,83,67,23,99,105,,111,189,,80
2018-03-04 19:00:00,80,93,,91,68,24,123,134,,157,202,,82
2018-03-04 20:00:00,69,106,,100,72,1,114,119,,198,243,,90
2018-03-04 21:00:00,102,131,,109,75,4,146,163,,210,273,,93
2018-03-04 22:00:00,99,96,,106,99,38,185,111,,140,148,,110
2018-03-04 23:00:00,79,87,,103,136,37,108,110,,122,122,,114
2018-03-05 00:00:00,36,94,,93,109,59,102,113,,177,84,,111
2018-03-05 01:00:00,47,94,,118,104,12,83,118,,100,113,,118
2018-03-05 02:00:00,37,83,,257,141,1,66,95,,112,150,,113
2018-03-05 03:00:00,19,80,,235,43,,74,208,,118,130,,173
2018-03-05 04:00:00,353,94,,221,269,17,68,279,,101,121,,205
2018-03-05 05:00:00,335,349,,239,177,26,40,257,,38,111,,222
2018-03-05 06:00:00,314,325,,249,236,347,4,267,,37,25,,198
2018-03-05 07:00:00,314,320,,249,149,41,29,258,,37,39,,254
2018-03-05 08:00:00,263,307,,279,126,35,1,250,,28,21,,139
2018-03-05 09:00:00,339,304,,236,72,43,4,277,,15,33,,88
2018-03-05 10:00:00,353,287,,177,335,39,46,277,,3,2,,78
2018-03-05 11:00:00,56,343,,110,285,39,82,302,,1,29,,85
2018-03-05 12:00:00,86,16,,154,292,37,72,298,,67,53,,78
2018-03-05 13:00:00,126,52,,149,288,17,93,293,,100,54,,98
2018-03-05 14:00:00,112,103,,105,318,17,127,305,,133,88,,97
2018-03-05 15:00:00,105,111,,107,66,77,142,44,,143,120,,109
2018-03-05 16:00:00,88,103,,104,74,80,131,93,,142,162,,88
2018-03-05 17:00:00,96,108,,102,82,85,143,78,,144,163,,71
2018-03-05 18:00:00,85,119,,93,87,105,132,73,,165,177,,73
2018-03-05 19:00:00,105,126,,87,79,122,133,102,,199,168,,64
2018-03-05 20:00:00,140,110,,82,65,116,135,122,,173,188,,69
2018-03-05 21:00:00,108,61,,47,61,121,108,112,,108,65,,60
2018-03-05 22:00:00,90,52,,38,82,104,90,76,,91,49,,67
2018-03-05 23:00:00,98,350,,42,78,94,48,97,,99,48,,72
2018-03-06 00:00:00,29,358,,45,73,89,68,159,,329,88,,82
2018-03-06 01:00:00,14,352,,44,78,37,47,268,,142,189,,81
2018-03-06 02:00:00,51,356,,71,86,46,56,276,,212,172,,100
2018-03-06 03:00:00,19,311,,186,80,25,37,265,,162,141,,76
2018-03-06 04:00:00,29,323,,186,71,353,26,274,,332,318,,110
2018-03-06 05:00:00,53,344,,128,347,50,51,282,,332,44,,99
2018-03-06 06:00:00,76,340,,130,238,96,49,267,,321,341,,89
2018-03-06 07:00:00,105,337,,110,216,99,45,269,,328,335,,84
2018-03-06 08:00:00,54,341,,128,104,94,40,280,,328,339,,89
2018-03-06 09:00:00,72,341,,133,31,107,39,297,,340,339,,71
2018-03-06 10:00:00,63,354,,139,52,95,47,295,,343,338,,84
2018-03-06 11:00:00,74,356,,7,68,105,52,294,,332,334,,81
2018-03-06 12:00:00,64,352,,141,62,89,53,292,,329,68,,78
2018-03-06 13:00:00,71,351,,318,57,79,55,294,,58,145,,82
2018-03-06 14:00:00,76,351,,49,55,109,52,295,,328,166,,67
2018-03-06 15:00:00,61,5,,81,58,100,52,293,,93,145,,69
2018-03-06 16:00:00,52,2,,74,64,92,64,292,,145,159,,67
2018-03-06 17:00:00,67,1,,50,63,102,60,290,,123,84,,71
2018-03-06 18:00:00,34,22,,44,61,102,53,114,,115,96,,71
2018-03-06 19:00:00,71,100,,86,,100,102,107,,137,167,,93
2018-03-06 20:00:00,71,103,,88,92,86,120,109,,172,187,,98
2018-03-06 21:00:00,40,74,,77,73,96,98,114,,163,178,,92
2018-03-06 22:00:00,11,165,,113,63,95,19,105,,174,181,,89
2018-03-06 23:00:00,146,255,,99,79,91,264,110,,220,209,,112
2018-03-07 00:00:00,125,261,,139,81,84,132,172,,336,311,,106
2018-03-07 01:00:00,121,186,,110,74,91,201,105,,115,64,,103
2018-03-07 02:00:00,121,26,,105,68,101,75,106,,85,55,,71
2018-03-07 03:00:00,83,25,,75,53,116,68,115,,65,33,,94
2018-03-07 04:00:00,90,66,,71,59,103,75,112,,152,342,,
2018-03-07 05:00:00,53,101,,93,58,108,121,109,,216,272,,68
2018-03-07 06:00:00,119,106,,89,49,119,139,111,,188,242,,76
2018-03-07 07:00:00,133,107,,89,57,115,148,109,,185,186,,72
2018-03-07 08:00:00,131,108,,91,55,99,142,119,,155,151,,73
2018-03-07 09:00:00,130,100,,87,59,89,128,93,,133,121,,78
2018-03-07 10:00:00,95,89,,82,54,91,125,77,,111,107,,71
2018-03-07 11:00:00,93,91,,83,57,91,121,58,,104,117,,72
2018-03-07 12:00:00,113,95,,91,56,131,134,73,,107,114,,66
2018-03-07 13:00:00,138,96,,83,56,133,125,91,,111,121,,68
2018-03-07 14:00:00,128,102,,85,55,135,128,92,,130,129,,66
2018-03-07 15:00:00,123,100,,86,54,130,124,101,,129,136,,65
2018-03-07 16:00:00,131,100,,86,59,118,125,86,,120,141,,69
2018-03-07 17:00:00,115,96,,86,54,128,130,83,,119,132,,69
2018-03-07 18:00:00,106,99,,82,56,120,137,74,,119,135,,74
2018-03-07 19:00:00,101,101,,83,57,125,129,77,,127,143,,76
2018-03-07 20:00:00,110,110,,89,61,122,145,92,,147,154,,
2018-03-07 21:00:00,142,119,,95,65,125,149,103,,184,176,,69
2018-03-07 22:00:00,144,126,,105,68,125,163,112,,184,171,,74
2018-03-07 23:00:00,147,96,,102,61,119,140,118,,109,121,,70
2018-03-08 00:00:00,84,96,,76,50,128,113,78,,104,128,,58
2018-03-08 01:00:00,85,101,,79,53,118,115,79,,160,151,,57
2018-03-08 02:00:00,112,96,,85,68,116,109,97,,153,168,,72
2018-03-08 03:00:00,96,90,,82,109,111,99,127,,135,154,,105
2018-03-08 04:00:00,50,75,,239,158,114,72,188,,122,150,,106
2018-03-08 05:00:00,56,86,,134,144,94,99,162,,104,103,,100
2018-03-08 06:00:00,46,67,,113,121,87,90,123,,110,110,,108
2018-03-08 07:00:00,65,88,,143,112,73,94,112,,136,161,,99
2018-03-08 08:00:00,80,98,,92,135,71,118,104,,162,173,,98
2018-03-08 09:00:00,68,96,,89,83,81,139,105,,131,160,,65
2018-03-08 10:00:00,69,95,,78,70,81,120,92,,133,166,,69
2018-03-08 11:00:00,71,102,,79,57,133,100,73,,126,154,,60
2018-03-08 12:00:00,53,104,,73,48,114,120,78,,147,153,,70
2018-03-08 13:00:00,93,101,,79,54,85,136,93,,153,163,,83
2018-03-08 14:00:00,160,116,,89,63,99,148,109,,147,155,,90
2018-03-08 15:00:00,152,121,,89,64,98,146,111,,158,188,,82
2018-03-08 16:00:00,147,115,,87,59,113,146,108,,167,195,,77
2018-03-08 17:00:00,158,107,,86,64,96,139,104,,158,180,,77
2018-03-08 18:00:00,157,122,,85,62,137,146,105,,161,173,,74
2018-03-08 19:00:00,161,116,,92,67,169,138,106,,166,172,,73
2018-03-08 20:00:00,161,114,,98,77,221,154,102,,163,171,,75
2018-03-08 21:00:00,148,112,,91,78,198,157,101,,148,156,,63
2018-03-08 22:00:00,146,111,,85,83,215,147,93,,139,140,,63
2018-03-08 23:00:00,143,111,,82,89,264,142,97,,144,151,,63
2018-03-09 00:00:00,141,106,,76,87,190,134,111,,138,155,,61
2018-03-09 01:00:00,111,108,,86,67,261,135,111,,132,141,,62
2018-03-09 02:00:00,101,100,,86,66,228,135,115,,127,133,,62
2018-03-09 03:00:00,128,105,,96,84,252,155,106,,133,132,,83
2018-03-09 04:00:00,147,104,,94,92,300,230,114,,137,122,,149
2018-03-09 05:00:00,157,96,,98,103,275,92,218,,149,162,,152
2018-03-09 06:00:00,122,100,,96,51,301,106,209,,81,86,,252
2018-03-09 07:00:00,120,109,,98,72,111,140,210,,89,49,,209
2018-03-09 08:00:00,99,102,,104,138,242,128,132,,86,83,,211
2018-03-09 09:00:00,31,72,,91,89,47,291,75,,103,114,,50
2018-03-09 10:00:00,13,64,,81,67,261,48,315,,87,138,,55
2018-03-09 11:00:00,15,357,,178,16,250,23,328,,139,161,,18
2018-03-09 12:00:00,75,47,,145,14,314,49,329,,120,152,,78
2018-03-09 13:00:00,60,89,,86,37,357,74,312,,103,149,,69
2018-03-09 14:00:00,61,72,,117,48,9,99,310,,66,123,,73
2018-03-09 15:00:00,76,99,,122,47,329,84,314,,104,139,,73
2018-03-09 16:00:00,69,101,,116,56,77,135,336,,105,138,,80
2018-03-09 17:00:00,59,94,,92,66,118,111,102,,136,144,,61
2018-03-09 18:00:00,53,99,,90,61,89,116,90,,130,138,,66
2018-03-09 19:00:00,125,98,,84,63,80,126,95,,128,139,,63
2018-03-09 20:00:00,118,81,,78,74,110,111,119,,119,91,,72
2018-03-09 21:00:00,124,80,,78,118,84,90,130,,94,103,,110
2018-03-09 22:00:00,63,92,,85,129,344,102,112,,128,151,,126
2018-03-09 23:00:00,45,105,,108,132,145,133,113,,164,135,,150
2018-03-10 00:00:00,282,96,,162,200,117,95,120,,104,73,,145
2018-03-10 01:00:00,262,101,,254,265,88,74,177,,98,90,,190
2018-03-10 02:00:00,283,95,,222,227,81,79,234,,85,123,,211
2018-03-10 03:00:00,342,55,,240,232,86,96,239,,30,61,,165
2018-03-10 04:00:00,125,29,,229,197,99,260,260,,165,25,,175
2018-03-10 05:00:00,227,303,,216,302,89,291,244,,335,1,,198
2018-03-10 06:00:00,282,308,,226,150,52,308,244,,342,5,,176
2018-03-10 07:00:00,268,300,,226,214,311,354,246,,359,18,,191
2018-03-10 08:00:00,270,294,,247,229,296,299,117,,323,2,,225
2018-03-10 09:00:00,220,301,,249,300,135,265,94,,336,345,,150
2018-03-10 10:00:00,56,318,,253,298,296,57,348,,342,345,,98
2018-03-10 11:00:00,79,331,,157,307,279,59,334,,351,20,,83
2018-03-10 12:00:00,89,7,,113,298,298,70,331,,348,50,,79
2018-03-10 13:00:00,114,70,,127,286,332,100,296,,5,196,,98
2018-03-10 14:00:00,127,97,,111,305,322,126,329,,146,172,,95
2018-03-10 15:00:00,113,108,,109,18,307,155,320,,159,185,,84
2018-03-10 16:00:00,96,104,,103,65,307,132,107,,118,173,,85
2018-03-10 17:00:00,76,99,,94,61,142,123,65,,137,142,,68
2018-03-10 18:00:00,95,106,,86,72,118,132,62,,131,115,,61
2018-03-10 19:00:00,128,114,,88,73,132,142,102,,131,112,,69
2018-03-10 20:00:00,121,113,,88,73,124,135,113,,177,138,,62
2018-03-10 21:00:00,110,113,,87,94,107,124,125,,201,189,,75
2018-03-10 22:00:00,128,114,,88,149,119,130,108,,186,242,,137
2018-03-10 23:00:00,132,92,,121,170,88,177,97,,150,123,,181
2018-03-11 00:00:00,194,36,,195,182,58,25,137,,96,142,,215
2018-03-11 01:00:00,211,85,,229,303,47,86,173,,134,124,,238
2018-03-11 02:00:00,42,76,,234,182,90,77,193,,135,169,,131
2018-03-11 03:00:00,330,101,,128,229,91,128,255,,34,43,,182
2018-03-11 04:00:00,287,180,,244,223,315,246,241,,56,39,,231
2018-03-11 05:00:00,294,356,,238,258,271,9,213,,30,11,,262
2018-03-11 06:00:00,289,346,,250,279,352,44,247,,341,354,,236
2018-03-11 07:00:00,254,281,,261,225,77,14,239,,319,333,,236
2018-03-11 08:00:00,260,305,,252,247,168,340,244,,331,338,,245
2018-03-11 09:00:00,18,301,,250,249,317,41,289,,328,336,,241
2018-03-11 10:00:00,58,304,,259,254,264,74,293,,318,341,,269
2018-03-11 11:00:00,48,326,,252,260,351,51,298,,343,345,,290
2018-03-11 12:00:00,34,332,,42,254,323,39,289,,350,356,,245
2018-03-11 13:00:00,26,344,,42,255,284,45,311,,7,350,,129
2018-03-11 14:00:00,31,13,,55,27,276,62,325,,7,349,,59
2018-03-11 15:00:00,33,19,,51,69,276,72,325,,15,9,,50
2018-03-11 16:00:00,39,13,,89,77,280,60,305,,15,49,,65
2018-03-11 17:00:00,18,358,,70,63,277,55,296,,22,72,,38
2018-03-11 18:00:00,30,359,,45,77,283,56,301,,7,38,,66
2018-03-11 19:00:00,38,1,,42,79,315,57,290,,356,9,,76
2018-03-11 20:00:00,55,356,,39,81,170,59,283,,332,332,,80
2018-03-11 21:00:00,14,355,,39,91,111,39,272,,326,322,,75
2018-03-11 22:00:00,13,4,,42,73,116,56,265,,329,332,,54
2018-03-11 23:00:00,20,8,,39,72,66,65,283,,328,330,,86
2018-03-12 00:00:00,12,345,,44,71,276,71,286,,327,329,,88
2018-03-12 01:00:00,55,339,,44,61,280,55,288,,333,334,,89
2018-03-12 02:00:00,42,345,,38,58,124,46,304,,332,337,,82
2018-03-12 03:00:00,23,328,,44,64,295,36,290,,328,337,,96
2018-03-12 04:00:00,34,335,,48,82,281,41,292,,332,344,,97
2018-03-12 05:00:00,29,334,,42,72,282,48,294,,330,336,,92
2018-03-12 06:00:00,23,331,,39,83,280,40,287,,316,325,,76
2018-03-12 07:00:00,27,339,,38,78,158,45,290,,318,330,,89
2018-03-12 08:00:00,29,355,,39,64,313,40,285,,351,76,,90
2018-03-12 09:00:00,38,356,,41,76,263,48,279,,354,72,,91
2018-03-12 10:00:00,37,358,,46,63,252,52,284,,294,102,,67
2018-03-12 11:00:00,56,353,,53,61,18,52,286,,311,152,,59
2018-03-12 12:00:00,63,347,,54,53,15,52,297,,171,165,,56
2018-03-12 13:00:00,19,348,,148,60,22,45,327,,155,163,,49
2018-03-12 14:00:00,18,354,,45,61,26,48,329,,144,174,,55
2018-03-12 15:00:00,29,63,,60,59,30,69,111,,139,164,,44
2018-03-12 16:00:00,76,99,,68,61,33,123,104,,135,155,,52
2018-03-12 17:00:00,99,97,,91,57,46,135,103,,134,165,,63
2018-03-12 18:00:00,104,113,,90,65,27,145,98,,162,170,,89
2018-03-12 19:00:00,148,123,,94,71,19,133,115,,184,189,,80
2018-03-12 20:00:00,143,121,,92,66,103,142,124,,194,197,,76
2018-03-12 21:00:00,137,122,,113,59,52,148,117,,181,187,,75
2018-03-12 22:00:00,123,120,,102,69,257,153,121,,168,178,,79
2018-03-12 23:00:00,119,105,,91,59,241,139,110,,153,165,,71
2018-03-13 00:00:00,119,99,,83,59,230,121,114,,125,158,,68
2018-03-13 01:00:00,103,82,,82,73,146,113,121,,110,151,,68
2018-03-13 02:00:00,103,43,,63,80,112,91,140,,59,62,,78
2018-03-13 03:00:00,89,60,,76,155,297,79,216,,75,64,,118
2018-03-13 04:00:00,84,93,,79,156,255,121,170,,106,87,,120
2018-03-13 05:00:00,65,94,,84,150,229,108,121,,127,129,,139
2018-03-13 06:00:00,105,74,,88,138,189,107,113,,122,163,,111
2018-03-13 07:00:00,93,74,,99,141,298,74,110,,119,176,,117
2018-03-13 08:00:00,77,100,,118,111,31,100,104,,188,235,,98
2018-03-13 09:00:00,58,97,,88,78,113,95,95,,143,170,,88
2018-03-13 10:00:00,69,99,,108,71,87,103,100,,147,159,,63
2018-03-13 11:00:00,63,94,,98,67,78,98,109,,129,160,,57
2018-03-13 12:00:00,52,80,,78,58,80,92,124,,104,158,,53
2018-03-13 13:00:00,65,75,,76,60,99,93,86,,110,155,,47
2018-03-13 14:00:00,61,75,,79,63,93,98,78,,81,162,,47
2018-03-13 15:00:00,75,87,,90,67,90,108,64,,120,198,,55
2018-03-13 16:00:00,68,83,,84,57,114,134,51,,130,152,,57
2018-03-13 17:00:00,70,110,,80,58,107,117,56,,138,93,,50
2018-03-13 18:00:00,91,107,,81,69,102,,58,,124,114,,69
2018-03-13 19:00:00,99,102,,86,67,93,133,67,,112,79,,86
2018-03-13 20:00:00,106,95,,82,67,99,128,105,,110,110,,84
2018-03-13 21:00:00,131,99,,79,57,89,134,113,,135,117,,74
2018-03-13 22:00:00,108,98,,79,51,86,115,105,,129,146,,68
2018-03-13 23:00:00,133,95,,78,47,93,112,98,,112,159,,69
2018-03-14 00:00:00,137,78,,78,52,96,120,102,,103,119,,73
2018-03-14 01:00:00,130,90,,79,51,107,112,95,,114,135,,81
2018-03-14 02:00:00,85,104,,87,57,90,127,78,,131,137,,57
2018-03-14 03:00:00,112,112,,85,53,103,134,96,,156,157,,61
2018-03-14 04:00:00,101,93,,78,49,102,121,,,107,128,,67
2018-03-14 05:00:00,82,104,,87,59,107,118,,,111,128,,73
2018-03-14 06:00:00,88,108,,86,64,86,129,,,159,173,,71
2018-03-14 07:00:00,76,102,,82,51,100,124,102,,168,179,,75
2018-03-14 08:00:00,80,102,,81,56,100,120,96,,152,180,,55
2018-03-14 09:00:00,68,98,,71,51,71,101,92,,131,87,,57
2018-03-14 10:00:00,76,98,,80,52,62,112,103,,116,56,,58
2018-03-14 11:00:00,71,99,,72,51,83,102,82,,153,193,,57
2018-03-14 12:00:00,72,113,,77,51,111,133,51,,,198,,58
2018-03-14 13:00:00,78,120,,79,51,118,139,54,,201,215,,47
2018-03-14 14:00:00,93,126,,80,57,94,141,64,,218,,,54
2018-03-14 15:00:00,146,124,,89,59,107,164,107,,213,251,,69
2018-03-14 16:00:00,151,127,,97,66,107,173,132,,205,230,,70
2018-03-14 17:00:00,146,124,,103,64,114,175,111,,198,225,,74
2018-03-14 18:00:00,146,125,,95,63,98,174,105,,205,223,,77
2018-03-14 19:00:00,142,126,,97,60,109,180,102,,191,193,,74
2018-03-14 20:00:00,144,125,,98,67,99,184,107,,175,187,,81
2018-03-14 21:00:00,137,128,,99,61,99,182,99,,181,181,,75
2018-03-14 22:00:00,135,124,,96,58,93,170,88,,177,181,,69
2018-03-14 23:00:00,153,127,,86,53,91,144,99,,185,189,,73
2018-03-15 00:00:00,161,124,,87,53,98,142,94,,172,176,,75
2018-03-15 01:00:00,126,112,,82,64,106,139,101,,155,175,,
2018-03-15 02:00:00,61,113,,91,94,107,138,106,,139,154,,77
2018-03-15 03:00:00,46,103,,100,92,101,123,97,,122,134,,89
2018-03-15 04:00:00,51,106,,78,82,116,136,126,,138,134,,110
2018-03-15 05:00:00,78,105,,105,59,103,113,163,,129,131,,94
2018-03-15 06:00:00,57,101,,111,61,108,88,221,,170,125,,96
2018-03-15 07:00:00,,103,,130,51,104,88,168,,236,78,,96
2018-03-15 08:00:00,28,94,,212,41,71,102,213,,39,56,,108
2018-03-15 09:00:00,50,70,,224,359,69,90,191,,68,60,,101
2018-03-15 10:00:00,39,54,,194,18,75,93,268,,79,69,,90
2018-03-15 11:00:00,91,106,,131,99,82,65,299,,120,135,,92
2018-03-15 12:00:00,141,99,,133,22,84,79,,,,142,,87
2018-03-15 13:00:00,103,109,,132,25,71,87,109,,187,180,,85
2018-03-15 14:00:00,75,114,,117,49,97,102,100,,147,196,,77
2018-03-15 15:00:00,93,109,,114,54,95,104,99,,170,164,,71
2018-03-15 16:00:00,82,105,,108,56,92,113,,,159,169,,71
2018-03-15 17:00:00,56,97,,110,62,102,107,,,157,170,,72
2018-03-15 18:00:00,55,99,,101,56,111,100,,,149,151,,71
2018-03-15 19:00:00,67,91,,109,56,112,99,141,,115,152,,79
2018-03-15 20:00:00,49,28,,184,109,94,62,202,,34,26,,121
2018-03-15 21:00:00,77,9,,212,163,112,41,220,,273,329,,133
2018-03-15 22:00:00,302,301,,235,127,97,19,128,,249,304,,153
2018-03-15 23:00:00,240,88,,249,242,101,272,104,,158,265,,170
2018-03-16 00:00:00,239,125,,201,151,95,101,101,,233,286,,190
2018-03-16 01:00:00,243,112,,242,174,104,336,104,,274,346,,214
2018-03-16 02:00:00,239,356,,243,255,101,358,231,,288,70,,228
2018-03-16 03:00:00,312,333,,248,291,93,326,237,,335,12,,175
2018-03-16 04:00:00,309,286,,248,200,57,291,238,,305,356,,221
2018-03-16 05:00:00,318,279,,241,257,74,281,273,,316,317,,242
2018-03-16 06:00:00,255,204,,247,256,77,258,250,,334,312,,246
2018-03-16 07:00:00,245,11,,255,236,77,272,287,,303,296,,258
2018-03-16 08:00:00,300,281,,247,272,76,294,274,,291,306,,278
2018-03-16 09:00:00,51,343,,257,293,110,328,294,,298,300,,251
2018-03-16 10:00:00,331,311,,243,315,122,15,291,,8,341,,255
2018-03-16 11:00:00,5,308,,228,295,89,344,303,,344,321,,298
2018-03-16 12:00:00,348,337,,228,309,85,325,309,,330,321,,299
2018-03-16 13:00:00,349,350,,204,303,87,28,314,,333,354,,278
2018-03-16 14:00:00,9,345,,35,328,89,43,308,,317,360,,275
2018-03-16 15:00:00,74,320,,83,11,90,18,298,,295,81,,94
2018-03-16 16:00:00,97,15,,87,34,91,124,68,,78,86,,108
2018-03-16 17:00:00,96,70,,76,60,110,72,85,,79,97,,90
2018-03-16 18:00:00,102,82,,82,62,100,122,67,,88,92,,78
2018-03-16 19:00:00,106,69,,75,64,103,111,95,,87,76,,75
2018-03-16 20:00:00,95,73,,73,69,103,110,99,,86,71,,90
2018-03-16 21:00:00,99,104,,76,55,134,129,119,,220,108,,77
2018-03-16 22:00:00,122,97,,82,63,71,124,113,,165,163,,90
2018-03-16 23:00:00,130,95,,77,69,93,123,110,,137,133,,94
2018-03-17 00:00:00,82,97,,79,73,97,121,125,,131,136,,111
2018-03-17 01:00:00,44,80,,85,105,108,98,119,,123,124,,119
2018-03-17 02:00:00,28,73,,152,104,96,82,117,,128,128,,120
2018-03-17 03:00:00,40,89,,252,113,7,91,54,,136,142,,114
2018-03-17 04:00:00,41,90,,285,71,291,76,207,,154,174,,96
2018-03-17 05:00:00,263,74,,121,164,330,80,229,,116,358,,175
2018-03-17 06:00:00,338,40,,245,220,159,72,236,,37,41,,221
2018-03-17 07:00:00,233,318,,246,263,282,347,242,,350,12,,214
2018-03-17 08:00:00,273,304,,251,267,272,12,246,,8,13,,265
2018-03-17 09:00:00,120,316,,255,297,26,94,270,,342,3,,262
2018-03-17 10:00:00,42,353,,315,295,86,35,287,,349,354,,241
2018-03-17 11:00:00,358,338,,243,299,120,81,301,,349,359,,286
2018-03-17 12:00:00,347,323,,244,303,103,346,305,,345,355,,296
2018-03-17 13:00:00,333,321,,245,278,92,10,317,,344,343,,297
2018-03-17 14:00:00,340,336,,242,269,122,44,312,,334,2,,315
2018-03-17 15:00:00,58,31,,235,274,114,161,313,,318,347,,114
2018-03-17 16:00:00,90,34,,230,270,105,117,322,,318,276,,105
2018-03-17 17:00:00,123,85,,128,255,126,126,174,,179,342,,74
2018-03-17 18:00:00,97,95,,89,295,108,139,139,,133,132,,96
2018-03-17 19:00:00,149,118,,95,83,121,175,125,,154,,,88
2018-03-17 20:00:00,135,101,,106,113,107,,105,,133,120,,136
2018-03-17 21:00:00,83,104,,84,44,118,122,108,,189,151,,146
2018-03-17 22:00:00,175,107,,89,74,113,132,118,,149,136,,120
2018-03-17 23:00:00,35,96,,88,163,140,108,115,,172,129,,129
2018-03-18 00:00:00,341,69,,142,153,99,65,108,,113,131,,148
2018-03-18 01:00:00,24,85,,211,171,93,72,360,,125,127,,155
2018-03-18 02:00:00,58,85,,167,341,296,87,251,,97,56,,119
2018-03-18 03:00:00,3,2,,191,296,80,64,264,,9,28,,202
2018-03-18 04:00:00,254,11,,214,219,129,304,245,,2,13,,231
2018-03-18 05:00:00,252,350,,235,257,291,358,235,,359,339,,238
2018-03-18 06:00:00,238,288,,248,225,268,284,168,,276,305,,245
2018-03-18 07:00:00,225,193,,246,228,277,261,196,,9,263,,253
2018-03-18 08:00:00,343,243,,231,299,300,296,107,,245,318,,273
2018-03-18 09:00:00,45,332,,260,326,339,9,282,,315,336,,254
2018-03-18 10:00:00,101,6,,259,255,350,356,291,,332,348,,261
2018-03-18 11:00:00,335,326,,254,272,29,6,309,,347,352,,296
2018-03-18 12:00:00,334,343,,247,,59,28,318,,353,353,,283
2018-03-18 13:00:00,326,311,,242,,112,333,317,,358,351,,285
2018-03-18 14:00:00,328,294,,241,,107,337,307,,343,353,,287
2018-03-18 15:00:00,322,293,,237,264,89,332,267,,324,347,,284
2018-03-18 16:00:00,320,289,,236,262,89,337,317,,313,329,,280
2018-03-18 17:00:00,317,289,,241,259,104,337,115,,326,344,,281
2018-03-18 18:00:00,306,289,,239,268,110,342,128,,301,351,,281
2018-03-18 19:00:00,129,322,,228,259,112,290,129,,205,101,,198
2018-03-18 20:00:00,157,116,,98,216,72,185,191,,148,114,,84
2018-03-18 21:00:00,103,109,,93,113,68,138,98,,184,142,,101
2018-03-18 22:00:00,111,114,,93,163,98,129,108,,182,185,,112
2018-03-18 23:00:00,100,97,,95,159,102,177,108,,168,190,,150
2018-03-19 00:00:00,168,94,,204,167,81,52,150,,175,141,,248
2018-03-19 01:00:00,246,6,,,179,89,,227,,128,65,,216
2018-03-19 02:00:00,287,326,,244,209,94,49,218,,39,48,,225
2018-03-19 03:00:00,249,6,,237,223,98,17,235,,312,5,,236
2018-03-19 04:00:00,235,354,,247,231,82,312,223,,342,15,,251
2018-03-19 05:00:00,264,327,,245,241,89,27,241,,308,356,,213
2018-03-19 06:00:00,247,306,,129,243,68,350,274,,322,344,,151
2018-03-19 07:00:00,185,358,,357,253,30,328,240,,315,339,,262
2018-03-19 08:00:00,290,66,,244,256,326,314,100,,323,346,,267
2018-03-19 09:00:00,311,317,,243,264,14,340,302,,314,343,,286
2018-03-19 10:00:00,332,304,,245,270,78,345,311,,306,8,,279
2018-03-19 11:00:00,351,349,,256,254,77,42,306,,358,353,,277
2018-03-19 12:00:00,33,5,,41,296,76,48,286,,359,355,,290
2018-03-19 13:00:00,34,357,,39,273,93,57,291,,346,353,,92
2018-03-19 14:00:00,24,351,,41,356,94,45,301,,347,354,,91
2018-03-19 15:00:00,26,356,,43,79,91,47,292,,355,337,,75
2018-03-19 16:00:00,27,354,,47,66,94,63,300,,325,18,,71
2018-03-19 17:00:00,20,2,,55,68,96,57,293,,280,95,,54
2018-03-19 18:00:00,15,356,,38,62,98,47,251,,95,84,,58
2018-03-19 19:00:00,18,23,,39,67,93,56,111,,104,79,,75
2018-03-19 20:00:00,68,77,,56,70,89,68,124,,191,142,,67
2018-03-19 21:00:00,147,123,,63,67,95,127,114,,189,219,,75
2018-03-19 22:00:00,141,113,,68,105,111,130,104,,190,294,,112
2018-03-19 23:00:00,138,83,,96,146,87,135,92,,245,285,,117
2018-03-20 00:00:00,139,336,,202,148,95,72,73,,173,151,,125
2018-03-20 01:00:00,56,48,,108,252,104,68,158,,201,181,,112
2018-03-20 02:00:00,8,43,,126,106,112,59,39,,283,315,,113
2018-03-20 03:00:00,2,351,,192,148,114,57,156,,303,330,,123
2018-03-20 04:00:00,48,324,,223,175,99,37,221,,312,337,,151
2018-03-20 05:00:00,163,305,,180,196,56,34,232,,317,352,,218
2018-03-20 06:00:00,263,309,,115,227,76,343,221,,320,333,,206
2018-03-20 07:00:00,230,309,,283,213,85,341,229,,314,333,,245
2018-03-20 08:00:00,8,339,,219,63,75,46,261,,322,331,,135
2018-03-20 09:00:00,89,335,,107,67,54,44,289,,314,346,,92
2018-03-20 10:00:00,86,356,,161,49,76,49,302,,20,119,,94
2018-03-20 11:00:00,77,2,,104,60,91,77,341,,131,153,,91
2018-03-20 12:00:00,85,111,,64,69,105,84,126,,134,146,,68
2018-03-20 13:00:00,79,98,,95,68,100,95,110,,133,149,,55
2018-03-20 14:00:00,64,100,,88,61,107,122,100,,136,175,,45
2018-03-20 15:00:00,87,105,,84,56,97,133,77,,148,167,,64
2018-03-20 16:00:00,129,105,,87,53,106,136,98,,142,155,,70
2018-03-20 17:00:00,144,102,,87,61,109,134,93,,126,141,,77
2018-03-20 18:00:00,157,103,,88,67,98,135,98,,125,144,,72
2018-03-20 19:00:00,135,103,,87,66,100,139,100,,136,146,,71
2018-03-20 20:00:00,134,104,,89,66,75,133,114,,134,119,,68
2018-03-20 21:00:00,135,95,,84,69,84,123,,,,148,,66
2018-03-20 22:00:00,131,98,,82,74,86,119,109,,137,124,,65
2018-03-20 23:00:00,90,95,,81,67,86,121,101,,117,123,,67
2018-03-21 00:00:00,82,89,,77,55,97,112,92,,102,111,,58
2018-03-21 01:00:00,78,89,,93,65,55,92,84,,94,82,,88
2018-03-21 02:00:00,14,66,,56,81,30,66,195,,114,88,,91
2018-03-21 03:00:00,22,85,,240,129,47,66,233,,96,67,,99
2018-03-21 04:00:00,31,87,,354,119,41,76,184,,108,130,,93
2018-03-21 05:00:00,64,92,,136,120,7,91,261,,137,137,,89
2018-03-21 06:00:00,46,91,,259,104,46,84,207,,121,106,,101
2018-03-21 07:00:00,63,105,,71,111,33,83,207,,135,121,,91
2018-03-21 08:00:00,68,102,,86,121,117,91,146,,179,192,,85
2018-03-21 09:00:00,80,97,,92,78,109,85,150,,134,176,,77
2018-03-21 10:00:00,77,87,,84,73,86,95,106,,125,184,,65
2018-03-21 11:00:00,60,94,,83,68,85,104,86,,149,178,,65
2018-03-21 12:00:00,86,113,,80,62,,123,100,,144,150,,50
2018-03-21 13:00:00,110,124,,87,65,87,139,98,,126,150,,73
2018-03-21 14:00:00,47,97,,90,56,97,133,79,,137,146,,70
2018-03-21 15:00:00,89,101,,83,49,85,143,98,,148,175,,61
2018-03-21 16:00:00,132,112,,83,49,55,134,103,,136,142,,75
2018-03-21 17:00:00,136,109,,87,56,27,144,107,,156,164,,74
2018-03-21 18:00:00,141,119,,86,54,343,141,98,,143,146,,70
2018-03-21 19:00:00,143,113,,89,53,55,144,101,,127,133,,69
2018-03-21 20:00:00,104,99,,83,59,72,133,73,,127,131,,69
2018-03-21 21:00:00,101,102,,85,60,107,127,,,128,134,,64
2018-03-21 22:00:00,90,94,,81,59,43,124,66,,123,129,,53
2018-03-21 23:00:00,78,92,,83,48,53,109,65,,112,117,,48
2018-03-22 00:00:00,71,87,,75,53,31,104,68,,108,107,,50
2018-03-22 01:00:00,95,89,,80,57,204,130,91,,117,132,,63
2018-03-22 02:00:00,75,94,,85,68,331,132,104,,117,137,,119
2018-03-22 03:00:00,74,104,,85,68,312,128,109,,146,151,,109
2018-03-22 04:00:00,86,106,,87,85,314,131,106,,132,152,,91
2018-03-22 05:00:00,109,104,,90,94,296,140,93,,127,112,,152
2018-03-22 06:00:00,38,107,,98,102,281,102,117,,96,75,,197
2018-03-22 07:00:00,90,97,,133,62,304,107,143,,88,80,,245
2018-03-22 08:00:00,33,63,,174,18,7,86,268,,83,75,,251
2018-03-22 09:00:00,35,49,,151,44,343,68,288,,78,64,,244
2018-03-22 10:00:00,78,57,,136,56,299,72,300,,52,72,,67
2018-03-22 11:00:00,84,88,,63,58,38,88,320,,123,115,,60
2018-03-22 12:00:00,78,93,,77,64,321,93,83,,110,142,,61
2018-03-22 13:00:00,76,93,,76,60,11,122,104,,114,144,,50
2018-03-22 14:00:00,59,84,,83,58,10,113,78,,118,132,,50
2018-03-22 15:00:00,73,87,,77,56,44,111,,,103,108,,51
2018-03-22 16:00:00,71,93,,72,59,59,103,62,,131,143,,59
2018-03-22 17:00:00,74,105,,81,57,54,114,95,,156,151,,52
2018-03-22 18:00:00,118,115,,90,52,50,138,101,,149,164,,78
2018-03-22 19:00:00,129,121,,87,54,90,132,108,,158,161,,72
2018-03-22 20:00:00,110,99,,95,49,107,126,100,,183,147,,92
2018-03-22 21:00:00,108,90,,89,59,108,103,102,,122,125,,114
2018-03-22 22:00:00,89,96,,87,57,121,126,79,,119,123,,64
2018-03-22 23:00:00,85,97,,87,59,121,118,69,,120,131,,57
2018-03-23 00:00:00,78,99,,89,62,114,121,82,,123,131,,61
2018-03-23 01:00:00,68,93,,94,63,319,121,86,,123,130,,80
2018-03-23 02:00:00,72,94,,113,93,13,106,95,,105,126,,119
2018-03-23 03:00:00,77,87,,109,96,286,83,110,,115,130,,103
2018-03-23 04:00:00,53,60,,129,69,286,68,228,,118,120,,100
2018-03-23 05:00:00,53,75,,150,32,268,54,247,,98,75,,115
2018-03-23 06:00:00,59,60,,149,6,276,74,260,,73,71,,103
2018-03-23 07:00:00,52,97,,223,135,251,70,263,,90,65,,266
2018-03-23 08:00:00,69,108,,224,207,243,87,223,,108,142,,269
2018-03-23 09:00:00,31,76,,242,40,70,50,234,,102,175,,250
2018-03-23 10:00:00,69,77,,145,42,45,69,123,,126,171,,69
2018-03-23 11:00:00,70,100,,102,37,90,108,64,,125,159,,65
2018-03-23 12:00:00,56,101,,93,46,90,88,88,,125,164,,62
2018-03-23 13:00:00,68,108,,83,46,97,96,99,,140,164,,63
2018-03-23 14:00:00,59,106,,99,55,93,92,108,,143,173,,74
2018-03-23 15:00:00,56,96,,74,58,95,110,110,,153,165,,53
2018-03-23 16:00:00,117,106,,78,59,95,123,103,,161,166,,57
2018-03-23 17:00:00,139,108,,85,48,97,138,104,,144,152,,68
2018-03-23 18:00:00,141,107,,96,51,106,144,122,,143,157,,72
2018-03-23 19:00:00,142,106,,97,63,94,145,103,,132,148,,73
2018-03-23 20:00:00,137,105,,91,60,108,133,90,,142,153,,66
2018-03-23 21:00:00,159,109,,102,66,106,172,107,,152,148,,75
2018-03-23 22:00:00,144,77,,95,94,104,149,120,,101,114,,126
2018-03-23 23:00:00,58,78,,87,119,109,95,104,,94,112,,123
2018-03-24 00:00:00,50,91,,100,112,113,90,100,,99,127,,110
2018-03-24 01:00:00,27,93,,115,106,104,92,318,,97,132,,113
2018-03-24 02:00:00,15,83,,127,65,102,59,270,,81,109,,118
2018-03-24 03:00:00,2,9,,243,327,78,58,283,,49,45,,115
2018-03-24 04:00:00,340,9,,210,222,61,53,277,,7,43,,219
2018-03-24 05:00:00,265,28,,244,307,81,51,275,,42,3,,285
2018-03-24 06:00:00,31,76,,250,175,32,70,134,,144,177,,92
2018-03-24 07:00:00,137,96,,240,98,33,251,220,,183,178,,125
2018-03-24 08:00:00,267,15,,249,237,19,27,108,,96,225,,96
2018-03-24 09:00:00,21,353,,225,87,16,53,20,,24,251,,84
2018-03-24 10:00:00,89,7,,116,48,88,57,326,,355,284,,69
2018-03-24 11:00:00,97,69,,109,44,81,70,320,,350,161,,72
2018-03-24 12:00:00,84,27,,188,48,92,87,314,,268,210,,86
2018-03-24 13:00:00,65,67,,236,41,70,85,316,,93,160,,73
2018-03-24 14:00:00,104,119,,103,53,93,98,324,,63,139,,81
2018-03-24 15:00:00,116,109,,107,98,104,126,113,,113,154,,97
2018-03-24 16:00:00,92,113,,112,64,94,138,100,,145,168,,104
2018-03-24 17:00:00,139,119,,104,73,108,147,97,,154,190,,83
2018-03-24 18:00:00,121,110,,101,85,111,133,118,,121,23,,65
2018-03-24 19:00:00,106,114,,102,62,102,146,125,,199,246,,60
2018-03-24 20:00:00,121,110,,97,55,105,138,117,,193,309,,66
2018-03-24 21:00:00,108,100,,89,76,104,118,129,,228,290,,80
2018-03-24 22:00:00,103,98,,85,82,111,121,113,,274,306,,106
2018-03-24 23:00:00,102,98,,93,97,113,122,116,,148,80,,125
2018-03-25 00:00:00,304,87,,92,136,,126,108,,115,129,,119
2018-03-25 01:00:00,53,92,,108,151,112,110,132,,158,89,,128
2018-03-25 02:00:00,309,43,,243,144,100,49,127,,72,79,,163
2018-03-25 03:00:00,354,67,,218,190,91,78,225,,129,78,,263
2018-03-25 04:00:00,119,75,,131,232,23,68,256,,49,226,,231
2018-03-25 05:00:00,322,4,,222,239,297,52,250,,3,346,,205
2018-03-25 06:00:00,47,2,,219,47,294,30,268,,11,13,,140
2018-03-25 07:00:00,276,357,,245,234,305,35,258,,360,13,,215
2018-03-25 08:00:00,312,348,,257,155,305,37,279,,14,8,,230
2018-03-25 09:00:00,357,330,,292,106,340,352,298,,30,18,,206
2018-03-25 10:00:00,29,342,,149,270,336,39,284,,17,24,,61
2018-03-25 11:00:00,22,333,,121,295,16,66,299,,34,35,,80
2018-03-25 12:00:00,48,9,,144,329,76,100,304,,57,76,,76
2018-03-25 13:00:00,82,63,,144,65,102,92,305,,68,104,,79
2018-03-25 14:00:00,77,83,,110,63,90,108,6,,82,95,,70
2018-03-25 15:00:00,95,94,,100,66,92,126,44,,119,131,,77
2018-03-25 16:00:00,87,96,,89,69,91,123,61,,125,171,,78
2018-03-25 17:00:00,88,108,,86,80,108,133,58,,157,174,,67
2018-03-25 18:00:00,101,115,,87,67,112,139,69,,175,203,,68
2018-03-25 19:00:00,149,111,,86,66,102,135,101,,179,207,,73
2018-03-25 20:00:00,137,85,,87,65,115,116,103,,123,142,,64
2018-03-25 21:00:00,105,74,,71,70,92,93,110,,113,129,,85
2018-03-25 22:00:00,71,91,,79,79,111,103,88,,124,137,,82
2018-03-25 23:00:00,55,94,,93,77,92,111,111,,100,94,,83
2018-03-26 00:00:00,68,69,,118,74,80,91,139,,103,76,,107
2018-03-26 01:00:00,55,87,,119,98,81,85,120,,103,99,,99
2018-03-26 02:00:00,43,72,,113,70,81,82,108,,103,142,,101
2018-03-26 03:00:00,31,72,,252,62,86,74,131,,122,136,,103
2018-03-26 04:00:00,53,95,,258,77,97,81,139,,115,130,,104
2018-03-26 05:00:00,10,97,,196,37,79,101,255,,120,128,,109
2018-03-26 06:00:00,11,74,,204,71,83,95,269,,98,136,,111
2018-03-26 07:00:00,357,26,,211,92,49,75,251,,129,49,,83
2018-03-26 08:00:00,331,302,,256,340,33,32,297,,83,32,,190
2018-03-26 09:00:00,7,345,,251,295,19,46,299,,52,48,,163
2018-03-26 10:00:00,356,12,,128,88,32,55,319,,90,140,,77
2018-03-26 11:00:00,86,46,,111,49,88,76,321,,133,218,,70
2018-03-26 12:00:00,83,77,,137,42,103,77,337,,137,171,,81
2018-03-26 13:00:00,82,70,,126,48,116,73,315,,108,162,,77
2018-03-26 14:00:00,74,96,,109,55,126,77,313,,119,164,,75
2018-03-26 15:00:00,77,103,,89,55,121,99,316,,143,152,,79
2018-03-26 16:00:00,60,101,,97,57,107,100,109,,156,177,,79
2018-03-26 17:00:00,111,109,,86,62,102,115,102,,179,174,,60
2018-03-26 18:00:00,143,110,,88,58,114,140,98,,170,198,,72
2018-03-26 19:00:00,129,99,,96,52,117,128,96,,185,162,,59
2018-03-26 20:00:00,96,93,,86,70,114,87,114,,144,140,,72
2018-03-26 21:00:00,90,85,,92,67,98,98,105,,118,126,,76
2018-03-26 22:00:00,99,102,,89,60,91,124,104,,144,144,,93
2018-03-26 23:00:00,142,106,,95,116,102,147,103,,166,153,,77
2018-03-27 00:00:00,122,105,,96,98,109,108,98,,145,152,,102
2018-03-27 01:00:00,63,92,,103,118,92,116,106,,129,133,,105
2018-03-27 02:00:00,24,100,,87,137,89,92,113,,131,150,,110
2018-03-27 03:00:00,8,103,,88,38,50,97,79,,131,139,,125
2018-03-27 04:00:00,354,85,,193,14,261,69,210,,107,122,,118
2018-03-27 05:00:00,11,57,,161,34,24,94,268,,81,117,,144
2018-03-27 06:00:00,100,90,,164,61,4,108,251,,68,66,,99
2018-03-27 07:00:00,114,96,,234,308,302,107,257,,191,47,,125
2018-03-27 08:00:00,81,73,,245,246,329,97,276,,33,16,,153
2018-03-27 09:00:00,86,56,,219,55,30,56,314,,91,55,,95
2018-03-27 10:00:00,86,21,,191,45,69,72,325,,172,204,,94
2018-03-27 11:00:00,68,82,,94,50,85,85,347,,188,155,,82
2018-03-27 12:00:00,57,100,,114,52,114,126,76,,205,91,,59
2018-03-27 13:00:00,64,98,,100,65,107,85,100,,202,173,,68
2018-03-27 14:00:00,63,98,,88,62,122,82,92,,122,129,,70
2018-03-27 15:00:00,66,99,,92,65,86,88,85,,136,185,,67
2018-03-27 16:00:00,94,90,,90,66,26,123,89,,141,171,,64
2018-03-27 17:00:00,124,107,,90,61,16,134,89,,163,199,,74
2018-03-27 18:00:00,146,120,,93,65,195,143,119,,164,134,,80
2018-03-27 19:00:00,123,95,,87,69,112,138,113,,92,91,,66
2018-03-27 20:00:00,128,78,,79,60,36,115,123,,108,87,,
2018-03-27 21:00:00,101,97,,84,56,186,122,87,,121,118,,71
2018-03-27 22:00:00,97,89,,76,58,158,119,104,,116,117,,68
2018-03-27 23:00:00,79,79,,74,57,226,100,109,,90,105,,65
2018-03-28 00:00:00,52,66,,86,54,234,89,105,,109,107,,69
2018-03-28 01:00:00,36,64,,60,84,233,82,234,,44,56,,89
2018-03-28 02:00:00,57,22,,135,52,270,89,280,,30,38,,109
2018-03-28 03:00:00,51,24,,212,57,254,70,269,,26,19,,98
2018-03-28 04:00:00,27,5,,106,69,271,60,276,,349,20,,100
2018-03-28 05:00:00,26,354,,202,64,158,53,282,,353,352,,91
2018-03-28 06:00:00,68,351,,198,53,86,62,317,,323,60,,85
2018-03-28 07:00:00,54,338,,213,65,68,61,281,,335,161,,83
2018-03-28 08:00:00,83,350,,233,96,44,70,263,,12,141,,68
2018-03-28 09:00:00,92,73,,90,312,93,75,204,,111,117,,82
2018-03-28 10:00:00,65,84,,125,313,126,92,77,,104,144,,71
2018-03-28 11:00:00,70,55,,119,36,116,98,75,,113,111,,70
2018-03-28 12:00:00,,,,,,165,,,,,,,
2018-03-28 13:00:00,74,95,,98,61,146,108,82,,113,118,,65
2018-03-28 14:00:00,79,87,,88,71,62,128,79,,103,114,,60
2018-03-28 15:00:00,91,102,,90,69,75,130,92,,120,108,,65
2018-03-28 16:00:00,119,94,,83,70,108,122,100,,113,86,,70
2018-03-28 17:00:00,73,28,,55,59,103,62,80,,73,61,,70
2018-03-28 18:00:00,20,346,,155,63,102,46,58,,77,40,,81
2018-03-28 19:00:00,18,334,,166,62,110,38,119,,209,34,,102
2018-03-28 20:00:00,26,340,,143,70,123,47,103,,237,318,,95
2018-03-28 21:00:00,59,353,,176,94,90,55,45,,26,113,,108
2018-03-28 22:00:00,44,10,,45,82,93,57,103,,114,38,,101
2018-03-28 23:00:00,47,47,,107,81,121,61,112,,200,295,,98
2018-03-29 00:00:00,25,347,,12,167,124,45,323,,311,306,,96
2018-03-29 01:00:00,75,348,,232,265,66,56,270,,344,343,,98
2018-03-29 02:00:00,157,334,,253,243,300,43,269,,340,347,,280
2018-03-29 03:00:00,141,9,,240,244,338,91,255,,321,339,,284
2018-03-29 04:00:00,140,320,,258,266,66,81,241,,336,357,,272
2018-03-29 05:00:00,158,331,,260,252,50,84,147,,351,351,,259
2018-03-29 06:00:00,125,,,261,257,39,64,128,,318,302,,163
2018-03-29 07:00:00,138,62,,203,261,25,71,193,,311,327,,105
2018-03-29 08:00:00,149,23,,121,240,35,53,230,,309,360,,97
2018-03-29 09:00:00,166,319,,96,257,53,241,129,,351,165,,53
2018-03-29 10:00:00,232,1,,13,270,73,268,43,,19,26,,190
2018-03-29 11:00:00,22,355,,293,272,94,85,310,,17,11,,285
2018-03-29 12:00:00,50,356,,33,282,67,62,315,,47,25,,38
2018-03-29 13:00:00,48,7,,336,287,86,51,307,,348,15,,80
2018-03-29 14:00:00,136,25,,43,310,66,58,276,,338,20,,106
2018-03-29 15:00:00,113,15,,63,326,90,97,251,,348,22,,89
2018-03-29 16:00:00,93,37,,82,39,78,107,310,,8,116,,83
2018-03-29 17:00:00,95,88,,93,78,85,111,69,,86,142,,81
2018-03-29 18:00:00,67,71,,86,74,95,117,104,,124,115,,57
2018-03-29 19:00:00,109,95,,83,62,111,130,87,,103,90,,100
2018-03-29 20:00:00,109,98,,86,66,108,134,104,,137,126,,68
2018-03-29 21:00:00,143,103,,89,66,103,141,114,,157,166,,69
2018-03-29 22:00:00,131,115,,94,57,7,165,106,,195,211,,57
2018-03-29 23:00:00,127,119,,90,59,293,180,116,,207,289,,58
2018-03-30 00:00:00,131,131,,94,71,199,220,105,,177,154,,65
2018-03-30 01:00:00,151,79,,94,150,129,183,107,,147,134,,123
2018-03-30 02:00:00,111,348,,129,132,198,51,103,,50,76,,149
2018-03-30 03:00:00,25,327,,229,154,260,54,116,,233,33,,134
2018-03-30 04:00:00,345,344,,239,144,325,56,206,,346,332,,134
2018-03-30 05:00:00,34,329,,223,349,210,45,254,,334,11,,129
2018-03-30 06:00:00,144,316,,196,192,289,25,252,,316,325,,152
2018-03-30 07:00:00,182,292,,44,264,286,350,236,,324,336,,210
2018-03-30 08:00:00,273,292,,211,250,309,19,229,,311,338,,246
2018-03-30 09:00:00,350,329,,103,290,345,56,101,,316,330,,97
2018-03-30 10:00:00,31,344,,203,42,25,47,335,,320,347,,108
2018-03-30 11:00:00,54,63,,103,56,68,81,94,,71,91,,63
2018-03-30 12:00:00,95,98,,85,55,90,122,92,,130,131,,56
2018-03-30 13:00:00,123,99,,89,50,89,133,85,,129,145,,65
2018-03-30 14:00:00,106,94,,84,57,103,128,85,,125,143,,67
2018-03-30 15:00:00,107,104,,87,52,95,127,82,,128,132,,62
2018-03-30 16:00:00,130,103,,87,,81,135,91,,123,139,,67
2018-03-30 17:00:00,135,103,,90,57,104,143,84,,129,137,,69
2018-03-30 18:00:00,116,100,,88,58,100,138,78,,125,132,,75
2018-03-30 19:00:00,111,101,,88,60,95,136,81,,128,139,,80
2018-03-30 20:00:00,116,109,,88,59,179,142,87,,130,133,,75
2018-03-30 21:00:00,139,108,,87,55,237,139,106,,153,135,,67
2018-03-30 22:00:00,127,107,,86,48,271,134,104,,165,145,,57
2018-03-30 23:00:00,118,108,,84,50,284,129,88,,155,165,,60
2018-03-31 00:00:00,70,97,,82,57,153,127,117,,146,163,,73
2018-03-31 01:00:00,46,91,,80,67,80,109,131,,116,151,,83
2018-03-31 02:00:00,43,94,,75,106,290,93,139,,139,121,,86
2018-03-31 03:00:00,34,82,,92,115,301,90,141,,145,121,,107
2018-03-31 04:00:00,9,84,,241,108,260,77,237,,242,127,,114
2018-03-31 05:00:00,35,52,,245,87,311,84,230,,138,15,,99
2018-03-31 06:00:00,1,35,,243,70,30,92,243,,86,289,,146
2018-03-31 07:00:00,16,50,,223,84,281,64,235,,51,344,,165
2018-03-31 08:00:00,14,27,,224,243,346,52,262,,15,37,,241
2018-03-31 09:00:00,27,14,,235,45,21,58,307,,56,41,,20
2018-03-31 10:00:00,18,153,,345,30,20,53,313,,107,133,,51
2018-03-31 11:00:00,24,106,,137,33,29,68,317,,122,161,,78
2018-03-31 12:00:00,43,71,,124,41,38,66,309,,131,166,,89
2018-03-31 13:00:00,86,102,,115,44,27,58,335,,137,168,,70
2018-03-31 14:00:00,82,94,,109,52,31,118,77,,150,188,,74
2018-03-31 15:00:00,62,101,,101,54,22,115,90,,114,170,,71
2018-03-31 16:00:00,86,105,,84,63,35,128,111,,130,154,,55
2018-03-31 17:00:00,141,116,,90,61,23,132,105,,144,151,,59
2018-03-31 18:00:00,152,111,,88,57,37,141,111,,147,160,,82
2018-03-31 19:00:00,147,109,,90,60,76,144,111,,144,161,,72
2018-03-31 20:00:00,131,109,,91,59,76,136,111,,150,141,,66
2018-03-31 21:00:00,131,100,,90,68,39,130,106,,145,140,,78
2018-03-31 22:00:00,125,97,,83,60,37,124,108,,149,143,,84
2018-03-31 23:00:00,96,98,,87,102,50,,123,,118,129,,100
2018-04-01 00:00:00,,,,,,89,,,,,,,
2018-04-01 01:00:00,8,75,,137,101,99,82,129,,113,102,,118
2018-04-01 02:00:00,22,46,,129,12,103,79,216,,66,31,,151
2018-04-01 03:00:00,65,47,,144,158,101,66,255,,19,64,,99
2018-04-01 04:00:00,352,47,,194,225,113,63,262,,14,41,,137
2018-04-01 05:00:00,324,27,,239,270,111,37,253,,14,344,,177
2018-04-01 06:00:00,344,358,,233,249,116,24,272,,1,354,,233
2018-04-01 07:00:00,326,355,,254,178,102,33,269,,347,355,,217
2018-04-01 08:00:00,6,336,,254,275,101,35,298,,31,352,,189
2018-04-01 09:00:00,21,347,,247,180,97,37,310,,3,352,,23
2018-04-01 10:00:00,22,328,,243,34,86,50,310,,1,357,,51
2018-04-01 11:00:00,36,358,,141,45,99,58,319,,5,22,,83
2018-04-01 12:00:00,72,29,,132,43,97,69,310,,23,96,,78
2018-04-01 13:00:00,59,49,,141,53,100,88,316,,126,135,,80
2018-04-01 14:00:00,67,86,,75,61,101,80,4,,99,131,,71
2018-04-01 15:00:00,72,79,,72,53,94,103,72,,120,188,,73
2018-04-01 16:00:00,92,112,,85,59,97,125,85,,164,190,,58
2018-04-01 17:00:00,119,119,,88,58,95,126,89,,144,183,,65
2018-04-01 18:00:00,120,110,,87,57,95,127,96,,156,164,,75
2018-04-01 19:00:00,127,109,,88,57,101,139,104,,154,165,,73
2018-04-01 20:00:00,113,123,,96,58,107,149,123,,176,143,,61
2018-04-01 21:00:00,102,98,,96,57,121,122,108,,126,125,,63
2018-04-01 22:00:00,81,93,,83,52,76,114,103,,121,128,,71
2018-04-01 23:00:00,70,98,,85,70,94,116,111,,134,125,,100
2018-04-02 00:00:00,54,85,,82,83,106,110,113,,120,118,,102
2018-04-02 01:00:00,45,68,,114,86,104,82,107,,127,123,,101
2018-04-02 02:00:00,12,61,,148,113,61,65,119,,127,125,,109
2018-04-02 03:00:00,4,82,,258,108,282,63,190,,118,130,,108
2018-04-02 04:00:00,28,79,,263,78,291,73,260,,110,129,,106
2018-04-02 05:00:00,8,67,,226,97,307,81,250,,98,125,,106
2018-04-02 06:00:00,9,48,,203,70,17,76,277,,38,47,,104
2018-04-02 07:00:00,22,55,,227,56,280,90,290,,48,36,,100
2018-04-02 08:00:00,22,44,,209,354,13,58,293,,22,32,,89
2018-04-02 09:00:00,18,358,,3,11,88,24,303,,50,31,,84
2018-04-02 10:00:00,11,356,,187,22,71,59,312,,9,231,,90
2018-04-02 11:00:00,76,91,,143,39,121,58,311,,11,295,,77
2018-04-02 12:00:00,79,95,,120,37,96,81,42,,143,179,,74
2018-04-02 13:00:00,80,106,,120,47,90,101,89,,147,168,,78
2018-04-02 14:00:00,66,92,,107,52,106,117,101,,141,154,,82
2018-04-02 15:00:00,56,94,,87,60,111,107,109,,155,176,,77
2018-04-02 16:00:00,96,111,,82,61,108,132,115,,155,164,,64
2018-04-02 17:00:00,156,122,,89,61,106,141,130,,142,153,,84
2018-04-02 18:00:00,162,123,,96,59,97,156,136,,133,152,,85
2018-04-02 19:00:00,149,114,,94,75,94,153,113,,151,168,,67
2018-04-02 20:00:00,128,118,,91,61,85,140,97,,170,151,,57
2018-04-02 21:00:00,135,74,,86,72,50,118,127,,103,122,,71
2018-04-02 22:00:00,58,82,,83,80,20,84,103,,101,118,,115
2018-04-02 23:00:00,20,87,,83,95,238,73,107,,122,115,,113
2018-04-03 00:00:00,19,87,,115,93,94,65,111,,115,133,,99
2018-04-03 01:00:00,38,87,,250,97,44,68,109,,115,136,,99
2018-04-03 02:00:00,31,78,,128,110,48,72,150,,91,124,,102
2018-04-03 03:00:00,16,28,,236,44,41,50,233,,44,80,,147
2018-04-03 04:00:00,30,30,,215,222,21,65,281,,11,41,,136
2018-04-03 05:00:00,10,71,,241,217,62,64,248,,88,66,,156
2018-04-03 06:00:00,65,94,,246,266,55,106,281,,112,124,,175
2018-04-03 07:00:00,14,57,,236,106,55,83,267,,274,282,,228
2018-04-03 08:00:00,16,15,,234,27,58,33,263,,330,348,,220
2018-04-03 09:00:00,59,358,,258,114,357,55,357,,31,243,,25
2018-04-03 10:00:00,49,45,,164,107,32,49,338,,358,182,,80
2018-04-03 11:00:00,81,69,,100,339,14,61,338,,86,200,,77
2018-04-03 12:00:00,84,70,,124,286,32,71,33,,230,227,,87
2018-04-03 13:00:00,71,111,,120,66,22,143,95,,231,183,,79
2018-04-03 14:00:00,57,117,,122,55,29,120,91,,285,203,,80
2018-04-03 15:00:00,61,38,,117,57,135,62,93,,195,180,,88
2018-04-03 16:00:00,14,6,,54,68,100,56,257,,165,237,,64
2018-04-03 17:00:00,22,348,,41,82,112,50,331,,258,291,,59
2018-04-03 18:00:00,111,327,,80,89,85,15,352,,331,341,,68
2018-04-03 19:00:00,207,181,,119,97,82,241,208,,270,274,,93
2018-04-03 20:00:00,348,327,,45,8,100,16,223,,308,191,,75
2018-04-03 21:00:00,115,307,,45,107,110,61,208,,110,241,,109
2018-04-03 22:00:00,221,287,,102,51,138,273,234,,253,278,,103
2018-04-03 23:00:00,259,274,,184,334,144,323,241,,307,306,,90
2018-04-04 00:00:00,251,231,,228,255,222,281,228,,289,324,,154
2018-04-04 01:00:00,247,194,,234,212,271,261,216,,269,190,,250
2018-04-04 02:00:00,227,164,,232,253,289,236,92,,192,325,,264
2018-04-04 03:00:00,227,323,,213,225,244,271,153,,340,29,,258
2018-04-04 04:00:00,314,349,,248,197,184,359,165,,348,36,,189
2018-04-04 05:00:00,28,333,,62,103,113,42,269,,320,302,,109
2018-04-04 06:00:00,28,355,,136,11,70,54,285,,329,321,,102
2018-04-04 07:00:00,37,342,,49,75,106,42,285,,322,344,,95
2018-04-04 08:00:00,58,352,,45,67,117,50,258,,320,307,,105
2018-04-04 09:00:00,66,347,,100,73,102,70,282,,321,326,,95
2018-04-04 10:00:00,62,341,,143,67,101,58,266,,323,325,,89
2018-04-04 11:00:00,77,329,,141,59,101,59,266,,319,324,,88
2018-04-04 12:00:00,111,333,,142,43,104,48,278,,326,340,,88
2018-04-04 13:00:00,93,26,,164,50,102,64,259,,13,98,,103
2018-04-04 14:00:00,114,39,,79,74,94,98,139,,107,154,,113
2018-04-04 15:00:00,113,102,,75,60,92,120,103,,146,165,,106
2018-04-04 16:00:00,137,111,,87,64,98,135,102,,165,167,,97
2018-04-04 17:00:00,127,113,,90,65,109,160,98,,160,167,,78
2018-04-04 18:00:00,117,108,,91,52,133,135,109,,149,152,,65
2018-04-04 19:00:00,81,103,,88,52,109,131,109,,146,143,,60
2018-04-04 20:00:00,61,103,,95,62,136,127,109,,138,135,,83
2018-04-04 21:00:00,63,100,,94,71,219,118,107,,148,150,,91
2018-04-04 22:00:00,48,97,,99,81,261,111,108,,144,165,,99
2018-04-04 23:00:00,59,100,,95,95,261,90,107,,136,144,,94
2018-04-05 00:00:00,34,98,,107,99,226,119,117,,176,188,,124
2018-04-05 01:00:00,27,87,,76,88,190,80,132,,225,220,,118
2018-04-05 02:00:00,310,105,,208,105,191,74,87,,242,303,,102
2018-04-05 03:00:00,271,74,,228,81,339,68,171,,171,312,,94
2018-04-05 04:00:00,319,14,,171,11,313,42,290,,45,14,,91
2018-04-05 05:00:00,248,35,,185,19,328,59,290,,11,18,,82
2018-04-05 06:00:00,249,46,,260,60,314,31,291,,19,360,,97
2018-04-05 07:00:00,284,37,,94,98,151,79,225,,36,22,,89
2018-04-05 08:00:00,105,29,,153,51,129,89,216,,80,50,,103
2018-04-05 09:00:00,64,29,,175,14,90,86,153,,74,42,,92
2018-04-05 10:00:00,49,14,,159,328,91,52,269,,54,39,,78
2018-04-05 11:00:00,42,4,,144,17,95,50,289,,20,349,,79
2018-04-05 12:00:00,356,21,,103,28,112,45,311,,73,244,,93
2018-04-05 13:00:00,46,23,,98,44,118,76,315,,69,104,,79
2018-04-05 14:00:00,77,99,,101,43,108,70,18,,122,140,,84
2018-04-05 15:00:00,78,87,,112,51,89,85,72,,124,154,,75
2018-04-05 16:00:00,79,95,,101,55,101,106,101,,132,168,,68
2018-04-05 17:00:00,59,83,,97,59,96,101,104,,134,160,,72
2018-04-05 18:00:00,74,90,,84,62,107,102,100,,136,165,,75
2018-04-05 19:00:00,75,95,,93,69,106,121,118,,161,163,,76
2018-04-05 20:00:00,81,99,,82,70,104,112,105,,196,181,,69
2018-04-05 21:00:00,93,90,,104,70,108,43,125,,152,143,,77
2018-04-05 22:00:00,65,67,,106,134,106,77,128,,115,253,,91
2018-04-05 23:00:00,59,68,,97,136,73,64,125,,227,244,,109
2018-04-06 00:00:00,51,83,,90,156,108,71,119,,213,291,,131
2018-04-06 01:00:00,261,103,,315,160,120,70,108,,232,285,,157
2018-04-06 02:00:00,211,102,,245,202,101,342,119,,199,308,,240
2018-04-06 03:00:00,233,74,,241,197,104,14,217,,336,339,,237
2018-04-06 04:00:00,237,358,,257,227,308,37,237,,345,19,,234
2018-04-06 05:00:00,244,51,,264,246,276,12,236,,293,31,,230
2018-04-06 06:00:00,290,354,,253,253,273,31,239,,287,23,,165
2018-04-06 07:00:00,285,309,,249,223,143,319,267,,317,349,,217
2018-04-06 08:00:00,356,326,,238,9,103,26,278,,347,,,135
2018-04-06 09:00:00,24,315,,128,147,118,5,302,,357,358,,82
2018-04-06 10:00:00,43,335,,350,293,268,56,316,,29,44,,90
2018-04-06 11:00:00,43,33,,163,58,271,93,321,,49,29,,81
2018-04-06 12:00:00,65,106,,104,48,270,93,336,,60,124,,84
2018-04-06 13:00:00,87,104,,122,45,272,86,35,,114,177,,75
2018-04-06 14:00:00,72,104,,106,48,275,112,90,,126,150,,76
2018-04-06 15:00:00,65,88,,95,61,274,102,100,,125,165,,71
2018-04-06 16:00:00,57,83,,74,64,270,96,99,,100,137,,58
2018-04-06 17:00:00,81,103,,89,61,284,118,71,,131,168,,59
2018-04-06 18:00:00,141,105,,87,62,292,130,100,,150,167,,67
2018-04-06 19:00:00,131,93,,72,55,288,124,121,,136,147,,73
2018-04-06 20:00:00,101,94,,93,121,231,113,123,,168,195,,106
2018-04-06 21:00:00,65,68,,192,159,217,35,123,,139,131,,159
2018-04-06 22:00:00,354,41,,213,165,34,345,102,,274,90,,175
2018-04-06 23:00:00,246,25,,236,191,182,108,168,,116,129,,223
2018-04-07 00:00:00,241,78,,215,203,272,70,187,,161,147,,222
2018-04-07 01:00:00,252,72,,247,207,268,51,218,,40,48,,213
2018-04-07 02:00:00,287,22,,220,189,340,65,227,,357,4,,241
2018-04-07 03:00:00,239,346,,253,231,2,342,180,,290,337,,210
2018-04-07 04:00:00,287,280,,236,257,348,14,205,,307,356,,235
2018-04-07 05:00:00,241,280,,257,228,353,303,247,,311,346,,227
2018-04-07 06:00:00,220,285,,249,224,,233,262,,331,,,232
2018-04-07 07:00:00,275,308,,254,79,2,302,237,,333,303,,252
2018-04-07 08:00:00,320,270,,220,216,4,283,282,,319,16,,255
2018-04-07 09:00:00,92,338,,184,332,359,41,285,,319,351,,68
2018-04-07 10:00:00,53,7,,71,308,5,55,287,,340,341,,91
2018-04-07 11:00:00,76,1,,48,69,2,75,292,,349,344,,87
2018-04-07 12:00:00,45,347,,46,67,4,55,295,,343,343,,74
2018-04-07 13:00:00,47,348,,70,63,26,44,296,,329,319,,77
2018-04-07 14:00:00,60,346,,64,64,23,47,300,,317,140,,73
2018-04-07 15:00:00,56,346,,50,64,27,53,311,,330,151,,83
2018-04-07 16:00:00,47,357,,57,66,10,48,90,,164,174,,70
2018-04-07 17:00:00,122,95,,59,61,338,91,99,,152,164,,63
2018-04-07 18:00:00,135,108,,63,61,34,109,94,,152,155,,64
2018-04-07 19:00:00,120,111,,70,60,67,126,104,,157,162,,56
2018-04-07 20:00:00,57,97,,54,73,52,94,112,,160,164,,68
2018-04-07 21:00:00,49,79,,56,75,40,90,126,,157,173,,69
2018-04-07 22:00:00,25,80,,55,63,118,82,119,,183,180,,73
2018-04-07 23:00:00,57,97,,56,64,191,76,122,,189,181,,66
2018-04-08 00:00:00,133,99,,55,68,282,76,116,,185,180,,71
2018-04-08 01:00:00,138,111,,51,66,276,132,118,,166,142,,78
2018-04-08 02:00:00,141,115,,67,61,268,133,120,,136,132,,86
2018-04-08 03:00:00,137,103,,76,59,265,134,99,,124,123,,87
2018-04-08 04:00:00,137,97,,81,53,243,134,131,,119,114,,76
2018-04-08 05:00:00,110,103,,87,59,218,128,117,,119,118,,73
2018-04-08 06:00:00,48,103,,105,58,206,128,111,,118,109,,79
2018-04-08 07:00:00,61,96,,106,56,203,127,96,,112,118,,86
2018-04-08 08:00:00,54,104,,100,55,63,125,107,,125,140,,83
2018-04-08 09:00:00,46,102,,102,53,70,107,95,,128,133,,73
2018-04-08 10:00:00,63,96,,114,48,85,99,89,,133,152,,76
2018-04-08 11:00:00,84,97,,112,37,86,91,86,,132,142,,76
2018-04-08 12:00:00,63,94,,114,33,97,112,88,,141,152,,73
2018-04-08 13:00:00,67,90,,112,49,97,105,69,,138,146,,71
2018-04-08 14:00:00,82,93,,106,51,86,110,89,,129,145,,74
2018-04-08 15:00:00,66,94,,106,52,88,119,90,,125,158,,74
2018-04-08 16:00:00,59,98,,102,53,76,99,102,,131,158,,75
2018-04-08 17:00:00,65,93,,89,58,94,105,102,,130,136,,67
2018-04-08 18:00:00,54,98,,89,62,104,120,109,,131,139,,65
2018-04-08 19:00:00,128,99,,89,65,101,123,116,,127,131,,59
2018-04-08 20:00:00,84,97,,95,67,92,126,111,,135,131,,60
2018-04-08 21:00:00,87,90,,97,95,93,101,138,,160,130,,73
2018-04-08 22:00:00,63,79,,90,131,94,95,134,,123,127,,124
2018-04-08 23:00:00,49,88,,118,116,108,91,159,,96,104,,130
2018-04-09 00:00:00,62,93,,121,57,100,89,220,,97,92,,114
2018-04-09 01:00:00,90,110,,110,52,44,107,253,,148,167,,101
2018-04-09 02:00:00,31,88,,96,290,45,80,214,,144,155,,128
2018-04-09 03:00:00,336,106,,231,232,54,100,226,,148,127,,215
2018-04-09 04:00:00,353,48,,239,234,48,51,213,,203,313,,182
2018-04-09 05:00:00,344,352,,237,192,277,38,152,,350,4,,154
2018-04-09 06:00:00,26,329,,229,198,283,36,260,,2,4,,115
2018-04-09 07:00:00,12,333,,237,113,269,37,108,,48,38,,119
2018-04-09 08:00:00,52,330,,175,47,345,59,339,,345,357,,92
2018-04-09 09:00:00,107,276,,135,17,42,91,316,,341,354,,63
2018-04-09 10:00:00,91,4,,106,342,88,76,308,,1,97,,77
2018-04-09 11:00:00,72,40,,166,44,68,95,304,,45,161,,80
2018-04-09 12:00:00,86,79,,235,50,83,94,306,,112,161,,90
2018-04-09 13:00:00,95,95,,70,60,85,99,308,,119,145,,85
2018-04-09 14:00:00,95,109,,91,61,106,138,310,,131,122,,85
2018-04-09 15:00:00,91,105,,97,66,90,125,93,,134,165,,70
2018-04-09 16:00:00,77,108,,95,63,104,129,77,,131,146,,62
2018-04-09 17:00:00,85,108,,97,70,95,121,77,,141,113,,80
2018-04-09 18:00:00,120,109,,89,72,98,134,84,,124,119,,68
2018-04-09 19:00:00,118,102,,83,64,102,132,122,,134,175,,70
2018-04-09 20:00:00,119,103,,91,61,104,134,102,,143,181,,73
2018-04-09 21:00:00,127,102,,89,62,97,136,129,,131,78,,79
2018-04-09 22:00:00,98,54,,59,61,111,105,111,,100,87,,72
2018-04-09 23:00:00,18,334,,57,70,102,41,99,,84,71,,80
2018-04-10 00:00:00,18,351,,119,80,97,55,305,,71,85,,113
2018-04-10 01:00:00,47,353,,44,77,96,58,295,,117,86,,98
2018-04-10 02:00:00,27,344,,39,73,92,48,298,,82,77,,96
2018-04-10 03:00:00,26,351,,37,79,79,44,280,,193,61,,113
2018-04-10 04:00:00,18,334,,46,82,103,43,275,,165,87,,108
2018-04-10 05:00:00,21,339,,40,78,93,43,267,,244,74,,110
2018-04-10 06:00:00,59,356,,107,61,60,47,267,,317,131,,104
2018-04-10 07:00:00,75,354,,113,79,295,64,268,,239,151,,91
2018-04-10 08:00:00,36,339,,62,66,343,43,267,,227,170,,86
2018-04-10 09:00:00,123,349,,192,60,355,5,272,,170,187,,107
2018-04-10 10:00:00,58,339,,16,83,56,35,289,,254,213,,99
2018-04-10 11:00:00,22,338,,34,70,83,38,284,,284,201,,91
2018-04-10 12:00:00,11,349,,50,75,111,41,295,,303,287,,97
2018-04-10 13:00:00,33,,,40,68,89,45,297,,320,316,,91
2018-04-10 14:00:00,34,345,,158,65,105,52,305,,328,323,,94
2018-04-10 15:00:00,91,21,,141,61,97,43,312,,311,333,,97
2018-04-10 16:00:00,96,42,,142,73,79,75,301,,339,338,,105
2018-04-10 17:00:00,123,49,,50,79,92,86,282,,119,112,,107
2018-04-10 18:00:00,109,102,,78,67,104,116,109,,120,122,,84
2018-04-10 19:00:00,94,98,,87,60,101,136,102,,126,140,,71
2018-04-10 20:00:00,81,109,,88,56,100,132,92,,152,165,,68
2018-04-10 21:00:00,75,107,,85,59,109,122,89,,187,195,,66
2018-04-10 22:00:00,95,119,,85,59,89,139,95,,201,208,,67
2018-04-10 23:00:00,71,116,,95,57,84,132,104,,207,242,,71
2018-04-11 00:00:00,17,91,,95,79,89,105,101,,195,285,,74
2018-04-11 01:00:00,253,83,,155,101,92,65,119,,80,9,,92
2018-04-11 02:00:00,274,66,,197,129,100,54,139,,54,30,,93
2018-04-11 03:00:00,89,13,,187,106,86,66,163,,39,25,,87
2018-04-11 04:00:00,213,2,,88,55,81,279,199,,33,29,,109
2018-04-11 05:00:00,162,51,,109,132,95,222,146,,43,34,,108
2018-04-11 06:00:00,127,56,,103,144,54,108,132,,89,77,,100
2018-04-11 07:00:00,112,115,,94,78,323,139,113,,189,187,,81
2018-04-11 08:00:00,120,113,,89,73,325,137,97,,178,179,,84
2018-04-11 09:00:00,123,113,,95,68,29,113,100,,155,165,,91
2018-04-11 10:00:00,121,103,,106,60,49,107,108,,148,170,,90
2018-04-11 11:00:00,96,103,,96,66,135,117,105,,146,143,,70
2018-04-11 12:00:00,45,101,,87,65,140,106,100,,143,139,,51
2018-04-11 13:00:00,59,104,,65,62,86,120,108,,141,157,,52
2018-04-11 14:00:00,77,100,,64,60,106,115,89,,130,177,,56
2018-04-11 15:00:00,110,103,,87,63,111,137,70,,139,186,,77
2018-04-11 16:00:00,152,108,,85,64,42,141,98,,152,164,,101
2018-04-11 17:00:00,147,110,,82,73,28,142,95,,158,163,,81
2018-04-11 18:00:00,101,95,,85,64,36,82,106,,144,168,,98
2018-04-11 19:00:00,59,103,,111,67,35,108,139,,173,184,,99
2018-04-11 20:00:00,31,114,,116,64,45,98,116,,214,295,,106
2018-04-11 21:00:00,9,133,,135,97,47,47,128,,240,283,,164
2018-04-11 22:00:00,265,36,,255,179,34,9,134,,296,344,,214
2018-04-11 23:00:00,225,358,,231,169,69,71,120,,324,5,,228
2018-04-12 00:00:00,241,334,,243,143,103,40,98,,23,15,,226
2018-04-12 01:00:00,12,34,,189,191,96,37,240,,351,45,,202
2018-04-12 02:00:00,284,6,,289,288,98,30,256,,7,48,,197
2018-04-12 03:00:00,250,42,,247,261,87,325,247,,204,7,,132
2018-04-12 04:00:00,276,348,,236,223,103,327,230,,266,96,,216
2018-04-12 05:00:00,299,8,,265,344,102,1,228,,274,296,,202
2018-04-12 06:00:00,231,287,,246,195,105,293,207,,272,311,,209
2018-04-12 07:00:00,300,324,,248,227,96,357,202,,234,298,,181
2018-04-12 08:00:00,235,262,,107,148,88,254,242,,264,280,,219
2018-04-12 09:00:00,10,360,,176,8,92,286,322,,97,192,,76
2018-04-12 10:00:00,76,96,,141,39,103,82,47,,123,167,,80
2018-04-12 11:00:00,85,112,,107,39,118,114,90,,152,169,,81
2018-04-12 12:00:00,63,97,,114,45,113,102,93,,145,156,,83
2018-04-12 13:00:00,55,89,,99,52,124,118,103,,126,137,,76
2018-04-12 14:00:00,65,96,,84,62,113,124,95,,140,140,,75
2018-04-12 15:00:00,102,100,,85,65,110,128,91,,139,148,,65
2018-04-12 16:00:00,129,100,,81,58,122,124,104,,134,146,,69
2018-04-12 17:00:00,145,103,,87,56,126,135,113,,137,147,,74
2018-04-12 18:00:00,152,115,,88,64,119,144,113,,138,152,,74
2018-04-12 19:00:00,145,109,,89,74,134,143,113,,143,158,,63
2018-04-12 20:00:00,130,108,,86,68,131,137,110,,146,156,,51
2018-04-12 21:00:00,135,107,,87,70,113,146,103,,143,161,,102
2018-04-12 22:00:00,141,93,,95,138,91,121,93,,142,147,,123
2018-04-12 23:00:00,325,84,,88,158,93,89,131,,97,85,,151
2018-04-13 00:00:00,22,96,,105,135,110,75,195,,124,114,,129
2018-04-13 01:00:00,359,80,,331,80,98,64,244,,113,124,,116
2018-04-13 02:00:00,4,87,,143,98,74,70,260,,78,83,,122
2018-04-13 03:00:00,348,66,,169,303,74,56,277,,59,53,,199
2018-04-13 04:00:00,307,17,,216,233,84,66,274,,355,35,,238
2018-04-13 05:00:00,31,354,,232,122,79,324,282,,315,333,,230
2018-04-13 06:00:00,228,29,,216,261,77,351,107,,282,310,,245
2018-04-13 07:00:00,178,61,,106,257,84,87,96,,256,299,,245
2018-04-13 08:00:00,64,73,,116,252,92,81,57,,303,292,,260
2018-04-13 09:00:00,108,60,,201,265,89,97,74,,81,239,,278
2018-04-13 10:00:00,105,58,,236,246,91,148,81,,137,182,,297
2018-04-13 11:00:00,111,289,,235,250,93,328,94,,152,156,,298
2018-04-13 12:00:00,331,294,,227,261,90,319,97,,128,170,,288
2018-04-13 13:00:00,322,286,,241,262,72,321,23,,172,165,,287
2018-04-13 14:00:00,319,289,,239,271,57,328,307,,155,176,,286
2018-04-13 15:00:00,324,293,,242,274,59,335,298,,214,204,,289
2018-04-13 16:00:00,323,289,,240,275,61,333,313,,314,327,,293
2018-04-13 17:00:00,338,289,,245,278,69,344,313,,317,317,,296
2018-04-13 18:00:00,330,303,,247,276,78,336,180,,320,312,,293
2018-04-13 19:00:00,288,306,,240,265,79,341,225,,286,321,,281
2018-04-13 20:00:00,239,172,,172,250,92,285,193,,231,279,,121
2018-04-13 21:00:00,237,219,,122,180,94,249,204,,243,31,,198
2018-04-13 22:00:00,213,68,,221,226,91,68,209,,143,150,,233
2018-04-13 23:00:00,281,73,,246,189,89,66,182,,40,349,,149
2018-04-14 00:00:00,270,109,,245,238,82,84,85,,112,121,,215
2018-04-14 01:00:00,261,358,,227,232,94,32,240,,62,74,,165
2018-04-14 02:00:00,317,358,,280,170,97,18,264,,333,324,,212
2018-04-14 03:00:00,8,333,,40,161,81,40,274,,342,341,,112
2018-04-14 04:00:00,347,337,,53,92,82,41,277,,350,355,,115
2018-04-14 05:00:00,7,339,,46,216,86,42,274,,354,348,,114
2018-04-14 06:00:00,345,343,,36,243,36,44,276,,356,,,112
2018-04-14 07:00:00,75,346,,35,203,21,45,266,,335,,,110
2018-04-14 08:00:00,13,332,,36,122,67,40,269,,319,,,109
2018-04-14 09:00:00,5,336,,47,102,155,39,289,,336,,,111
2018-04-14 10:00:00,21,340,,45,307,44,42,307,,354,356,,111
2018-04-14 11:00:00,18,344,,36,292,150,44,309,,358,1,,97
2018-04-14 12:00:00,22,349,,30,297,139,44,309,,8,7,,103
2018-04-14 13:00:00,40,358,,36,281,133,42,309,,4,3,,88
2018-04-14 14:00:00,41,356,,53,286,146,59,312,,15,6,,89
2018-04-14 15:00:00,63,9,,50,297,126,78,307,,18,13,,77
2018-04-14 16:00:00,73,15,,61,288,123,75,298,,25,11,,73
2018-04-14 17:00:00,101,22,,100,270,106,86,287,,29,24,,84
2018-04-14 18:00:00,78,35,,79,149,93,94,318,,42,33,,88
2018-04-14 19:00:00,49,19,,61,96,106,80,351,,31,78,,55
2018-04-14 20:00:00,23,6,,44,66,119,61,195,,99,72,,54
2018-04-14 21:00:00,35,45,,44,68,83,61,115,,202,141,,89
2018-04-14 22:00:00,154,135,,72,69,109,72,104,,201,280,,73
2018-04-14 23:00:00,140,191,,66,97,124,279,104,,214,294,,86
2018-04-15 00:00:00,138,202,,239,137,13,257,132,,211,276,,77
2018-04-15 01:00:00,124,337,,218,144,272,66,124,,242,307,,147
2018-04-15 02:00:00,70,323,,193,144,74,53,206,,4,343,,147
2018-04-15 03:00:00,128,316,,194,160,285,42,112,,348,320,,150
2018-04-15 04:00:00,139,309,,156,210,273,30,171,,285,109,,144
2018-04-15 05:00:00,201,305,,169,314,267,318,117,,189,256,,176
2018-04-15 06:00:00,229,128,,237,244,240,182,146,,262,312,,227
2018-04-15 07:00:00,217,59,,245,221,70,44,41,,283,307,,256
2018-04-15 08:00:00,236,144,,257,262,20,280,95,,93,315,,282
2018-04-15 09:00:00,192,131,,252,40,18,269,81,,102,110,,286
2018-04-15 10:00:00,118,85,,94,52,25,182,112,,112,142,,55
2018-04-15 11:00:00,94,91,,98,35,15,156,103,,142,131,,70
2018-04-15 12:00:00,91,96,,112,32,30,114,114,,126,135,,66
2018-04-15 13:00:00,72,93,,91,55,67,117,104,,122,135,,49
2018-04-15 14:00:00,79,92,,79,55,83,124,98,,134,158,,39
2018-04-15 15:00:00,96,89,,88,56,103,121,90,,109,126,,62
2018-04-15 16:00:00,98,94,,86,57,125,127,85,,109,139,,67
2018-04-15 17:00:00,111,94,,83,54,122,130,82,,124,135,,66
2018-04-15 18:00:00,110,96,,87,56,106,137,80,,122,136,,73
2018-04-15 19:00:00,105,100,,88,58,130,141,82,,120,125,,74
2018-04-15 20:00:00,133,92,,85,65,130,119,110,,118,123,,68
2018-04-15 21:00:00,149,100,,85,52,131,125,101,,164,149,,65
2018-04-15 22:00:00,137,109,,87,54,124,141,97,,158,138,,64
2018-04-15 23:00:00,122,100,,88,51,127,132,110,,148,146,,61
2018-04-16 00:00:00,70,86,,87,101,101,106,125,,114,147,,110
2018-04-16 01:00:00,33,65,,148,141,118,83,142,,95,118,,115
2018-04-16 02:00:00,20,32,,238,133,109,65,221,,83,112,,116
2018-04-16 03:00:00,6,11,,219,88,94,57,244,,179,106,,115
2018-04-16 04:00:00,2,5,,229,118,107,54,258,,355,69,,122
2018-04-16 05:00:00,9,349,,237,205,103,41,260,,343,6,,150
2018-04-16 06:00:00,2,324,,245,212,84,25,260,,309,3,,208
2018-04-16 07:00:00,338,323,,252,216,50,14,248,,300,340,,211
2018-04-16 08:00:00,347,10,,330,303,4,33,279,,341,10,,244
2018-04-16 09:00:00,7,52,,284,28,96,32,308,,55,110,,46
2018-04-16 10:00:00,29,71,,15,28,110,44,308,,26,98,,64
2018-04-16 11:00:00,2,22,,83,41,85,58,326,,88,114,,70
2018-04-16 12:00:00,47,102,,128,42,77,62,23,,109,149,,71
2018-04-16 13:00:00,75,101,,120,46,72,84,86,,126,162,,75
2018-04-16 14:00:00,64,93,,95,59,87,114,91,,148,147,,64
2018-04-16 15:00:00,61,107,,83,68,87,120,104,,133,147,,48
2018-04-16 16:00:00,136,113,,82,56,99,130,106,,132,159,,60
2018-04-16 17:00:00,149,108,,85,55,134,137,105,,135,158,,67
2018-04-16 18:00:00,145,108,,88,55,130,138,100,,140,142,,74
2018-04-16 19:00:00,147,102,,88,57,99,138,94,,134,154,,69
2018-04-16 20:00:00,144,113,,92,58,96,142,88,,150,143,,64
2018-04-16 21:00:00,151,87,,92,57,93,126,107,,115,120,,69
2018-04-16 22:00:00,68,93,,79,58,103,114,101,,115,118,,96
2018-04-16 23:00:00,65,94,,80,71,93,107,104,,116,116,,96
2018-04-17 00:00:00,55,93,,77,92,69,102,107,,121,119,,87
2018-04-17 01:00:00,53,98,,83,112,59,109,115,,122,122,,107
2018-04-17 02:00:00,43,87,,256,137,50,101,165,,116,121,,110
2018-04-17 03:00:00,16,82,,259,106,83,76,231,,90,115,,122
2018-04-17 04:00:00,27,72,,182,45,76,69,254,,116,119,,112
2018-04-17 05:00:00,17,48,,228,350,95,67,261,,38,60,,106
2018-04-17 06:00:00,9,31,,234,336,230,66,280,,13,49,,103
2018-04-17 07:00:00,10,16,,246,308,36,19,276,,346,11,,180
2018-04-17 08:00:00,2,10,,256,289,35,37,296,,11,358,,254
2018-04-17 09:00:00,353,336,,253,109,58,53,311,,10,44,,278
2018-04-17 10:00:00,24,1,,263,134,73,60,318,,,9,,56
2018-04-17 11:00:00,51,2,,165,63,88,78,315,,30,8,,79
2018-04-17 12:00:00,80,9,,135,46,99,82,329,,318,171,,77
2018-04-17 13:00:00,89,89,,126,49,92,76,92,,153,159,,77
2018-04-17 14:00:00,64,81,,118,54,85,97,96,,119,134,,76
2018-04-17 15:00:00,66,82,,89,60,90,106,93,,130,171,,73
2018-04-17 16:00:00,56,94,,83,60,96,113,94,,147,148,,56
2018-04-17 17:00:00,110,98,,89,62,104,132,94,,145,142,,54
2018-04-17 18:00:00,146,112,,90,51,107,140,99,,141,145,,70
2018-04-17 19:00:00,136,105,,89,58,100,143,106,,132,145,,66
2018-04-17 20:00:00,115,106,,86,55,112,135,92,,141,151,,63
2018-04-17 21:00:00,129,97,,92,55,107,141,99,,131,126,,70
2018-04-17 22:00:00,101,82,,79,71,100,102,120,,102,111,,94
2018-04-17 23:00:00,35,75,,92,76,108,91,126,,127,113,,106
2018-04-18 00:00:00,29,68,,63,80,105,80,126,,112,121,,93
2018-04-18 01:00:00,32,65,,113,57,98,78,95,,117,112,,93
2018-04-18 02:00:00,13,62,,141,87,88,80,301,,75,97,,105
2018-04-18 03:00:00,4,44,,171,104,100,90,273,,63,63,,99
2018-04-18 04:00:00,26,76,,196,317,109,92,274,,65,67,,197
2018-04-18 05:00:00,47,107,,237,238,95,98,254,,89,64,,115
2018-04-18 06:00:00,28,49,,234,320,91,82,272,,48,246,,162
2018-04-18 07:00:00,286,46,,245,140,87,16,282,,21,5,,147
2018-04-18 08:00:00,18,332,,246,46,82,32,317,,3,350,,241
2018-04-18 09:00:00,48,336,,112,301,113,40,355,,22,244,,42
2018-04-18 10:00:00,75,12,,128,312,88,61,49,,28,152,,78
2018-04-18 11:00:00,77,21,,148,31,88,83,313,,334,69,,81
2018-04-18 12:00:00,110,86,,139,59,97,115,309,,100,74,,86
2018-04-18 13:00:00,103,87,,117,59,89,104,314,,104,84,,98
2018-04-18 14:00:00,95,94,,110,74,76,103,289,,94,119,,
2018-04-18 15:00:00,91,109,,106,79,83,127,290,,108,93,,
2018-04-18 16:00:00,96,90,,109,72,83,119,328,,128,111,,87
2018-04-18 17:00:00,56,14,,25,55,94,58,69,,105,80,,57
2018-04-18 18:00:00,29,17,,51,59,138,63,71,,96,87,,36
2018-04-18 19:00:00,81,31,,54,60,15,72,68,,101,89,,55
2018-04-18 20:00:00,92,98,,52,64,5,117,75,,126,117,,68
2018-04-18 21:00:00,98,87,,52,57,123,121,89,,151,128,,74
2018-04-18 22:00:00,72,56,,43,72,40,71,117,,107,111,,62
2018-04-18 23:00:00,86,99,,72,79,44,116,89,,119,131,,42
2018-04-19 00:00:00,93,101,,86,61,82,130,82,,126,131,,62
2018-04-19 01:00:00,81,95,,87,55,83,138,70,,117,131,,65
2018-04-19 02:00:00,78,95,,87,49,31,127,102,,121,124,,63
2018-04-19 03:00:00,81,96,,80,52,345,134,115,,109,105,,60
2018-04-19 04:00:00,85,90,,83,56,344,125,114,,105,111,,60
2018-04-19 05:00:00,84,96,,91,57,30,141,103,,119,111,,65
2018-04-19 06:00:00,80,97,,89,57,358,132,113,,122,118,,62
2018-04-19 07:00:00,84,93,,85,58,28,125,107,,103,84,,62
2018-04-19 08:00:00,74,72,,73,55,68,99,108,,82,77,,69
2018-04-19 09:00:00,79,71,,76,59,52,98,113,,74,74,,70
2018-04-19 10:00:00,87,90,,83,55,86,105,132,,79,80,,76
2018-04-19 11:00:00,83,99,,91,71,96,124,132,,81,89,,74
2018-04-19 12:00:00,103,103,,86,66,134,139,120,,93,126,,75
2018-04-19 13:00:00,104,112,,82,60,95,139,117,,138,150,,73
2018-04-19 14:00:00,88,107,,91,70,114,145,113,,139,130,,63
2018-04-19 15:00:00,86,108,,82,67,106,142,109,,149,162,,61
2018-04-19 16:00:00,92,123,,93,64,101,150,112,,201,240,,67
2018-04-19 17:00:00,103,120,,94,66,92,153,128,,208,275,,63
2018-04-19 18:00:00,112,122,,89,60,105,134,109,,197,272,,66
2018-04-19 19:00:00,85,140,,95,66,102,143,104,,218,253,,63
2018-04-19 20:00:00,69,137,,90,59,105,143,104,,215,227,,63
2018-04-19 21:00:00,78,109,,78,54,117,126,104,,194,216,,63
2018-04-19 22:00:00,73,102,,72,52,111,110,105,,183,180,,59
2018-04-19 23:00:00,122,106,,80,51,105,120,103,,160,150,,64
2018-04-20 00:00:00,127,117,,84,56,92,139,96,,143,142,,75
2018-04-20 01:00:00,80,96,,75,56,90,119,95,,130,136,,59
2018-04-20 02:00:00,68,70,,71,53,115,102,107,,105,115,,56
2018-04-20 03:00:00,66,86,,69,58,77,105,93,,115,123,,66
2018-04-20 04:00:00,294,95,,79,50,27,127,99,,114,130,,72
2018-04-20 05:00:00,74,85,,78,46,33,117,92,,118,100,,64
2018-04-20 06:00:00,73,71,,71,55,10,104,99,,94,78,,59
2018-04-20 07:00:00,79,85,,69,51,352,109,94,,91,95,,62
2018-04-20 08:00:00,75,94,,73,50,7,119,97,,107,122,,66
2018-04-20 09:00:00,69,98,,73,52,93,128,91,,116,123,,62
2018-04-20 10:00:00,86,100,,77,53,133,132,99,,124,126,,63
2018-04-20 11:00:00,69,98,,82,52,145,125,96,,132,137,,61
2018-04-20 12:00:00,63,100,,85,51,128,127,97,,186,193,,56
2018-04-20 13:00:00,125,91,,82,55,123,104,131,,193,252,,62
2018-04-20 14:00:00,166,88,,80,60,103,119,103,,176,270,,61
2018-04-20 15:00:00,156,95,,92,46,107,128,89,,177,256,,64
2018-04-20 16:00:00,150,96,,74,45,93,113,90,,173,259,,
2018-04-20 17:00:00,142,103,,92,46,84,127,89,,137,94,,71
2018-04-20 18:00:00,127,91,,89,46,99,119,92,,112,73,,62
2018-04-20 19:00:00,98,91,,83,45,101,115,83,,116,128,,72
2018-04-20 20:00:00,108,100,,84,49,95,127,79,,120,126,,78
2018-04-20 21:00:00,103,97,,84,53,92,127,65,,126,134,,74
2018-04-20 22:00:00,98,95,,84,54,92,128,65,,121,129,,69
2018-04-20 23:00:00,85,91,,83,53,78,116,80,,127,122,,53
2018-04-21 00:00:00,74,94,,75,52,92,112,91,,125,122,,59
2018-04-21 01:00:00,64,91,,73,58,102,113,76,,122,123,,69
2018-04-21 02:00:00,69,83,,70,63,112,96,70,,112,115,,63
2018-04-21 03:00:00,68,91,,61,76,97,91,67,,100,110,,60
2018-04-21 04:00:00,46,97,,92,101,67,86,147,,91,105,,82
2018-04-21 05:00:00,24,87,,239,28,41,61,184,,68,72,,125
2018-04-21 06:00:00,8,10,,,313,64,59,293,,52,32,,111
2018-04-21 07:00:00,22,16,,244,276,113,49,260,,25,18,,114
2018-04-21 08:00:00,31,11,,165,275,80,70,259,,30,15,,101
2018-04-21 09:00:00,72,3,,119,342,86,58,279,,15,252,,84
2018-04-21 10:00:00,33,3,,187,53,109,42,305,,334,311,,77
2018-04-21 11:00:00,29,7,,143,53,95,51,285,,329,332,,69
2018-04-21 12:00:00,97,150,,133,50,75,96,279,,291,309,,74
2018-04-21 13:00:00,132,133,,115,50,82,168,210,,237,259,,
2018-04-21 14:00:00,119,131,,118,54,80,175,109,,182,168,,73
2018-04-21 15:00:00,143,131,,126,61,204,197,91,,158,179,,76
2018-04-21 16:00:00,117,119,,113,69,102,160,91,,132,155,,82
2018-04-21 17:00:00,113,116,,90,64,123,136,108,,158,194,,65
2018-04-21 18:00:00,150,120,,90,67,104,134,109,,179,193,,69
2018-04-21 19:00:00,148,120,,88,,111,141,122,,198,191,,71
2018-04-21 20:00:00,129,116,,108,58,106,163,124,,179,100,,63
2018-04-21 21:00:00,104,81,,103,64,113,156,151,,98,50,,71
2018-04-21 22:00:00,83,64,,73,60,115,86,176,,339,50,,87
2018-04-21 23:00:00,83,95,,99,68,110,97,156,,232,258,,103
2018-04-22 00:00:00,145,140,,124,80,111,297,100,,195,181,,105
2018-04-22 01:00:00,60,72,,84,76,98,77,101,,186,181,,110
2018-04-22 02:00:00,8,111,,66,79,101,85,103,,229,280,,91
2018-04-22 03:00:00,287,220,,201,133,130,83,216,,244,321,,118
2018-04-22 04:00:00,250,294,,212,169,96,40,219,,294,332,,119
2018-04-22 05:00:00,325,315,,220,287,69,37,215,,351,1,,175
2018-04-22 06:00:00,186,298,,223,225,67,32,207,,325,352,,81
2018-04-22 07:00:00,37,317,,78,123,98,59,245,,304,346,,103
2018-04-22 08:00:00,32,347,,42,103,84,48,242,,332,314,,85
2018-04-22 09:00:00,39,339,,42,78,87,41,285,,319,315,,111
2018-04-22 10:00:00,23,338,,42,77,97,48,296,,327,304,,103
2018-04-22 11:00:00,24,351,,41,74,108,45,298,,318,225,,86
2018-04-22 12:00:00,22,359,,47,60,87,64,304,,310,159,,82
2018-04-22 13:00:00,81,39,,78,57,91,85,81,,250,120,,69
2018-04-22 14:00:00,142,99,,89,63,162,105,115,,204,115,,75
2018-04-22 15:00:00,154,123,,93,67,88,172,117,,160,137,,89
2018-04-22 16:00:00,159,126,,109,74,106,184,110,,152,146,,80
2018-04-22 17:00:00,154,124,,108,68,103,192,102,,190,186,,71
2018-04-22 18:00:00,154,126,,107,73,108,170,103,,174,189,,87
2018-04-22 19:00:00,151,126,,110,78,103,207,122,,188,207,,82
2018-04-22 20:00:00,149,135,,111,74,96,219,112,,186,206,,78
2018-04-22 21:00:00,141,129,,97,64,110,197,97,,161,175,,71
2018-04-22 22:00:00,152,164,,98,55,144,222,94,,129,134,,73
2018-04-22 23:00:00,136,91,,90,59,109,187,97,,110,126,,78
2018-04-23 00:00:00,84,100,,84,59,106,138,100,,138,148,,71
2018-04-23 01:00:00,120,105,,83,58,118,141,102,,147,153,,73
2018-04-23 02:00:00,113,101,,86,66,102,134,110,,152,171,,68
2018-04-23 03:00:00,59,92,,83,73,89,118,123,,139,124,,71
2018-04-23 04:00:00,42,92,,85,79,49,109,116,,119,103,,84
2018-04-23 05:00:00,72,84,,94,83,359,124,159,,99,110,,103
2018-04-23 06:00:00,62,73,,73,70,34,99,105,,64,95,,97
2018-04-23 07:00:00,71,33,,83,64,34,87,64,,80,70,,77
2018-04-23 08:00:00,28,310,,182,61,344,42,318,,84,66,,94
2018-04-23 09:00:00,15,341,,177,65,298,45,321,,63,59,,103
2018-04-23 10:00:00,15,343,,193,70,337,48,313,,71,359,,92
2018-04-23 11:00:00,18,10,,141,76,71,46,309,,42,10,,98
2018-04-23 12:00:00,56,48,,119,70,65,78,20,,68,35,,85
2018-04-23 13:00:00,46,49,,94,76,89,69,101,,82,28,,80
2018-04-23 14:00:00,57,78,,109,73,89,82,111,,135,216,,75
2018-04-23 15:00:00,59,86,,97,76,94,103,110,,188,238,,71
2018-04-23 16:00:00,84,114,,84,58,91,120,102,,215,243,,61
2018-04-23 17:00:00,129,123,,93,54,89,141,100,,213,229,,67
2018-04-23 18:00:00,135,115,,99,58,102,142,106,,208,213,,64
2018-04-23 19:00:00,125,112,,104,59,102,147,114,,188,196,,72
2018-04-23 20:00:00,107,102,,92,70,100,130,109,,161,175,,79
2018-04-23 21:00:00,120,107,,90,65,120,135,103,,157,151,,70
2018-04-23 22:00:00,101,105,,94,62,108,142,97,,173,196,,71
2018-04-23 23:00:00,115,95,,137,67,109,187,99,,131,144,,102
2018-04-24 00:00:00,50,98,,95,97,,121,122,,107,125,,90
2018-04-24 01:00:00,51,90,,88,81,101,124,104,,105,109,,87
2018-04-24 02:00:00,63,58,,89,79,86,94,117,,72,113,,95
2018-04-24 03:00:00,75,76,,100,85,78,85,109,,136,129,,85
2018-04-24 04:00:00,62,101,,94,81,86,86,99,,150,169,,90
2018-04-24 05:00:00,6,101,,169,94,82,56,109,,117,81,,127
2018-04-24 06:00:00,354,67,,233,346,78,30,224,,78,317,,129
2018-04-24 07:00:00,23,28,,240,315,55,10,217,,53,337,,96
2018-04-24 08:00:00,26,49,,238,71,63,43,240,,345,328,,98
2018-04-24 09:00:00,50,43,,103,55,65,61,257,,43,26,,76
2018-04-24 10:00:00,50,33,,139,47,82,69,104,,99,91,,75
2018-04-24 11:00:00,52,86,,107,70,114,75,109,,99,127,,66
2018-04-24 12:00:00,62,76,,96,82,115,78,104,,108,126,,57
2018-04-24 13:00:00,70,89,,78,77,104,112,98,,126,157,,43
2018-04-24 14:00:00,132,100,,86,54,96,131,99,,136,145,,68
2018-04-24 15:00:00,105,99,,89,54,105,131,103,,132,147,,67
2018-04-24 16:00:00,113,108,,88,54,105,127,102,,154,156,,60
2018-04-24 17:00:00,131,113,,89,60,96,136,99,,151,170,,63
2018-04-24 18:00:00,124,102,,89,59,107,140,102,,154,158,,61
2018-04-24 19:00:00,128,108,,92,52,104,136,108,,163,173,,64
2018-04-24 20:00:00,135,112,,88,61,100,142,97,,146,143,,71
2018-04-24 21:00:00,132,105,,89,59,101,139,109,,135,141,,66
2018-04-24 22:00:00,91,104,,88,56,89,136,97,,141,152,,58
2018-04-24 23:00:00,68,105,,85,59,99,138,97,,139,134,,70
2018-04-25 00:00:00,61,100,,87,61,119,140,96,,132,133,,70
2018-04-25 01:00:00,67,97,,87,66,103,135,94,,126,132,,62
2018-04-25 02:00:00,66,101,,83,65,103,136,108,,127,125,,70
2018-04-25 03:00:00,73,98,,85,76,93,136,109,,117,116,,98
2018-04-25 04:00:00,86,96,,83,72,66,134,97,,112,123,,89
2018-04-25 05:00:00,42,99,,112,86,52,92,125,,118,123,,102
2018-04-25 06:00:00,71,98,,63,54,43,104,88,,132,140,,85
2018-04-25 07:00:00,75,99,,92,58,86,92,115,,121,161,,88
2018-04-25 08:00:00,81,100,,136,69,64,91,100,,132,154,,97
2018-04-25 09:00:00,47,97,,108,74,87,84,114,,,121,,87
2018-04-25 10:00:00,30,101,,101,67,113,121,93,,,133,,86
2018-04-25 11:00:00,60,100,,85,55,106,123,89,,131,158,,69
2018-04-25 12:00:00,56,104,,85,56,93,135,69,,136,157,,67
2018-04-25 13:00:00,70,101,,87,58,99,130,81,,127,143,,58
2018-04-25 14:00:00,77,94,,74,62,100,128,82,,132,143,,58
2018-04-25 15:00:00,89,95,,84,65,97,121,113,,163,183,,64
2018-04-25 16:00:00,113,98,,85,66,89,108,96,,171,194,,61
2018-04-25 17:00:00,141,114,,98,66,104,191,97,,168,175,,85
2018-04-25 18:00:00,151,123,,114,57,108,205,139,,178,181,,84
2018-04-25 19:00:00,3,25,,276,85,111,45,152,,120,196,,95
2018-04-25 20:00:00,10,354,,34,115,104,55,262,,332,317,,72
2018-04-25 21:00:00,87,334,,95,76,95,65,267,,323,316,,88
2018-04-25 22:00:00,51,336,,42,65,97,44,272,,333,336,,98
2018-04-25 23:00:00,118,360,,107,94,142,67,256,,320,333,,103
2018-04-26 00:00:00,109,,,134,92,88,72,261,,322,331,,87
2018-04-26 01:00:00,100,356,,125,84,99,77,265,,321,328,,76
2018-04-26 02:00:00,125,316,,127,59,100,53,302,,327,331,,77
2018-04-26 03:00:00,79,329,,97,328,52,56,312,,334,332,,76
2018-04-26 04:00:00,40,351,,205,296,62,47,301,,330,334,,99
2018-04-26 05:00:00,42,339,,185,319,82,53,296,,334,334,,80
2018-04-26 06:00:00,68,331,,144,62,60,52,297,,333,336,,81
2018-04-26 07:00:00,93,346,,166,51,61,52,295,,346,334,,79
2018-04-26 08:00:00,90,354,,157,40,71,56,298,,333,328,,82
2018-04-26 09:00:00,84,351,,157,28,96,60,299,,327,337,,72
2018-04-26 10:00:00,82,348,,178,43,87,67,308,,337,348,,75
2018-04-26 11:00:00,100,348,,156,34,63,61,347,,3,340,,76
2018-04-26 12:00:00,101,1,,135,40,87,75,101,,108,123,,81
2018-04-26 13:00:00,,112,,113,45,96,134,112,,146,146,,72
2018-04-26 14:00:00,,104,,105,44,105,134,107,,126,152,,68
2018-04-26 15:00:00,73,107,,100,55,136,133,114,,136,148,,63
2018-04-26 16:00:00,80,98,,93,61,81,123,111,,127,133,,58
2018-04-26 17:00:00,104,100,,85,62,127,119,104,,128,138,,49
2018-04-26 18:00:00,135,103,,86,66,46,134,106,,128,134,,62
2018-04-26 19:00:00,128,105,,83,66,351,132,101,,129,135,,72
2018-04-26 20:00:00,126,101,,87,74,295,143,68,,133,135,,77
2018-04-26 21:00:00,85,109,,95,73,165,140,88,,147,137,,67
2018-04-26 22:00:00,95,101,,111,86,260,135,111,,143,150,,70
2018-04-26 23:00:00,111,98,,114,101,280,119,96,,138,149,,107
2018-04-27 00:00:00,60,98,,120,90,113,131,91,,141,155,,117
2018-04-27 01:00:00,35,95,,107,55,71,92,128,,130,137,,111
2018-04-27 02:00:00,76,105,,74,79,62,101,204,,117,42,,101
2018-04-27 03:00:00,344,48,,74,61,59,88,225,,96,36,,102
2018-04-27 04:00:00,19,24,,320,64,58,66,265,,45,41,,92
2018-04-27 05:00:00,59,62,,50,79,76,76,301,,120,150,,90
2018-04-27 06:00:00,86,105,,11,53,88,79,309,,190,176,,84
2018-04-27 07:00:00,53,12,,247,75,78,56,301,,263,303,,106
2018-04-27 08:00:00,83,357,,230,93,62,47,303,,288,303,,115
2018-04-27 09:00:00,49,18,,185,76,87,52,290,,297,308,,103
2018-04-27 10:00:00,28,70,,117,79,104,48,307,,49,343,,92
2018-04-27 11:00:00,6,64,,44,77,78,64,313,,94,199,,75
2018-04-27 12:00:00,58,103,,90,72,70,97,54,,116,150,,61
2018-04-27 13:00:00,70,110,,105,64,66,141,91,,161,182,,63
2018-04-27 14:00:00,69,112,,92,62,73,122,71,,142,,,52
2018-04-27 15:00:00,72,111,,88,56,31,131,78,,140,179,,57
2018-04-27 16:00:00,83,109,,89,61,29,130,103,,140,144,,55
2018-04-27 17:00:00,97,101,,89,67,30,138,108,,112,135,,87
2018-04-27 18:00:00,97,101,,92,63,43,125,87,,122,126,,96
2018-04-27 19:00:00,93,104,,93,68,37,145,83,,138,130,,90
2018-04-27 20:00:00,125,111,,93,77,356,142,118,,138,125,,93
2018-04-27 21:00:00,150,100,,85,68,344,123,119,,130,153,,88
2018-04-27 22:00:00,152,98,,92,58,242,136,105,,127,149,,82
2018-04-27 23:00:00,121,95,,89,62,65,119,103,,116,131,,73
2018-04-28 00:00:00,85,99,,80,49,153,120,79,,113,121,,58
2018-04-28 01:00:00,76,92,,75,56,48,109,90,,169,101,,64
2018-04-28 02:00:00,69,94,,109,56,29,94,136,,111,65,,68
2018-04-28 03:00:00,59,94,,93,59,331,106,108,,117,123,,96
2018-04-28 04:00:00,53,74,,71,68,290,90,112,,115,134,,91
2018-04-28 05:00:00,24,36,,198,103,317,60,122,,97,109,,99
2018-04-28 06:00:00,33,55,,158,99,25,65,124,,51,38,,109
2018-04-28 07:00:00,45,100,,108,67,262,110,108,,117,107,,80
2018-04-28 08:00:00,,95,,71,68,240,98,101,,169,182,,116
2018-04-28 09:00:00,55,93,,69,67,343,101,99,,138,175,,67
2018-04-28 10:00:00,16,96,,116,64,313,112,103,,140,159,,85
2018-04-28 11:00:00,29,96,,102,64,310,100,97,,142,163,,86
2018-04-28 12:00:00,47,87,,71,60,135,102,108,,135,164,,58
2018-04-28 13:00:00,52,91,,63,58,72,94,96,,128,147,,63
2018-04-28 14:00:00,61,86,,75,61,193,92,90,,114,138,,53
2018-04-28 15:00:00,81,98,,120,56,36,124,56,,129,157,,47
2018-04-28 16:00:00,87,108,,95,56,57,134,60,,126,143,,57
2018-04-28 17:00:00,139,119,,91,52,71,140,106,,145,148,,69
2018-04-28 18:00:00,129,117,,93,62,87,141,109,,140,155,,84
2018-04-28 19:00:00,141,114,,90,65,136,145,109,,145,158,,89
2018-04-28 20:00:00,132,110,,92,65,124,139,105,,139,140,,74
2018-04-28 21:00:00,140,108,,91,65,154,142,95,,140,150,,68
2018-04-28 22:00:00,106,101,,90,60,248,138,98,,153,163,,70
2018-04-28 23:00:00,82,94,,84,69,254,130,113,,156,164,,66
2018-04-29 00:00:00,96,95,,83,78,236,127,105,,156,162,,71
2018-04-29 01:00:00,104,89,,78,69,196,111,110,,156,154,,68
2018-04-29 02:00:00,52,95,,82,75,327,117,106,,140,149,,84
2018-04-29 03:00:00,37,92,,93,85,292,111,128,,124,76,,113
2018-04-29 04:00:00,1,85,,154,68,120,69,249,,74,57,,121
2018-04-29 05:00:00,23,84,,61,66,242,79,202,,62,93,,105
2018-04-29 06:00:00,24,50,,78,51,219,68,225,,85,95,,94
2018-04-29 07:00:00,84,86,,117,62,97,75,298,,72,42,,97
2018-04-29 08:00:00,102,94,,109,58,90,125,307,,97,98,,93
2018-04-29 09:00:00,71,95,,102,52,62,117,101,,119,153,,79
2018-04-29 10:00:00,59,105,,104,60,67,99,113,,133,169,,69
2018-04-29 11:00:00,59,101,,111,63,84,76,119,,129,155,,77
2018-04-29 12:00:00,39,97,,104,67,85,81,96,,103,150,,75
2018-04-29 13:00:00,67,90,,73,70,101,122,105,,104,152,,68
2018-04-29 14:00:00,59,104,,82,67,92,125,90,,125,158,,64
2018-04-29 15:00:00,82,102,,91,62,100,135,98,,145,157,,63
2018-04-29 16:00:00,100,108,,94,54,93,136,105,,156,153,,68
2018-04-29 17:00:00,120,109,,92,67,99,138,101,,158,155,,75
2018-04-29 18:00:00,123,106,,86,60,103,137,94,,157,146,,68
2018-04-29 19:00:00,94,109,,89,62,115,134,91,,135,147,,74
2018-04-29 20:00:00,70,107,,88,62,125,131,97,,127,112,,75
2018-04-29 21:00:00,77,104,,98,58,105,105,96,,177,120,,65
2018-04-29 22:00:00,37,154,,137,51,106,89,114,,216,146,,86
2018-04-29 23:00:00,69,143,,129,75,109,107,158,,261,309,,123
2018-04-30 00:00:00,143,105,,108,97,116,158,125,,198,183,,107
2018-04-30 01:00:00,104,114,,94,70,286,151,102,,162,143,,124
2018-04-30 02:00:00,156,99,,84,57,74,118,97,,156,152,,138
2018-04-30 03:00:00,158,94,,98,85,47,111,115,,127,124,,150
2018-04-30 04:00:00,281,75,,216,127,300,64,275,,53,65,,95
2018-04-30 05:00:00,351,10,,247,324,246,42,267,,353,44,,95
2018-04-30 06:00:00,344,1,,229,320,240,42,285,,33,38,,91
2018-04-30 07:00:00,336,9,,241,130,311,21,283,,36,53,,107
2018-04-30 08:00:00,339,332,,222,60,32,12,281,,351,76,,173
2018-04-30 09:00:00,306,297,,225,57,75,331,283,,345,94,,104
2018-04-30 10:00:00,296,354,,204,53,60,44,293,,20,135,,45
2018-04-30 11:00:00,355,40,,97,16,76,43,318,,27,90,,75
2018-04-30 12:00:00,15,58,,99,29,110,94,16,,99,99,,67
2018-04-30 13:00:00,63,92,,85,48,115,124,67,,114,100,,62
2018-04-30 14:00:00,83,94,,88,53,80,112,104,,121,122,,75
2018-04-30 15:00:00,72,102,,85,58,101,125,94,,136,137,,84
2018-04-30 16:00:00,,94,,83,61,97,136,105,,118,135,,81
2018-04-30 17:00:00,,93,,82,59,99,124,100,,136,138,,70
2018-04-30 18:00:00,,99,,82,57,112,126,112,,133,124,,73
2018-04-30 19:00:00,,95,,96,52,115,120,118,,123,131,,70
2018-04-30 20:00:00,,98,,91,57,122,125,110,,120,148,,81
2018-04-30 21:00:00,,101,,92,59,105,129,116,,125,136,,101
2018-04-30 22:00:00,,108,,90,73,105,109,112,,127,109,,105
2018-04-30 23:00:00,,106,,82,72,104,122,106,,113,99,,115
2018-05-01 00:00:00,,,,,,113,,,,,,,
2018-05-01 01:00:00,14,105,,88,70,92,119,108,,121,119,,115
2018-05-01 02:00:00,42,93,,104,84,14,112,97,,100,114,,153
2018-05-01 03:00:00,52,94,,113,116,41,107,200,,96,118,,224
2018-05-01 04:00:00,6,96,,103,94,225,99,227,,85,84,,230
2018-05-01 05:00:00,71,95,,111,49,293,109,248,,94,88,,265
2018-05-01 06:00:00,44,70,,118,12,281,96,235,,61,64,,260
2018-05-01 07:00:00,346,52,,178,124,301,78,283,,70,64,,260
2018-05-01 08:00:00,206,58,,216,303,324,96,246,,83,104,,261
2018-05-01 09:00:00,76,53,,214,56,2,103,318,,92,145,,327
2018-05-01 10:00:00,89,54,,184,49,39,75,332,,60,171,,76
2018-05-01 11:00:00,83,85,,114,51,81,91,60,,212,125,,72
2018-05-01 12:00:00,84,105,,105,51,80,112,82,,153,161,,68
2018-05-01 13:00:00,71,111,,103,59,87,122,94,,142,155,,67
2018-05-01 14:00:00,60,105,,94,65,83,122,99,,148,174,,61
2018-05-01 15:00:00,99,111,,89,62,93,132,96,,149,157,,45
2018-05-01 16:00:00,128,108,,84,58,88,130,93,,152,162,,52
2018-05-01 17:00:00,143,115,,82,55,92,134,97,,162,171,,65
2018-05-01 18:00:00,145,121,,84,48,98,139,105,,155,170,,74
2018-05-01 19:00:00,149,108,,91,53,98,144,110,,154,176,,71
2018-05-01 20:00:00,135,110,,91,58,97,138,85,,151,166,,60
2018-05-01 21:00:00,132,99,,95,55,104,145,112,,127,129,,75
2018-05-01 22:00:00,107,93,,81,53,95,106,106,,118,122,,78
2018-05-01 23:00:00,114,102,,87,48,104,132,89,,120,126,,70
2018-05-02 00:00:00,108,98,,92,63,103,109,104,,131,129,,82
2018-05-02 01:00:00,106,98,,84,75,96,122,92,,131,127,,76
2018-05-02 02:00:00,74,100,,83,53,92,127,109,,123,127,,73
2018-05-02 03:00:00,37,99,,87,61,94,124,104,,127,136,,74
2018-05-02 04:00:00,25,96,,168,112,108,100,156,,103,117,,133
2018-05-02 05:00:00,50,74,,197,38,86,113,255,,71,96,,118
2018-05-02 06:00:00,68,43,,140,85,199,75,265,,55,52,,106
2018-05-02 07:00:00,85,76,,177,58,293,78,242,,79,67,,107
2018-05-02 08:00:00,71,94,,226,50,22,97,225,,108,114,,79
2018-05-02 09:00:00,93,102,,169,48,84,99,323,,137,149,,76
2018-05-02 10:00:00,81,108,,120,6,80,109,71,,176,148,,70
2018-05-02 11:00:00,71,98,,116,52,92,98,93,,142,175,,66
2018-05-02 12:00:00,83,105,,95,53,91,108,97,,175,179,,66
2018-05-02 13:00:00,69,105,,92,62,93,117,102,,150,151,,61
2018-05-02 14:00:00,85,106,,88,58,,123,104,,138,169,,61
2018-05-02 15:00:00,61,100,,84,53,87,120,100,,129,156,,59
2018-05-02 16:00:00,98,103,,87,61,100,125,96,,150,150,,53
2018-05-02 17:00:00,110,105,,92,57,99,130,95,,136,151,,76
2018-05-02 18:00:00,140,106,,88,53,96,141,78,,139,148,,72
2018-05-02 19:00:00,141,101,,90,52,101,141,86,,141,150,,64
2018-05-02 20:00:00,136,105,,90,58,106,139,89,,137,145,,74
2018-05-02 21:00:00,131,99,,90,69,105,119,114,,139,138,,79
2018-05-02 22:00:00,137,99,,,63,95,126,94,,133,154,,67
2018-05-02 23:00:00,140,103,,84,87,109,135,96,,137,118,,83
2018-05-03 00:00:00,50,93,,72,99,99,108,85,,125,129,,124
2018-05-03 01:00:00,59,93,,81,84,89,124,122,,141,142,,101
2018-05-03 02:00:00,53,68,,94,90,94,118,183,,99,138,,118
2018-05-03 03:00:00,44,30,,132,81,97,65,202,,108,131,,112
2018-05-03 04:00:00,40,54,,225,62,99,67,264,,100,126,,99
2018-05-03 05:00:00,68,78,,206,75,102,79,263,,69,109,,90
2018-05-03 06:00:00,59,61,,217,52,99,91,226,,74,95,,87
2018-05-03 07:00:00,74,69,,211,56,86,99,237,,42,63,,104
2018-05-03 08:00:00,78,72,,135,56,82,93,233,,72,73,,92
2018-05-03 09:00:00,83,35,,173,41,88,53,293,,54,84,,121
2018-05-03 10:00:00,45,37,,173,313,71,87,315,,76,79,,63
2018-05-03 11:00:00,95,60,,96,29,60,88,313,,79,32,,75
2018-05-03 12:00:00,73,100,,121,44,88,97,315,,112,205,,70
2018-05-03 13:00:00,92,109,,118,45,85,82,301,,163,155,,66
2018-05-03 14:00:00,84,95,,93,70,95,110,103,,136,164,,77
2018-05-03 15:00:00,116,132,,99,101,92,178,73,,170,171,,84
2018-05-03 16:00:00,245,104,,80,95,104,191,109,,150,188,,334
2018-05-03 17:00:00,129,103,,98,79,107,141,94,,150,172,,6
2018-05-03 18:00:00,116,47,,106,63,107,87,206,,100,122,,74
2018-05-03 19:00:00,13,343,,44,72,114,43,243,,6,20,,81
2018-05-03 20:00:00,137,218,,137,77,110,115,279,,282,286,,100
2018-05-03 21:00:00,130,161,,104,86,104,215,136,,171,312,,77
2018-05-03 22:00:00,107,110,,123,106,100,215,109,,198,169,,128
2018-05-03 23:00:00,15,17,,252,210,105,21,104,,103,102,,191
2018-05-04 00:00:00,94,37,,111,99,109,93,138,,196,180,,134
2018-05-04 01:00:00,36,18,,115,89,110,66,152,,161,129,,116
2018-05-04 02:00:00,24,42,,240,129,88,60,242,,105,124,,108
2018-05-04 03:00:00,34,37,,260,77,99,72,290,,93,83,,97
2018-05-04 04:00:00,50,66,,219,83,101,81,298,,69,66,,97
2018-05-04 05:00:00,74,81,,74,87,92,89,293,,79,70,,97
2018-05-04 06:00:00,76,100,,119,82,89,98,235,,101,98,,100
2018-05-04 07:00:00,98,94,,124,64,86,101,284,,96,107,,102
2018-05-04 08:00:00,76,89,,126,70,68,84,285,,83,96,,102
2018-05-04 09:00:00,70,90,,121,52,55,88,308,,84,46,,87
2018-05-04 10:00:00,63,62,,144,41,74,75,300,,78,57,,82
2018-05-04 11:00:00,72,56,,115,38,54,91,290,,94,108,,75
2018-05-04 12:00:00,64,35,,45,56,102,64,283,,63,190,,69
2018-05-04 13:00:00,34,34,,70,62,112,84,288,,353,337,,72
2018-05-04 14:00:00,128,41,,125,74,85,116,250,,2,1,,91
2018-05-04 15:00:00,199,67,,93,100,89,200,199,,166,100,,129
2018-05-04 16:00:00,33,360,,38,92,91,51,226,,345,319,,58
2018-05-04 17:00:00,8,342,,59,92,101,42,271,,316,329,,109
2018-05-04 18:00:00,67,356,,114,51,96,47,278,,325,331,,103
2018-05-04 19:00:00,61,340,,164,46,104,47,271,,324,332,,85
2018-05-04 20:00:00,44,342,,213,80,103,40,267,,321,334,,101
2018-05-04 21:00:00,73,331,,120,76,179,42,270,,311,316,,100
2018-05-04 22:00:00,160,335,,118,90,198,39,260,,314,320,,107
2018-05-04 23:00:00,149,342,,116,96,112,60,268,,305,282,,94
2018-05-05 00:00:00,113,352,,130,53,105,51,275,,315,302,,74
2018-05-05 01:00:00,106,350,,174,41,107,71,264,,321,333,,85
2018-05-05 02:00:00,76,342,,143,64,90,48,273,,328,332,,89
2018-05-05 03:00:00,102,327,,118,66,87,60,278,,317,329,,80
2018-05-05 04:00:00,134,314,,137,319,69,28,283,,317,331,,88
2018-05-05 05:00:00,251,304,,202,275,49,271,300,,341,349,,185
2018-05-05 06:00:00,164,329,,17,264,50,84,108,,327,353,,201
2018-05-05 07:00:00,99,324,,179,256,48,52,273,,333,314,,88
2018-05-05 08:00:00,35,309,,269,261,34,46,281,,321,324,,74
2018-05-05 09:00:00,68,301,,325,282,32,32,282,,323,334,,59
2018-05-05 10:00:00,19,307,,264,285,9,31,280,,318,332,,68
2018-05-05 11:00:00,42,324,,264,279,22,16,292,,323,336,,87
2018-05-05 12:00:00,54,328,,188,284,101,82,285,,318,341,,108
2018-05-05 13:00:00,78,330,,98,82,107,82,296,,305,314,,103
2018-05-05 14:00:00,20,8,,145,74,78,48,290,,299,314,,110
2018-05-05 15:00:00,340,14,,153,84,93,72,265,,297,351,,121
2018-05-05 16:00:00,128,36,,133,73,103,125,290,,81,276,,105
2018-05-05 17:00:00,153,97,,145,95,103,143,300,,61,266,,96
2018-05-05 18:00:00,156,133,,131,101,104,150,182,,217,258,,109
2018-05-05 19:00:00,143,155,,117,116,118,208,110,,233,250,,111
2018-05-05 20:00:00,169,179,,100,98,136,260,96,,241,268,,107
2018-05-05 21:00:00,13,205,,84,92,123,271,125,,332,281,,112
2018-05-05 22:00:00,37,237,,106,72,182,267,108,,284,274,,128
2018-05-05 23:00:00,195,237,,92,129,96,278,123,,298,322,,103
2018-05-06 00:00:00,231,222,,81,110,98,258,120,,358,,,74
2018-05-06 01:00:00,181,293,,117,54,92,324,222,,311,346,,141
2018-05-06 02:00:00,246,304,,337,317,84,20,236,,321,320,,200
2018-05-06 03:00:00,226,275,,229,230,88,277,214,,302,289,,217
2018-05-06 04:00:00,228,330,,227,231,88,14,126,,253,309,,199
2018-05-06 05:00:00,265,271,,260,233,91,14,244,,279,316,,105
2018-05-06 06:00:00,277,228,,260,253,81,262,202,,277,312,,227
2018-05-06 07:00:00,50,356,,233,295,64,291,229,,297,350,,187
2018-05-06 08:00:00,235,357,,15,293,65,339,157,,313,270,,108
2018-05-06 09:00:00,108,79,,135,347,71,84,324,,5,282,,105
2018-05-06 10:00:00,34,85,,97,41,67,68,322,,53,192,,100
2018-05-06 11:00:00,32,28,,112,60,78,76,331,,71,146,,100
2018-05-06 12:00:00,82,81,,84,63,93,105,329,,129,138,,77
2018-05-06 13:00:00,75,112,,85,54,95,108,81,,127,150,,81
2018-05-06 14:00:00,79,102,,100,67,97,129,80,,143,162,,74
2018-05-06 15:00:00,57,99,,92,71,96,119,111,,119,123,,75
2018-05-06 16:00:00,103,93,,93,75,107,124,126,,116,136,,88
2018-05-06 17:00:00,145,99,,96,62,107,137,95,,126,160,,87
2018-05-06 18:00:00,141,114,,94,67,111,151,112,,154,157,,86
2018-05-06 19:00:00,142,117,,95,71,106,152,125,,146,153,,97
2018-05-06 20:00:00,147,118,,100,73,100,156,102,,134,121,,70
2018-05-06 21:00:00,130,99,,99,70,112,142,114,,134,114,,70
2018-05-06 22:00:00,103,106,,87,51,106,133,106,,174,118,,68
2018-05-06 23:00:00,137,113,,93,61,93,139,108,,169,160,,69
2018-05-07 00:00:00,151,100,,93,88,90,158,125,,133,130,,86
2018-05-07 01:00:00,124,93,,125,162,93,82,105,,109,118,,152
2018-05-07 02:00:00,74,39,,217,167,99,71,155,,67,63,,147
2018-05-07 03:00:00,69,46,,234,81,96,69,252,,55,74,,103
2018-05-07 04:00:00,81,48,,252,41,99,72,258,,26,62,,113
2018-05-07 05:00:00,16,25,,241,69,101,90,274,,349,335,,104
2018-05-07 06:00:00,282,29,,220,61,115,49,238,,30,349,,187
2018-05-07 07:00:00,179,37,,251,269,82,29,238,,46,133,,173
2018-05-07 08:00:00,51,42,,267,287,86,78,275,,115,108,,83
2018-05-07 09:00:00,15,346,,286,43,82,69,315,,164,173,,82
2018-05-07 10:00:00,13,14,,261,34,58,86,310,,101,134,,82
2018-05-07 11:00:00,52,25,,74,45,77,62,317,,109,155,,67
2018-05-07 12:00:00,74,104,,108,62,100,93,36,,135,166,,63
2018-05-07 13:00:00,86,104,,110,57,108,115,55,,140,128,,76
2018-05-07 14:00:00,60,104,,78,54,112,123,79,,97,76,,89
2018-05-07 15:00:00,76,98,,87,67,94,142,54,,107,86,,71
2018-05-07 16:00:00,76,102,,89,65,104,125,55,,117,94,,51
2018-05-07 17:00:00,100,115,,86,63,102,134,64,,136,108,,52
2018-05-07 18:00:00,143,119,,88,59,99,143,56,,161,136,,74
2018-05-07 19:00:00,132,121,,91,67,94,144,71,,147,159,,69
2018-05-07 20:00:00,141,116,,96,62,120,149,104,,166,149,,69
2018-05-07 21:00:00,123,101,,91,60,107,136,120,,175,128,,56
2018-05-07 22:00:00,114,105,,90,57,99,133,108,,177,152,,67
2018-05-07 23:00:00,125,97,,87,57,76,130,108,,130,153,,69
2018-05-08 00:00:00,114,102,,87,65,36,140,108,,165,150,,95
2018-05-08 01:00:00,118,87,,100,121,38,147,107,,116,99,,113
2018-05-08 02:00:00,54,28,,180,160,79,55,129,,66,43,,165
2018-05-08 03:00:00,345,345,,227,165,122,53,155,,255,28,,173
2018-05-08 04:00:00,356,23,,241,225,117,58,175,,331,348,,205
2018-05-08 05:00:00,284,36,,243,219,116,42,234,,353,9,,191
2018-05-08 06:00:00,306,353,,254,228,90,15,216,,246,288,,176
2018-05-08 07:00:00,308,35,,259,230,94,15,181,,269,307,,201
2018-05-08 08:00:00,24,5,,263,241,81,2,288,,312,333,,281
2018-05-08 09:00:00,21,348,,278,281,82,56,311,,352,26,,222
2018-05-08 10:00:00,17,15,,132,23,66,43,326,,17,22,,62
2018-05-08 11:00:00,41,83,,92,45,67,75,34,,91,111,,76
2018-05-08 12:00:00,76,102,,112,41,78,94,96,,124,148,,71
2018-05-08 13:00:00,59,92,,78,61,77,108,67,,127,153,,70
2018-05-08 14:00:00,73,97,,89,61,76,126,62,,128,156,,50
2018-05-08 15:00:00,84,93,,88,55,92,128,89,,115,142,,36
2018-05-08 16:00:00,113,96,,90,56,93,135,85,,131,143,,62
2018-05-08 17:00:00,133,104,,82,56,97,137,81,,118,130,,68
2018-05-08 18:00:00,117,98,,88,54,108,137,78,,117,124,,68
2018-05-08 19:00:00,95,103,,87,60,108,133,76,,119,125,,75
2018-05-08 20:00:00,103,100,,85,59,110,141,101,,122,124,,68
2018-05-08 21:00:00,140,110,,89,62,111,132,120,,156,125,,66
2018-05-08 22:00:00,112,93,,86,68,96,125,95,,127,130,,65
2018-05-08 23:00:00,83,96,,86,51,105,129,62,,120,127,,58
2018-05-09 00:00:00,69,101,,93,66,100,125,92,,126,132,,68
2018-05-09 01:00:00,67,94,,111,80,103,117,134,,109,116,,70
2018-05-09 02:00:00,64,75,,120,114,94,94,197,,87,113,,95
2018-05-09 03:00:00,62,61,,137,85,80,84,229,,89,100,,100
2018-05-09 04:00:00,82,89,,135,47,96,101,249,,96,97,,95
2018-05-09 05:00:00,303,59,,121,49,99,94,229,,105,124,,150
2018-05-09 06:00:00,33,61,,235,237,60,95,210,,132,170,,161
2018-05-09 07:00:00,31,28,,226,98,51,43,224,,128,54,,175
2018-05-09 08:00:00,22,5,,224,86,63,42,282,,93,56,,73
2018-05-09 09:00:00,17,45,,197,38,48,60,317,,101,143,,71
2018-05-09 10:00:00,20,60,,162,36,108,72,324,,102,171,,64
2018-05-09 11:00:00,59,104,,90,44,74,54,62,,113,169,,66
2018-05-09 12:00:00,57,117,,103,43,78,100,106,,163,174,,58
2018-05-09 13:00:00,62,98,,81,55,90,116,109,,147,141,,56
2018-05-09 14:00:00,49,95,,85,63,106,125,105,,129,135,,42
2018-05-09 15:00:00,101,95,,88,62,106,124,91,,141,139,,38
2018-05-09 16:00:00,140,105,,81,57,111,133,96,,136,144,,65
2018-05-09 17:00:00,144,110,,85,50,114,135,100,,136,139,,73
2018-05-09 18:00:00,150,104,,84,51,109,137,96,,128,141,,75
2018-05-09 19:00:00,125,102,,85,55,112,132,79,,130,135,,85
2018-05-09 20:00:00,127,104,,89,58,111,141,112,,124,134,,70
2018-05-09 21:00:00,142,112,,91,58,108,139,127,,149,128,,67
2018-05-09 22:00:00,96,103,,86,65,112,132,95,,128,135,,63
2018-05-09 23:00:00,88,103,,86,55,90,135,86,,128,129,,53
2018-05-10 00:00:00,76,99,,84,62,100,128,78,,125,128,,59
2018-05-10 01:00:00,67,88,,90,64,89,125,84,,113,111,,65
2018-05-10 02:00:00,66,87,,108,59,102,120,107,,103,97,,95
2018-05-10 03:00:00,52,87,,100,97,99,87,151,,94,90,,100
2018-05-10 04:00:00,48,83,,82,61,96,85,211,,101,74,,99
2018-05-10 05:00:00,55,98,,103,55,36,101,301,,131,115,,99
2018-05-10 06:00:00,27,108,,114,56,38,93,310,,114,136,,90
2018-05-10 07:00:00,39,77,,124,63,34,90,305,,94,89,,96
2018-05-10 08:00:00,85,111,,123,56,30,103,314,,121,138,,91
2018-05-10 09:00:00,67,97,,115,48,38,89,312,,103,149,,69
2018-05-10 10:00:00,72,85,,87,42,47,93,303,,133,183,,83
2018-05-10 11:00:00,55,87,,65,62,76,77,61,,97,159,,91
2018-05-10 12:00:00,51,95,,81,64,97,78,64,,124,196,,80
2018-05-10 13:00:00,64,100,,74,63,99,109,74,,151,153,,64
2018-05-10 14:00:00,119,101,,82,61,91,131,82,,154,153,,63
2018-05-10 15:00:00,121,118,,89,51,103,140,103,,154,165,,83
2018-05-10 16:00:00,140,114,,87,58,103,141,119,,145,138,,86
2018-05-10 17:00:00,150,105,,86,56,103,141,121,,149,162,,88
2018-05-10 18:00:00,159,115,,90,59,113,141,96,,154,173,,86
2018-05-10 19:00:00,144,114,,89,60,105,,114,,158,163,,78
2018-05-10 20:00:00,143,115,,91,67,116,146,100,,152,157,,67
2018-05-10 21:00:00,119,112,,93,61,124,140,114,,146,140,,66
2018-05-10 22:00:00,98,95,,90,67,114,132,97,,119,121,,63
2018-05-10 23:00:00,99,103,,89,49,109,132,80,,142,139,,54
2018-05-11 00:00:00,98,98,,84,64,107,132,109,,133,135,,61
2018-05-11 01:00:00,57,93,,91,60,82,119,130,,117,118,,67
2018-05-11 02:00:00,43,78,,106,110,84,93,193,,111,96,,100
2018-05-11 03:00:00,50,90,,79,101,80,82,214,,100,103,,99
2018-05-11 04:00:00,67,95,,112,77,86,100,223,,176,121,,93
2018-05-11 05:00:00,66,98,,82,124,87,100,179,,130,101,,86
2018-05-11 06:00:00,71,101,,78,79,86,112,130,,98,117,,81
2018-05-11 07:00:00,17,68,,97,57,58,101,220,,88,96,,103
2018-05-11 08:00:00,35,53,,130,55,56,73,230,,97,124,,106
2018-05-11 09:00:00,56,66,,151,52,49,77,230,,116,141,,107
2018-05-11 10:00:00,75,78,,68,48,67,83,277,,110,159,,78
2018-05-11 11:00:00,350,80,,141,40,91,50,299,,149,176,,73
2018-05-11 12:00:00,,122,,53,52,103,64,317,,132,175,,76
2018-05-11 13:00:00,81,100,,108,55,112,103,341,,139,162,,64
2018-05-11 14:00:00,68,95,,105,54,93,107,85,,142,170,,68
2018-05-11 15:00:00,67,96,,88,62,100,127,92,,146,168,,60
2018-05-11 16:00:00,72,98,,86,61,101,123,103,,150,147,,50
2018-05-11 17:00:00,149,107,,84,63,112,133,105,,150,154,,55
2018-05-11 18:00:00,154,106,,84,57,118,138,111,,157,177,,68
2018-05-11 19:00:00,148,120,,89,51,115,141,118,,165,175,,71
2018-05-11 20:00:00,148,125,,98,60,111,161,120,,185,187,,66
2018-05-11 21:00:00,122,117,,109,95,98,207,125,,204,169,,97
2018-05-11 22:00:00,133,106,,105,91,96,149,104,,127,127,,116
2018-05-11 23:00:00,86,104,,89,93,92,134,108,,147,143,,126
2018-05-12 00:00:00,107,92,,85,86,94,122,109,,129,135,,108
2018-05-12 01:00:00,79,95,,112,114,106,105,116,,110,123,,93
2018-05-12 02:00:00,47,71,,133,118,98,86,112,,100,112,,109
2018-05-12 03:00:00,59,61,,110,54,94,82,231,,97,115,,106
2018-05-12 04:00:00,46,37,,228,77,110,71,252,,91,83,,111
2018-05-12 05:00:00,72,54,,201,106,129,80,261,,84,74,,93
2018-05-12 06:00:00,15,39,,205,75,56,74,267,,49,62,,83
2018-05-12 07:00:00,21,4,,210,112,43,68,304,,75,88,,163
2018-05-12 08:00:00,19,28,,238,77,48,55,308,,86,117,,146
2018-05-12 09:00:00,351,47,,242,70,73,46,310,,85,179,,88
2018-05-12 10:00:00,356,60,,225,24,99,51,305,,94,121,,64
2018-05-12 11:00:00,18,26,,243,30,98,55,313,,180,75,,84
2018-05-12 12:00:00,21,36,,164,46,87,69,301,,250,120,,79
2018-05-12 13:00:00,27,67,,119,54,96,77,308,,98,166,,71
2018-05-12 14:00:00,75,87,,90,55,89,98,309,,115,169,,63
2018-05-12 15:00:00,59,98,,85,59,91,81,97,,141,168,,67
2018-05-12 16:00:00,71,102,,98,63,103,132,106,,149,169,,62
2018-05-12 17:00:00,68,108,,88,64,112,125,98,,151,175,,58
2018-05-12 18:00:00,125,113,,83,67,118,138,102,,169,178,,53
2018-05-12 19:00:00,153,132,,92,64,114,151,101,,169,185,,77
2018-05-12 20:00:00,151,124,,116,69,97,203,116,,193,201,,70
2018-05-12 21:00:00,135,114,,106,61,94,208,132,,196,194,,74
2018-05-12 22:00:00,132,96,,105,65,95,220,103,,135,125,,109
2018-05-12 23:00:00,84,98,,91,72,84,133,107,,125,130,,109
2018-05-13 00:00:00,111,99,,86,55,85,129,100,,137,139,,61
2018-05-13 01:00:00,73,97,,89,51,83,130,102,,120,130,,60
2018-05-13 02:00:00,60,91,,84,66,73,131,118,,107,123,,68
2018-05-13 03:00:00,80,95,,88,67,81,124,112,,110,120,,76
2018-05-13 04:00:00,81,101,,96,76,85,131,103,,122,121,,86
2018-05-13 05:00:00,63,95,,95,72,77,125,116,,123,120,,83
2018-05-13 06:00:00,63,93,,84,89,86,126,122,,123,125,,99
2018-05-13 07:00:00,56,97,,121,100,73,98,111,,122,159,,109
2018-05-13 08:00:00,48,68,,123,91,81,82,206,,96,122,,85
2018-05-13 09:00:00,48,91,,148,88,84,73,109,,95,128,,81
2018-05-13 10:00:00,53,92,,165,71,97,97,65,,98,150,,68
2018-05-13 11:00:00,61,89,,75,71,100,104,87,,110,155,,62
2018-05-13 12:00:00,76,95,,79,68,104,127,76,,131,156,,61
2018-05-13 13:00:00,84,95,,88,64,111,136,100,,136,156,,63
2018-05-13 14:00:00,83,101,,88,57,84,118,84,,135,159,,55
2018-05-13 15:00:00,97,105,,90,55,89,124,100,,138,156,,79
2018-05-13 16:00:00,147,109,,91,61,114,147,106,,146,156,,82
2018-05-13 17:00:00,155,122,,91,71,99,149,101,,162,168,,84
2018-05-13 18:00:00,151,120,,96,65,88,144,110,,163,185,,76
2018-05-13 19:00:00,135,116,,109,79,90,158,107,,162,176,,64
2018-05-13 20:00:00,132,112,,106,63,87,168,104,,164,184,,70
2018-05-13 21:00:00,116,116,,92,57,273,130,129,,197,181,,58
2018-05-13 22:00:00,121,102,,111,61,63,161,98,,135,129,,72
2018-05-13 23:00:00,86,97,,87,56,102,132,70,,120,127,,60
2018-05-14 00:00:00,86,95,,85,58,86,129,71,,117,122,,55
2018-05-14 01:00:00,72,100,,84,49,79,125,63,,116,121,,62
2018-05-14 02:00:00,57,101,,108,49,127,106,117,,149,122,,93
2018-05-14 03:00:00,61,100,,109,75,113,108,136,,126,121,,90
2018-05-14 04:00:00,73,102,,110,55,120,96,169,,120,132,,93
2018-05-14 05:00:00,81,101,,117,60,96,139,118,,111,117,,89
2018-05-14 06:00:00,87,107,,103,56,244,136,119,,128,125,,91
2018-05-14 07:00:00,68,94,,101,67,289,127,118,,117,124,,95
2018-05-14 08:00:00,79,101,,83,65,68,138,117,,113,123,,77
2018-05-14 09:00:00,48,91,,75,69,64,131,110,,116,126,,83
2018-05-14 10:00:00,26,58,,75,92,87,91,102,,116,134,,84
2018-05-14 11:00:00,51,72,,90,76,83,105,104,,115,123,,94
2018-05-14 12:00:00,32,96,,104,68,102,86,102,,103,81,,70
2018-05-14 13:00:00,57,99,,96,66,91,101,105,,155,151,,62
2018-05-14 14:00:00,77,106,,89,63,93,130,87,,154,153,,63
2018-05-14 15:00:00,124,102,,78,56,91,128,98,,154,151,,63
2018-05-14 16:00:00,143,112,,91,57,116,135,110,,145,154,,90
2018-05-14 17:00:00,145,117,,89,54,143,142,98,,155,176,,80
2018-05-14 18:00:00,122,113,,84,52,128,142,101,,159,177,,64
2018-05-14 19:00:00,123,113,,83,51,124,135,103,,162,178,,61
2018-05-14 20:00:00,134,118,,92,45,93,147,103,,184,182,,69
2018-05-14 21:00:00,128,109,,89,76,103,132,133,,129,125,,77
2018-05-14 22:00:00,99,99,,86,61,95,121,84,,139,146,,61
2018-05-14 23:00:00,117,74,,79,49,93,104,107,,107,104,,65
2018-05-15 00:00:00,38,55,,104,61,91,71,157,,73,70,,85
2018-05-15 01:00:00,50,63,,97,91,95,83,299,,67,54,,84
2018-05-15 02:00:00,81,79,,83,74,94,94,239,,94,19,,78
2018-05-15 03:00:00,91,113,,118,86,95,148,191,,125,209,,99
2018-05-15 04:00:00,283,111,,106,76,96,152,112,,156,190,,99
2018-05-15 05:00:00,70,104,,112,54,99,126,116,,170,176,,97
2018-05-15 06:00:00,347,92,,133,83,77,67,135,,183,318,,188
2018-05-15 07:00:00,59,85,,125,58,66,98,144,,84,66,,97
2018-05-15 08:00:00,48,98,,122,72,63,101,87,,104,123,,89
2018-05-15 09:00:00,72,60,,124,61,71,68,302,,179,213,,85
2018-05-15 10:00:00,22,52,,91,42,83,73,331,,139,106,,54
2018-05-15 11:00:00,59,77,,80,54,94,76,330,,132,145,,67
2018-05-15 12:00:00,46,104,,102,53,107,90,19,,139,145,,59
2018-05-15 13:00:00,67,79,,77,58,99,90,41,,121,159,,53
2018-05-15 14:00:00,66,96,,90,60,93,121,55,,126,153,,55
2018-05-15 15:00:00,78,99,,81,65,109,128,58,,142,159,,48
2018-05-15 16:00:00,103,111,,85,73,110,139,87,,167,166,,56
2018-05-15 17:00:00,125,111,,92,56,100,140,95,,154,159,,87
2018-05-15 18:00:00,153,111,,87,58,86,143,98,,148,163,,84
2018-05-15 19:00:00,156,116,,91,57,96,146,129,,144,170,,79
2018-05-15 20:00:00,131,113,,88,65,88,138,111,,162,161,,70
2018-05-15 21:00:00,138,105,,95,54,99,140,112,,147,124,,58
2018-05-15 22:00:00,95,98,,86,54,100,127,106,,125,132,,67
2018-05-15 23:00:00,55,96,,87,52,100,124,105,,121,124,,84
2018-05-16 00:00:00,74,96,,87,67,94,118,88,,113,105,,80
2018-05-16 01:00:00,60,90,,94,76,86,123,113,,118,117,,69
2018-05-16 02:00:00,69,88,,97,65,85,124,116,,124,112,,77
2018-05-16 03:00:00,72,82,,79,77,81,103,123,,105,100,,82
2018-05-16 04:00:00,51,92,,78,56,75,101,113,,153,138,,79
2018-05-16 05:00:00,78,81,,177,70,85,92,131,,147,144,,85
2018-05-16 06:00:00,111,79,,138,81,98,109,210,,126,119,,62
2018-05-16 07:00:00,55,79,,90,26,68,84,223,,90,89,,87
2018-05-16 08:00:00,75,99,,71,46,82,90,234,,132,173,,101
2018-05-16 09:00:00,65,89,,129,23,89,5,287,,202,235,,65
2018-05-16 10:00:00,45,11,,231,11,90,54,313,,23,341,,55
2018-05-16 11:00:00,61,24,,81,37,84,85,316,,67,132,,75
2018-05-16 12:00:00,66,94,,71,60,81,85,31,,138,182,,68
2018-05-16 13:00:00,70,101,,94,64,82,108,45,,156,176,,55
2018-05-16 14:00:00,83,120,,88,71,71,148,59,,155,181,,60
2018-05-16 15:00:00,78,119,,93,64,101,137,70,,158,170,,52
2018-05-16 16:00:00,112,113,,89,63,98,131,100,,163,162,,79
2018-05-16 17:00:00,123,109,,87,54,90,148,96,,165,163,,91
2018-05-16 18:00:00,134,113,,91,52,111,162,73,,159,156,,91
2018-05-16 19:00:00,147,113,,96,62,99,154,85,,148,154,,85
2018-05-16 20:00:00,142,116,,94,69,101,146,98,,141,149,,71
2018-05-16 21:00:00,135,115,,92,69,87,144,127,,183,163,,61
2018-05-16 22:00:00,141,112,,106,60,79,170,130,,131,147,,72
2018-05-16 23:00:00,134,88,,95,56,69,144,122,,109,123,,137
2018-05-17 00:00:00,58,92,,88,82,107,121,124,,131,117,,117
2018-05-17 01:00:00,31,76,,120,82,99,91,118,,121,106,,126
2018-05-17 02:00:00,44,80,,257,120,89,79,178,,90,77,,111
2018-05-17 03:00:00,52,66,,225,89,78,89,256,,84,67,,97
2018-05-17 04:00:00,64,60,,151,58,66,98,266,,65,61,,92
2018-05-17 05:00:00,60,32,,163,64,67,93,239,,61,52,,86
2018-05-17 06:00:00,347,32,,179,58,82,58,226,,12,49,,152
2018-05-17 07:00:00,30,62,,197,106,101,55,253,,37,184,,131
2018-05-17 08:00:00,1,30,,193,63,103,43,306,,61,16,,65
2018-05-17 09:00:00,34,4,,248,13,104,54,312,,33,35,,74
2018-05-17 10:00:00,51,36,,196,35,99,66,314,,38,271,,86
2018-05-17 11:00:00,68,57,,116,43,107,89,62,,106,161,,74
2018-05-17 12:00:00,63,97,,80,63,87,98,70,,144,155,,65
2018-05-17 13:00:00,62,102,,84,58,88,126,51,,145,160,,59
2018-05-17 14:00:00,89,104,,84,49,87,126,86,,148,158,,50
2018-05-17 15:00:00,132,109,,87,57,86,134,89,,146,149,,68
2018-05-17 16:00:00,133,103,,89,56,92,139,76,,145,142,,62
2018-05-17 17:00:00,126,104,,89,53,100,141,77,,144,152,,71
2018-05-17 18:00:00,115,106,,90,55,105,149,78,,142,157,,72
2018-05-17 19:00:00,118,108,,94,58,105,158,101,,147,166,,62
2018-05-17 20:00:00,123,117,,95,57,111,151,92,,168,170,,59
2018-05-17 21:00:00,122,122,,107,62,111,192,98,,187,175,,59
2018-05-17 22:00:00,124,104,,111,54,117,167,104,,129,130,,71
2018-05-17 23:00:00,90,89,,97,61,115,115,102,,113,114,,88
2018-05-18 00:00:00,60,91,,109,66,107,100,121,,125,121,,101
2018-05-18 01:00:00,44,81,,79,90,107,90,126,,129,117,,114
2018-05-18 02:00:00,37,79,,112,106,93,90,222,,122,130,,104
2018-05-18 03:00:00,20,,,72,75,89,79,111,,115,120,,109
2018-05-18 04:00:00,59,49,,275,56,71,78,249,,94,112,,99
2018-05-18 05:00:00,70,72,,141,75,51,86,259,,119,114,,91
2018-05-18 06:00:00,64,48,,177,86,41,101,264,,67,110,,92
2018-05-18 07:00:00,43,51,,211,55,28,70,259,,67,56,,83
2018-05-18 08:00:00,35,42,,209,51,4,58,298,,77,104,,87
2018-05-18 09:00:00,56,46,,203,47,319,70,307,,116,151,,73
2018-05-18 10:00:00,50,63,,205,37,339,85,307,,124,167,,76
2018-05-18 11:00:00,81,98,,121,48,94,89,319,,148,145,,77
2018-05-18 12:00:00,77,108,,92,53,85,98,62,,136,148,,72
2018-05-18 13:00:00,52,106,,84,61,82,117,73,,156,158,,64
2018-05-18 14:00:00,90,105,,85,59,83,135,96,,144,147,,49
2018-05-18 15:00:00,135,107,,89,53,82,137,93,,153,145,,65
2018-05-18 16:00:00,145,111,,92,54,92,143,96,,158,166,,68
2018-05-18 17:00:00,148,119,,91,62,107,149,111,,163,177,,66
2018-05-18 18:00:00,149,129,,107,60,100,175,108,,171,182,,68
2018-05-18 19:00:00,132,116,,111,60,106,182,90,,163,171,,61
2018-05-18 20:00:00,134,111,,,58,105,152,100,,157,152,,61
2018-05-18 21:00:00,137,101,,90,54,121,134,96,,139,134,,69
2018-05-18 22:00:00,138,97,,84,51,124,125,100,,128,131,,64
2018-05-18 23:00:00,140,98,,84,53,134,131,101,,124,124,,59
2018-05-19 00:00:00,107,88,,79,73,98,124,105,,115,120,,65
2018-05-19 01:00:00,51,89,,93,76,100,106,120,,107,102,,76
2018-05-19 02:00:00,41,90,,122,88,104,78,174,,125,89,,112
2018-05-19 03:00:00,52,99,,84,57,87,94,163,,146,84,,108
2018-05-19 04:00:00,8,93,,94,93,91,73,127,,145,100,,101
2018-05-19 05:00:00,356,93,,177,118,320,72,126,,101,313,,100
2018-05-19 06:00:00,24,86,,270,132,25,75,218,,102,10,,94
2018-05-19 07:00:00,21,74,,72,114,359,75,273,,85,112,,107
2018-05-19 08:00:00,12,94,,228,75,325,71,307,,107,170,,94
2018-05-19 09:00:00,34,109,,202,67,326,60,311,,102,258,,109
2018-05-19 10:00:00,33,96,,122,52,322,99,321,,109,298,,78
2018-05-19 11:00:00,37,93,,75,56,93,120,67,,113,323,,74
2018-05-19 12:00:00,39,97,,84,57,71,122,50,,129,159,,70
2018-05-19 13:00:00,51,102,,75,58,85,128,41,,133,149,,63
2018-05-19 14:00:00,59,101,,87,58,99,125,75,,148,173,,64
2018-05-19 15:00:00,82,103,,86,56,102,126,104,,164,173,,50
2018-05-19 16:00:00,142,119,,83,49,114,148,89,,169,187,,78
2018-05-19 17:00:00,150,127,,95,57,107,156,108,,169,200,,74
2018-05-19 18:00:00,135,128,,107,65,114,162,88,,174,194,,64
2018-05-19 19:00:00,129,122,,106,66,111,159,104,,161,183,,64
2018-05-19 20:00:00,137,102,,93,62,106,129,128,,110,118,,66
2018-05-19 21:00:00,103,96,,87,64,112,129,101,,111,119,,70
2018-05-19 22:00:00,98,93,,86,56,106,119,89,,106,121,,66
2018-05-19 23:00:00,84,93,,85,53,136,114,108,,123,118,,70
2018-05-20 00:00:00,78,92,,82,56,143,121,64,,117,103,,60
2018-05-20 01:00:00,86,97,,77,61,106,118,56,,125,110,,59
2018-05-20 02:00:00,76,94,,78,60,90,123,80,,121,125,,56
2018-05-20 03:00:00,84,95,,86,61,83,127,88,,125,127,,58
2018-05-20 04:00:00,74,95,,85,62,41,131,133,,114,114,,62
2018-05-20 05:00:00,77,95,,84,60,31,115,88,,109,119,,68
2018-05-20 06:00:00,74,,,85,60,297,123,114,,108,111,,76
2018-05-20 07:00:00,84,93,,86,66,318,117,76,,116,135,,81
2018-05-20 08:00:00,89,97,,84,59,313,122,112,,119,151,,67
2018-05-20 09:00:00,86,93,,78,60,101,126,103,,110,124,,70
2018-05-20 10:00:00,78,99,,87,62,112,135,97,,134,165,,68
2018-05-20 11:00:00,74,106,,84,62,81,130,66,,172,185,,76
2018-05-20 12:00:00,73,110,,87,62,104,132,63,,184,216,,75
2018-05-20 13:00:00,134,114,,93,57,99,135,126,,183,188,,79
2018-05-20 14:00:00,119,111,,113,58,100,189,97,,119,225,,60
2018-05-20 15:00:00,116,112,,97,63,109,135,87,,183,229,,60
2018-05-20 16:00:00,120,121,,98,54,113,139,90,,200,225,,66
2018-05-20 17:00:00,141,108,,88,51,121,118,99,,170,201,,82
2018-05-20 18:00:00,127,106,,84,47,111,121,98,,125,195,,67
2018-05-20 19:00:00,119,109,,82,50,116,116,103,,186,264,,80
2018-05-20 20:00:00,146,110,,83,41,118,135,164,,226,308,,86
2018-05-20 21:00:00,253,299,,122,102,121,352,190,,247,291,,128
2018-05-20 22:00:00,23,31,,45,72,116,70,169,,78,65,,75
2018-05-20 23:00:00,31,88,,93,78,121,79,53,,119,75,,80
2018-05-21 00:00:00,64,148,,79,76,112,110,102,,203,250,,93
2018-05-21 01:00:00,74,101,,181,117,97,107,123,,195,268,,90
2018-05-21 02:00:00,82,136,,104,79,99,197,100,,192,319,,82
2018-05-21 03:00:00,104,113,,95,92,94,123,171,,242,318,,89
2018-05-21 04:00:00,17,117,,101,63,63,105,165,,307,312,,97
2018-05-21 05:00:00,105,133,,106,72,43,171,105,,201,303,,101
2018-05-21 06:00:00,119,128,,101,81,38,186,113,,222,288,,147
2018-05-21 07:00:00,179,289,,184,156,330,299,121,,168,114,,234
2018-05-21 08:00:00,107,69,,197,160,338,64,76,,118,127,,81
2018-05-21 09:00:00,54,53,,97,56,32,92,307,,96,109,,88
2018-05-21 10:00:00,62,87,,93,67,46,100,320,,111,136,,84
2018-05-21 11:00:00,61,83,,87,69,84,103,47,,107,127,,79
2018-05-21 12:00:00,78,96,,87,63,88,119,54,,98,131,,55
2018-05-21 13:00:00,85,94,,83,52,110,132,57,,102,140,,67
2018-05-21 14:00:00,95,83,,86,52,96,137,67,,111,133,,74
2018-05-21 15:00:00,112,103,,91,75,105,154,118,,116,135,,90
2018-05-21 16:00:00,161,125,,116,83,98,184,146,,132,143,,86
2018-05-21 17:00:00,149,142,,123,81,96,214,114,,140,137,,82
2018-05-21 18:00:00,142,117,,108,66,103,165,120,,132,141,,81
2018-05-21 19:00:00,150,117,,102,68,109,155,120,,131,119,,73
2018-05-21 20:00:00,127,97,,94,68,108,139,112,,113,123,,71
2018-05-21 21:00:00,132,107,,93,66,117,138,101,,156,144,,66
2018-05-21 22:00:00,120,98,,88,56,114,122,102,,130,129,,60
2018-05-21 23:00:00,108,100,,87,55,113,137,98,,127,129,,62
2018-05-22 00:00:00,80,98,,92,56,119,135,95,,131,139,,64
2018-05-22 01:00:00,81,100,,94,59,106,143,101,,127,134,,61
2018-05-22 02:00:00,82,97,,97,60,87,141,93,,123,129,,73
2018-05-22 03:00:00,110,99,,93,57,89,142,88,,123,130,,73
2018-05-22 04:00:00,100,103,,94,60,82,131,96,,121,119,,75
2018-05-22 05:00:00,83,96,,93,54,81,137,102,,98,99,,75
2018-05-22 06:00:00,64,76,,88,64,30,111,118,,90,78,,71
2018-05-22 07:00:00,60,65,,80,57,312,107,122,,90,84,,83
2018-05-22 08:00:00,59,68,,78,56,41,93,185,,88,92,,79
2018-05-22 09:00:00,71,70,,76,57,82,95,157,,99,105,,66
2018-05-22 10:00:00,88,86,,76,56,63,103,115,,103,122,,56
2018-05-22 11:00:00,88,99,,86,54,77,125,100,,110,130,,52
2018-05-22 12:00:00,88,116,,107,63,102,126,82,,127,130,,55
2018-05-22 13:00:00,76,100,,92,60,108,122,82,,85,64,,54
2018-05-22 14:00:00,81,96,,84,52,93,137,81,,89,115,,58
2018-05-22 15:00:00,83,112,,95,56,86,154,99,,179,137,,57
2018-05-22 16:00:00,113,113,,91,54,89,138,81,,177,127,,69
2018-05-22 17:00:00,120,96,,89,53,103,142,88,,136,130,,73
2018-05-22 18:00:00,113,98,,89,55,95,149,88,,124,126,,68
2018-05-22 19:00:00,110,100,,89,61,98,150,108,,116,125,,64
2018-05-22 20:00:00,102,101,,86,57,100,139,102,,125,130,,57
2018-05-22 21:00:00,90,109,,86,55,108,133,96,,128,120,,56
2018-05-22 22:00:00,88,99,,88,57,97,139,97,,115,117,,56
2018-05-22 23:00:00,84,99,,85,51,100,134,85,,119,124,,58
2018-05-23 00:00:00,83,99,,87,49,100,131,77,,123,126,,62
2018-05-23 01:00:00,71,101,,88,49,119,126,70,,121,130,,60
2018-05-23 02:00:00,72,93,,85,50,102,117,75,,107,100,,60
2018-05-23 03:00:00,69,89,,88,53,89,132,79,,109,94,,61
2018-05-23 04:00:00,66,77,,79,54,70,115,75,,109,96,,62
2018-05-23 05:00:00,73,81,,84,48,67,110,84,,101,92,,53
2018-05-23 06:00:00,61,90,,93,49,27,109,106,,111,83,,71
2018-05-23 07:00:00,65,67,,74,65,33,90,128,,90,68,,77
2018-05-23 08:00:00,58,51,,97,65,49,87,135,,106,91,,78
2018-05-23 09:00:00,60,81,,74,66,51,90,130,,166,109,,71
2018-05-23 10:00:00,68,98,,71,66,50,101,128,,140,117,,87
2018-05-23 11:00:00,70,94,,75,69,75,117,124,,115,116,,77
2018-05-23 12:00:00,65,97,,69,64,75,107,112,,142,128,,58
2018-05-23 13:00:00,72,103,,73,61,67,124,77,,214,162,,61
2018-05-23 14:00:00,78,104,,82,66,109,123,81,,168,177,,60
2018-05-23 15:00:00,114,103,,86,67,97,132,102,,164,188,,65
2018-05-23 16:00:00,135,119,,90,65,100,139,97,,189,197,,72
2018-05-23 17:00:00,127,110,,88,64,104,137,107,,188,189,,63
2018-05-23 18:00:00,128,111,,83,51,103,134,103,,192,200,,72
2018-05-23 19:00:00,128,111,,84,52,107,139,99,,181,200,,59
2018-05-23 20:00:00,113,115,,102,62,106,143,106,,155,171,,58
2018-05-23 21:00:00,117,92,,99,62,104,122,115,,124,134,,71
2018-05-23 22:00:00,88,95,,88,59,95,127,108,,118,118,,63
2018-05-23 23:00:00,87,102,,84,59,101,119,108,,132,129,,60
2018-05-24 00:00:00,116,101,,87,57,109,131,95,,156,150,,64
2018-05-24 01:00:00,72,90,,88,61,103,122,112,,107,110,,78
2018-05-24 02:00:00,54,76,,98,58,91,109,121,,111,106,,98
2018-05-24 03:00:00,67,67,,99,69,76,86,180,,110,107,,105
2018-05-24 04:00:00,72,67,,85,81,88,88,290,,82,81,,101
2018-05-24 05:00:00,51,71,,82,88,86,90,300,,87,76,,91
2018-05-24 06:00:00,72,83,,86,85,86,105,311,,103,87,,84
2018-05-24 07:00:00,82,92,,88,57,98,123,120,,126,102,,80
2018-05-24 08:00:00,81,101,,93,63,97,128,122,,150,133,,82
2018-05-24 09:00:00,48,105,,94,63,84,113,108,,141,163,,76
2018-05-24 10:00:00,65,118,,84,81,105,104,105,,169,172,,101
2018-05-24 11:00:00,81,112,,94,98,107,115,136,,210,223,,67
2018-05-24 12:00:00,69,105,,91,80,90,108,90,,152,194,,57
2018-05-24 13:00:00,70,93,,102,58,88,115,94,,152,190,,54
2018-05-24 14:00:00,65,90,,87,53,89,110,81,,137,163,,49
2018-05-24 15:00:00,73,100,,74,54,93,115,65,,130,135,,42
2018-05-24 16:00:00,96,112,,77,58,96,136,63,,130,152,,61
2018-05-24 17:00:00,130,107,,80,64,98,137,64,,137,140,,94
2018-05-24 18:00:00,129,110,,77,65,96,143,76,,129,144,,82
2018-05-24 19:00:00,124,109,,80,65,98,140,80,,125,145,,74
2018-05-24 20:00:00,117,103,,80,66,101,146,100,,132,147,,67
2018-05-24 21:00:00,138,115,,81,68,101,139,99,,178,146,,64
2018-05-24 22:00:00,124,117,,83,65,85,141,105,,197,178,,67
2018-05-24 23:00:00,114,102,,85,66,96,133,129,,134,141,,73
2018-05-25 00:00:00,104,105,,78,121,,131,101,,137,150,,85
2018-05-25 01:00:00,127,91,,86,65,107,127,107,,89,110,,117
2018-05-25 02:00:00,58,91,,108,80,106,99,125,,118,115,,121
2018-05-25 03:00:00,44,81,,84,102,71,88,188,,129,107,,102
2018-05-25 04:00:00,52,71,,212,119,70,94,230,,105,110,,86
2018-05-25 05:00:00,64,57,,202,147,81,67,243,,42,44,,83
2018-05-25 06:00:00,114,4,,242,109,70,78,244,,1,27,,77
2018-05-25 07:00:00,81,17,,229,64,51,47,225,,355,323,,174
2018-05-25 08:00:00,27,8,,240,320,340,42,279,,16,343,,133
2018-05-25 09:00:00,13,4,,237,6,20,36,308,,24,335,,68
2018-05-25 10:00:00,22,351,,141,37,37,45,317,,36,307,,79
2018-05-25 11:00:00,60,73,,179,58,38,77,28,,69,149,,69
2018-05-25 12:00:00,67,95,,101,62,74,110,71,,139,158,,63
2018-05-25 13:00:00,61,106,,87,71,93,121,59,,149,164,,55
2018-05-25 14:00:00,63,105,,86,63,92,123,52,,158,145,,51
2018-05-25 15:00:00,70,108,,93,63,98,127,61,,146,156,,48
2018-05-25 16:00:00,86,106,,94,64,107,125,53,,149,168,,40
2018-05-25 17:00:00,111,117,,88,65,105,133,53,,143,149,,75
2018-05-25 18:00:00,132,115,,88,56,98,150,65,,137,138,,84
2018-05-25 19:00:00,122,107,,85,61,104,145,79,,127,136,,79
2018-05-25 20:00:00,122,110,,86,67,110,141,95,,139,148,,71
2018-05-25 21:00:00,136,118,,89,56,106,144,110,,198,178,,64
2018-05-25 22:00:00,147,127,,103,69,98,169,128,,202,178,,92
2018-05-25 23:00:00,146,110,,106,67,105,223,110,,138,122,,138
2018-05-26 00:00:00,82,93,,87,146,111,126,126,,137,118,,148
2018-05-26 01:00:00,51,77,,95,90,102,92,116,,98,112,,106
2018-05-26 02:00:00,65,86,,259,89,91,87,109,,93,103,,94
2018-05-26 03:00:00,41,92,,220,139,90,86,244,,82,96,,102
2018-05-26 04:00:00,82,67,,157,75,78,109,272,,352,26,,83
2018-05-26 05:00:00,259,357,,209,58,64,229,234,,354,339,,221
2018-05-26 06:00:00,333,14,,233,251,47,64,225,,359,352,,116
2018-05-26 07:00:00,292,358,,233,303,40,301,211,,335,323,,182
2018-05-26 08:00:00,314,322,,263,282,351,317,204,,321,331,,316
2018-05-26 09:00:00,1,333,,262,331,336,349,336,,345,360,,287
2018-05-26 10:00:00,31,333,,63,7,334,38,321,,348,9,,84
2018-05-26 11:00:00,65,64,,134,25,93,291,61,,114,227,,88
2018-05-26 12:00:00,73,86,,127,39,94,97,105,,127,151,,74
2018-05-26 13:00:00,84,91,,87,48,90,113,59,,143,161,,59
2018-05-26 14:00:00,72,105,,88,55,94,129,55,,143,154,,48
2018-05-26 15:00:00,79,111,,90,50,92,140,56,,142,154,,50
2018-05-26 16:00:00,91,117,,86,56,108,136,53,,158,161,,56
2018-05-26 17:00:00,117,114,,,59,108,138,54,,143,141,,68
2018-05-26 18:00:00,129,114,,,52,107,141,63,,132,138,,72
2018-05-26 19:00:00,132,111,,,62,110,150,82,,130,145,,71
2018-05-26 20:00:00,133,113,,,49,112,139,113,,149,132,,63
2018-05-26 21:00:00,128,105,,,66,121,145,128,,191,159,,56
2018-05-26 22:00:00,140,110,,,84,95,171,122,,204,210,,111
2018-05-26 23:00:00,143,121,,,120,105,264,105,,161,147,,162
2018-05-27 00:00:00,170,100,,,152,112,161,103,,135,125,,193
2018-05-27 01:00:00,122,95,,,164,43,114,126,,188,128,,125
2018-05-27 02:00:00,28,71,,,112,32,85,106,,98,130,,148
2018-05-27 03:00:00,31,41,,,98,75,74,105,,74,112,,109
2018-05-27 04:00:00,49,23,,,48,86,92,227,,27,46,,102
2018-05-27 05:00:00,44,47,,,58,86,80,217,,82,334,,168
2018-05-27 06:00:00,333,315,,,274,76,18,252,,332,6,,229
2018-05-27 07:00:00,293,345,,,243,81,8,230,,21,344,,244
2018-05-27 08:00:00,5,294,,,85,38,341,288,,330,333,,68
2018-05-27 09:00:00,301,335,,,15,40,311,337,,348,16,,37
2018-05-27 10:00:00,34,30,,,17,34,64,77,,68,64,,75
2018-05-27 11:00:00,70,81,,125,41,98,90,81,,119,137,,76
2018-05-27 12:00:00,66,94,,104,55,91,98,87,,143,158,,73
2018-05-27 13:00:00,72,108,,90,59,96,124,67,,149,152,,51
2018-05-27 14:00:00,75,101,,89,59,105,131,80,,146,148,,51
2018-05-27 15:00:00,113,115,,94,54,115,137,68,,152,159,,76
2018-05-27 16:00:00,128,119,,92,54,115,151,80,,145,152,,71
2018-05-27 17:00:00,129,120,,94,61,115,155,61,,141,146,,69
2018-05-27 18:00:00,124,119,,96,61,118,151,72,,146,154,,73
2018-05-27 19:00:00,106,118,,96,68,117,153,83,,147,151,,77
2018-05-27 20:00:00,141,119,,101,68,102,155,108,,160,152,,73
2018-05-27 21:00:00,151,116,,105,65,105,188,124,,175,152,,64
2018-05-27 22:00:00,145,110,,102,55,105,161,102,,144,165,,59
2018-05-27 23:00:00,133,108,,90,54,113,136,113,,134,142,,58
2018-05-28 00:00:00,117,91,,93,65,94,125,116,,121,120,,66
2018-05-28 01:00:00,47,81,,117,87,104,96,171,,109,117,,103
2018-05-28 02:00:00,39,69,,78,109,91,82,232,,108,111,,106
2018-05-28 03:00:00,58,81,,245,72,109,85,253,,112,128,,96
2018-05-28 04:00:00,61,44,,170,56,98,88,221,,109,126,,92
2018-05-28 05:00:00,62,41,,192,72,108,84,225,,31,38,,94
2018-05-28 06:00:00,48,33,,204,65,61,67,236,,30,26,,138
2018-05-28 07:00:00,12,357,,234,29,327,45,231,,359,5,,218
2018-05-28 08:00:00,355,336,,263,302,25,44,296,,18,38,,257
2018-05-28 09:00:00,20,330,,270,8,43,51,310,,336,7,,62
2018-05-28 10:00:00,27,40,,54,46,47,48,23,,33,197,,82
2018-05-28 11:00:00,37,100,,110,61,47,101,97,,110,157,,76
2018-05-28 12:00:00,125,105,,86,52,87,138,80,,135,150,,55
2018-05-28 13:00:00,119,103,,90,47,84,137,69,,135,149,,63
2018-05-28 14:00:00,115,119,,89,48,92,134,59,,117,137,,65
2018-05-28 15:00:00,115,112,,87,52,106,138,51,,120,148,,71
2018-05-28 16:00:00,92,105,,92,53,111,138,56,,118,139,,68
2018-05-28 17:00:00,83,103,,90,55,104,146,59,,119,131,,67
2018-05-28 18:00:00,94,103,,88,56,94,137,58,,128,141,,67
2018-05-28 19:00:00,88,107,,88,58,100,135,70,,131,141,,74
2018-05-28 20:00:00,118,109,,88,60,102,143,94,,141,135,,68
2018-05-28 21:00:00,135,114,,,62,108,141,112,,188,167,,62
2018-05-28 22:00:00,140,109,,94,69,99,140,116,,155,139,,62
2018-05-28 23:00:00,117,100,,93,77,107,138,100,,140,132,,69
2018-05-29 00:00:00,101,98,,85,76,103,136,104,,156,132,,71
2018-05-29 01:00:00,78,92,,100,107,85,116,111,,122,125,,77
2018-05-29 02:00:00,52,81,,120,116,101,92,125,,108,114,,89
2018-05-29 03:00:00,51,61,,203,83,91,78,234,,111,112,,95
2018-05-29 04:00:00,63,48,,215,49,92,84,262,,107,111,,101
2018-05-29 05:00:00,82,57,,182,32,88,79,271,,43,66,,84
2018-05-29 06:00:00,8,48,,208,52,3,69,264,,16,29,,87
2018-05-29 07:00:00,5,37,,231,341,307,48,260,,87,129,,98
2018-05-29 08:00:00,24,11,,205,23,347,44,301,,73,212,,66
2018-05-29 09:00:00,38,19,,202,45,47,49,313,,41,181,,68
2018-05-29 10:00:00,38,344,,210,33,51,49,310,,92,169,,81
2018-05-29 11:00:00,44,108,,145,41,106,83,325,,130,152,,82
2018-05-29 12:00:00,73,95,,106,56,109,108,90,,145,151,,76
2018-05-29 13:00:00,55,101,,98,62,90,124,90,,136,130,,65
2018-05-29 14:00:00,65,99,,85,66,88,118,61,,142,141,,58
2018-05-29 15:00:00,64,101,,86,59,96,128,74,,139,145,,42
2018-05-29 16:00:00,88,104,,87,54,104,130,59,,128,135,,36
2018-05-29 17:00:00,111,103,,86,56,103,131,55,,123,138,,62
2018-05-29 18:00:00,97,101,,86,56,94,135,67,,128,145,,67
2018-05-29 19:00:00,111,103,,86,57,95,136,74,,126,144,,71
2018-05-29 20:00:00,124,104,,,58,91,136,92,,133,157,,70
2018-05-29 21:00:00,142,106,,90,57,112,136,92,,170,162,,70
2018-05-29 22:00:00,142,98,,97,56,130,135,112,,124,133,,75
2018-05-29 23:00:00,75,97,,85,68,99,125,116,,129,129,,68
2018-05-30 00:00:00,55,93,,109,65,96,115,101,,134,128,,110
2018-05-30 01:00:00,67,96,,130,93,84,111,108,,136,117,,100
2018-05-30 02:00:00,47,92,,132,49,54,99,204,,105,114,,112
2018-05-30 03:00:00,81,81,,129,48,51,106,227,,91,82,,94
2018-05-30 04:00:00,69,56,,147,51,38,93,260,,97,66,,95
2018-05-30 05:00:00,68,54,,178,87,73,86,261,,99,89,,93
2018-05-30 06:00:00,12,55,,221,12,87,86,294,,105,92,,79
2018-05-30 07:00:00,9,47,,210,98,81,98,246,,72,38,,117
2018-05-30 08:00:00,84,11,,218,67,43,112,267,,100,111,,70
2018-05-30 09:00:00,55,27,,238,43,15,70,309,,89,159,,69
2018-05-30 10:00:00,58,28,,154,21,52,72,311,,101,166,,76
2018-05-30 11:00:00,62,59,,103,41,81,84,314,,133,169,,74
2018-05-30 12:00:00,69,64,,72,52,101,91,313,,139,186,,77
2018-05-30 13:00:00,74,93,,77,53,103,89,325,,149,180,,74
2018-05-30 14:00:00,76,104,,89,53,94,110,91,,162,167,,73
2018-05-30 15:00:00,58,100,,96,58,107,115,69,,148,147,,70
2018-05-30 16:00:00,76,104,,88,60,106,129,66,,142,143,,47
2018-05-30 17:00:00,127,107,,87,52,115,137,72,,135,149,,61
2018-05-30 18:00:00,114,108,,88,52,112,133,95,,146,146,,67
2018-05-30 19:00:00,120,109,,88,57,115,143,109,,150,156,,70
2018-05-30 20:00:00,127,108,,91,57,117,137,92,,154,161,,61
2018-05-30 21:00:00,139,100,,93,65,104,120,98,,139,132,,58
2018-05-30 22:00:00,107,94,,90,65,98,119,108,,117,119,,66
2018-05-30 23:00:00,62,96,,87,53,101,118,110,,133,125,,69
2018-05-31 00:00:00,73,91,,85,62,104,117,114,,150,126,,82
2018-05-31 01:00:00,46,78,,67,88,87,100,121,,127,120,,98
2018-05-31 02:00:00,32,80,,113,105,108,97,138,,112,119,,114
2018-05-31 03:00:00,52,80,,76,52,83,100,207,,101,108,,107
2018-05-31 04:00:00,65,64,,89,86,99,83,169,,100,116,,94
2018-05-31 05:00:00,69,84,,81,91,91,91,124,,94,98,,74
2018-05-31 06:00:00,59,63,,67,66,79,85,120,,93,83,,78
2018-05-31 07:00:00,81,94,,99,74,75,101,133,,102,107,,76
2018-05-31 08:00:00,89,95,,114,49,55,122,100,,112,134,,102
2018-05-31 09:00:00,69,93,,111,12,41,108,73,,103,132,,75
2018-05-31 10:00:00,70,56,,180,41,70,85,314,,91,97,,60
2018-05-31 11:00:00,67,88,,69,57,49,79,335,,110,150,,63
2018-05-31 12:00:00,71,93,,74,53,,96,60,,154,137,,70
2018-05-31 13:00:00,68,93,,86,57,86,105,66,,146,143,,61
2018-05-31 14:00:00,61,99,,85,58,95,127,56,,144,153,,60
2018-05-31 15:00:00,69,104,,84,53,97,133,63,,139,151,,44
2018-05-31 16:00:00,89,108,,85,53,100,131,60,,125,128,,63
2018-05-31 17:00:00,95,101,,88,56,115,132,70,,129,140,,68
2018-05-31 18:00:00,108,105,,87,58,101,133,72,,134,145,,66
2018-05-31 19:00:00,116,98,,87,55,108,137,78,,128,152,,76
2018-05-31 20:00:00,129,114,,89,57,113,134,98,,152,162,,73
2018-05-31 21:00:00,137,104,,93,53,105,127,97,,164,153,,70
2018-05-31 22:00:00,141,98,,93,54,109,112,106,,118,122,,67
2018-05-31 23:00:00,109,91,,88,65,99,118,102,,116,123,,84
2018-06-01 00:00:00,,,,,,87,,,,,,,
2018-06-01 01:00:00,64,93,,93,73,81,127,122,,137,126,,
2018-06-01 02:00:00,42,82,,104,109,81,99,124,,118,125,,
2018-06-01 03:00:00,35,86,,84,104,92,86,156,,113,118,,
2018-06-01 04:00:00,43,79,,266,63,80,93,246,,106,114,,
2018-06-01 05:00:00,55,80,,114,70,72,93,265,,102,122,,
2018-06-01 06:00:00,82,90,,148,78,69,94,258,,111,94,,
2018-06-01 07:00:00,33,57,,168,42,80,78,244,,78,86,,
2018-06-01 08:00:00,21,12,,260,346,96,38,297,,354,20,,
2018-06-01 09:00:00,24,26,,74,9,114,46,302,,46,345,,
2018-06-01 10:00:00,55,,,114,47,84,42,308,,3,204,,
2018-06-01 11:00:00,69,2,,117,42,97,74,328,,118,185,,
2018-06-01 12:00:00,77,76,,125,50,104,84,17,,141,139,,
2018-06-01 13:00:00,77,93,,93,55,101,98,63,,159,149,,
2018-06-01 14:00:00,62,99,,91,50,106,121,59,,156,142,,
2018-06-01 15:00:00,109,110,,92,53,97,141,77,,136,135,,
2018-06-01 16:00:00,113,100,,92,57,98,143,80,,129,136,,
2018-06-01 17:00:00,107,101,,91,56,103,140,73,,123,136,,
2018-06-01 18:00:00,96,99,,89,58,107,139,75,,127,145,,
2018-06-01 19:00:00,115,109,,92,57,109,141,83,,146,160,,
2018-06-01 20:00:00,136,114,,97,61,110,140,94,,165,158,,
2018-06-01 21:00:00,131,102,,100,63,108,131,101,,140,130,,
2018-06-01 22:00:00,95,102,,90,73,107,131,103,,128,128,,
2018-06-01 23:00:00,70,100,,88,61,94,128,92,,139,136,,
2018-06-02 00:00:00,80,93,,87,70,99,127,128,,113,121,,
2018-06-02 01:00:00,64,85,,89,103,112,114,121,,120,121,,
2018-06-02 02:00:00,56,91,,117,104,113,91,101,,120,126,,
2018-06-02 03:00:00,34,85,,90,95,105,87,88,,120,126,,
2018-06-02 04:00:00,29,92,,92,80,121,84,188,,124,127,,
2018-06-02 05:00:00,38,107,,126,84,113,100,216,,141,125,,
2018-06-02 06:00:00,10,109,,169,67,99,106,218,,180,86,,
2018-06-02 07:00:00,10,96,,206,91,69,122,240,,318,41,,
2018-06-02 08:00:00,351,23,,246,350,75,46,287,,52,50,,
2018-06-02 09:00:00,11,4,,253,339,87,61,311,,356,29,,
2018-06-02 10:00:00,33,27,,304,53,69,68,317,,33,90,,
2018-06-02 11:00:00,31,35,,202,34,92,80,325,,91,128,,
2018-06-02 12:00:00,90,84,,114,50,106,95,59,,134,162,,
2018-06-02 13:00:00,68,98,,92,63,107,117,70,,145,146,,
2018-06-02 14:00:00,66,98,,83,59,109,125,53,,146,152,,
2018-06-02 15:00:00,108,110,,90,58,105,134,70,,141,137,,
2018-06-02 16:00:00,121,104,,92,50,105,148,82,,141,142,,
2018-06-02 17:00:00,108,107,,91,52,113,145,73,,131,143,,
2018-06-02 18:00:00,98,106,,89,55,120,139,73,,126,155,,
2018-06-02 19:00:00,105,104,,90,56,110,139,80,,137,159,,
2018-06-02 20:00:00,112,113,,91,54,100,148,107,,155,162,,
2018-06-02 21:00:00,127,124,,102,59,93,173,107,,184,151,,
2018-06-02 22:00:00,122,96,,111,58,103,162,119,,119,126,,
2018-06-02 23:00:00,54,105,,87,55,95,128,132,,121,126,,
2018-06-03 00:00:00,31,82,,96,81,81,99,117,,168,130,,
2018-06-03 01:00:00,19,53,,204,125,98,70,125,,110,86,,
2018-06-03 02:00:00,38,35,,229,124,92,84,235,,99,85,,
2018-06-03 03:00:00,66,71,,215,72,93,93,265,,115,126,,
2018-06-03 04:00:00,62,77,,258,70,98,97,230,,75,129,,
2018-06-03 05:00:00,31,57,,182,91,93,87,209,,79,162,,
2018-06-03 06:00:00,75,59,,200,90,80,86,235,,103,142,,
2018-06-03 07:00:00,82,48,,199,80,66,51,173,,107,271,,
2018-06-03 08:00:00,45,22,,192,55,69,61,301,,76,90,,
2018-06-03 09:00:00,68,352,,188,54,26,54,312,,4,354,,
2018-06-03 10:00:00,30,3,,204,40,48,52,313,,335,52,,
2018-06-03 11:00:00,39,29,,110,60,75,78,338,,76,155,,
2018-06-03 12:00:00,67,96,,99,60,108,103,47,,136,162,,
2018-06-03 13:00:00,84,111,,88,59,108,139,52,,142,158,,
2018-06-03 14:00:00,100,104,,93,53,105,156,72,,146,148,,
2018-06-03 15:00:00,127,122,,90,60,108,138,99,,148,139,,
2018-06-03 16:00:00,132,121,,89,56,102,140,77,,129,126,,
2018-06-03 17:00:00,131,115,,90,60,102,143,79,,135,133,,
2018-06-03 18:00:00,125,120,,99,68,96,150,84,,132,134,,
2018-06-03 19:00:00,128,106,,96,69,105,142,81,,125,135,,
2018-06-03 20:00:00,132,107,,99,72,103,145,106,,130,133,,
2018-06-03 21:00:00,145,111,,90,72,109,138,119,,128,134,,
2018-06-03 22:00:00,136,118,,88,55,114,132,102,,149,136,,
2018-06-03 23:00:00,98,107,,88,49,108,136,86,,129,121,,
2018-06-04 00:00:00,90,92,,89,50,105,120,126,,114,121,,
2018-06-04 01:00:00,56,77,,108,70,100,101,128,,103,122,,
2018-06-04 02:00:00,42,71,,97,80,111,83,179,,90,107,,
2018-06-04 03:00:00,50,85,,95,83,97,95,203,,98,112,,
2018-06-04 04:00:00,31,78,,67,86,94,84,226,,99,84,,
2018-06-04 05:00:00,40,103,,100,84,91,94,266,,95,83,,
2018-06-04 06:00:00,183,118,,161,102,97,153,230,,37,315,,
2018-06-04 07:00:00,307,28,,245,287,95,318,192,,88,269,,
2018-06-04 08:00:00,23,8,,244,272,75,44,306,,30,49,,
2018-06-04 09:00:00,35,355,,216,30,86,51,307,,,354,,
2018-06-04 10:00:00,41,323,,99,38,69,63,308,,331,14,,
2018-06-04 11:00:00,16,13,,185,34,80,68,14,,100,164,,
2018-06-04 12:00:00,66,75,,106,60,88,91,45,,120,155,,
2018-06-04 13:00:00,69,94,,87,51,91,116,54,,146,145,,
2018-06-04 14:00:00,80,109,,91,60,100,137,55,,134,125,,
2018-06-04 15:00:00,91,114,,92,61,106,130,78,,128,135,,
2018-06-04 16:00:00,136,104,,93,61,99,148,79,,122,140,,
2018-06-04 17:00:00,120,110,,92,53,113,150,70,,131,137,,
2018-06-04 18:00:00,105,98,,93,57,103,140,75,,124,137,,
2018-06-04 19:00:00,101,106,,88,57,112,139,77,,126,143,,
2018-06-04 20:00:00,112,103,,89,61,108,145,90,,135,158,,
2018-06-04 21:00:00,158,115,,95,66,89,142,104,,172,139,,
2018-06-04 22:00:00,135,104,,100,59,98,148,111,,123,133,,
2018-06-04 23:00:00,82,101,,85,57,99,131,119,,123,119,,
2018-06-05 00:00:00,66,95,,89,60,106,119,137,,166,140,,
2018-06-05 01:00:00,33,98,,78,105,116,83,143,,147,128,,
2018-06-05 02:00:00,50,96,,243,147,124,103,218,,,117,,
2018-06-05 03:00:00,23,71,,33,85,128,84,163,,115,121,,
2018-06-05 04:00:00,32,80,,247,81,92,93,245,,115,126,,
2018-06-05 05:00:00,47,64,,143,41,84,112,223,,82,118,,
2018-06-05 06:00:00,323,38,,225,263,95,85,227,,28,145,,
2018-06-05 07:00:00,1,14,,235,250,93,44,240,,29,33,,
2018-06-05 08:00:00,8,340,,227,3,87,48,291,,24,30,,
2018-06-05 09:00:00,39,349,,219,34,82,51,305,,31,48,,
2018-06-05 10:00:00,47,9,,260,22,89,67,313,,6,46,,
2018-06-05 11:00:00,61,38,,208,43,85,93,316,,102,137,,
2018-06-05 12:00:00,53,98,,88,67,90,98,330,,105,161,,
2018-06-05 13:00:00,80,93,,96,54,88,116,41,,136,162,,
2018-06-05 14:00:00,65,98,,86,51,106,115,60,,141,146,,
2018-06-05 15:00:00,69,106,,84,49,101,122,48,,140,138,,
2018-06-05 16:00:00,115,117,,88,48,99,137,69,,144,138,,
2018-06-05 17:00:00,125,108,,87,51,102,135,82,,137,148,,
2018-06-05 18:00:00,129,100,,84,55,89,138,89,,144,142,,
2018-06-05 19:00:00,116,98,,83,51,101,122,107,,124,134,,
2018-06-05 20:00:00,124,99,,85,58,92,134,110,,126,142,,
2018-06-05 21:00:00,115,120,,83,57,115,128,125,,195,173,,
2018-06-05 22:00:00,137,125,,100,66,86,179,131,,212,140,,
2018-06-05 23:00:00,,87,,80,127,108,180,99,,125,106,,
2018-06-06 00:00:00,47,98,,106,147,79,108,89,,170,126,,
2018-06-06 01:00:00,22,87,,118,109,99,80,183,,184,156,,
2018-06-06 02:00:00,15,30,,240,74,106,80,108,,106,120,,
2018-06-06 03:00:00,70,47,,223,112,87,86,271,,67,104,,
2018-06-06 04:00:00,99,65,,189,79,86,91,269,,23,33,,
2018-06-06 05:00:00,71,61,,196,80,89,90,254,,82,79,,
2018-06-06 06:00:00,75,77,,223,83,91,93,245,,114,119,,
2018-06-06 07:00:00,49,102,,212,64,96,98,251,,199,259,,
2018-06-06 08:00:00,35,46,,275,45,93,37,307,,105,302,,
2018-06-06 09:00:00,32,356,,292,27,65,36,314,,72,19,,
2018-06-06 10:00:00,23,,,19,42,71,55,316,,54,75,,
2018-06-06 11:00:00,39,27,,216,45,82,78,314,,74,67,,
2018-06-06 12:00:00,69,90,,125,76,90,86,307,,80,119,,
2018-06-06 13:00:00,80,102,,105,71,106,120,49,,112,160,,
2018-06-06 14:00:00,67,104,,93,66,103,124,55,,,144,,
2018-06-06 15:00:00,86,111,,101,67,83,146,60,,141,153,,
2018-06-06 16:00:00,102,110,,101,70,103,150,50,,151,157,,
2018-06-06 17:00:00,135,111,,104,76,124,154,54,,143,159,,
2018-06-06 18:00:00,117,117,,95,65,,147,55,,149,156,,
2018-06-06 19:00:00,100,119,,94,64,114,154,64,,151,158,,
2018-06-06 20:00:00,115,115,,92,65,107,148,103,,151,157,,
2018-06-06 21:00:00,161,105,,95,68,109,150,114,,182,141,,
2018-06-06 22:00:00,154,96,,102,59,96,163,111,,125,125,,
2018-06-06 23:00:00,95,100,,91,47,56,132,89,,123,134,,
2018-06-07 00:00:00,88,99,,91,60,359,132,72,,124,131,,
2018-06-07 01:00:00,77,94,,88,58,12,125,81,,115,114,,
2018-06-07 02:00:00,48,90,,94,56,56,103,119,,117,116,,
2018-06-07 03:00:00,65,87,,65,70,81,111,101,,106,112,,
2018-06-07 04:00:00,66,89,,86,65,78,124,135,,108,133,,
2018-06-07 05:00:00,87,78,,73,62,99,98,205,,94,73,,
2018-06-07 06:00:00,105,82,,81,64,90,112,201,,88,115,,
2018-06-07 07:00:00,80,61,,95,111,79,88,223,,109,104,,
2018-06-07 08:00:00,59,58,,148,24,69,93,266,,102,133,,
2018-06-07 09:00:00,49,34,,112,57,87,79,297,,55,5,,
2018-06-07 10:00:00,32,22,,165,43,109,77,302,,50,57,,
2018-06-07 11:00:00,59,15,,102,42,90,77,304,,44,108,,
2018-06-07 12:00:00,45,63,,95,54,87,80,333,,108,145,,
2018-06-07 13:00:00,81,91,,91,70,89,105,46,,139,152,,
2018-06-07 14:00:00,61,100,,91,59,90,131,59,,131,148,,
2018-06-07 15:00:00,91,105,,90,62,100,138,78,,149,160,,
2018-06-07 16:00:00,106,105,,93,59,100,145,91,,140,142,,
2018-06-07 17:00:00,136,109,,94,66,107,136,79,,135,151,,
2018-06-07 18:00:00,132,114,,98,64,107,159,86,,141,159,,
2018-06-07 19:00:00,119,114,,104,63,105,168,89,,145,142,,
2018-06-07 20:00:00,128,109,,101,69,106,153,100,,129,140,,
2018-06-07 21:00:00,140,111,,89,72,101,138,85,,144,150,,
2018-06-07 22:00:00,106,98,,84,46,103,133,88,,126,138,,
2018-06-07 23:00:00,81,98,,90,52,103,135,87,,122,121,,
2018-06-08 00:00:00,61,89,,86,62,104,117,78,,111,118,,
2018-06-08 01:00:00,70,93,,80,55,91,115,92,,98,106,,
2018-06-08 02:00:00,68,93,,86,49,88,124,88,,101,105,,
2018-06-08 03:00:00,63,92,,90,49,88,128,101,,110,118,,
2018-06-08 04:00:00,66,76,,78,53,92,103,98,,98,112,,
2018-06-08 05:00:00,71,76,,83,57,76,100,112,,105,104,,
2018-06-08 06:00:00,62,68,,97,63,76,99,115,,90,89,,
2018-06-08 07:00:00,72,92,,83,67,66,109,104,,107,117,,
2018-06-08 08:00:00,81,99,,92,74,79,137,87,,131,137,,
2018-06-08 09:00:00,59,103,,81,65,86,114,71,,118,149,,
2018-06-08 10:00:00,48,90,,69,60,88,95,57,,125,139,,
2018-06-08 11:00:00,67,96,,80,67,96,113,53,,138,,,
2018-06-08 12:00:00,85,105,,89,56,88,134,75,,161,147,,
2018-06-08 13:00:00,124,109,,91,52,90,145,85,,136,145,,
2018-06-08 14:00:00,123,107,,93,51,83,148,84,,142,148,,
2018-06-08 15:00:00,126,103,,93,52,95,153,82,,130,134,,
2018-06-08 16:00:00,131,102,,94,63,90,144,92,,130,141,,
2018-06-08 17:00:00,135,103,,97,64,93,,96,,138,151,,
2018-06-08 18:00:00,137,110,,99,67,90,,85,,138,137,,
2018-06-08 19:00:00,126,106,,98,71,103,,76,,132,138,,
2018-06-08 20:00:00,144,112,,93,60,106,,96,,143,145,,
2018-06-08 21:00:00,126,109,,89,58,126,,84,,139,140,,
2018-06-08 22:00:00,127,104,,90,56,111,,97,,130,137,,
2018-06-08 23:00:00,106,98,,89,52,91,,85,,121,126,,
2018-06-09 00:00:00,93,100,,93,61,92,,86,,125,124,,
2018-06-09 01:00:00,109,103,,88,55,94,,93,,122,126,,
2018-06-09 02:00:00,73,99,,84,57,89,,91,,121,129,,
2018-06-09 03:00:00,80,106,,88,61,94,,104,,121,129,,
2018-06-09 04:00:00,66,102,,85,67,90,,131,,119,122,,
2018-06-09 05:00:00,22,104,,87,118,84,,153,,116,119,,
2018-06-09 06:00:00,67,88,,82,91,81,,196,,94,105,,
2018-06-09 07:00:00,75,88,,90,69,86,,200,,95,110,,
2018-06-09 08:00:00,61,88,,86,69,86,92,205,,112,128,,
2018-06-09 09:00:00,61,94,,86,73,84,112,70,,127,172,,
2018-06-09 10:00:00,76,104,,73,73,80,113,55,,141,143,,
2018-06-09 11:00:00,65,120,,83,63,90,120,60,,172,168,,
2018-06-09 12:00:00,51,120,,89,58,93,125,60,,154,163,,
2018-06-09 13:00:00,134,114,,86,54,95,130,79,,141,154,,
2018-06-09 14:00:00,98,123,,92,64,106,150,81,,133,148,,
2018-06-09 15:00:00,130,97,,102,59,105,150,79,,131,148,,
2018-06-09 16:00:00,146,107,,96,72,109,155,85,,131,146,,
2018-06-09 17:00:00,136,113,,102,71,103,167,91,,125,153,,
2018-06-09 18:00:00,147,112,,104,71,99,180,134,,138,134,,
2018-06-09 19:00:00,147,106,,102,68,103,150,117,,123,128,,
2018-06-09 20:00:00,137,99,,90,66,110,150,117,,120,128,,
2018-06-09 21:00:00,134,99,,88,50,103,136,97,,124,127,,
2018-06-09 22:00:00,141,100,,87,44,105,138,105,,123,129,,
2018-06-09 23:00:00,141,94,,86,49,108,139,96,,119,121,,
2018-06-10 00:00:00,99,90,,79,59,98,130,105,,111,120,,
2018-06-10 01:00:00,59,95,,74,65,101,109,101,,115,123,,
2018-06-10 02:00:00,110,96,,78,97,93,108,125,,107,113,,
2018-06-10 03:00:00,68,88,,62,118,83,91,126,,115,111,,
2018-06-10 04:00:00,30,90,,53,91,82,84,153,,130,107,,
2018-06-10 05:00:00,23,73,,74,65,82,84,222,,99,109,,
2018-06-10 06:00:00,28,59,,150,80,85,82,265,,45,108,,
2018-06-10 07:00:00,62,70,,191,63,85,83,253,,86,94,,
2018-06-10 08:00:00,25,83,,251,61,69,98,304,,97,128,,
2018-06-10 09:00:00,38,25,,276,47,67,61,306,,105,171,,
2018-06-10 10:00:00,10,43,,77,48,86,57,311,,335,156,,
2018-06-10 11:00:00,48,90,,98,47,83,80,1,,166,167,,
2018-06-10 12:00:00,54,103,,101,50,104,85,58,,160,164,,
2018-06-10 13:00:00,36,103,,110,53,86,103,78,,168,187,,
2018-06-10 14:00:00,49,111,,103,58,99,117,74,,138,154,,
2018-06-10 15:00:00,60,104,,96,64,99,132,88,,123,140,,
2018-06-10 16:00:00,136,108,,95,61,114,147,72,,138,144,,
2018-06-10 17:00:00,114,104,,90,58,104,130,82,,129,158,,
2018-06-10 18:00:00,125,104,,94,54,97,144,86,,137,153,,
2018-06-10 19:00:00,146,112,,92,58,57,150,99,,143,155,,
2018-06-10 20:00:00,125,109,,93,61,82,145,94,,144,157,,
2018-06-10 21:00:00,137,112,,92,59,110,144,108,,143,154,,
2018-06-10 22:00:00,138,112,,93,68,97,152,106,,132,145,,
2018-06-10 23:00:00,127,105,,88,58,39,144,98,,134,146,,
2018-06-11 00:00:00,101,100,,84,52,41,132,93,,129,142,,
2018-06-11 01:00:00,48,96,,84,71,45,131,70,,131,144,,
2018-06-11 02:00:00,85,99,,96,85,313,138,101,,125,144,,
2018-06-11 03:00:00,33,98,,127,56,307,110,216,,118,143,,
2018-06-11 04:00:00,60,90,,137,70,294,104,248,,105,121,,
2018-06-11 05:00:00,85,93,,112,66,277,112,189,,118,129,,
2018-06-11 06:00:00,70,104,,122,75,282,126,120,,121,128,,
2018-06-11 07:00:00,57,99,,113,68,320,118,154,,115,118,,
2018-06-11 08:00:00,42,54,,169,30,323,99,73,,104,140,,
2018-06-11 09:00:00,66,31,,193,42,351,85,306,,81,123,,
2018-06-11 10:00:00,76,35,,113,39,53,89,310,,95,174,,
2018-06-11 11:00:00,98,91,,124,43,25,74,333,,127,155,,
2018-06-11 12:00:00,64,86,,101,51,55,115,56,,148,137,,
2018-06-11 13:00:00,74,88,,81,56,55,113,56,,124,139,,
2018-06-11 14:00:00,65,99,,83,64,41,116,53,,141,145,,
2018-06-11 15:00:00,111,106,,87,62,341,138,81,,146,159,,
2018-06-11 16:00:00,137,117,,89,52,354,145,95,,168,182,,
2018-06-11 17:00:00,147,114,,89,50,100,146,104,,152,164,,
2018-06-11 18:00:00,154,104,,85,46,97,144,110,,154,160,,
2018-06-11 19:00:00,140,118,,90,57,109,152,103,,151,161,,
2018-06-11 20:00:00,137,123,,92,48,111,158,107,,162,167,,
2018-06-11 21:00:00,132,97,,88,83,101,139,130,,144,146,,
2018-06-11 22:00:00,120,106,,85,83,85,121,121,,109,117,,
2018-06-11 23:00:00,104,95,,83,67,30,128,99,,124,134,,
2018-06-12 00:00:00,88,100,,81,59,79,130,106,,127,144,,
2018-06-12 01:00:00,100,103,,84,80,22,137,118,,138,141,,
2018-06-12 02:00:00,86,101,,76,144,291,131,116,,124,129,,
2018-06-12 03:00:00,35,93,,86,120,298,103,213,,118,125,,
2018-06-12 04:00:00,9,89,,92,78,276,91,210,,114,121,,
2018-06-12 05:00:00,36,88,,77,92,181,96,206,,109,121,,
2018-06-12 06:00:00,56,91,,134,92,171,94,216,,98,119,,
2018-06-12 07:00:00,71,98,,140,81,152,94,255,,94,114,,
2018-06-12 08:00:00,75,98,,100,74,344,99,289,,95,92,,
2018-06-12 09:00:00,56,72,,61,59,22,96,302,,87,85,,
2018-06-12 10:00:00,83,103,,72,62,68,121,335,,116,120,,
2018-06-12 11:00:00,49,97,,71,60,82,117,22,,155,144,,
2018-06-12 12:00:00,75,93,,81,56,80,124,51,,153,160,,
2018-06-12 13:00:00,69,102,,95,59,62,136,58,,148,154,,
2018-06-12 14:00:00,65,103,,93,64,81,132,78,,147,142,,
2018-06-12 15:00:00,118,109,,93,70,104,147,92,,139,150,,
2018-06-12 16:00:00,140,98,,101,60,143,158,101,,135,146,,
2018-06-12 17:00:00,130,105,,86,58,136,151,99,,143,152,,
2018-06-12 18:00:00,137,106,,93,58,125,152,92,,127,141,,
2018-06-12 19:00:00,127,105,,98,64,138,151,82,,127,145,,
2018-06-12 20:00:00,129,96,,90,70,116,138,97,,122,94,,
2018-06-12 21:00:00,87,98,,85,58,120,126,89,,81,74,,
2018-06-12 22:00:00,46,56,,61,56,119,78,91,,98,129,,
2018-06-12 23:00:00,29,95,,89,60,136,85,110,,123,136,,
2018-06-13 00:00:00,83,83,,88,59,112,65,98,,117,126,,
2018-06-13 01:00:00,82,86,,87,68,78,80,90,,121,121,,
2018-06-13 02:00:00,71,91,,83,58,336,102,116,,120,123,,
2018-06-13 03:00:00,79,89,,87,57,2,98,113,,114,123,,
2018-06-13 04:00:00,93,92,,94,55,325,109,104,,118,126,,
2018-06-13 05:00:00,71,90,,89,57,37,124,120,,126,123,,
2018-06-13 06:00:00,109,92,,94,52,69,125,116,,106,119,,
2018-06-13 07:00:00,72,90,,93,58,136,146,112,,95,123,,
2018-06-13 08:00:00,18,79,,98,55,66,115,110,,91,120,,
2018-06-13 09:00:00,34,47,,164,62,97,76,98,,83,94,,
2018-06-13 10:00:00,54,74,,78,70,47,86,330,,118,127,,
2018-06-13 11:00:00,59,84,,71,55,79,102,55,,131,154,,
2018-06-13 12:00:00,77,105,,89,50,120,127,57,,132,154,,
2018-06-13 13:00:00,84,113,,88,55,138,142,60,,137,145,,
2018-06-13 14:00:00,94,106,,91,59,102,151,74,,138,158,,
2018-06-13 15:00:00,129,114,,90,64,134,155,113,,139,150,,
2018-06-13 16:00:00,154,128,,104,72,112,160,100,,168,158,,
2018-06-13 17:00:00,147,120,,105,70,104,176,115,,167,214,,
2018-06-13 18:00:00,149,111,,103,73,75,158,120,,144,227,,
2018-06-13 19:00:00,119,127,,98,76,74,157,92,,182,234,,
2018-06-13 20:00:00,151,100,,97,78,79,148,102,,124,134,,
2018-06-13 21:00:00,138,102,,91,56,77,145,101,,135,144,,
2018-06-13 22:00:00,140,106,,89,49,112,139,95,,150,162,,
2018-06-13 23:00:00,139,58,,76,55,108,89,107,,92,113,,
2018-06-14 00:00:00,37,25,,119,73,116,50,105,,86,74,,
2018-06-14 01:00:00,16,21,,237,120,139,58,112,,98,93,,
2018-06-14 02:00:00,57,81,,103,111,50,81,19,,152,144,,
2018-06-14 03:00:00,57,71,,112,80,349,90,110,,116,127,,
2018-06-14 04:00:00,47,90,,89,65,10,92,104,,118,119,,
2018-06-14 05:00:00,58,81,,92,64,289,114,117,,110,107,,
2018-06-14 06:00:00,49,92,,104,69,106,96,121,,,87,,
2018-06-14 07:00:00,54,94,,97,71,103,79,119,,114,63,,
2018-06-14 08:00:00,25,67,,108,83,77,73,92,,90,105,,
2018-06-14 09:00:00,2,101,,114,80,167,68,104,,124,149,,
2018-06-14 10:00:00,25,104,,93,76,53,115,97,,127,135,,
2018-06-14 11:00:00,107,92,,88,56,58,118,100,,119,129,,
2018-06-14 12:00:00,107,94,,88,48,88,132,95,,120,130,,
2018-06-14 13:00:00,117,94,,88,43,9,131,87,,116,126,,
2018-06-14 14:00:00,92,97,,85,55,287,121,76,,116,127,,
2018-06-14 15:00:00,106,100,,83,56,292,136,87,,118,134,,
2018-06-14 16:00:00,136,106,,88,55,274,137,91,,127,141,,
2018-06-14 17:00:00,143,108,,89,64,287,145,93,,122,138,,
2018-06-14 18:00:00,137,106,,100,75,288,161,96,,127,130,,
2018-06-14 19:00:00,123,108,,97,74,283,157,77,,124,122,,
2018-06-14 20:00:00,103,98,,89,65,353,137,68,,119,122,,
2018-06-14 21:00:00,110,101,,88,61,349,139,81,,134,138,,
2018-06-14 22:00:00,121,106,,89,58,317,141,83,,142,151,,
2018-06-14 23:00:00,130,104,,90,57,69,144,96,,138,149,,
2018-06-15 00:00:00,137,103,,91,58,18,132,87,,129,134,,
2018-06-15 01:00:00,121,95,,91,56,343,140,101,,121,129,,
2018-06-15 02:00:00,85,95,,88,58,257,133,99,,115,121,,
2018-06-15 03:00:00,74,98,,90,53,47,123,108,,123,131,,
2018-06-15 04:00:00,59,83,,99,69,41,115,117,,95,99,,
2018-06-15 05:00:00,62,68,,108,71,6,94,142,,94,87,,
2018-06-15 06:00:00,63,83,,102,70,28,98,271,,108,95,,
2018-06-15 07:00:00,76,94,,76,71,244,112,204,,128,118,,
2018-06-15 08:00:00,66,97,,82,71,87,102,85,,156,130,,
2018-06-15 09:00:00,46,90,,76,71,130,115,86,,152,144,,
2018-06-15 10:00:00,60,101,,86,63,63,116,82,,148,177,,
2018-06-15 11:00:00,49,95,,89,57,62,130,83,,137,136,,
2018-06-15 12:00:00,59,98,,84,46,75,124,68,,145,130,,
2018-06-15 13:00:00,90,92,,85,51,100,131,66,,137,159,,
2018-06-15 14:00:00,90,113,,91,52,75,139,89,,123,139,,
2018-06-15 15:00:00,92,116,,86,54,99,137,61,,140,148,,
2018-06-15 16:00:00,98,106,,93,60,102,137,76,,132,133,,
2018-06-15 17:00:00,106,99,,94,64,112,151,108,,135,136,,
2018-06-15 18:00:00,115,99,,101,65,105,154,101,,139,139,,
2018-06-15 19:00:00,126,114,,99,66,105,156,90,,128,129,,
2018-06-15 20:00:00,140,118,,97,72,95,154,99,,172,169,,
2018-06-15 21:00:00,138,126,,117,62,254,179,101,,182,181,,
2018-06-15 22:00:00,111,111,,97,54,265,149,100,,136,142,,
2018-06-15 23:00:00,105,89,,86,55,148,123,106,,123,125,,
2018-06-16 00:00:00,92,93,,86,46,102,132,90,,114,119,,
2018-06-16 01:00:00,97,100,,91,46,107,134,104,,120,121,,
2018-06-16 02:00:00,89,98,,90,48,80,129,103,,118,126,,
2018-06-16 03:00:00,80,100,,86,54,82,134,106,,118,124,,
2018-06-16 04:00:00,80,94,,87,62,79,133,103,,114,118,,
2018-06-16 05:00:00,65,92,,88,66,74,139,103,,107,116,,
2018-06-16 06:00:00,62,85,,88,76,43,119,98,,105,115,,
2018-06-16 07:00:00,72,95,,102,62,47,122,100,,108,121,,
2018-06-16 08:00:00,92,100,,77,80,70,129,82,,123,130,,
2018-06-16 09:00:00,47,102,,94,71,78,97,127,,154,156,,
2018-06-16 10:00:00,62,98,,86,75,119,102,104,,161,193,,
2018-06-16 11:00:00,78,91,,77,65,114,124,55,,160,213,,
2018-06-16 12:00:00,88,111,,85,63,94,128,82,,187,213,,
2018-06-16 13:00:00,140,117,,88,52,116,136,105,,169,182,,
2018-06-16 14:00:00,146,112,,92,60,92,141,97,,153,159,,
2018-06-16 15:00:00,135,115,,86,67,92,139,90,,157,157,,
2018-06-16 16:00:00,133,105,,94,60,97,146,96,,159,159,,
2018-06-16 17:00:00,142,109,,99,56,91,147,99,,147,141,,
2018-06-16 18:00:00,130,99,,98,60,109,158,105,,112,140,,
2018-06-16 19:00:00,146,114,,93,73,112,153,117,,157,166,,
2018-06-16 20:00:00,138,108,,111,83,106,191,109,,141,151,,
2018-06-16 21:00:00,133,106,,91,55,101,139,102,,133,145,,
2018-06-16 22:00:00,134,104,,90,54,88,134,98,,127,132,,
2018-06-16 23:00:00,139,106,,90,54,97,141,107,,127,131,,
2018-06-17 00:00:00,123,96,,87,54,103,136,96,,126,135,,
2018-06-17 01:00:00,134,101,,90,52,101,137,98,,123,130,,
2018-06-17 02:00:00,109,97,,88,53,100,140,101,,119,124,,
2018-06-17 03:00:00,80,92,,89,58,81,136,106,,109,117,,
2018-06-17 04:00:00,73,94,,86,60,67,127,104,,108,115,,
2018-06-17 05:00:00,76,95,,86,63,71,125,105,,107,115,,
2018-06-17 06:00:00,75,97,,89,76,78,121,130,,102,93,,
2018-06-17 07:00:00,63,93,,86,86,79,110,121,,105,100,,
2018-06-17 08:00:00,63,68,,119,80,66,88,67,,108,111,,
2018-06-17 09:00:00,85,53,,86,62,11,86,323,,94,82,,
2018-06-17 10:00:00,86,71,,80,39,21,92,353,,116,59,,
2018-06-17 11:00:00,79,63,,72,56,55,85,293,,118,188,,
2018-06-17 12:00:00,43,60,,83,46,53,101,263,,75,133,,
2018-06-17 13:00:00,63,64,,73,61,76,106,52,,83,130,,
2018-06-17 14:00:00,94,104,,82,67,90,124,55,,137,172,,
2018-06-17 15:00:00,102,109,,100,74,95,159,111,,162,148,,
2018-06-17 16:00:00,150,123,,99,69,96,145,118,,164,171,,
2018-06-17 17:00:00,139,116,,88,68,103,149,105,,163,133,,
2018-06-17 18:00:00,142,104,,88,67,88,154,117,,162,171,,
2018-06-17 19:00:00,114,43,,75,57,86,108,128,,78,29,,
2018-06-17 20:00:00,105,106,,86,53,89,144,120,,131,157,,
2018-06-17 21:00:00,144,112,,95,55,93,150,102,,189,206,,
2018-06-17 22:00:00,137,91,,109,41,92,203,107,,166,187,,
2018-06-17 23:00:00,114,67,,108,59,96,146,115,,97,81,,
2018-06-18 00:00:00,72,61,,211,92,94,85,130,,94,97,,
2018-06-18 01:00:00,64,73,,225,88,85,87,221,,65,39,,
2018-06-18 02:00:00,61,11,,111,65,84,74,249,,338,331,,
2018-06-18 03:00:00,6,353,,235,45,74,45,241,,47,62,,
2018-06-18 04:00:00,25,22,,248,59,73,50,233,,36,326,,
2018-06-18 05:00:00,2,312,,226,140,83,46,226,,22,315,,
2018-06-18 06:00:00,297,322,,245,251,82,312,225,,25,351,,
2018-06-18 07:00:00,352,332,,257,263,78,39,242,,25,22,,
2018-06-18 08:00:00,22,310,,236,289,71,36,294,,2,19,,
2018-06-18 09:00:00,349,334,,26,290,77,40,300,,5,19,,
2018-06-18 10:00:00,20,345,,268,312,78,45,305,,357,28,,
2018-06-18 11:00:00,54,18,,257,353,90,55,295,,356,36,,
2018-06-18 12:00:00,43,77,,78,45,84,113,298,,56,95,,
2018-06-18 13:00:00,86,64,,65,53,78,110,52,,74,87,,
2018-06-18 14:00:00,74,23,,62,28,86,88,70,,80,140,,
2018-06-18 15:00:00,27,341,,41,66,88,37,147,,291,157,,
2018-06-18 16:00:00,89,13,,301,353,97,43,117,,360,36,,
2018-06-18 17:00:00,95,72,,71,248,127,92,103,,84,76,,
2018-06-18 18:00:00,88,93,,87,61,111,121,94,,159,211,,
2018-06-18 19:00:00,77,104,,79,57,75,106,96,,193,191,,
2018-06-18 20:00:00,140,110,,89,67,60,148,99,,195,166,,
2018-06-18 21:00:00,121,102,,98,61,89,144,118,,135,151,,
2018-06-18 22:00:00,81,71,,73,64,91,107,148,,60,68,,
2018-06-18 23:00:00,58,37,,125,92,107,77,175,,92,351,,
2018-06-19 00:00:00,73,41,,85,100,119,95,112,,62,28,,92
2018-06-19 01:00:00,37,26,,214,191,3,87,195,,104,153,,86
2018-06-19 02:00:00,58,48,,222,246,57,93,226,,179,256,,124
2018-06-19 03:00:00,192,16,,259,270,50,66,197,,230,323,,251
2018-06-19 04:00:00,26,38,,242,279,54,49,151,,273,320,,195
2018-06-19 05:00:00,34,75,,229,248,17,59,123,,221,304,,250
2018-06-19 06:00:00,86,84,,154,233,61,91,101,,223,313,,106
2018-06-19 07:00:00,78,43,,88,108,97,96,146,,270,308,,106
2018-06-19 08:00:00,20,337,,322,24,71,46,293,,51,170,,107
2018-06-19 09:00:00,42,,,201,308,46,57,310,,6,78,,63
2018-06-19 10:00:00,33,353,,148,269,59,55,300,,358,109,,78
2018-06-19 11:00:00,75,358,,116,308,69,82,298,,25,87,,71
2018-06-19 12:00:00,60,23,,66,321,66,90,305,,54,85,,92
2018-06-19 13:00:00,46,28,,247,23,86,63,105,,70,131,,88
2018-06-19 14:00:00,66,37,,82,11,87,87,62,,138,160,,83
2018-06-19 15:00:00,46,106,,72,46,92,101,85,,138,158,,67
2018-06-19 16:00:00,52,162,,97,67,109,128,82,,130,154,,75
2018-06-19 17:00:00,125,137,,117,68,109,209,114,,187,206,,62
2018-06-19 18:00:00,119,,,96,67,,137,109,,227,212,,58
2018-06-19 19:00:00,89,132,,114,60,124,198,106,,145,207,,67
2018-06-19 20:00:00,104,113,,101,67,116,148,102,,190,170,,65
2018-06-19 21:00:00,124,113,,93,57,103,148,107,,163,149,,50
2018-06-19 22:00:00,114,97,,85,54,101,122,95,,191,148,,52
2018-06-19 23:00:00,105,84,,79,63,99,90,117,,195,166,,65
2018-06-20 00:00:00,27,354,,108,115,118,50,206,,17,347,,82
2018-06-20 01:00:00,336,12,,194,330,107,331,215,,1,310,,96
2018-06-20 02:00:00,292,1,,250,290,111,29,166,,111,277,,251
2018-06-20 03:00:00,277,331,,248,317,109,116,217,,231,305,,230
2018-06-20 04:00:00,324,347,,260,222,80,31,116,,327,335,,286
2018-06-20 05:00:00,26,328,,219,199,63,61,130,,287,322,,67
2018-06-20 06:00:00,69,300,,108,240,88,66,164,,322,260,,92
2018-06-20 07:00:00,103,326,,99,46,67,60,115,,329,184,,67
2018-06-20 08:00:00,63,350,,129,53,56,53,176,,324,156,,97
2018-06-20 09:00:00,94,9,,145,76,54,61,304,,342,45,,82
2018-06-20 10:00:00,73,20,,141,32,62,82,301,,1,127,,78
2018-06-20 11:00:00,99,29,,141,12,60,94,319,,89,147,,75
2018-06-20 12:00:00,90,87,,108,33,55,108,69,,97,169,,69
2018-06-20 13:00:00,104,122,,122,54,80,97,88,,135,156,,78
2018-06-20 14:00:00,87,117,,97,51,89,132,102,,151,167,,70
2018-06-20 15:00:00,71,110,,94,55,89,129,104,,174,169,,56
2018-06-20 16:00:00,108,117,,94,61,96,138,93,,174,152,,59
2018-06-20 17:00:00,100,105,,95,65,101,136,108,,129,149,,67
2018-06-20 18:00:00,83,87,,76,64,98,107,107,,134,144,,72
2018-06-20 19:00:00,61,95,,72,63,103,129,113,,132,153,,61
2018-06-20 20:00:00,96,76,,81,60,102,125,102,,101,128,,47
2018-06-20 21:00:00,123,71,,77,62,110,85,99,,124,124,,49
2018-06-20 22:00:00,66,63,,81,77,89,94,104,,71,68,,69
2018-06-20 23:00:00,112,132,,105,77,98,120,299,,198,228,,90
2018-06-21 00:00:00,244,76,,117,42,92,93,246,,192,201,,100
2018-06-21 01:00:00,11,16,,92,94,92,319,131,,162,219,,114
2018-06-21 02:00:00,185,12,,30,310,93,85,103,,42,72,,204
2018-06-21 03:00:00,357,317,,238,344,90,54,166,,23,16,,106
2018-06-21 04:00:00,23,337,,215,83,82,49,273,,353,6,,80
2018-06-21 05:00:00,57,329,,342,84,80,37,290,,330,338,,49
2018-06-21 06:00:00,39,350,,223,83,67,54,264,,331,341,,115
2018-06-21 07:00:00,45,2,,165,98,44,46,271,,357,128,,110
2018-06-21 08:00:00,37,357,,178,300,45,53,280,,7,190,,100
2018-06-21 09:00:00,52,330,,203,274,40,43,269,,327,330,,111
2018-06-21 10:00:00,150,314,,113,276,59,55,278,,331,330,,276
2018-06-21 11:00:00,243,14,,102,261,97,81,292,,348,350,,266
2018-06-21 12:00:00,94,45,,268,241,92,71,284,,318,325,,247
2018-06-21 13:00:00,26,342,,269,268,80,56,297,,333,336,,235
2018-06-21 14:00:00,336,320,,248,249,87,36,267,,318,329,,262
2018-06-21 15:00:00,247,282,,264,198,91,8,,,306,322,,229
2018-06-21 16:00:00,315,298,,256,358,95,53,289,,317,324,,235
2018-06-21 17:00:00,325,302,,250,61,105,357,298,,329,346,,240
2018-06-21 18:00:00,324,278,,251,321,98,313,293,,319,344,,124
2018-06-21 19:00:00,300,294,,253,14,103,312,292,,355,301,,91
2018-06-21 20:00:00,213,314,,267,98,119,134,299,,48,309,,99
2018-06-21 21:00:00,194,264,,52,54,101,254,,,302,317,,92
2018-06-21 22:00:00,194,216,,54,42,92,258,293,,329,354,,116
2018-06-21 23:00:00,62,,,243,14,88,283,106,,,329,,174
2018-06-22 00:00:00,209,359,,241,44,90,49,149,,350,350,,92
2018-06-22 01:00:00,50,353,,228,31,68,64,185,,338,316,,103
2018-06-22 02:00:00,36,329,,202,56,76,51,142,,320,299,,109
2018-06-22 03:00:00,54,319,,232,115,85,56,115,,313,290,,112
2018-06-22 04:00:00,46,309,,59,78,95,48,140,,,276,,118
2018-06-22 05:00:00,42,340,,283,45,71,50,146,,341,17,,123
2018-06-22 06:00:00,43,334,,182,83,69,54,221,,337,331,,106
2018-06-22 07:00:00,359,306,,92,76,71,10,222,,320,255,,130
2018-06-22 08:00:00,144,31,,151,56,82,49,133,,82,114,,278
2018-06-22 09:00:00,60,351,,180,54,97,33,266,,180,163,,97
2018-06-22 10:00:00,18,11,,78,45,87,59,150,,132,189,,56
2018-06-22 11:00:00,77,74,,116,45,62,88,105,,131,170,,89
2018-06-22 12:00:00,76,94,,111,49,98,122,101,,146,186,,74
2018-06-22 13:00:00,91,92,,103,68,89,115,124,,122,164,,67
2018-06-22 14:00:00,81,77,,77,68,85,100,91,,120,143,,69
2018-06-22 15:00:00,88,93,,94,67,74,115,71,,134,168,,66
2018-06-22 16:00:00,105,99,,90,67,92,135,122,,151,184,,75
2018-06-22 17:00:00,118,106,,96,60,88,177,131,,188,199,,81
2018-06-22 18:00:00,126,104,,97,51,105,173,86,,215,243,,76
2018-06-22 19:00:00,130,116,,101,45,117,140,129,,172,216,,85
2018-06-22 20:00:00,120,107,,94,56,116,126,111,,178,193,,99
2018-06-22 21:00:00,79,104,,90,120,108,109,99,,231,91,,128
2018-06-22 22:00:00,28,102,,115,163,113,108,109,,143,150,,151
2018-06-22 23:00:00,58,94,,94,165,107,125,126,,125,134,,157
2018-06-23 00:00:00,49,93,,100,152,109,140,118,,119,128,,153
2018-06-23 01:00:00,347,84,,122,121,132,117,176,,114,121,,197
2018-06-23 02:00:00,3,91,,118,139,107,87,210,,98,108,,174
2018-06-23 03:00:00,337,94,,40,72,115,102,218,,72,103,,190
2018-06-23 04:00:00,3,83,,138,12,98,116,237,,71,66,,217
2018-06-23 05:00:00,329,56,,158,352,97,99,244,,75,52,,215
2018-06-23 06:00:00,228,43,,242,184,92,76,239,,56,48,,177
2018-06-23 07:00:00,234,33,,185,291,72,83,241,,71,76,,213
2018-06-23 08:00:00,254,53,,180,298,61,88,309,,74,101,,29
2018-06-23 09:00:00,58,49,,262,293,32,74,300,,82,140,,61
2018-06-23 10:00:00,51,32,,285,236,46,46,316,,105,138,,72
2018-06-23 11:00:00,92,1,,118,7,42,97,353,,114,150,,73
2018-06-23 12:00:00,90,1,,116,50,74,112,91,,158,169,,82
2018-06-23 13:00:00,81,1,,107,45,87,101,90,,157,165,,74
2018-06-23 14:00:00,61,,,104,57,79,114,95,,134,155,,62
2018-06-23 15:00:00,61,,,96,57,72,127,70,,141,138,,52
2018-06-23 16:00:00,80,,,94,61,102,128,55,,142,140,,40
2018-06-23 17:00:00,138,,,96,61,105,139,75,,125,140,,72
2018-06-23 18:00:00,130,,,92,53,96,147,76,,142,162,,78
2018-06-23 19:00:00,132,,,99,58,93,157,95,,161,168,,80
2018-06-23 20:00:00,143,,,111,60,124,185,115,,147,147,,67
2018-06-23 21:00:00,127,,,97,64,112,131,108,,117,123,,65
2018-06-23 22:00:00,100,,,76,72,108,98,119,,97,107,,118
2018-06-23 23:00:00,70,,,89,56,101,100,104,,106,113,,107
2018-06-24 00:00:00,70,,,92,62,,80,116,,116,128,,108
2018-06-24 01:00:00,37,,,105,78,107,104,126,,120,132,,99
2018-06-24 02:00:00,24,,,102,82,104,117,125,,122,136,,109
2018-06-24 03:00:00,15,,,92,99,130,104,147,,121,126,,101
2018-06-24 04:00:00,10,,,92,88,72,110,190,,120,129,,116
2018-06-24 05:00:00,49,,,78,87,75,108,211,,110,115,,102
2018-06-24 06:00:00,48,,,91,70,73,106,215,,97,115,,95
2018-06-24 07:00:00,68,,,135,71,66,86,228,,81,117,,107
2018-06-24 08:00:00,73,,,174,40,44,95,288,,70,85,,75
2018-06-24 09:00:00,51,,,257,352,32,74,301,,45,74,,328
2018-06-24 10:00:00,40,,,259,7,65,56,301,,45,88,,71
2018-06-24 11:00:00,65,,,224,59,55,81,307,,17,100,,73
2018-06-24 12:00:00,65,,,127,51,69,88,319,,46,124,,76
2018-06-24 13:00:00,70,,,84,56,84,91,54,,139,141,,71
2018-06-24 14:00:00,67,,,81,63,92,122,61,,130,165,,59
2018-06-24 15:00:00,78,,,84,51,92,138,73,,131,145,,52
2018-06-24 16:00:00,131,,,92,59,81,153,95,,139,122,,68
2018-06-24 17:00:00,119,,,91,59,83,134,91,,116,126,,77
2018-06-24 18:00:00,109,,,99,61,102,160,78,,113,120,,81
2018-06-24 19:00:00,95,,,90,64,117,147,68,,117,123,,75
2018-06-24 20:00:00,94,,,85,56,102,128,65,,114,118,,73
2018-06-24 21:00:00,93,,,85,55,100,129,64,,107,119,,64
2018-06-24 22:00:00,92,,,84,47,92,124,80,,106,118,,62
2018-06-24 23:00:00,90,,,87,47,92,118,64,,111,116,,57
2018-06-25 00:00:00,80,,,79,44,96,108,84,,112,,,57
2018-06-25 01:00:00,83,,,78,53,96,114,88,,115,119,,58
2018-06-25 02:00:00,69,,,85,56,108,125,115,,98,107,,65
2018-06-25 03:00:00,57,,,73,65,99,94,120,,97,82,,84
2018-06-25 04:00:00,62,,,73,75,95,103,120,,92,85,,92
2018-06-25 05:00:00,73,,,84,79,81,116,108,,94,90,,78
2018-06-25 06:00:00,83,,,84,87,83,116,122,,98,110,,78
2018-06-25 07:00:00,62,,,83,78,75,106,117,,103,88,,74
2018-06-25 08:00:00,81,,,73,70,70,112,139,,87,75,,69
2018-06-25 09:00:00,81,,,80,69,68,117,105,,97,115,,69
2018-06-25 10:00:00,75,,,80,66,56,107,71,,,128,,
2018-06-25 11:00:00,61,,,77,72,61,110,99,,120,140,,62
2018-06-25 12:00:00,71,,,68,61,66,109,85,,120,135,,59
2018-06-25 13:00:00,70,,,87,59,82,120,68,,125,127,,51
2018-06-25 14:00:00,73,,,79,58,83,128,82,,122,127,,48
2018-06-25 15:00:00,91,,,86,62,93,132,122,,118,128,,51
2018-06-25 16:00:00,137,,,103,63,96,172,131,,141,140,,69
2018-06-25 17:00:00,120,,,109,68,96,178,126,,196,150,,60
2018-06-25 18:00:00,128,,,92,62,81,168,114,,216,248,,72
2018-06-25 19:00:00,117,,,104,81,74,193,168,,158,59,,113
2018-06-25 20:00:00,97,,,98,96,79,84,115,,119,44,,82
2018-06-25 21:00:00,21,,,130,62,83,84,124,,134,125,,91
2018-06-25 22:00:00,89,,,100,75,91,110,105,,130,112,,85
2018-06-25 23:00:00,87,,,92,63,88,134,107,,132,142,,71
2018-06-26 00:00:00,152,,,99,54,85,187,108,,184,170,,71
2018-06-26 01:00:00,112,,,97,82,98,204,107,,173,171,,86
2018-06-26 02:00:00,99,,,102,107,98,82,103,,113,122,,99
2018-06-26 03:00:00,27,,,105,71,85,88,102,,102,132,,80
2018-06-26 04:00:00,29,,,100,58,64,78,104,,96,40,,81
2018-06-26 05:00:00,40,,,86,69,69,62,135,,77,75,,108
2018-06-26 06:00:00,39,,,103,92,86,95,123,,88,102,,93
2018-06-26 07:00:00,58,,,157,102,68,94,201,,63,69,,120
2018-06-26 08:00:00,11,,,239,15,52,61,247,,46,42,,90
2018-06-26 09:00:00,47,,,215,55,51,61,303,,56,89,,70
2018-06-26 10:00:00,50,,,100,43,48,82,8,,112,156,,68
2018-06-26 11:00:00,76,,,68,52,34,89,104,,160,160,,58
2018-06-26 12:00:00,65,,,64,56,78,92,78,,134,149,,56
2018-06-26 13:00:00,63,,,68,58,66,120,81,,134,151,,46
2018-06-26 14:00:00,83,,,82,51,83,114,60,,149,147,,35
2018-06-26 15:00:00,94,,,86,46,84,136,69,,128,144,,57
2018-06-26 16:00:00,126,,,85,58,85,149,103,,138,152,,80
2018-06-26 17:00:00,133,,,95,66,95,162,99,,151,159,,89
2018-06-26 18:00:00,142,,,93,74,95,169,106,,176,185,,83
2018-06-26 19:00:00,149,,,105,73,85,178,102,,175,193,,74
2018-06-26 20:00:00,134,,,111,63,75,178,103,,167,173,,52
2018-06-26 21:00:00,138,,,101,62,85,125,115,,146,136,,68
2018-06-26 22:00:00,116,,,82,59,91,118,103,,113,118,,74
2018-06-26 23:00:00,99,,,84,51,94,118,92,,135,127,,55
2018-06-27 00:00:00,102,,,83,54,90,137,99,,140,158,,62
2018-06-27 01:00:00,70,,,80,54,97,117,107,,120,128,,62
2018-06-27 02:00:00,93,,,88,59,100,140,116,,128,137,,83
2018-06-27 03:00:00,110,,,81,75,100,137,128,,127,139,,125
2018-06-27 04:00:00,9,,,87,140,100,107,162,,106,112,,124
2018-06-27 05:00:00,129,,,98,116,62,140,232,,107,117,,101
2018-06-27 06:00:00,94,,,100,93,76,130,221,,96,109,,119
2018-06-27 07:00:00,46,,,117,75,66,112,232,,43,74,,198
2018-06-27 08:00:00,27,,,121,52,43,104,284,,65,70,,45
2018-06-27 09:00:00,26,,,73,234,35,85,318,,97,138,,56
2018-06-27 10:00:00,43,,,83,53,14,99,317,,100,135,,68
2018-06-27 11:00:00,44,,,86,51,39,77,325,,120,158,,84
2018-06-27 12:00:00,54,,,105,48,57,83,358,,137,148,,87
2018-06-27 13:00:00,84,,,67,63,69,105,41,,132,146,,47
2018-06-27 14:00:00,68,,,82,60,80,107,61,,134,155,,53
2018-06-27 15:00:00,99,,,81,57,78,121,80,,115,138,,59
2018-06-27 16:00:00,,,,88,50,,150,92,,136,137,,83
2018-06-27 17:00:00,140,,,92,63,103,154,112,,143,158,,74
2018-06-27 18:00:00,135,,,98,66,82,153,91,,177,177,,78
2018-06-27 19:00:00,138,,,89,69,69,142,95,,143,178,,77
2018-06-27 20:00:00,146,,,85,68,65,138,101,,130,145,,72
2018-06-27 21:00:00,159,,,90,57,82,146,108,,125,126,,81
2018-06-27 22:00:00,129,,,82,54,81,130,121,,107,120,,104
2018-06-27 23:00:00,98,,,81,50,96,136,110,,111,121,,68
2018-06-28 00:00:00,101,,,80,55,99,121,95,,120,130,,69
2018-06-28 01:00:00,109,,,84,56,95,124,101,,119,130,,64
2018-06-28 02:00:00,63,,,88,56,95,130,117,,114,121,,73
2018-06-28 03:00:00,59,,,84,65,82,129,135,,117,115,,98
2018-06-28 04:00:00,55,,,78,69,63,130,134,,117,124,,86
2018-06-28 05:00:00,56,,,88,68,60,105,139,,124,124,,98
2018-06-28 06:00:00,21,,,75,75,89,120,216,,108,111,,121
2018-06-28 07:00:00,2,,,129,90,95,91,227,,59,73,,175
2018-06-28 08:00:00,360,,,220,22,83,79,285,,63,59,,243
2018-06-28 09:00:00,17,,,247,11,82,70,309,,75,83,,123
2018-06-28 10:00:00,69,,,219,33,78,78,309,,71,82,,73
2018-06-28 11:00:00,57,,,106,48,67,69,305,,59,127,,76
2018-06-28 12:00:00,68,,,126,47,71,71,314,,42,133,,70
2018-06-28 13:00:00,89,,,96,52,72,104,68,,116,152,,66
2018-06-28 14:00:00,74,,,88,57,74,124,70,,117,146,,63
2018-06-28 15:00:00,65,,,97,59,224,107,53,,132,141,,37
2018-06-28 16:00:00,84,,,85,58,275,116,80,,146,151,,41
2018-06-28 17:00:00,134,,,86,58,270,145,92,,138,148,,93
2018-06-28 18:00:00,142,,,88,53,300,153,88,,122,11,,87
2018-06-28 19:00:00,135,,,100,64,114,157,96,,151,157,,88
2018-06-28 20:00:00,145,,,104,71,122,172,107,,155,164,,81
2018-06-28 21:00:00,148,,,110,63,160,145,113,,138,133,,68
2018-06-28 22:00:00,157,,,89,53,153,137,91,,119,119,,68
2018-06-28 23:00:00,132,,,82,52,32,126,100,,116,127,,59
2018-06-29 00:00:00,105,,,78,59,65,130,92,,118,129,,61
2018-06-29 01:00:00,70,,,80,66,105,129,139,,115,134,,73
2018-06-29 02:00:00,51,,,63,105,45,94,143,,118,128,,94
2018-06-29 03:00:00,29,,,40,67,58,94,183,,115,136,,110
2018-06-29 04:00:00,31,,,263,68,57,74,229,,113,119,,110
2018-06-29 05:00:00,38,,,233,54,36,85,280,,88,118,,102
2018-06-29 06:00:00,86,,,202,74,320,99,247,,75,83,,87
2018-06-29 07:00:00,91,,,197,74,192,96,234,,93,117,,90
2018-06-29 08:00:00,65,,,181,109,57,89,275,,61,92,,42
2018-06-29 09:00:00,39,,,281,111,54,57,307,,51,40,,43
2018-06-29 10:00:00,47,,,359,17,84,59,315,,48,23,,75
2018-06-29 11:00:00,79,,,133,45,64,86,321,,76,219,,71
2018-06-29 12:00:00,94,,,118,43,56,87,,,98,193,,72
2018-06-29 13:00:00,83,,,91,55,89,104,53,,155,177,,65
2018-06-29 14:00:00,62,,,77,63,62,113,68,,112,156,,45
2018-06-29 15:00:00,71,,,100,73,67,114,65,,135,141,,54
2018-06-29 16:00:00,109,,,94,65,54,118,78,,176,155,,64
2018-06-29 17:00:00,140,,,84,66,54,133,103,,150,150,,79
2018-06-29 18:00:00,153,,,97,69,68,165,112,,137,153,,83
2018-06-29 19:00:00,157,,,96,71,39,163,100,,144,157,,84
2018-06-29 20:00:00,148,,,104,70,63,170,98,,152,164,,77
2018-06-29 21:00:00,138,,,112,60,143,143,98,,144,153,,63
2018-06-29 22:00:00,163,,,90,57,121,139,115,,137,149,,69
2018-06-29 23:00:00,111,,,86,65,72,141,121,,148,153,,63
2018-06-30 00:00:00,72,,,83,89,130,139,120,,125,131,,89
2018-06-30 01:00:00,85,,,86,123,102,134,116,,132,144,,103
2018-06-30 02:00:00,66,,,86,106,33,134,,,,,,
2018-06-30 03:00:00,47,,,85,94,40,118,216,,114,124,,110
2018-06-30 04:00:00,48,,,109,120,314,101,214,,114,122,,104
2018-06-30 05:00:00,48,,,121,98,298,94,224,,97,108,,106
2018-06-30 06:00:00,70,,,127,70,304,101,269,,62,69,,
2018-06-30 07:00:00,69,,,145,80,329,93,258,,55,63,,101
2018-06-30 08:00:00,14,,,203,32,13,89,298,,45,63,,57
2018-06-30 09:00:00,63,,,236,328,359,69,315,,43,324,,50
2018-06-30 10:00:00,7,,,247,25,40,76,315,,348,60,,64
2018-06-30 11:00:00,36,,,129,28,39,64,317,,30,72,,76
2018-06-30 12:00:00,88,,,136,52,12,83,317,,140,155,,69
2018-06-30 13:00:00,71,,,86,55,20,84,56,,133,180,,68
2018-06-30 14:00:00,70,,,85,62,118,114,50,,110,164,,65
2018-06-30 15:00:00,72,,,90,59,127,120,50,,166,144,,43
2018-06-30 16:00:00,103,,,81,67,128,143,69,,157,128,,69
2018-06-30 17:00:00,114,,,87,67,56,154,107,,132,132,,81
2018-06-30 18:00:00,149,,,105,68,57,181,94,,125,142,,83
2018-06-30 19:00:00,133,,,102,68,6,186,103,,144,164,,78
2018-06-30 20:00:00,151,,,100,80,33,174,119,,165,168,,82
2018-06-30 21:00:00,149,,,112,65,84,189,107,,156,160,,70
2018-06-30 22:00:00,157,,,102,46,129,152,102,,139,143,,84
2018-06-30 23:00:00,127,,,86,85,354,135,118,,115,139,,109
2018-07-01 00:00:00,,,,,,72,,,,,,,
2018-07-01 01:00:00,117,,,86,58,73,134,101,,117,125,,56
2018-07-01 02:00:00,75,,,81,78,35,123,133,,122,131,,74
2018-07-01 03:00:00,45,,,92,125,346,122,192,,126,126,,117
2018-07-01 04:00:00,25,,,44,87,346,98,201,,103,121,,130
2018-07-01 05:00:00,71,,,88,87,331,89,207,,98,128,,105
2018-07-01 06:00:00,79,,,124,76,317,88,226,,77,111,,133
2018-07-01 07:00:00,92,,,130,81,316,94,182,,87,86,,183
2018-07-01 08:00:00,78,,,186,10,13,102,267,,91,158,,268
2018-07-01 09:00:00,8,,,263,296,67,55,306,,58,108,,251
2018-07-01 10:00:00,9,,,21,285,92,94,305,,3,31,,88
2018-07-01 11:00:00,48,,,225,317,60,96,290,,19,19,,65
2018-07-01 12:00:00,46,,,123,322,53,91,304,,50,118,,75
2018-07-01 13:00:00,93,,,107,57,47,96,36,,162,169,,68
2018-07-01 14:00:00,76,,,96,63,57,109,49,,68,164,,69
2018-07-01 15:00:00,69,,,84,68,85,114,65,,141,154,,57
2018-07-01 16:00:00,99,,,83,62,66,136,69,,148,168,,78
2018-07-01 17:00:00,117,,,97,72,271,157,90,,140,149,,99
2018-07-01 18:00:00,136,,,105,69,279,172,104,,143,150,,91
2018-07-01 19:00:00,128,,,107,74,296,188,126,,125,138,,93
2018-07-01 20:00:00,149,,,101,76,61,170,121,,128,135,,111
2018-07-01 21:00:00,129,,,100,79,50,154,101,,117,123,,88
2018-07-01 22:00:00,92,,,82,53,70,128,133,,111,119,,98
2018-07-01 23:00:00,78,,,72,49,119,108,92,,112,125,,61
2018-07-02 00:00:00,85,,,78,49,78,127,102,,117,127,,55
2018-07-02 01:00:00,84,,,79,55,41,122,109,,104,118,,58
2018-07-02 02:00:00,75,,,84,64,38,105,139,,93,110,,71
2018-07-02 03:00:00,54,,,99,78,45,95,195,,82,75,,94
2018-07-02 04:00:00,58,,,86,77,49,120,212,,93,95,,92
2018-07-02 05:00:00,69,,,85,89,60,118,200,,103,101,,94
2018-07-02 06:00:00,86,,,84,84,48,96,193,,90,97,,91
2018-07-02 07:00:00,77,,,103,80,78,96,208,,89,121,,73
2018-07-02 08:00:00,64,,,112,66,57,96,274,,95,131,,104
2018-07-02 09:00:00,51,,,202,29,20,69,310,,91,104,,327
2018-07-02 10:00:00,16,,,168,28,26,91,307,,71,100,,73
2018-07-02 11:00:00,48,,,146,42,43,91,313,,79,149,,71
2018-07-02 12:00:00,54,,,87,55,73,79,322,,86,130,,70
2018-07-02 13:00:00,65,,,73,55,87,100,,,100,144,,60
2018-07-02 14:00:00,68,,,74,52,99,121,52,,123,145,,51
2018-07-02 15:00:00,103,,,66,49,105,139,88,,123,115,,57
2018-07-02 16:00:00,125,,,76,52,104,140,105,,120,132,,65
2018-07-02 17:00:00,131,,,74,57,95,137,109,,112,118,,86
2018-07-02 18:00:00,124,,,71,55,122,142,104,,113,124,,95
2018-07-02 19:00:00,134,,,78,58,122,155,120,,106,106,,104
2018-07-02 20:00:00,162,,,84,74,108,153,111,,108,119,,106
2018-07-02 21:00:00,154,,,71,63,89,131,104,,117,128,,
2018-07-02 22:00:00,101,,,72,45,98,126,91,,107,118,,78
2018-07-02 23:00:00,95,,,72,48,97,127,75,,114,117,,59
2018-07-03 00:00:00,80,,,66,50,89,110,75,,117,125,,63
2018-07-03 01:00:00,90,,,68,52,87,113,128,,114,138,,67
2018-07-03 02:00:00,89,,,75,63,90,122,112,,107,115,,67
2018-07-03 03:00:00,55,,,68,73,90,99,139,,94,105,,83
2018-07-03 04:00:00,33,,,108,95,64,83,255,,93,96,,103
2018-07-03 05:00:00,65,,,134,69,41,88,220,,90,113,,93
2018-07-03 06:00:00,66,,,104,78,36,94,235,,89,93,,86
2018-07-03 07:00:00,65,,,159,122,349,93,231,,69,67,,81
2018-07-03 08:00:00,80,,,153,48,8,97,283,,88,110,,67
2018-07-03 09:00:00,72,,,226,50,66,98,307,,71,147,,61
2018-07-03 10:00:00,48,,,185,61,115,69,306,,27,79,,61
2018-07-03 11:00:00,29,,,164,46,102,53,311,,18,146,,80
2018-07-03 12:00:00,57,,,98,43,89,37,316,,69,164,,78
2018-07-03 13:00:00,61,,,111,54,92,86,328,,89,160,,
2018-07-03 14:00:00,56,,,64,56,92,92,41,,128,146,,63
2018-07-03 15:00:00,64,,,67,65,100,117,56,,128,171,,63
2018-07-03 16:00:00,70,,,65,62,100,118,51,,124,144,,40
2018-07-03 17:00:00,108,,,75,53,96,153,83,,147,155,,54
2018-07-03 18:00:00,130,,,82,59,95,165,107,,128,134,,76
2018-07-03 19:00:00,133,,,87,72,89,162,125,,115,91,,84
2018-07-03 20:00:00,139,,,74,65,89,146,123,,99,84,,81
2018-07-03 21:00:00,96,,,65,69,84,121,101,,109,115,,101
2018-07-03 22:00:00,103,,,69,48,86,131,91,,119,104,,65
2018-07-03 23:00:00,79,,,69,51,89,119,73,,109,122,,66
2018-07-04 00:00:00,73,,,74,53,78,109,103,,95,113,,68
2018-07-04 01:00:00,73,,,79,51,62,99,127,,100,86,,79
2018-07-04 02:00:00,73,,,68,57,52,95,136,,99,97,,88
2018-07-04 03:00:00,46,,,54,68,2,90,185,,138,104,,94
2018-07-04 04:00:00,20,,,95,118,29,71,217,,114,124,,90
2018-07-04 05:00:00,357,,,176,52,35,90,217,,79,63,,109
2018-07-04 06:00:00,47,,,175,39,16,93,234,,88,68,,133
2018-07-04 07:00:00,72,,,221,51,42,96,230,,87,116,,169
2018-07-04 08:00:00,62,,,259,341,37,76,290,,82,88,,242
2018-07-04 09:00:00,34,,,27,1,72,70,307,,52,36,,59
2018-07-04 10:00:00,33,,,262,51,77,62,310,,44,79,,68
2018-07-04 11:00:00,52,,,96,32,74,85,315,,32,188,,77
2018-07-04 12:00:00,51,,,122,59,91,73,320,,44,158,,68
2018-07-04 13:00:00,66,,,64,56,91,79,31,,95,135,,52
2018-07-04 14:00:00,70,,,57,54,80,90,32,,115,170,,54
2018-07-04 15:00:00,83,,,75,51,93,119,49,,138,165,,52
2018-07-04 16:00:00,102,,,76,58,105,119,76,,130,151,,64
2018-07-04 17:00:00,110,,,72,59,100,119,76,,120,134,,72
2018-07-04 18:00:00,117,,,75,61,106,140,77,,117,133,,69
2018-07-04 19:00:00,101,,,70,63,97,128,91,,93,84,,76
2018-07-04 20:00:00,93,,,60,49,106,108,71,,75,69,,73
2018-07-04 21:00:00,102,,,62,56,94,126,98,,104,110,,88
2018-07-04 22:00:00,100,,,67,58,94,121,75,,107,97,,74
2018-07-04 23:00:00,92,,,71,50,104,119,71,,100,110,,57
2018-07-05 00:00:00,87,,,68,58,85,108,92,,105,120,,53
2018-07-05 01:00:00,74,,,64,59,68,100,120,,103,112,,68
2018-07-05 02:00:00,65,,,64,55,85,98,100,,104,117,,76
2018-07-05 03:00:00,59,,,48,69,105,91,153,,87,93,,71
2018-07-05 04:00:00,38,,,44,74,89,93,218,,97,111,,82
2018-07-05 05:00:00,69,,,55,83,88,99,221,,95,85,,92
2018-07-05 06:00:00,73,,,71,80,58,127,309,,113,112,,104
2018-07-05 07:00:00,84,,,78,64,39,134,57,,120,125,,86
2018-07-05 08:00:00,66,,,75,57,18,129,91,,129,137,,84
2018-07-05 09:00:00,59,,,54,64,358,122,71,,133,135,,59
2018-07-05 10:00:00,45,,,49,77,34,98,64,,124,152,,74
2018-07-05 11:00:00,61,,,55,73,66,108,39,,130,153,,75
2018-07-05 12:00:00,68,,,57,67,82,120,43,,124,128,,57
2018-07-05 13:00:00,83,,,62,63,98,116,58,,123,126,,53
2018-07-05 14:00:00,76,,,65,353,92,128,61,,132,136,,71
2018-07-05 15:00:00,89,,,65,309,92,59,92,,147,145,,69
2018-07-05 16:00:00,338,,,294,233,109,331,60,,129,159,,80
2018-07-05 17:00:00,309,,,292,201,108,300,89,,139,166,,209
2018-07-05 18:00:00,100,,,279,122,113,152,71,,108,54,,139
2018-07-05 19:00:00,94,,,82,62,126,112,66,,31,17,,86
2018-07-05 20:00:00,146,,,83,58,104,137,123,,88,43,,99
2018-07-05 21:00:00,83,,,63,68,83,78,172,,56,16,,78
2018-07-05 22:00:00,148,,,84,75,93,66,193,,356,329,,85
2018-07-05 23:00:00,41,,,42,97,102,64,153,,110,147,,89
2018-07-06 00:00:00,99,,,81,72,98,98,114,,154,169,,91
2018-07-06 01:00:00,111,,,89,58,98,123,110,,113,129,,72
2018-07-06 02:00:00,93,,,99,74,104,116,128,,103,98,,70
2018-07-06 03:00:00,53,,,133,69,111,77,188,,55,40,,99
2018-07-06 04:00:00,63,,,308,83,108,66,214,,39,32,,88
2018-07-06 05:00:00,35,,,269,110,100,56,230,,37,38,,88
2018-07-06 06:00:00,55,,,142,58,85,39,230,,359,303,,96
2018-07-06 07:00:00,18,,,265,9,65,42,233,,29,286,,130
2018-07-06 08:00:00,344,,,11,65,54,36,285,,18,317,,89
2018-07-06 09:00:00,27,,,1,31,65,57,308,,18,40,,93
2018-07-06 10:00:00,19,,,104,50,69,67,310,,55,112,,65
2018-07-06 11:00:00,21,,,54,49,59,,318,,56,55,,82
2018-07-06 12:00:00,12,,,14,57,64,64,312,,358,41,,69
2018-07-06 13:00:00,17,,,3,70,69,32,303,,329,7,,72
2018-07-06 14:00:00,27,,,349,66,,58,300,,54,65,,86
2018-07-06 15:00:00,66,,,33,67,131,83,353,,344,56,,52
2018-07-06 16:00:00,93,,,42,62,87,69,35,,42,61,,68
2018-07-06 17:00:00,87,,,56,56,63,94,39,,358,73,,58
2018-07-06 18:00:00,77,,,83,55,79,119,39,,2,71,,66
2018-07-06 19:00:00,57,,,47,63,74,83,80,,79,98,,42
2018-07-06 20:00:00,139,,,88,73,86,180,100,,146,168,,67
2018-07-06 21:00:00,128,,,119,70,91,216,99,,216,239,,49
2018-07-06 22:00:00,105,,,116,56,95,229,149,,208,181,,68
2018-07-06 23:00:00,114,,,110,66,87,76,126,,96,96,,94
2018-07-07 00:00:00,110,,,120,87,88,115,141,,197,257,,92
2018-07-07 01:00:00,124,,,82,84,84,115,115,,190,221,,136
2018-07-07 02:00:00,55,,,274,169,86,100,161,,68,70,,129
2018-07-07 03:00:00,130,,,140,114,84,90,227,,348,332,,139
2018-07-07 04:00:00,121,,,242,68,82,60,167,,332,327,,212
2018-07-07 05:00:00,196,,,299,75,72,7,149,,34,345,,265
2018-07-07 06:00:00,196,,,280,281,76,53,114,,48,338,,292
2018-07-07 07:00:00,219,,,292,264,61,43,126,,66,326,,250
2018-07-07 08:00:00,3,,,299,283,31,52,145,,14,11,,293
2018-07-07 09:00:00,23,,,296,317,27,42,277,,355,17,,96
2018-07-07 10:00:00,35,,,314,355,28,53,312,,349,47,,90
2018-07-07 11:00:00,13,,,2,44,92,50,264,,40,46,,68
2018-07-07 12:00:00,51,,,353,89,92,77,129,,40,208,,139
2018-07-07 13:00:00,313,,,10,141,93,44,81,,136,284,,97
2018-07-07 14:00:00,222,,,109,108,84,254,276,,222,243,,65
2018-07-07 15:00:00,225,,,92,102,103,253,248,,221,220,,222
2018-07-07 16:00:00,223,,,131,85,115,252,190,,206,190,,230
2018-07-07 17:00:00,185,,,83,356,127,145,90,,69,74,,43
2018-07-07 18:00:00,73,,,89,79,108,79,119,,226,207,,74
2018-07-07 19:00:00,81,,,198,67,109,85,141,,132,303,,96
2018-07-07 20:00:00,88,,,108,81,116,118,152,,151,145,,101
2018-07-07 21:00:00,77,,,123,81,109,88,156,,120,174,,102
2018-07-07 22:00:00,58,,,119,70,100,148,203,,193,194,,116
2018-07-07 23:00:00,254,,,84,30,104,113,111,,142,157,,166
2018-07-08 00:00:00,117,,,132,179,80,82,212,,31,28,,138
2018-07-08 01:00:00,114,,,139,50,73,67,204,,45,28,,104
2018-07-08 02:00:00,46,,,233,68,81,84,232,,44,2,,132
2018-07-08 03:00:00,44,,,266,94,114,57,198,,30,14,,164
2018-07-08 04:00:00,31,,,274,87,96,54,225,,13,21,,153
2018-07-08 05:00:00,53,,,248,41,74,56,240,,1,359,,139
2018-07-08 06:00:00,44,,,264,349,65,48,233,,329,330,,102
2018-07-08 07:00:00,157,,,281,81,68,47,238,,330,7,,221
2018-07-08 08:00:00,42,,,283,254,50,43,255,,,19,,217
2018-07-08 09:00:00,73,,,306,347,38,49,313,,347,1,,57
2018-07-08 10:00:00,16,,,263,67,24,53,309,,10,44,,110
2018-07-08 11:00:00,28,,,218,53,93,66,316,,3,55,,104
2018-07-08 12:00:00,134,,,102,36,85,105,346,,31,87,,104
2018-07-08 13:00:00,98,,,296,57,79,69,11,,82,60,,79
2018-07-08 14:00:00,103,,,93,57,91,75,158,,86,97,,89
2018-07-08 15:00:00,149,,,64,84,77,107,104,,100,118,,111
2018-07-08 16:00:00,149,,,75,77,95,177,97,,189,224,,88
2018-07-08 17:00:00,,,,283,64,95,224,115,,214,250,,77
2018-07-08 18:00:00,256,,,287,83,112,252,149,,238,280,,92
2018-07-08 19:00:00,59,,,288,77,118,280,116,,121,130,,89
2018-07-08 20:00:00,134,,,114,84,121,64,107,,94,159,,81
2018-07-08 21:00:00,63,,,109,66,119,54,117,,76,81,,77
2018-07-08 22:00:00,91,,,116,77,114,98,130,,138,147,,86
2018-07-08 23:00:00,94,,,104,55,107,141,100,,149,171,,59
2018-07-09 00:00:00,66,,,99,51,105,118,128,,117,125,,76
2018-07-09 01:00:00,60,,,111,76,108,79,126,,86,129,,88
2018-07-09 02:00:00,52,,,260,97,98,65,203,,106,139,,85
2018-07-09 03:00:00,49,,,259,72,120,80,239,,110,120,,84
2018-07-09 04:00:00,48,,,197,65,83,90,256,,84,75,,104
2018-07-09 05:00:00,68,,,164,79,71,68,274,,61,51,,103
2018-07-09 06:00:00,68,,,93,75,65,84,282,,84,69,,105
2018-07-09 07:00:00,89,,,221,67,62,80,175,,119,75,,107
2018-07-09 08:00:00,47,,,252,31,77,50,195,,106,129,,134
2018-07-09 09:00:00,30,,,270,323,38,62,289,,74,280,,120
2018-07-09 10:00:00,45,,,253,26,353,56,286,,345,318,,86
2018-07-09 11:00:00,93,,,183,49,66,65,310,,348,256,,74
2018-07-09 12:00:00,52,,,66,55,67,65,328,,72,248,,52
2018-07-09 13:00:00,34,,,348,55,70,52,40,,95,180,,43
2018-07-09 14:00:00,67,,,76,60,81,75,53,,136,208,,55
2018-07-09 15:00:00,82,,,76,58,86,122,81,,125,206,,82
2018-07-09 16:00:00,134,,,97,57,90,150,98,,140,133,,68
2018-07-09 17:00:00,115,,,97,58,83,154,90,,153,137,,82
2018-07-09 18:00:00,125,,,107,64,113,152,86,,133,145,,79
2018-07-09 19:00:00,132,,,110,69,98,162,96,,146,161,,89
2018-07-09 20:00:00,136,,,109,73,95,163,99,,125,124,,83
2018-07-09 21:00:00,101,,,90,69,93,127,93,,111,116,,75
2018-07-09 22:00:00,98,,,92,49,100,122,91,,116,123,,71
2018-07-09 23:00:00,140,,,92,47,90,131,101,,122,123,,75
2018-07-10 00:00:00,137,,,83,51,86,118,101,,123,128,,76
2018-07-10 01:00:00,82,,,82,61,83,121,92,,119,123,,74
2018-07-10 02:00:00,62,,,87,62,92,117,117,,121,123,,73
2018-07-10 03:00:00,57,,,101,78,96,97,128,,114,116,,83
2018-07-10 04:00:00,44,,,313,109,96,75,222,,104,112,,108
2018-07-10 05:00:00,54,,,266,93,88,67,226,,79,97,,118
2018-07-10 06:00:00,31,,,259,67,54,72,231,,46,79,,110
2018-07-10 07:00:00,6,,,240,25,29,50,237,,15,39,,160
2018-07-10 08:00:00,31,,,265,354,7,51,292,,37,15,,45
2018-07-10 09:00:00,356,,,215,44,352,36,307,,67,106,,63
2018-07-10 10:00:00,14,,,83,66,344,77,311,,116,148,,62
2018-07-10 11:00:00,77,,,105,51,64,123,40,,131,167,,63
2018-07-10 12:00:00,81,,,91,49,80,129,83,,140,187,,55
2018-07-10 13:00:00,123,,,93,56,83,139,96,,124,150,,70
2018-07-10 14:00:00,120,,,96,50,84,142,89,,126,159,,63
2018-07-10 15:00:00,129,,,94,52,86,143,96,,126,138,,67
2018-07-10 16:00:00,135,,,99,52,109,146,94,,121,129,,80
2018-07-10 17:00:00,125,,,96,58,104,140,93,,122,134,,76
2018-07-10 18:00:00,143,,,104,59,102,154,82,,151,160,,85
2018-07-10 19:00:00,134,,,107,66,109,153,103,,134,134,,78
2018-07-10 20:00:00,117,,,95,58,86,144,97,,118,121,,75
2018-07-10 21:00:00,86,,,92,52,100,129,89,,116,118,,68
2018-07-10 22:00:00,86,,,90,60,99,118,109,,123,129,,67
2018-07-10 23:00:00,57,,,116,63,99,109,123,,121,127,,69
2018-07-11 00:00:00,54,,,132,90,76,95,110,,127,127,,98
2018-07-11 01:00:00,33,,,139,134,80,88,112,,130,131,,115
2018-07-11 02:00:00,36,,,275,139,84,70,212,,106,92,,109
2018-07-11 03:00:00,20,,,255,113,56,76,237,,96,93,,113
2018-07-11 04:00:00,15,,,213,53,53,62,260,,102,123,,84
2018-07-11 05:00:00,64,,,284,79,340,68,,,98,136,,86
2018-07-11 06:00:00,358,,,252,277,304,50,,,98,137,,149
2018-07-11 07:00:00,13,,,282,334,342,51,,,118,27,,193
2018-07-11 08:00:00,26,,,298,32,24,51,,,42,82,,76
2018-07-11 09:00:00,21,,,226,51,31,52,,,28,345,,72
2018-07-11 10:00:00,345,,,263,31,4,45,308,,31,337,,58
2018-07-11 11:00:00,19,,,356,52,41,70,316,,103,162,,76
2018-07-11 12:00:00,43,,,102,60,76,87,315,,111,156,,71
2018-07-11 13:00:00,57,,,82,51,86,89,47,,116,170,,58
2018-07-11 14:00:00,57,,,79,54,76,129,62,,134,162,,58
2018-07-11 15:00:00,130,,,88,50,87,143,107,,121,118,,56
2018-07-11 16:00:00,141,,,89,49,91,122,116,,107,122,,64
2018-07-11 17:00:00,129,,,88,51,96,142,116,,127,114,,69
2018-07-11 18:00:00,151,,,104,58,88,164,112,,131,130,,82
2018-07-11 19:00:00,157,,,112,68,81,185,118,,124,124,,92
2018-07-11 20:00:00,145,,,106,77,60,155,96,,131,114,,93
2018-07-11 21:00:00,113,,,89,71,46,129,122,,117,121,,99
2018-07-11 22:00:00,91,,,78,54,52,119,93,,109,117,,84
2018-07-11 23:00:00,98,,,96,47,85,136,92,,108,120,,64
2018-07-12 00:00:00,117,,,93,57,108,125,111,,122,135,,66
2018-07-12 01:00:00,106,,,87,63,76,124,125,,112,131,,79
2018-07-12 02:00:00,49,,,86,83,66,87,178,,86,112,,90
2018-07-12 03:00:00,49,,,320,129,58,86,215,,109,114,,94
2018-07-12 04:00:00,27,,,345,124,80,82,202,,111,96,,113
2018-07-12 05:00:00,21,,,274,115,83,73,239,,110,91,,108
2018-07-12 06:00:00,24,,,232,131,80,79,249,,100,51,,123
2018-07-12 07:00:00,28,,,244,180,45,92,238,,92,66,,168
2018-07-12 08:00:00,27,,,262,66,34,51,284,,91,141,,277
2018-07-12 09:00:00,13,,,267,44,4,39,312,,50,119,,37
2018-07-12 10:00:00,20,,,259,25,45,58,315,,23,,,79
2018-07-12 11:00:00,25,,,234,32,53,74,317,,33,216,,71
2018-07-12 12:00:00,44,,,151,43,82,89,334,,141,142,,55
2018-07-12 13:00:00,,,,74,54,88,93,34,,134,154,,62
2018-07-12 14:00:00,78,,,81,56,82,128,85,,126,189,,52
2018-07-12 15:00:00,141,,,85,54,80,140,102,,146,145,,68
2018-07-12 16:00:00,134,,,105,50,75,167,114,,134,136,,73
2018-07-12 17:00:00,157,,,109,56,84,172,117,,145,153,,80
2018-07-12 18:00:00,155,,,108,63,91,179,112,,152,134,,81
2018-07-12 19:00:00,155,,,108,74,70,185,115,,143,144,,89
2018-07-12 20:00:00,151,,,120,88,69,180,,,121,124,,
2018-07-12 21:00:00,130,,,96,70,69,133,103,,114,120,,74
2018-07-12 22:00:00,86,,,81,46,88,122,105,,106,116,,66
2018-07-12 23:00:00,67,,,87,47,92,117,97,,105,118,,64
2018-07-13 00:00:00,81,,,82,53,99,116,94,,111,120,,61
2018-07-13 01:00:00,61,,,79,59,109,108,109,,105,117,,64
2018-07-13 02:00:00,72,,,76,61,101,110,131,,111,113,,67
2018-07-13 03:00:00,69,,,88,63,72,91,153,,100,113,,81
2018-07-13 04:00:00,58,,,75,67,89,87,221,,99,82,,92
2018-07-13 05:00:00,50,,,77,74,87,89,224,,90,68,,97
2018-07-13 06:00:00,60,,,100,89,84,117,237,,89,81,,96
2018-07-13 07:00:00,46,,,158,136,59,94,228,,84,126,,145
2018-07-13 08:00:00,27,,,125,67,41,102,287,,67,139,,181
2018-07-13 09:00:00,45,,,290,35,40,53,309,,73,94,,294
2018-07-13 10:00:00,39,,,259,34,54,73,312,,88,109,,75
2018-07-13 11:00:00,65,,,100,38,71,75,325,,118,154,,71
2018-07-13 12:00:00,65,,,125,44,88,76,327,,121,148,,73
2018-07-13 13:00:00,66,,,74,54,81,99,38,,128,215,,71
2018-07-13 14:00:00,,,,,,94,,,,,,,
2018-07-13 15:00:00,67,,,100,65,96,138,103,,116,138,,61
2018-07-13 16:00:00,132,,,96,58,109,144,99,,118,132,,68
2018-07-13 17:00:00,119,,,95,55,103,139,98,,121,122,,68
2018-07-13 18:00:00,106,,,93,50,90,121,105,,115,116,,68
2018-07-13 19:00:00,97,,,78,55,89,99,80,,106,109,,78
2018-07-13 20:00:00,101,,,86,52,90,112,80,,107,123,,91
2018-07-13 21:00:00,106,,,97,54,94,146,65,,113,119,,86
2018-07-13 22:00:00,101,,,99,61,99,138,68,,119,119,,79
2018-07-13 23:00:00,94,,,98,57,93,123,94,,113,125,,65
2018-07-14 00:00:00,93,,,85,51,78,116,109,,115,117,,61
2018-07-14 01:00:00,88,,,83,54,93,112,101,,111,123,,72
2018-07-14 02:00:00,86,,,81,59,98,125,112,,115,124,,83
2018-07-14 03:00:00,66,,,90,65,96,120,147,,118,131,,86
2018-07-14 04:00:00,63,,,139,95,104,108,198,,118,129,,99
2018-07-14 05:00:00,50,,,232,64,97,106,215,,106,118,,102
2018-07-14 06:00:00,71,,,203,81,88,91,230,,66,50,,104
2018-07-14 07:00:00,71,,,225,49,70,87,235,,68,44,,86
2018-07-14 08:00:00,20,,,247,44,68,68,290,,78,61,,82
2018-07-14 09:00:00,33,,,250,351,79,58,301,,79,85,,80
2018-07-14 10:00:00,24,,,214,21,31,73,311,,34,186,,74
2018-07-14 11:00:00,45,,,13,41,77,70,320,,,150,,71
2018-07-14 12:00:00,59,,,210,48,79,82,331,,134,170,,71
2018-07-14 13:00:00,63,,,80,52,91,98,49,,118,162,,64
2018-07-14 14:00:00,73,,,74,60,88,113,43,,120,163,,46
2018-07-14 15:00:00,104,,,86,51,109,142,81,,149,171,,61
2018-07-14 16:00:00,142,,,113,53,100,177,93,,203,145,,88
2018-07-14 17:00:00,142,,,118,63,100,172,88,,216,224,,78
2018-07-14 18:00:00,134,,,123,62,97,170,88,,191,184,,75
2018-07-14 19:00:00,150,,,102,64,89,147,102,,160,161,,71
2018-07-14 20:00:00,152,,,113,69,95,165,115,,150,151,,93
2018-07-14 21:00:00,155,,,102,86,90,143,106,,128,125,,88
2018-07-14 22:00:00,163,,,105,47,98,137,99,,116,127,,72
2018-07-14 23:00:00,128,,,97,52,93,129,99,,122,132,,64
2018-07-15 00:00:00,80,,,97,65,106,129,125,,117,124,,75
2018-07-15 01:00:00,60,,,90,75,92,101,113,,108,128,,91
2018-07-15 02:00:00,55,,,80,75,81,93,112,,110,123,,87
2018-07-15 03:00:00,41,,,92,68,77,87,135,,108,117,,85
2018-07-15 04:00:00,37,,,69,129,51,75,175,,81,101,,99
2018-07-15 05:00:00,7,,,291,85,9,74,227,,69,59,,117
2018-07-15 06:00:00,57,,,278,121,297,91,240,,103,68,,145
2018-07-15 07:00:00,77,,,275,17,304,99,231,,150,83,,226
2018-07-15 08:00:00,37,,,262,7,360,85,286,,97,76,,280
2018-07-15 09:00:00,41,,,141,32,2,56,308,,17,3,,59
2018-07-15 10:00:00,40,,,250,29,13,101,310,,15,11,,78
2018-07-15 11:00:00,70,,,131,38,61,86,327,,22,58,,78
2018-07-15 12:00:00,59,,,121,53,86,90,77,,148,203,,67
2018-07-15 13:00:00,66,,,77,53,83,94,79,,165,195,,59
2018-07-15 14:00:00,76,,,77,58,92,96,76,,130,200,,56
2018-07-15 15:00:00,94,,,97,56,87,114,97,,139,165,,62
2018-07-15 16:00:00,145,,,112,57,107,167,119,,143,162,,69
2018-07-15 17:00:00,146,,,112,49,94,163,102,,139,169,,82
2018-07-15 18:00:00,156,,,111,53,98,164,116,,146,155,,88
2018-07-15 19:00:00,153,,,116,74,81,153,110,,145,158,,91
2018-07-15 20:00:00,154,,,118,73,79,155,115,,150,160,,73
2018-07-15 21:00:00,136,,,107,62,90,151,106,,147,155,,64
2018-07-15 22:00:00,141,,,102,60,84,149,104,,144,152,,67
2018-07-15 23:00:00,100,,,92,93,84,137,134,,132,149,,88
2018-07-16 00:00:00,58,,,87,105,87,125,137,,123,143,,97
2018-07-16 01:00:00,68,,,93,84,101,128,196,,118,137,,108
2018-07-16 02:00:00,50,,,108,132,102,116,189,,127,132,,103
2018-07-16 03:00:00,357,,,77,118,69,92,211,,127,121,,114
2018-07-16 04:00:00,19,,,347,135,49,89,237,,104,112,,117
2018-07-16 05:00:00,55,,,257,113,2,94,240,,88,94,,109
2018-07-16 06:00:00,87,,,233,109,295,92,247,,74,61,,102
2018-07-16 07:00:00,77,,,230,89,303,91,241,,70,40,,117
2018-07-16 08:00:00,78,,,232,63,311,84,279,,81,105,,84
2018-07-16 09:00:00,28,,,287,33,309,38,305,,53,153,,91
2018-07-16 10:00:00,25,,,290,40,11,80,316,,338,9,,49
2018-07-16 11:00:00,33,,,183,8,84,95,314,,343,178,,74
2018-07-16 12:00:00,49,,,215,48,83,90,320,,45,163,,71
2018-07-16 13:00:00,54,,,95,51,93,93,330,,169,170,,67
2018-07-16 14:00:00,101,,,65,63,84,78,58,,82,205,,49
2018-07-16 15:00:00,75,,,69,65,94,99,33,,155,215,,49
2018-07-16 16:00:00,105,,,84,54,86,153,41,,158,180,,75
2018-07-16 17:00:00,92,,,100,58,96,142,107,,140,142,,84
2018-07-16 18:00:00,152,,,116,83,104,175,125,,117,132,,103
2018-07-16 19:00:00,154,,,110,94,88,157,115,,126,148,,97
2018-07-16 20:00:00,144,,,112,85,73,163,103,,129,128,,105
2018-07-16 21:00:00,123,,,93,72,103,126,84,,114,121,,89
2018-07-16 22:00:00,109,,,98,56,96,133,88,,115,120,,75
2018-07-16 23:00:00,101,,,93,55,88,141,88,,126,126,,71
2018-07-17 00:00:00,90,,,88,51,94,136,103,,121,128,,65
2018-07-17 01:00:00,58,,,87,51,58,110,110,,119,130,,73
2018-07-17 02:00:00,75,,,86,53,17,100,126,,100,125,,80
2018-07-17 03:00:00,48,,,106,68,68,92,172,,120,129,,84
2018-07-17 04:00:00,30,,,95,83,5,84,218,,122,122,,90
2018-07-17 05:00:00,58,,,151,94,13,86,218,,101,120,,103
2018-07-17 06:00:00,29,,,216,53,296,106,237,,34,53,,220
2018-07-17 07:00:00,38,,,260,344,277,89,239,,36,29,,226
2018-07-17 08:00:00,20,,,256,302,295,33,290,,62,55,,274
2018-07-17 09:00:00,11,,,305,292,26,40,305,,26,26,,255
2018-07-17 10:00:00,13,,,21,320,62,25,306,,9,,,228
2018-07-17 11:00:00,56,,,103,352,83,85,322,,57,88,,74
2018-07-17 12:00:00,60,,,120,61,85,89,317,,128,150,,80
2018-07-17 13:00:00,51,,,95,56,91,91,355,,112,154,,63
2018-07-17 14:00:00,70,,,88,59,83,94,53,,136,154,,57
2018-07-17 15:00:00,76,,,91,48,64,119,79,,129,139,,55
2018-07-17 16:00:00,140,,,105,54,76,158,112,,120,143,,80
2018-07-17 17:00:00,138,,,105,55,80,131,109,,119,135,,73
2018-07-17 18:00:00,140,,,101,70,45,132,101,,132,127,,75
2018-07-17 19:00:00,140,,,111,72,61,167,94,,129,131,,94
2018-07-17 20:00:00,146,,,114,84,103,153,99,,121,125,,105
2018-07-17 21:00:00,110,,,98,88,109,139,70,,121,124,,90
2018-07-17 22:00:00,143,,,96,57,107,141,98,,125,125,,82
2018-07-17 23:00:00,99,,,90,47,105,127,93,,137,132,,72
2018-07-18 00:00:00,116,,,86,57,117,115,98,,122,118,,64
2018-07-18 01:00:00,76,,,78,69,121,98,115,,117,121,,77
2018-07-18 02:00:00,45,,,104,90,233,80,116,,95,123,,98
2018-07-18 03:00:00,32,,,260,166,298,73,234,,85,111,,98
2018-07-18 04:00:00,30,,,218,87,132,78,259,,16,96,,104
2018-07-18 05:00:00,38,,,244,79,107,63,264,,34,39,,133
2018-07-18 06:00:00,57,,,280,297,1,41,247,,32,39,,219
2018-07-18 07:00:00,345,,,267,226,244,30,261,,23,34,,231
2018-07-18 08:00:00,8,,,261,318,343,48,293,,47,11,,286
2018-07-18 09:00:00,19,,,279,13,25,57,307,,21,22,,173
2018-07-18 10:00:00,15,,,297,336,79,62,310,,10,20,,73
2018-07-18 11:00:00,7,,,9,31,72,60,310,,35,69,,57
2018-07-18 12:00:00,48,,,119,37,93,83,319,,81,,,89
2018-07-18 13:00:00,85,,,73,53,82,83,316,,90,,,69
2018-07-18 14:00:00,82,,,88,63,74,107,45,,94,106,,62
2018-07-18 15:00:00,75,,,93,58,51,125,46,,107,162,,64
2018-07-18 16:00:00,98,,,103,58,24,105,40,,98,142,,83
2018-07-18 17:00:00,93,,,100,56,328,114,25,,140,134,,63
2018-07-18 18:00:00,103,,,95,57,185,139,75,,131,140,,87
2018-07-18 19:00:00,140,,,100,55,167,152,140,,131,146,,102
2018-07-18 20:00:00,152,,,101,60,155,151,140,,116,140,,116
2018-07-18 21:00:00,210,,,67,60,242,108,164,,159,173,,136
2018-07-18 22:00:00,150,,,72,71,180,148,182,,110,121,,83
2018-07-18 23:00:00,89,,,100,104,54,116,152,,110,118,,86
2018-07-19 00:00:00,349,,,120,96,111,95,131,,133,141,,110
2018-07-19 01:00:00,40,,,251,119,99,74,97,,80,121,,117
2018-07-19 02:00:00,50,,,274,105,117,70,232,,75,82,,112
2018-07-19 03:00:00,51,,,287,127,99,73,251,,103,111,,110
2018-07-19 04:00:00,37,,,257,140,84,85,265,,62,112,,105
2018-07-19 05:00:00,40,,,308,107,48,89,270,,86,80,,102
2018-07-19 06:00:00,52,,,275,124,29,90,254,,92,66,,106
2018-07-19 07:00:00,43,,,254,32,26,87,253,,71,60,,96
2018-07-19 08:00:00,10,,,256,53,58,63,289,,82,79,,100
2018-07-19 09:00:00,12,,,291,341,34,49,298,,23,43,,325
2018-07-19 10:00:00,42,,,303,325,66,75,306,,13,69,,69
2018-07-19 11:00:00,19,,,357,30,84,78,311,,99,56,,80
2018-07-19 12:00:00,57,,,176,43,77,102,320,,108,150,,70
2018-07-19 13:00:00,50,,,90,60,50,94,323,,152,170,,71
2018-07-19 14:00:00,72,,,97,63,82,95,26,,130,176,,60
2018-07-19 15:00:00,76,,,107,63,64,95,34,,124,171,,57
2018-07-19 16:00:00,75,,,92,56,68,113,37,,140,155,,60
2018-07-19 17:00:00,89,,,109,52,77,139,55,,129,123,,56
2018-07-19 18:00:00,128,,,110,64,76,165,105,,110,133,,86
2018-07-19 19:00:00,126,,,92,64,87,114,107,,120,130,,88
2018-07-19 20:00:00,120,,,77,55,94,136,90,,129,135,,109
2018-07-19 21:00:00,151,,,80,65,84,146,117,,111,118,,106
2018-07-19 22:00:00,102,,,82,49,99,125,106,,117,125,,98
2018-07-19 23:00:00,112,,,101,52,108,135,111,,124,130,,65
2018-07-20 00:00:00,60,,,87,67,95,111,133,,125,123,,68
2018-07-20 01:00:00,29,,,93,88,97,96,116,,126,123,,119
2018-07-20 02:00:00,24,,,121,98,101,86,153,,111,124,,120
2018-07-20 03:00:00,52,,,21,92,95,79,256,,79,114,,107
2018-07-20 04:00:00,51,,,66,101,42,92,278,,86,119,,102
2018-07-20 05:00:00,75,,,218,103,52,96,260,,80,105,,104
2018-07-20 06:00:00,56,,,172,88,76,107,243,,83,68,,104
2018-07-20 07:00:00,78,,,217,42,58,98,252,,67,65,,119
2018-07-20 08:00:00,22,,,232,34,67,73,294,,87,116,,79
2018-07-20 09:00:00,19,,,260,45,78,54,303,,77,149,,74
2018-07-20 10:00:00,61,,,232,35,84,69,308,,74,151,,74
2018-07-20 11:00:00,74,,,295,43,97,89,314,,108,165,,72
2018-07-20 12:00:00,68,,,95,45,88,88,310,,132,143,,71
2018-07-20 13:00:00,75,,,87,60,87,108,33,,127,142,,57
2018-07-20 14:00:00,62,,,87,58,94,111,41,,136,163,,51
2018-07-20 15:00:00,67,,,96,52,95,130,103,,153,124,,46
2018-07-20 16:00:00,125,,,101,51,90,165,108,,121,130,,68
2018-07-20 17:00:00,148,,,109,54,92,149,113,,124,141,,83
2018-07-20 18:00:00,150,,,99,65,103,149,110,,118,126,,88
2018-07-20 19:00:00,147,,,97,77,96,137,110,,116,131,,102
2018-07-20 20:00:00,148,,,98,79,126,143,95,,115,120,,109
2018-07-20 21:00:00,104,,,94,76,105,136,73,,108,118,,96
2018-07-20 22:00:00,99,,,93,57,84,138,88,,110,121,,71
2018-07-20 23:00:00,97,,,92,47,96,134,99,,121,125,,68
2018-07-21 00:00:00,99,,,86,56,93,110,87,,124,128,,83
2018-07-21 01:00:00,85,,,79,65,87,92,125,,109,120,,89
2018-07-21 02:00:00,71,,,85,76,86,96,127,,101,116,,90
2018-07-21 03:00:00,56,,,94,80,89,86,171,,94,106,,77
2018-07-21 04:00:00,45,,,108,79,98,99,206,,93,99,,88
2018-07-21 05:00:00,40,,,105,97,105,103,210,,99,116,,101
2018-07-21 06:00:00,38,,,101,81,105,103,228,,92,131,,94
2018-07-21 07:00:00,63,,,127,116,101,92,217,,105,136,,107
2018-07-21 08:00:00,81,,,60,63,78,87,311,,128,134,,94
2018-07-21 09:00:00,44,,,147,34,67,71,308,,72,158,,62
2018-07-21 10:00:00,53,,,342,54,86,58,312,,53,169,,62
2018-07-21 11:00:00,40,,,78,35,90,81,312,,136,159,,78
2018-07-21 12:00:00,72,,,99,52,93,103,320,,134,159,,73
2018-07-21 13:00:00,92,,,100,56,79,122,15,,132,140,,66
2018-07-21 14:00:00,56,,,106,65,93,121,40,,121,141,,65
2018-07-21 15:00:00,79,,,93,66,112,137,55,,141,149,,56
2018-07-21 16:00:00,119,,,96,54,97,145,109,,120,151,,57
2018-07-21 17:00:00,142,,,93,53,91,148,121,,125,134,,70
2018-07-21 18:00:00,135,,,94,57,100,144,104,,114,115,,81
2018-07-21 19:00:00,138,,,111,66,97,158,98,,125,145,,92
2018-07-21 20:00:00,144,,,114,73,96,157,96,,109,117,,108
2018-07-21 21:00:00,90,,,92,67,92,134,77,,103,109,,79
2018-07-21 22:00:00,95,,,93,48,95,129,75,,102,115,,63
2018-07-21 23:00:00,87,,,79,46,101,117,86,,107,120,,56
2018-07-22 00:00:00,90,,,91,49,93,116,97,,115,128,,61
2018-07-22 01:00:00,93,,,101,56,92,125,132,,103,144,,75
2018-07-22 02:00:00,62,,,123,96,100,95,170,,86,114,,88
2018-07-22 03:00:00,65,,,128,113,80,96,220,,92,95,,96
2018-07-22 04:00:00,32,,,288,73,99,72,226,,68,61,,108
2018-07-22 05:00:00,66,,,253,67,98,79,256,,92,67,,98
2018-07-22 06:00:00,51,,,266,356,67,87,247,,94,70,,157
2018-07-22 07:00:00,24,,,256,82,76,88,242,,77,76,,150
2018-07-22 08:00:00,13,,,259,27,81,58,283,,81,73,,297
2018-07-22 09:00:00,354,,,290,6,86,56,300,,50,34,,323
2018-07-22 10:00:00,28,,,316,328,74,64,305,,29,20,,37
2018-07-22 11:00:00,31,,,232,21,77,69,312,,30,73,,78
2018-07-22 12:00:00,60,,,168,39,89,82,311,,103,96,,70
2018-07-22 13:00:00,60,,,79,65,91,83,333,,114,148,,72
2018-07-22 14:00:00,78,,,96,60,103,100,54,,125,153,,67
2018-07-22 15:00:00,78,,,90,60,107,113,64,,122,126,,59
2018-07-22 16:00:00,73,,,89,54,97,115,66,,119,140,,43
2018-07-22 17:00:00,94,,,94,56,84,135,81,,132,139,,67
2018-07-22 18:00:00,123,,,99,57,85,152,100,,131,133,,76
2018-07-22 19:00:00,129,,,90,59,80,126,103,,112,107,,91
2018-07-22 20:00:00,111,,,78,68,77,115,124,,89,97,,114
2018-07-22 21:00:00,122,,,81,55,79,130,94,,144,124,,104
2018-07-22 22:00:00,98,,,92,53,97,133,120,,121,112,,96
2018-07-22 23:00:00,88,,,94,55,93,124,83,,138,123,,67
2018-07-23 00:00:00,70,,,95,64,97,112,121,,112,127,,68
2018-07-23 01:00:00,54,,,118,81,94,89,125,,96,111,,92
2018-07-23 02:00:00,32,,,44,103,94,83,153,,101,112,,97
2018-07-23 03:00:00,17,,,296,92,74,82,218,,96,110,,112
2018-07-23 04:00:00,17,,,247,89,94,88,234,,77,89,,134
2018-07-23 05:00:00,7,,,255,60,95,76,237,,23,28,,175
2018-07-23 06:00:00,288,,,284,346,73,44,229,,27,26,,230
2018-07-23 07:00:00,357,,,287,243,78,22,232,,22,22,,227
2018-07-23 08:00:00,359,,,285,283,51,37,288,,24,5,,252
2018-07-23 09:00:00,1,,,279,322,29,46,307,,2,21,,264
2018-07-23 10:00:00,28,,,272,312,48,56,308,,8,48,,61
2018-07-23 11:00:00,34,,,140,30,75,78,311,,71,117,,85
2018-07-23 12:00:00,57,,,106,62,80,81,332,,125,101,,66
2018-07-23 13:00:00,67,,,81,59,86,97,15,,87,131,,58
2018-07-23 14:00:00,69,,,92,53,88,106,30,,81,156,,55
2018-07-23 15:00:00,80,,,88,51,104,100,,,130,152,,42
2018-07-23 16:00:00,82,,,99,53,84,130,61,,129,133,,55
2018-07-23 17:00:00,119,,,98,53,86,136,91,,122,136,,69
2018-07-23 18:00:00,140,,,100,57,86,142,108,,124,127,,77
2018-07-23 19:00:00,124,,,96,65,84,134,124,,115,126,,100
2018-07-23 20:00:00,120,,,81,66,82,113,108,,103,109,,114
2018-07-23 21:00:00,154,,,85,62,88,127,115,,195,109,,105
2018-07-23 22:00:00,143,,,85,55,101,119,106,,113,120,,107
2018-07-23 23:00:00,106,,,88,53,101,119,142,,149,128,,114
2018-07-24 00:00:00,62,,,100,121,100,92,121,,119,138,,117
2018-07-24 01:00:00,15,,,325,88,89,76,139,,241,124,,117
2018-07-24 02:00:00,53,,,247,164,90,78,265,,96,101,,119
2018-07-24 03:00:00,42,,,219,135,103,78,260,,14,66,,149
2018-07-24 04:00:00,1,,,261,70,88,68,252,,26,33,,186
2018-07-24 05:00:00,23,,,268,322,96,52,245,,31,39,,211
2018-07-24 06:00:00,267,,,273,223,63,25,241,,16,22,,241
2018-07-24 07:00:00,257,,,273,269,58,7,247,,29,13,,229
2018-07-24 08:00:00,250,,,338,144,346,285,259,,55,52,,240
2018-07-24 09:00:00,314,,,322,305,321,350,283,,41,38,,259
2018-07-24 10:00:00,358,,,326,343,350,40,310,,10,11,,75
2018-07-24 11:00:00,14,,,41,17,18,45,314,,25,33,,69
2018-07-24 12:00:00,35,,,225,59,75,55,314,,30,61,,90
2018-07-24 13:00:00,75,,,36,65,75,84,335,,102,92,,79
2018-07-24 14:00:00,71,,,62,51,20,82,30,,19,148,,56
2018-07-24 15:00:00,47,,,61,64,14,79,11,,65,95,,40
2018-07-24 16:00:00,69,,,70,65,12,96,356,,35,102,,48
2018-07-24 17:00:00,99,,,94,63,18,112,31,,78,82,,79
2018-07-24 18:00:00,90,,,71,63,51,103,67,,88,85,,81
2018-07-24 19:00:00,112,,,77,48,37,140,,,106,88,,87
2018-07-24 20:00:00,120,,,100,65,109,142,123,,100,72,,100
2018-07-24 21:00:00,124,,,96,68,113,150,114,,182,78,,85
2018-07-24 22:00:00,129,,,99,52,292,145,113,,139,95,,91
2018-07-24 23:00:00,92,,,87,50,233,116,94,,118,126,,74
2018-07-25 00:00:00,97,,,88,50,,131,123,,133,128,,74
2018-07-25 01:00:00,81,,,118,80,192,126,133,,127,118,,102
2018-07-25 02:00:00,69,,,152,135,303,108,132,,122,326,,116
2018-07-25 03:00:00,12,,,276,170,288,66,147,,126,60,,168
2018-07-25 04:00:00,23,,,258,192,102,68,237,,94,94,,113
2018-07-25 05:00:00,74,,,200,332,321,75,244,,181,222,,104
2018-07-25 06:00:00,127,,,216,174,293,54,243,,237,287,,116
2018-07-25 07:00:00,213,,,283,262,302,48,238,,202,278,,178
2018-07-25 08:00:00,2,,,274,51,148,51,87,,145,176,,181
2018-07-25 09:00:00,57,,,257,46,98,58,84,,139,182,,89
2018-07-25 10:00:00,83,,,96,64,136,87,339,,130,168,,67
2018-07-25 11:00:00,77,,,77,65,73,99,62,,133,134,,62
2018-07-25 12:00:00,69,,,89,55,106,108,38,,104,139,,66
2018-07-25 13:00:00,65,,,98,45,103,106,57,,123,129,,53
2018-07-25 14:00:00,75,,,89,49,84,117,59,,123,116,,52
2018-07-25 15:00:00,36,,,50,57,94,74,41,,49,95,,49
2018-07-25 16:00:00,20,,,37,64,63,54,18,,22,21,,99
2018-07-25 17:00:00,68,,,168,95,94,35,283,,342,,,104
2018-07-25 18:00:00,214,,,229,113,90,257,298,,,313,,108
2018-07-25 19:00:00,220,,,176,111,119,244,332,,,304,,106
2018-07-25 20:00:00,191,,,123,86,138,256,100,,,328,,103
2018-07-25 21:00:00,180,,,73,105,126,254,95,,96,134,,90
2018-07-25 22:00:00,138,,,76,110,114,184,,,182,197,,
2018-07-25 23:00:00,102,,,104,41,103,75,193,,7,53,,136
2018-07-26 00:00:00,65,,,152,113,94,76,175,,88,87,,80
2018-07-26 01:00:00,66,,,99,78,36,119,89,,165,164,,78
2018-07-26 02:00:00,95,,,98,86,333,130,,,170,185,,75
2018-07-26 03:00:00,140,,,93,63,44,133,,,125,168,,74
2018-07-26 04:00:00,87,,,92,66,12,105,132,,111,59,,76
2018-07-26 05:00:00,58,,,88,77,310,87,178,,77,43,,83
2018-07-26 06:00:00,27,,,183,67,305,64,187,,55,34,,101
2018-07-26 07:00:00,49,,,291,150,306,64,163,,47,42,,103
2018-07-26 08:00:00,28,,,207,107,329,46,245,,44,27,,88
2018-07-26 09:00:00,23,,,93,42,29,57,308,,8,358,,85
2018-07-26 10:00:00,23,,,97,43,96,62,322,,9,132,,97
2018-07-26 11:00:00,44,,,83,57,100,87,328,,57,40,,75
2018-07-26 12:00:00,77,,,100,63,103,84,29,,358,83,,45
2018-07-26 13:00:00,58,,,80,56,84,92,76,,72,68,,52
2018-07-26 14:00:00,53,,,50,62,62,93,55,,90,101,,51
2018-07-26 15:00:00,96,,,91,65,85,116,18,,86,78,,65
2018-07-26 16:00:00,86,,,116,68,110,119,63,,83,103,,56
2018-07-26 17:00:00,100,,,88,69,103,104,53,,81,74,,77
2018-07-26 18:00:00,117,,,98,70,87,120,68,,78,77,,86
2018-07-26 19:00:00,114,,,100,71,82,130,108,,86,88,,90
2018-07-26 20:00:00,102,,,97,75,86,141,106,,113,127,,90
2018-07-26 21:00:00,152,,,107,83,95,154,119,,128,133,,101
2018-07-26 22:00:00,119,,,97,79,106,145,86,,120,130,,90
2018-07-26 23:00:00,128,,,103,55,113,144,104,,125,143,,71
2018-07-27 00:00:00,95,,,96,57,100,127,83,,122,131,,59
2018-07-27 01:00:00,125,,,97,50,89,136,76,,132,134,,58
2018-07-27 02:00:00,106,,,91,47,84,122,96,,131,158,,61
2018-07-27 03:00:00,113,,,93,44,80,130,95,,148,140,,88
2018-07-27 04:00:00,73,,,87,59,86,125,122,,133,132,,75
2018-07-27 05:00:00,68,,,94,64,101,127,106,,121,131,,65
2018-07-27 06:00:00,66,,,109,91,232,129,107,,125,147,,69
2018-07-27 07:00:00,46,,,125,79,20,120,110,,150,125,,77
2018-07-27 08:00:00,94,,,107,59,31,129,110,,157,74,,78
2018-07-27 09:00:00,74,,,96,52,49,125,108,,169,153,,76
2018-07-27 10:00:00,68,,,80,46,54,110,101,,138,205,,64
2018-07-27 11:00:00,90,,,73,52,62,113,66,,154,,,72
2018-07-27 12:00:00,73,,,92,57,98,119,70,,151,152,,65
2018-07-27 13:00:00,80,,,,50,83,126,62,,133,144,,58
2018-07-27 14:00:00,96,,,99,58,98,141,64,,132,141,,74
2018-07-27 15:00:00,93,,,94,63,94,145,96,,130,142,,75
2018-07-27 16:00:00,105,,,100,57,69,141,102,,132,142,,95
2018-07-27 17:00:00,113,,,101,65,91,147,95,,133,136,,88
2018-07-27 18:00:00,128,,,118,70,89,181,103,,131,146,,89
2018-07-27 19:00:00,156,,,127,64,81,202,131,,181,189,,91
2018-07-27 20:00:00,150,,,124,83,85,189,134,,92,172,,74
2018-07-27 21:00:00,140,,,113,70,91,164,116,,176,123,,70
2018-07-27 22:00:00,127,,,104,67,112,132,115,,121,136,,59
2018-07-27 23:00:00,133,,,96,49,101,134,108,,121,125,,62
2018-07-28 00:00:00,60,,,88,55,95,123,123,,116,125,,73
2018-07-28 01:00:00,59,,,86,61,71,104,122,,99,114,,79
2018-07-28 02:00:00,55,,,90,72,58,98,146,,88,114,,78
2018-07-28 03:00:00,33,,,65,102,83,89,199,,88,107,,102
2018-07-28 04:00:00,60,,,63,100,131,96,216,,108,97,,103
2018-07-28 05:00:00,62,,,132,101,8,123,238,,130,109,,98
2018-07-28 06:00:00,52,,,123,101,282,117,231,,176,111,,101
2018-07-28 07:00:00,110,,,139,90,52,115,247,,216,112,,100
2018-07-28 08:00:00,77,,,132,55,43,102,284,,225,155,,83
2018-07-28 09:00:00,37,,,168,35,34,57,297,,59,81,,74
2018-07-28 10:00:00,17,,,217,38,77,62,311,,96,97,,82
2018-07-28 11:00:00,36,,,128,39,82,72,317,,114,155,,74
2018-07-28 12:00:00,79,,,89,53,88,84,352,,128,158,,60
2018-07-28 13:00:00,93,,,89,60,98,104,41,,122,140,,55
2018-07-28 14:00:00,66,,,85,63,97,114,63,,118,134,,48
2018-07-28 15:00:00,121,,,94,60,101,139,103,,127,140,,60
2018-07-28 16:00:00,136,,,96,52,101,142,107,,119,152,,73
2018-07-28 17:00:00,144,,,98,50,108,157,102,,118,139,,80
2018-07-28 18:00:00,139,,,99,56,114,148,117,,124,130,,78
2018-07-28 19:00:00,163,,,116,68,113,172,121,,121,135,,100
2018-07-28 20:00:00,151,,,120,85,99,184,110,,145,141,,101
2018-07-28 21:00:00,158,,,119,82,115,145,114,,138,135,,100
2018-07-28 22:00:00,109,,,89,56,111,132,105,,113,124,,90
2018-07-28 23:00:00,91,,,99,56,113,143,82,,114,117,,69
2018-07-29 00:00:00,81,,,94,56,113,121,63,,101,109,,65
2018-07-29 01:00:00,87,,,89,53,103,117,94,,103,103,,61
2018-07-29 02:00:00,62,,,88,,99,105,97,,98,97,,
2018-07-29 03:00:00,51,,,86,,92,103,122,,107,92,,82
2018-07-29 04:00:00,54,,,109,,85,88,184,,124,92,,85
2018-07-29 05:00:00,31,,,155,,71,82,218,,112,68,,101
2018-07-29 06:00:00,60,,,191,,79,76,224,,107,75,,89
2018-07-29 07:00:00,70,,,233,,97,90,228,,121,89,,92
2018-07-29 08:00:00,94,,,204,,104,98,275,,117,107,,74
2018-07-29 09:00:00,52,,,222,37,106,74,310,,94,79,,67
2018-07-29 10:00:00,54,,,64,25,76,89,313,,124,138,,68
2018-07-29 11:00:00,45,,,136,26,105,78,329,,138,184,,67
2018-07-29 12:00:00,57,,,127,46,98,84,13,,131,150,,63
2018-07-29 13:00:00,65,,,95,51,99,97,78,,111,140,,57
2018-07-29 14:00:00,63,,,86,64,93,112,91,,127,152,,47
2018-07-29 15:00:00,82,,,81,56,101,120,61,,125,150,,43
2018-07-29 16:00:00,74,,,110,61,94,121,91,,126,139,,46
2018-07-29 17:00:00,96,,,96,62,109,114,80,,129,143,,65
2018-07-29 18:00:00,105,,,89,60,105,129,96,,92,101,,87
2018-07-29 19:00:00,107,,,87,60,116,127,91,,82,87,,89
2018-07-29 20:00:00,92,,,87,59,124,121,78,,80,76,,85
2018-07-29 21:00:00,105,,,90,59,108,119,68,,101,118,,89
2018-07-29 22:00:00,138,,,97,60,108,145,73,,134,131,,78
2018-07-29 23:00:00,106,,,97,53,90,125,73,,113,125,,63
2018-07-30 00:00:00,83,,,91,55,73,125,64,,107,115,,59
2018-07-30 01:00:00,71,,,95,51,78,116,85,,127,117,,68
2018-07-30 02:00:00,79,,,91,52,75,131,98,,125,112,,63
2018-07-30 03:00:00,56,,,69,55,59,98,123,,101,118,,67
2018-07-30 04:00:00,51,,,152,82,9,80,175,,98,119,,88
2018-07-30 05:00:00,48,,,183,93,41,76,215,,95,113,,96
2018-07-30 06:00:00,59,,,226,56,79,92,245,,99,84,,99
2018-07-30 07:00:00,67,,,215,92,97,112,246,,105,117,,87
2018-07-30 08:00:00,75,,,248,74,94,88,280,,104,145,,75
2018-07-30 09:00:00,32,,,332,342,86,62,309,,85,92,,8
2018-07-30 10:00:00,22,,,324,6,81,73,309,,29,81,,78
2018-07-30 11:00:00,52,,,86,34,102,93,311,,353,144,,70
2018-07-30 12:00:00,59,,,125,50,95,64,327,,125,151,,70
2018-07-30 13:00:00,65,,,104,58,94,109,47,,122,147,,66
2018-07-30 14:00:00,77,,,92,59,93,126,66,,138,132,,48
2018-07-30 15:00:00,97,,,94,53,90,131,83,,124,144,,67
2018-07-30 16:00:00,94,,,99,59,100,134,70,,110,119,,82
2018-07-30 17:00:00,99,,,99,61,91,129,74,,107,101,,65
2018-07-30 18:00:00,91,,,94,54,101,117,88,,98,112,,82
2018-07-30 19:00:00,93,,,90,61,110,123,80,,88,92,,83
2018-07-30 20:00:00,103,,,89,64,119,125,87,,78,103,,90
2018-07-30 21:00:00,110,,,92,58,105,126,76,,119,128,,92
2018-07-30 22:00:00,118,,,99,59,100,149,70,,121,127,,84
2018-07-30 23:00:00,92,,,96,54,91,132,63,,121,129,,67
2018-07-31 00:00:00,88,,,99,57,90,129,82,,121,123,,63
2018-07-31 01:00:00,86,,,91,58,91,120,117,,114,115,,68
2018-07-31 02:00:00,66,,,91,52,78,114,90,,124,113,,72
2018-07-31 03:00:00,67,,,95,54,88,122,95,,127,108,,73
2018-07-31 04:00:00,66,,,95,69,94,128,127,,120,121,,76
2018-07-31 05:00:00,65,,,105,88,104,121,135,,118,122,,78
2018-07-31 06:00:00,43,,,221,76,76,92,205,,87,125,,100
2018-07-31 07:00:00,41,,,231,49,60,105,234,,22,124,,106
2018-07-31 08:00:00,15,,,284,359,63,60,292,,14,27,,110
2018-07-31 09:00:00,359,,,298,332,70,54,307,,355,348,,227
2018-07-31 10:00:00,24,,,290,340,87,46,310,,357,13,,44
2018-07-31 11:00:00,10,,,115,49,96,74,309,,338,21,,70
2018-07-31 12:00:00,35,,,97,59,100,87,310,,322,59,,92
2018-07-31 13:00:00,46,,,66,20,97,96,329,,2,53,,61
2018-07-31 14:00:00,35,,,14,46,100,64,30,,34,42,,39
2018-07-31 15:00:00,12,,,23,57,99,51,351,,7,29,,24
2018-07-31 16:00:00,12,,,23,69,102,65,133,,346,8,,53
2018-07-31 17:00:00,12,,,6,67,108,65,125,,3,42,,95
2018-07-31 18:00:00,12,,,52,75,109,101,124,,46,315,,77
2018-07-31 19:00:00,12,,,105,59,85,164,119,,192,224,,97
2018-07-31 20:00:00,12,,,118,66,90,205,115,,197,240,,91
2018-07-31 21:00:00,12,,,105,111,102,275,146,,231,276,,254
2018-07-31 22:00:00,12,,,105,107,98,272,130,,264,238,,209
2018-07-31 23:00:00,12,,,108,103,118,261,156,,91,173,,292
2018-08-01 00:00:00,,,,,,111,,,,,,,
2018-08-01 01:00:00,256,,,92,120,80,279,306,,59,85,,275
2018-08-01 02:00:00,221,,,97,69,90,242,228,,291,188,,278
2018-08-01 03:00:00,208,,,276,86,108,264,164,,166,176,,312
2018-08-01 04:00:00,231,,,329,122,96,245,195,,59,32,,140
2018-08-01 05:00:00,231,,,290,332,74,44,215,,14,9,,176
2018-08-01 06:00:00,239,,,291,268,53,353,227,,325,320,,218
2018-08-01 07:00:00,233,,,303,267,48,318,230,,335,355,,274
2018-08-01 08:00:00,248,,,326,3,72,329,246,,337,1,,280
2018-08-01 09:00:00,297,,,336,269,65,301,300,,330,352,,259
2018-08-01 10:00:00,76,,,28,327,74,268,298,,348,14,,191
2018-08-01 11:00:00,92,,,57,41,92,20,310,,359,60,,59
2018-08-01 12:00:00,334,,,130,47,83,60,309,,4,28,,98
2018-08-01 13:00:00,3,,,59,68,92,66,315,,46,323,,61
2018-08-01 14:00:00,34,,,82,73,87,97,314,,47,254,,51
2018-08-01 15:00:00,101,,,112,70,91,126,42,,23,243,,54
2018-08-01 16:00:00,87,,,91,66,80,107,310,,351,200,,66
2018-08-01 17:00:00,87,,,103,77,76,110,60,,45,191,,64
2018-08-01 18:00:00,110,,,104,67,77,126,102,,190,201,,70
2018-08-01 19:00:00,154,,,124,69,80,209,110,,177,168,,97
2018-08-01 20:00:00,147,,,129,103,85,217,116,,166,164,,86
2018-08-01 21:00:00,135,,,122,65,110,204,103,,143,142,,54
2018-08-01 22:00:00,105,,,109,51,99,142,95,,136,133,,77
2018-08-01 23:00:00,103,,,88,57,104,120,113,,125,147,,67
2018-08-02 00:00:00,51,,,116,75,96,111,112,,163,164,,68
2018-08-02 01:00:00,3,,,291,105,112,75,107,,128,156,,123
2018-08-02 02:00:00,12,,,253,153,114,67,181,,95,119,,138
2018-08-02 03:00:00,35,,,227,123,101,69,234,,60,64,,113
2018-08-02 04:00:00,40,,,225,124,104,63,240,,30,18,,90
2018-08-02 05:00:00,354,,,284,22,95,49,231,,359,350,,113
2018-08-02 06:00:00,247,,,263,350,99,51,220,,339,4,,223
2018-08-02 07:00:00,235,,,297,219,58,16,223,,13,3,,197
2018-08-02 08:00:00,48,,,325,326,11,36,163,,40,55,,253
2018-08-02 09:00:00,33,,,309,348,57,41,310,,4,17,,23
2018-08-02 10:00:00,22,,,111,32,37,46,321,,58,213,,318
2018-08-02 11:00:00,66,,,115,21,98,77,358,,182,178,,52
2018-08-02 12:00:00,93,,,122,83,74,113,64,,109,148,,62
2018-08-02 13:00:00,84,,,89,69,105,129,70,,133,153,,64
2018-08-02 14:00:00,50,,,49,60,91,86,53,,56,65,,53
2018-08-02 15:00:00,78,,,74,70,106,101,37,,80,63,,45
2018-08-02 16:00:00,90,,,110,84,106,129,10,,103,74,,67
2018-08-02 17:00:00,96,,,104,71,129,110,67,,69,84,,55
2018-08-02 18:00:00,102,,,95,64,163,122,64,,86,96,,91
2018-08-02 19:00:00,98,,,85,58,142,118,80,,99,90,,92
2018-08-02 20:00:00,95,,,88,55,115,127,74,,84,78,,90
2018-08-02 21:00:00,110,,,89,60,106,129,88,,120,98,,75
2018-08-02 22:00:00,124,,,101,61,100,146,93,,153,145,,83
2018-08-02 23:00:00,138,,,101,55,97,148,104,,134,145,,68
2018-08-03 00:00:00,115,,,97,50,98,138,91,,118,129,,60
2018-08-03 01:00:00,93,,,91,55,99,129,98,,118,127,,55
2018-08-03 02:00:00,63,,,89,59,93,118,124,,115,123,,62
2018-08-03 03:00:00,52,,,119,65,68,107,167,,130,124,,77
2018-08-03 04:00:00,43,,,259,109,77,85,223,,97,119,,99
2018-08-03 05:00:00,97,,,307,95,76,116,212,,169,267,,99
2018-08-03 06:00:00,257,,,236,46,98,248,156,,135,322,,158
2018-08-03 07:00:00,234,,,293,250,97,24,196,,33,13,,235
2018-08-03 08:00:00,250,,,285,281,70,37,264,,30,25,,328
2018-08-03 09:00:00,290,,,319,1,66,36,312,,6,357,,7
2018-08-03 10:00:00,70,,,117,20,67,47,330,,87,191,,15
2018-08-03 11:00:00,66,,,157,2,101,86,345,,54,162,,62
2018-08-03 12:00:00,53,,,311,54,79,93,313,,206,172,,73
2018-08-03 13:00:00,39,,,23,75,74,85,328,,45,46,,66
2018-08-03 14:00:00,41,,,51,77,90,87,350,,70,48,,44
2018-08-03 15:00:00,69,,,70,62,77,105,35,,58,76,,63
2018-08-03 16:00:00,76,,,86,60,108,106,45,,89,84,,51
2018-08-03 17:00:00,81,,,98,55,111,121,66,,91,121,,52
2018-08-03 18:00:00,91,,,90,59,99,119,62,,97,87,,66
2018-08-03 19:00:00,95,,,96,63,100,128,62,,94,86,,83
2018-08-03 20:00:00,97,,,87,60,98,124,79,,91,74,,88
2018-08-03 21:00:00,114,,,94,54,102,140,102,,113,77,,81
2018-08-03 22:00:00,103,,,101,59,105,135,103,,122,97,,81
2018-08-03 23:00:00,94,,,96,49,102,125,77,,113,123,,
2018-08-04 00:00:00,91,,,102,50,98,141,92,,109,117,,65
2018-08-04 01:00:00,73,,,93,60,94,121,123,,104,110,,77
2018-08-04 02:00:00,52,,,72,97,95,82,169,,85,75,,90
2018-08-04 03:00:00,22,,,108,159,104,96,225,,78,73,,99
2018-08-04 04:00:00,17,,,227,122,97,98,226,,106,42,,104
2018-08-04 05:00:00,22,,,250,201,86,79,229,,56,109,,189
2018-08-04 06:00:00,72,,,231,224,67,100,228,,90,128,,197
2018-08-04 07:00:00,25,,,271,222,42,114,222,,95,182,,242
2018-08-04 08:00:00,28,,,295,271,29,113,268,,55,49,,280
2018-08-04 09:00:00,2,,,313,347,22,66,319,,59,69,,312
2018-08-04 10:00:00,30,,,23,43,2,80,327,,96,122,,76
2018-08-04 11:00:00,81,,,111,52,93,115,52,,128,138,,56
2018-08-04 12:00:00,75,,,97,57,97,123,59,,121,135,,51
2018-08-04 13:00:00,84,,,92,57,87,129,82,,117,144,,54
2018-08-04 14:00:00,96,,,101,55,98,128,92,,115,155,,68
2018-08-04 15:00:00,124,,,100,53,88,148,93,,129,148,,64
2018-08-04 16:00:00,148,,,102,57,98,149,100,,136,141,,90
2018-08-04 17:00:00,135,,,114,62,37,157,105,,140,167,,91
2018-08-04 18:00:00,141,,,106,67,286,161,103,,146,153,,90
2018-08-04 19:00:00,154,,,110,80,133,160,112,,145,151,,93
2018-08-04 20:00:00,156,,,109,74,50,151,116,,146,160,,78
2018-08-04 21:00:00,142,,,108,63,90,,108,,149,156,,69
2018-08-04 22:00:00,136,,,106,54,68,,105,,148,150,,63
2018-08-04 23:00:00,143,,,108,44,56,,106,,143,142,,73
2018-08-05 00:00:00,57,,,111,55,69,,112,,125,154,,75
2018-08-05 01:00:00,52,,,108,72,353,,112,,111,135,,88
2018-08-05 02:00:00,78,,,118,63,25,,110,,119,137,,79
2018-08-05 03:00:00,58,,,100,68,35,,122,,116,144,,95
2018-08-05 04:00:00,37,,,121,60,42,,120,,122,107,,98
2018-08-05 05:00:00,29,,,109,67,61,,130,,123,110,,93
2018-08-05 06:00:00,63,,,79,69,80,,110,,127,124,,79
2018-08-05 07:00:00,68,,,101,65,84,,114,,135,156,,75
2018-08-05 08:00:00,75,,,104,74,90,,125,,161,166,,64
2018-08-05 09:00:00,58,,,100,66,80,,128,,127,140,,66
2018-08-05 10:00:00,67,,,77,69,67,,116,,97,99,,75
2018-08-05 11:00:00,69,,,92,59,77,,81,,110,138,,61
2018-08-05 12:00:00,118,,,99,57,67,,98,,169,128,,72
2018-08-05 13:00:00,100,,,98,51,91,,96,,145,151,,68
2018-08-05 14:00:00,117,,,100,56,103,,93,,130,145,,64
2018-08-05 15:00:00,134,,,105,54,112,,80,,142,155,,68
2018-08-05 16:00:00,139,,,103,51,141,,91,,134,139,,68
2018-08-05 17:00:00,82,,,98,53,151,,110,,141,142,,65
2018-08-05 18:00:00,117,,,100,60,76,,99,,136,140,,70
2018-08-05 19:00:00,136,,,112,63,342,,94,,153,152,,70
2018-08-05 20:00:00,141,,,121,65,63,,96,,183,149,,68
2018-08-05 21:00:00,132,,,119,68,49,,106,,110,96,,80
2018-08-05 22:00:00,121,,,94,59,47,,93,,130,110,,75
2018-08-05 23:00:00,122,,,94,53,84,,97,,196,125,,70
2018-08-06 00:00:00,108,,,95,51,80,,93,,114,133,,72
2018-08-06 01:00:00,66,,,93,57,34,,121,,80,85,,76
2018-08-06 02:00:00,66,,,97,57,26,,111,,125,118,,92
2018-08-06 03:00:00,66,,,98,57,16,,133,,91,92,,106
2018-08-06 04:00:00,79,,,226,70,75,,249,,38,93,,93
2018-08-06 05:00:00,66,,,271,95,76,,268,,95,109,,97
2018-08-06 06:00:00,58,,,280,87,70,,263,,97,136,,84
2018-08-06 07:00:00,82,,,304,79,77,,264,,122,140,,75
2018-08-06 08:00:00,58,,,117,76,95,,116,,155,139,,89
2018-08-06 09:00:00,39,,,124,59,84,,90,,153,149,,85
2018-08-06 10:00:00,35,,,160,54,81,,89,,157,118,,76
2018-08-06 11:00:00,71,,,115,57,82,,90,,138,135,,69
2018-08-06 12:00:00,68,,,96,54,69,,106,,108,123,,60
2018-08-06 13:00:00,93,,,100,58,96,,108,,114,133,,65
2018-08-06 14:00:00,124,,,93,49,130,,109,,116,132,,63
2018-08-06 15:00:00,123,,,100,54,125,,93,,127,128,,81
2018-08-06 16:00:00,120,,,100,56,107,148,103,,125,134,,69
2018-08-06 17:00:00,140,,,97,58,107,138,97,,136,147,,74
2018-08-06 18:00:00,131,,,108,59,106,156,90,,134,153,,80
2018-08-06 19:00:00,146,,,116,65,103,167,95,,148,157,,90
2018-08-06 20:00:00,148,,,118,87,112,178,102,,150,144,,96
2018-08-06 21:00:00,141,,,122,74,113,155,91,,121,125,,85
2018-08-06 22:00:00,104,,,99,63,79,137,72,,120,126,,80
2018-08-06 23:00:00,131,,,96,53,94,136,91,,121,129,,72
2018-08-07 00:00:00,115,,,97,49,92,137,96,,131,142,,65
2018-08-07 01:00:00,114,,,95,59,92,137,105,,129,135,,63
2018-08-07 02:00:00,64,,,98,60,81,130,107,,116,122,,85
2018-08-07 03:00:00,57,,,119,59,82,113,126,,93,112,,85
2018-08-07 04:00:00,59,,,100,83,92,105,143,,105,123,,76
2018-08-07 05:00:00,58,,,119,72,102,105,128,,124,122,,84
2018-08-07 06:00:00,21,,,141,80,86,97,132,,102,88,,103
2018-08-07 07:00:00,27,,,20,90,75,94,231,,72,87,,94
2018-08-07 08:00:00,83,,,74,68,87,92,292,,100,129,,76
2018-08-07 09:00:00,65,,,102,69,91,78,312,,112,148,,71
2018-08-07 10:00:00,62,,,93,70,70,81,354,,141,151,,94
2018-08-07 11:00:00,68,,,79,62,78,93,73,,132,137,,67
2018-08-07 12:00:00,53,,,103,46,76,126,97,,119,133,,57
2018-08-07 13:00:00,87,,,98,47,89,131,109,,117,128,,65
2018-08-07 14:00:00,120,,,94,53,82,128,88,,117,131,,74
2018-08-07 15:00:00,115,,,99,60,102,132,93,,114,146,,71
2018-08-07 16:00:00,143,,,100,55,113,145,101,,126,138,,84
2018-08-07 17:00:00,150,,,107,65,97,150,94,,135,126,,88
2018-08-07 18:00:00,155,,,118,69,105,178,101,,129,125,,90
2018-08-07 19:00:00,163,,,124,104,88,178,106,,125,136,,109
2018-08-07 20:00:00,148,,,109,94,86,149,105,,141,137,,101
2018-08-07 21:00:00,145,,,110,84,89,141,97,,129,135,,86
2018-08-07 22:00:00,123,,,97,59,99,132,100,,132,128,,80
2018-08-07 23:00:00,107,,,103,47,88,144,96,,151,128,,65
2018-08-08 00:00:00,95,,,106,52,87,138,87,,134,136,,63
2018-08-08 01:00:00,102,,,92,62,101,125,93,,117,131,,65
2018-08-08 02:00:00,68,,,83,60,108,113,101,,103,118,,60
2018-08-08 03:00:00,72,,,96,60,110,118,118,,115,115,,67
2018-08-08 04:00:00,65,,,92,71,98,122,118,,102,111,,72
2018-08-08 05:00:00,39,,,87,91,92,86,200,,112,112,,92
2018-08-08 06:00:00,38,,,305,103,83,69,217,,70,92,,97
2018-08-08 07:00:00,32,,,270,64,81,89,249,,69,70,,108
2018-08-08 08:00:00,46,,,212,64,51,80,295,,104,151,,87
2018-08-08 09:00:00,34,,,251,41,2,68,312,,71,155,,63
2018-08-08 10:00:00,348,,,345,29,16,73,313,,90,130,,67
2018-08-08 11:00:00,57,,,105,41,78,93,333,,112,141,,66
2018-08-08 12:00:00,73,,,79,54,89,105,65,,125,135,,60
2018-08-08 13:00:00,52,,,93,44,101,120,79,,146,153,,50
2018-08-08 14:00:00,51,,,87,46,75,121,70,,111,133,,47
2018-08-08 15:00:00,73,,,99,50,108,119,106,,130,124,,47
2018-08-08 16:00:00,88,,,91,55,95,117,59,,122,128,,53
2018-08-08 17:00:00,89,,,98,62,104,137,77,,130,156,,70
2018-08-08 18:00:00,99,,,98,56,101,131,78,,97,112,,74
2018-08-08 19:00:00,99,,,96,59,90,124,112,,86,100,,96
2018-08-08 20:00:00,106,,,99,59,83,128,94,,140,156,,76
2018-08-08 21:00:00,142,,,102,58,97,133,97,,156,155,,69
2018-08-08 22:00:00,123,,,101,47,95,134,108,,152,160,,58
2018-08-08 23:00:00,148,,,105,52,94,134,103,,146,155,,61
2018-08-09 00:00:00,102,,,105,54,87,130,105,,133,133,,65
2018-08-09 01:00:00,59,,,99,64,98,133,104,,120,120,,69
2018-08-09 02:00:00,58,,,103,64,112,134,113,,121,133,,74
2018-08-09 03:00:00,52,,,95,89,94,120,130,,126,132,,99
2018-08-09 04:00:00,66,,,90,110,102,117,183,,147,129,,100
2018-08-09 05:00:00,65,,,101,83,91,120,221,,141,132,,96
2018-08-09 06:00:00,47,,,84,104,94,103,223,,122,128,,109
2018-08-09 07:00:00,8,,,260,53,74,68,252,,69,75,,206
2018-08-09 08:00:00,1,,,291,315,65,51,305,,52,59,,262
2018-08-09 09:00:00,37,,,286,336,51,64,314,,78,111,,22
2018-08-09 10:00:00,43,,,87,,71,79,306,,41,174,,70
2018-08-09 11:00:00,62,,,244,,85,72,290,,350,178,,64
2018-08-09 12:00:00,37,,,111,,77,63,303,,142,139,,62
2018-08-09 13:00:00,53,,,62,,100,111,325,,126,166,,68
2018-08-09 14:00:00,62,,,94,,105,101,11,,139,150,,
2018-08-09 15:00:00,60,,,107,,87,120,249,,93,153,,77
2018-08-09 16:00:00,149,,,108,,90,139,186,,156,167,,103
2018-08-09 17:00:00,177,,,140,,113,217,109,,162,183,,294
2018-08-09 18:00:00,181,,,145,,109,235,137,,215,221,,304
2018-08-09 19:00:00,147,,,126,,123,240,102,,199,200,,260
2018-08-09 20:00:00,139,,,116,,114,171,99,,126,131,,167
2018-08-09 21:00:00,124,,,106,,94,144,112,,114,128,,92
2018-08-09 22:00:00,139,,,101,,85,143,103,,139,158,,68
2018-08-09 23:00:00,153,,,97,,90,139,91,,139,151,,65
2018-08-10 00:00:00,115,,,98,,112,139,100,,128,144,,73
2018-08-10 01:00:00,100,,,99,,110,131,137,,125,138,,83
2018-08-10 02:00:00,38,,,101,,97,115,177,,117,130,,103
2018-08-10 03:00:00,58,,,72,,96,114,217,,110,118,,101
2018-08-10 04:00:00,61,,,58,,112,107,218,,105,120,,96
2018-08-10 05:00:00,72,,,89,,100,99,227,,89,112,,107
2018-08-10 06:00:00,95,,,150,,70,130,204,,96,118,,101
2018-08-10 07:00:00,101,,,141,,69,112,221,,93,118,,95
2018-08-10 08:00:00,49,,,90,,72,86,269,,70,60,,353
2018-08-10 09:00:00,22,,,48,,50,81,307,,58,102,,343
2018-08-10 10:00:00,80,,,58,,88,75,312,,53,129,,69
2018-08-10 11:00:00,39,,,18,,80,97,315,,131,148,,75
2018-08-10 12:00:00,65,,,112,,99,104,315,,109,156,,66
2018-08-10 13:00:00,46,,,82,356,90,87,319,,117,161,,66
2018-08-10 14:00:00,75,,,102,96,88,94,10,,147,158,,68
2018-08-10 15:00:00,68,,,99,98,81,140,43,,163,152,,74
2018-08-10 16:00:00,90,,,108,104,111,142,70,,132,145,,65
2018-08-10 17:00:00,149,,,101,99,97,144,112,,133,144,,112
2018-08-10 18:00:00,158,,,105,117,91,168,105,,132,131,,111
2018-08-10 19:00:00,166,,,103,143,96,168,128,,121,130,,120
2018-08-10 20:00:00,150,,,100,112,94,192,82,,123,128,,102
2018-08-10 21:00:00,92,,,103,86,96,213,77,,133,128,,73
2018-08-10 22:00:00,87,,,102,84,92,202,67,,134,131,,70
2018-08-10 23:00:00,98,,,102,82,88,201,90,,128,130,,60
2018-08-11 00:00:00,96,,,96,79,82,196,96,,116,117,,57
2018-08-11 01:00:00,92,,,103,87,85,188,88,,103,94,,63
2018-08-11 02:00:00,67,,,92,88,76,184,62,,104,84,,64
2018-08-11 03:00:00,61,,,94,96,101,166,119,,133,98,,78
2018-08-11 04:00:00,56,,,130,97,97,144,202,,107,102,,93
2018-08-11 05:00:00,59,,,180,17,77,162,216,,113,180,,96
2018-08-11 06:00:00,40,,,163,24,57,164,221,,98,65,,123
2018-08-11 07:00:00,107,,,226,110,36,148,229,,97,80,,162
2018-08-11 08:00:00,84,,,280,46,26,134,270,,82,63,,217
2018-08-11 09:00:00,30,,,291,109,7,120,292,,31,29,,333
2018-08-11 10:00:00,17,,,13,97,6,117,305,,19,18,,55
2018-08-11 11:00:00,33,,,81,105,111,124,308,,339,30,,72
2018-08-11 12:00:00,45,,,94,91,92,153,314,,33,146,,68
2018-08-11 13:00:00,40,,,78,113,90,146,320,,106,126,,60
2018-08-11 14:00:00,71,,,109,108,91,177,42,,108,127,,59
2018-08-11 15:00:00,77,,,113,112,92,185,60,,124,153,,56
2018-08-11 16:00:00,91,,,106,102,95,200,84,,130,123,,85
2018-08-11 17:00:00,147,,,71,97,90,177,79,,114,101,,100
2018-08-11 18:00:00,358,,,19,96,82,92,60,,98,104,,86
2018-08-11 19:00:00,192,,,153,104,83,101,289,,311,85,,87
2018-08-11 20:00:00,133,,,96,85,83,139,159,,78,161,,83
2018-08-11 21:00:00,36,,,116,93,87,160,135,,222,275,,70
2018-08-11 22:00:00,16,,,100,99,97,132,132,,74,60,,90
2018-08-11 23:00:00,47,,,93,95,92,135,114,,219,290,,82
2018-08-12 00:00:00,53,,,277,92,97,145,126,,150,227,,88
2018-08-12 01:00:00,30,,,80,105,81,127,134,,119,137,,95
2018-08-12 02:00:00,44,,,156,116,92,126,103,,123,151,,87
2018-08-12 03:00:00,27,,,247,91,98,152,222,,126,147,,97
2018-08-12 04:00:00,26,,,282,81,98,162,222,,111,121,,123
2018-08-12 05:00:00,79,,,208,89,91,178,191,,108,114,,95
2018-08-12 06:00:00,98,,,194,115,87,177,221,,89,86,,98
2018-08-12 07:00:00,85,,,233,118,70,166,216,,93,97,,107
2018-08-12 08:00:00,78,,,202,90,37,167,175,,99,115,,58
2018-08-12 09:00:00,74,,,140,105,17,145,308,,107,146,,75
2018-08-12 10:00:00,36,,,116,99,55,137,300,,104,143,,83
2018-08-12 11:00:00,67,,,198,104,66,149,297,,100,153,,69
2018-08-12 12:00:00,81,,,84,89,92,153,358,,125,166,,62
2018-08-12 13:00:00,78,,,85,99,87,168,58,,130,157,,63
2018-08-12 14:00:00,87,,,102,97,110,210,154,,140,155,,67
2018-08-12 15:00:00,162,,,122,101,86,267,352,,137,161,,99
2018-08-12 16:00:00,159,,,141,143,106,283,117,,204,236,,107
2018-08-12 17:00:00,139,,,138,152,71,287,116,,167,107,,314
2018-08-12 18:00:00,108,,,96,182,82,195,110,,110,54,,326
2018-08-12 19:00:00,23,,,14,90,90,118,210,,343,350,,68
2018-08-12 20:00:00,98,,,229,124,84,134,274,,339,343,,126
2018-08-12 21:00:00,82,,,111,91,96,149,219,,320,319,,100
2018-08-12 22:00:00,45,,,190,113,93,133,198,,330,273,,74
2018-08-12 23:00:00,71,,,288,116,90,140,115,,67,82,,90
2018-08-13 00:00:00,82,,,103,107,90,134,112,,119,157,,89
2018-08-13 01:00:00,48,,,96,103,93,132,121,,102,119,,97
2018-08-13 02:00:00,33,,,90,111,89,132,113,,104,121,,83
2018-08-13 03:00:00,25,,,48,109,97,155,132,,119,128,,76
2018-08-13 04:00:00,50,,,96,99,103,192,172,,108,129,,86
2018-08-13 05:00:00,53,,,76,129,96,180,236,,101,120,,95
2018-08-13 06:00:00,26,,,71,150,83,150,224,,106,125,,121
2018-08-13 07:00:00,15,,,276,103,80,166,234,,100,112,,128
2018-08-13 08:00:00,62,,,139,120,51,177,284,,76,98,,102
2018-08-13 09:00:00,64,,,150,101,61,167,295,,93,140,,92
2018-08-13 10:00:00,78,,,82,105,59,168,300,,116,147,,81
2018-08-13 11:00:00,87,,,93,95,60,170,309,,148,180,,79
2018-08-13 12:00:00,43,,,109,103,84,157,321,,331,251,,73
2018-08-13 13:00:00,49,,,127,97,96,146,341,,266,248,,73
2018-08-13 14:00:00,78,,,124,101,98,168,78,,255,276,,73
2018-08-13 15:00:00,64,,,114,102,108,211,72,,141,262,,80
2018-08-13 16:00:00,138,,,121,89,89,216,104,,243,274,,89
2018-08-13 17:00:00,144,,,100,123,88,201,99,,223,291,,63
2018-08-13 18:00:00,151,,,101,83,79,206,97,,128,172,,77
2018-08-13 19:00:00,155,,,99,84,75,209,92,,138,155,,70
2018-08-13 20:00:00,152,,,113,93,115,215,101,,174,172,,75
2018-08-13 21:00:00,144,,,131,97,95,237,100,,157,130,,71
2018-08-13 22:00:00,119,,,93,82,99,188,100,,112,120,,65
2018-08-13 23:00:00,87,,,82,74,101,186,100,,114,122,,59
2018-08-14 00:00:00,101,,,94,80,100,203,101,,127,131,,55
2018-08-14 01:00:00,130,,,99,87,103,202,106,,124,124,,62
2018-08-14 02:00:00,86,,,94,94,100,202,119,,116,125,,67
2018-08-14 03:00:00,80,,,95,98,100,203,123,,116,150,,84
2018-08-14 04:00:00,83,,,100,90,94,209,130,,126,124,,99
2018-08-14 05:00:00,,,,108,94,76,209,112,,130,124,,94
2018-08-14 06:00:00,,,,105,100,54,197,207,,125,123,,107
2018-08-14 07:00:00,,,,133,110,45,176,217,,90,92,,100
2018-08-14 08:00:00,,,,79,85,43,152,199,,85,127,,93
2018-08-14 09:00:00,,,,302,94,44,151,309,,89,153,,75
2018-08-14 10:00:00,,,,350,86,64,155,314,,112,168,,64
2018-08-14 11:00:00,,,,92,96,87,134,318,,107,194,,66
2018-08-14 12:00:00,55,,,138,101,89,148,9,,122,240,,67
2018-08-14 13:00:00,77,,,113,103,101,157,73,,145,214,,63
2018-08-14 14:00:00,46,,,107,105,104,164,105,,109,144,,55
2018-08-14 15:00:00,104,,,85,95,90,178,120,,126,139,,44
2018-08-14 16:00:00,92,,,97,82,85,184,115,,110,158,,63
2018-08-14 17:00:00,105,,,103,88,82,188,102,,121,147,,82
2018-08-14 18:00:00,126,,,102,88,87,207,88,,133,147,,75
2018-08-14 19:00:00,142,,,118,100,95,227,101,,116,114,,93
2018-08-14 20:00:00,148,,,89,99,106,197,103,,107,125,,108
2018-08-14 21:00:00,108,,,94,86,109,204,74,,115,121,,91
2018-08-14 22:00:00,100,,,101,87,108,213,83,,,121,,68
2018-08-14 23:00:00,96,,,96,80,100,192,85,,,129,,68
2018-08-15 00:00:00,,,,88,86,85,182,88,,97,121,,59
2018-08-15 01:00:00,,,,85,83,108,180,95,,98,112,,59
2018-08-15 02:00:00,,,,80,92,104,169,101,,95,123,,66
2018-08-15 03:00:00,,,,99,103,88,163,150,,87,115,,78
2018-08-15 04:00:00,,,,70,98,90,155,220,,103,117,,106
2018-08-15 05:00:00,,,,51,114,56,157,216,,91,120,,105
2018-08-15 06:00:00,,,,307,64,42,144,247,,78,101,,95
2018-08-15 07:00:00,,,,190,25,31,167,254,,56,78,,115
2018-08-15 08:00:00,,,,244,55,43,158,286,,95,113,,88
2018-08-15 09:00:00,,,,285,95,360,130,306,,66,111,,304
2018-08-15 10:00:00,,,,246,95,39,129,313,,28,154,,68
2018-08-15 11:00:00,,,,182,84,86,164,313,,84,167,,76
2018-08-15 12:00:00,,,,97,85,96,146,315,,137,159,,69
2018-08-15 13:00:00,,,,92,103,96,196,20,,132,166,,63
2018-08-15 14:00:00,,,,107,100,104,196,27,,124,159,,64
2018-08-15 15:00:00,,,,100,103,107,184,76,,110,155,,49
2018-08-15 16:00:00,,,,112,108,103,188,74,,109,160,,53
2018-08-15 17:00:00,,,,100,101,110,206,129,,109,155,,69
2018-08-15 18:00:00,,,,94,92,121,213,73,,111,132,,88
2018-08-15 19:00:00,109,,,96,91,116,203,82,,122,150,,81
2018-08-15 20:00:00,134,,,100,95,92,209,97,,114,123,,102
2018-08-15 21:00:00,97,,,96,96,97,211,77,,114,120,,87
2018-08-15 22:00:00,101,,,96,84,108,210,63,,121,123,,66
2018-08-15 23:00:00,84,,,99,82,108,207,56,,110,123,,60
2018-08-16 00:00:00,84,,,90,76,95,191,69,,100,117,,70
2018-08-16 01:00:00,70,,,83,72,89,187,83,,91,78,,65
2018-08-16 02:00:00,66,,,92,87,84,201,84,,96,79,,60
2018-08-16 03:00:00,56,,,71,104,98,179,119,,95,100,,80
2018-08-16 04:00:00,35,,,70,97,82,165,199,,85,110,,99
2018-08-16 05:00:00,39,,,357,106,79,167,233,,91,116,,93
2018-08-16 06:00:00,63,,,41,102,97,174,249,,72,69,,102
2018-08-16 07:00:00,67,,,168,67,77,187,236,,72,49,,100
2018-08-16 08:00:00,33,,,210,94,65,177,290,,86,69,,127
2018-08-16 09:00:00,35,,,261,93,33,132,309,,94,93,,38
2018-08-16 10:00:00,23,,,117,128,45,157,316,,100,151,,71
2018-08-16 11:00:00,70,,,96,94,56,160,318,,91,166,,69
2018-08-16 12:00:00,75,,,113,92,93,178,345,,116,148,,67
2018-08-16 13:00:00,72,,,95,97,110,178,35,,121,140,,67
2018-08-16 14:00:00,58,,,100,101,96,179,50,,99,136,,58
2018-08-16 15:00:00,52,,,92,106,102,192,47,,119,166,,59
2018-08-16 16:00:00,81,,,96,102,112,205,89,,122,155,,48
2018-08-16 17:00:00,111,,,102,85,83,223,110,,140,152,,79
2018-08-16 18:00:00,148,,,104,90,84,236,92,,146,158,,83
2018-08-16 19:00:00,145,,,116,93,76,247,106,,158,166,,89
2018-08-16 20:00:00,159,,,129,107,82,263,110,,162,162,,99
2018-08-16 21:00:00,146,,,122,93,93,241,100,,125,123,,80
2018-08-16 22:00:00,112,,,95,73,104,204,100,,110,116,,63
2018-08-16 23:00:00,86,,,85,74,93,195,94,,97,97,,54
2018-08-17 00:00:00,92,,,90,84,93,202,112,,100,111,,57
2018-08-17 01:00:00,86,,,85,88,87,193,107,,107,123,,55
2018-08-17 02:00:00,86,,,85,90,88,183,104,,114,118,,65
2018-08-17 03:00:00,65,,,84,103,86,175,124,,96,114,,66
2018-08-17 04:00:00,52,,,82,91,97,168,142,,82,83,,80
2018-08-17 05:00:00,34,,,49,106,98,162,210,,79,65,,103
2018-08-17 06:00:00,19,,,264,92,85,176,227,,78,63,,90
2018-08-17 07:00:00,84,,,263,5,79,199,239,,101,87,,112
2018-08-17 08:00:00,33,,,251,44,54,202,266,,116,142,,215
2018-08-17 09:00:00,3,,,179,118,65,177,313,,73,145,,71
2018-08-17 10:00:00,54,,,201,110,53,163,311,,42,98,,71
2018-08-17 11:00:00,31,,,93,103,66,147,312,,72,158,,76
2018-08-17 12:00:00,40,,,164,97,91,162,,,75,167,,72
2018-08-17 13:00:00,57,,,101,108,108,163,321,,78,165,,77
2018-08-17 14:00:00,60,,,101,103,98,166,11,,91,134,,60
2018-08-17 15:00:00,70,,,100,111,93,175,68,,92,150,,42
2018-08-17 16:00:00,66,,,90,105,111,203,84,,113,160,,43
2018-08-17 17:00:00,96,,,95,96,89,214,99,,129,146,,76
2018-08-17 18:00:00,130,,,97,82,85,224,86,,122,151,,85
2018-08-17 19:00:00,137,,,106,91,85,230,88,,136,150,,100
2018-08-17 20:00:00,137,,,107,102,87,223,101,,109,129,,103
2018-08-17 21:00:00,117,,,100,96,96,219,83,,120,124,,95
2018-08-17 22:00:00,97,,,100,85,99,222,71,,127,124,,67
2018-08-17 23:00:00,100,,,91,76,92,202,89,,118,127,,60
2018-08-18 00:00:00,110,,,87,77,92,187,87,,107,131,,65
2018-08-18 01:00:00,79,,,80,76,94,204,78,,117,128,,77
2018-08-18 02:00:00,55,,,87,90,90,176,115,,98,122,,88
2018-08-18 03:00:00,48,,,83,95,93,167,175,,103,121,,81
2018-08-18 04:00:00,40,,,53,89,93,164,208,,99,123,,85
2018-08-18 05:00:00,43,,,177,120,98,158,241,,32,64,,94
2018-08-18 06:00:00,56,,,200,33,122,171,268,,70,36,,142
2018-08-18 07:00:00,40,,,244,101,103,151,269,,30,52,,181
2018-08-18 08:00:00,11,,,259,29,86,130,287,,58,60,,244
2018-08-18 09:00:00,21,,,267,347,72,145,294,,52,65,,308
2018-08-18 10:00:00,16,,,271,337,76,142,311,,20,56,,71
2018-08-18 11:00:00,57,,,80,122,76,170,322,,77,113,,83
2018-08-18 12:00:00,68,,,122,96,90,172,9,,111,128,,69
2018-08-18 13:00:00,66,,,98,103,87,183,46,,91,153,,63
2018-08-18 14:00:00,79,,,98,97,96,212,65,,126,,,56
2018-08-18 15:00:00,75,,,101,93,101,217,48,,120,149,,51
2018-08-18 16:00:00,85,,,106,91,94,218,65,,122,136,,67
2018-08-18 17:00:00,98,,,101,97,76,219,75,,123,133,,77
2018-08-18 18:00:00,100,,,93,89,84,214,68,,99,116,,73
2018-08-18 19:00:00,100,,,87,82,96,203,77,,94,117,,77
2018-08-18 20:00:00,94,,,90,81,82,214,75,,99,121,,93
2018-08-18 21:00:00,104,,,93,78,91,216,93,,122,126,,103
2018-08-18 22:00:00,90,,,97,81,96,217,63,,125,123,,70
2018-08-18 23:00:00,75,,,93,82,97,204,72,,98,119,,63
2018-08-19 00:00:00,73,,,85,82,91,190,114,,101,111,,61
2018-08-19 01:00:00,56,,,75,92,89,186,91,,360,97,,66
2018-08-19 02:00:00,58,,,89,109,82,180,122,,92,99,,87
2018-08-19 03:00:00,44,,,32,130,80,170,212,,93,83,,106
2018-08-19 04:00:00,38,,,120,83,87,170,221,,96,71,,96
2018-08-19 05:00:00,3,,,188,44,80,172,241,,91,63,,100
2018-08-19 06:00:00,359,,,224,16,90,175,242,,80,66,,89
2018-08-19 07:00:00,43,,,271,36,99,180,248,,103,120,,153
2018-08-19 08:00:00,26,,,264,65,85,170,280,,95,49,,245
2018-08-19 09:00:00,41,,,305,127,65,120,298,,57,27,,50
2018-08-19 10:00:00,4,,,316,130,104,116,314,,10,39,,97
2018-08-19 11:00:00,53,,,102,111,75,155,323,,74,102,,63
2018-08-19 12:00:00,58,,,130,101,95,172,333,,86,162,,66
2018-08-19 13:00:00,85,,,110,101,83,173,348,,104,137,,60
2018-08-19 14:00:00,58,,,96,101,102,186,25,,104,180,,57
2018-08-19 15:00:00,95,,,100,98,96,185,7,,136,189,,60
2018-08-19 16:00:00,59,,,109,102,93,202,110,,161,150,,57
2018-08-19 17:00:00,88,,,101,102,90,212,78,,129,148,,43
2018-08-19 18:00:00,92,,,103,95,82,211,71,,130,129,,64
2018-08-19 19:00:00,107,,,98,81,83,216,88,,89,77,,96
2018-08-19 20:00:00,100,,,89,88,85,204,52,,93,111,,88
2018-08-19 21:00:00,133,,,98,83,94,221,84,,120,127,,85
2018-08-19 22:00:00,118,,,100,80,97,210,85,,129,129,,64
2018-08-19 23:00:00,87,,,94,82,91,201,90,,115,126,,60
2018-08-20 00:00:00,79,,,82,83,91,195,104,,106,125,,59
2018-08-20 01:00:00,70,,,79,91,92,190,70,,120,124,,72
2018-08-20 02:00:00,65,,,87,90,94,185,118,,104,120,,74
2018-08-20 03:00:00,69,,,75,99,106,173,132,,91,120,,76
2018-08-20 04:00:00,48,,,76,105,103,172,156,,97,124,,95
2018-08-20 05:00:00,31,,,89,98,101,168,230,,112,130,,100
2018-08-20 06:00:00,56,,,131,93,102,177,253,,86,116,,100
2018-08-20 07:00:00,35,,,161,47,94,172,270,,31,38,,87
2018-08-20 08:00:00,21,,,196,59,92,182,286,,91,112,,59
2018-08-20 09:00:00,81,,,245,84,43,157,308,,78,144,,66
2018-08-20 10:00:00,40,,,146,102,56,140,309,,48,159,,73
2018-08-20 11:00:00,73,,,123,98,68,167,310,,99,153,,69
2018-08-20 12:00:00,55,,,87,98,92,159,314,,125,172,,68
2018-08-20 13:00:00,61,,,86,105,85,177,15,,133,156,,64
2018-08-20 14:00:00,76,,,102,97,83,210,66,,133,144,,55
2018-08-20 15:00:00,93,,,98,96,97,212,92,,122,144,,71
2018-08-20 16:00:00,93,,,99,89,107,221,71,,125,119,,75
2018-08-20 17:00:00,97,,,99,91,102,220,92,,128,145,,75
2018-08-20 18:00:00,96,,,101,88,104,220,88,,119,134,,82
2018-08-20 19:00:00,92,,,98,84,100,202,93,,110,133,,80
2018-08-20 20:00:00,101,,,112,90,113,238,96,,115,123,,77
2018-08-20 21:00:00,103,,,101,99,97,217,77,,121,123,,84
2018-08-20 22:00:00,94,,,102,89,90,225,70,,123,123,,71
2018-08-20 23:00:00,104,,,99,87,85,220,75,,128,125,,68
2018-08-21 00:00:00,110,,,101,80,89,206,93,,119,126,,66
2018-08-21 01:00:00,110,,,105,85,92,212,87,,114,121,,65
2018-08-21 02:00:00,151,,,103,86,94,224,94,,126,142,,70
2018-08-21 03:00:00,84,,,96,86,93,214,101,,134,138,,90
2018-08-21 04:00:00,56,,,99,92,85,199,119,,114,132,,92
2018-08-21 05:00:00,50,,,102,105,83,189,174,,107,113,,85
2018-08-21 06:00:00,48,,,52,98,81,174,222,,84,78,,95
2018-08-21 07:00:00,43,,,60,109,59,168,280,,47,49,,96
2018-08-21 08:00:00,27,,,250,109,46,149,294,,61,53,,99
2018-08-21 09:00:00,16,,,243,96,47,135,306,,63,150,,84
2018-08-21 10:00:00,58,,,175,80,76,125,306,,353,152,,82
2018-08-21 11:00:00,37,,,139,94,96,148,316,,83,142,,77
2018-08-21 12:00:00,53,,,116,103,97,162,29,,109,158,,66
2018-08-21 13:00:00,62,,,97,99,107,196,76,,115,153,,59
2018-08-21 14:00:00,85,,,98,88,87,222,91,,130,138,,56
2018-08-21 15:00:00,94,,,105,89,89,218,82,,126,116,,73
2018-08-21 16:00:00,130,,,100,93,79,221,96,,120,124,,85
2018-08-21 17:00:00,114,,,102,89,103,217,102,,122,143,,84
2018-08-21 18:00:00,123,,,100,91,93,217,100,,116,132,,83
2018-08-21 19:00:00,101,,,102,97,121,221,80,,123,137,,92
2018-08-21 20:00:00,142,,,105,98,108,232,113,,153,161,,87
2018-08-21 21:00:00,146,,,109,90,94,234,104,,151,142,,73
2018-08-21 22:00:00,149,,,110,84,101,231,98,,151,142,,65
2018-08-21 23:00:00,123,,,109,72,89,219,97,,139,129,,58
2018-08-22 00:00:00,108,,,100,82,91,200,92,,110,134,,57
2018-08-22 01:00:00,97,,,92,94,108,203,96,,117,138,,63
2018-08-22 02:00:00,68,,,96,95,98,213,94,,117,124,,54
2018-08-22 03:00:00,59,,,93,108,86,206,111,,114,115,,76
2018-08-22 04:00:00,46,,,114,98,70,171,154,,98,120,,94
2018-08-22 05:00:00,38,,,246,99,86,162,212,,101,100,,107
2018-08-22 06:00:00,87,,,285,62,84,174,223,,52,70,,103
2018-08-22 07:00:00,56,,,253,45,66,166,237,,311,338,,138
2018-08-22 08:00:00,14,,,262,57,59,134,285,,42,2,,174
2018-08-22 09:00:00,5,,,274,71,3,127,308,,326,39,,43
2018-08-22 10:00:00,17,,,267,107,18,132,312,,25,14,,65
2018-08-22 11:00:00,48,,,215,99,62,155,318,,82,165,,83
2018-08-22 12:00:00,71,,,84,104,82,175,7,,125,160,,66
2018-08-22 13:00:00,71,,,103,95,97,208,60,,117,158,,59
2018-08-22 14:00:00,88,,,99,92,85,208,93,,108,138,,53
2018-08-22 15:00:00,122,,,104,90,107,233,103,,133,143,,66
2018-08-22 16:00:00,135,,,102,85,85,226,93,,129,155,,69
2018-08-22 17:00:00,148,,,110,132,107,235,103,,145,150,,80
2018-08-22 18:00:00,148,,,103,289,117,235,103,,155,125,,307
2018-08-22 19:00:00,158,,,112,296,129,243,115,,111,,,144
2018-08-22 20:00:00,133,,,99,63,120,221,92,,117,,,98
2018-08-22 21:00:00,122,,,102,96,107,226,77,,121,,,91
2018-08-22 22:00:00,131,,,107,89,114,234,78,,124,,,80
2018-08-22 23:00:00,137,,,102,78,103,225,96,,122,,,74
2018-08-23 00:00:00,139,,,98,82,94,217,100,,129,142,,84
2018-08-23 01:00:00,87,,,103,87,96,214,124,,121,117,,88
2018-08-23 02:00:00,76,,,107,97,86,186,172,,97,107,,76
2018-08-23 03:00:00,58,,,121,63,111,167,228,,97,96,,94
2018-08-23 04:00:00,38,,,257,81,101,166,182,,90,83,,111
2018-08-23 05:00:00,61,,,307,108,82,169,252,,92,68,,99
2018-08-23 06:00:00,79,,,203,107,89,182,248,,117,67,,96
2018-08-23 07:00:00,26,,,228,64,101,166,242,,93,74,,152
2018-08-23 08:00:00,29,,,238,72,87,125,281,,57,183,,169
2018-08-23 09:00:00,19,,,292,136,79,129,308,,51,,,34
2018-08-23 10:00:00,22,,,312,13,49,139,313,,355,102,,270
2018-08-23 11:00:00,22,,,119,110,76,141,313,,343,143,,70
2018-08-23 12:00:00,,,,138,90,83,165,315,,95,161,,74
2018-08-23 13:00:00,,,,97,101,100,194,45,,136,151,,56
2018-08-23 14:00:00,,,,103,102,96,195,62,,146,134,,53
2018-08-23 15:00:00,,,,98,93,112,210,106,,127,127,,59
2018-08-23 16:00:00,91,,,95,85,88,204,64,,131,119,,77
2018-08-23 17:00:00,114,,,95,84,114,206,88,,109,128,,66
2018-08-23 18:00:00,104,,,98,93,48,218,57,,114,134,,83
2018-08-23 19:00:00,103,,,100,88,277,224,82,,107,119,,80
2018-08-23 20:00:00,97,,,90,89,253,202,84,,99,115,,109
2018-08-23 21:00:00,118,,,98,96,102,222,80,,123,125,,93
2018-08-23 22:00:00,95,,,100,82,60,224,68,,129,135,,70
2018-08-23 23:00:00,111,,,100,83,93,214,88,,113,128,,68
2018-08-24 00:00:00,87,,,94,84,102,199,72,,105,115,,62
2018-08-24 01:00:00,75,,,89,77,95,192,60,,111,101,,61
2018-08-24 02:00:00,65,,,82,85,99,178,97,,97,112,,70
2018-08-24 03:00:00,53,,,76,101,91,171,108,,95,115,,81
2018-08-24 04:00:00,49,,,62,97,84,164,174,,98,118,,
2018-08-24 05:00:00,52,,,84,112,51,165,220,,116,86,,101
2018-08-24 06:00:00,39,,,150,119,45,169,228,,93,50,,92
2018-08-24 07:00:00,22,,,180,39,47,168,236,,87,65,,148
2018-08-24 08:00:00,28,,,214,89,14,152,281,,101,81,,109
2018-08-24 09:00:00,,,,358,111,350,130,307,,62,75,,37
2018-08-24 10:00:00,,,,53,135,23,141,319,,52,196,,47
2018-08-24 11:00:00,,,,69,151,85,158,316,,97,,,79
2018-08-24 12:00:00,,,,162,102,93,156,317,,68,153,,73
2018-08-24 13:00:00,,,,109,108,98,171,52,,130,145,,63
2018-08-24 14:00:00,,,,93,101,83,204,70,,118,131,,52
2018-08-24 15:00:00,80,,,93,108,46,200,93,,119,154,,46
2018-08-24 16:00:00,87,,,93,87,53,207,94,,128,126,,55
2018-08-24 17:00:00,98,,,99,83,59,198,80,,123,129,,66
2018-08-24 18:00:00,99,,,94,92,56,216,74,,108,129,,84
2018-08-24 19:00:00,106,,,92,87,115,203,83,,101,118,,83
2018-08-24 20:00:00,100,,,89,83,144,204,77,,92,93,,103
2018-08-24 21:00:00,115,,,97,83,105,224,89,,123,128,,90
2018-08-24 22:00:00,96,,,104,85,106,227,77,,120,129,,69
2018-08-24 23:00:00,95,,,95,79,91,205,69,,114,123,,63
2018-08-25 00:00:00,84,,,92,81,,199,75,,106,117,,55
2018-08-25 01:00:00,82,,,97,74,86,200,62,,98,96,,59
2018-08-25 02:00:00,65,,,91,91,69,198,58,,94,90,,65
2018-08-25 03:00:00,50,,,75,98,80,185,96,,97,86,,64
2018-08-25 04:00:00,54,,,66,103,87,175,130,,99,89,,79
2018-08-25 05:00:00,44,,,84,107,80,187,133,,122,107,,100
2018-08-25 06:00:00,30,,,84,114,69,179,196,,136,107,,81
2018-08-25 07:00:00,15,,,78,112,38,170,219,,128,101,,100
2018-08-25 08:00:00,21,,,98,113,9,163,283,,103,106,,112
2018-08-25 09:00:00,35,,,223,94,327,137,302,,62,171,,129
2018-08-25 10:00:00,22,,,90,97,57,129,310,,92,171,,46
2018-08-25 11:00:00,49,,,144,93,58,145,315,,97,164,,85
2018-08-25 12:00:00,63,,,122,99,123,172,8,,103,145,,64
2018-08-25 13:00:00,72,,,91,99,93,194,76,,117,150,,61
2018-08-25 14:00:00,81,,,93,88,92,214,93,,116,152,,52
2018-08-25 15:00:00,123,,,95,90,107,216,98,,117,140,,69
2018-08-25 16:00:00,118,,,101,87,96,208,96,,120,136,,69
2018-08-25 17:00:00,123,,,98,81,115,219,86,,122,135,,71
2018-08-25 18:00:00,124,,,100,87,129,215,84,,127,130,,71
2018-08-25 19:00:00,120,,,101,91,117,222,83,,112,119,,78
2018-08-25 20:00:00,101,,,88,89,118,199,80,,106,121,,106
2018-08-25 21:00:00,107,,,94,82,140,216,85,,122,130,,96
2018-08-25 22:00:00,95,,,102,84,94,225,66,,131,138,,75
2018-08-25 23:00:00,97,,,98,90,87,225,62,,126,129,,72
2018-08-26 00:00:00,96,,,100,83,91,216,61,,115,120,,70
2018-08-26 01:00:00,89,,,100,81,103,221,74,,360,119,,65
2018-08-26 02:00:00,73,,,88,82,93,201,80,,111,118,,65
2018-08-26 03:00:00,70,,,79,85,85,191,64,,112,120,,65
2018-08-26 04:00:00,81,,,94,89,91,216,66,,110,116,,64
2018-08-26 05:00:00,74,,,92,88,88,209,68,,98,100,,69
2018-08-26 06:00:00,72,,,103,95,55,191,77,,90,85,,75
2018-08-26 07:00:00,64,,,131,99,30,186,182,,92,80,,95
2018-08-26 08:00:00,34,,,155,98,55,180,258,,119,122,,86
2018-08-26 09:00:00,23,,,332,109,34,175,307,,97,139,,68
2018-08-26 10:00:00,50,,,185,117,36,153,315,,104,174,,61
2018-08-26 11:00:00,90,,,112,96,66,164,314,,102,158,,89
2018-08-26 12:00:00,58,,,122,108,56,178,338,,131,157,,60
2018-08-26 13:00:00,64,,,91,110,76,191,78,,124,150,,59
2018-08-26 14:00:00,68,,,99,106,40,207,80,,126,149,,61
2018-08-26 15:00:00,112,,,89,98,314,213,99,,122,129,,57
2018-08-26 16:00:00,87,,,96,88,270,223,81,,115,140,,69
2018-08-26 17:00:00,93,,,96,92,268,213,90,,124,134,,75
2018-08-26 18:00:00,114,,,91,85,247,215,95,,125,132,,84
2018-08-26 19:00:00,124,,,90,82,286,211,87,,117,124,,79
2018-08-26 20:00:00,103,,,89,82,278,206,82,,110,122,,90
2018-08-26 21:00:00,101,,,95,86,113,217,78,,116,121,,83
2018-08-26 22:00:00,88,,,99,89,228,217,79,,121,130,,70
2018-08-26 23:00:00,83,,,101,84,198,210,80,,124,126,,71
2018-08-27 00:00:00,83,,,94,85,133,202,87,,106,115,,65
2018-08-27 01:00:00,77,,,92,83,287,191,64,,95,82,,60
2018-08-27 02:00:00,72,,,88,85,327,190,65,,94,81,,61
2018-08-27 03:00:00,60,,,94,98,238,198,67,,103,87,,65
2018-08-27 04:00:00,31,,,65,59,205,177,126,,99,103,,89
2018-08-27 05:00:00,22,,,121,93,351,164,216,,124,113,,99
2018-08-27 06:00:00,28,,,164,81,2,161,225,,88,98,,95
2018-08-27 07:00:00,31,,,162,59,156,162,237,,94,115,,86
2018-08-27 08:00:00,17,,,226,92,58,172,278,,83,136,,78
2018-08-27 09:00:00,19,,,282,92,80,155,305,,71,156,,20
2018-08-27 10:00:00,36,,,106,100,100,158,311,,31,111,,79
2018-08-27 11:00:00,55,,,137,129,87,148,319,,49,183,,80
2018-08-27 12:00:00,,,,117,90,83,168,312,,133,160,,71
2018-08-27 13:00:00,69,,,108,101,97,178,35,,117,133,,66
2018-08-27 14:00:00,71,,,102,98,97,207,50,,116,131,,53
2018-08-27 15:00:00,64,,,97,98,95,183,71,,136,151,,39
2018-08-27 16:00:00,106,,,103,100,103,226,103,,112,135,,61
2018-08-27 17:00:00,134,,,95,88,99,226,112,,126,139,,84
2018-08-27 18:00:00,134,,,102,86,53,233,98,,116,145,,91
2018-08-27 19:00:00,123,,,102,87,113,229,87,,145,159,,89
2018-08-27 20:00:00,140,,,112,101,12,242,103,,129,130,,94
2018-08-27 21:00:00,106,,,100,97,341,214,63,,108,119,,82
2018-08-27 22:00:00,86,,,96,76,44,206,97,,111,118,,57
2018-08-27 23:00:00,95,,,91,78,93,207,95,,121,127,,59
2018-08-28 00:00:00,79,,,86,78,95,194,85,,111,121,,63
2018-08-28 01:00:00,78,,,86,81,98,194,70,,98,126,,61
2018-08-28 02:00:00,73,,,80,96,59,184,82,,112,134,,64
2018-08-28 03:00:00,68,,,81,92,38,191,81,,124,135,,65
2018-08-28 04:00:00,70,,,97,95,59,216,103,,120,127,,79
2018-08-28 05:00:00,75,,,96,101,102,206,165,,115,123,,96
2018-08-28 06:00:00,,,,89,115,55,197,218,,59,109,,97
2018-08-28 07:00:00,,,,170,110,39,181,229,,39,62,,98
2018-08-28 08:00:00,,,,201,97,11,155,290,,67,32,,115
2018-08-28 09:00:00,51,,,215,115,335,136,298,,54,88,,69
2018-08-28 10:00:00,23,,,334,36,347,151,311,,59,112,,41
2018-08-28 11:00:00,60,,,122,111,42,161,325,,136,173,,72
2018-08-28 12:00:00,54,,,139,104,70,194,320,,110,159,,75
2018-08-28 13:00:00,75,,,115,98,99,171,337,,116,163,,67
2018-08-28 14:00:00,51,,,115,98,76,188,,,118,135,,51
2018-08-28 15:00:00,55,,,108,99,85,213,64,,136,166,,49
2018-08-28 16:00:00,81,,,100,90,76,197,122,,121,149,,49
2018-08-28 17:00:00,181,,,98,91,87,233,126,,123,157,,111
2018-08-28 18:00:00,156,,,107,89,82,240,127,,151,149,,98
2018-08-28 19:00:00,160,,,120,104,127,267,122,,157,155,,97
2018-08-28 20:00:00,138,,,121,115,168,235,87,,108,120,,99
2018-08-28 21:00:00,89,,,90,86,4,205,66,,105,116,,65
2018-08-28 22:00:00,93,,,96,77,86,213,96,,113,125,,60
2018-08-28 23:00:00,108,,,97,76,105,210,99,,118,131,,63
2018-08-29 00:00:00,140,,,102,78,99,223,108,,141,147,,60
2018-08-29 01:00:00,118,,,101,84,80,224,102,,132,137,,68
2018-08-29 02:00:00,90,,,103,98,88,217,101,,120,130,,88
2018-08-29 03:00:00,67,,,104,95,83,218,125,,130,142,,92
2018-08-29 04:00:00,58,,,92,99,88,210,190,,118,127,,107
2018-08-29 05:00:00,65,,,97,90,88,218,208,,103,114,,91
2018-08-29 06:00:00,47,,,157,52,70,182,217,,57,92,,96
2018-08-29 07:00:00,31,,,168,94,73,185,243,,51,39,,95
2018-08-29 08:00:00,40,,,234,83,79,164,286,,64,45,,71
2018-08-29 09:00:00,1,,,286,350,62,125,302,,18,48,,250
2018-08-29 10:00:00,43,,,305,255,57,137,302,,347,78,,44
2018-08-29 11:00:00,15,,,275,51,59,130,308,,352,74,,46
2018-08-29 12:00:00,56,,,140,104,87,175,321,,116,134,,69
2018-08-29 13:00:00,89,,,91,112,67,204,23,,105,142,,71
2018-08-29 14:00:00,106,,,107,105,92,196,94,,125,166,,73
2018-08-29 15:00:00,56,,,102,108,82,227,55,,132,135,,53
2018-08-29 16:00:00,109,,,95,91,76,220,88,,131,146,,71
2018-08-29 17:00:00,112,,,102,93,81,218,83,,150,157,,78
2018-08-29 18:00:00,150,,,107,93,82,241,122,,147,160,,89
2018-08-29 19:00:00,154,,,123,100,80,268,111,,152,148,,92
2018-08-29 20:00:00,138,,,125,89,133,249,115,,130,139,,73
2018-08-29 21:00:00,124,,,105,91,105,223,102,,143,155,,67
2018-08-29 22:00:00,113,,,118,81,92,239,121,,142,142,,56
2018-08-29 23:00:00,86,,,112,82,85,210,117,,124,133,,81
2018-08-30 00:00:00,130,,,105,79,93,213,109,,122,130,,62
2018-08-30 01:00:00,66,,,105,87,85,225,121,,119,124,,65
2018-08-30 02:00:00,60,,,112,100,61,184,121,,115,122,,84
2018-08-30 03:00:00,57,,,123,103,70,179,114,,118,123,,92
2018-08-30 04:00:00,36,,,141,106,86,173,155,,132,124,,90
2018-08-30 05:00:00,50,,,84,93,73,171,210,,79,85,,108
2018-08-30 06:00:00,61,,,100,107,61,200,124,,102,97,,89
2018-08-30 07:00:00,40,,,99,113,56,198,134,,121,133,,103
2018-08-30 08:00:00,15,,,103,99,38,175,89,,132,143,,109
2018-08-30 09:00:00,37,,,64,99,41,170,45,,98,136,,92
2018-08-30 10:00:00,25,,,132,16,64,163,313,,306,168,,74
2018-08-30 11:00:00,359,,,249,130,81,164,311,,338,124,,100
2018-08-30 12:00:00,32,,,49,123,90,164,321,,170,159,,79
2018-08-30 13:00:00,45,,,104,103,87,180,22,,128,154,,65
2018-08-30 14:00:00,67,,,103,106,92,185,30,,94,201,,65
2018-08-30 15:00:00,78,,,117,107,71,210,80,,129,145,,62
2018-08-30 16:00:00,74,,,97,94,68,197,67,,104,107,,48
2018-08-30 17:00:00,99,,,101,100,77,200,93,,96,103,,66
2018-08-30 18:00:00,104,,,84,88,144,215,115,,87,90,,82
2018-08-30 19:00:00,96,,,19,96,274,134,137,,95,95,,87
2018-08-30 20:00:00,127,,,238,122,262,224,108,,92,96,,96
2018-08-30 21:00:00,126,,,119,80,230,255,124,,112,127,,82
2018-08-30 22:00:00,113,,,99,73,53,216,121,,124,126,,69
2018-08-30 23:00:00,89,,,103,81,42,212,101,,119,118,,67
2018-08-31 00:00:00,75,,,97,87,65,196,66,,112,121,,64
2018-08-31 01:00:00,75,,,96,102,53,187,126,,106,118,,63
2018-08-31 02:00:00,63,,,98,99,67,205,113,,118,130,,72
2018-08-31 03:00:00,46,,,114,114,17,188,130,,127,125,,80
2018-08-31 04:00:00,58,,,306,128,8,153,173,,94,118,,85
2018-08-31 05:00:00,26,,,286,123,41,145,214,,49,75,,92
2018-08-31 06:00:00,35,,,251,36,35,160,228,,54,47,,109
2018-08-31 07:00:00,28,,,251,40,49,147,242,,32,31,,147
2018-08-31 08:00:00,20,,,280,80,44,94,273,,34,59,,155
2018-08-31 09:00:00,7,,,286,106,33,141,306,,13,35,,70
2018-08-31 10:00:00,27,,,303,146,46,144,312,,29,23,,81
2018-08-31 11:00:00,25,,,179,109,80,178,336,,48,98,,82
2018-08-31 12:00:00,53,,,114,102,67,183,57,,102,174,,56
2018-08-31 13:00:00,55,,,107,104,65,208,66,,160,139,,57
2018-08-31 14:00:00,63,,,122,98,96,200,78,,127,151,,44
2018-08-31 15:00:00,92,,,80,105,95,185,91,,103,102,,47
2018-08-31 16:00:00,71,,,59,90,63,167,92,,104,89,,59
2018-08-31 17:00:00,68,,,57,85,90,174,72,,78,88,,150
2018-08-31 18:00:00,248,,,204,109,100,21,74,,97,99,,154
2018-08-31 19:00:00,210,,,112,78,167,321,100,,217,257,,130
2018-08-31 20:00:00,151,,,94,73,252,311,94,,226,217,,240
2018-08-31 21:00:00,131,,,93,71,252,242,87,,121,116,,117
2018-08-31 22:00:00,103,,,102,93,87,212,148,,120,123,,62
2018-08-31 23:00:00,338,,,100,91,100,212,116,,123,127,,67
2018-09-01 00:00:00,,,,,,95,,,,,,,
2018-09-01 01:00:00,91,,,112,87,88,221,109,,118,124,,82
2018-09-01 02:00:00,50,,,107,89,77,213,127,,125,106,,94
2018-09-01 03:00:00,55,,,123,102,61,202,172,,123,126,,93
2018-09-01 04:00:00,47,,,83,47,72,179,210,,128,114,,111
2018-09-01 05:00:00,43,,,293,47,78,159,215,,81,65,,134
2018-09-01 06:00:00,77,,,255,65,81,166,224,,89,99,,118
2018-09-01 07:00:00,8,,,255,59,80,185,237,,73,94,,103
2018-09-01 08:00:00,18,,,294,10,66,93,270,,92,329,,77
2018-09-01 09:00:00,26,,,310,72,95,29,303,,64,219,,274
2018-09-01 10:00:00,25,,,313,48,46,137,307,,359,33,,71
2018-09-01 11:00:00,16,,,128,63,66,165,316,,335,39,,80
2018-09-01 12:00:00,23,,,212,106,90,185,304,,335,24,,80
2018-09-01 13:00:00,42,,,356,101,84,178,318,,106,168,,85
2018-09-01 14:00:00,101,,,87,111,99,229,327,,124,164,,84
2018-09-01 15:00:00,86,,,92,110,135,200,116,,155,172,,77
2018-09-01 16:00:00,162,,,126,96,142,268,105,,179,175,,90
2018-09-01 17:00:00,157,,,139,105,98,270,98,,216,185,,79
2018-09-01 18:00:00,123,,,130,89,52,283,107,,211,238,,60
2018-09-01 19:00:00,138,,,116,87,312,246,106,,203,254,,62
2018-09-01 20:00:00,130,,,113,92,270,263,95,,236,291,,80
2018-09-01 21:00:00,138,,,121,89,190,293,153,,174,99,,108
2018-09-01 22:00:00,93,,,89,77,52,206,145,,114,121,,81
2018-09-01 23:00:00,130,,,85,79,58,207,95,,119,130,,69
2018-09-02 00:00:00,94,,,94,83,58,200,116,,94,97,,68
2018-09-02 01:00:00,66,,,120,79,59,190,104,,360,95,,72
2018-09-02 02:00:00,49,,,143,92,51,180,132,,97,110,,89
2018-09-02 03:00:00,22,,,27,99,37,160,178,,89,115,,97
2018-09-02 04:00:00,48,,,14,90,10,167,237,,69,96,,100
2018-09-02 05:00:00,24,,,184,79,341,167,247,,80,112,,102
2018-09-02 06:00:00,62,,,221,46,15,217,255,,27,35,,180
2018-09-02 07:00:00,269,,,260,347,331,178,237,,57,43,,163
2018-09-02 08:00:00,21,,,289,70,340,151,277,,88,92,,77
2018-09-02 09:00:00,9,,,328,115,35,177,302,,78,167,,74
2018-09-02 10:00:00,16,,,260,116,56,176,310,,57,63,,80
2018-09-02 11:00:00,22,,,264,5,22,177,301,,3,40,,71
2018-09-02 12:00:00,47,,,188,289,28,185,294,,20,39,,73
2018-09-02 13:00:00,78,,,90,326,106,178,293,,28,95,,79
2018-09-02 14:00:00,58,,,3,163,140,175,317,,66,81,,13
2018-09-02 15:00:00,242,,,294,59,139,89,244,,47,90,,105
2018-09-02 16:00:00,,,,116,30,65,324,150,,270,281,,302
2018-09-02 17:00:00,,,,55,54,74,326,125,,240,267,,311
2018-09-02 18:00:00,,,,302,239,160,347,172,,319,324,,308
2018-09-02 19:00:00,209,,,302,325,147,28,241,,344,1,,216
2018-09-02 20:00:00,225,,,21,301,108,342,218,,334,356,,256
2018-09-02 21:00:00,273,,,297,352,97,38,106,,357,3,,271
2018-09-02 22:00:00,209,,,210,3,240,70,178,,247,290,,111
2018-09-02 23:00:00,194,,,104,26,176,3,140,,255,271,,114
2018-09-03 00:00:00,333,,,144,306,166,263,155,,69,228,,281
2018-09-03 01:00:00,172,,,317,265,272,340,175,,31,21,,183
2018-09-03 02:00:00,240,,,295,268,210,2,237,,348,10,,261
2018-09-03 03:00:00,256,,,252,255,349,116,237,,325,317,,219
2018-09-03 04:00:00,182,,,163,332,82,168,242,,322,340,,186
2018-09-03 05:00:00,219,,,310,278,147,152,244,,333,348,,228
2018-09-03 06:00:00,232,,,353,300,92,,155,,339,344,,258
2018-09-03 07:00:00,239,,,315,288,8,357,124,,349,354,,274
2018-09-03 08:00:00,238,,,303,48,232,139,95,,352,358,,268
2018-09-03 09:00:00,87,,,205,80,8,157,87,,56,39,,2
2018-09-03 10:00:00,82,,,140,116,17,183,91,,80,164,,68
2018-09-03 11:00:00,59,,,149,94,63,166,84,,104,186,,68
2018-09-03 12:00:00,82,,,136,102,102,173,87,,81,164,,74
2018-09-03 13:00:00,72,,,126,103,329,219,61,,66,114,,65
2018-09-03 14:00:00,108,,,118,105,248,208,89,,141,152,,68
2018-09-03 15:00:00,93,,,108,109,251,212,100,,132,144,,63
2018-09-03 16:00:00,151,,,113,107,240,243,119,,135,134,,111
2018-09-03 17:00:00,187,,,140,142,345,300,101,,153,169,,264
2018-09-03 18:00:00,308,,,45,141,20,159,91,,221,263,,322
2018-09-03 19:00:00,7,,,54,108,2,138,292,,352,352,,87
2018-09-03 20:00:00,61,,,243,113,348,126,286,,342,18,,88
2018-09-03 21:00:00,85,,,144,122,277,147,123,,64,165,,76
2018-09-03 22:00:00,64,,,85,119,77,166,83,,43,307,,92
2018-09-03 23:00:00,56,,,117,104,73,167,112,,55,58,,91
2018-09-04 00:00:00,76,,,96,119,315,193,111,,141,140,,74
2018-09-04 01:00:00,77,,,102,89,7,192,101,,150,179,,64
2018-09-04 02:00:00,68,,,81,92,315,174,98,,76,98,,69
2018-09-04 03:00:00,54,,,58,96,356,159,98,,52,55,,63
2018-09-04 04:00:00,66,,,87,108,52,167,102,,88,86,,62
2018-09-04 05:00:00,57,,,115,114,316,197,127,,100,123,,88
2018-09-04 06:00:00,15,,,158,125,347,152,178,,88,123,,112
2018-09-04 07:00:00,26,,,289,102,260,139,250,,58,186,,109
2018-09-04 08:00:00,8,,,283,109,327,138,296,,163,41,,99
2018-09-04 09:00:00,15,,,295,356,8,114,305,,147,162,,91
2018-09-04 10:00:00,17,,,300,259,27,119,289,,110,155,,93
2018-09-04 11:00:00,81,,,358,123,31,157,286,,86,120,,78
2018-09-04 12:00:00,69,,,98,99,30,147,22,,74,113,,72
2018-09-04 13:00:00,60,,,108,100,19,179,342,,92,154,,59
2018-09-04 14:00:00,53,,,92,109,14,183,45,,125,160,,68
2018-09-04 15:00:00,73,,,99,94,21,206,64,,142,135,,69
2018-09-04 16:00:00,86,,,105,92,33,221,70,,126,149,,63
2018-09-04 17:00:00,127,,,116,90,35,235,117,,105,97,,84
2018-09-04 18:00:00,133,,,91,98,52,206,93,,118,125,,91
2018-09-04 19:00:00,196,,,124,96,54,318,230,,247,281,,74
2018-09-04 20:00:00,224,,,74,125,54,350,172,,262,312,,226
2018-09-04 21:00:00,212,,,67,171,64,239,149,,69,108,,87
2018-09-04 22:00:00,123,,,86,98,107,197,112,,152,147,,116
2018-09-04 23:00:00,148,,,109,80,271,221,110,,143,131,,74
2018-09-05 00:00:00,129,,,109,84,300,218,103,,121,120,,71
2018-09-05 01:00:00,97,,,98,87,299,208,119,,111,121,,69
2018-09-05 02:00:00,86,,,90,84,304,185,124,,101,125,,84
2018-09-05 03:00:00,52,,,91,92,326,166,129,,100,113,,95
2018-09-05 04:00:00,47,,,113,104,307,183,122,,117,123,,88
2018-09-05 05:00:00,54,,,127,120,303,180,158,,117,118,,94
2018-09-05 06:00:00,65,,,132,124,297,190,215,,126,111,,108
2018-09-05 07:00:00,53,,,126,118,326,178,225,,191,139,,112
2018-09-05 08:00:00,47,,,173,77,22,178,299,,207,171,,
2018-09-05 09:00:00,9,,,301,63,45,103,309,,186,165,,
2018-09-05 10:00:00,7,,,3,144,31,119,313,,112,166,,87
2018-09-05 11:00:00,83,,,113,106,57,139,350,,63,191,,74
2018-09-05 12:00:00,66,,,112,103,34,158,46,,72,209,,65
2018-09-05 13:00:00,70,,,109,102,32,193,50,,69,110,,63
2018-09-05 14:00:00,80,,,90,96,359,198,88,,97,79,,61
2018-09-05 15:00:00,88,,,101,93,34,227,54,,91,77,,57
2018-09-05 16:00:00,112,,,106,105,56,214,100,,86,90,,85
2018-09-05 17:00:00,149,,,94,96,49,208,159,,96,95,,92
2018-09-05 18:00:00,152,,,104,96,48,209,126,,93,85,,111
2018-09-05 19:00:00,,,,100,104,31,221,137,,113,122,,103
2018-09-05 20:00:00,,,,134,113,2,309,182,,121,128,,94
2018-09-05 21:00:00,,,,130,84,331,288,106,,104,115,,107
2018-09-05 22:00:00,,,,123,86,50,231,110,,107,97,,126
2018-09-05 23:00:00,,,,125,86,48,278,101,,99,117,,120
2018-09-06 00:00:00,302,,,94,98,23,190,161,,99,99,,130
2018-09-06 01:00:00,240,,,101,106,58,201,221,,116,104,,125
2018-09-06 02:00:00,30,,,136,109,118,166,216,,144,93,,149
2018-09-06 03:00:00,111,,,75,92,33,183,216,,99,89,,109
2018-09-06 04:00:00,118,,,102,118,302,229,133,,111,152,,105
2018-09-06 05:00:00,96,,,121,104,313,217,156,,121,143,,115
2018-09-06 06:00:00,53,,,136,107,248,195,163,,93,180,,117
2018-09-06 07:00:00,78,,,112,108,36,174,226,,33,40,,111
2018-09-06 08:00:00,99,,,172,110,68,152,243,,43,21,,115
2018-09-06 09:00:00,39,,,111,116,50,172,302,,55,125,,88
2018-09-06 10:00:00,45,,,127,116,33,152,53,,112,150,,74
2018-09-06 11:00:00,46,,,92,120,85,177,87,,119,143,,49
2018-09-06 12:00:00,76,,,161,121,44,207,81,,142,148,,64
2018-09-06 13:00:00,103,,,103,108,32,228,94,,114,153,,103
2018-09-06 14:00:00,107,,,97,106,48,211,99,,105,136,,62
2018-09-06 15:00:00,104,,,115,104,42,207,119,,127,163,,69
2018-09-06 16:00:00,129,,,97,87,38,248,103,,142,131,,96
2018-09-06 17:00:00,,,,94,99,40,232,96,,155,121,,70
2018-09-06 18:00:00,,,,120,105,32,149,107,,346,77,,73
2018-09-06 19:00:00,,,,286,95,34,66,301,,252,312,,116
2018-09-06 20:00:00,,,,307,82,109,8,260,,254,274,,120
2018-09-06 21:00:00,126,,,93,99,278,353,112,,169,278,,103
2018-09-06 22:00:00,123,,,117,71,98,324,109,,92,212,,96
2018-09-06 23:00:00,143,,,155,123,190,256,109,,231,257,,86
2018-09-07 00:00:00,147,,,129,80,234,225,104,,82,244,,94
2018-09-07 01:00:00,21,,,153,92,311,159,114,,112,167,,111
2018-09-07 02:00:00,95,,,108,93,33,180,104,,137,161,,97
2018-09-07 03:00:00,93,,,163,81,101,152,93,,165,166,,92
2018-09-07 04:00:00,71,,,249,121,2,154,115,,139,170,,99
2018-09-07 05:00:00,91,,,240,106,324,149,113,,123,149,,82
2018-09-07 06:00:00,76,,,98,109,345,162,118,,109,124,,81
2018-09-07 07:00:00,81,,,123,113,325,155,109,,96,121,,84
2018-09-07 08:00:00,76,,,115,115,340,155,126,,105,136,,80
2018-09-07 09:00:00,56,,,279,131,354,160,90,,123,144,,88
2018-09-07 10:00:00,50,,,326,124,356,163,106,,193,143,,80
2018-09-07 11:00:00,56,,,91,114,17,155,104,,167,152,,78
2018-09-07 12:00:00,89,,,75,104,57,194,115,,150,176,,78
2018-09-07 13:00:00,92,,,86,103,150,193,82,,174,187,,55
2018-09-07 14:00:00,115,,,100,103,57,225,99,,188,165,,59
2018-09-07 15:00:00,122,,,117,95,33,254,118,,178,156,,92
2018-09-07 16:00:00,163,,,101,112,40,237,129,,158,165,,86
2018-09-07 17:00:00,158,,,80,92,36,213,103,,213,206,,91
2018-09-07 18:00:00,163,,,124,82,28,270,91,,213,213,,95
2018-09-07 19:00:00,171,,,129,85,29,296,117,,233,252,,115
2018-09-07 20:00:00,178,,,83,56,42,331,138,,289,334,,126
2018-09-07 21:00:00,25,,,23,193,73,150,130,,99,89,,82
2018-09-07 22:00:00,106,,,103,100,129,223,105,,104,93,,82
2018-09-07 23:00:00,99,,,92,86,119,191,87,,92,126,,69
2018-09-08 00:00:00,53,,,87,89,62,173,126,,97,123,,78
2018-09-08 01:00:00,40,,,99,87,231,170,119,,99,124,,82
2018-09-08 02:00:00,11,,,218,232,212,149,146,,92,100,,122
2018-09-08 03:00:00,352,,,294,122,271,139,231,,42,82,,139
2018-09-08 04:00:00,13,,,247,98,313,171,259,,74,58,,126
2018-09-08 05:00:00,14,,,259,79,6,162,261,,85,75,,121
2018-09-08 06:00:00,29,,,260,77,38,171,244,,116,82,,147
2018-09-08 07:00:00,57,,,257,94,79,179,229,,107,111,,141
2018-09-08 08:00:00,32,,,258,53,110,135,257,,90,72,,133
2018-09-08 09:00:00,24,,,280,144,105,139,303,,67,208,,86
2018-09-08 10:00:00,27,,,71,310,123,123,320,,64,59,,80
2018-09-08 11:00:00,50,,,130,95,16,159,318,,55,84,,69
2018-09-08 12:00:00,56,,,92,98,69,164,23,,101,172,,73
2018-09-08 13:00:00,102,,,55,105,81,164,219,,129,171,,90
2018-09-08 14:00:00,138,,,113,145,78,220,123,,186,163,,116
2018-09-08 15:00:00,170,,,142,124,111,304,98,,231,252,,100
2018-09-08 16:00:00,151,,,140,107,63,302,110,,255,244,,79
2018-09-08 17:00:00,137,,,145,91,123,306,107,,251,245,,84
2018-09-08 18:00:00,146,,,156,98,109,310,89,,238,265,,75
2018-09-08 19:00:00,124,,,83,108,102,141,144,,287,289,,98
2018-09-08 20:00:00,23,,,279,138,71,107,158,,325,326,,303
2018-09-08 21:00:00,336,,,292,258,101,163,198,,351,58,,25
2018-09-08 22:00:00,59,,,155,304,45,147,102,,105,268,,105
2018-09-08 23:00:00,148,,,70,100,351,167,235,,297,341,,97
2018-09-09 00:00:00,283,,,116,109,357,150,310,,326,338,,118
2018-09-09 01:00:00,20,,,182,117,41,157,301,,360,359,,78
2018-09-09 02:00:00,66,,,198,129,93,157,216,,54,49,,103
2018-09-09 03:00:00,79,,,141,118,13,166,118,,90,19,,101
2018-09-09 04:00:00,68,,,210,113,37,140,168,,46,359,,88
2018-09-09 05:00:00,68,,,297,110,28,128,177,,35,1,,116
2018-09-09 06:00:00,38,,,273,74,53,126,215,,356,332,,116
2018-09-09 07:00:00,38,,,296,99,61,130,273,,332,341,,186
2018-09-09 08:00:00,222,,,297,335,65,145,210,,1,353,,100
2018-09-09 09:00:00,17,,,266,308,79,145,271,,354,358,,55
2018-09-09 10:00:00,21,,,215,325,73,141,308,,326,2,,84
2018-09-09 11:00:00,30,,,164,96,68,143,297,,1,345,,105
2018-09-09 12:00:00,138,,,134,108,109,143,302,,8,9,,98
2018-09-09 13:00:00,121,,,189,120,144,126,296,,31,42,,81
2018-09-09 14:00:00,299,,,185,136,73,353,198,,35,31,,271
2018-09-09 15:00:00,187,,,151,131,81,329,173,,211,177,,39
2018-09-09 16:00:00,144,,,148,132,97,323,192,,248,175,,57
2018-09-09 17:00:00,330,,,133,125,93,162,237,,23,287,,104
2018-09-09 18:00:00,40,,,22,120,69,135,164,,31,20,,92
2018-09-09 19:00:00,359,,,219,141,75,116,244,,321,348,,109
2018-09-09 20:00:00,228,,,125,228,89,355,207,,283,323,,121
2018-09-09 21:00:00,235,,,113,213,77,356,171,,258,219,,247
2018-09-09 22:00:00,237,,,17,8,29,338,222,,316,207,,249
2018-09-09 23:00:00,234,,,322,9,71,291,106,,305,128,,256
2018-09-10 00:00:00,212,,,16,183,89,263,168,,304,281,,240
2018-09-10 01:00:00,247,,,319,300,81,356,210,,315,1,,249
2018-09-10 02:00:00,254,,,325,296,98,92,215,,9,81,,230
2018-09-10 03:00:00,22,,,302,260,91,154,100,,41,347,,266
2018-09-10 04:00:00,26,,,268,259,90,142,119,,10,350,,107
2018-09-10 05:00:00,23,,,306,311,79,132,187,,350,339,,79
2018-09-10 06:00:00,89,,,302,350,73,134,290,,339,342,,83
2018-09-10 07:00:00,33,,,261,305,70,140,287,,342,341,,96
2018-09-10 08:00:00,27,,,341,303,88,131,268,,317,351,,102
2018-09-10 09:00:00,171,,,208,295,82,138,251,,295,315,,98
2018-09-10 10:00:00,155,,,156,280,80,141,213,,300,275,,79
2018-09-10 11:00:00,140,,,125,267,52,99,23,,299,309,,49
2018-09-10 12:00:00,86,,,164,262,156,5,122,,314,313,,273
2018-09-10 13:00:00,298,,,292,245,173,140,313,,298,297,,266
2018-09-10 14:00:00,316,,,277,262,155,58,299,,347,351,,270
2018-09-10 15:00:00,340,,,276,286,95,50,302,,357,354,,292
2018-09-10 16:00:00,257,,,276,297,113,62,317,,1,15,,284
2018-09-10 17:00:00,291,,,281,289,99,120,77,,24,76,,284
2018-09-10 18:00:00,33,,,6,280,82,140,161,,23,110,,280
2018-09-10 19:00:00,121,,,17,259,73,133,224,,14,158,,97
2018-09-10 20:00:00,52,,,12,174,1,137,195,,10,210,,101
2018-09-10 21:00:00,266,,,303,77,2,110,263,,327,281,,109
2018-09-10 22:00:00,223,,,119,47,47,338,261,,308,319,,92
2018-09-10 23:00:00,222,,,121,145,86,128,264,,329,320,,81
2018-09-11 00:00:00,230,,,140,5,104,143,,,323,338,,173
2018-09-11 01:00:00,187,,,55,6,97,24,,,326,328,,150
2018-09-11 02:00:00,226,,,49,325,71,138,146,,327,11,,77
2018-09-11 03:00:00,220,,,277,332,63,138,222,,344,328,,84
2018-09-11 04:00:00,236,,,112,257,40,146,229,,351,345,,88
2018-09-11 05:00:00,116,,,115,276,60,141,114,,339,324,,136
2018-09-11 06:00:00,212,,,35,288,88,138,173,,325,321,,98
2018-09-11 07:00:00,131,,,279,278,29,119,277,,321,323,,95
2018-09-11 08:00:00,204,,,345,290,126,351,233,,351,346,,242
2018-09-11 09:00:00,98,,,32,281,136,193,84,,6,9,,252
2018-09-11 10:00:00,43,,,25,281,87,135,294,,3,7,,63
2018-09-11 11:00:00,43,,,33,290,58,134,278,,6,10,,83
2018-09-11 12:00:00,60,,,18,97,91,137,277,,4,4,,90
2018-09-11 13:00:00,69,,,14,104,76,133,275,,356,352,,107
2018-09-11 14:00:00,32,,,29,96,75,141,279,,9,330,,77
2018-09-11 15:00:00,42,,,44,111,91,142,100,,360,1,,106
2018-09-11 16:00:00,31,,,29,115,74,148,94,,3,142,,103
2018-09-11 17:00:00,59,,,42,103,89,140,101,,9,90,,118
2018-09-11 18:00:00,96,,,43,98,91,154,244,,64,135,,117
2018-09-11 19:00:00,68,,,56,111,105,139,263,,174,198,,99
2018-09-11 20:00:00,71,,,283,115,73,145,198,,192,224,,100
2018-09-11 21:00:00,56,,,37,100,81,142,165,,206,212,,90
2018-09-11 22:00:00,337,,,195,99,97,121,127,,202,187,,83
2018-09-11 23:00:00,255,,,247,96,94,101,209,,205,174,,87
2018-09-12 00:00:00,269,,,315,80,77,112,222,,204,174,,86
2018-09-12 01:00:00,257,,,277,77,78,113,191,,75,181,,92
2018-09-12 02:00:00,337,,,300,27,79,120,143,,39,200,,110
2018-09-12 03:00:00,10,,,263,122,68,122,126,,329,325,,107
2018-09-12 04:00:00,51,,,263,96,64,127,174,,16,356,,108
2018-09-12 05:00:00,10,,,275,73,57,130,220,,334,311,,98
2018-09-12 06:00:00,11,,,280,46,37,116,160,,330,354,,90
2018-09-12 07:00:00,18,,,302,20,40,131,105,,24,1,,99
2018-09-12 08:00:00,65,,,137,102,52,152,118,,345,356,,88
2018-09-12 09:00:00,77,,,237,68,50,139,103,,334,333,,84
2018-09-12 10:00:00,91,,,335,119,56,133,131,,343,330,,79
2018-09-12 11:00:00,14,,,21,138,71,153,316,,342,320,,69
2018-09-12 12:00:00,56,,,338,227,115,133,274,,348,338,,67
2018-09-12 13:00:00,39,,,122,133,66,136,279,,12,16,,78
2018-09-12 14:00:00,5,,,4,108,65,143,283,,6,350,,87
2018-09-12 15:00:00,40,,,36,135,83,145,260,,14,32,,84
2018-09-12 16:00:00,60,,,43,100,75,137,115,,30,108,,87
2018-09-12 17:00:00,76,,,51,108,88,160,136,,48,119,,68
2018-09-12 18:00:00,50,,,50,95,85,160,104,,134,137,,56
2018-09-12 19:00:00,57,,,43,105,97,147,104,,162,103,,47
2018-09-12 20:00:00,126,,,32,111,72,165,110,,210,139,,47
2018-09-12 21:00:00,108,,,48,110,78,185,125,,203,59,,37
2018-09-12 22:00:00,202,,,105,118,100,318,114,,121,58,,94
2018-09-12 23:00:00,209,,,146,125,86,338,124,,145,333,,96
2018-09-13 00:00:00,160,,,81,120,57,341,106,,146,113,,98
2018-09-13 01:00:00,117,,,96,98,73,282,115,,81,145,,118
2018-09-13 02:00:00,355,,,129,82,356,192,204,,117,150,,129
2018-09-13 03:00:00,227,,,181,118,58,161,148,,195,223,,136
2018-09-13 04:00:00,210,,,318,81,23,135,218,,301,313,,139
2018-09-13 05:00:00,232,,,298,236,40,120,214,,247,309,,230
2018-09-13 06:00:00,234,,,313,286,53,123,198,,75,353,,242
2018-09-13 07:00:00,232,,,323,306,17,136,182,,4,356,,232
2018-09-13 08:00:00,217,,,3,290,357,52,104,,323,301,,12
2018-09-13 09:00:00,37,,,12,278,68,135,78,,346,344,,47
2018-09-13 10:00:00,43,,,15,109,74,128,321,,344,353,,73
2018-09-13 11:00:00,120,,,292,111,111,132,288,,337,336,,57
2018-09-13 12:00:00,79,,,283,112,74,105,295,,354,348,,103
2018-09-13 13:00:00,22,,,20,105,104,115,299,,11,25,,95
2018-09-13 14:00:00,24,,,68,96,75,152,281,,40,36,,93
2018-09-13 15:00:00,43,,,56,87,79,153,31,,45,49,,67
2018-09-13 16:00:00,56,,,43,100,99,166,32,,43,42,,51
2018-09-13 17:00:00,37,,,36,111,115,142,23,,66,52,,252
2018-09-13 18:00:00,62,,,36,111,113,169,96,,88,57,,74
2018-09-13 19:00:00,164,,,102,118,103,302,245,,173,70,,55
2018-09-13 20:00:00,258,,,91,122,112,326,169,,228,228,,117
2018-09-13 21:00:00,225,,,32,117,117,302,188,,243,309,,164
2018-09-13 22:00:00,183,,,46,69,125,136,207,,263,307,,129
2018-09-13 23:00:00,231,,,173,57,111,303,145,,291,289,,110
2018-09-14 00:00:00,231,,,107,14,83,37,196,,269,283,,244
2018-09-14 01:00:00,205,,,155,334,80,142,177,,60,68,,136
2018-09-14 02:00:00,28,,,9,327,96,148,189,,21,32,,234
2018-09-14 03:00:00,37,,,152,112,94,170,266,,319,341,,99
2018-09-14 04:00:00,172,,,161,23,67,319,295,,281,320,,54
2018-09-14 05:00:00,230,,,353,357,61,344,284,,300,309,,254
2018-09-14 06:00:00,253,,,309,25,64,44,197,,336,334,,257
2018-09-14 07:00:00,328,,,325,292,81,90,162,,355,350,,277
2018-09-14 08:00:00,351,,,305,286,62,119,180,,336,348,,262
2018-09-14 09:00:00,353,,,220,265,60,93,25,,332,338,,33
2018-09-14 10:00:00,320,,,328,280,85,128,286,,336,353,,33
2018-09-14 11:00:00,46,,,324,298,98,133,310,,358,360,,64
2018-09-14 12:00:00,45,,,28,257,98,148,297,,4,5,,67
2018-09-14 13:00:00,43,,,46,106,82,130,296,,358,358,,76
2018-09-14 14:00:00,22,,,41,94,68,146,287,,12,9,,69
2018-09-14 15:00:00,13,,,52,103,79,157,95,,8,8,,53
2018-09-14 16:00:00,28,,,42,94,82,148,353,,14,2,,58
2018-09-14 17:00:00,35,,,41,109,60,147,238,,349,352,,68
2018-09-14 18:00:00,30,,,44,105,65,140,99,,357,350,,82
2018-09-14 19:00:00,45,,,40,115,68,146,106,,6,343,,76
2018-09-14 20:00:00,51,,,35,120,85,138,151,,351,351,,90
2018-09-14 21:00:00,340,,,83,122,57,353,205,,342,174,,112
2018-09-14 22:00:00,226,,,119,133,45,333,157,,317,198,,95
2018-09-14 23:00:00,230,,,113,127,53,7,204,,321,62,,328
2018-09-15 00:00:00,229,,,76,18,69,37,186,,337,243,,295
2018-09-15 01:00:00,226,,,333,300,67,105,145,,342,347,,279
2018-09-15 02:00:00,241,,,336,287,327,137,98,,354,351,,284
2018-09-15 03:00:00,254,,,313,268,319,97,184,,345,1,,106
2018-09-15 04:00:00,225,,,302,284,305,17,221,,322,324,,256
2018-09-15 05:00:00,228,,,352,297,233,321,214,,347,346,,246
2018-09-15 06:00:00,269,,,304,295,69,139,142,,345,330,,259
2018-09-15 07:00:00,160,,,245,316,205,141,107,,325,326,,141
2018-09-15 08:00:00,184,,,99,254,179,229,164,,324,238,,291
2018-09-15 09:00:00,114,,,121,278,72,235,98,,4,349,,109
2018-09-15 10:00:00,85,,,141,293,349,160,93,,7,4,,82
2018-09-15 11:00:00,72,,,74,287,78,179,53,,358,345,,70
2018-09-15 12:00:00,69,,,28,273,133,167,124,,350,150,,65
2018-09-15 13:00:00,70,,,65,94,33,180,185,,64,122,,71
2018-09-15 14:00:00,125,,,85,104,27,180,110,,315,191,,83
2018-09-15 15:00:00,145,,,115,112,38,232,121,,180,146,,78
2018-09-15 16:00:00,148,,,130,112,44,275,94,,177,156,,92
2018-09-15 17:00:00,133,,,105,105,81,217,111,,134,143,,67
2018-09-15 18:00:00,115,,,98,92,60,213,110,,162,170,,56
2018-09-15 19:00:00,125,,,103,90,69,228,100,,167,179,,59
2018-09-15 20:00:00,108,,,113,91,63,198,106,,105,136,,74
2018-09-15 21:00:00,29,,,173,115,42,162,98,,208,210,,96
2018-09-15 22:00:00,330,,,284,46,49,131,204,,27,23,,124
2018-09-15 23:00:00,54,,,281,331,63,139,236,,12,1,,77
2018-09-16 00:00:00,21,,,275,65,31,138,252,,333,326,,81
2018-09-16 01:00:00,37,,,305,102,59,145,279,,24,332,,81
2018-09-16 02:00:00,74,,,139,29,83,154,101,,75,48,,86
2018-09-16 03:00:00,64,,,224,52,37,144,129,,109,111,,90
2018-09-16 04:00:00,22,,,284,63,288,137,207,,72,174,,89
2018-09-16 05:00:00,19,,,280,82,349,136,227,,90,137,,85
2018-09-16 06:00:00,23,,,328,98,33,142,344,,96,105,,83
2018-09-16 07:00:00,91,,,47,95,269,180,92,,123,131,,93
2018-09-16 08:00:00,101,,,146,94,6,178,100,,162,149,,92
2018-09-16 09:00:00,99,,,95,100,92,161,101,,134,162,,87
2018-09-16 10:00:00,30,,,233,102,60,136,106,,133,147,,80
2018-09-16 11:00:00,31,,,167,128,46,171,86,,138,152,,75
2018-09-16 12:00:00,70,,,142,107,82,163,,,141,143,,81
2018-09-16 13:00:00,75,,,161,103,69,154,46,,120,150,,79
2018-09-16 14:00:00,104,,,106,92,67,184,110,,114,135,,82
2018-09-16 15:00:00,86,,,102,95,73,208,94,,125,143,,79
2018-09-16 16:00:00,115,,,104,99,105,220,119,,137,141,,75
2018-09-16 17:00:00,144,,,108,92,82,222,110,,140,137,,80
2018-09-16 18:00:00,151,,,106,98,102,237,112,,128,129,,82
2018-09-16 19:00:00,150,,,110,87,112,228,144,,118,117,,82
2018-09-16 20:00:00,87,,,93,87,134,200,112,,98,119,,83
2018-09-16 21:00:00,41,,,167,110,140,160,113,,117,98,,98
2018-09-16 22:00:00,26,,,277,114,186,157,122,,102,129,,99
2018-09-16 23:00:00,352,,,111,114,241,195,90,,126,113,,79
2018-09-17 00:00:00,111,,,107,96,281,220,98,,116,115,,71
2018-09-17 01:00:00,83,,,107,86,29,227,112,,118,130,,65
2018-09-17 02:00:00,72,,,107,81,319,216,95,,118,117,,73
2018-09-17 03:00:00,59,,,,88,95,212,105,,103,110,,88
2018-09-17 04:00:00,65,,,94,97,87,199,114,,110,101,,82
2018-09-17 05:00:00,84,,,87,101,92,216,111,,83,87,,79
2018-09-17 06:00:00,77,,,84,104,37,201,123,,95,86,,88
2018-09-17 07:00:00,74,,,83,113,316,221,128,,98,92,,75
2018-09-17 08:00:00,84,,,113,109,2,205,149,,103,92,,72
2018-09-17 09:00:00,42,,,147,103,43,181,85,,118,118,,78
2018-09-17 10:00:00,81,,,96,100,77,200,109,,142,130,,77
2018-09-17 11:00:00,94,,,164,112,96,171,84,,157,140,,82
2018-09-17 12:00:00,89,,,217,114,78,165,311,,139,133,,108
2018-09-17 13:00:00,338,,,119,107,111,201,344,,152,146,,95
2018-09-17 14:00:00,62,,,79,101,115,224,108,,160,146,,83
2018-09-17 15:00:00,146,,,101,100,79,220,109,,133,255,,82
2018-09-17 16:00:00,113,,,101,99,87,204,99,,115,314,,75
2018-09-17 17:00:00,96,,,97,91,99,215,107,,56,299,,72
2018-09-17 18:00:00,120,,,88,78,98,188,98,,94,38,,63
2018-09-17 19:00:00,74,,,88,74,116,195,97,,100,150,,89
2018-09-17 20:00:00,80,,,106,80,119,186,101,,121,92,,77
2018-09-17 21:00:00,77,,,121,99,184,192,100,,168,156,,68
2018-09-17 22:00:00,79,,,91,92,239,176,109,,67,92,,74
2018-09-17 23:00:00,74,,,96,91,265,178,117,,111,104,,68
2018-09-18 00:00:00,63,,,105,91,284,212,119,,107,,,87
2018-09-18 01:00:00,48,,,105,86,2,185,117,,97,103,,83
2018-09-18 02:00:00,48,,,139,106,134,172,198,,91,94,,105
2018-09-18 03:00:00,55,,,128,114,46,171,242,,98,78,,97
2018-09-18 04:00:00,25,,,19,107,318,173,299,,113,76,,116
2018-09-18 05:00:00,49,,,238,143,45,168,296,,130,125,,108
2018-09-18 06:00:00,79,,,203,97,25,169,307,,152,140,,98
2018-09-18 07:00:00,29,,,258,116,322,146,308,,111,242,,109
2018-09-18 08:00:00,32,,,150,131,346,146,312,,226,302,,103
2018-09-18 09:00:00,333,,,125,121,355,188,315,,194,186,,118
2018-09-18 10:00:00,354,,,97,134,2,162,313,,90,175,,110
2018-09-18 11:00:00,44,,,62,116,53,155,307,,54,161,,64
2018-09-18 12:00:00,31,,,100,99,79,162,331,,137,155,,70
2018-09-18 13:00:00,64,,,67,95,64,210,81,,130,126,,62
2018-09-18 14:00:00,71,,,82,94,85,217,102,,135,145,,70
2018-09-18 15:00:00,124,,,102,84,82,237,119,,122,132,,82
2018-09-18 16:00:00,143,,,94,93,89,239,134,,128,141,,91
2018-09-18 17:00:00,149,,,99,75,100,234,135,,125,140,,79
2018-09-18 18:00:00,156,,,120,85,95,262,114,,129,148,,81
2018-09-18 19:00:00,152,,,124,90,105,231,123,,137,130,,81
2018-09-18 20:00:00,156,,,118,88,141,205,107,,123,134,,83
2018-09-18 21:00:00,133,,,103,81,183,211,105,,106,124,,101
2018-09-18 22:00:00,100,,,97,82,168,216,105,,117,124,,100
2018-09-18 23:00:00,90,,,105,79,335,221,110,,122,125,,88
2018-09-19 00:00:00,65,,,106,98,43,201,110,,116,121,,80
2018-09-19 01:00:00,59,,,108,107,63,210,133,,109,118,,86
2018-09-19 02:00:00,54,,,140,88,52,181,172,,94,98,,121
2018-09-19 03:00:00,91,,,138,75,26,169,199,,97,90,,105
2018-09-19 04:00:00,67,,,117,71,354,168,213,,72,85,,104
2018-09-19 05:00:00,64,,,139,103,29,173,199,,80,79,,111
2018-09-19 06:00:00,80,,,171,132,29,179,198,,91,84,,157
2018-09-19 07:00:00,68,,,226,105,6,170,184,,87,103,,241
2018-09-19 08:00:00,14,,,267,78,350,169,226,,89,103,,243
2018-09-19 09:00:00,40,,,260,78,352,171,190,,87,132,,251
2018-09-19 10:00:00,15,,,238,73,317,177,269,,95,165,,268
2018-09-19 11:00:00,26,,,254,97,54,153,291,,81,179,,293
2018-09-19 12:00:00,97,,,198,80,84,130,299,,108,146,,117
2018-09-19 13:00:00,53,,,266,61,76,152,291,,106,129,,67
2018-09-19 14:00:00,77,,,88,96,54,172,290,,121,140,,63
2018-09-19 15:00:00,84,,,75,102,69,180,128,,118,145,,66
2018-09-19 16:00:00,95,,,87,101,69,180,99,,122,121,,81
2018-09-19 17:00:00,87,,,84,96,32,197,93,,104,68,,84
2018-09-19 18:00:00,89,,,105,91,342,218,87,,110,76,,78
2018-09-19 19:00:00,124,,,104,89,346,213,119,,141,104,,65
2018-09-19 20:00:00,112,,,114,93,239,213,113,,163,183,,83
2018-09-19 21:00:00,135,,,99,107,139,214,102,,174,182,,71
2018-09-19 22:00:00,103,,,110,90,274,208,116,,128,164,,67
2018-09-19 23:00:00,70,,,113,93,273,169,128,,88,105,,81
2018-09-20 00:00:00,48,,,131,97,269,144,128,,118,59,,96
2018-09-20 01:00:00,18,,,212,127,264,143,139,,50,54,,119
2018-09-20 02:00:00,71,,,269,103,118,143,213,,76,68,,121
2018-09-20 03:00:00,25,,,181,69,15,151,277,,107,75,,103
2018-09-20 04:00:00,24,,,287,72,196,134,300,,69,69,,100
2018-09-20 05:00:00,77,,,277,93,23,151,278,,42,22,,89
2018-09-20 06:00:00,111,,,218,89,22,153,267,,92,60,,86
2018-09-20 07:00:00,68,,,174,108,57,151,240,,85,66,,92
2018-09-20 08:00:00,351,,,133,104,23,163,289,,93,88,,112
2018-09-20 09:00:00,350,,,279,105,19,119,294,,95,147,,127
2018-09-20 10:00:00,28,,,320,145,358,141,297,,37,168,,199
2018-09-20 11:00:00,54,,,152,52,51,155,297,,68,166,,66
2018-09-20 12:00:00,48,,,64,101,37,153,306,,87,162,,52
2018-09-20 13:00:00,66,,,116,92,23,167,80,,124,158,,58
2018-09-20 14:00:00,69,,,81,92,39,212,103,,165,176,,61
2018-09-20 15:00:00,109,,,80,95,37,209,104,,164,149,,71
2018-09-20 16:00:00,149,,,88,90,29,218,111,,136,160,,80
2018-09-20 17:00:00,156,,,112,86,96,238,108,,173,163,,79
2018-09-20 18:00:00,145,,,141,95,85,272,99,,199,186,,66
2018-09-20 19:00:00,127,,,145,90,28,268,111,,189,190,,82
2018-09-20 20:00:00,150,,,146,96,77,272,127,,177,167,,78
2018-09-20 21:00:00,140,,,113,85,105,305,106,,147,144,,161
2018-09-20 22:00:00,104,,,80,116,116,193,98,,146,128,,178
2018-09-20 23:00:00,104,,,107,143,110,208,110,,146,154,,155
2018-09-21 00:00:00,64,,,110,129,72,184,123,,118,122,,138
2018-09-21 01:00:00,44,,,213,121,69,168,185,,112,121,,124
2018-09-21 02:00:00,39,,,10,118,94,183,225,,102,112,,108
2018-09-21 03:00:00,31,,,137,117,77,177,25,,98,111,,111
2018-09-21 04:00:00,56,,,346,88,100,173,269,,93,113,,104
2018-09-21 05:00:00,97,,,273,121,107,168,278,,93,92,,131
2018-09-21 06:00:00,72,,,243,106,116,176,246,,93,126,,142
2018-09-21 07:00:00,96,,,112,97,129,182,218,,99,129,,102
2018-09-21 08:00:00,39,,,191,79,119,172,188,,96,127,,248
2018-09-21 09:00:00,42,,,257,68,86,165,297,,95,115,,222
2018-09-21 10:00:00,64,,,300,309,112,153,305,,106,158,,178
2018-09-21 11:00:00,53,,,347,103,93,113,311,,40,185,,66
2018-09-21 12:00:00,54,,,345,95,98,149,316,,56,186,,73
2018-09-21 13:00:00,24,,,141,96,87,179,318,,86,135,,67
2018-09-21 14:00:00,75,,,136,95,94,158,311,,132,159,,65
2018-09-21 15:00:00,73,,,91,91,125,182,72,,101,162,,62
2018-09-21 16:00:00,60,,,77,93,113,185,119,,136,174,,70
2018-09-21 17:00:00,79,,,74,92,179,186,114,,141,149,,63
2018-09-21 18:00:00,119,,,102,86,224,235,126,,137,153,,65
2018-09-21 19:00:00,144,,,107,87,4,230,137,,181,127,,79
2018-09-21 20:00:00,140,,,75,92,76,219,129,,120,303,,77
2018-09-21 21:00:00,117,,,63,101,154,183,155,,138,339,,71
2018-09-21 22:00:00,127,,,75,91,101,180,115,,120,104,,110
2018-09-21 23:00:00,81,,,80,116,84,183,141,,112,106,,77
2018-09-22 00:00:00,71,,,125,91,86,164,187,,50,155,,83
2018-09-22 01:00:00,27,,,319,91,38,152,268,,26,100,,91
2018-09-22 02:00:00,51,,,220,98,62,135,276,,4,6,,100
2018-09-22 03:00:00,191,,,281,103,85,94,214,,332,360,,87
2018-09-22 04:00:00,15,,,288,83,75,126,200,,344,331,,111
2018-09-22 05:00:00,90,,,202,110,69,135,273,,309,331,,95
2018-09-22 06:00:00,101,,,131,20,72,209,254,,322,325,,102
2018-09-22 07:00:00,184,,,349,322,54,140,277,,313,310,,96
2018-09-22 08:00:00,134,,,324,60,103,112,241,,320,329,,106
2018-09-22 09:00:00,118,,,39,322,74,21,264,,329,324,,62
2018-09-22 10:00:00,83,,,282,297,67,141,250,,1,355,,93
2018-09-22 11:00:00,130,,,323,259,74,138,288,,337,339,,87
2018-09-22 12:00:00,137,,,74,225,85,138,293,,356,348,,63
2018-09-22 13:00:00,40,,,120,198,81,136,293,,12,360,,111
2018-09-22 14:00:00,30,,,43,102,77,143,288,,357,6,,94
2018-09-22 15:00:00,26,,,42,113,82,149,250,,9,8,,108
2018-09-22 16:00:00,39,,,43,109,89,140,227,,360,66,,89
2018-09-22 17:00:00,59,,,47,106,114,155,261,,349,145,,100
2018-09-22 18:00:00,83,,,50,126,128,161,243,,355,174,,107
2018-09-22 19:00:00,32,,,203,125,113,145,240,,326,182,,116
2018-09-22 20:00:00,36,,,2,109,107,134,233,,114,195,,116
2018-09-22 21:00:00,33,,,40,70,105,134,234,,180,199,,110
2018-09-22 22:00:00,12,,,35,127,119,126,268,,200,208,,116
2018-09-22 23:00:00,4,,,150,120,148,130,255,,204,196,,111
2018-09-23 00:00:00,35,,,233,115,128,130,213,,189,202,,116
2018-09-23 01:00:00,16,,,322,75,130,140,109,,209,198,,92
2018-09-23 02:00:00,90,,,227,83,61,175,133,,250,199,,105
2018-09-23 03:00:00,7,,,164,100,313,156,179,,304,278,,100
2018-09-23 04:00:00,29,,,152,121,83,131,297,,302,281,,75
2018-09-23 05:00:00,47,,,246,87,292,128,303,,312,280,,77
2018-09-23 06:00:00,113,,,247,66,350,,218,,297,216,,92
2018-09-23 07:00:00,119,,,293,104,28,,223,,305,256,,90
2018-09-23 08:00:00,124,,,159,91,308,,218,,306,260,,72
2018-09-23 09:00:00,132,,,144,95,269,,175,,327,338,,103
2018-09-23 10:00:00,94,,,207,87,29,,281,,337,12,,104
2018-09-23 11:00:00,47,,,116,105,64,,308,,356,21,,102
2018-09-23 12:00:00,80,,,72,114,76,,305,,62,140,,119
2018-09-23 13:00:00,101,,,56,105,112,,208,,63,194,,95
2018-09-23 14:00:00,28,,,95,95,111,,199,,103,166,,109
2018-09-23 15:00:00,14,,,98,94,85,,109,,175,158,,108
2018-09-23 16:00:00,135,,,97,103,94,,100,,186,182,,114
2018-09-23 17:00:00,128,,,87,88,109,,95,,178,205,,84
2018-09-23 18:00:00,128,,,111,101,109,,117,,181,191,,89
2018-09-23 19:00:00,134,,,119,115,126,,134,,191,197,,79
2018-09-23 20:00:00,130,,,116,115,106,,144,,198,186,,84
2018-09-23 21:00:00,111,,,116,122,81,,111,,212,190,,87
2018-09-23 22:00:00,81,,,107,125,57,,115,,217,248,,95
2018-09-23 23:00:00,112,,,100,112,72,,110,,200,266,,133
2018-09-24 00:00:00,129,,,39,49,,,112,,194,284,,160
2018-09-24 01:00:00,98,,,142,48,73,,,,190,286,,140
2018-09-24 02:00:00,59,,,288,116,81,,,,102,63,,157
2018-09-24 03:00:00,56,,,281,26,97,,,,53,25,,193
2018-09-24 04:00:00,34,,,222,54,68,,171,,248,320,,174
2018-09-24 05:00:00,348,,,254,16,71,,142,,232,293,,136
2018-09-24 06:00:00,257,,,302,34,67,,186,,23,348,,136
2018-09-24 07:00:00,229,,,291,19,64,,191,,13,22,,167
2018-09-24 08:00:00,249,,,305,332,40,,240,,17,12,,87
2018-09-24 09:00:00,10,,,6,349,44,,263,,45,15,,232
2018-09-24 10:00:00,14,,,36,146,71,,312,,25,348,,27
2018-09-24 11:00:00,2,,,41,108,73,,341,,31,115,,82
2018-09-24 12:00:00,49,,,131,106,74,,71,,115,171,,90
2018-09-24 13:00:00,37,,,104,91,76,,84,,152,143,,62
2018-09-24 14:00:00,86,,,99,90,78,,134,,157,162,,53
2018-09-24 15:00:00,113,,,99,93,81,,137,,173,158,,72
2018-09-24 16:00:00,150,,,107,99,84,,128,,163,162,,82
2018-09-24 17:00:00,151,,,102,93,87,,130,,166,159,,78
2018-09-24 18:00:00,141,,,100,92,79,,138,,156,161,,75
2018-09-24 19:00:00,142,,,97,96,83,,132,,174,175,,74
2018-09-24 20:00:00,141,,,99,94,87,,123,,201,166,,92
2018-09-24 21:00:00,115,,,122,112,109,,138,,113,167,,138
2018-09-24 22:00:00,108,,,121,167,101,,99,,158,210,,140
2018-09-24 23:00:00,101,,,103,73,84,,123,,230,295,,136
2018-09-25 00:00:00,257,,,251,51,86,,88,,169,146,,156
2018-09-25 01:00:00,354,,,270,15,89,,107,,177,179,,167
2018-09-25 02:00:00,295,,,141,115,82,,99,,181,163,,154
2018-09-25 03:00:00,284,,,291,142,77,,194,,91,138,,215
2018-09-25 04:00:00,268,,,284,13,57,,226,,89,129,,241
2018-09-25 05:00:00,356,,,279,321,60,,229,,60,112,,232
2018-09-25 06:00:00,,,,271,337,63,,254,,63,120,,207
2018-09-25 07:00:00,357,,,285,103,50,,245,,31,47,,214
2018-09-25 08:00:00,322,,,315,345,51,,284,,25,38,,252
2018-09-25 09:00:00,343,,,312,326,66,,296,,30,13,,257
2018-09-25 10:00:00,357,,,331,67,79,144,303,,37,339,,205
2018-09-25 11:00:00,,,,277,144,82,131,309,,52,4,,66
2018-09-25 12:00:00,30,,,268,109,77,149,313,,64,207,,73
2018-09-25 13:00:00,53,,,203,102,76,158,314,,45,168,,67
2018-09-25 14:00:00,69,,,133,94,78,161,312,,151,163,,89
2018-09-25 15:00:00,91,,,94,92,85,175,66,,144,171,,79
2018-09-25 16:00:00,84,,,103,93,86,187,108,,151,203,,71
2018-09-25 17:00:00,127,,,99,93,90,208,108,,188,199,,70
2018-09-25 18:00:00,131,,,101,91,88,231,114,,216,253,,74
2018-09-25 19:00:00,131,,,99,92,92,253,137,,218,266,,88
2018-09-25 20:00:00,153,,,148,94,91,309,169,,234,293,,102
2018-09-25 21:00:00,138,,,99,114,77,295,168,,193,248,,149
2018-09-25 22:00:00,115,,,92,107,85,234,109,,149,163,,144
2018-09-25 23:00:00,92,,,111,188,105,216,97,,139,150,,157
2018-09-26 00:00:00,81,,,165,182,82,184,105,,117,140,,164
2018-09-26 01:00:00,36,,,125,136,53,185,116,,113,147,,120
2018-09-26 02:00:00,10,,,288,129,25,168,100,,117,151,,123
2018-09-26 03:00:00,46,,,237,87,59,183,140,,117,129,,112
2018-09-26 04:00:00,20,,,243,125,35,161,195,,118,132,,111
2018-09-26 05:00:00,39,,,250,120,16,158,263,,114,127,,108
2018-09-26 06:00:00,15,,,258,49,35,131,290,,91,116,,105
2018-09-26 07:00:00,338,,,294,51,39,109,288,,40,79,,123
2018-09-26 08:00:00,326,,,310,7,46,120,297,,34,50,,275
2018-09-26 09:00:00,353,,,329,25,33,119,292,,27,23,,209
2018-09-26 10:00:00,343,,,325,67,27,106,302,,360,33,,158
2018-09-26 11:00:00,18,,,302,98,47,133,307,,322,10,,82
2018-09-26 12:00:00,38,,,192,107,70,161,305,,27,346,,71
2018-09-26 13:00:00,25,,,253,95,101,150,301,,29,161,,77
2018-09-26 14:00:00,57,,,67,104,96,155,294,,282,177,,86
2018-09-26 15:00:00,13,,,92,109,92,147,298,,340,192,,77
2018-09-26 16:00:00,5,,,24,106,95,143,287,,49,172,,71
2018-09-26 17:00:00,26,,,64,120,100,141,232,,122,173,,61
2018-09-26 18:00:00,57,,,19,94,105,136,203,,220,172,,67
2018-09-26 19:00:00,242,,,15,114,102,135,211,,236,208,,102
2018-09-26 20:00:00,234,,,43,145,98,99,135,,82,328,,105
2018-09-26 21:00:00,137,,,140,94,47,293,294,,286,300,,76
2018-09-26 22:00:00,307,,,287,128,276,18,253,,317,330,,113
2018-09-26 23:00:00,312,,,297,179,116,26,271,,324,342,,246
2018-09-27 00:00:00,230,,,310,326,103,1,290,,318,327,,203
2018-09-27 01:00:00,41,,,289,312,109,133,258,,327,340,,146
2018-09-27 02:00:00,78,,,177,37,93,135,265,,302,311,,99
2018-09-27 03:00:00,72,,,2,357,50,134,269,,321,324,,83
2018-09-27 04:00:00,77,,,228,97,38,136,270,,301,321,,106
2018-09-27 05:00:00,153,,,129,77,41,265,264,,315,81,,68
2018-09-27 06:00:00,38,,,29,85,28,134,151,,114,47,,91
2018-09-27 07:00:00,47,,,69,125,31,160,158,,107,39,,110
2018-09-27 08:00:00,62,,,106,132,22,212,131,,206,258,,88
2018-09-27 09:00:00,356,,,156,108,45,157,83,,209,255,,79
2018-09-27 10:00:00,350,,,303,83,58,128,129,,119,292,,93
2018-09-27 11:00:00,21,,,285,68,96,127,200,,16,11,,93
2018-09-27 12:00:00,26,,,38,92,68,127,303,,356,34,,85
2018-09-27 13:00:00,52,,,168,111,78,137,299,,11,93,,100
2018-09-27 14:00:00,31,,,47,102,88,142,227,,65,84,,76
2018-09-27 15:00:00,61,,,50,110,102,154,207,,93,93,,87
2018-09-27 16:00:00,91,,,54,103,102,217,104,,97,85,,90
2018-09-27 17:00:00,124,,,120,107,95,235,121,,93,80,,79
2018-09-27 18:00:00,121,,,113,110,82,239,151,,100,84,,70
2018-09-27 19:00:00,110,,,109,104,98,229,132,,122,103,,64
2018-09-27 20:00:00,93,,,116,98,97,223,117,,117,129,,76
2018-09-27 21:00:00,92,,,117,95,49,219,100,,180,135,,94
2018-09-27 22:00:00,108,,,114,93,316,226,98,,152,149,,87
2018-09-27 23:00:00,66,,,125,92,101,233,98,,132,114,,83
2018-09-28 00:00:00,54,,,131,102,119,197,110,,103,113,,93
2018-09-28 01:00:00,81,,,120,123,79,228,95,,140,158,,81
2018-09-28 02:00:00,65,,,106,96,74,223,96,,141,112,,77
2018-09-28 03:00:00,61,,,118,98,44,218,94,,120,124,,67
2018-09-28 04:00:00,76,,,121,84,39,212,89,,118,106,,76
2018-09-28 05:00:00,65,,,120,87,37,210,106,,110,103,,82
2018-09-28 06:00:00,68,,,119,92,40,209,97,,103,108,,79
2018-09-28 07:00:00,74,,,119,94,45,215,102,,92,111,,71
2018-09-28 08:00:00,62,,,121,90,42,203,97,,92,118,,82
2018-09-28 09:00:00,67,,,129,92,36,196,97,,102,96,,75
2018-09-28 10:00:00,61,,,122,107,77,199,96,,116,158,,71
2018-09-28 11:00:00,59,,,126,109,60,189,95,,152,154,,63
2018-09-28 12:00:00,70,,,114,113,65,196,83,,188,150,,74
2018-09-28 13:00:00,81,,,94,100,94,185,79,,186,154,,60
2018-09-28 14:00:00,71,,,106,98,89,214,119,,160,155,,61
2018-09-28 15:00:00,97,,,98,102,88,222,122,,121,123,,81
2018-09-28 16:00:00,66,,,111,103,95,208,131,,228,182,,121
2018-09-28 17:00:00,188,,,93,125,94,176,130,,217,7,,147
2018-09-28 18:00:00,169,,,350,121,87,175,148,,270,10,,133
2018-09-28 19:00:00,241,,,349,116,97,200,161,,88,3,,154
2018-09-28 20:00:00,95,,,113,106,94,198,134,,50,134,,138
2018-09-28 21:00:00,88,,,93,107,61,196,103,,226,256,,106
2018-09-28 22:00:00,32,,,163,114,100,153,132,,84,219,,107
2018-09-28 23:00:00,111,,,114,101,114,257,95,,225,176,,80
2018-09-29 00:00:00,70,,,171,91,99,189,142,,67,165,,84
2018-09-29 01:00:00,24,,,278,129,111,125,123,,99,89,,91
2018-09-29 02:00:00,58,,,234,122,99,148,121,,113,94,,104
2018-09-29 03:00:00,57,,,137,120,73,195,114,,136,151,,126
2018-09-29 04:00:00,35,,,126,123,55,172,105,,122,157,,124
2018-09-29 05:00:00,355,,,132,118,63,170,108,,128,124,,144
2018-09-29 06:00:00,84,,,103,108,54,189,115,,167,88,,118
2018-09-29 07:00:00,27,,,129,108,42,188,112,,143,111,,137
2018-09-29 08:00:00,5,,,150,160,49,188,114,,102,114,,110
2018-09-29 09:00:00,27,,,350,147,53,178,167,,112,146,,117
2018-09-29 10:00:00,65,,,134,128,68,189,81,,195,124,,102
2018-09-29 11:00:00,6,,,133,122,56,171,97,,175,120,,113
2018-09-29 12:00:00,85,,,104,114,66,207,79,,165,125,,98
2018-09-29 13:00:00,62,,,80,100,71,208,98,,148,144,,76
2018-09-29 14:00:00,78,,,95,108,73,206,111,,101,167,,66
2018-09-29 15:00:00,86,,,106,104,93,228,100,,121,138,,69
2018-09-29 16:00:00,94,,,111,96,104,235,85,,132,140,,66
2018-09-29 17:00:00,127,,,112,101,101,240,110,,157,157,,71
2018-09-29 18:00:00,136,,,135,98,97,266,127,,236,139,,82
2018-09-29 19:00:00,122,,,134,110,95,233,133,,120,82,,126
2018-09-29 20:00:00,98,,,102,112,81,203,115,,80,99,,93
2018-09-29 21:00:00,73,,,89,83,87,189,101,,205,175,,73
2018-09-29 22:00:00,88,,,120,89,105,214,121,,252,249,,72
2018-09-29 23:00:00,58,,,129,98,93,193,246,,29,83,,78
2018-09-30 00:00:00,112,,,139,84,85,274,255,,113,79,,94
2018-09-30 01:00:00,184,,,110,59,94,321,159,,201,177,,70
2018-09-30 02:00:00,110,,,111,80,88,267,106,,198,196,,147
2018-09-30 03:00:00,118,,,131,108,88,134,108,,180,210,,133
2018-09-30 04:00:00,120,,,291,121,57,137,111,,131,197,,133
2018-09-30 05:00:00,38,,,302,107,25,122,104,,105,124,,108
2018-09-30 06:00:00,28,,,240,128,45,139,156,,23,48,,125
2018-09-30 07:00:00,22,,,124,124,65,132,280,,273,333,,104
2018-09-30 08:00:00,50,,,244,133,67,129,266,,283,310,,120
2018-09-30 09:00:00,28,,,315,136,78,114,304,,343,14,,112
2018-09-30 10:00:00,14,,,179,110,108,134,306,,52,52,,80
2018-09-30 11:00:00,23,,,225,111,75,157,314,,171,21,,113
2018-09-30 12:00:00,20,,,219,120,51,159,321,,110,64,,122
2018-09-30 13:00:00,73,,,114,121,58,181,49,,134,158,,89
2018-09-30 14:00:00,108,,,107,105,94,217,84,,136,142,,86
2018-09-30 15:00:00,153,,,107,99,83,224,119,,94,69,,87
2018-09-30 16:00:00,112,,,102,113,98,208,120,,105,61,,72
2018-09-30 17:00:00,82,,,113,98,100,234,98,,125,117,,64
2018-09-30 18:00:00,120,,,112,105,167,228,86,,205,204,,72
2018-09-30 19:00:00,145,,,119,97,279,244,110,,187,223,,71
2018-09-30 20:00:00,117,,,113,93,231,218,118,,179,272,,93
2018-09-30 21:00:00,137,,,120,87,269,207,109,,162,164,,87
2018-09-30 22:00:00,85,,,105,86,81,199,102,,94,76,,75
2018-09-30 23:00:00,62,,,113,88,93,175,96,,85,59,,71
2018-10-01 00:00:00,,,,,,108,,,,,,,
2018-10-01 01:00:00,71,,,117,96,85,199,115,,,129,,90
2018-10-01 02:00:00,59,,,111,93,73,196,121,,,90,,95
2018-10-01 03:00:00,72,,,126,124,71,201,119,,,121,,104
2018-10-01 04:00:00,62,,,121,122,79,193,132,,,129,,125
2018-10-01 05:00:00,79,,,117,111,82,209,105,,,139,,113
2018-10-01 06:00:00,34,,,128,136,72,196,129,,,143,,138
2018-10-01 07:00:00,36,,,145,140,92,194,111,,,138,,132
2018-10-01 08:00:00,17,,,208,132,84,170,188,,,123,,142
2018-10-01 09:00:00,350,,,210,108,90,161,244,,,123,,162
2018-10-01 10:00:00,325,,,108,114,71,176,90,,,143,,63
2018-10-01 11:00:00,80,,,97,109,81,204,97,,,134,,78
2018-10-01 12:00:00,59,,,86,99,70,209,86,,,141,,68
2018-10-01 13:00:00,92,,,96,97,94,213,86,,,140,,65
2018-10-01 14:00:00,101,,,93,96,83,215,93,,,132,,83
2018-10-01 15:00:00,86,,,93,95,80,215,90,,,135,,65
2018-10-01 16:00:00,112,,,108,98,115,232,114,,,135,,74
2018-10-01 17:00:00,159,,,108,98,90,236,130,,,140,,65
2018-10-01 18:00:00,136,,,107,94,99,228,109,,,133,,67
2018-10-01 19:00:00,124,,,104,87,126,215,111,,,115,,70
2018-10-01 20:00:00,109,,,97,83,169,194,106,,,150,,93
2018-10-01 21:00:00,88,,,105,90,135,194,100,,,190,,84
2018-10-01 22:00:00,104,,,98,87,127,189,111,,,109,,69
2018-10-01 23:00:00,71,,,112,90,119,193,114,,,101,,63
2018-10-02 00:00:00,71,,,116,94,114,205,101,,,172,,83
2018-10-02 01:00:00,64,,,112,92,112,210,103,,,184,,79
2018-10-02 02:00:00,44,,,107,101,113,203,111,,,136,,104
2018-10-02 03:00:00,48,,,111,109,114,185,128,,,126,,106
2018-10-02 04:00:00,52,,,99,106,134,193,130,,,127,,106
2018-10-02 05:00:00,41,,,109,100,157,187,145,,,115,,127
2018-10-02 06:00:00,67,,,122,131,35,197,202,,,125,,129
2018-10-02 07:00:00,39,,,118,115,44,172,213,,,121,,125
2018-10-02 08:00:00,22,,,129,114,46,198,224,,,113,,106
2018-10-02 09:00:00,59,,,118,106,292,205,322,,,130,,96
2018-10-02 10:00:00,67,,,105,99,288,202,99,,,146,,68
2018-10-02 11:00:00,73,,,106,86,247,212,88,,,148,,49
2018-10-02 12:00:00,98,,,97,89,24,211,102,,,132,,69
2018-10-02 13:00:00,97,,,95,86,21,211,92,,,129,,60
2018-10-02 14:00:00,85,,,90,86,79,213,77,,,130,,52
2018-10-02 15:00:00,83,,,98,90,38,214,68,,,129,,65
2018-10-02 16:00:00,92,,,100,95,43,222,91,,,128,,73
2018-10-02 17:00:00,125,,,105,87,63,228,126,,,136,,73
2018-10-02 18:00:00,141,,,104,82,95,224,112,,,133,,72
2018-10-02 19:00:00,133,,,105,78,106,222,105,,,123,,64
2018-10-02 20:00:00,131,,,100,77,21,219,111,,,110,,62
2018-10-02 21:00:00,119,,,97,76,254,206,112,,,156,,71
2018-10-02 22:00:00,92,,,85,85,9,193,116,,,137,,105
2018-10-02 23:00:00,117,,,100,83,13,214,120,,,121,,79
2018-10-03 00:00:00,85,,,107,93,202,204,127,,,115,,75
2018-10-03 01:00:00,52,,,118,104,155,170,115,,,118,,86
2018-10-03 02:00:00,59,,,157,113,256,154,130,,,114,,100
2018-10-03 03:00:00,75,,,247,94,269,169,210,,,137,,123
2018-10-03 04:00:00,26,,,318,57,129,155,222,,,135,,191
2018-10-03 05:00:00,2,,,250,76,225,157,231,,,114,,204
2018-10-03 06:00:00,14,,,213,102,220,150,232,,,89,,198
2018-10-03 07:00:00,14,,,282,119,334,141,224,,,33,,236
2018-10-03 08:00:00,26,,,332,123,96,137,252,,,32,,254
2018-10-03 09:00:00,13,,,305,91,71,157,310,,,75,,245
2018-10-03 10:00:00,25,,,284,84,75,137,311,,,154,,61
2018-10-03 11:00:00,19,,,318,86,49,138,316,,,154,,90
2018-10-03 12:00:00,21,,,72,111,21,165,67,,,167,,94
2018-10-03 13:00:00,59,,,82,104,36,200,83,,,141,,76
2018-10-03 14:00:00,104,,,91,93,50,211,97,,,135,,54
2018-10-03 15:00:00,130,,,96,88,55,214,99,,,135,,81
2018-10-03 16:00:00,134,,,100,88,64,227,89,,,134,,78
2018-10-03 17:00:00,141,,,105,81,80,228,101,,,140,,79
2018-10-03 18:00:00,146,,,107,81,41,231,119,,,156,,64
2018-10-03 19:00:00,125,,,103,80,59,226,100,,,156,,63
2018-10-03 20:00:00,139,,,111,79,68,231,103,,,164,,68
2018-10-03 21:00:00,114,,,137,78,104,258,107,,,172,,73
2018-10-03 22:00:00,133,,,129,79,106,185,99,,,128,,109
2018-10-03 23:00:00,123,,,121,107,105,192,106,,,131,,135
2018-10-04 00:00:00,338,,,124,110,107,214,123,,,136,,137
2018-10-04 01:00:00,10,,,331,145,113,170,123,,,123,,144
2018-10-04 02:00:00,15,,,341,104,100,162,211,,,107,,117
2018-10-04 03:00:00,21,,,333,114,57,153,236,,,111,,119
2018-10-04 04:00:00,27,,,305,111,49,171,233,,,89,,139
2018-10-04 05:00:00,20,,,304,123,82,151,231,,,62,,160
2018-10-04 06:00:00,352,,,267,105,91,154,222,,,92,,240
2018-10-04 07:00:00,6,,,254,102,95,172,222,,,60,,263
2018-10-04 08:00:00,19,,,267,84,80,189,244,,,48,,246
2018-10-04 09:00:00,14,,,283,99,47,190,311,,,44,,265
2018-10-04 10:00:00,10,,,24,84,81,166,314,,,127,,52
2018-10-04 11:00:00,5,,,306,86,75,152,319,,,154,,58
2018-10-04 12:00:00,18,,,91,91,76,160,28,,,150,,73
2018-10-04 13:00:00,67,,,58,98,96,192,94,,,140,,74
2018-10-04 14:00:00,72,,,92,95,97,212,82,,,140,,68
2018-10-04 15:00:00,129,,,97,81,104,214,86,,,131,,68
2018-10-04 16:00:00,138,,,98,81,122,220,114,,,133,,78
2018-10-04 17:00:00,133,,,98,82,109,227,114,,,134,,77
2018-10-04 18:00:00,138,,,105,80,86,226,104,,,158,,72
2018-10-04 19:00:00,141,,,105,75,75,224,102,,,163,,73
2018-10-04 20:00:00,151,,,109,81,94,214,108,,,165,,76
2018-10-04 21:00:00,158,,,114,86,102,217,109,,,151,,99
2018-10-04 22:00:00,134,,,108,86,102,214,106,,,120,,113
2018-10-04 23:00:00,81,,,104,92,101,208,118,,,126,,96
2018-10-05 00:00:00,121,,,95,84,103,195,120,,,128,,91
2018-10-05 01:00:00,35,,,105,104,106,187,129,,,122,,110
2018-10-05 02:00:00,30,,,139,111,108,184,109,,,110,,115
2018-10-05 03:00:00,46,,,175,82,119,162,229,,,91,,113
2018-10-05 04:00:00,69,,,262,51,116,169,242,,,123,,141
2018-10-05 05:00:00,36,,,227,110,117,165,223,,,133,,208
2018-10-05 06:00:00,354,,,218,105,130,,220,,,136,,237
2018-10-05 07:00:00,10,,,283,90,114,171,223,,,302,,235
2018-10-05 08:00:00,351,,,241,45,103,152,233,,,12,,254
2018-10-05 09:00:00,17,,,286,88,80,124,295,,,42,,282
2018-10-05 10:00:00,13,,,360,94,81,147,313,,,177,,80
2018-10-05 11:00:00,12,,,125,103,82,162,48,,,162,,63
2018-10-05 12:00:00,76,,,68,105,83,179,101,,,160,,66
2018-10-05 13:00:00,68,,,87,104,83,185,92,,,160,,64
2018-10-05 14:00:00,61,,,88,93,92,206,74,,,145,,60
2018-10-05 15:00:00,132,,,93,86,90,220,103,,,138,,80
2018-10-05 16:00:00,139,,,98,81,88,217,111,,,126,,94
2018-10-05 17:00:00,148,,,100,90,97,222,117,,,121,,86
2018-10-05 18:00:00,143,,,100,85,106,230,116,,,151,,72
2018-10-05 19:00:00,130,,,104,73,96,225,115,,,162,,61
2018-10-05 20:00:00,129,,,103,71,215,200,103,,,164,,56
2018-10-05 21:00:00,137,,,105,71,245,195,109,,,156,,64
2018-10-05 22:00:00,148,,,123,86,271,233,111,,,132,,72
2018-10-05 23:00:00,115,,,100,86,59,219,106,,,134,,94
2018-10-06 00:00:00,128,,,101,93,107,226,107,,,135,,67
2018-10-06 01:00:00,67,,,112,115,105,215,120,,,129,,93
2018-10-06 02:00:00,52,,,109,113,95,191,143,,,116,,133
2018-10-06 03:00:00,48,,,137,101,80,208,226,,,115,,116
2018-10-06 04:00:00,61,,,120,108,88,188,225,,,126,,118
2018-10-06 05:00:00,94,,,114,109,80,185,174,,,103,,138
2018-10-06 06:00:00,54,,,155,135,78,171,190,,,70,,225
2018-10-06 07:00:00,36,,,188,107,74,173,207,,,83,,229
2018-10-06 08:00:00,61,,,130,115,91,173,223,,,117,,258
2018-10-06 09:00:00,65,,,165,108,64,173,269,,,125,,160
2018-10-06 10:00:00,69,,,195,104,67,172,310,,,135,,55
2018-10-06 11:00:00,42,,,259,97,75,163,324,,,168,,57
2018-10-06 12:00:00,29,,,136,83,117,153,350,,,140,,74
2018-10-06 13:00:00,53,,,62,96,86,164,102,,,145,,92
2018-10-06 14:00:00,55,,,66,101,116,182,93,,,164,,67
2018-10-06 15:00:00,85,,,90,92,99,218,84,,,155,,66
2018-10-06 16:00:00,150,,,103,77,68,231,122,,,152,,82
2018-10-06 17:00:00,161,,,104,97,56,230,115,,,159,,79
2018-10-06 18:00:00,155,,,109,86,61,233,114,,,169,,73
2018-10-06 19:00:00,148,,,104,82,72,213,99,,,160,,73
2018-10-06 20:00:00,147,,,105,78,100,197,111,,,161,,97
2018-10-06 21:00:00,147,,,121,84,86,218,108,,,137,,102
2018-10-06 22:00:00,127,,,105,83,355,223,106,,,125,,110
2018-10-06 23:00:00,121,,,103,80,282,209,91,,,135,,66
2018-10-07 00:00:00,109,,,106,87,289,216,100,,,130,,75
2018-10-07 01:00:00,59,,,113,86,84,218,127,,,123,,81
2018-10-07 02:00:00,58,,,101,103,94,202,114,,,114,,113
2018-10-07 03:00:00,24,,,125,101,83,177,115,,,115,,121
2018-10-07 04:00:00,21,,,132,106,88,150,229,,,102,,124
2018-10-07 05:00:00,41,,,309,126,74,164,221,,,91,,123
2018-10-07 06:00:00,54,,,108,104,50,164,199,,,54,,111
2018-10-07 07:00:00,76,,,137,121,48,170,229,,,64,,107
2018-10-07 08:00:00,76,,,112,114,43,170,308,,,66,,94
2018-10-07 09:00:00,53,,,160,100,44,174,306,,,84,,97
2018-10-07 10:00:00,91,,,208,103,62,167,306,,,85,,84
2018-10-07 11:00:00,66,,,169,113,50,154,313,,,137,,76
2018-10-07 12:00:00,71,,,247,96,46,179,306,,,143,,71
2018-10-07 13:00:00,61,,,105,97,65,180,79,,,159,,80
2018-10-07 14:00:00,60,,,83,94,78,175,90,,,160,,62
2018-10-07 15:00:00,76,,,94,90,106,213,111,,,153,,64
2018-10-07 16:00:00,155,,,112,77,113,227,128,,,157,,80
2018-10-07 17:00:00,158,,,109,82,103,245,124,,,163,,71
2018-10-07 18:00:00,116,,,132,71,93,259,102,,,164,,69
2018-10-07 19:00:00,150,,,126,42,69,310,119,,,168,,121
2018-10-07 20:00:00,181,,,39,257,210,332,112,,,223,,203
2018-10-07 21:00:00,220,,,316,287,275,348,102,,,192,,220
2018-10-07 22:00:00,152,,,117,211,279,284,106,,,141,,161
2018-10-07 23:00:00,121,,,121,95,21,202,112,,,144,,149
2018-10-08 00:00:00,59,,,108,115,107,206,122,,,118,,122
2018-10-08 01:00:00,62,,,106,107,106,213,106,,,120,,127
2018-10-08 02:00:00,47,,,106,119,88,202,125,,,126,,104
2018-10-08 03:00:00,30,,,109,111,81,207,125,,,112,,135
2018-10-08 04:00:00,81,,,116,121,60,210,189,,,98,,127
2018-10-08 05:00:00,84,,,102,112,55,213,187,,,86,,109
2018-10-08 06:00:00,77,,,100,92,58,208,162,,,96,,101
2018-10-08 07:00:00,52,,,126,103,71,192,215,,,88,,146
2018-10-08 08:00:00,57,,,125,67,63,182,223,,,80,,118
2018-10-08 09:00:00,45,,,170,90,58,177,253,,,79,,84
2018-10-08 10:00:00,57,,,226,94,23,173,284,,,108,,86
2018-10-08 11:00:00,66,,,180,87,318,175,328,,,147,,74
2018-10-08 12:00:00,40,,,82,102,278,189,298,,,163,,61
2018-10-08 13:00:00,73,,,66,101,52,161,275,,,175,,63
2018-10-08 14:00:00,72,,,75,97,25,161,159,,,152,,71
2018-10-08 15:00:00,68,,,75,95,40,183,84,,,162,,69
2018-10-08 16:00:00,93,,,77,84,16,191,119,,,162,,63
2018-10-08 17:00:00,68,,,89,84,39,205,108,,,179,,67
2018-10-08 18:00:00,143,,,94,85,25,218,132,,,185,,73
2018-10-08 19:00:00,129,,,94,77,56,194,111,,,176,,80
2018-10-08 20:00:00,126,,,94,93,100,201,116,,,140,,89
2018-10-08 21:00:00,106,,,110,110,114,222,104,,,136,,126
2018-10-08 22:00:00,22,,,119,105,15,211,110,,,143,,129
2018-10-08 23:00:00,15,,,127,134,18,216,104,,,152,,140
2018-10-09 00:00:00,17,,,71,119,260,176,116,,,138,,139
2018-10-09 01:00:00,13,,,96,117,13,182,121,,,134,,124
2018-10-09 02:00:00,41,,,127,109,56,216,122,,,132,,122
2018-10-09 03:00:00,35,,,87,119,84,189,182,,,114,,132
2018-10-09 04:00:00,331,,,134,140,93,168,217,,,106,,118
2018-10-09 05:00:00,294,,,267,344,64,162,221,,,111,,222
2018-10-09 06:00:00,266,,,290,6,61,137,251,,,105,,217
2018-10-09 07:00:00,283,,,267,310,7,169,234,,,35,,270
2018-10-09 08:00:00,307,,,287,335,148,116,127,,,27,,240
2018-10-09 09:00:00,341,,,318,305,339,130,283,,,48,,253
2018-10-09 10:00:00,348,,,346,276,108,144,304,,,4,,227
2018-10-09 11:00:00,56,,,225,294,62,151,288,,,2,,224
2018-10-09 12:00:00,35,,,190,322,146,141,283,,,6,,72
2018-10-09 13:00:00,52,,,,319,31,158,276,,,8,,62
2018-10-09 14:00:00,116,,,,333,93,194,229,,,342,,86
2018-10-09 15:00:00,102,,,109,9,73,198,170,,,200,,82
2018-10-09 16:00:00,116,,,95,161,88,197,126,,,89,,76
2018-10-09 17:00:00,98,,,84,92,32,196,118,,,104,,65
2018-10-09 18:00:00,107,,,100,90,56,222,72,,,101,,60
2018-10-09 19:00:00,125,,,103,89,325,227,106,,,101,,69
2018-10-09 20:00:00,127,,,93,95,43,220,124,,,189,,62
2018-10-09 21:00:00,110,,,35,109,41,144,124,,,281,,64
2018-10-09 22:00:00,12,,,33,110,21,134,128,,,307,,71
2018-10-09 23:00:00,2,,,32,104,1,128,272,,,258,,109
2018-10-10 00:00:00,6,,,29,107,33,128,287,,,69,,117
2018-10-10 01:00:00,18,,,45,57,58,126,283,,,301,,111
2018-10-10 02:00:00,24,,,26,56,62,123,271,,,286,,115
2018-10-10 03:00:00,36,,,195,63,136,120,277,,,303,,112
2018-10-10 04:00:00,79,,,191,345,11,133,260,,,300,,90
2018-10-10 05:00:00,77,,,185,297,94,135,257,,,319,,97
2018-10-10 06:00:00,85,,,132,278,269,131,271,,,334,,87
2018-10-10 07:00:00,148,,,55,321,315,174,274,,,335,,103
2018-10-10 08:00:00,133,,,97,302,32,248,239,,,340,,221
2018-10-10 09:00:00,304,,,352,300,61,174,252,,,348,,232
2018-10-10 10:00:00,97,,,80,327,52,155,148,,,2,,106
2018-10-10 11:00:00,79,,,149,95,52,146,292,,,352,,84
2018-10-10 12:00:00,32,,,34,95,4,137,283,,,43,,78
2018-10-10 13:00:00,55,,,34,97,358,147,295,,,95,,82
2018-10-10 14:00:00,50,,,51,102,338,168,135,,,107,,67
2018-10-10 15:00:00,58,,,65,94,352,162,121,,,223,,73
2018-10-10 16:00:00,75,,,77,101,7,177,123,,,253,,89
2018-10-10 17:00:00,72,,,59,99,17,164,111,,,212,,74
2018-10-10 18:00:00,130,,,59,88,9,185,113,,,186,,90
2018-10-10 19:00:00,136,,,82,87,356,233,118,,,156,,91
2018-10-10 20:00:00,124,,,109,91,296,226,96,,,69,,73
2018-10-10 21:00:00,92,,,105,84,351,217,127,,,47,,69
2018-10-10 22:00:00,92,,,105,87,358,216,104,,,140,,66
2018-10-10 23:00:00,116,,,108,90,1,229,107,,,154,,60
2018-10-11 00:00:00,137,,,116,77,347,231,97,,,160,,67
2018-10-11 01:00:00,141,,,109,73,346,216,104,,,159,,69
2018-10-11 02:00:00,137,,,110,95,329,213,112,,,84,,68
2018-10-11 03:00:00,26,,,111,107,339,153,111,,,50,,92
2018-10-11 04:00:00,61,,,108,125,328,156,190,,,319,,111
2018-10-11 05:00:00,69,,,151,103,317,172,108,,,323,,84
2018-10-11 06:00:00,39,,,147,105,337,157,156,,,234,,99
2018-10-11 07:00:00,60,,,141,110,259,178,98,,,185,,88
2018-10-11 08:00:00,358,,,136,102,13,167,107,,,132,,84
2018-10-11 09:00:00,7,,,133,105,352,148,105,,,48,,92
2018-10-11 10:00:00,27,,,95,107,355,165,103,,,94,,71
2018-10-11 11:00:00,62,,,88,103,348,196,76,,,146,,60
2018-10-11 12:00:00,80,,,81,88,337,194,72,,,156,,55
2018-10-11 13:00:00,96,,,97,90,352,211,95,,,147,,51
2018-10-11 14:00:00,119,,,100,90,356,228,125,,,151,,74
2018-10-11 15:00:00,121,,,108,91,42,228,113,,,152,,66
2018-10-11 16:00:00,128,,,108,88,36,239,117,,,132,,61
2018-10-11 17:00:00,141,,,112,87,13,233,88,,,127,,64
2018-10-11 18:00:00,122,,,105,79,17,219,96,,,111,,60
2018-10-11 19:00:00,114,,,95,75,27,200,105,,,143,,68
2018-10-11 20:00:00,95,,,104,80,2,213,94,,,130,,74
2018-10-11 21:00:00,81,,,102,79,26,205,95,,,149,,65
2018-10-11 22:00:00,110,,,107,84,55,201,103,,,167,,60
2018-10-11 23:00:00,131,,,113,79,290,225,104,,,160,,70
2018-10-12 00:00:00,119,,,111,89,292,230,84,,,138,,83
2018-10-12 01:00:00,147,,,115,87,117,226,93,,,130,,91
2018-10-12 02:00:00,152,,,116,82,338,229,97,,,139,,124
2018-10-12 03:00:00,147,,,114,90,95,234,101,,,133,,98
2018-10-12 04:00:00,156,,,114,98,53,228,100,,,131,,211
2018-10-12 05:00:00,159,,,109,105,308,233,95,,,135,,237
2018-10-12 06:00:00,166,,,106,96,36,231,105,,,129,,231
2018-10-12 07:00:00,98,,,108,112,13,216,135,,,76,,241
2018-10-12 08:00:00,35,,,113,124,69,209,107,,,75,,283
2018-10-12 09:00:00,43,,,115,122,57,198,121,,,93,,258
2018-10-12 10:00:00,78,,,109,118,35,188,96,,,120,,88
2018-10-12 11:00:00,70,,,87,116,69,203,76,,,146,,76
2018-10-12 12:00:00,47,,,92,118,102,202,67,,,150,,60
2018-10-12 13:00:00,64,,,84,108,55,214,66,,,158,,72
2018-10-12 14:00:00,103,,,105,103,61,214,94,,,169,,75
2018-10-12 15:00:00,139,,,100,97,64,218,120,,,188,,81
2018-10-12 16:00:00,144,,,96,95,60,216,98,,,156,,70
2018-10-12 17:00:00,131,,,96,88,60,227,97,,,173,,67
2018-10-12 18:00:00,144,,,102,82,62,212,107,,,161,,67
2018-10-12 19:00:00,139,,,99,81,43,207,123,,,160,,81
2018-10-12 20:00:00,130,,,107,75,42,188,118,,,158,,117
2018-10-12 21:00:00,130,,,127,95,360,201,103,,,140,,134
2018-10-12 22:00:00,69,,,251,128,195,161,103,,,124,,136
2018-10-12 23:00:00,100,,,112,139,198,196,127,,,130,,119
2018-10-13 00:00:00,73,,,105,110,174,214,122,,,128,,120
2018-10-13 01:00:00,57,,,102,118,175,210,138,,,120,,124
2018-10-13 02:00:00,58,,,102,121,145,221,126,,,120,,133
2018-10-13 03:00:00,86,,,131,126,81,216,176,,,111,,112
2018-10-13 04:00:00,76,,,141,125,122,213,203,,,113,,89
2018-10-13 05:00:00,82,,,121,119,119,209,194,,,98,,243
2018-10-13 06:00:00,82,,,125,107,60,186,223,,,109,,257
2018-10-13 07:00:00,74,,,121,99,88,193,204,,,109,,252
2018-10-13 08:00:00,68,,,144,86,320,202,219,,,66,,256
2018-10-13 09:00:00,66,,,154,130,279,171,291,,,136,,273
2018-10-13 10:00:00,49,,,227,80,31,156,301,,,140,,67
2018-10-13 11:00:00,61,,,261,105,54,153,289,,,100,,84
2018-10-13 12:00:00,71,,,115,105,70,152,274,,,61,,72
2018-10-13 13:00:00,83,,,102,97,121,186,121,,,119,,67
2018-10-13 14:00:00,102,,,121,92,155,229,111,,,170,,85
2018-10-13 15:00:00,92,,,105,94,143,190,100,,,145,,72
2018-10-13 16:00:00,78,,,79,93,130,182,114,,,180,,64
2018-10-13 17:00:00,85,,,74,87,60,185,137,,,170,,67
2018-10-13 18:00:00,74,,,100,92,85,192,123,,,160,,70
2018-10-13 19:00:00,86,,,100,96,65,198,98,,,168,,70
2018-10-13 20:00:00,90,,,98,99,72,212,119,,,168,,74
2018-10-13 21:00:00,102,,,103,118,149,167,134,,,104,,92
2018-10-13 22:00:00,94,,,82,128,124,138,128,,,68,,118
2018-10-13 23:00:00,7,,,254,133,42,133,195,,,76,,138
2018-10-14 00:00:00,46,,,283,45,65,145,222,,,127,,150
2018-10-14 01:00:00,54,,,123,9,40,164,229,,,120,,131
2018-10-14 02:00:00,341,,,167,118,40,166,227,,,97,,129
2018-10-14 03:00:00,35,,,283,94,36,178,230,,,113,,132
2018-10-14 04:00:00,36,,,264,112,27,174,230,,,105,,117
2018-10-14 05:00:00,54,,,105,111,4,179,255,,,97,,103
2018-10-14 06:00:00,64,,,116,114,46,166,127,,,92,,103
2018-10-14 07:00:00,32,,,95,99,203,157,202,,,81,,117
2018-10-14 08:00:00,44,,,272,128,132,159,169,,,110,,174
2018-10-14 09:00:00,48,,,255,113,160,167,88,,,129,,233
2018-10-14 10:00:00,65,,,203,124,2,167,320,,,132,,94
2018-10-14 11:00:00,47,,,268,113,12,167,316,,,130,,81
2018-10-14 12:00:00,67,,,60,98,360,171,150,,,160,,87
2018-10-14 13:00:00,84,,,71,99,345,170,126,,,165,,91
2018-10-14 14:00:00,100,,,73,103,12,156,140,,,184,,117
2018-10-14 15:00:00,91,,,85,100,22,211,86,,,173,,99
2018-10-14 16:00:00,114,,,102,91,49,221,98,,,185,,90
2018-10-14 17:00:00,135,,,111,88,16,209,119,,,202,,85
2018-10-14 18:00:00,142,,,102,82,37,206,110,,,260,,81
2018-10-14 19:00:00,137,,,107,84,57,218,114,,,23,,103
2018-10-14 20:00:00,92,,,106,89,92,178,117,,,42,,111
2018-10-14 21:00:00,73,,,105,92,47,168,102,,,65,,112
2018-10-14 22:00:00,70,,,99,93,93,159,113,,,103,,115
2018-10-14 23:00:00,60,,,110,89,117,192,113,,,129,,110
2018-10-15 00:00:00,96,,,104,90,171,209,107,,,142,,72
2018-10-15 01:00:00,65,,,106,,188,,122,,,,,72
2018-10-15 02:00:00,59,,,113,104,203,,112,,,116,,71
2018-10-15 03:00:00,62,,,116,116,325,,122,,,82,,95
2018-10-15 04:00:00,69,,,105,113,182,,132,,,95,,109
2018-10-15 05:00:00,77,,,103,119,84,,154,,,90,,103
2018-10-15 06:00:00,81,,,112,117,343,,110,,,110,,97
2018-10-15 07:00:00,74,,,101,113,253,,137,,,79,,91
2018-10-15 08:00:00,84,,,89,117,246,,167,,,82,,88
2018-10-15 09:00:00,86,,,82,107,241,182,140,,,90,,86
2018-10-15 10:00:00,60,,,54,105,251,158,55,,,72,,76
2018-10-15 11:00:00,39,,,225,94,342,132,299,,,25,,90
2018-10-15 12:00:00,61,,,94,88,26,127,278,,,336,,89
2018-10-15 13:00:00,58,,,235,72,31,128,275,,,,,99
2018-10-15 14:00:00,54,,,193,109,8,128,270,,,,,
2018-10-15 15:00:00,55,,,184,119,349,131,287,,,,,
2018-10-15 16:00:00,53,,,253,123,5,137,282,,,,,
2018-10-15 17:00:00,54,,,201,105,51,145,269,,,,,
2018-10-15 18:00:00,53,,,219,84,39,140,281,,,,,83
2018-10-15 19:00:00,53,,,196,67,28,136,289,,,,,72
2018-10-15 20:00:00,57,,,181,66,24,136,292,,,,,75
2018-10-15 21:00:00,64,,,167,131,59,141,282,,,,,71
2018-10-15 22:00:00,113,,,148,283,46,135,295,,,,,76
2018-10-15 23:00:00,62,,,159,266,265,141,289,,,,,77
2018-10-16 00:00:00,67,,,132,293,212,134,295,,,,,70
2018-10-16 01:00:00,67,,,155,306,311,138,292,,,,,72
2018-10-16 02:00:00,52,,,157,301,308,140,297,,,,,72
2018-10-16 03:00:00,75,,,183,302,326,143,295,,,,,89
2018-10-16 04:00:00,115,,,164,259,307,136,292,,,,,79
2018-10-16 05:00:00,122,,,157,276,314,137,290,,,,,75
2018-10-16 06:00:00,115,,,159,280,13,133,292,,,,,72
2018-10-16 07:00:00,65,,,152,281,22,131,294,,,,,68
2018-10-16 08:00:00,46,,,155,284,343,129,288,,,,,76
2018-10-16 09:00:00,36,,,155,292,4,133,286,,,,,71
2018-10-16 10:00:00,52,,,173,291,12,130,288,,,341,,72
2018-10-16 11:00:00,62,,,171,285,40,137,284,,,348,,80
2018-10-16 12:00:00,46,,,173,287,57,147,285,,,348,,88
2018-10-16 13:00:00,100,,,157,287,56,142,281,,,348,,79
2018-10-16 14:00:00,99,,,170,290,82,134,260,,,350,,87
2018-10-16 15:00:00,94,,,160,289,43,133,265,,,353,,88
2018-10-16 16:00:00,79,,,175,288,47,136,236,,,7,,66
2018-10-16 17:00:00,91,,,175,286,47,151,256,,,353,,79
2018-10-16 18:00:00,79,,,192,252,52,146,237,,,356,,89
2018-10-16 19:00:00,93,,,190,108,52,142,278,,,352,,85
2018-10-16 20:00:00,127,,,180,48,53,143,290,,,340,,63
2018-10-16 21:00:00,118,,,165,53,58,147,293,,,346,,77
2018-10-16 22:00:00,118,,,186,104,40,138,295,,,342,,71
2018-10-16 23:00:00,132,,,226,52,22,129,281,,,337,,83
2018-10-17 00:00:00,66,,,269,314,28,142,289,,,338,,85
2018-10-17 01:00:00,44,,,169,295,24,151,291,,,340,,79
2018-10-17 02:00:00,81,,,172,302,68,154,305,,,330,,79
2018-10-17 03:00:00,50,,,187,98,84,130,298,,,330,,84
2018-10-17 04:00:00,109,,,185,177,53,125,283,,,337,,29
2018-10-17 05:00:00,131,,,142,294,42,144,296,,,339,,72
2018-10-17 06:00:00,126,,,144,284,44,127,298,,,339,,77
2018-10-17 07:00:00,71,,,160,288,48,137,297,,,334,,74
2018-10-17 08:00:00,53,,,169,306,101,137,287,,,338,,74
2018-10-17 09:00:00,92,,,175,302,71,144,301,,,337,,79
2018-10-17 10:00:00,106,,,187,302,50,128,302,,,338,,77
2018-10-17 11:00:00,98,,,188,300,37,121,300,,,336,,71
2018-10-17 12:00:00,54,,,204,299,299,114,289,,,345,,73
2018-10-17 13:00:00,5,,,118,293,13,127,288,,,348,,73
2018-10-17 14:00:00,102,,,278,290,20,120,290,,,3,,47
2018-10-17 15:00:00,246,,,338,292,74,131,288,,,359,,78
2018-10-17 16:00:00,265,,,343,309,74,134,275,,,354,,82
2018-10-17 17:00:00,50,,,345,309,103,136,291,,,358,,111
2018-10-17 18:00:00,19,,,4,309,116,139,293,,,360,,99
2018-10-17 19:00:00,21,,,340,311,121,122,294,,,347,,90
2018-10-17 20:00:00,27,,,269,263,115,130,294,,,343,,68
2018-10-17 21:00:00,38,,,248,252,98,137,273,,,330,,76
2018-10-17 22:00:00,293,,,267,274,123,132,280,,,340,,56
2018-10-17 23:00:00,221,,,295,297,102,135,265,,,341,,83
2018-10-18 00:00:00,273,,,295,301,57,131,276,,,348,,89
2018-10-18 01:00:00,242,,,320,291,51,135,272,,,347,,91
2018-10-18 02:00:00,33,,,305,291,352,132,282,,,348,,85
2018-10-18 03:00:00,64,,,285,298,353,130,288,,,342,,83
2018-10-18 04:00:00,59,,,298,292,238,127,281,,,348,,85
2018-10-18 05:00:00,108,,,334,294,306,141,283,,,354,,305
2018-10-18 06:00:00,62,,,339,281,338,138,282,,,357,,81
2018-10-18 07:00:00,47,,,31,282,28,127,289,,,347,,81
2018-10-18 08:00:00,30,,,311,292,322,129,289,,,341,,77
2018-10-18 09:00:00,44,,,306,282,278,126,286,,,345,,90
2018-10-18 10:00:00,47,,,344,291,346,129,272,,,346,,83
2018-10-18 11:00:00,6,,,333,298,12,120,283,,,339,,74
2018-10-18 12:00:00,9,,,342,300,18,127,286,,,346,,320
2018-10-18 13:00:00,40,,,338,299,95,121,284,,,348,,86
2018-10-18 14:00:00,62,,,336,286,81,127,287,,,356,,91
2018-10-18 15:00:00,77,,,317,281,73,142,247,,,359,,86
2018-10-18 16:00:00,80,,,293,307,111,148,281,,,342,,77
2018-10-18 17:00:00,54,,,218,306,99,140,291,,,344,,88
2018-10-18 18:00:00,77,,,245,308,109,142,289,,,347,,98
2018-10-18 19:00:00,92,,,257,293,108,139,297,,,350,,89
2018-10-18 20:00:00,83,,,192,289,96,128,302,,,338,,78
2018-10-18 21:00:00,49,,,158,306,108,137,302,,,340,,70
2018-10-18 22:00:00,97,,,166,303,137,142,304,,,329,,75
2018-10-18 23:00:00,92,,,206,14,95,136,300,,,323,,89
2018-10-19 00:00:00,104,,,161,341,72,127,298,,,330,,74
2018-10-19 01:00:00,79,,,216,316,56,129,299,,,329,,81
2018-10-19 02:00:00,164,,,256,311,41,135,300,,,334,,65
2018-10-19 03:00:00,177,,,116,292,55,84,302,,,353,,184
2018-10-19 04:00:00,129,,,193,298,62,146,258,,,345,,139
2018-10-19 05:00:00,74,,,119,299,51,140,301,,,330,,93
2018-10-19 06:00:00,123,,,286,301,343,134,288,,,339,,94
2018-10-19 07:00:00,322,,,330,307,60,299,348,,,336,,80
2018-10-19 08:00:00,355,,,300,302,103,169,291,,,347,,331
2018-10-19 09:00:00,20,,,322,293,60,135,291,,,354,,97
2018-10-19 10:00:00,317,,,318,298,18,131,292,,,359,,78
2018-10-19 11:00:00,72,,,289,300,44,135,297,,,4,,83
2018-10-19 12:00:00,104,,,161,311,118,,311,,,344,,90
2018-10-19 13:00:00,124,,,168,106,122,171,291,,,348,,96
2018-10-19 14:00:00,109,,,173,109,72,139,295,,,38,,103
2018-10-19 15:00:00,60,,,44,112,102,143,293,,,32,,108
2018-10-19 16:00:00,62,,,69,107,115,158,249,,,74,,98
2018-10-19 17:00:00,97,,,101,111,120,167,194,,,113,,80
2018-10-19 18:00:00,91,,,69,110,105,164,153,,,137,,95
2018-10-19 19:00:00,69,,,89,93,126,176,147,,,111,,81
2018-10-19 20:00:00,56,,,238,99,94,137,205,,,141,,97
2018-10-19 21:00:00,47,,,249,97,104,130,281,,,180,,112
2018-10-19 22:00:00,58,,,239,102,49,135,287,,,219,,108
2018-10-19 23:00:00,80,,,148,97,120,123,297,,,276,,96
2018-10-20 00:00:00,101,,,256,98,224,149,292,,,245,,93
2018-10-20 01:00:00,109,,,270,89,322,153,296,,,256,,97
2018-10-20 02:00:00,127,,,219,102,254,156,297,,,250,,96
2018-10-20 03:00:00,123,,,154,107,281,152,289,,,265,,100
2018-10-20 04:00:00,126,,,152,75,202,152,282,,,323,,97
2018-10-20 05:00:00,126,,,161,67,66,156,282,,,332,,70
2018-10-20 06:00:00,141,,,150,92,25,183,289,,,322,,74
2018-10-20 07:00:00,137,,,129,47,336,3,300,,,331,,75
2018-10-20 08:00:00,130,,,103,24,290,110,297,,,338,,62
2018-10-20 09:00:00,91,,,121,307,321,123,305,,,332,,78
2018-10-20 10:00:00,106,,,70,301,28,133,276,,,326,,88
2018-10-20 11:00:00,155,,,97,299,63,133,282,,,333,,79
2018-10-20 12:00:00,169,,,105,294,87,338,292,,,324,,100
2018-10-20 13:00:00,216,,,131,291,98,126,301,,,328,,113
2018-10-20 14:00:00,187,,,180,290,81,120,288,,,322,,121
2018-10-20 15:00:00,145,,,157,43,98,299,298,,,298,,107
2018-10-20 16:00:00,175,,,177,60,93,126,297,,,312,,117
2018-10-20 17:00:00,147,,,190,104,94,136,264,,,316,,116
2018-10-20 18:00:00,13,,,265,115,97,122,264,,,320,,118
2018-10-20 19:00:00,7,,,99,109,79,103,270,,,308,,120
2018-10-20 20:00:00,215,,,20,108,110,91,273,,,306,,117
2018-10-20 21:00:00,242,,,144,111,267,134,276,,,321,,117
2018-10-20 22:00:00,45,,,135,104,225,177,317,,,327,,104
2018-10-20 23:00:00,57,,,106,86,226,159,301,,,334,,105
2018-10-21 00:00:00,354,,,13,102,284,120,277,,,337,,112
2018-10-21 01:00:00,227,,,200,113,307,110,285,,,328,,123
2018-10-21 02:00:00,39,,,158,95,290,129,295,,,332,,
2018-10-21 03:00:00,115,,,127,102,287,137,268,,,326,,
2018-10-21 04:00:00,129,,,120,110,299,137,267,,,335,,
2018-10-21 05:00:00,56,,,334,106,297,141,271,,,327,,95
2018-10-21 06:00:00,72,,,206,115,290,139,269,,,334,,105
2018-10-21 07:00:00,97,,,232,110,290,136,264,,,333,,101
2018-10-21 08:00:00,146,,,124,120,300,132,269,,,332,,102
2018-10-21 09:00:00,139,,,81,27,34,152,273,,,342,,71
2018-10-21 10:00:00,75,,,73,345,347,143,281,,,339,,70
2018-10-21 11:00:00,33,,,304,287,29,141,283,,,343,,87
2018-10-21 12:00:00,24,,,305,297,44,137,281,,,347,,83
2018-10-21 13:00:00,31,,,355,299,63,135,269,,,352,,104
2018-10-21 14:00:00,33,,,16,295,94,136,271,,,352,,92
2018-10-21 15:00:00,27,,,12,284,87,136,274,,,349,,88
2018-10-21 16:00:00,33,,,187,252,86,142,286,,,358,,86
2018-10-21 17:00:00,41,,,204,62,94,138,283,,,350,,88
2018-10-21 18:00:00,55,,,231,99,101,135,280,,,332,,86
2018-10-21 19:00:00,64,,,163,114,114,141,276,,,334,,91
2018-10-21 20:00:00,79,,,206,100,217,135,268,,,332,,92
2018-10-21 21:00:00,76,,,196,95,281,142,279,,,337,,83
2018-10-21 22:00:00,119,,,178,108,283,146,274,,,334,,83
2018-10-21 23:00:00,118,,,182,80,283,144,264,,,308,,95
2018-10-22 00:00:00,102,,,204,90,26,130,263,,,307,,107
2018-10-22 01:00:00,85,,,211,100,17,120,266,,,307,,107
2018-10-22 02:00:00,151,,,189,126,346,137,283,,,297,,110
2018-10-22 03:00:00,226,,,205,96,294,316,253,,,288,,109
2018-10-22 04:00:00,205,,,120,307,307,332,245,,,225,,49
2018-10-22 05:00:00,215,,,109,309,284,334,159,,,233,,84
2018-10-22 06:00:00,223,,,22,314,276,8,182,,,277,,284
2018-10-22 07:00:00,239,,,316,301,301,39,158,,,283,,223
2018-10-22 08:00:00,332,,,315,271,299,48,220,,,329,,231
2018-10-22 09:00:00,351,,,325,291,299,32,284,,,356,,243
2018-10-22 10:00:00,328,,,297,293,349,38,300,,,355,,267
2018-10-22 11:00:00,29,,,329,303,46,113,277,,,10,,79
2018-10-22 12:00:00,78,,,318,297,49,154,286,,,4,,86
2018-10-22 13:00:00,27,,,73,313,61,123,273,,,353,,84
2018-10-22 14:00:00,9,,,206,36,95,138,296,,,355,,74
2018-10-22 15:00:00,22,,,226,70,85,127,292,,,343,,93
2018-10-22 16:00:00,13,,,15,91,96,119,267,,,348,,123
2018-10-22 17:00:00,17,,,275,167,98,130,281,,,336,,109
2018-10-22 18:00:00,38,,,190,322,102,129,276,,,321,,84
2018-10-22 19:00:00,51,,,171,52,117,137,281,,,327,,102
2018-10-22 20:00:00,50,,,110,55,130,130,285,,,326,,92
2018-10-22 21:00:00,40,,,123,338,258,136,290,,,322,,95
2018-10-22 22:00:00,73,,,162,110,300,145,289,,,315,,77
2018-10-22 23:00:00,66,,,194,100,307,137,293,,,312,,83
2018-10-23 00:00:00,101,,,181,94,114,142,303,,,282,,78
2018-10-23 01:00:00,184,,,202,87,111,161,303,,,209,,87
2018-10-23 02:00:00,196,,,314,88,95,141,304,,,166,,115
2018-10-23 03:00:00,202,,,277,66,79,127,297,,,169,,111
2018-10-23 04:00:00,146,,,262,97,32,121,309,,,172,,103
2018-10-23 05:00:00,208,,,266,85,357,127,306,,,147,,106
2018-10-23 06:00:00,93,,,243,102,312,134,306,,,165,,90
2018-10-23 07:00:00,31,,,250,86,320,135,305,,,156,,95
2018-10-23 08:00:00,17,,,295,78,339,117,307,,,145,,86
2018-10-23 09:00:00,55,,,279,70,351,123,303,,,160,,95
2018-10-23 10:00:00,44,,,283,139,147,129,309,,,157,,64
2018-10-23 11:00:00,77,,,268,82,113,134,305,,,173,,66
2018-10-23 12:00:00,111,,,334,102,85,128,303,,,193,,75
2018-10-23 13:00:00,82,,,173,91,78,132,305,,,40,,83
2018-10-23 14:00:00,78,,,131,104,120,123,304,,,349,,81
2018-10-23 15:00:00,66,,,134,102,87,117,309,,,349,,75
2018-10-23 16:00:00,79,,,125,53,89,125,306,,,338,,71
2018-10-23 17:00:00,80,,,124,96,87,135,325,,,128,,78
2018-10-23 18:00:00,78,,,95,93,109,157,104,,,119,,72
2018-10-23 19:00:00,57,,,109,94,144,169,96,,,135,,82
2018-10-23 20:00:00,51,,,135,95,152,154,115,,,129,,80
2018-10-23 21:00:00,18,,,263,109,278,143,107,,,132,,95
2018-10-23 22:00:00,18,,,247,91,301,138,101,,,140,,102
2018-10-23 23:00:00,24,,,207,99,289,137,334,,,147,,105
2018-10-24 00:00:00,18,,,228,97,329,139,95,,,152,,94
2018-10-24 01:00:00,47,,,198,101,324,170,101,,,156,,104
2018-10-24 02:00:00,42,,,288,103,69,173,109,,,144,,106
2018-10-24 03:00:00,38,,,284,96,26,167,72,,,164,,121
2018-10-24 04:00:00,100,,,253,64,306,155,332,,,177,,111
2018-10-24 05:00:00,119,,,213,85,304,185,288,,,183,,84
2018-10-24 06:00:00,101,,,203,96,289,175,281,,,193,,80
2018-10-24 07:00:00,68,,,155,90,304,153,311,,,193,,90
2018-10-24 08:00:00,82,,,151,83,322,165,74,,,172,,82
2018-10-24 09:00:00,71,,,150,77,,160,99,,,167,,86
2018-10-24 10:00:00,53,,,184,45,21,169,74,,,181,,109
2018-10-24 11:00:00,41,,,266,285,106,143,302,,,209,,115
2018-10-24 12:00:00,343,,,327,296,57,92,292,,,285,,198
2018-10-24 13:00:00,297,,,13,271,308,151,289,,,345,,168
2018-10-24 14:00:00,42,,,144,295,267,132,306,,,353,,71
2018-10-24 15:00:00,95,,,175,324,268,124,284,,,106,,72
2018-10-24 16:00:00,53,,,182,99,280,138,276,,,148,,94
2018-10-24 17:00:00,101,,,156,103,297,168,108,,,157,,100
2018-10-24 18:00:00,108,,,171,102,59,211,104,,,124,,109
2018-10-24 19:00:00,82,,,141,83,126,228,104,,,133,,119
2018-10-24 20:00:00,36,,,153,32,108,227,113,,,126,,140
2018-10-24 21:00:00,42,,,150,21,243,199,122,,,115,,113
2018-10-24 22:00:00,25,,,162,96,288,180,130,,,95,,101
2018-10-24 23:00:00,71,,,143,41,279,180,189,,,174,,116
2018-10-25 00:00:00,31,,,140,41,,186,258,,,261,,92
2018-10-25 01:00:00,264,,,260,282,128,222,267,,,224,,159
2018-10-25 02:00:00,299,,,338,292,50,38,246,,,232,,199
2018-10-25 03:00:00,312,,,304,293,47,91,254,,,290,,236
2018-10-25 04:00:00,328,,,310,275,17,68,244,,,206,,218
2018-10-25 05:00:00,338,,,330,301,53,125,238,,,181,,197
2018-10-25 06:00:00,224,,,16,281,52,123,246,,,182,,125
2018-10-25 07:00:00,205,,,18,338,106,131,255,,,179,,120
2018-10-25 08:00:00,248,,,316,284,82,131,267,,,323,,174
2018-10-25 09:00:00,294,,,7,285,48,97,266,,,6,,202
2018-10-25 10:00:00,189,,,323,170,26,100,305,,,355,,122
2018-10-25 11:00:00,59,,,294,31,39,122,307,,,342,,74
2018-10-25 12:00:00,110,,,248,104,46,100,327,,,13,,70
2018-10-25 13:00:00,96,,,205,99,74,153,99,,,4,,77
2018-10-25 14:00:00,76,,,112,92,94,151,97,,,112,,85
2018-10-25 15:00:00,91,,,152,87,96,155,141,,,152,,86
2018-10-25 16:00:00,93,,,154,97,117,189,109,,,155,,87
2018-10-25 17:00:00,78,,,143,96,111,196,105,,,131,,89
2018-10-25 18:00:00,91,,,140,90,116,190,124,,,130,,88
2018-10-25 19:00:00,37,,,156,104,123,174,114,,,134,,104
2018-10-25 20:00:00,63,,,161,110,113,185,107,,,162,,101
2018-10-25 21:00:00,70,,,159,111,102,183,104,,,162,,107
2018-10-25 22:00:00,57,,,156,89,46,183,102,,,137,,102
2018-10-25 23:00:00,76,,,147,73,325,181,126,,,124,,90
2018-10-26 00:00:00,74,,,151,74,245,187,128,,,151,,96
2018-10-26 01:00:00,79,,,24,73,160,174,114,,,142,,103
2018-10-26 02:00:00,83,,,265,54,258,165,312,,,67,,91
2018-10-26 03:00:00,101,,,281,65,288,156,305,,,33,,129
2018-10-26 04:00:00,104,,,250,7,222,157,308,,,41,,74
2018-10-26 05:00:00,73,,,313,281,348,132,288,,,43,,100
2018-10-26 06:00:00,21,,,296,336,164,127,303,,,18,,105
2018-10-26 07:00:00,31,,,245,115,50,131,255,,,8,,104
2018-10-26 08:00:00,25,,,234,103,75,122,289,,,352,,83
2018-10-26 09:00:00,32,,,332,101,98,120,305,,,314,,95
2018-10-26 10:00:00,22,,,45,77,92,137,316,,,3,,91
2018-10-26 11:00:00,57,,,321,119,80,140,313,,,41,,128
2018-10-26 12:00:00,72,,,279,108,88,155,308,,,34,,143
2018-10-26 13:00:00,94,,,184,106,95,201,293,,,88,,112
2018-10-26 14:00:00,96,,,103,102,102,237,167,,,141,,126
2018-10-26 15:00:00,110,,,143,125,109,246,100,,,161,,115
2018-10-26 16:00:00,120,,,128,136,112,244,101,,,165,,117
2018-10-26 17:00:00,120,,,126,140,122,287,93,,,162,,121
2018-10-26 18:00:00,109,,,122,118,105,240,127,,,110,,78
2018-10-26 19:00:00,134,,,122,86,113,227,125,,,149,,91
2018-10-26 20:00:00,69,,,147,116,124,177,122,,,136,,136
2018-10-26 21:00:00,54,,,99,150,172,181,141,,,349,,101
2018-10-26 22:00:00,85,,,119,113,218,166,154,,,287,,110
2018-10-26 23:00:00,30,,,175,101,247,133,108,,,282,,109
2018-10-27 00:00:00,124,,,153,89,257,119,106,,,288,,113
2018-10-27 01:00:00,342,,,301,43,277,27,103,,,105,,141
2018-10-27 02:00:00,283,,,279,125,54,129,149,,,32,,123
2018-10-27 03:00:00,244,,,287,358,48,101,160,,,249,,217
2018-10-27 04:00:00,228,,,273,313,354,19,127,,,323,,253
2018-10-27 05:00:00,238,,,304,243,289,150,102,,,331,,233
2018-10-27 06:00:00,248,,,290,276,294,185,229,,,303,,116
2018-10-27 07:00:00,274,,,299,307,294,129,133,,,346,,197
2018-10-27 08:00:00,232,,,296,296,300,52,234,,,347,,218
2018-10-27 09:00:00,275,,,284,1,18,8,250,,,352,,242
2018-10-27 10:00:00,11,,,281,142,86,107,352,,,19,,148
2018-10-27 11:00:00,67,,,101,121,63,157,116,,,88,,86
2018-10-27 12:00:00,72,,,109,106,126,191,104,,,157,,68
2018-10-27 13:00:00,71,,,91,91,95,205,102,,,137,,67
2018-10-27 14:00:00,64,,,78,86,105,194,107,,,140,,43
2018-10-27 15:00:00,70,,,97,89,115,217,,,,150,,51
2018-10-27 16:00:00,141,,,97,84,109,224,91,,,142,,80
2018-10-27 17:00:00,129,,,100,81,102,218,105,,,129,,72
2018-10-27 18:00:00,148,,,104,80,118,231,119,,,125,,73
2018-10-27 19:00:00,125,,,97,96,181,209,124,,,118,,64
2018-10-27 20:00:00,107,,,91,101,202,200,116,,,142,,77
2018-10-27 21:00:00,203,,,99,94,209,197,132,,,150,,124
2018-10-27 22:00:00,326,,,135,117,275,186,103,,,160,,153
2018-10-27 23:00:00,303,,,237,332,270,131,101,,,188,,161
2018-10-28 00:00:00,276,,,285,260,269,133,140,,,69,,227
2018-10-28 01:00:00,250,,,291,286,285,131,225,,,51,,232
2018-10-28 02:00:00,288,,,305,286,284,137,236,,,45,,243
2018-10-28 03:00:00,280,,,306,292,286,102,230,,,315,,227
2018-10-28 04:00:00,299,,,312,308,307,97,223,,,357,,245
2018-10-28 05:00:00,282,,,307,291,269,90,242,,,3,,225
2018-10-28 06:00:00,281,,,331,293,297,35,259,,,,,227
2018-10-28 07:00:00,286,,,315,296,288,17,246,,,344,,210
2018-10-28 08:00:00,262,,,322,285,62,21,264,,,322,,236
2018-10-28 09:00:00,29,,,26,218,92,123,295,,,5,,329
2018-10-28 10:00:00,68,,,21,147,74,134,305,,,22,,91
2018-10-28 11:00:00,71,,,283,113,103,140,315,,,,,88
2018-10-28 12:00:00,70,,,212,112,151,139,331,,,161,,95
2018-10-28 13:00:00,87,,,173,99,43,162,99,,,145,,74
2018-10-28 14:00:00,66,,,115,95,32,191,120,,,146,,66
2018-10-28 15:00:00,62,,,107,96,34,209,121,,,141,,57
2018-10-28 16:00:00,118,,,92,91,31,206,108,,,158,,44
2018-10-28 17:00:00,146,,,89,87,38,227,122,,,169,,91
2018-10-28 18:00:00,161,,,100,87,54,222,135,,,162,,108
2018-10-28 19:00:00,138,,,105,102,355,224,134,,,141,,81
2018-10-28 20:00:00,136,,,97,126,42,247,117,,,162,,140
2018-10-28 21:00:00,118,,,117,145,16,191,111,,,157,,160
2018-10-28 22:00:00,129,,,258,163,296,134,117,,,152,,168
2018-10-28 23:00:00,111,,,279,23,297,109,130,,,136,,186
2018-10-29 00:00:00,9,,,277,120,81,134,213,,,101,,243
2018-10-29 01:00:00,354,,,277,301,57,135,214,,,63,,243
2018-10-29 02:00:00,19,,,284,315,93,126,232,,,58,,232
2018-10-29 03:00:00,319,,,305,344,110,93,233,,,334,,222
2018-10-29 04:00:00,316,,,3,143,102,14,246,,,18,,244
2018-10-29 05:00:00,244,,,325,288,339,354,256,,,357,,222
2018-10-29 06:00:00,233,,,306,299,33,38,243,,,61,,215
2018-10-29 07:00:00,233,,,322,281,40,46,234,,,115,,222
2018-10-29 08:00:00,232,,,336,4,100,39,114,,,159,,234
2018-10-29 09:00:00,233,,,328,295,10,25,93,,,318,,258
2018-10-29 10:00:00,266,,,327,229,102,59,330,,,16,,258
2018-10-29 11:00:00,24,,,259,169,87,112,319,,,55,,115
2018-10-29 12:00:00,40,,,219,141,114,130,41,,,92,,91
2018-10-29 13:00:00,80,,,161,102,119,137,123,,,166,,70
2018-10-29 14:00:00,90,,,128,97,108,179,113,,,178,,73
2018-10-29 15:00:00,73,,,109,93,120,204,112,,,165,,66
2018-10-29 16:00:00,76,,,102,95,124,211,110,,,166,,53
2018-10-29 17:00:00,151,,,98,87,112,226,122,,,156,,75
2018-10-29 18:00:00,154,,,101,86,182,224,130,,,163,,81
2018-10-29 19:00:00,141,,,96,97,175,223,134,,,160,,72
2018-10-29 20:00:00,142,,,109,128,200,331,125,,,171,,104
2018-10-29 21:00:00,145,,,55,129,208,346,122,,,167,,155
2018-10-29 22:00:00,146,,,293,166,254,59,111,,,152,,160
2018-10-29 23:00:00,282,,,299,121,234,168,165,,,122,,234
2018-10-30 00:00:00,246,,,131,214,268,215,197,,,118,,241
2018-10-30 01:00:00,38,,,195,103,294,172,241,,,101,,187
2018-10-30 02:00:00,12,,,345,102,275,173,227,,,99,,120
2018-10-30 03:00:00,346,,,224,80,202,167,260,,,69,,164
2018-10-30 04:00:00,287,,,234,51,262,147,260,,,352,,173
2018-10-30 05:00:00,5,,,281,32,149,140,249,,,27,,197
2018-10-30 06:00:00,253,,,316,305,268,39,234,,,8,,229
2018-10-30 07:00:00,273,,,315,291,240,101,245,,,358,,241
2018-10-30 08:00:00,298,,,326,285,353,107,286,,,350,,232
2018-10-30 09:00:00,307,,,334,291,135,84,297,,,342,,95
2018-10-30 10:00:00,25,,,246,281,93,88,307,,,347,,146
2018-10-30 11:00:00,47,,,292,288,107,188,320,,,4,,90
2018-10-30 12:00:00,63,,,231,298,126,147,329,,,4,,75
2018-10-30 13:00:00,126,,,187,58,130,164,270,,,128,,81
2018-10-30 14:00:00,99,,,127,96,98,182,145,,,162,,77
2018-10-30 15:00:00,79,,,121,98,74,199,118,,,159,,72
2018-10-30 16:00:00,57,,,116,93,86,196,110,,,160,,67
2018-10-30 17:00:00,72,,,115,91,88,217,111,,,158,,65
2018-10-30 18:00:00,85,,,112,94,98,218,105,,,146,,65
2018-10-30 19:00:00,94,,,108,85,111,211,113,,,162,,74
2018-10-30 20:00:00,93,,,103,102,178,196,103,,,191,,110
2018-10-30 21:00:00,111,,,105,155,101,201,120,,,169,,106
2018-10-30 22:00:00,124,,,223,100,240,351,126,,,153,,163
2018-10-30 23:00:00,195,,,299,53,275,132,52,,,133,,217
2018-10-31 00:00:00,225,,,82,29,207,144,199,,,116,,216
2018-10-31 01:00:00,262,,,284,18,148,133,222,,,86,,209
2018-10-31 02:00:00,302,,,305,23,208,150,243,,,45,,241
2018-10-31 03:00:00,284,,,299,360,245,144,242,,,32,,208
2018-10-31 04:00:00,8,,,285,40,264,104,249,,,38,,241
2018-10-31 05:00:00,319,,,314,308,247,60,251,,,357,,223
2018-10-31 06:00:00,298,,,322,295,297,74,243,,,325,,229
2018-10-31 07:00:00,278,,,312,293,168,106,261,,,329,,192
2018-10-31 08:00:00,252,,,281,279,203,93,163,,,342,,209
2018-10-31 09:00:00,337,,,253,282,68,103,144,,,342,,46
2018-10-31 10:00:00,200,,,264,291,58,108,101,,,295,,252
2018-10-31 11:00:00,60,,,233,295,51,289,114,,,348,,247
2018-10-31 12:00:00,83,,,308,286,344,167,91,,,180,,212
2018-10-31 13:00:00,114,,,296,289,47,162,102,,,167,,312
2018-10-31 14:00:00,76,,,292,360,79,73,105,,,175,,289
2018-10-31 15:00:00,288,,,289,360,71,77,104,,,177,,285
2018-10-31 16:00:00,296,,,276,360,86,87,108,,,168,,287
2018-10-31 17:00:00,337,,,298,,88,188,109,,,165,,254
2018-10-31 18:00:00,101,,,284,,95,226,103,,,157,,263
2018-10-31 19:00:00,99,,,131,,101,244,93,,,149,,248
2018-10-31 20:00:00,240,,,132,,104,281,204,,,166,,138
2018-10-31 21:00:00,307,,,273,,94,133,217,,,134,,149
2018-10-31 22:00:00,346,,,261,,130,129,234,,,34,,219
2018-10-31 23:00:00,274,,,299,,170,107,244,,,337,,239
2018-11-01 00:00:00,,,,,,211,,,,,,,
2018-11-01 01:00:00,25,,,201,360,243,131,252,,,340,,155
2018-11-01 02:00:00,33,,,40,360,95,130,273,,,321,,110
2018-11-01 03:00:00,32,,,57,360,85,131,276,,,316,,107
2018-11-01 04:00:00,77,,,31,,302,127,271,,,327,,104
2018-11-01 05:00:00,94,,,17,,64,138,277,,,329,,95
2018-11-01 06:00:00,107,,,197,,93,137,267,,,325,,96
2018-11-01 07:00:00,80,,,186,,127,138,275,,,334,,93
2018-11-01 08:00:00,87,,,185,,59,142,275,,,342,,69
2018-11-01 09:00:00,99,,,166,,128,147,289,,,331,,76
2018-11-01 10:00:00,69,,,166,,51,134,306,,,332,,80
2018-11-01 11:00:00,78,,,193,,58,128,24,,,327,,75
2018-11-01 12:00:00,79,,,81,,87,148,109,,,338,,79
2018-11-01 13:00:00,70,,,87,32,87,168,115,,,1,,65
2018-11-01 14:00:00,77,,,98,95,92,186,91,,,130,,69
2018-11-01 15:00:00,83,,,96,100,88,211,88,,,136,,71
2018-11-01 16:00:00,139,,,101,102,115,231,105,,,135,,61
2018-11-01 17:00:00,135,,,104,100,117,231,110,,,151,,79
2018-11-01 18:00:00,122,,,105,94,98,223,111,,,168,,70
2018-11-01 19:00:00,123,,,100,99,96,227,111,,,165,,84
2018-11-01 20:00:00,125,,,98,126,72,218,108,,,154,,92
2018-11-01 21:00:00,112,,,96,115,34,199,121,,,157,,85
2018-11-01 22:00:00,85,,,79,139,13,184,131,,,59,,81
2018-11-01 23:00:00,76,,,86,106,341,144,114,,,31,,78
2018-11-02 00:00:00,30,,,114,109,344,146,112,,,280,,72
2018-11-02 01:00:00,67,,,125,,83,,,,,253,,
2018-11-02 02:00:00,144,,,82,102,60,229,160,,,246,,83
2018-11-02 03:00:00,79,,,272,4,89,317,116,,,9,,120
2018-11-02 04:00:00,46,,,118,54,21,133,170,,,25,,86
2018-11-02 05:00:00,54,,,278,127,27,140,234,,,30,,98
2018-11-02 06:00:00,66,,,246,45,24,137,278,,,347,,108
2018-11-02 07:00:00,76,,,265,74,6,166,284,,,295,,84
2018-11-02 08:00:00,119,,,160,94,352,161,279,,,177,,90
2018-11-02 09:00:00,88,,,62,103,36,151,301,,,157,,92
2018-11-02 10:00:00,57,,,188,79,53,175,60,,,162,,84
2018-11-02 11:00:00,41,,,175,96,31,152,100,,,156,,72
2018-11-02 12:00:00,73,,,82,103,26,162,288,,,126,,65
2018-11-02 13:00:00,101,,,84,95,21,167,221,,,180,,77
2018-11-02 14:00:00,120,,,107,87,22,188,118,,,152,,91
2018-11-02 15:00:00,111,,,122,94,17,254,120,,,160,,90
2018-11-02 16:00:00,130,,,110,97,32,226,114,,,163,,85
2018-11-02 17:00:00,136,,,117,106,34,232,113,,,167,,68
2018-11-02 18:00:00,145,,,131,107,44,270,106,,,162,,89
2018-11-02 19:00:00,154,,,141,107,37,272,113,,,158,,78
2018-11-02 20:00:00,140,,,136,121,32,277,133,,,157,,79
2018-11-02 21:00:00,146,,,128,112,32,308,119,,,157,,98
2018-11-02 22:00:00,150,,,97,119,61,309,113,,,158,,171
2018-11-02 23:00:00,192,,,100,46,73,291,127,,,167,,193
2018-11-03 00:00:00,158,,,118,65,74,265,114,,,136,,206
2018-11-03 01:00:00,203,,,109,356,47,279,119,,,123,,224
2018-11-03 02:00:00,283,,,164,14,123,138,212,,,134,,225
2018-11-03 03:00:00,304,,,211,33,107,139,216,,,98,,217
2018-11-03 04:00:00,325,,,296,330,34,133,217,,,60,,227
2018-11-03 05:00:00,299,,,288,297,119,112,238,,,350,,227
2018-11-03 06:00:00,325,,,303,299,267,90,260,,,334,,249
2018-11-03 07:00:00,305,,,287,316,81,71,275,,,359,,232
2018-11-03 08:00:00,291,,,307,290,72,27,279,,,305,,229
2018-11-03 09:00:00,50,,,329,273,65,79,318,,,322,,147
2018-11-03 10:00:00,12,,,282,278,10,125,312,,,38,,76
2018-11-03 11:00:00,43,,,245,280,7,170,322,,,6,,70
2018-11-03 12:00:00,23,,,228,90,7,165,319,,,107,,79
2018-11-03 13:00:00,65,,,164,99,1,184,336,,,173,,66
2018-11-03 14:00:00,77,,,137,103,307,202,107,,,168,,77
2018-11-03 15:00:00,65,,,131,95,81,205,106,,,166,,73
2018-11-03 16:00:00,62,,,130,94,59,203,106,,,169,,72
2018-11-03 17:00:00,65,,,99,97,55,206,106,,,165,,75
2018-11-03 18:00:00,87,,,112,94,89,212,109,,,159,,73
2018-11-03 19:00:00,111,,,101,90,75,217,137,,,145,,75
2018-11-03 20:00:00,145,,,90,51,73,2,128,,,160,,145
2018-11-03 21:00:00,213,,,87,67,46,65,135,,,152,,171
2018-11-03 22:00:00,287,,,276,262,93,135,202,,,148,,233
2018-11-03 23:00:00,304,,,289,310,97,129,257,,,48,,226
2018-11-04 00:00:00,340,,,295,87,103,119,275,,,21,,238
2018-11-04 01:00:00,259,,,284,304,70,101,276,,,338,,222
2018-11-04 02:00:00,243,,,339,310,47,23,261,,,312,,140
2018-11-04 03:00:00,276,,,326,287,15,31,276,,,352,,168
2018-11-04 04:00:00,288,,,310,279,348,35,287,,,348,,163
2018-11-04 05:00:00,249,,,288,221,12,122,266,,,,,157
2018-11-04 06:00:00,232,,,47,263,25,11,330,,,350,,242
2018-11-04 07:00:00,272,,,252,293,19,324,120,,,311,,164
2018-11-04 08:00:00,186,,,114,175,37,127,209,,,336,,98
2018-11-04 09:00:00,125,,,123,259,314,147,109,,,325,,189
2018-11-04 10:00:00,112,,,130,204,322,213,307,,,333,,72
2018-11-04 11:00:00,97,,,127,15,114,140,286,,,324,,67
2018-11-04 12:00:00,112,,,186,89,54,144,288,,,345,,81
2018-11-04 13:00:00,39,,,73,102,85,129,298,,,339,,95
2018-11-04 14:00:00,22,,,37,91,98,140,299,,,340,,86
2018-11-04 15:00:00,40,,,50,101,93,148,297,,,20,,81
2018-11-04 16:00:00,35,,,39,94,114,149,288,,,25,,68
2018-11-04 17:00:00,45,,,43,89,103,141,292,,,87,,75
2018-11-04 18:00:00,35,,,68,95,91,141,256,,,113,,82
2018-11-04 19:00:00,42,,,224,104,94,150,86,,,153,,83
2018-11-04 20:00:00,16,,,85,106,95,144,103,,,142,,93
2018-11-04 21:00:00,10,,,173,113,95,139,102,,,198,,92
2018-11-04 22:00:00,350,,,185,126,93,136,101,,,184,,81
2018-11-04 23:00:00,128,,,304,75,106,136,113,,,152,,79
2018-11-05 00:00:00,122,,,317,59,102,131,104,,,155,,87
2018-11-05 01:00:00,91,,,15,57,104,155,114,,,155,,111
2018-11-05 02:00:00,102,,,139,19,106,192,109,,,159,,157
2018-11-05 03:00:00,26,,,173,10,95,152,100,,,174,,196
2018-11-05 04:00:00,,,,198,20,,154,104,,,267,,271
2018-11-05 05:00:00,4,,,254,343,,169,118,,,6,,219
2018-11-05 06:00:00,4,,,285,302,308,191,152,,,127,,244
2018-11-05 07:00:00,99,,,282,303,331,201,124,,,167,,109
2018-11-05 08:00:00,6,,,286,349,41,184,207,,,179,,226
2018-11-05 09:00:00,347,,,307,357,338,124,220,,,164,,138
2018-11-05 10:00:00,18,,,227,279,11,22,348,,,186,,261
2018-11-05 11:00:00,68,,,123,160,98,62,91,,,206,,75
2018-11-05 12:00:00,83,,,131,139,38,178,103,,,190,,64
2018-11-05 13:00:00,78,,,140,111,18,187,117,,,175,,77
2018-11-05 14:00:00,74,,,143,100,13,193,103,,,153,,72
2018-11-05 15:00:00,66,,,143,92,9,206,104,,,174,,78
2018-11-05 16:00:00,74,,,133,98,19,219,119,,,172,,80
2018-11-05 17:00:00,70,,,132,94,24,207,116,,,162,,73
2018-11-05 18:00:00,80,,,121,95,53,211,140,,,158,,98
2018-11-05 19:00:00,79,,,138,82,52,197,154,,,133,,137
2018-11-05 20:00:00,114,,,147,57,31,194,195,,,155,,147
2018-11-05 21:00:00,237,,,316,28,34,207,177,,,196,,180
2018-11-05 22:00:00,257,,,310,321,27,316,165,,,335,,168
2018-11-05 23:00:00,256,,,291,307,19,119,142,,,339,,220
2018-11-06 00:00:00,265,,,309,300,19,75,240,,,5,,178
2018-11-06 01:00:00,259,,,306,295,6,124,,,,344,,194
2018-11-06 02:00:00,268,,,315,293,358,213,242,,,333,,204
2018-11-06 03:00:00,260,,,322,295,353,358,233,,,323,,201
2018-11-06 04:00:00,236,,,316,290,354,360,147,,,326,,221
2018-11-06 05:00:00,248,,,316,272,345,340,117,,,315,,194
2018-11-06 06:00:00,299,,,282,298,321,28,152,,,330,,229
2018-11-06 07:00:00,225,,,317,292,345,6,158,,,216,,216
2018-11-06 08:00:00,265,,,323,277,339,350,155,,,220,,251
2018-11-06 09:00:00,8,,,326,290,342,93,284,,,274,,194
2018-11-06 10:00:00,15,,,298,290,342,117,305,,,329,,209
2018-11-06 11:00:00,12,,,285,281,337,116,306,,,353,,105
2018-11-06 12:00:00,34,,,231,286,327,121,307,,,31,,88
2018-11-06 13:00:00,112,,,165,95,301,131,310,,,66,,84
2018-11-06 14:00:00,91,,,196,106,288,184,325,,,80,,90
2018-11-06 15:00:00,82,,,100,97,283,172,122,,,111,,82
2018-11-06 16:00:00,88,,,96,98,305,204,109,,,132,,77
2018-11-06 17:00:00,83,,,100,92,325,209,143,,,143,,70
2018-11-06 18:00:00,110,,,103,93,317,215,117,,,119,,100
2018-11-06 19:00:00,109,,,98,71,311,198,121,,,133,,86
2018-11-06 20:00:00,113,,,90,123,317,158,112,,,184,,107
2018-11-06 21:00:00,107,,,102,127,267,196,114,,,265,,152
2018-11-06 22:00:00,98,,,150,30,250,141,95,,,277,,203
2018-11-06 23:00:00,286,,,274,46,202,133,94,,,279,,242
2018-11-07 00:00:00,239,,,284,114,199,185,198,,,305,,235
2018-11-07 01:00:00,238,,,316,307,321,226,181,,,347,,250
2018-11-07 02:00:00,240,,,306,306,343,150,216,,,31,,232
2018-11-07 03:00:00,223,,,310,290,296,357,225,,,24,,236
2018-11-07 04:00:00,232,,,307,289,292,23,217,,,61,,238
2018-11-07 05:00:00,241,,,326,304,269,18,248,,,338,,242
2018-11-07 06:00:00,266,,,319,293,,2,233,,,343,,246
2018-11-07 07:00:00,236,,,337,295,,350,241,,,335,,248
2018-11-07 08:00:00,231,,,323,286,,339,241,,,344,,257
2018-11-07 09:00:00,246,,,321,284,,358,287,,,17,,250
2018-11-07 10:00:00,351,,,318,270,,63,311,,,42,,281
2018-11-07 11:00:00,13,,,325,289,216,146,320,,,101,,68
2018-11-07 12:00:00,5,,,255,162,116,125,312,,,71,,104
2018-11-07 13:00:00,59,,,184,128,122,144,307,,,35,,92
2018-11-07 14:00:00,80,,,152,105,129,184,301,,,77,,81
2018-11-07 15:00:00,81,,,91,95,27,181,308,,,76,,79
2018-11-07 16:00:00,87,,,100,98,78,189,47,,,82,,86
2018-11-07 17:00:00,79,,,107,92,51,199,56,,,98,,74
2018-11-07 18:00:00,85,,,106,100,92,205,80,,,135,,68
2018-11-07 19:00:00,92,,,99,104,140,217,124,,,116,,70
2018-11-07 20:00:00,110,,,103,116,147,218,124,,,107,,65
2018-11-07 21:00:00,99,,,102,121,149,185,108,,,149,,92
2018-11-07 22:00:00,79,,,93,147,146,183,120,,,164,,153
2018-11-07 23:00:00,28,,,122,136,146,146,96,,,265,,154
2018-11-08 00:00:00,23,,,257,100,135,136,74,,,269,,152
2018-11-08 01:00:00,,,,270,,253,143,206,,,310,,
2018-11-08 02:00:00,,,,242,,195,147,133,,,286,,
2018-11-08 03:00:00,,,,297,,202,147,213,,,310,,
2018-11-08 04:00:00,248,,,296,,216,131,231,,,328,,
2018-11-08 05:00:00,226,,,222,317,229,143,224,,,14,,255
2018-11-08 06:00:00,237,,,174,242,241,149,237,,,22,,260
2018-11-08 07:00:00,278,,,256,51,164,144,241,,,29,,258
2018-11-08 08:00:00,236,,,189,36,347,149,237,,,306,,253
2018-11-08 09:00:00,31,,,142,106,33,137,285,,,346,,267
2018-11-08 10:00:00,48,,,209,117,78,146,309,,,91,,224
2018-11-08 11:00:00,65,,,147,122,25,163,315,,,138,,88
2018-11-08 12:00:00,66,,,105,112,82,84,322,,,120,,71
2018-11-08 13:00:00,74,,,94,104,84,79,15,,,127,,74
2018-11-08 14:00:00,84,,,93,104,95,87,61,,,149,,90
2018-11-08 15:00:00,92,,,92,105,106,83,102,,,177,,93
2018-11-08 16:00:00,89,,,117,102,109,121,108,,,186,,77
2018-11-08 17:00:00,131,,,107,112,108,108,116,,,159,,77
2018-11-08 18:00:00,119,,,104,103,99,116,87,,,152,,79
2018-11-08 19:00:00,118,,,105,97,197,110,118,,,184,,72
2018-11-08 20:00:00,87,,,101,87,193,88,110,,,169,,80
2018-11-08 21:00:00,61,,,103,90,167,67,127,,,2,,91
2018-11-08 22:00:00,60,,,130,104,150,37,129,,,28,,95
2018-11-08 23:00:00,66,,,239,114,138,55,209,,,318,,107
2018-11-09 00:00:00,62,,,290,120,109,41,166,,,179,,122
2018-11-09 01:00:00,74,,,142,109,250,55,120,,,157,,108
2018-11-09 02:00:00,87,,,107,100,314,107,114,,,162,,90
2018-11-09 03:00:00,71,,,124,107,308,100,118,,,111,,91
2018-11-09 04:00:00,60,,,101,112,28,53,154,,,88,,97
2018-11-09 05:00:00,91,,,29,121,267,48,223,,,49,,97
2018-11-09 06:00:00,65,,,32,111,286,31,277,,,57,,77
2018-11-09 07:00:00,18,,,26,116,37,28,294,,,113,,76
2018-11-09 08:00:00,25,,,40,110,109,34,282,,,17,,117
2018-11-09 09:00:00,47,,,177,102,111,24,267,,,321,,99
2018-11-09 10:00:00,49,,,32,104,76,36,266,,,329,,94
2018-11-09 11:00:00,67,,,32,104,14,35,266,,,331,,102
2018-11-09 12:00:00,55,,,33,106,90,41,264,,,333,,101
2018-11-09 13:00:00,69,,,39,107,84,44,270,,,338,,97
2018-11-09 14:00:00,61,,,38,112,99,45,274,,,342,,100
2018-11-09 15:00:00,40,,,36,107,100,39,268,,,17,,103
2018-11-09 16:00:00,39,,,132,106,89,39,281,,,343,,104
2018-11-09 17:00:00,35,,,21,110,92,34,273,,,338,,103
2018-11-09 18:00:00,31,,,33,109,110,40,281,,,333,,105
2018-11-09 19:00:00,30,,,152,113,147,44,283,,,338,,109
2018-11-09 20:00:00,32,,,116,111,147,44,300,,,330,,110
2018-11-09 21:00:00,43,,,245,103,159,41,276,,,328,,81
2018-11-09 22:00:00,38,,,173,111,231,42,265,,,333,,95
2018-11-09 23:00:00,60,,,226,107,223,41,270,,,317,,89
2018-11-10 00:00:00,53,,,42,101,154,44,266,,,332,,96
2018-11-10 01:00:00,31,,,36,107,128,34,266,,,333,,89
2018-11-10 02:00:00,60,,,44,107,293,36,272,,,337,,106
2018-11-10 03:00:00,78,,,271,115,275,35,269,,,300,,104
2018-11-10 04:00:00,117,,,218,118,291,15,261,,,309,,103
2018-11-10 05:00:00,32,,,358,119,306,13,268,,,328,,108
2018-11-10 06:00:00,50,,,31,84,271,14,262,,,348,,103
2018-11-10 07:00:00,44,,,29,59,276,24,261,,,343,,104
2018-11-10 08:00:00,44,,,41,18,289,33,271,,,333,,96
2018-11-10 09:00:00,46,,,36,22,288,30,285,,,332,,90
2018-11-10 10:00:00,23,,,21,39,300,13,274,,,331,,97
2018-11-10 11:00:00,29,,,250,57,309,34,290,,,328,,91
2018-11-10 12:00:00,154,,,213,111,344,27,295,,,342,,90
2018-11-10 13:00:00,109,,,288,102,359,9,289,,,327,,82
2018-11-10 14:00:00,114,,,358,309,32,2,293,,,326,,54
2018-11-10 15:00:00,47,,,17,118,85,26,283,,,338,,59
2018-11-10 16:00:00,85,,,140,82,76,54,244,,,354,,76
2018-11-10 17:00:00,118,,,133,104,90,77,127,,,12,,83
2018-11-10 18:00:00,108,,,145,93,155,74,103,,,12,,88
2018-11-10 19:00:00,117,,,139,90,208,72,104,,,52,,96
2018-11-10 20:00:00,100,,,144,101,207,80,130,,,118,,97
2018-11-10 21:00:00,82,,,140,108,203,90,105,,,150,,101
2018-11-10 22:00:00,51,,,141,89,212,96,117,,,137,,102
2018-11-10 23:00:00,56,,,128,78,239,69,102,,,128,,109
2018-11-11 00:00:00,70,,,167,98,261,86,96,,,176,,96
2018-11-11 01:00:00,42,,,132,98,250,97,201,,,195,,68
2018-11-11 02:00:00,348,,,160,60,57,63,281,,,8,,36
2018-11-11 03:00:00,354,,,273,308,253,350,294,,,336,,18
2018-11-11 04:00:00,349,,,309,299,266,12,289,,,333,,97
2018-11-11 05:00:00,347,,,313,302,263,34,288,,,337,,80
2018-11-11 06:00:00,321,,,315,292,195,26,288,,,323,,76
2018-11-11 07:00:00,351,,,278,292,261,13,283,,,330,,79
2018-11-11 08:00:00,315,,,318,305,78,277,270,,,345,,73
2018-11-11 09:00:00,270,,,312,284,107,7,289,,,345,,114
2018-11-11 10:00:00,2,,,322,296,118,33,299,,,354,,259
2018-11-11 11:00:00,338,,,127,250,127,19,300,,,336,,43
2018-11-11 12:00:00,47,,,171,102,44,308,321,,,6,,57
2018-11-11 13:00:00,117,,,155,119,31,44,105,,,65,,72
2018-11-11 14:00:00,130,,,160,119,25,87,127,,,107,,88
2018-11-11 15:00:00,118,,,140,98,31,86,82,,,138,,96
2018-11-11 16:00:00,82,,,131,98,44,84,128,,,148,,95
2018-11-11 17:00:00,101,,,114,103,26,102,121,,,153,,99
2018-11-11 18:00:00,106,,,109,110,18,117,104,,,146,,90
2018-11-11 19:00:00,87,,,152,92,50,113,101,,,131,,97
2018-11-11 20:00:00,82,,,151,79,27,90,103,,,145,,90
2018-11-11 21:00:00,55,,,156,81,356,85,98,,,150,,73
2018-11-11 22:00:00,58,,,148,102,90,78,99,,,141,,93
2018-11-11 23:00:00,62,,,155,111,91,74,96,,,138,,78
2018-11-12 00:00:00,36,,,141,102,28,74,105,,,144,,129
2018-11-12 01:00:00,97,,,149,67,33,113,110,,,135,,160
2018-11-12 02:00:00,77,,,133,43,77,66,119,,,133,,81
2018-11-12 03:00:00,87,,,137,321,13,80,197,,,138,,101
2018-11-12 04:00:00,85,,,132,301,22,78,126,,,126,,87
2018-11-12 05:00:00,2,,,265,299,21,42,130,,,109,,165
2018-11-12 06:00:00,86,,,269,,23,78,274,,,6,,241
2018-11-12 07:00:00,274,,,314,254,330,31,278,,,20,,214
2018-11-12 08:00:00,147,,,272,235,57,22,291,,,322,,122
2018-11-12 09:00:00,245,,,288,265,41,8,295,,,312,,85
2018-11-12 10:00:00,87,,,241,297,20,,318,,,86,,85
2018-11-12 11:00:00,80,,,153,333,17,48,283,,,47,,87
2018-11-12 12:00:00,118,,,58,97,13,85,278,,,223,,91
2018-11-12 13:00:00,114,,,23,96,76,52,270,,,308,,100
2018-11-12 14:00:00,81,,,45,113,173,31,268,,,316,,98
2018-11-12 15:00:00,61,,,36,142,156,37,269,,,327,,100
2018-11-12 16:00:00,52,,,39,135,153,38,269,,,345,,96
2018-11-12 17:00:00,35,,,38,123,52,38,272,,,335,,
2018-11-12 18:00:00,40,,,39,112,46,57,266,,,319,,108
2018-11-12 19:00:00,80,,,38,87,25,66,264,,,327,,95
2018-11-12 20:00:00,71,,,38,99,349,49,269,,,320,,91
2018-11-12 21:00:00,41,,,36,98,269,55,270,,,330,,95
2018-11-12 22:00:00,37,,,37,102,96,44,286,,,328,,96
2018-11-12 23:00:00,46,,,30,105,54,47,287,,,335,,89
2018-11-13 00:00:00,36,,,30,115,337,47,278,,,337,,92
2018-11-13 01:00:00,34,,,33,112,310,39,277,,,336,,87
2018-11-13 02:00:00,29,,,21,96,67,31,272,,,340,,99
2018-11-13 03:00:00,3,,,355,157,91,23,275,,,337,,107
2018-11-13 04:00:00,36,,,12,113,67,22,271,,,340,,110
2018-11-13 05:00:00,25,,,356,173,24,17,280,,,344,,111
2018-11-13 06:00:00,206,,,323,272,61,9,289,,,350,,276
2018-11-13 07:00:00,44,,,309,271,125,28,267,,,351,,268
2018-11-13 08:00:00,90,,,274,274,27,355,264,,,349,,268
2018-11-13 09:00:00,333,,,300,280,346,358,292,,,352,,274
2018-11-13 10:00:00,339,,,299,298,54,14,300,,,350,,266
2018-11-13 11:00:00,340,,,305,296,57,12,291,,,1,,265
2018-11-13 12:00:00,360,,,270,289,98,356,273,,,355,,274
2018-11-13 13:00:00,332,,,286,290,123,341,292,,,356,,268
2018-11-13 14:00:00,334,,,281,290,100,303,295,,,358,,284
2018-11-13 15:00:00,359,,,295,288,100,322,302,,,356,,290
2018-11-13 16:00:00,326,,,278,298,45,317,294,,,360,,293
2018-11-13 17:00:00,328,,,300,309,73,349,291,,,354,,287
2018-11-13 18:00:00,316,,,306,301,85,357,286,,,360,,282
2018-11-13 19:00:00,305,,,318,302,94,14,283,,,357,,268
2018-11-13 20:00:00,23,,,300,298,113,30,272,,,7,,259
2018-11-13 21:00:00,78,,,278,295,101,25,263,,,334,,137
2018-11-13 22:00:00,229,,,278,21,100,17,261,,,325,,124
2018-11-13 23:00:00,43,,,31,313,95,22,269,,,324,,148
2018-11-14 00:00:00,210,,,353,296,97,31,264,,,327,,96
2018-11-14 01:00:00,184,,,300,297,99,14,244,,,331,,160
2018-11-14 02:00:00,230,,,315,294,99,358,117,,,332,,226
2018-11-14 03:00:00,241,,,308,293,109,240,175,,,337,,249
2018-11-14 04:00:00,228,,,319,260,101,179,118,,,349,,245
2018-11-14 05:00:00,118,,,323,261,96,220,191,,,344,,261
2018-11-14 06:00:00,176,,,304,273,102,232,182,,,300,,256
2018-11-14 07:00:00,224,,,266,271,118,299,213,,,316,,275
2018-11-14 08:00:00,243,,,298,277,73,238,123,,,181,,268
2018-11-14 09:00:00,227,,,325,275,67,240,85,,,170,,238
2018-11-14 10:00:00,47,,,28,267,62,330,88,,,165,,50
2018-11-14 11:00:00,94,,,158,286,67,64,92,,,182,,71
2018-11-14 12:00:00,101,,,162,302,38,63,293,,,138,,81
2018-11-14 13:00:00,126,,,146,306,15,188,292,,,149,,85
2018-11-14 14:00:00,148,,,186,301,15,104,312,,,307,,86
2018-11-14 15:00:00,123,,,146,304,39,63,302,,,79,,98
2018-11-14 16:00:00,114,,,118,294,108,71,211,,,114,,92
2018-11-14 17:00:00,116,,,111,248,160,105,136,,,129,,99
2018-11-14 18:00:00,112,,,103,114,72,99,175,,,108,,130
2018-11-14 19:00:00,130,,,90,107,35,119,146,,,121,,127
2018-11-14 20:00:00,77,,,111,77,57,108,188,,,138,,126
2018-11-14 21:00:00,348,,,342,356,30,89,189,,,175,,145
2018-11-14 22:00:00,313,,,311,258,47,97,173,,,250,,203
2018-11-14 23:00:00,252,,,322,226,73,95,220,,,301,,216
2018-11-15 00:00:00,240,,,304,285,49,286,154,,,338,,193
2018-11-15 01:00:00,236,,,303,297,125,263,189,,,327,,239
2018-11-15 02:00:00,247,,,304,290,261,321,224,,,320,,233
2018-11-15 03:00:00,239,,,313,302,49,249,190,,,317,,231
2018-11-15 04:00:00,292,,,321,293,62,267,135,,,340,,222
2018-11-15 05:00:00,271,,,315,298,348,245,162,,,332,,243
2018-11-15 06:00:00,291,,,307,284,20,264,161,,,328,,198
2018-11-15 07:00:00,332,,,313,283,49,248,128,,,332,,242
2018-11-15 08:00:00,253,,,286,286,38,264,172,,,299,,236
2018-11-15 09:00:00,250,,,325,282,107,285,91,,,339,,249
2018-11-15 10:00:00,30,,,293,289,113,318,46,,,16,,92
2018-11-15 11:00:00,32,,,310,272,103,34,76,,,72,,96
2018-11-15 12:00:00,28,,,214,157,122,61,100,,,140,,86
2018-11-15 13:00:00,40,,,186,103,84,47,38,,,172,,77
2018-11-15 14:00:00,82,,,144,105,88,86,40,,,157,,77
2018-11-15 15:00:00,42,,,119,97,101,98,94,,,151,,63
2018-11-15 16:00:00,50,,,111,104,87,78,104,,,135,,66
2018-11-15 17:00:00,67,,,89,99,79,96,134,,,141,,66
2018-11-15 18:00:00,102,,,85,98,74,107,131,,,133,,97
2018-11-15 19:00:00,108,,,100,100,85,120,127,,,120,,105
2018-11-15 20:00:00,114,,,112,80,85,112,98,,,180,,142
2018-11-15 21:00:00,125,,,154,27,93,110,98,,,218,,166
2018-11-15 22:00:00,126,,,183,209,90,56,108,,,298,,230
2018-11-15 23:00:00,227,,,284,354,114,42,199,,,343,,237
2018-11-16 00:00:00,235,,,304,276,115,69,172,,,8,,219
2018-11-16 01:00:00,246,,,,300,111,28,179,,,358,,251
2018-11-16 02:00:00,237,,,,299,123,358,220,,,325,,240
2018-11-16 03:00:00,272,,,,292,88,318,225,,,341,,229
2018-11-16 04:00:00,325,,,332,291,5,258,236,,,327,,226
2018-11-16 05:00:00,257,,,311,291,356,262,104,,,345,,218
2018-11-16 06:00:00,343,,,323,289,116,253,257,,,353,,238
2018-11-16 07:00:00,279,,,317,293,332,249,245,,,8,,240
2018-11-16 08:00:00,233,,,313,288,289,261,288,,,293,,240
2018-11-16 09:00:00,264,,,316,285,212,289,328,,,268,,248
2018-11-16 10:00:00,58,,,279,283,331,13,327,,,1,,198
2018-11-16 11:00:00,32,,,231,58,34,31,313,,,74,,69
2018-11-16 12:00:00,53,,,135,126,20,43,314,,,116,,88
2018-11-16 13:00:00,70,,,181,107,137,79,334,,,175,,73
2018-11-16 14:00:00,81,,,123,112,135,62,105,,,123,,69
2018-11-16 15:00:00,73,,,88,101,82,80,111,,,141,,82
2018-11-16 16:00:00,60,,,87,113,132,92,97,,,143,,73
2018-11-16 17:00:00,80,,,101,97,81,103,90,,,154,,62
2018-11-16 18:00:00,122,,,102,92,86,119,119,,,118,,88
2018-11-16 19:00:00,135,,,101,103,95,94,116,,,106,,106
2018-11-16 20:00:00,68,,,89,119,93,76,117,,,204,,124
2018-11-16 21:00:00,334,,,98,104,128,35,102,,,327,,132
2018-11-16 22:00:00,311,,,285,90,187,13,97,,,27,,159
2018-11-16 23:00:00,255,,,293,254,358,304,102,,,109,,244
2018-11-17 00:00:00,242,,,150,226,329,46,77,,,151,,230
2018-11-17 01:00:00,297,,,307,31,10,55,201,,,267,,240
2018-11-17 02:00:00,252,,,304,296,303,257,181,,,12,,235
2018-11-17 03:00:00,255,,,278,294,278,34,240,,,333,,254
2018-11-17 04:00:00,271,,,322,291,282,320,254,,,353,,210
2018-11-17 05:00:00,307,,,322,302,166,4,248,,,359,,243
2018-11-17 06:00:00,260,,,313,289,235,296,272,,,340,,231
2018-11-17 07:00:00,262,,,320,285,223,276,267,,,348,,222
2018-11-17 08:00:00,282,,,318,285,269,257,267,,,305,,236
2018-11-17 09:00:00,317,,,327,284,260,279,287,,,330,,248
2018-11-17 10:00:00,23,,,336,267,65,314,297,,,339,,97
2018-11-17 11:00:00,337,,,308,277,103,345,308,,,341,,89
2018-11-17 12:00:00,350,,,294,292,108,20,308,,,25,,86
2018-11-17 13:00:00,28,,,297,190,119,26,308,,,132,,88
2018-11-17 14:00:00,51,,,262,91,110,30,304,,,233,,85
2018-11-17 15:00:00,130,,,188,97,112,43,323,,,243,,86
2018-11-17 16:00:00,97,,,161,88,120,62,51,,,182,,85
2018-11-17 17:00:00,89,,,147,98,114,70,111,,,132,,96
2018-11-17 18:00:00,77,,,126,97,137,95,119,,,74,,123
2018-11-17 19:00:00,48,,,174,120,140,57,122,,,72,,149
2018-11-17 20:00:00,355,,,283,66,137,39,177,,,32,,152
2018-11-17 21:00:00,254,,,312,136,164,38,192,,,299,,183
2018-11-17 22:00:00,260,,,290,343,217,33,216,,,306,,232
2018-11-17 23:00:00,241,,,316,267,262,261,175,,,4,,241
2018-11-18 00:00:00,231,,,305,286,269,246,151,,,286,,250
2018-11-18 01:00:00,238,,,326,288,265,248,136,,,274,,246
2018-11-18 02:00:00,252,,,334,306,298,283,274,,,323,,233
2018-11-18 03:00:00,236,,,289,295,267,238,217,,,335,,250
2018-11-18 04:00:00,197,,,284,293,291,262,215,,,337,,256
2018-11-18 05:00:00,227,,,327,288,133,241,251,,,351,,264
2018-11-18 06:00:00,240,,,335,290,65,248,273,,,343,,243
2018-11-18 07:00:00,235,,,297,291,256,242,254,,,353,,253
2018-11-18 08:00:00,251,,,336,288,261,251,222,,,3,,262
2018-11-18 09:00:00,277,,,331,287,270,259,309,,,343,,255
2018-11-18 10:00:00,233,,,322,283,325,20,312,,,345,,251
2018-11-18 11:00:00,34,,,304,93,298,48,321,,,39,,91
2018-11-18 12:00:00,34,,,244,110,306,44,,,,69,,98
2018-11-18 13:00:00,59,,,227,115,351,53,,,,97,,85
2018-11-18 14:00:00,47,,,35,116,5,42,200,,,12,,78
2018-11-18 15:00:00,26,,,71,103,41,37,227,,,31,,84
2018-11-18 16:00:00,61,,,46,106,60,36,275,,,11,,91
2018-11-18 17:00:00,38,,,10,110,51,35,209,,,73,,103
2018-11-18 18:00:00,25,,,25,105,65,33,198,,,75,,86
2018-11-18 19:00:00,25,,,39,111,50,41,221,,,78,,96
2018-11-18 20:00:00,30,,,16,115,53,42,284,,,165,,114
2018-11-18 21:00:00,26,,,17,97,33,29,310,,,172,,107
2018-11-18 22:00:00,70,,,257,60,33,31,303,,,151,,105
2018-11-18 23:00:00,115,,,181,82,57,49,297,,,264,,96
2018-11-19 00:00:00,100,,,210,94,39,65,306,,,204,,101
2018-11-19 01:00:00,93,,,212,98,38,37,309,,,196,,98
2018-11-19 02:00:00,95,,,195,59,33,58,305,,,191,,101
2018-11-19 03:00:00,142,,,215,68,31,43,308,,,179,,91
2018-11-19 04:00:00,110,,,205,66,6,57,307,,,188,,88
2018-11-19 05:00:00,106,,,222,59,359,42,304,,,183,,93
2018-11-19 06:00:00,97,,,242,69,297,43,306,,,189,,69
2018-11-19 07:00:00,97,,,255,60,223,40,306,,,175,,79
2018-11-19 08:00:00,115,,,191,96,109,53,302,,,172,,89
2018-11-19 09:00:00,116,,,158,91,95,52,306,,,197,,79
2018-11-19 10:00:00,87,,,155,92,51,43,305,,,304,,74
2018-11-19 11:00:00,75,,,216,77,30,46,304,,,330,,75
2018-11-19 12:00:00,55,,,183,70,30,32,304,,,351,,83
2018-11-19 13:00:00,104,,,159,109,76,64,313,,,1,,82
2018-11-19 14:00:00,61,,,188,86,41,46,126,,,11,,87
2018-11-19 15:00:00,85,,,210,81,45,42,302,,,29,,99
2018-11-19 16:00:00,72,,,225,86,71,37,290,,,90,,80
2018-11-19 17:00:00,75,,,216,94,72,59,292,,,116,,84
2018-11-19 18:00:00,74,,,196,93,76,55,290,,,141,,104
2018-11-19 19:00:00,37,,,173,94,39,45,288,,,169,,88
2018-11-19 20:00:00,26,,,276,109,272,35,278,,,174,,83
2018-11-19 21:00:00,18,,,269,77,79,35,293,,,196,,85
2018-11-19 22:00:00,18,,,261,90,115,31,306,,,180,,73
2018-11-19 23:00:00,39,,,274,83,123,43,310,,,181,,85
2018-11-20 00:00:00,11,,,277,75,195,45,301,,,182,,81
2018-11-20 01:00:00,38,,,272,27,288,41,304,,,168,,95
2018-11-20 02:00:00,103,,,224,345,249,51,300,,,176,,73
2018-11-20 03:00:00,57,,,244,79,278,37,299,,,314,,91
2018-11-20 04:00:00,153,,,267,86,290,41,290,,,339,,92
2018-11-20 05:00:00,133,,,302,66,271,31,292,,,345,,63
2018-11-20 06:00:00,95,,,310,86,288,42,306,,,350,,49
2018-11-20 07:00:00,119,,,135,38,328,37,294,,,346,,95
2018-11-20 08:00:00,62,,,156,94,183,39,305,,,344,,85
2018-11-20 09:00:00,39,,,210,88,18,30,301,,,18,,87
2018-11-20 10:00:00,94,,,202,93,87,38,302,,,151,,84
2018-11-20 11:00:00,74,,,249,95,93,35,296,,,151,,93
2018-11-20 12:00:00,83,,,197,79,90,40,294,,,151,,93
2018-11-20 13:00:00,66,,,320,82,99,35,306,,,136,,94
2018-11-20 14:00:00,77,,,288,90,115,27,300,,,143,,94
2018-11-20 15:00:00,37,,,248,99,117,37,330,,,149,,98
2018-11-20 16:00:00,91,,,80,110,101,75,170,,,146,,108
2018-11-20 17:00:00,97,,,72,98,98,88,126,,,137,,96
2018-11-20 18:00:00,88,,,105,95,103,116,98,,,115,,72
2018-11-20 19:00:00,81,,,104,82,112,110,72,,,137,,60
2018-11-20 20:00:00,80,,,108,98,113,116,79,,,160,,60
2018-11-20 21:00:00,90,,,114,97,123,113,106,,,171,,56
2018-11-20 22:00:00,116,,,109,97,162,114,109,,,174,,71
2018-11-20 23:00:00,122,,,105,93,144,116,103,,,174,,77
2018-11-21 00:00:00,127,,,106,102,95,105,104,,,161,,84
2018-11-21 01:00:00,78,,,115,114,112,95,112,,,169,,70
2018-11-21 02:00:00,43,,,113,122,129,99,116,,,197,,79
2018-11-21 03:00:00,71,,,127,111,312,106,130,,,249,,85
2018-11-21 04:00:00,77,,,128,100,352,89,114,,,254,,94
2018-11-21 05:00:00,86,,,141,82,57,98,107,,,348,,94
2018-11-21 06:00:00,43,,,134,85,90,83,128,,,13,,100
2018-11-21 07:00:00,30,,,146,92,278,74,103,,,314,,112
2018-11-21 08:00:00,36,,,140,86,32,33,111,,,31,,99
2018-11-21 09:00:00,67,,,214,85,323,44,315,,,36,,96
2018-11-21 10:00:00,89,,,235,73,173,52,299,,,23,,90
2018-11-21 11:00:00,49,,,158,63,125,11,293,,,27,,97
2018-11-21 12:00:00,353,,,289,101,121,15,292,,,19,,64
2018-11-21 13:00:00,204,,,339,166,114,14,291,,,340,,78
2018-11-21 14:00:00,107,,,357,126,121,337,303,,,336,,83
2018-11-21 15:00:00,89,,,15,140,90,24,316,,,354,,80
2018-11-21 16:00:00,92,,,89,136,82,31,304,,,338,,92
2018-11-21 17:00:00,149,,,46,117,34,27,295,,,350,,72
2018-11-21 18:00:00,111,,,78,108,308,29,300,,,13,,68
2018-11-21 19:00:00,116,,,125,93,114,36,297,,,26,,82
2018-11-21 20:00:00,51,,,71,73,113,41,289,,,3,,99
2018-11-21 21:00:00,40,,,156,88,108,47,298,,,344,,80
2018-11-21 22:00:00,78,,,205,97,83,49,302,,,322,,86
2018-11-21 23:00:00,105,,,188,91,108,56,307,,,276,,90
2018-11-22 00:00:00,82,,,222,93,319,50,310,,,244,,92
2018-11-22 01:00:00,115,,,206,104,312,46,302,,,307,,98
2018-11-22 02:00:00,125,,,231,70,268,34,299,,,325,,96
2018-11-22 03:00:00,140,,,224,33,243,46,288,,,331,,88
2018-11-22 04:00:00,138,,,261,334,65,45,278,,,331,,60
2018-11-22 05:00:00,134,,,313,96,351,26,293,,,339,,45
2018-11-22 06:00:00,103,,,293,211,97,31,301,,,344,,328
2018-11-22 07:00:00,93,,,314,174,296,30,313,,,352,,74
2018-11-22 08:00:00,107,,,97,69,145,35,309,,,324,,91
2018-11-22 09:00:00,101,,,126,78,309,11,126,,,319,,80
2018-11-22 10:00:00,95,,,124,107,272,52,97,,,12,,78
2018-11-22 11:00:00,69,,,122,94,171,69,106,,,40,,101
2018-11-22 12:00:00,85,,,144,102,85,58,113,,,19,,93
2018-11-22 13:00:00,84,,,146,87,136,76,313,,,33,,109
2018-11-22 14:00:00,100,,,146,96,135,63,322,,,36,,116
2018-11-22 15:00:00,101,,,125,111,124,62,4,,,49,,118
2018-11-22 16:00:00,98,,,117,129,122,91,83,,,83,,115
2018-11-22 17:00:00,85,,,96,122,117,90,86,,,123,,118
2018-11-22 18:00:00,77,,,116,122,117,73,106,,,124,,107
2018-11-22 19:00:00,88,,,154,106,140,73,115,,,121,,94
2018-11-22 20:00:00,70,,,142,94,170,85,108,,,130,,103
2018-11-22 21:00:00,80,,,143,76,150,106,115,,,162,,104
2018-11-22 22:00:00,78,,,149,85,193,85,97,,,166,,106
2018-11-22 23:00:00,44,,,139,87,221,82,113,,,167,,106
2018-11-23 00:00:00,48,,,149,86,189,84,122,,,168,,82
2018-11-23 01:00:00,36,,,149,44,223,84,135,,,162,,113
2018-11-23 02:00:00,22,,,106,2,114,39,191,,,177,,178
2018-11-23 03:00:00,39,,,144,345,297,80,222,,,144,,228
2018-11-23 04:00:00,321,,,307,294,250,49,227,,,335,,235
2018-11-23 05:00:00,246,,,317,279,317,3,224,,,297,,229
2018-11-23 06:00:00,233,,,324,276,314,65,119,,,320,,236
2018-11-23 07:00:00,235,,,316,288,218,263,163,,,320,,228
2018-11-23 08:00:00,250,,,328,283,187,344,240,,,338,,244
2018-11-23 09:00:00,251,,,336,266,136,305,290,,,357,,243
2018-11-23 10:00:00,350,,,323,287,108,28,328,,,354,,267
2018-11-23 11:00:00,174,,,353,303,79,85,310,,,326,,68
2018-11-23 12:00:00,76,,,144,298,105,47,339,,,288,,85
2018-11-23 13:00:00,122,,,171,300,106,65,305,,,353,,86
2018-11-23 14:00:00,120,,,160,308,125,99,288,,,72,,91
2018-11-23 15:00:00,134,,,133,83,121,121,321,,,127,,96
2018-11-23 16:00:00,111,,,148,106,129,131,289,,,142,,92
2018-11-23 17:00:00,122,,,153,109,164,96,282,,,133,,102
2018-11-23 18:00:00,152,,,231,107,160,104,135,,,132,,98
2018-11-23 19:00:00,30,,,155,118,181,75,143,,,139,,103
2018-11-23 20:00:00,34,,,185,128,244,77,152,,,155,,110
2018-11-23 21:00:00,20,,,223,48,259,72,146,,,165,,114
2018-11-23 22:00:00,273,,,230,53,269,210,123,,,6,,80
2018-11-23 23:00:00,233,,,276,44,255,48,133,,,8,,215
2018-11-24 00:00:00,217,,,283,256,,216,108,,,24,,237
2018-11-24 01:00:00,231,,,290,303,283,44,116,,,25,,234
2018-11-24 02:00:00,142,,,312,290,290,70,175,,,311,,182
2018-11-24 03:00:00,246,,,305,298,286,315,121,,,312,,223
2018-11-24 04:00:00,274,,,310,284,282,344,134,,,337,,233
2018-11-24 05:00:00,277,,,300,295,305,258,141,,,334,,213
2018-11-24 06:00:00,242,,,268,285,298,247,257,,,338,,222
2018-11-24 07:00:00,249,,,277,286,122,271,248,,,317,,188
2018-11-24 08:00:00,294,,,308,305,163,263,149,,,307,,196
2018-11-24 09:00:00,202,,,309,283,212,260,189,,,303,,254
2018-11-24 10:00:00,356,,,276,214,163,258,145,,,278,,235
2018-11-24 11:00:00,78,,,193,108,54,3,104,,,348,,106
2018-11-24 12:00:00,109,,,143,93,74,74,103,,,160,,84
2018-11-24 13:00:00,116,,,122,100,78,102,115,,,162,,82
2018-11-24 14:00:00,73,,,127,95,66,88,122,,,172,,76
2018-11-24 15:00:00,79,,,126,98,132,98,114,,,159,,78
2018-11-24 16:00:00,94,,,115,93,115,104,118,,,161,,82
2018-11-24 17:00:00,83,,,130,96,108,105,136,,,133,,92
2018-11-24 18:00:00,87,,,131,98,110,110,133,,,116,,110
2018-11-24 19:00:00,99,,,123,42,131,104,109,,,110,,120
2018-11-24 20:00:00,276,,,98,28,145,93,161,,,279,,142
2018-11-24 21:00:00,228,,,303,334,147,78,154,,,297,,190
2018-11-24 22:00:00,251,,,324,230,180,55,154,,,301,,208
2018-11-24 23:00:00,247,,,303,288,267,28,210,,,317,,223
2018-11-25 00:00:00,244,,,301,281,157,252,218,,,331,,228
2018-11-25 01:00:00,292,,,321,299,125,261,202,,,310,,214
2018-11-25 02:00:00,294,,,310,286,104,266,248,,,352,,240
2018-11-25 03:00:00,244,,,297,283,306,252,216,,,336,,226
2018-11-25 04:00:00,273,,,297,302,292,235,239,,,320,,235
2018-11-25 05:00:00,266,,,311,268,271,254,98,,,338,,288
2018-11-25 06:00:00,308,,,310,285,281,247,302,,,298,,273
2018-11-25 07:00:00,299,,,319,295,262,224,145,,,311,,286
2018-11-25 08:00:00,335,,,317,293,269,230,87,,,296,,281
2018-11-25 09:00:00,270,,,328,296,19,254,119,,,305,,276
2018-11-25 10:00:00,319,,,336,294,137,116,108,,,220,,258
2018-11-25 11:00:00,134,,,325,293,119,345,264,,,327,,241
2018-11-25 12:00:00,125,,,294,293,109,31,283,,,335,,261
2018-11-25 13:00:00,123,,,291,298,120,358,282,,,43,,71
2018-11-25 14:00:00,3,,,24,287,171,23,275,,,104,,333
2018-11-25 15:00:00,36,,,61,113,136,36,294,,,144,,91
2018-11-25 16:00:00,56,,,51,102,126,45,270,,,252,,81
2018-11-25 17:00:00,87,,,50,111,120,58,250,,,319,,92
2018-11-25 18:00:00,63,,,43,106,145,53,272,,,302,,86
2018-11-25 19:00:00,29,,,41,112,118,40,268,,,303,,92
2018-11-25 20:00:00,53,,,86,107,151,35,265,,,306,,95
2018-11-25 21:00:00,80,,,196,110,167,360,270,,,303,,98
2018-11-25 22:00:00,34,,,36,101,167,18,269,,,312,,80
2018-11-25 23:00:00,41,,,21,46,165,41,277,,,317,,97
2018-11-26 00:00:00,65,,,30,34,144,48,277,,,306,,99
2018-11-26 01:00:00,46,,,23,84,110,44,279,,,315,,102
2018-11-26 02:00:00,59,,,19,357,111,36,285,,,326,,105
2018-11-26 03:00:00,39,,,24,23,131,39,279,,,336,,109
2018-11-26 04:00:00,44,,,21,35,104,23,283,,,336,,111
2018-11-26 05:00:00,28,,,19,9,103,21,279,,,330,,107
2018-11-26 06:00:00,24,,,51,344,296,22,271,,,344,,113
2018-11-26 07:00:00,43,,,255,24,271,25,259,,,299,,110
2018-11-26 08:00:00,66,,,38,67,297,36,227,,,310,,104
2018-11-26 09:00:00,55,,,34,105,280,52,285,,,315,,78
2018-11-26 10:00:00,74,,,30,105,342,42,292,,,356,,87
2018-11-26 11:00:00,33,,,30,108,29,23,292,,,6,,91
2018-11-26 12:00:00,25,,,333,120,14,25,296,,,23,,73
2018-11-26 13:00:00,79,,,298,83,41,55,294,,,310,,70
2018-11-26 14:00:00,64,,,298,107,35,62,312,,,264,,74
2018-11-26 15:00:00,74,,,62,109,29,77,277,,,20,,82
2018-11-26 16:00:00,105,,,99,116,35,65,140,,,181,,89
2018-11-26 17:00:00,117,,,101,113,37,69,174,,,137,,119
2018-11-26 18:00:00,114,,,88,114,42,82,140,,,137,,118
2018-11-26 19:00:00,138,,,79,119,37,149,123,,,121,,98
2018-11-26 20:00:00,144,,,95,118,334,122,117,,,150,,66
2018-11-26 21:00:00,130,,,96,98,32,108,120,,,194,,57
2018-11-26 22:00:00,123,,,109,105,31,123,112,,,168,,62
2018-11-26 23:00:00,120,,,107,167,292,118,110,,,195,,93
2018-11-27 00:00:00,129,,,111,160,309,104,92,,,263,,140
2018-11-27 01:00:00,134,,,133,164,308,267,96,,,298,,172
2018-11-27 02:00:00,112,,,285,223,6,11,114,,,354,,237
2018-11-27 03:00:00,249,,,277,291,24,40,102,,,37,,231
2018-11-27 04:00:00,238,,,304,283,66,42,146,,,315,,234
2018-11-27 05:00:00,258,,,301,289,99,355,135,,,316,,224
2018-11-27 06:00:00,234,,,315,300,104,252,141,,,336,,229
2018-11-27 07:00:00,244,,,326,291,104,9,181,,,302,,234
2018-11-27 08:00:00,278,,,317,312,93,29,209,,,312,,195
2018-11-27 09:00:00,332,,,298,316,94,11,114,,,298,,232
2018-11-27 10:00:00,72,,,2,128,114,84,73,,,171,,59
2018-11-27 11:00:00,72,,,133,115,89,84,110,,,151,,87
2018-11-27 12:00:00,43,,,136,105,97,93,98,,,156,,69
2018-11-27 13:00:00,48,,,129,90,109,79,108,,,150,,72
2018-11-27 14:00:00,68,,,112,99,104,78,112,,,150,,66
2018-11-27 15:00:00,40,,,111,98,117,94,122,,,159,,62
2018-11-27 16:00:00,74,,,100,100,108,95,110,,,153,,63
2018-11-27 17:00:00,118,,,103,99,111,110,118,,,138,,60
2018-11-27 18:00:00,152,,,93,90,103,124,111,,,122,,82
2018-11-27 19:00:00,139,,,92,89,105,114,107,,,115,,73
2018-11-27 20:00:00,130,,,92,102,114,102,115,,,130,,62
2018-11-27 21:00:00,111,,,101,128,107,96,126,,,184,,89
2018-11-27 22:00:00,96,,,98,156,73,76,131,,,236,,144
2018-11-27 23:00:00,232,,,93,9,43,50,150,,,132,,232
2018-11-28 00:00:00,295,,,292,316,54,37,198,,,80,,204
2018-11-28 01:00:00,287,,,310,274,79,51,227,,,26,,223
2018-11-28 02:00:00,337,,,291,308,80,72,211,,,36,,199
2018-11-28 03:00:00,324,,,312,314,76,18,234,,,23,,211
2018-11-28 04:00:00,257,,,315,213,67,262,223,,,10,,213
2018-11-28 05:00:00,328,,,317,339,66,33,218,,,281,,161
2018-11-28 06:00:00,68,,,310,296,72,41,113,,,338,,155
2018-11-28 07:00:00,151,,,298,304,73,18,261,,,12,,111
2018-11-28 08:00:00,243,,,283,330,80,359,109,,,259,,91
2018-11-28 09:00:00,336,,,297,306,79,353,80,,,207,,278
2018-11-28 10:00:00,285,,,321,281,75,21,264,,,272,,264
2018-11-28 11:00:00,260,,,247,288,81,143,298,,,354,,226
2018-11-28 12:00:00,91,,,209,275,100,85,258,,,215,,123
2018-11-28 13:00:00,173,,,129,301,104,153,203,,,204,,74
2018-11-28 14:00:00,116,,,130,332,86,77,294,,,175,,80
2018-11-28 15:00:00,99,,,133,93,76,92,92,,,153,,88
2018-11-28 16:00:00,84,,,162,93,80,76,159,,,73,,77
2018-11-28 17:00:00,33,,,215,84,84,50,304,,,83,,93
2018-11-28 18:00:00,357,,,313,80,87,34,264,,,8,,126
2018-11-28 19:00:00,79,,,214,261,78,90,163,,,22,,107
2018-11-28 20:00:00,100,,,137,58,82,111,97,,,140,,95
2018-11-28 21:00:00,137,,,96,16,89,83,184,,,103,,143
2018-11-28 22:00:00,304,,,117,305,82,63,225,,,346,,204
2018-11-28 23:00:00,101,,,308,279,53,60,195,,,327,,106
2018-11-29 00:00:00,95,,,297,305,23,62,139,,,323,,102
2018-11-29 01:00:00,186,,,222,272,312,238,122,,,158,,78
2018-11-29 02:00:00,28,,,295,302,26,35,104,,,180,,90
2018-11-29 03:00:00,181,,,299,105,348,236,198,,,295,,106
2018-11-29 04:00:00,306,,,297,307,305,5,238,,,11,,186
2018-11-29 05:00:00,263,,,314,305,296,268,270,,,5,,237
2018-11-29 06:00:00,227,,,291,259,301,228,246,,,253,,169
2018-11-29 07:00:00,255,,,312,305,294,2,303,,,80,,231
2018-11-29 08:00:00,271,,,319,259,290,227,256,,,320,,164
2018-11-29 09:00:00,250,,,316,309,313,237,256,,,312,,245
2018-11-29 10:00:00,243,,,308,273,122,254,291,,,314,,272
2018-11-29 11:00:00,262,,,298,276,95,255,260,,,15,,264
2018-11-29 12:00:00,30,,,10,255,113,61,309,,,41,,238
2018-11-29 13:00:00,116,,,134,281,120,193,343,,,59,,94
2018-11-29 14:00:00,101,,,137,223,101,83,120,,,149,,71
2018-11-29 15:00:00,85,,,121,121,86,119,118,,,145,,77
2018-11-29 16:00:00,79,,,109,100,81,115,104,,,148,,71
2018-11-29 17:00:00,124,,,111,100,86,122,125,,,142,,73
2018-11-29 18:00:00,110,,,109,100,106,115,101,,,147,,88
2018-11-29 19:00:00,67,,,132,126,85,81,105,,,126,,120
2018-11-29 20:00:00,7,,,248,145,307,52,197,,,75,,136
2018-11-29 21:00:00,295,,,300,43,226,63,221,,,14,,188
2018-11-29 22:00:00,277,,,278,355,199,67,178,,,341,,184
2018-11-29 23:00:00,231,,,303,299,208,203,202,,,298,,236
2018-11-30 00:00:00,232,,,300,274,232,240,271,,254,309,,208
2018-11-30 01:00:00,222,,,269,291,276,38,130,,304,340,,150
2018-11-30 02:00:00,302,,,297,319,304,8,241,,346,20,,122
2018-11-30 03:00:00,247,,,303,294,293,306,245,,339,334,,237
2018-11-30 04:00:00,296,,,311,302,100,272,237,,324,343,,236
2018-11-30 05:00:00,325,,,316,289,122,249,228,,345,360,,245
2018-11-30 06:00:00,294,,,308,281,61,250,130,,330,344,,238
2018-11-30 07:00:00,311,,,327,293,47,254,228,,321,342,,244
2018-11-30 08:00:00,236,,,326,290,57,270,205,,288,320,,249
2018-11-30 09:00:00,63,,,327,278,11,246,298,,333,265,,243
2018-11-30 10:00:00,44,,,341,252,22,311,3,,72,174,,122
2018-11-30 11:00:00,37,,,315,279,69,352,48,,113,163,,80
2018-11-30 12:00:00,71,,,87,246,34,40,313,,16,126,,140
2018-11-30 13:00:00,41,,,143,276,100,68,308,,73,160,,92
2018-11-30 14:00:00,91,,,135,119,67,92,319,,92,169,,71
2018-11-30 15:00:00,82,,,143,101,141,84,128,,121,157,,82
2018-11-30 16:00:00,86,,,144,103,57,78,,,132,141,,78
2018-11-30 17:00:00,88,,,131,104,21,105,138,,127,149,,98
2018-11-30 18:00:00,90,,,136,116,58,111,114,,138,155,,133
2018-11-30 19:00:00,251,,,153,35,94,108,165,,215,217,,158
2018-11-30 20:00:00,227,,,267,342,135,113,213,,271,12,,186
2018-11-30 21:00:00,234,,,285,312,108,36,198,,307,351,,201
2018-11-30 22:00:00,239,,,305,254,148,242,179,,280,315,,235
2018-11-30 23:00:00,258,,,303,286,136,287,115,,297,317,,232
2018-12-01 00:00:00,,,,,,217,,,,,,,
2018-12-01 01:00:00,252,,,314,305,313,259,238,,,345,,262
2018-12-01 02:00:00,268,,,312,295,136,259,269,,,346,,249
2018-12-01 03:00:00,276,,,327,306,81,275,265,,,346,,204
2018-12-01 04:00:00,301,,,325,278,315,292,264,,,5,,246
2018-12-01 05:00:00,299,,,317,287,307,297,251,,,357,,235
2018-12-01 06:00:00,309,,,301,292,248,329,268,,,350,,252
2018-12-01 07:00:00,141,,,291,301,102,65,265,,,343,,237
2018-12-01 08:00:00,128,,,136,280,84,32,292,,,333,,88
2018-12-01 09:00:00,105,,,133,274,63,25,285,,,352,,80
2018-12-01 10:00:00,89,,,247,288,27,24,282,,,357,,89
2018-12-01 11:00:00,97,,,170,275,88,40,312,,,217,,87
2018-12-01 12:00:00,91,,,109,97,28,71,315,,,177,,92
2018-12-01 13:00:00,102,,,135,94,41,69,107,,,160,,86
2018-12-01 14:00:00,80,,,119,104,37,74,111,,,167,,70
2018-12-01 15:00:00,79,,,133,107,44,104,111,,,162,,61
2018-12-01 16:00:00,115,,,111,104,39,111,113,,,147,,69
2018-12-01 17:00:00,154,,,101,103,37,122,128,,,131,,81
2018-12-01 18:00:00,149,,,106,95,46,119,117,,,131,,73
2018-12-01 19:00:00,121,,,106,106,21,120,130,,,128,,68
2018-12-01 20:00:00,124,,,100,159,51,112,127,,,199,,121
2018-12-01 21:00:00,160,,,105,151,44,119,112,,,288,,138
2018-12-01 22:00:00,232,,,109,124,87,162,119,,,302,,175
2018-12-01 23:00:00,233,,,265,66,106,198,104,,,35,,218
2018-12-02 00:00:00,233,,,291,44,112,52,105,,,227,,221
2018-12-02 01:00:00,249,,,139,187,87,56,108,,,325,,237
2018-12-02 02:00:00,238,,,202,16,63,32,94,,,350,,204
2018-12-02 03:00:00,260,,,282,298,41,359,216,,,25,,250
2018-12-02 04:00:00,243,,,312,285,62,253,256,,,3,,247
2018-12-02 05:00:00,235,,,326,295,52,30,232,,,330,,238
2018-12-02 06:00:00,243,,,291,291,55,314,240,,,321,,244
2018-12-02 07:00:00,295,,,289,279,48,252,234,,,345,,246
2018-12-02 08:00:00,243,,,333,285,30,244,227,,,349,,239
2018-12-02 09:00:00,287,,,311,273,3,257,49,,,354,,232
2018-12-02 10:00:00,266,,,299,266,3,264,332,,,5,,195
2018-12-02 11:00:00,117,,,137,258,94,62,330,,,38,,91
2018-12-02 12:00:00,85,,,155,267,154,59,300,,,109,,82
2018-12-02 13:00:00,91,,,175,104,157,58,314,,,156,,78
2018-12-02 14:00:00,119,,,190,103,122,81,312,,,126,,82
2018-12-02 15:00:00,110,,,166,97,131,76,319,,,154,,82
2018-12-02 16:00:00,108,,,134,98,118,113,122,,,149,,83
2018-12-02 17:00:00,82,,,117,111,131,119,142,,,148,,103
2018-12-02 18:00:00,108,,,107,113,124,116,118,,,111,,115
2018-12-02 19:00:00,112,,,107,70,118,110,125,,,100,,121
2018-12-02 20:00:00,63,,,111,118,127,105,125,,,217,,133
2018-12-02 21:00:00,185,,,122,113,127,89,137,,,306,,135
2018-12-02 22:00:00,213,,,85,7,110,95,106,,,305,,203
2018-12-02 23:00:00,224,,,299,258,94,32,91,,,196,,237
2018-12-03 00:00:00,239,,,314,94,340,102,102,,,243,,239
2018-12-03 01:00:00,221,,,133,27,60,121,151,,,106,,237
2018-12-03 02:00:00,301,,,146,43,341,93,201,,,151,,247
2018-12-03 03:00:00,170,,,147,20,311,120,261,,,227,,247
2018-12-03 04:00:00,101,,,135,310,218,86,280,,,271,,254
2018-12-03 05:00:00,189,,,314,275,65,212,251,,,304,,245
2018-12-03 06:00:00,232,,,308,293,308,269,228,,,307,,250
2018-12-03 07:00:00,234,,,313,288,206,293,185,,,356,,248
2018-12-03 08:00:00,234,,,334,277,225,289,241,,,2,,255
2018-12-03 09:00:00,243,,,338,249,146,311,247,,,343,,244
2018-12-03 10:00:00,258,,,312,294,53,27,299,,,341,,246
2018-12-03 11:00:00,24,,,287,182,70,36,312,,,345,,86
2018-12-03 12:00:00,31,,,312,166,80,30,304,,,350,,75
2018-12-03 13:00:00,38,,,213,114,109,16,294,,,12,,90
2018-12-03 14:00:00,48,,,72,108,109,52,208,,,114,,78
2018-12-03 15:00:00,73,,,54,100,108,46,87,,,145,,91
2018-12-03 16:00:00,71,,,61,100,107,58,85,,,126,,90
2018-12-03 17:00:00,64,,,51,93,118,71,114,,,141,,69
2018-12-03 18:00:00,83,,,298,98,110,84,99,,,152,,47
2018-12-03 19:00:00,90,,,295,100,120,93,104,,,173,,38
2018-12-03 20:00:00,43,,,37,94,91,46,106,,,176,,62
2018-12-03 21:00:00,356,,,1,102,107,34,103,,,184,,85
2018-12-03 22:00:00,12,,,290,103,123,34,108,,,173,,107
2018-12-03 23:00:00,74,,,259,100,107,26,114,,,163,,79
2018-12-04 00:00:00,121,,,207,106,111,23,142,,,153,,77
2018-12-04 01:00:00,121,,,142,110,104,30,110,,,131,,84
2018-12-04 02:00:00,123,,,124,107,108,35,116,,,142,,78
2018-12-04 03:00:00,110,,,91,97,89,67,110,,,129,,72
2018-12-04 04:00:00,137,,,90,91,93,113,98,,,115,,73
2018-12-04 05:00:00,90,,,102,87,87,118,107,,,129,,74
2018-12-04 06:00:00,117,,,113,94,86,122,121,,,177,,68
2018-12-04 07:00:00,101,,,102,103,84,111,131,,,186,,72
2018-12-04 08:00:00,102,,,90,99,76,103,122,,,177,,72
2018-12-04 09:00:00,79,,,97,94,88,109,116,,,169,,64
2018-12-04 10:00:00,129,,,103,91,105,124,117,,,152,,73
2018-12-04 11:00:00,128,,,102,85,85,109,116,,,158,,
2018-12-04 12:00:00,119,,,98,99,93,119,118,,,159,,82
2018-12-04 13:00:00,120,,,104,98,109,116,117,,,149,,73
2018-12-04 14:00:00,107,,,107,99,91,118,122,,,148,,66
2018-12-04 15:00:00,114,,,114,98,89,116,115,,,153,,71
2018-12-04 16:00:00,124,,,110,96,103,122,111,,,142,,76
2018-12-04 17:00:00,137,,,106,88,113,119,112,,,149,,73
2018-12-04 18:00:00,122,,,103,90,122,119,106,,,155,,72
2018-12-04 19:00:00,126,,,98,89,196,124,102,,,139,,74
2018-12-04 20:00:00,125,,,103,93,253,121,105,,,168,,74
2018-12-04 21:00:00,139,,,116,103,216,108,108,,,197,,74
2018-12-04 22:00:00,73,,,136,118,217,95,110,,,207,,71
2018-12-04 23:00:00,53,,,161,122,188,72,115,,,277,,83
2018-12-05 00:00:00,44,,,145,111,198,76,113,,,126,,102
2018-12-05 01:00:00,68,,,110,92,202,92,106,,,122,,98
2018-12-05 02:00:00,70,,,91,84,266,85,104,,,142,,61
2018-12-05 03:00:00,74,,,96,92,294,94,106,,,121,,59
2018-12-05 04:00:00,74,,,100,94,299,101,102,,,136,,56
2018-12-05 05:00:00,82,,,99,94,72,98,101,,,102,,64
2018-12-05 06:00:00,79,,,89,95,213,86,100,,,109,,67
2018-12-05 07:00:00,79,,,93,94,69,92,101,,,115,,61
2018-12-05 08:00:00,83,,,92,89,228,79,92,,,106,,61
2018-12-05 09:00:00,82,,,97,91,330,84,92,,,99,,62
2018-12-05 10:00:00,76,,,100,92,126,88,113,,,92,,61
2018-12-05 11:00:00,76,,,104,93,104,90,106,,,87,,62
2018-12-05 12:00:00,72,,,97,85,113,95,103,,,100,,60
2018-12-05 13:00:00,60,,,107,108,121,98,99,,,113,,68
2018-12-05 14:00:00,55,,,117,113,109,71,109,,,93,,78
2018-12-05 15:00:00,54,,,120,110,120,73,109,,,91,,81
2018-12-05 16:00:00,71,,,110,105,122,78,101,,,101,,82
2018-12-05 17:00:00,67,,,110,104,122,107,102,,,106,,69
2018-12-05 18:00:00,55,,,118,107,101,99,94,,,107,,76
2018-12-05 19:00:00,54,,,132,111,133,86,97,,,115,,84
2018-12-05 20:00:00,51,,,128,111,156,83,102,,,115,,89
2018-12-05 21:00:00,47,,,144,116,140,66,102,,,142,,93
2018-12-05 22:00:00,27,,,169,120,207,58,103,,,159,,111
2018-12-05 23:00:00,17,,,230,140,240,39,119,,,173,,117
2018-12-06 00:00:00,359,,,264,182,269,36,131,,,206,,134
2018-12-06 01:00:00,318,,,266,65,194,23,307,,,282,,243
2018-12-06 02:00:00,234,,,229,65,205,351,303,,,324,,225
2018-12-06 03:00:00,298,,,298,14,8,267,296,,,340,,224
2018-12-06 04:00:00,359,,,311,298,258,309,291,,,335,,215
2018-12-06 05:00:00,336,,,316,302,289,338,278,,,336,,181
2018-12-06 06:00:00,315,,,320,297,311,311,255,,,332,,230
2018-12-06 07:00:00,354,,,316,262,270,335,281,,,326,,198
2018-12-06 08:00:00,288,,,284,294,277,285,258,,,354,,227
2018-12-06 09:00:00,245,,,308,290,276,305,285,,,346,,213
2018-12-06 10:00:00,305,,,309,283,268,17,304,,,359,,235
2018-12-06 11:00:00,49,,,273,296,269,62,325,,,82,,183
2018-12-06 12:00:00,97,,,193,114,269,71,98,,,101,,73
2018-12-06 13:00:00,69,,,143,119,272,54,117,,,139,,77
2018-12-06 14:00:00,63,,,143,107,264,57,98,,,159,,88
2018-12-06 15:00:00,76,,,148,95,274,70,107,,,163,,75
2018-12-06 16:00:00,86,,,161,98,264,61,102,,,129,,86
2018-12-06 17:00:00,87,,,149,98,253,75,126,,,128,,88
2018-12-06 18:00:00,81,,,143,84,267,81,106,,,101,,102
2018-12-06 19:00:00,27,,,159,100,317,46,107,,,32,,118
2018-12-06 20:00:00,17,,,266,75,289,39,218,,,354,,117
2018-12-06 21:00:00,336,,,300,52,291,26,227,,,313,,114
2018-12-06 22:00:00,344,,,274,100,283,34,114,,,291,,134
2018-12-06 23:00:00,274,,,280,82,284,18,250,,,315,,146
2018-12-07 00:00:00,244,,,289,31,294,64,251,,,354,,7
2018-12-07 01:00:00,228,,,299,335,291,336,229,,,271,,215
2018-12-07 02:00:00,228,,,316,265,292,33,266,,,333,,203
2018-12-07 03:00:00,275,,,277,12,283,339,282,,,353,,219
2018-12-07 04:00:00,9,,,154,231,300,71,245,,,348,,92
2018-12-07 05:00:00,295,,,251,327,282,2,177,,,201,,113
2018-12-07 06:00:00,20,,,267,115,259,60,116,,,148,,111
2018-12-07 07:00:00,13,,,243,135,251,60,197,,,185,,113
2018-12-07 08:00:00,67,,,168,121,263,74,207,,,175,,104
2018-12-07 09:00:00,25,,,268,136,266,41,242,,,181,,111
2018-12-07 10:00:00,346,,,293,237,267,32,281,,,343,,138
2018-12-07 11:00:00,29,,,204,127,278,35,270,,,14,,101
2018-12-07 12:00:00,36,,,169,111,290,44,298,,,5,,85
2018-12-07 13:00:00,110,,,194,108,271,37,305,,,338,,93
2018-12-07 14:00:00,121,,,185,109,273,33,311,,,325,,96
2018-12-07 15:00:00,122,,,189,102,261,32,310,,,344,,89
2018-12-07 16:00:00,77,,,256,105,274,34,305,,,354,,106
2018-12-07 17:00:00,37,,,299,107,280,37,303,,,342,,105
2018-12-07 18:00:00,47,,,344,66,283,20,303,,,325,,105
2018-12-07 19:00:00,72,,,203,248,270,34,284,,,339,,95
2018-12-07 20:00:00,145,,,121,271,270,34,275,,,332,,76
2018-12-07 21:00:00,94,,,151,271,266,34,292,,,347,,83
2018-12-07 22:00:00,117,,,228,271,266,39,270,,,335,,88
2018-12-07 23:00:00,153,,,152,269,268,34,261,,,332,,88
2018-12-08 00:00:00,139,,,129,270,282,43,107,,,336,,81
2018-12-08 01:00:00,167,,,154,293,249,329,14,,,329,,88
2018-12-08 02:00:00,202,,,120,316,275,250,102,,,319,,57
2018-12-08 03:00:00,357,,,125,28,324,294,121,,,301,,208
2018-12-08 04:00:00,271,,,123,53,176,290,131,,,84,,100
2018-12-08 05:00:00,237,,,308,301,157,279,122,,,345,,227
2018-12-08 06:00:00,332,,,313,304,123,357,197,,,7,,218
2018-12-08 07:00:00,207,,,334,293,200,147,187,,,10,,243
2018-12-08 08:00:00,180,,,280,326,229,111,97,,,62,,103
2018-12-08 09:00:00,48,,,315,298,30,47,229,,,300,,108
2018-12-08 10:00:00,64,,,218,268,112,44,152,,,345,,90
2018-12-08 11:00:00,37,,,241,59,122,38,303,,,112,,96
2018-12-08 12:00:00,40,,,298,109,97,37,303,,,147,,96
2018-12-08 13:00:00,94,,,274,110,108,38,304,,,165,,77
2018-12-08 14:00:00,91,,,263,98,166,39,302,,,175,,82
2018-12-08 15:00:00,47,,,232,93,165,38,270,,,173,,77
2018-12-08 16:00:00,26,,,276,91,193,34,292,,,171,,79
2018-12-08 17:00:00,63,,,301,100,193,50,284,,,175,,86
2018-12-08 18:00:00,59,,,257,102,195,48,283,,,167,,85
2018-12-08 19:00:00,76,,,206,100,235,44,304,,,166,,75
2018-12-08 20:00:00,47,,,203,88,270,48,304,,,182,,77
2018-12-08 21:00:00,58,,,184,97,248,34,301,,,198,,80
2018-12-08 22:00:00,103,,,136,96,301,41,293,,,282,,81
2018-12-08 23:00:00,71,,,142,91,281,37,282,,,333,,88
2018-12-09 00:00:00,64,,,258,87,256,41,277,,,318,,76
2018-12-09 01:00:00,77,,,268,79,251,35,287,,,319,,73
2018-12-09 02:00:00,50,,,158,93,258,40,286,,,326,,82
2018-12-09 03:00:00,29,,,171,88,243,38,290,,,330,,83
2018-12-09 04:00:00,60,,,186,84,260,51,288,,,324,,68
2018-12-09 05:00:00,97,,,207,60,229,52,293,,,315,,79
2018-12-09 06:00:00,55,,,149,101,237,64,296,,,315,,72
2018-12-09 07:00:00,40,,,131,46,238,37,286,,,208,,70
2018-12-09 08:00:00,27,,,205,56,240,42,275,,,152,,80
2018-12-09 09:00:00,27,,,262,102,286,33,305,,,162,,88
2018-12-09 10:00:00,88,,,257,62,74,39,306,,,165,,77
2018-12-09 11:00:00,94,,,340,133,34,37,308,,,172,,78
2018-12-09 12:00:00,124,,,110,109,74,27,21,,,88,,83
2018-12-09 13:00:00,127,,,244,107,99,44,92,,,141,,105
2018-12-09 14:00:00,71,,,180,98,86,72,53,,,132,,99
2018-12-09 15:00:00,68,,,151,107,100,99,113,,,172,,106
2018-12-09 16:00:00,89,,,139,113,84,113,102,,,186,,107
2018-12-09 17:00:00,118,,,124,134,89,117,103,,,135,,96
2018-12-09 18:00:00,118,,,131,112,125,108,105,,,174,,86
2018-12-09 19:00:00,93,,,142,97,204,128,116,,,191,,98
2018-12-09 20:00:00,198,,,143,104,180,100,107,,,187,,107
2018-12-09 21:00:00,112,,,149,105,185,160,119,,,155,,109
2018-12-09 22:00:00,88,,,139,138,202,108,151,,,220,,107
2018-12-09 23:00:00,50,,,148,112,220,62,141,,,360,,108
2018-12-10 00:00:00,34,,,320,102,257,38,153,,,8,,112
2018-12-10 01:00:00,58,,,273,76,235,35,149,,,341,,99
2018-12-10 02:00:00,32,,,278,95,211,33,287,,,316,,93
2018-12-10 03:00:00,84,,,298,96,252,38,305,,,356,,91
2018-12-10 04:00:00,43,,,258,94,289,40,125,,,306,,94
2018-12-10 05:00:00,38,,,251,110,257,35,320,,,304,,101
2018-12-10 06:00:00,76,,,243,150,246,27,306,,,263,,92
2018-12-10 07:00:00,74,,,181,107,270,30,262,,,264,,105
2018-12-10 08:00:00,119,,,281,354,169,43,224,,,348,,84
2018-12-10 09:00:00,88,,,304,240,201,8,133,,,144,,82
2018-12-10 10:00:00,112,,,148,125,80,223,145,,,168,,78
2018-12-10 11:00:00,134,,,142,40,83,49,113,,,148,,341
2018-12-10 12:00:00,58,,,133,82,92,54,91,,,137,,67
2018-12-10 13:00:00,73,,,151,126,100,75,111,,,152,,71
2018-12-10 14:00:00,83,,,132,94,85,100,113,,,167,,97
2018-12-10 15:00:00,110,,,127,106,156,101,96,,,172,,109
2018-12-10 16:00:00,121,,,121,111,102,121,105,,,152,,102
2018-12-10 17:00:00,145,,,102,114,99,116,133,,,142,,104
2018-12-10 18:00:00,125,,,105,121,104,123,120,,,124,,97
2018-12-10 19:00:00,150,,,118,116,193,131,121,,,143,,82
2018-12-10 20:00:00,128,,,105,116,163,105,108,,,132,,95
2018-12-10 21:00:00,68,,,104,111,174,119,112,,,138,,128
2018-12-10 22:00:00,115,,,92,110,133,99,109,,,148,,120
2018-12-10 23:00:00,134,,,99,108,103,115,114,,,158,,130
2018-12-11 00:00:00,101,,,95,94,144,99,113,,,165,,140
2018-12-11 01:00:00,101,,,97,98,127,107,76,,,163,,77
2018-12-11 02:00:00,134,,,98,96,134,108,98,,,158,,63
2018-12-11 03:00:00,103,,,102,102,138,109,103,,,137,,76
2018-12-11 04:00:00,108,,,123,102,218,110,124,,,96,,69
2018-12-11 05:00:00,74,,,130,103,278,66,117,,,55,,77
2018-12-11 06:00:00,57,,,137,101,308,48,113,,,60,,80
2018-12-11 07:00:00,48,,,168,96,304,41,109,,,73,,99
2018-12-11 08:00:00,83,,,252,115,214,70,274,,,161,,102
2018-12-11 09:00:00,76,,,156,116,320,81,105,,,112,,80
2018-12-11 10:00:00,26,,,159,116,316,40,96,,,66,,84
2018-12-11 11:00:00,10,,,279,96,339,50,118,,,155,,84
2018-12-11 12:00:00,66,,,134,107,344,62,78,,,185,,77
2018-12-11 13:00:00,79,,,139,110,109,80,70,,,185,,69
2018-12-11 14:00:00,74,,,92,108,112,95,93,,,154,,72
2018-12-11 15:00:00,35,,,85,106,115,111,95,,,138,,66
2018-12-11 16:00:00,147,,,100,99,110,123,98,,,155,,74
2018-12-11 17:00:00,154,,,141,93,112,208,101,,,155,,82
2018-12-11 18:00:00,150,,,139,87,101,175,113,,,201,,94
2018-12-11 19:00:00,145,,,108,106,123,240,125,,,181,,152
2018-12-11 20:00:00,174,,,329,135,143,259,128,,,62,,172
2018-12-11 21:00:00,247,,,347,153,175,16,121,,,49,,225
2018-12-11 22:00:00,248,,,258,206,208,33,142,,,296,,238
2018-12-11 23:00:00,230,,,308,21,234,36,248,,,20,,241
2018-12-12 00:00:00,235,,,302,305,294,35,229,,,59,,241
2018-12-12 01:00:00,283,,,307,300,296,341,234,,,110,,238
2018-12-12 02:00:00,236,,,315,284,281,284,247,,,52,,231
2018-12-12 03:00:00,273,,,311,288,273,290,257,,,9,,231
2018-12-12 04:00:00,301,,,314,292,290,264,268,,,359,,240
2018-12-12 05:00:00,300,,,326,284,176,219,277,,,311,,197
2018-12-12 06:00:00,222,,,300,278,277,91,109,,,291,,125
2018-12-12 07:00:00,345,,,294,284,60,269,115,,,259,,188
2018-12-12 08:00:00,314,,,306,280,63,291,190,,,304,,136
2018-12-12 09:00:00,239,,,269,287,116,214,112,,,24,,133
2018-12-12 10:00:00,175,,,262,276,72,267,97,,,219,,88
2018-12-12 11:00:00,52,,,3,282,5,84,88,,,242,,89
2018-12-12 12:00:00,13,,,122,290,317,20,94,,,263,,82
2018-12-12 13:00:00,75,,,192,249,282,32,103,,,169,,75
2018-12-12 14:00:00,97,,,167,88,274,52,347,,,152,,68
2018-12-12 15:00:00,89,,,133,102,268,72,108,,,163,,75
2018-12-12 16:00:00,88,,,141,93,254,98,117,,,170,,66
2018-12-12 17:00:00,68,,,160,96,260,81,111,,,146,,90
2018-12-12 18:00:00,102,,,155,79,264,94,139,,,69,,100
2018-12-12 19:00:00,98,,,145,67,265,132,119,,,331,,108
2018-12-12 20:00:00,18,,,173,76,270,57,66,,,226,,123
2018-12-12 21:00:00,305,,,187,320,266,284,301,,,353,,109
2018-12-12 22:00:00,256,,,311,285,264,272,291,,,324,,261
2018-12-12 23:00:00,282,,,326,186,283,278,282,,,8,,283
2018-12-13 00:00:00,221,,,292,217,296,229,112,,,54,,303
2018-12-13 01:00:00,188,,,344,325,258,9,134,,,284,,280
2018-12-13 02:00:00,248,,,306,263,287,62,253,,,356,,267
2018-12-13 03:00:00,248,,,308,266,304,179,253,,,258,,272
2018-12-13 04:00:00,4,,,316,300,285,17,101,,,114,,254
2018-12-13 05:00:00,174,,,309,274,301,68,128,,,272,,250
2018-12-13 06:00:00,219,,,327,266,292,129,147,,,320,,326
2018-12-13 07:00:00,160,,,341,287,298,301,104,,,311,,264
2018-12-13 08:00:00,150,,,321,291,296,277,230,,,3,,314
2018-12-13 09:00:00,134,,,297,299,314,274,157,,,253,,325
2018-12-13 10:00:00,165,,,297,295,332,307,95,,,218,,280
2018-12-13 11:00:00,277,,,303,292,307,309,101,,,179,,286
2018-12-13 12:00:00,302,,,295,291,288,311,93,,,160,,289
2018-12-13 13:00:00,295,,,290,277,314,328,309,,,220,,291
2018-12-13 14:00:00,297,,,291,284,333,321,298,,,312,,297
2018-12-13 15:00:00,300,,,291,291,326,319,287,,,300,,290
2018-12-13 16:00:00,313,,,290,290,319,324,296,,,327,,280
2018-12-13 17:00:00,295,,,287,267,339,,294,,,329,,277
2018-12-13 18:00:00,285,,,288,,7,308,287,,,325,,275
2018-12-13 19:00:00,331,,,315,,84,19,288,,,353,,280
2018-12-13 20:00:00,292,,,301,,141,346,275,,,349,,270
2018-12-13 21:00:00,326,,,298,,131,342,279,,,346,,278
2018-12-13 22:00:00,330,,,302,,112,345,285,,,357,,282
2018-12-13 23:00:00,296,,,291,,148,329,288,,,360,,285
2018-12-14 00:00:00,291,,,277,,183,329,285,,,2,,281
2018-12-14 01:00:00,321,,,284,292,156,335,280,,,4,,254
2018-12-14 02:00:00,303,,,296,273,151,316,280,,,354,,265
2018-12-14 03:00:00,274,,,299,254,232,336,272,,,352,,278
2018-12-14 04:00:00,282,,,292,269,315,327,271,,,12,,270
2018-12-14 05:00:00,,,,291,269,268,323,279,,,332,,276
2018-12-14 06:00:00,,,,288,276,252,320,297,,,355,,282
2018-12-14 07:00:00,,,,303,282,255,323,295,,,337,,282
2018-12-14 08:00:00,80,,,309,274,188,338,297,,,341,,271
2018-12-14 09:00:00,,,,305,277,223,338,287,,,335,,259
2018-12-14 10:00:00,,,,287,271,65,315,277,,,323,,248
2018-12-14 11:00:00,,,,283,276,84,,282,,,314,,246
2018-12-14 12:00:00,76,,,281,281,120,306,289,,,316,,252
2018-12-14 13:00:00,58,,,,282,94,295,294,,,317,,259
2018-12-14 14:00:00,66,,,,281,102,294,299,,,308,,267
2018-12-14 15:00:00,57,,,,287,113,297,299,,,319,,266
2018-12-14 16:00:00,61,,,,308,106,312,296,,,327,,259
2018-12-14 17:00:00,60,,,294,301,134,320,291,,,326,,256
2018-12-14 18:00:00,57,,,292,298,168,308,278,,,331,,259
2018-12-14 19:00:00,69,,,280,274,152,298,296,,,344,,270
2018-12-14 20:00:00,12,,,292,269,121,325,283,,,343,,256
2018-12-14 21:00:00,261,,,305,265,319,325,287,,,349,,235
2018-12-14 22:00:00,284,,,312,245,275,324,279,,,356,,259
2018-12-14 23:00:00,250,,,325,253,303,325,236,,,3,,243
2018-12-15 00:00:00,271,,,334,255,269,330,115,,,266,,237
2018-12-15 01:00:00,258,,,340,251,312,321,175,,,193,,239
2018-12-15 02:00:00,255,,,331,286,300,358,119,,,138,,250
2018-12-15 03:00:00,202,,,323,288,163,62,144,,,265,,275
2018-12-15 04:00:00,148,,,312,293,199,76,212,,,288,,257
2018-12-15 05:00:00,185,,,146,296,183,179,124,,,291,,243
2018-12-15 06:00:00,253,,,137,296,296,23,162,,,316,,270
2018-12-15 07:00:00,16,,,327,295,110,268,285,,,4,,265
2018-12-15 08:00:00,254,,,284,289,48,301,149,,,10,,249
2018-12-15 09:00:00,224,,,173,266,231,237,158,,,273,,178
2018-12-15 10:00:00,144,,,208,265,207,221,93,,,268,,80
2018-12-15 11:00:00,134,,,169,272,129,224,96,,,275,,89
2018-12-15 12:00:00,111,,,138,278,129,181,90,,,352,,74
2018-12-15 13:00:00,23,,,119,287,150,135,89,,,293,,69
2018-12-15 14:00:00,205,,,218,284,148,56,100,,,277,,65
2018-12-15 15:00:00,90,,,135,292,170,52,339,,,123,,70
2018-12-15 16:00:00,117,,,175,125,180,174,171,,,138,,80
2018-12-15 17:00:00,180,,,198,109,192,71,206,,,157,,127
2018-12-15 18:00:00,199,,,141,141,172,147,184,,,189,,129
2018-12-15 19:00:00,259,,,105,72,141,212,180,,,156,,99
2018-12-15 20:00:00,235,,,254,349,208,138,160,,,144,,203
2018-12-15 21:00:00,204,,,218,299,247,107,167,,,168,,159
2018-12-15 22:00:00,240,,,287,311,230,73,143,,,276,,253
2018-12-15 23:00:00,,,,288,272,217,55,136,,,324,,242
2018-12-16 00:00:00,236,,,307,292,252,26,154,,,330,,237
2018-12-16 01:00:00,262,,,310,290,276,243,160,,,330,,240
2018-12-16 02:00:00,239,,,288,316,224,242,152,,,318,,239
2018-12-16 03:00:00,232,,,307,294,253,252,192,,,313,,262
2018-12-16 04:00:00,239,,,320,295,274,257,125,,,317,,213
2018-12-16 05:00:00,237,,,296,293,182,255,144,,,306,,210
2018-12-16 06:00:00,241,,,274,294,150,264,201,,,311,,249
2018-12-16 07:00:00,254,,,315,289,310,262,178,,,322,,251
2018-12-16 08:00:00,236,,,325,286,141,258,308,,,322,,245
2018-12-16 09:00:00,240,,,323,295,116,257,241,,,327,,249
2018-12-16 10:00:00,245,,,304,276,119,322,302,,,355,,253
2018-12-16 11:00:00,3,,,272,253,47,,318,,,29,,100
2018-12-16 12:00:00,14,,,147,98,66,,322,,,138,,105
2018-12-16 13:00:00,39,,,267,110,31,,121,,,138,,96
2018-12-16 14:00:00,66,,,128,109,51,,107,,,133,,74
2018-12-16 15:00:00,50,,,82,98,34,,117,,,145,,64
2018-12-16 16:00:00,57,,,58,93,15,,115,,,146,,58
2018-12-16 17:00:00,85,,,80,94,36,,126,,,108,,63
2018-12-16 18:00:00,114,,,79,86,53,,136,,,55,,72
2018-12-16 19:00:00,116,,,93,105,98,,143,,,49,,113
2018-12-16 20:00:00,166,,,133,77,178,,99,,,284,,134
2018-12-16 21:00:00,119,,,114,41,215,,111,,,320,,119
2018-12-16 22:00:00,285,,,136,58,117,,103,,,298,,124
2018-12-16 23:00:00,255,,,251,60,133,,102,,,104,,145
2018-12-17 00:00:00,300,,,284,330,192,,108,,,243,,184
2018-12-17 01:00:00,271,,,264,307,149,,135,,,314,,207
2018-12-17 02:00:00,300,,,288,283,237,,293,,,314,,242
2018-12-17 03:00:00,276,,,291,266,208,,234,,,334,,146
2018-12-17 04:00:00,264,,,306,294,297,,263,,,312,,248
2018-12-17 05:00:00,224,,,280,288,302,,220,,,336,,231
2018-12-17 06:00:00,236,,,319,282,222,,216,,,4,,228
2018-12-17 07:00:00,327,,,318,280,285,,131,,,313,,244
2018-12-17 08:00:00,212,,,230,273,58,,99,,,208,,180
2018-12-17 09:00:00,245,,,8,283,353,,102,,,253,,249
2018-12-17 10:00:00,225,,,56,31,81,,86,,,30,,108
2018-12-17 11:00:00,31,,,286,105,105,,99,,,232,,91
2018-12-17 12:00:00,1,,,264,118,105,,106,,,151,,96
2018-12-17 13:00:00,58,,,234,113,80,,112,,,134,,80
2018-12-17 14:00:00,44,,,149,112,100,,109,,,153,,78
2018-12-17 15:00:00,63,,,80,102,99,,111,,,156,,64
2018-12-17 16:00:00,68,,,89,103,99,,106,,,124,,84
2018-12-17 17:00:00,99,,,97,91,102,,76,,,121,,84
2018-12-17 18:00:00,85,,,100,77,161,109,103,,,100,,83
2018-12-17 19:00:00,102,,,97,94,143,104,118,,,81,,104
2018-12-17 20:00:00,102,,,105,99,47,110,119,,,139,,122
2018-12-17 21:00:00,101,,,116,98,258,100,105,,,247,,134
2018-12-17 22:00:00,33,,,99,136,238,68,116,,,165,,147
2018-12-17 23:00:00,58,,,111,149,226,63,123,,,146,,139
2018-12-18 00:00:00,16,,,329,147,262,56,107,,,280,,124
2018-12-18 01:00:00,350,,,320,86,220,57,182,,,42,,217
2018-12-18 02:00:00,25,,,225,28,151,68,220,,,229,,226
2018-12-18 03:00:00,294,,,82,348,304,48,74,,,284,,249
2018-12-18 04:00:00,235,,,277,287,263,22,207,,,356,,237
2018-12-18 05:00:00,237,,,301,287,246,28,228,,,338,,253
2018-12-18 06:00:00,247,,,330,282,285,296,213,,,346,,213
2018-12-18 07:00:00,242,,,321,335,293,303,225,,,285,,257
2018-12-18 08:00:00,259,,,323,292,277,18,156,,,266,,180
2018-12-18 09:00:00,272,,,320,285,295,10,265,,,340,,239
2018-12-18 10:00:00,286,,,310,270,284,308,286,,,358,,246
2018-12-18 11:00:00,353,,,329,257,301,22,308,,,3,,243
2018-12-18 12:00:00,335,,,315,116,48,25,308,,,5,,223
2018-12-18 13:00:00,12,,,231,135,110,19,320,,,31,,71
2018-12-18 14:00:00,53,,,173,99,100,31,309,,,45,,94
2018-12-18 15:00:00,90,,,137,113,96,62,122,,,133,,70
2018-12-18 16:00:00,94,,,132,104,90,94,105,,,137,,78
2018-12-18 17:00:00,67,,,139,101,109,99,109,,,148,,88
2018-12-18 18:00:00,63,,,143,98,90,101,134,,,140,,103
2018-12-18 19:00:00,35,,,144,94,33,85,199,,,114,,115
2018-12-18 20:00:00,27,,,154,107,265,91,195,,,21,,119
2018-12-18 21:00:00,316,,,287,42,248,113,107,,,291,,129
2018-12-18 22:00:00,259,,,307,359,293,80,142,,,274,,171
2018-12-18 23:00:00,268,,,304,274,288,328,188,,,306,,198
2018-12-19 00:00:00,250,,,327,283,109,328,152,,,317,,231
2018-12-19 01:00:00,256,,,316,322,53,317,203,,,,,249
2018-12-19 02:00:00,273,,,312,231,66,338,246,,,358,,210
2018-12-19 03:00:00,221,,,95,240,86,242,106,,,238,,198
2018-12-19 04:00:00,271,,,294,273,112,300,135,,,85,,182
2018-12-19 05:00:00,263,,,276,276,52,250,232,,,331,,215
2018-12-19 06:00:00,237,,,302,281,70,254,188,,,277,,241
2018-12-19 07:00:00,258,,,310,292,80,267,134,,,313,,244
2018-12-19 08:00:00,261,,,254,283,66,233,177,,,310,,268
2018-12-19 09:00:00,53,,,305,286,33,273,261,,,292,,266
2018-12-19 10:00:00,8,,,321,278,25,318,287,,,273,,256
2018-12-19 11:00:00,65,,,303,287,8,72,279,,,220,,257
2018-12-19 12:00:00,343,,,294,300,61,341,284,,,298,,302
2018-12-19 13:00:00,329,,,297,287,83,327,277,,,344,,286
2018-12-19 14:00:00,326,,,293,287,106,324,313,,,349,,290
2018-12-19 15:00:00,321,,,290,261,125,320,307,,,349,,286
2018-12-19 16:00:00,304,,,278,254,100,298,279,,,320,,284
2018-12-19 17:00:00,299,,,287,269,166,306,233,,,287,,283
2018-12-19 18:00:00,284,,,286,267,191,304,215,,,259,,282
2018-12-19 19:00:00,287,,,316,268,196,320,207,,,227,,279
2018-12-19 20:00:00,,,,315,266,220,324,182,,,325,,284
2018-12-19 21:00:00,287,,,311,261,138,318,270,,,287,,289
2018-12-19 22:00:00,298,,,305,272,184,322,280,,,67,,281
2018-12-19 23:00:00,292,,,303,260,303,333,287,,,7,,293
2018-12-20 00:00:00,294,,,298,247,270,333,285,,,353,,306
2018-12-20 01:00:00,288,,,314,281,258,324,290,,,359,,291
2018-12-20 02:00:00,303,,,318,319,142,326,289,,,358,,260
2018-12-20 03:00:00,286,,,301,263,231,327,285,,,2,,278
2018-12-20 04:00:00,284,,,299,253,172,331,289,,,352,,283
2018-12-20 05:00:00,300,,,292,283,234,333,294,,,350,,276
2018-12-20 06:00:00,319,,,295,280,237,332,292,,,357,,281
2018-12-20 07:00:00,321,,,292,294,102,337,289,,,3,,288
2018-12-20 08:00:00,328,,,312,270,149,6,292,,,351,,283
2018-12-20 09:00:00,355,,,325,288,291,11,282,,,359,,257
2018-12-20 10:00:00,343,,,317,269,250,21,302,,,352,,281
2018-12-20 11:00:00,321,,,288,271,15,14,308,,,354,,284
2018-12-20 12:00:00,340,,,274,296,2,335,308,,,356,,298
2018-12-20 13:00:00,323,,,271,303,11,312,297,,,356,,293
2018-12-20 14:00:00,335,,,284,304,82,349,312,,,355,,293
2018-12-20 15:00:00,332,,,280,308,98,345,311,,,358,,289
2018-12-20 16:00:00,325,,,288,310,103,339,308,,,9,,293
2018-12-20 17:00:00,323,,,319,305,101,3,283,,,11,,280
2018-12-20 18:00:00,333,,,338,299,101,27,241,,,353,,210
2018-12-20 19:00:00,88,,,192,292,83,37,201,,,280,,110
2018-12-20 20:00:00,109,,,215,179,92,61,214,,,304,,93
2018-12-20 21:00:00,106,,,171,94,164,79,225,,,306,,101
2018-12-20 22:00:00,92,,,178,46,95,88,227,,,301,,89
2018-12-20 23:00:00,115,,,158,78,238,81,195,,,296,,91
2018-12-21 00:00:00,121,,,132,335,236,102,90,,,295,,128
2018-12-21 01:00:00,123,,,115,305,220,68,223,,,327,,108
2018-12-21 02:00:00,179,,,78,302,251,72,215,,,135,,98
2018-12-21 03:00:00,218,,,134,292,241,118,218,,,291,,235
2018-12-21 04:00:00,252,,,313,280,150,258,144,,,288,,257
2018-12-21 05:00:00,228,,,328,320,266,252,93,,,62,,253
2018-12-21 06:00:00,234,,,321,282,255,232,127,,,341,,251
2018-12-21 07:00:00,235,,,324,299,229,242,153,,,5,,251
2018-12-21 08:00:00,226,,,326,297,242,233,114,,,326,,250
2018-12-21 09:00:00,236,,,318,296,162,252,94,,,326,,258
2018-12-21 10:00:00,303,,,319,282,91,235,93,,,34,,249
2018-12-21 11:00:00,25,,,178,171,91,,91,,,122,,221
2018-12-21 12:00:00,83,,,124,93,103,77,99,,,164,,119
2018-12-21 13:00:00,108,,,137,91,105,138,95,,,164,,80
2018-12-21 14:00:00,64,,,123,104,88,84,109,,,164,,61
2018-12-21 15:00:00,76,,,117,98,91,117,111,,,157,,63
2018-12-21 16:00:00,70,,,118,97,99,105,100,,,156,,68
2018-12-21 17:00:00,129,,,110,92,93,113,134,,,156,,86
2018-12-21 18:00:00,138,,,110,98,105,134,129,,,153,,144
2018-12-21 19:00:00,142,,,115,194,100,193,140,,,160,,178
2018-12-21 20:00:00,228,,,151,204,109,188,160,,,164,,216
2018-12-21 21:00:00,223,,,278,299,121,223,195,,,153,,231
2018-12-21 22:00:00,251,,,310,290,102,251,137,,,151,,224
2018-12-21 23:00:00,277,,,311,282,94,316,256,,,33,,221
2018-12-22 00:00:00,325,,,317,290,120,16,266,,,8,,245
2018-12-22 01:00:00,238,,,318,285,103,290,250,,,2,,227
2018-12-22 02:00:00,303,,,313,291,98,259,217,,,341,,213
2018-12-22 03:00:00,243,,,306,283,105,261,243,,,307,,220
2018-12-22 04:00:00,241,,,315,249,111,248,108,,,317,,252
2018-12-22 05:00:00,232,,,301,266,83,256,108,,,303,,248
2018-12-22 06:00:00,234,,,295,274,34,262,131,,,300,,250
2018-12-22 07:00:00,242,,,305,279,51,254,219,,,286,,254
2018-12-22 08:00:00,311,,,300,279,33,297,136,,,312,,259
2018-12-22 09:00:00,218,,,293,274,19,237,39,,,289,,255
2018-12-22 10:00:00,337,,,318,286,40,209,93,,,325,,259
2018-12-22 11:00:00,21,,,341,284,27,84,350,,,63,,248
2018-12-22 12:00:00,48,,,39,295,45,65,308,,,228,,234
2018-12-22 13:00:00,88,,,147,289,47,82,294,,,264,,75
2018-12-22 14:00:00,117,,,143,289,28,146,317,,,267,,81
2018-12-22 15:00:00,94,,,145,292,40,83,102,,,223,,75
2018-12-22 16:00:00,132,,,162,282,25,112,118,,,195,,88
2018-12-22 17:00:00,169,,,186,114,53,137,180,,,179,,125
2018-12-22 18:00:00,241,,,163,187,59,161,220,,,155,,104
2018-12-22 19:00:00,264,,,119,204,55,176,145,,,160,,177
2018-12-22 20:00:00,296,,,255,234,129,126,131,,,317,,183
2018-12-22 21:00:00,256,,,284,294,54,54,135,,,297,,244
2018-12-22 22:00:00,296,,,294,252,108,325,149,,,305,,221
2018-12-22 23:00:00,244,,,298,284,127,250,106,,,313,,263
2018-12-23 00:00:00,238,,,303,287,63,245,150,,,356,,235
2018-12-23 01:00:00,229,,,319,280,33,252,203,,,7,,236
2018-12-23 02:00:00,236,,,314,269,28,248,252,,,346,,237
2018-12-23 03:00:00,311,,,311,274,73,273,225,,,322,,224
2018-12-23 04:00:00,257,,,308,285,46,242,267,,,328,,252
2018-12-23 05:00:00,247,,,311,273,24,254,239,,,335,,262
2018-12-23 06:00:00,227,,,321,284,18,261,205,,,277,,276
2018-12-23 07:00:00,261,,,312,277,48,274,80,,,319,,223
2018-12-23 08:00:00,236,,,320,283,68,249,266,,,314,,231
2018-12-23 09:00:00,273,,,310,292,62,256,171,,,305,,275
2018-12-23 10:00:00,248,,,327,248,75,312,18,,,235,,274
2018-12-23 11:00:00,24,,,306,278,71,,316,,,350,,128
2018-12-23 12:00:00,59,,,240,209,10,,290,,,1,,106
2018-12-23 13:00:00,46,,,158,95,48,,283,,,64,,102
2018-12-23 14:00:00,71,,,137,114,116,68,289,,-9999,75,,93
2018-12-23 15:00:00,46,,,42,104,83,,198,,,95,,74
2018-12-23 16:00:00,13,,,36,97,134,38,104,,,83,,45
2018-12-23 17:00:00,21,,,42,94,133,47,80,,,79,,72
2018-12-23 18:00:00,13,,,52,99,114,,78,,,77,,64
2018-12-23 19:00:00,11,,,51,98,113,37,94,,,165,,71
2018-12-23 20:00:00,1,,,37,98,113,34,118,,,253,,82
2018-12-23 21:00:00,11,,,41,71,102,27,133,,,242,,111
2018-12-23 22:00:00,58,,,233,69,93,45,255,,,321,,113
2018-12-23 23:00:00,79,,,218,14,108,31,229,,,172,,110
2018-12-24 00:00:00,67,,,207,30,28,40,218,,,273,,105
2018-12-24 01:00:00,65,,,49,69,341,29,146,,,291,,113
2018-12-24 02:00:00,81,,,157,27,22,36,145,,,190,,112
2018-12-24 03:00:00,92,,,212,315,179,45,107,,,287,,120
2018-12-24 04:00:00,51,,,216,309,317,43,302,,,324,,125
2018-12-24 05:00:00,242,,,267,296,52,33,218,,,223,,243
2018-12-24 06:00:00,231,,,274,287,153,30,162,,,19,,238
2018-12-24 07:00:00,240,,,316,294,319,287,178,,,28,,243
2018-12-24 08:00:00,226,,,317,296,270,241,217,,,329,,245
2018-12-24 09:00:00,234,,,317,283,95,242,200,,,355,,233
2018-12-24 10:00:00,337,,,303,289,106,46,298,,,295,,237
2018-12-24 11:00:00,9,,,144,158,113,57,331,,,190,,28
2018-12-24 12:00:00,73,,,129,133,121,36,107,,,147,,92
2018-12-24 13:00:00,81,,,141,94,128,92,100,,,167,,83
2018-12-24 14:00:00,68,,,133,101,96,91,105,,,152,,83
2018-12-24 15:00:00,72,,,127,95,101,74,103,,,166,,71
2018-12-24 16:00:00,68,,,112,98,116,109,116,,,152,,71
2018-12-24 17:00:00,103,,,99,96,117,103,133,,,112,,73
2018-12-24 18:00:00,77,,,84,100,130,99,129,,,99,,117
2018-12-24 19:00:00,70,,,98,94,171,84,122,,,121,,105
2018-12-24 20:00:00,62,,,119,138,154,56,111,,,275,,130
2018-12-24 21:00:00,352,,,283,67,231,47,120,,,307,,160
2018-12-24 22:00:00,244,,,294,20,267,257,250,,,277,,234
2018-12-24 23:00:00,232,,,301,7,220,238,106,,,278,,244
2018-12-25 00:00:00,231,,,302,335,,233,139,,,32,,247
2018-12-25 01:00:00,262,,,305,300,,42,228,,,79,,246
2018-12-25 02:00:00,252,,,311,281,,31,253,,,22,,241
2018-12-25 03:00:00,245,,,313,294,,31,246,,,35,,242
2018-12-25 04:00:00,248,,,307,290,,27,258,,,30,,240
2018-12-25 05:00:00,235,,,334,315,,327,263,,,330,,198
2018-12-25 06:00:00,250,,,309,284,,344,270,,,312,,249
2018-12-25 07:00:00,252,,,29,278,,266,304,,,324,,197
2018-12-25 08:00:00,244,,,353,267,,311,216,,,337,,149
2018-12-25 09:00:00,265,,,168,30,,284,272,,,5,,238
2018-12-25 10:00:00,283,,,330,299,,359,298,,,63,,255
2018-12-25 11:00:00,300,,,297,114,,31,315,,,152,,273
2018-12-25 12:00:00,37,,,269,145,,48,323,,,183,,56
2018-12-25 13:00:00,55,,,181,102,,47,340,,,152,,86
2018-12-25 14:00:00,80,,,155,99,,74,67,,,157,,90
2018-12-25 15:00:00,68,,,121,104,,104,98,,,163,,81
2018-12-25 16:00:00,67,,,98,110,,107,111,,,146,,78
2018-12-25 17:00:00,135,,,100,101,,112,119,,,121,,70
2018-12-25 18:00:00,126,,,102,91,,108,108,,,141,,75
2018-12-25 19:00:00,119,,,104,85,,105,104,,,155,,75
2018-12-25 20:00:00,129,,,126,94,,34,98,,,146,,131
2018-12-25 21:00:00,147,,,260,106,,28,105,,,127,,183
2018-12-25 22:00:00,160,,,120,113,,76,102,,,130,,210
2018-12-25 23:00:00,55,,,104,120,,59,131,,,123,,202
2018-12-26 00:00:00,327,,,101,117,,51,112,,,112,,138
2018-12-26 01:00:00,316,,,28,133,,56,135,,,120,,118
2018-12-26 02:00:00,353,,,312,141,,43,195,,,104,,219
2018-12-26 03:00:00,24,,,280,151,,63,219,,,67,,108
2018-12-26 04:00:00,228,,,283,158,,80,228,,,109,,116
2018-12-26 05:00:00,233,,,234,178,,74,242,,,116,,254
2018-12-26 06:00:00,271,,,195,170,,78,258,,,46,,238
2018-12-26 07:00:00,236,,,134,93,,90,248,,,54,,165
2018-12-26 08:00:00,247,,,171,62,,55,221,,,129,,201
2018-12-26 09:00:00,257,,,263,86,,38,250,,,355,,232
2018-12-26 10:00:00,316,,,288,318,,34,289,,,336,,244
2018-12-26 11:00:00,355,,,311,111,,38,305,,,343,,69
2018-12-26 12:00:00,21,,,318,131,,47,312,,,207,,93
2018-12-26 13:00:00,86,,,153,97,,28,313,,,199,,83
2018-12-26 14:00:00,85,,,147,94,,74,330,,,188,,83
2018-12-26 15:00:00,79,,,149,94,,68,108,,,175,,85
2018-12-26 16:00:00,61,,,130,94,,90,111,,,161,,88
2018-12-26 17:00:00,58,,,112,106,,93,134,,,153,,83
2018-12-26 18:00:00,82,,,94,109,,115,126,,,155,,104
2018-12-26 19:00:00,138,,,101,93,,122,142,,,134,,134
2018-12-26 20:00:00,249,,,206,82,,58,184,,,142,,158
2018-12-26 21:00:00,279,,,276,7,,28,224,,,116,,240
2018-12-26 22:00:00,279,,,308,282,,2,247,,,110,,231
2018-12-26 23:00:00,250,,,312,289,,264,276,,,297,,233
2018-12-27 00:00:00,247,,,312,275,,21,287,,,327,,267
2018-12-27 01:00:00,228,,,315,293,,335,257,,,301,,147
2018-12-27 02:00:00,219,,,151,291,,105,134,,,342,,235
2018-12-27 03:00:00,197,,,108,275,,49,242,,,313,,105
2018-12-27 04:00:00,224,,,110,279,,77,128,,,296,,107
2018-12-27 05:00:00,221,,,328,247,,58,90,,,287,,232
2018-12-27 06:00:00,207,,,269,208,,11,89,,,241,,232
2018-12-27 07:00:00,151,,,172,127,,110,190,,,220,,160
2018-12-27 08:00:00,158,,,125,38,,110,250,,,138,,98
2018-12-27 09:00:00,135,,,343,78,,39,266,,,262,,93
2018-12-27 10:00:00,103,,,242,78,,17,301,,,4,,93
2018-12-27 11:00:00,360,,,255,105,,27,315,,,186,,113
2018-12-27 12:00:00,9,,,157,106,,23,320,,,133,,105
2018-12-27 13:00:00,34,,,259,120,,37,28,,,93,,95
2018-12-27 14:00:00,68,,,179,109,,96,108,,,86,,74
2018-12-27 15:00:00,66,,,118,102,,113,91,,,149,,65
2018-12-27 16:00:00,123,,,100,103,,104,114,,,123,,75
2018-12-27 17:00:00,157,,,101,98,,127,107,,,134,,103
2018-12-27 18:00:00,152,,,107,101,,126,115,,,120,,81
2018-12-27 19:00:00,123,,,100,100,,120,110,,,90,,68
2018-12-27 20:00:00,113,,,96,88,,106,120,,,173,,62
2018-12-27 21:00:00,67,,,97,100,,67,128,,,297,,62
2018-12-27 22:00:00,304,,,295,131,,119,197,,,303,,126
2018-12-27 23:00:00,252,,,279,46,,299,107,,,266,,164
2018-12-28 00:00:00,278,,,300,293,,286,98,,,291,,219
2018-12-28 01:00:00,242,,,297,157,,246,98,,,306,,244
2018-12-28 02:00:00,245,,,283,332,,278,95,,,142,,236
2018-12-28 03:00:00,277,,,287,305,,266,94,,,221,,237
2018-12-28 04:00:00,263,,,296,,,26,97,,,302,,245
2018-12-28 05:00:00,234,,,297,286,,16,114,,,351,,250
2018-12-28 06:00:00,247,,,297,275,,335,122,,,355,,246
2018-12-28 07:00:00,257,,,308,296,,248,193,,,339,,243
2018-12-28 08:00:00,222,,,292,288,,243,126,,,317,,209
2018-12-28 09:00:00,260,,,294,306,,265,87,,,289,,255
2018-12-28 10:00:00,53,,,304,157,,321,74,,,306,,202
2018-12-28 11:00:00,58,,,143,124,,244,97,,,68,,81
2018-12-28 12:00:00,83,,,134,106,,107,115,,,117,,84
2018-12-28 13:00:00,66,,,115,101,,120,95,,,128,,79
2018-12-28 14:00:00,51,,,111,101,,104,99,,,126,,65
2018-12-28 15:00:00,61,,,87,101,,102,99,,,83,,56
2018-12-28 16:00:00,56,,,92,91,,101,67,,,106,,56
2018-12-28 17:00:00,72,,,105,101,,103,67,,,110,,57
2018-12-28 18:00:00,76,,,97,106,,105,63,,,91,,60
2018-12-28 19:00:00,83,,,93,105,,104,111,,,99,,69
2018-12-28 20:00:00,80,,,91,107,,86,109,,,157,,64
2018-12-28 21:00:00,60,,,105,110,,69,102,,,162,,81
2018-12-28 22:00:00,78,,,85,96,,73,77,,,122,,60
2018-12-28 23:00:00,113,,,92,98,,75,83,,,146,,60
2018-12-29 00:00:00,57,,,110,91,,65,95,,,172,,68
2018-12-29 01:00:00,57,,,95,104,,71,100,,,161,,71
2018-12-29 02:00:00,53,,,103,97,,89,103,,,164,,64
2018-12-29 03:00:00,73,,,106,92,,102,106,,,131,,70
2018-12-29 04:00:00,72,,,106,93,,100,124,,,135,,69
2018-12-29 05:00:00,64,,,115,96,,78,113,,,68,,79
2018-12-29 06:00:00,62,,,105,94,,65,123,,,134,,81
2018-12-29 07:00:00,58,,,61,100,,48,119,,,126,,74
2018-12-29 08:00:00,18,,,294,104,,39,109,,,159,,110
2018-12-29 09:00:00,22,,,224,107,,47,95,,,170,,93
2018-12-29 10:00:00,37,,,281,109,,45,93,,,162,,91
2018-12-29 11:00:00,43,,,248,100,,42,305,,,201,,99
2018-12-29 12:00:00,74,,,219,92,,45,301,,,227,,86
2018-12-29 13:00:00,84,,,226,97,,51,306,,,259,,79
2018-12-29 14:00:00,65,,,210,98,,38,305,,,292,,83
2018-12-29 15:00:00,90,,,197,91,,49,303,,,314,,79
2018-12-29 16:00:00,82,,,275,100,,48,300,,,312,,88
2018-12-29 17:00:00,95,,,260,106,,60,305,,,300,,81
2018-12-29 18:00:00,81,,,305,101,,62,306,,,277,,87
2018-12-29 19:00:00,73,,,240,98,,46,305,,,197,,88
2018-12-29 20:00:00,95,,,193,98,,41,295,,,284,,86
2018-12-29 21:00:00,69,,,188,104,,37,294,,,258,,84
2018-12-29 22:00:00,61,,,171,97,,20,296,,,207,,86
2018-12-29 23:00:00,58,,,234,96,,25,297,,,197,,97
2018-12-30 00:00:00,71,,,194,98,,31,286,,,255,,90
2018-12-30 01:00:00,77,,,191,96,,46,300,,,278,,85
2018-12-30 02:00:00,64,,,240,98,,26,301,,,263,,91
2018-12-30 03:00:00,80,,,239,74,,28,293,,,273,,98
2018-12-30 04:00:00,50,,,254,72,,36,284,,,321,,79
2018-12-30 05:00:00,53,,,263,37,,36,296,,,321,,76
2018-12-30 06:00:00,93,,,241,25,,37,301,,,307,,72
2018-12-30 07:00:00,61,,,198,84,,39,308,,,316,,79
2018-12-30 08:00:00,75,,,187,102,,34,303,,,340,,74
2018-12-30 09:00:00,103,,,153,100,,48,295,,,344,,71
2018-12-30 10:00:00,90,,,146,100,,71,112,,,2,,73
2018-12-30 11:00:00,81,,,143,89,,63,113,,,86,,79
2018-12-30 12:00:00,60,,,222,100,,43,108,,,114,,95
2018-12-30 13:00:00,76,,,310,94,,42,5,,,112,,79
2018-12-30 14:00:00,80,,,226,89,,48,321,,,132,,82
2018-12-30 15:00:00,117,,,192,51,,43,307,,,150,,95
2018-12-30 16:00:00,133,,,158,96,,59,305,,,167,,97
2018-12-30 17:00:00,116,,,144,100,,124,257,,,143,,94
2018-12-30 18:00:00,115,,,126,98,,126,107,,,148,,89
2018-12-30 19:00:00,86,,,116,99,,126,104,,,162,,85
2018-12-30 20:00:00,78,,,118,100,,112,104,,,145,,85
2018-12-30 21:00:00,335,,,104,100,,96,111,,,155,,100
2018-12-30 22:00:00,306,,,74,104,,114,176,,,147,,128
2018-12-30 23:00:00,55,,,131,104,,115,100,,,131,,128
2018-12-31 00:00:00,23,,,227,89,,51,335,,,63,,92
2018-12-31 01:00:00,1,,,309,17,,23,298,,,352,,87
2018-12-31 02:00:00,346,,,286,291,,22,289,,,350,,109
2018-12-31 03:00:00,53,,,282,259,,37,295,,,323,,95
2018-12-31 04:00:00,346,,,283,182,,322,272,,,338,,103
2018-12-31 05:00:00,180,,,221,169,,88,298,,,335,,84
2018-12-31 06:00:00,166,,,124,188,,216,175,,,12,,148
2018-12-31 07:00:00,147,,,82,121,,272,151,,,29,,261
2018-12-31 08:00:00,276,,,296,324,,257,175,,,35,,205
2018-12-31 09:00:00,321,,,299,13,,269,114,,,355,,246
2018-12-31 10:00:00,276,,,338,53,,261,85,,,266,,274
2018-12-31 11:00:00,252,,,326,265,,246,95,,,181,,169
2018-12-31 12:00:00,89,,,127,261,,247,96,,,221,,70
2018-12-31 13:00:00,26,,,125,282,,213,83,,,147,,92
2018-12-31 14:00:00,119,,,127,204,,146,90,,,160,,79
2018-12-31 15:00:00,117,,,126,100,,140,103,,,143,,79
2018-12-31 16:00:00,85,,,116,94,,108,98,,,135,,59
2018-12-31 17:00:00,107,,,113,100,,80,117,,,119,,64
2018-12-31 18:00:00,75,,,128,106,,48,130,,,97,,85
2018-12-31 19:00:00,65,,,153,69,,79,119,,,52,,121
2018-12-31 20:00:00,291,,,156,64,,56,147,,,346,,157
2018-12-31 21:00:00,239,,,309,13,,208,105,,,171,,156
2018-12-31 22:00:00,257,,,290,328,,312,108,,,339,,248
2018-12-31 23:00:00,220,,,301,277,,61,98,,,3,,226
2019-01-01 00:00:00,,,,,,,,,,,,,
2019-01-01 01:00:00,264,,,295,282,234,23,122,,293,322,4,224
2019-01-01 02:00:00,248,,,328,319,271,269,24,,304,347,5,240
2019-01-01 03:00:00,240,,,310,5,249,252,101,,307,312,4,237
2019-01-01 04:00:00,240,,,302,278,198,251,187,,298,321,5,245
2019-01-01 05:00:00,231,,,289,277,210,233,234,,309,346,9,248
2019-01-01 06:00:00,260,,,287,289,291,215,303,,287,298,5,265
2019-01-01 07:00:00,194,,,282,279,198,247,94,,270,354,4,181
2019-01-01 08:00:00,283,,,38,235,261,264,217,,309,326,10,212
2019-01-01 09:00:00,216,,,290,307,287,275,145,,291,267,4,220
2019-01-01 10:00:00,52,,,297,242,316,12,110,,318,333,5,349
2019-01-01 11:00:00,34,,,297,71,28,37,306,,314,13,6,40
2019-01-01 12:00:00,97,,,136,103,108,29,310,,10,66,15,81
2019-01-01 13:00:00,87,,,132,89,112,42,322,,128,278,17,90
2019-01-01 14:00:00,75,,,140,105,119,82,318,,227,251,25,86
2019-01-01 15:00:00,66,,,160,109,129,66,316,,39,5,22,78
2019-01-01 16:00:00,88,,,158,118,98,48,312,,126,112,22,94
2019-01-01 17:00:00,79,,,122,99,93,74,118,,100,86,21,94
2019-01-01 18:00:00,74,,,86,105,75,91,62,,85,73,45,92
2019-01-01 19:00:00,92,,,79,109,20,89,103,,111,86,26,102
2019-01-01 20:00:00,57,,,169,117,15,76,107,,148,176,33,101
2019-01-01 21:00:00,42,,,117,105,18,37,98,,159,168,35,84
2019-01-01 22:00:00,34,,,71,109,346,27,98,,145,154,11,79
2019-01-01 23:00:00,21,,,110,121,278,27,111,,154,163,92,96
2019-01-02 00:00:00,10,,,244,65,273,31,83,,188,197,158,118
2019-01-02 01:00:00,42,,,258,84,63,34,306,,189,201,24,116
2019-01-02 02:00:00,59,,,236,50,46,49,301,,226,190,41,107
2019-01-02 03:00:00,41,,,236,73,358,39,298,,310,213,17,92
2019-01-02 04:00:00,89,,,204,85,82,37,304,,310,205,6,76
2019-01-02 05:00:00,72,,,247,88,288,42,302,,315,184,6,77
2019-01-02 06:00:00,109,,,231,86,344,52,301,,306,207,10,88
2019-01-02 07:00:00,113,,,185,91,67,45,299,,312,206,7,87
2019-01-02 08:00:00,53,,,197,68,15,47,299,,316,252,12,86
2019-01-02 09:00:00,57,,,181,88,54,47,303,,327,182,5,80
2019-01-02 10:00:00,70,,,197,91,116,45,301,,326,146,6,81
2019-01-02 11:00:00,53,,,221,95,77,40,300,,316,189,10,80
2019-01-02 12:00:00,116,,,174,92,46,45,308,,325,174,6,82
2019-01-02 13:00:00,88,,,157,98,39,40,8,,4,164,9,82
2019-01-02 14:00:00,21,,,330,97,17,29,283,,9,161,19,87
2019-01-02 15:00:00,44,,,303,96,60,37,298,,325,175,15,95
2019-01-02 16:00:00,30,,,170,96,28,38,297,,338,174,12,100
2019-01-02 17:00:00,35,,,111,97,37,37,300,,344,277,24,80
2019-01-02 18:00:00,40,,,224,93,44,37,297,,344,287,9,85
2019-01-02 19:00:00,94,,,269,93,6,27,301,,331,187,11,78
2019-01-02 20:00:00,147,,,239,81,45,45,296,,338,171,37,54
2019-01-02 21:00:00,151,,,114,116,86,97,246,,151,163,22,68
2019-01-02 22:00:00,83,,,131,69,65,123,105,,158,157,17,87
2019-01-02 23:00:00,67,,,156,53,54,92,105,,150,141,61,87
2019-01-03 00:00:00,44,,,214,89,46,68,99,,155,151,22,86
2019-01-03 01:00:00,85,,,258,95,44,63,101,,142,156,20,93
2019-01-03 02:00:00,80,,,276,84,12,68,343,,127,145,11,99
2019-01-03 03:00:00,44,,,183,82,29,39,290,,82,181,,88
2019-01-03 04:00:00,50,,,283,80,78,29,284,,339,319,6,90
2019-01-03 05:00:00,60,,,239,74,39,26,280,,325,321,9,76
2019-01-03 06:00:00,63,,,242,93,90,35,291,,324,331,6,80
2019-01-03 07:00:00,66,,,205,275,137,41,302,,319,330,6,72
2019-01-03 08:00:00,129,,,156,270,152,78,288,,313,328,4,76
2019-01-03 09:00:00,170,,,144,268,182,225,298,,310,323,5,3
2019-01-03 10:00:00,196,,,134,252,34,234,79,,276,298,14,254
2019-01-03 11:00:00,23,,,181,240,12,358,101,,349,28,4,49
2019-01-03 12:00:00,29,,,12,270,171,31,89,,320,180,4,96
2019-01-03 13:00:00,64,,,322,285,312,64,295,,339,158,4,260
2019-01-03 14:00:00,24,,,301,298,350,20,298,,326,167,,271
2019-01-03 15:00:00,,,,319,299,357,35,290,,348,156,,103
2019-01-03 16:00:00,,,,146,304,25,46,259,,98,139,6,93
2019-01-03 17:00:00,,,,111,296,142,59,225,,127,136,26,110
2019-01-03 18:00:00,,,,103,191,100,119,150,,136,145,59,109
2019-01-03 19:00:00,,,,142,109,112,99,107,,143,156,33,114
2019-01-03 20:00:00,,,,139,100,127,107,107,,172,174,22,113
2019-01-03 21:00:00,,,,125,63,140,105,136,,150,173,66,117
2019-01-03 22:00:00,,,,323,40,150,93,180,,193,272,14,119
2019-01-03 23:00:00,,,,290,355,116,91,196,,274,293,134,140
2019-01-04 00:00:00,,,,291,327,345,264,260,,274,333,8,174
2019-01-04 01:00:00,,,,294,300,315,2,191,,311,350,3,234
2019-01-04 02:00:00,,,,319,293,296,264,218,,330,353,4,238
2019-01-04 03:00:00,,,,322,276,248,264,240,,329,334,4,252
2019-01-04 04:00:00,,,,324,307,98,247,208,,297,326,4,262
2019-01-04 05:00:00,,,,308,301,169,265,148,,293,311,,274
2019-01-04 06:00:00,,,,278,299,325,241,116,,299,326,5,274
2019-01-04 07:00:00,,,,286,274,112,257,154,,276,319,5,260
2019-01-04 08:00:00,,,,308,285,241,263,102,,306,327,4,251
2019-01-04 09:00:00,,,,303,,24,250,269,,294,289,5,254
2019-01-04 10:00:00,,,,305,284,127,282,266,,312,297,4,253
2019-01-04 11:00:00,59,,,306,288,124,360,320,,334,344,31,109
2019-01-04 12:00:00,360,,,202,276,118,62,93,,23,29,20,86
2019-01-04 13:00:00,77,,,143,102,101,76,119,,120,102,15,80
2019-01-04 14:00:00,79,,,132,95,106,85,118,,105,109,16,83
2019-01-04 15:00:00,78,,,128,102,95,80,119,,79,100,17,84
2019-01-04 16:00:00,83,,,111,99,111,121,98,,139,123,24,76
2019-01-04 17:00:00,81,,,106,101,104,113,135,,135,150,77,94
2019-01-04 18:00:00,113,,,104,108,145,116,138,,129,135,127,114
2019-01-04 19:00:00,93,,,99,91,177,121,121,,158,111,164,121
2019-01-04 20:00:00,76,,,119,121,154,100,103,,236,189,163,141
2019-01-04 21:00:00,323,,,199,13,144,80,102,,254,299,21,175
2019-01-04 22:00:00,258,,,273,154,209,23,119,,255,321,,243
2019-01-04 23:00:00,240,,,302,345,256,5,113,,287,340,7,241
2019-01-05 00:00:00,262,,,292,256,286,261,225,,328,349,7,234
2019-01-05 01:00:00,241,,,294,291,248,278,204,,289,313,6,240
2019-01-05 02:00:00,,,,295,296,187,320,167,,286,320,6,239
2019-01-05 03:00:00,,,,312,284,294,267,155,,316,335,7,245
2019-01-05 04:00:00,,,,325,295,291,268,236,,325,356,9,248
2019-01-05 05:00:00,,,,327,286,254,255,256,,324,360,7,235
2019-01-05 06:00:00,,,,315,273,354,240,272,,320,333,7,238
2019-01-05 07:00:00,,,,315,279,296,269,277,,312,320,9,235
2019-01-05 08:00:00,,,,315,291,259,263,265,,297,317,7,240
2019-01-05 09:00:00,,,,323,269,207,261,111,,302,258,8,256
2019-01-05 10:00:00,,,,324,284,93,307,86,,310,154,8,263
2019-01-05 11:00:00,,,,309,281,104,12,6,,357,152,8,24
2019-01-05 12:00:00,,,,161,105,132,54,323,,72,133,20,90
2019-01-05 13:00:00,,,,149,102,97,69,18,,85,145,21,78
2019-01-05 14:00:00,,,,147,99,92,71,118,,120,143,13,87
2019-01-05 15:00:00,,,,121,102,101,79,99,,107,151,20,87
2019-01-05 16:00:00,,,,100,103,93,99,112,,125,154,13,82
2019-01-05 17:00:00,,,,102,110,98,105,114,,138,155,11,66
2019-01-05 18:00:00,52,,,98,111,129,120,125,,151,152,41,93
2019-01-05 19:00:00,96,,,106,116,209,99,117,,165,122,128,113
2019-01-05 20:00:00,94,,,186,84,225,78,102,,219,181,30,142
2019-01-05 21:00:00,7,,,268,64,270,64,108,,247,306,14,170
2019-01-05 22:00:00,250,,,287,283,263,251,111,,238,73,11,243
2019-01-05 23:00:00,207,,,303,355,175,54,225,,115,114,13,239
2019-01-06 00:00:00,264,,,124,245,121,50,268,,162,157,5,153
2019-01-06 01:00:00,304,,,296,315,353,45,228,,84,106,10,242
2019-01-06 02:00:00,293,,,317,290,119,31,267,,27,319,9,184
2019-01-06 03:00:00,285,,,297,293,341,28,267,,293,318,8,219
2019-01-06 04:00:00,276,,,301,284,299,312,255,,304,348,14,242
2019-01-06 05:00:00,300,,,314,290,289,284,255,,317,12,15,251
2019-01-06 06:00:00,272,,,320,282,219,280,255,,326,1,12,254
2019-01-06 07:00:00,218,,,307,289,272,295,280,,309,1,7,221
2019-01-06 08:00:00,298,,,322,287,292,274,67,,279,295,6,165
2019-01-06 09:00:00,313,,,342,161,274,278,226,,299,233,11,247
2019-01-06 10:00:00,349,,,44,183,325,273,308,,327,156,8,103
2019-01-06 11:00:00,9,,,280,133,339,6,345,,99,170,20,73
2019-01-06 12:00:00,40,,,149,142,98,32,342,,95,278,41,81
2019-01-06 13:00:00,63,,,142,105,117,69,330,,103,250,21,75
2019-01-06 14:00:00,73,,,143,98,120,104,100,,129,176,20,82
2019-01-06 15:00:00,53,,,142,94,124,94,104,,140,157,16,81
2019-01-06 16:00:00,64,,,136,98,125,83,105,,149,167,25,68
2019-01-06 17:00:00,67,,,103,102,133,104,112,,,160,36,69
2019-01-06 18:00:00,85,,,105,95,167,125,122,,178,166,143,108
2019-01-06 19:00:00,108,,,112,118,220,254,143,,244,191,21,134
2019-01-06 20:00:00,250,,,276,146,260,243,116,,285,318,33,113
2019-01-06 21:00:00,254,,,255,96,252,275,101,,281,308,18,206
2019-01-06 22:00:00,227,,,294,197,238,246,234,,284,325,18,245
2019-01-06 23:00:00,233,,,285,311,212,230,219,,286,29,13,230
2019-01-07 00:00:00,262,,,303,295,307,258,236,,322,110,11,227
2019-01-07 01:00:00,298,,,306,289,232,333,251,,76,66,11,241
2019-01-07 02:00:00,291,,,317,304,271,33,263,,4,44,11,241
2019-01-07 03:00:00,79,,,349,280,249,359,316,,327,28,,214
2019-01-07 04:00:00,259,,,332,286,287,271,300,,307,335,9,241
2019-01-07 05:00:00,315,,,308,291,302,265,271,,328,359,8,225
2019-01-07 06:00:00,306,,,310,272,246,276,99,,295,302,9,170
2019-01-07 07:00:00,239,,,300,261,271,297,231,,278,299,24,165
2019-01-07 08:00:00,213,,,180,229,151,355,307,,316,314,32,100
2019-01-07 09:00:00,235,,,90,21,157,255,100,,325,278,21,258
2019-01-07 10:00:00,235,,,116,70,99,234,100,,325,285,,249
2019-01-07 11:00:00,95,,,144,312,131,53,96,,12,31,12,47
2019-01-07 12:00:00,100,,,162,100,200,44,303,,338,45,5,92
2019-01-07 13:00:00,38,,,175,95,143,62,312,,359,65,7,86
2019-01-07 14:00:00,70,,,221,100,102,52,312,,94,74,4,96
2019-01-07 15:00:00,61,,,179,110,60,74,294,,104,131,7,101
2019-01-07 16:00:00,100,,,121,113,85,128,287,,138,146,5,94
2019-01-07 17:00:00,83,,,111,111,81,118,83,,123,144,3,78
2019-01-07 18:00:00,66,,,99,101,67,109,108,,106,71,9,70
2019-01-07 19:00:00,74,,,87,111,80,74,124,,124,78,7,83
2019-01-07 20:00:00,45,,,130,131,97,74,116,,183,168,16,92
2019-01-07 21:00:00,355,,,290,149,119,59,110,,166,191,95,112
2019-01-07 22:00:00,300,,,290,109,125,29,98,,174,170,15,142
2019-01-07 23:00:00,240,,,116,44,322,24,114,,176,204,3,160
2019-01-08 00:00:00,259,,,280,357,240,34,122,,215,287,3,219
2019-01-08 01:00:00,214,,,311,294,252,319,138,,252,310,4,216
2019-01-08 02:00:00,260,,,304,297,283,314,215,,301,315,16,167
2019-01-08 03:00:00,285,,,311,303,233,311,174,,301,2,10,231
2019-01-08 04:00:00,231,,,308,288,260,254,224,,318,347,14,231
2019-01-08 05:00:00,253,,,314,296,228,221,173,,300,330,13,221
2019-01-08 06:00:00,274,,,306,294,205,322,149,,281,313,13,236
2019-01-08 07:00:00,245,,,292,282,300,265,197,,295,320,15,231
2019-01-08 08:00:00,266,,,275,287,218,266,113,,279,326,27,215
2019-01-08 09:00:00,221,,,302,292,43,239,183,,306,326,12,250
2019-01-08 10:00:00,130,,,259,218,83,216,90,,338,350,18,258
2019-01-08 11:00:00,37,,,131,116,108,33,320,,349,20,18,63
2019-01-08 12:00:00,46,,,157,114,113,45,322,,53,76,14,89
2019-01-08 13:00:00,77,,,153,100,86,61,323,,105,133,14,84
2019-01-08 14:00:00,74,,,100,104,118,77,47,,145,142,11,71
2019-01-08 15:00:00,73,,,114,105,110,70,69,,129,102,8,63
2019-01-08 16:00:00,73,,,93,103,95,74,99,,104,94,7,61
2019-01-08 17:00:00,78,,,85,106,107,101,76,,124,125,7,62
2019-01-08 18:00:00,89,,,107,108,102,118,87,,120,120,7,68
2019-01-08 19:00:00,93,,,107,110,96,125,113,,111,94,,73
2019-01-08 20:00:00,103,,,94,94,77,83,118,,128,95,,67
2019-01-08 21:00:00,51,,,99,94,84,67,102,,185,206,44,65
2019-01-08 22:00:00,48,,,110,114,112,46,108,,192,192,63,80
2019-01-08 23:00:00,83,,,92,124,76,35,114,,196,191,30,79
2019-01-09 00:00:00,73,,,76,107,46,44,105,,176,157,100,98
2019-01-09 01:00:00,18,,,37,101,60,32,126,,150,159,17,85
2019-01-09 02:00:00,14,,,39,114,45,30,117,,38,83,11,89
2019-01-09 03:00:00,8,,,37,121,107,23,319,,323,319,48,100
2019-01-09 04:00:00,23,,,25,95,133,41,307,,317,328,28,112
2019-01-09 05:00:00,72,,,223,71,103,49,309,,316,58,41,101
2019-01-09 06:00:00,68,,,149,42,66,40,248,,331,129,56,103
2019-01-09 07:00:00,29,,,71,102,41,34,289,,354,279,15,104
2019-01-09 08:00:00,23,,,222,110,33,37,294,,1,8,33,103
2019-01-09 09:00:00,16,,,21,108,12,27,281,,12,344,18,114
2019-01-09 10:00:00,31,,,254,107,48,32,280,,352,21,9,115
2019-01-09 11:00:00,62,,,205,113,105,28,290,,326,337,9,97
2019-01-09 12:00:00,74,,,173,110,79,30,293,,316,324,9,99
2019-01-09 13:00:00,71,,,315,87,138,27,294,,318,331,10,96
2019-01-09 14:00:00,99,,,214,77,76,31,290,,328,328,5,91
2019-01-09 15:00:00,91,,,188,65,109,41,293,,333,329,6,83
2019-01-09 16:00:00,106,,,179,101,92,44,292,,331,337,6,93
2019-01-09 17:00:00,110,,,168,99,25,46,299,,335,343,8,86
2019-01-09 18:00:00,92,,,198,95,42,45,297,,332,334,10,89
2019-01-09 19:00:00,58,,,249,101,100,35,299,,333,344,,91
2019-01-09 20:00:00,54,,,271,95,116,54,302,,325,336,23,91
2019-01-09 21:00:00,67,,,231,101,77,60,304,,323,325,34,94
2019-01-09 22:00:00,41,,,209,94,114,62,301,,313,314,57,99
2019-01-09 23:00:00,77,,,181,95,92,62,21,,326,337,104,102
2019-01-10 00:00:00,62,,,177,104,93,63,99,,352,341,105,107
2019-01-10 01:00:00,35,,,166,122,75,60,103,,79,8,104,115
2019-01-10 02:00:00,53,,,128,126,49,44,105,,124,116,137,118
2019-01-10 03:00:00,36,,,137,118,71,48,97,,107,151,133,115
2019-01-10 04:00:00,53,,,202,114,86,66,112,,115,113,116,104
2019-01-10 05:00:00,58,,,312,96,82,61,114,,116,104,92,100
2019-01-10 06:00:00,60,,,169,98,73,55,116,,86,42,102,107
2019-01-10 07:00:00,43,,,152,101,93,59,106,,99,85,41,107
2019-01-10 08:00:00,78,,,147,88,103,55,100,,118,165,110,107
2019-01-10 09:00:00,92,,,159,86,89,48,99,,119,155,20,98
2019-01-10 10:00:00,48,,,148,98,89,53,100,,131,146,11,92
2019-01-10 11:00:00,57,,,148,83,84,51,104,,133,157,14,84
2019-01-10 12:00:00,57,,,181,94,82,53,100,,110,160,13,92
2019-01-10 13:00:00,64,,,173,85,79,60,304,,109,51,66,98
2019-01-10 14:00:00,53,,,140,83,109,56,306,,88,65,18,101
2019-01-10 15:00:00,59,,,142,72,129,83,311,,88,107,12,91
2019-01-10 16:00:00,99,,,127,78,106,100,89,,125,150,7,79
2019-01-10 17:00:00,89,,,101,103,96,113,99,,139,154,11,90
2019-01-10 18:00:00,70,,,107,106,97,107,105,,141,136,11,70
2019-01-10 19:00:00,55,,,125,99,96,99,103,,129,151,17,73
2019-01-10 20:00:00,44,,,142,118,90,88,98,,168,205,16,82
2019-01-10 21:00:00,57,,,149,116,87,54,109,,201,243,168,101
2019-01-10 22:00:00,9,,,186,106,141,44,108,,104,357,32,122
2019-01-10 23:00:00,344,,,153,110,73,48,103,,115,66,7,96
2019-01-11 00:00:00,29,,,137,101,96,58,105,,115,114,7,95
2019-01-11 01:00:00,42,,,164,102,92,43,98,,105,79,7,91
2019-01-11 02:00:00,3,,,144,108,94,46,100,,114,67,,90
2019-01-11 03:00:00,2,,,153,122,85,38,107,,125,58,8,93
2019-01-11 04:00:00,8,,,288,76,76,43,100,,127,136,7,61
2019-01-11 05:00:00,339,,,243,22,97,26,102,,144,186,6,105
2019-01-11 06:00:00,312,,,242,8,128,9,58,,168,6,5,242
2019-01-11 07:00:00,281,,,1,348,111,30,295,,354,8,8,255
2019-01-11 08:00:00,302,,,318,299,358,24,261,,5,354,22,242
2019-01-11 09:00:00,355,,,294,299,103,11,238,,24,346,139,248
2019-01-11 10:00:00,263,,,314,292,359,28,284,,347,,18,248
2019-01-11 11:00:00,345,,,307,304,356,17,295,,2,9,10,158
2019-01-11 12:00:00,11,,,298,290,28,29,298,,348,348,14,209
2019-01-11 13:00:00,9,,,338,132,31,10,306,,12,40,37,114
2019-01-11 14:00:00,25,,,280,98,131,30,316,,61,96,13,77
2019-01-11 15:00:00,47,,,62,101,87,48,303,,25,329,11,81
2019-01-11 16:00:00,55,,,70,99,106,53,297,,347,28,13,75
2019-01-11 17:00:00,104,,,163,104,123,83,272,,16,42,11,84
2019-01-11 18:00:00,151,,,124,,,,199,,70,,20,102
2019-01-11 19:00:00,,,,122,,,,,,,,,105
2019-01-11 20:00:00,236,,,89,317,309,262,250,,313,315,7,235
2019-01-11 21:00:00,245,,,332,263,258,245,153,,284,303,8,243
2019-01-11 22:00:00,202,,,308,294,245,262,281,,325,306,7,238
2019-01-11 23:00:00,300,,,335,233,231,277,111,,158,153,13,153
2019-01-12 00:00:00,246,,,283,320,358,294,119,,350,350,7,206
2019-01-12 01:00:00,240,,,309,314,346,287,219,,319,337,7,221
2019-01-12 02:00:00,261,,,315,254,282,259,214,,288,316,17,138
2019-01-12 03:00:00,260,,,290,273,286,274,152,,309,249,18,237
2019-01-12 04:00:00,234,,,323,264,255,255,133,,290,264,19,229
2019-01-12 05:00:00,230,,,323,297,290,281,128,,336,44,18,262
2019-01-12 06:00:00,269,,,191,303,144,234,206,,283,312,28,110
2019-01-12 07:00:00,237,,,203,295,229,250,241,,289,298,21,239
2019-01-12 08:00:00,239,,,280,287,234,268,125,,286,320,24,263
2019-01-12 09:00:00,224,,,291,287,126,202,122,,292,318,22,269
2019-01-12 10:00:00,223,,,325,288,144,42,119,,323,284,19,281
2019-01-12 11:00:00,143,,,113,296,98,55,34,,324,337,17,251
2019-01-12 12:00:00,78,,,180,296,67,43,312,,347,4,28,79
2019-01-12 13:00:00,80,,,268,302,38,42,309,,72,59,21,81
2019-01-12 14:00:00,69,,,51,112,37,72,301,,70,70,24,80
2019-01-12 15:00:00,90,,,66,102,58,51,331,,70,108,23,80
2019-01-12 16:00:00,86,,,57,99,35,54,61,,95,86,22,52
2019-01-12 17:00:00,103,,,97,91,40,122,77,,97,78,23,61
2019-01-12 18:00:00,140,,,87,88,44,107,111,,96,74,20,80
2019-01-12 19:00:00,82,,,78,98,36,92,93,,132,82,17,62
2019-01-12 20:00:00,86,,,86,100,47,110,84,,157,199,16,51
2019-01-12 21:00:00,106,,,89,95,31,85,106,,186,238,13,71
2019-01-12 22:00:00,124,,,23,93,341,40,119,,179,148,11,81
2019-01-12 23:00:00,26,,,26,106,115,54,109,,129,114,11,74
2019-01-13 00:00:00,33,,,71,100,137,64,94,,120,171,14,74
2019-01-13 01:00:00,107,,,107,84,74,128,100,,360,273,7,70
2019-01-13 02:00:00,111,,,114,82,38,132,95,,186,228,6,67
2019-01-13 03:00:00,97,,,115,84,323,126,115,,126,152,7,65
2019-01-13 04:00:00,96,,,97,84,257,104,124,,106,127,10,72
2019-01-13 05:00:00,88,,,85,89,312,76,113,,158,140,14,76
2019-01-13 06:00:00,89,,,72,88,352,65,111,,108,71,10,69
2019-01-13 07:00:00,82,,,85,89,63,60,104,,90,46,7,68
2019-01-13 08:00:00,78,,,107,94,55,64,98,,96,64,7,56
2019-01-13 09:00:00,83,,,56,107,48,69,97,,139,168,18,65
2019-01-13 10:00:00,32,,,305,110,56,65,101,,157,156,16,77
2019-01-13 11:00:00,39,,,113,106,50,77,100,,170,171,20,65
2019-01-13 12:00:00,56,,,117,107,84,72,113,,176,200,15,66
2019-01-13 13:00:00,51,,,131,91,87,75,111,,154,195,8,66
2019-01-13 14:00:00,45,,,117,104,73,108,104,,158,174,8,73
2019-01-13 15:00:00,49,,,109,110,110,108,101,,168,177,10,70
2019-01-13 16:00:00,62,,,97,110,97,95,104,,166,155,9,61
2019-01-13 17:00:00,63,,,90,109,87,86,97,,164,160,15,66
2019-01-13 18:00:00,56,,,111,113,100,109,103,,152,175,44,66
2019-01-13 19:00:00,69,,,98,121,108,91,101,,201,220,35,59
2019-01-13 20:00:00,41,,,166,113,102,28,109,,238,266,108,79
2019-01-13 21:00:00,,,,283,88,275,12,111,,233,278,145,104
2019-01-13 22:00:00,357,,,267,122,352,42,111,,145,282,130,106
2019-01-13 23:00:00,48,,,150,,33,72,116,,102,356,82,97
2019-01-14 00:00:00,36,,,247,105,29,42,150,,63,344,58,90
2019-01-14 01:00:00,5,,,282,116,39,40,54,,18,310,117,103
2019-01-14 02:00:00,13,,,300,115,8,45,315,,71,13,128,110
2019-01-14 03:00:00,49,,,193,114,45,75,92,,123,60,91,104
2019-01-14 04:00:00,76,,,119,119,116,106,104,,133,48,50,89
2019-01-14 05:00:00,77,,,126,109,108,118,121,,109,43,72,79
2019-01-14 06:00:00,77,,,141,102,100,111,123,,98,50,78,98
2019-01-14 07:00:00,90,,,149,107,100,102,118,,105,51,53,93
2019-01-14 08:00:00,86,,,144,108,116,103,116,,115,78,80,93
2019-01-14 09:00:00,89,,,137,109,127,100,123,,123,81,65,87
2019-01-14 10:00:00,68,,,128,109,130,108,108,,114,136,27,70
2019-01-14 11:00:00,58,,,116,99,107,110,96,,101,152,13,70
2019-01-14 12:00:00,60,,,117,105,91,102,110,,130,161,12,71
2019-01-14 13:00:00,72,,,107,98,78,69,123,,138,151,18,71
2019-01-14 14:00:00,54,,,104,100,53,52,120,,123,140,20,84
2019-01-14 15:00:00,63,,,170,106,147,72,103,,140,150,26,93
2019-01-14 16:00:00,66,,,148,109,144,78,100,,134,162,12,86
2019-01-14 17:00:00,71,,,108,102,127,96,108,,121,151,10,89
2019-01-14 18:00:00,87,,,124,116,106,89,112,,131,165,9,85
2019-01-14 19:00:00,81,,,109,122,89,104,107,,140,126,10,76
2019-01-14 20:00:00,69,,,125,114,79,104,108,,133,124,14,75
2019-01-14 21:00:00,65,,,132,106,90,101,105,,124,122,20,79
2019-01-14 22:00:00,66,,,122,109,95,112,110,,133,132,48,79
2019-01-14 23:00:00,59,,,119,109,114,118,112,,138,132,59,80
2019-01-15 00:00:00,71,,,131,98,123,112,101,,144,139,11,81
2019-01-15 01:00:00,73,,,110,108,116,115,102,,146,142,8,74
2019-01-15 02:00:00,32,,,,123,110,96,107,,144,136,22,84
2019-01-15 03:00:00,38,,,114,109,94,80,103,,131,127,57,77
2019-01-15 04:00:00,67,,,152,102,99,78,115,,119,133,113,91
2019-01-15 05:00:00,68,,,143,85,85,74,125,,125,137,,104
2019-01-15 06:00:00,39,,,150,62,90,60,104,,117,153,10,108
2019-01-15 07:00:00,57,,,164,77,86,71,88,,135,177,10,107
2019-01-15 08:00:00,20,,,169,28,67,47,316,,174,222,8,104
2019-01-15 09:00:00,16,,,155,118,43,37,284,,344,302,39,87
2019-01-15 10:00:00,2,,,309,122,21,20,279,,22,319,7,96
2019-01-15 11:00:00,25,,,303,85,10,24,279,,307,355,7,88
2019-01-15 12:00:00,93,,,290,91,21,13,302,,237,275,9,134
2019-01-15 13:00:00,191,,,214,120,81,26,292,,38,68,,83
2019-01-15 14:00:00,299,,,52,148,79,19,259,,87,,10,207
2019-01-15 15:00:00,13,,,114,127,65,57,291,,68,154,24,98
2019-01-15 16:00:00,81,,,127,96,62,79,297,,68,44,12,80
2019-01-15 17:00:00,77,,,122,93,53,75,302,,82,68,12,86
2019-01-15 18:00:00,96,,,149,78,105,81,296,,90,71,9,78
2019-01-15 19:00:00,99,,,151,81,40,99,314,,105,117,9,90
2019-01-15 20:00:00,91,,,127,94,26,95,,,116,154,10,101
2019-01-15 21:00:00,106,,,284,98,353,77,115,,114,165,16,92
2019-01-15 22:00:00,96,,,292,55,51,79,114,,155,169,11,82
2019-01-15 23:00:00,97,,,251,69,8,51,117,,156,167,10,94
2019-01-16 00:00:00,85,,,271,21,347,47,103,,185,174,1,66
2019-01-16 01:00:00,106,,,267,62,22,74,105,,175,161,10,81
2019-01-16 02:00:00,39,,,307,57,48,20,105,,198,169,14,88
2019-01-16 03:00:00,27,,,309,101,340,14,114,,218,187,12,84
2019-01-16 04:00:00,99,,,288,130,326,21,96,,156,185,8,94
2019-01-16 05:00:00,47,,,218,306,53,33,103,,85,197,9,84
2019-01-16 06:00:00,88,,,273,264,37,38,100,,98,172,14,85
2019-01-16 07:00:00,107,,,142,283,74,62,99,,146,162,8,102
2019-01-16 08:00:00,53,,,96,272,67,44,104,,120,163,9,80
2019-01-16 09:00:00,99,,,272,276,93,42,102,,180,165,40,93
2019-01-16 10:00:00,61,,,284,215,55,39,163,,172,188,22,96
2019-01-16 11:00:00,46,,,335,249,85,36,286,,107,175,13,134
2019-01-16 12:00:00,348,,,6,213,131,49,333,,82,145,17,78
2019-01-16 13:00:00,48,,,191,136,137,45,308,,81,105,21,76
2019-01-16 14:00:00,78,,,170,98,134,50,336,,109,77,24,78
2019-01-16 15:00:00,89,,,155,100,109,67,100,,114,125,10,79
2019-01-16 16:00:00,94,,,147,95,96,91,108,,122,112,11,92
2019-01-16 17:00:00,91,,,148,99,108,120,52,,125,126,12,95
2019-01-16 18:00:00,93,,,144,95,110,125,102,,129,134,18,93
2019-01-16 19:00:00,74,,,150,88,109,109,101,,124,144,20,84
2019-01-16 20:00:00,70,,,147,92,112,111,118,,151,158,44,86
2019-01-16 21:00:00,76,,,160,72,97,107,102,,119,178,32,134
2019-01-16 22:00:00,252,,,251,26,128,128,174,,172,171,16,209
2019-01-16 23:00:00,210,,,68,246,149,215,114,,189,174,15,206
2019-01-17 00:00:00,37,,,51,54,235,80,98,,148,215,15,136
2019-01-17 01:00:00,349,,,337,280,279,58,169,,71,280,16,175
2019-01-17 02:00:00,340,,,278,290,301,16,276,,71,301,17,238
2019-01-17 03:00:00,321,,,6,277,307,295,275,,124,312,19,229
2019-01-17 04:00:00,295,,,322,274,132,268,215,,151,298,19,225
2019-01-17 05:00:00,15,,,263,294,49,336,157,,105,338,24,102
2019-01-17 06:00:00,310,,,270,188,3,359,272,,97,360,46,115
2019-01-17 07:00:00,32,,,305,130,25,13,293,,50,338,67,119
2019-01-17 08:00:00,281,,,330,189,29,291,219,,332,297,15,197
2019-01-17 09:00:00,137,,,336,50,354,4,126,,336,31,17,147
2019-01-17 10:00:00,334,,,344,117,276,24,296,,4,189,48,101
2019-01-17 11:00:00,79,,,255,125,86,35,317,,73,258,25,69
2019-01-17 12:00:00,82,,,180,131,127,52,324,,88,121,27,83
2019-01-17 13:00:00,95,,,141,99,94,79,317,,137,175,23,79
2019-01-17 14:00:00,80,,,144,104,99,77,311,,117,112,23,86
2019-01-17 15:00:00,89,,,148,100,125,82,313,,80,121,18,74
2019-01-17 16:00:00,95,,,146,101,103,103,314,,110,138,16,81
2019-01-17 17:00:00,66,,,143,99,104,102,105,,121,143,16,88
2019-01-17 18:00:00,70,,,137,102,102,113,103,,120,116,20,84
2019-01-17 19:00:00,60,,,140,89,101,116,102,,112,117,88,91
2019-01-17 20:00:00,70,,,147,105,106,93,111,,127,135,126,93
2019-01-17 21:00:00,41,,,154,120,116,86,122,,129,144,119,92
2019-01-17 22:00:00,60,,,178,119,132,89,123,,137,130,54,101
2019-01-17 23:00:00,98,,,338,107,121,87,170,,160,136,119,106
2019-01-18 00:00:00,274,,,316,44,133,46,193,,127,171,20,103
2019-01-18 01:00:00,282,,,291,305,251,263,239,,129,311,9,237
2019-01-18 02:00:00,18,,,137,295,113,32,221,,157,299,8,145
2019-01-18 03:00:00,10,,,277,296,27,54,215,,135,309,10,95
2019-01-18 04:00:00,87,,,309,237,327,58,224,,302,308,8,130
2019-01-18 05:00:00,215,,,294,321,,144,161,,340,298,7,138
2019-01-18 06:00:00,88,,,287,5,321,15,225,,39,300,10,161
2019-01-18 07:00:00,61,,,259,292,143,276,99,,152,272,53,123
2019-01-18 08:00:00,291,,,306,305,358,287,284,,11,356,12,213
2019-01-18 09:00:00,236,,,267,285,115,293,94,,204,201,11,252
2019-01-18 10:00:00,99,,,138,268,116,103,94,,171,175,19,88
2019-01-18 11:00:00,101,,,134,256,116,191,30,,65,123,24,91
2019-01-18 12:00:00,97,,,134,282,102,217,49,,159,164,36,73
2019-01-18 13:00:00,93,,,136,319,102,137,97,,155,167,41,77
2019-01-18 14:00:00,44,,,137,80,122,81,106,,159,165,17,76
2019-01-18 15:00:00,59,,,144,100,129,97,103,,146,173,17,79
2019-01-18 16:00:00,64,,,153,97,125,78,103,,118,143,7,82
2019-01-18 17:00:00,59,,,161,92,137,92,107,,114,121,7,103
2019-01-18 18:00:00,40,,,168,85,153,70,109,,133,134,22,96
2019-01-18 19:00:00,283,,,137,64,170,92,128,,110,128,12,133
2019-01-18 20:00:00,273,,,164,244,194,71,159,,135,159,10,140
2019-01-18 21:00:00,259,,,291,343,234,21,173,,77,138,9,203
2019-01-18 22:00:00,240,,,303,296,277,301,242,,325,99,6,223
2019-01-18 23:00:00,262,,,301,332,290,266,189,,317,354,3,254
2019-01-19 00:00:00,259,,,281,307,251,225,219,,317,340,3,255
2019-01-19 01:00:00,183,,,145,294,174,230,232,,314,345,15,233
2019-01-19 02:00:00,222,,,283,293,247,255,210,,338,299,20,264
2019-01-19 03:00:00,245,,,303,276,277,250,129,,328,315,11,266
2019-01-19 04:00:00,127,,,323,307,293,308,159,,357,341,37,260
2019-01-19 05:00:00,,,,356,282,145,38,265,,330,317,27,103
2019-01-19 06:00:00,,,,152,125,64,30,256,,322,308,25,105
2019-01-19 07:00:00,,,,178,111,128,37,264,,329,306,12,96
2019-01-19 08:00:00,,,,136,104,274,17,260,,321,315,12,86
2019-01-19 09:00:00,,,,160,49,335,17,280,,309,312,13,99
2019-01-19 10:00:00,,,,334,123,3,19,289,,354,340,15,105
2019-01-19 11:00:00,,,,10,266,8,21,292,,358,354,23,98
2019-01-19 12:00:00,,,,16,268,17,20,300,,350,355,16,86
2019-01-19 13:00:00,,,,332,279,333,38,305,,352,2,13,299
2019-01-19 14:00:00,44,,,318,284,294,357,300,,357,355,13,295
2019-01-19 15:00:00,358,,,321,303,287,6,308,,5,,14,278
2019-01-19 16:00:00,345,,,324,273,297,13,307,,3,,14,276
2019-01-19 17:00:00,347,,,322,275,320,30,304,,4,3,15,270
2019-01-19 18:00:00,16,,,347,274,358,22,276,,2,7,15,265
2019-01-19 19:00:00,20,,,18,302,302,27,263,,359,331,16,124
2019-01-19 20:00:00,132,,,124,234,251,31,228,,290,295,11,89
2019-01-19 21:00:00,133,,,135,162,187,49,231,,289,302,24,87
2019-01-19 22:00:00,95,,,232,90,260,27,205,,296,264,39,101
2019-01-19 23:00:00,130,,,134,22,221,32,235,,291,294,28,97
2019-01-20 00:00:00,144,,,176,49,144,81,248,,295,303,35,104
2019-01-20 01:00:00,166,,,193,77,215,186,245,,292,308,19,112
2019-01-20 02:00:00,251,,,43,28,244,277,246,,318,336,5,109
2019-01-20 03:00:00,264,,,290,270,248,244,209,,13,336,6,126
2019-01-20 04:00:00,267,,,296,278,259,277,167,,326,222,4,258
2019-01-20 05:00:00,257,,,282,291,245,255,183,,262,302,3,250
2019-01-20 06:00:00,231,,,289,312,235,242,91,,265,281,3,228
2019-01-20 07:00:00,223,,,318,292,250,215,161,,307,319,4,240
2019-01-20 08:00:00,227,,,134,300,360,244,108,,13,33,3,231
2019-01-20 09:00:00,224,,,20,315,49,235,109,,71,41,3,248
2019-01-20 10:00:00,104,,,130,104,90,84,102,,125,135,13,58
2019-01-20 11:00:00,57,,,135,100,111,70,102,,169,174,13,87
2019-01-20 12:00:00,72,,,141,99,120,89,103,,157,171,8,79
2019-01-20 13:00:00,88,,,117,105,109,106,106,,160,164,36,85
2019-01-20 14:00:00,65,,,111,103,94,106,121,,143,162,10,61
2019-01-20 15:00:00,65,,,102,97,96,114,111,,143,150,7,58
2019-01-20 16:00:00,139,,,97,95,93,110,101,,135,147,4,67
2019-01-20 17:00:00,147,,,95,96,103,119,116,,131,139,4,73
2019-01-20 18:00:00,148,,,100,88,103,117,139,,125,126,75,105
2019-01-20 19:00:00,139,,,98,96,106,114,119,,131,119,94,130
2019-01-20 20:00:00,133,,,91,108,223,86,123,,175,138,107,113
2019-01-20 21:00:00,139,,,100,141,191,115,114,,176,167,110,140
2019-01-20 22:00:00,148,,,137,155,200,125,121,,172,143,3,189
2019-01-20 23:00:00,198,,,253,177,145,151,130,,140,162,11,230
2019-01-21 00:00:00,271,,,189,184,94,89,107,,136,134,3,205
2019-01-21 01:00:00,322,,,272,113,118,46,171,,46,54,3,215
2019-01-21 02:00:00,358,,,304,4,2,41,251,,20,45,7,199
2019-01-21 03:00:00,4,,,266,353,279,30,269,,308,318,3,210
2019-01-21 04:00:00,14,,,294,5,260,14,282,,284,327,3,234
2019-01-21 05:00:00,318,,,319,301,277,293,287,,308,326,3,232
2019-01-21 06:00:00,308,,,325,290,282,286,273,,312,326,,250
2019-01-21 07:00:00,287,,,328,292,290,294,273,,304,315,4,203
2019-01-21 08:00:00,321,,,327,277,280,288,217,,278,276,3,197
2019-01-21 09:00:00,38,,,313,279,315,357,88,,265,229,5,90
2019-01-21 10:00:00,43,,,302,154,314,342,71,,36,198,10,63
2019-01-21 11:00:00,45,,,167,140,52,302,327,,358,311,25,76
2019-01-21 12:00:00,77,,,179,120,89,47,324,,106,122,27,89
2019-01-21 13:00:00,96,,,130,105,95,60,90,,123,142,24,77
2019-01-21 14:00:00,73,,,142,98,107,87,109,,116,161,18,82
2019-01-21 15:00:00,59,,,147,100,120,91,108,,137,162,14,82
2019-01-21 16:00:00,69,,,137,98,113,88,105,,131,147,15,81
2019-01-21 17:00:00,59,,,109,104,117,98,115,,140,159,11,66
2019-01-21 18:00:00,104,,,105,107,128,119,127,,143,159,71,88
2019-01-21 19:00:00,97,,,97,107,152,113,125,,158,160,154,97
2019-01-21 20:00:00,125,,,127,134,190,121,120,,199,161,153,107
2019-01-21 21:00:00,125,,,329,160,269,307,109,,127,66,18,166
2019-01-21 22:00:00,212,,,275,123,307,30,133,,269,19,19,218
2019-01-21 23:00:00,248,,,232,107,178,57,115,,116,72,7,241
2019-01-22 00:00:00,282,,,123,153,124,43,170,,151,122,4,232
2019-01-22 01:00:00,317,,,136,109,124,67,219,,117,108,6,135
2019-01-22 02:00:00,340,,,157,50,141,63,246,,143,124,9,154
2019-01-22 03:00:00,299,,,322,359,196,40,249,,46,64,15,168
2019-01-22 04:00:00,299,,,291,302,261,13,282,,295,360,9,187
2019-01-22 05:00:00,267,,,309,292,287,318,288,,308,320,7,218
2019-01-22 06:00:00,261,,,319,316,289,242,217,,297,288,10,218
2019-01-22 07:00:00,252,,,333,320,294,288,246,,335,306,11,179
2019-01-22 08:00:00,256,,,303,291,291,278,258,,304,333,5,239
2019-01-22 09:00:00,296,,,301,260,288,268,249,,327,271,6,230
2019-01-22 10:00:00,52,,,296,270,107,244,356,,322,335,9,96
2019-01-22 11:00:00,74,,,200,288,116,251,95,,185,214,17,105
2019-01-22 12:00:00,98,,,138,228,122,151,95,,182,183,11,81
2019-01-22 13:00:00,104,,,139,95,113,142,92,,154,166,11,92
2019-01-22 14:00:00,54,,,147,94,115,99,102,,145,165,18,92
2019-01-22 15:00:00,38,,,178,101,122,63,100,,150,166,31,84
2019-01-22 16:00:00,46,,,173,102,123,61,101,,137,146,90,69
2019-01-22 17:00:00,43,,,151,100,116,76,106,,137,144,10,69
2019-01-22 18:00:00,58,,,159,82,168,36,185,,124,135,34,118
2019-01-22 19:00:00,167,,,137,63,170,61,260,,168,101,77,123
2019-01-22 20:00:00,317,,,317,101,330,23,245,,288,82,9,155
2019-01-22 21:00:00,51,,,28,115,30,35,287,,1,21,6,92
2019-01-22 22:00:00,32,,,24,151,13,26,281,,326,330,11,108
2019-01-22 23:00:00,132,,,14,255,360,28,275,,338,331,7,96
2019-01-23 00:00:00,127,,,206,230,131,43,268,,342,334,17,83
2019-01-23 01:00:00,170,,,8,205,293,33,269,,332,333,17,70
2019-01-23 02:00:00,179,,,5,100,349,27,263,,336,337,13,58
2019-01-23 03:00:00,34,,,19,141,355,27,277,,344,343,10,96
2019-01-23 04:00:00,108,,,359,241,155,32,277,,351,348,10,98
2019-01-23 05:00:00,112,,,125,262,134,32,265,,328,334,13,93
2019-01-23 06:00:00,92,,,264,153,115,33,265,,337,329,20,94
2019-01-23 07:00:00,103,,,144,136,310,25,266,,338,331,21,96
2019-01-23 08:00:00,124,,,148,155,208,29,280,,341,344,14,83
2019-01-23 09:00:00,55,,,195,286,186,30,284,,347,345,14,86
2019-01-23 10:00:00,54,,,190,264,213,31,287,,349,348,13,94
2019-01-23 11:00:00,50,,,283,270,86,34,278,,343,347,13,95
2019-01-23 12:00:00,88,,,316,286,12,48,280,,350,346,16,86
2019-01-23 13:00:00,96,,,333,296,9,42,284,,358,7,13,94
2019-01-23 14:00:00,80,,,10,294,28,62,293,,359,353,12,97
2019-01-23 15:00:00,88,,,63,321,30,62,289,,21,27,10,84
2019-01-23 16:00:00,103,,,70,97,61,82,75,,70,68,10,76
2019-01-23 17:00:00,75,,,65,100,52,60,112,,40,216,11,72
2019-01-23 18:00:00,80,,,71,98,46,59,152,,173,139,14,68
2019-01-23 19:00:00,121,,,71,91,213,110,127,,138,123,50,103
2019-01-23 20:00:00,96,,,92,75,96,123,114,,195,173,94,95
2019-01-23 21:00:00,147,,,105,126,136,123,132,,200,187,133,84
2019-01-23 22:00:00,138,,,122,125,137,156,131,,189,165,75,107
2019-01-23 23:00:00,149,,,120,80,165,180,116,,179,158,13,144
2019-01-24 00:00:00,152,,,115,73,193,179,117,,163,154,4,154
2019-01-24 01:00:00,154,,,108,11,162,26,119,,179,181,3,180
2019-01-24 02:00:00,199,,,100,330,177,100,109,,212,298,3,204
2019-01-24 03:00:00,228,,,268,324,295,189,148,,287,350,3,236
2019-01-24 04:00:00,230,,,313,293,253,338,117,,5,22,,228
2019-01-24 05:00:00,238,,,284,297,216,237,137,,319,351,,229
2019-01-24 06:00:00,235,,,302,290,208,239,103,,296,313,,219
2019-01-24 07:00:00,284,,,317,302,249,254,106,,267,303,4,235
2019-01-24 08:00:00,245,,,273,306,134,246,159,,286,315,8,228
2019-01-24 09:00:00,330,,,307,260,84,1,291,,326,354,3,235
2019-01-24 10:00:00,42,,,318,164,59,31,308,,31,66,3,251
2019-01-24 11:00:00,39,,,219,110,80,25,313,,280,160,6,81
2019-01-24 12:00:00,49,,,272,108,87,32,312,,69,155,7,87
2019-01-24 13:00:00,44,,,269,112,86,44,322,,144,163,,89
2019-01-24 14:00:00,55,,,175,89,99,70,316,,109,125,6,86
2019-01-24 15:00:00,71,,,157,97,103,66,314,,111,172,8,77
2019-01-24 16:00:00,80,,,149,99,93,69,320,,124,174,9,72
2019-01-24 17:00:00,,,,107,102,110,80,116,,132,156,24,81
2019-01-24 18:00:00,,,,93,117,155,86,139,,139,141,98,81
2019-01-24 19:00:00,92,,,105,106,173,117,119,,128,84,39,105
2019-01-24 20:00:00,111,,,100,113,137,107,108,,182,93,124,115
2019-01-24 21:00:00,80,,,98,109,161,77,122,,228,261,80,126
2019-01-24 22:00:00,54,,,111,127,175,44,132,,124,74,153,138
2019-01-24 23:00:00,49,,,97,126,153,74,114,,105,49,113,106
2019-01-25 00:00:00,19,,,145,111,124,65,137,,131,21,132,115
2019-01-25 01:00:00,41,,,116,119,70,58,130,,115,73,53,87
2019-01-25 02:00:00,360,,,135,136,49,37,222,,249,287,129,99
2019-01-25 03:00:00,336,,,284,216,258,25,219,,305,313,23,128
2019-01-25 04:00:00,249,,,287,295,277,12,230,,292,305,4,200
2019-01-25 05:00:00,201,,,316,273,225,335,231,,244,291,16,209
2019-01-25 06:00:00,243,,,315,22,195,253,168,,234,285,8,229
2019-01-25 07:00:00,264,,,300,294,355,289,156,,225,305,12,238
2019-01-25 08:00:00,254,,,290,264,349,52,131,,289,315,4,242
2019-01-25 09:00:00,203,,,287,261,305,29,195,,354,341,10,237
2019-01-25 10:00:00,24,,,273,87,70,41,304,,337,329,19,100
2019-01-25 11:00:00,22,,,143,338,53,29,46,,20,23,23,77
2019-01-25 12:00:00,11,,,107,112,44,42,325,,63,62,13,69
2019-01-25 13:00:00,36,,,98,162,23,55,15,,64,240,15,86
2019-01-25 14:00:00,45,,,154,129,36,36,45,,231,299,59,88
2019-01-25 15:00:00,13,,,166,127,56,36,68,,297,343,39,96
2019-01-25 16:00:00,29,,,151,114,80,46,92,,168,356,36,100
2019-01-25 17:00:00,65,,,143,113,83,40,121,,220,,13,85
2019-01-25 18:00:00,67,,,120,115,99,56,122,,76,339,7,73
2019-01-25 19:00:00,77,,,129,111,137,51,115,,220,329,19,80
2019-01-25 20:00:00,62,,,130,111,92,112,104,,185,180,15,97
2019-01-25 21:00:00,61,,,113,111,89,86,120,,120,117,33,89
2019-01-25 22:00:00,66,,,95,88,89,97,109,,119,126,21,66
2019-01-25 23:00:00,81,,,102,85,87,104,103,,128,125,5,64
2019-01-26 00:00:00,77,,,101,83,86,102,116,,129,127,5,71
2019-01-26 01:00:00,80,,,97,83,88,95,117,,129,123,16,77
2019-01-26 02:00:00,78,,,97,89,88,88,121,,112,104,8,73
2019-01-26 03:00:00,78,,,95,90,77,73,129,,102,88,10,64
2019-01-26 04:00:00,74,,,99,87,64,67,134,,83,75,5,62
2019-01-26 05:00:00,37,,,70,108,84,55,141,,358,69,5,65
2019-01-26 06:00:00,21,,,194,111,75,47,178,,276,7,131,90
2019-01-26 07:00:00,58,,,291,116,57,46,308,,296,304,64,114
2019-01-26 08:00:00,72,,,192,116,108,50,315,,258,288,9,97
2019-01-26 09:00:00,65,,,100,120,53,51,98,,25,282,14,95
2019-01-26 10:00:00,33,,,306,161,15,36,311,,6,349,34,95
2019-01-26 11:00:00,23,,,316,103,20,36,294,,2,357,15,100
2019-01-26 12:00:00,19,,,264,110,16,37,292,,346,7,6,103
2019-01-26 13:00:00,35,,,316,113,20,36,300,,331,13,33,99
2019-01-26 14:00:00,17,,,353,106,27,32,291,,331,351,12,114
2019-01-26 15:00:00,19,,,193,109,58,28,281,,325,342,6,104
2019-01-26 16:00:00,80,,,115,49,178,18,290,,344,353,10,85
2019-01-26 17:00:00,81,,,312,75,13,40,313,,22,23,30,96
2019-01-26 18:00:00,27,,,321,111,356,39,332,,81,58,14,88
2019-01-26 19:00:00,50,,,138,107,146,49,120,,101,360,18,116
2019-01-26 20:00:00,93,,,183,93,137,93,117,,174,187,13,103
2019-01-26 21:00:00,76,,,157,104,96,127,101,,183,174,15,91
2019-01-26 22:00:00,57,,,127,118,134,125,103,,174,165,26,79
2019-01-26 23:00:00,35,,,131,84,108,103,103,,182,140,36,112
2019-01-27 00:00:00,73,,,124,115,112,109,105,,168,162,27,107
2019-01-27 01:00:00,21,,,161,65,108,95,97,,146,174,19,113
2019-01-27 02:00:00,90,,,131,28,98,88,98,,156,175,16,109
2019-01-27 03:00:00,134,,,126,34,102,121,86,,166,198,39,114
2019-01-27 04:00:00,6,,,138,325,94,52,87,,118,251,13,124
2019-01-27 05:00:00,314,,,303,311,341,21,252,,320,344,8,202
2019-01-27 06:00:00,289,,,292,326,301,316,266,,332,346,8,249
2019-01-27 07:00:00,247,,,335,286,302,176,278,,6,17,8,253
2019-01-27 08:00:00,271,,,345,301,249,316,253,,336,316,7,273
2019-01-27 09:00:00,277,,,334,297,251,302,278,,313,359,7,282
2019-01-27 10:00:00,296,,,284,289,288,332,306,,353,355,7,244
2019-01-27 11:00:00,131,,,291,296,344,17,300,,345,348,,263
2019-01-27 12:00:00,16,,,289,295,332,27,294,,353,9,,
2019-01-27 13:00:00,345,,,282,299,342,2,310,,2,9,,298
2019-01-27 14:00:00,326,,,272,309,344,357,308,,9,14,11,311
2019-01-27 15:00:00,344,,,302,320,345,19,313,,6,28,8,287
2019-01-27 16:00:00,42,,,319,320,358,51,132,,15,124,9,130
2019-01-27 17:00:00,102,,,59,316,38,78,75,,141,147,12,89
2019-01-27 18:00:00,98,,,79,22,65,105,117,,142,144,17,105
2019-01-27 19:00:00,145,,,106,110,109,129,121,,149,151,20,89
2019-01-27 20:00:00,146,,,115,126,105,140,111,,162,142,39,71
2019-01-27 21:00:00,159,,,100,114,112,115,134,,165,165,157,94
2019-01-27 22:00:00,144,,,104,161,129,130,125,,181,181,42,102
2019-01-27 23:00:00,161,,,110,139,147,161,121,,191,170,39,138
2019-01-28 00:00:00,201,,,110,196,239,190,175,,197,161,9,228
2019-01-28 01:00:00,223,,,246,279,296,177,194,,190,202,13,236
2019-01-28 02:00:00,234,,,308,314,278,211,197,,156,325,17,217
2019-01-28 03:00:00,238,,,318,315,290,252,158,,356,19,17,199
2019-01-28 04:00:00,252,,,308,302,290,290,200,,21,19,20,226
2019-01-28 05:00:00,320,,,311,289,278,343,236,,305,341,16,239
2019-01-28 06:00:00,230,,,335,294,257,265,255,,308,341,17,241
2019-01-28 07:00:00,228,,,324,294,154,248,189,,335,293,14,221
2019-01-28 08:00:00,268,,,330,298,223,275,120,,336,284,12,243
2019-01-28 09:00:00,233,,,327,300,105,278,267,,329,321,15,270
2019-01-28 10:00:00,235,,,326,267,99,285,283,,325,312,14,271
2019-01-28 11:00:00,328,,,272,294,108,29,323,,11,64,20,253
2019-01-28 12:00:00,118,,,122,295,124,41,19,,156,166,14,80
2019-01-28 13:00:00,102,,,142,302,139,83,84,,132,168,21,76
2019-01-28 14:00:00,98,,,149,303,134,85,5,,156,178,7,87
2019-01-28 15:00:00,138,,,138,305,128,115,53,,180,164,8,85
2019-01-28 16:00:00,90,,,138,272,119,108,97,,156,166,26,81
2019-01-28 17:00:00,93,,,133,279,144,103,113,,138,153,12,103
2019-01-28 18:00:00,105,,,106,273,100,102,138,,118,131,23,93
2019-01-28 19:00:00,72,,,119,105,127,93,140,,104,73,43,98
2019-01-28 20:00:00,105,,,116,134,147,97,102,,224,4,119,110
2019-01-28 21:00:00,217,,,151,140,181,57,194,,272,308,50,127
2019-01-28 22:00:00,278,,,294,180,264,40,221,,276,309,41,117
2019-01-28 23:00:00,56,,,28,133,148,40,246,,331,320,14,101
2019-01-29 00:00:00,51,,,31,21,121,41,268,,346,340,5,105
2019-01-29 01:00:00,83,,,119,60,61,61,274,,331,326,6,99
2019-01-29 02:00:00,49,,,27,65,354,27,272,,330,330,14,93
2019-01-29 03:00:00,65,,,17,166,349,28,268,,338,330,14,104
2019-01-29 04:00:00,23,,,23,162,360,25,267,,332,333,9,112
2019-01-29 05:00:00,105,,,54,108,335,29,261,,329,331,8,103
2019-01-29 06:00:00,117,,,145,109,128,42,259,,333,331,11,97
2019-01-29 07:00:00,112,,,226,133,116,40,258,,322,319,19,100
2019-01-29 08:00:00,110,,,10,79,180,32,260,,321,322,14,101
2019-01-29 09:00:00,88,,,110,74,103,42,278,,325,338,13,96
2019-01-29 10:00:00,65,,,28,85,84,54,289,,323,339,11,80
2019-01-29 11:00:00,77,,,350,104,53,44,297,,312,311,12,80
2019-01-29 12:00:00,61,,,336,100,21,41,297,,327,338,17,69
2019-01-29 13:00:00,72,,,77,105,59,53,305,,319,98,,74
2019-01-29 14:00:00,53,,,73,103,73,61,4,,200,128,16,65
2019-01-29 15:00:00,59,,,85,99,107,102,99,,134,137,16,60
2019-01-29 16:00:00,83,,,101,90,95,111,94,,136,135,15,62
2019-01-29 17:00:00,90,,,100,90,93,114,79,,125,122,15,68
2019-01-29 18:00:00,92,,,103,92,93,109,73,,115,124,15,70
2019-01-29 19:00:00,87,,,103,90,91,114,76,,118,120,,78
2019-01-29 20:00:00,86,,,99,85,93,113,101,,123,102,,77
2019-01-29 21:00:00,100,,,100,86,95,116,109,,178,130,,71
2019-01-29 22:00:00,118,,,102,90,87,112,109,,189,181,16,66
2019-01-29 23:00:00,137,,,107,89,85,122,118,,155,149,16,62
2019-01-30 00:00:00,83,,,97,85,100,103,114,,121,131,17,67
2019-01-30 01:00:00,86,,,92,100,84,97,100,,105,121,108,61
2019-01-30 02:00:00,124,,,107,96,109,113,111,,127,120,61,59
2019-01-30 03:00:00,82,,,119,105,120,99,114,,184,108,16,67
2019-01-30 04:00:00,83,,,125,105,123,74,108,,131,126,24,86
2019-01-30 05:00:00,58,,,130,129,88,68,110,,155,163,37,88
2019-01-30 06:00:00,29,,,142,113,63,63,119,,138,142,93,104
2019-01-30 07:00:00,72,,,271,87,57,57,289,,306,317,15,111
2019-01-30 08:00:00,17,,,261,60,311,21,306,,301,327,7,101
2019-01-30 09:00:00,359,,,268,54,294,317,291,,312,328,24,67
2019-01-30 10:00:00,24,,,279,115,319,331,310,,316,338,11,68
2019-01-30 11:00:00,46,,,226,92,83,17,337,,14,359,5,110
2019-01-30 12:00:00,64,,,148,113,77,46,84,,65,26,12,82
2019-01-30 13:00:00,54,,,143,113,73,61,85,,84,47,26,74
2019-01-30 14:00:00,54,,,129,106,72,65,315,,74,51,7,68
2019-01-30 15:00:00,52,,,111,106,49,50,304,,53,43,5,77
2019-01-30 16:00:00,71,,,89,98,66,74,308,,67,,5,77
2019-01-30 17:00:00,79,,,73,100,75,76,60,,75,,5,70
2019-01-30 18:00:00,93,,,85,93,84,90,56,,80,92,4,72
2019-01-30 19:00:00,91,,,110,99,84,87,82,,103,134,4,76
2019-01-30 20:00:00,75,,,95,104,78,96,112,,147,159,5,63
2019-01-30 21:00:00,65,,,112,106,75,91,101,,140,161,20,90
2019-01-30 22:00:00,75,,,137,117,97,112,100,,143,161,17,89
2019-01-30 23:00:00,54,,,157,113,96,74,102,,140,155,11,99
2019-01-31 00:00:00,79,,,185,117,89,72,142,,181,171,25,86
2019-01-31 01:00:00,85,,,153,104,82,54,100,,182,175,130,109
2019-01-31 02:00:00,95,,,175,88,92,49,113,,141,187,136,118
2019-01-31 03:00:00,145,,,168,,126,43,131,,166,200,8,102
2019-01-31 04:00:00,211,,,173,,65,30,210,,288,273,4,249
2019-01-31 05:00:00,266,,,284,,322,38,235,,344,338,78,239
2019-01-31 06:00:00,274,,,315,301,340,25,223,,346,350,24,250
2019-01-31 07:00:00,322,,,310,310,321,23,238,,340,349,31,238
2019-01-31 08:00:00,275,,,330,292,320,350,240,,326,347,39,265
2019-01-31 09:00:00,263,,,324,298,318,261,247,,330,335,16,262
2019-01-31 10:00:00,274,,,333,283,131,20,289,,351,337,6,263
2019-01-31 11:00:00,13,,,321,283,93,7,312,,345,339,13,262
2019-01-31 12:00:00,333,,,350,282,250,40,309,,333,333,3,297
2019-01-31 13:00:00,94,,,328,35,30,15,312,,329,322,6,50
2019-01-31 14:00:00,37,,,294,254,66,41,308,,321,351,6,60
2019-01-31 15:00:00,78,,,200,152,113,57,303,,84,300,5,77
2019-01-31 16:00:00,125,,,125,107,123,56,331,,103,112,3,80
2019-01-31 17:00:00,96,,,134,97,172,72,77,,152,145,5,77
2019-01-31 18:00:00,88,,,118,101,135,,162,,111,104,17,82
2019-01-31 19:00:00,89,,,109,103,111,116,129,,118,94,35,109
2019-01-31 20:00:00,43,,,149,105,84,75,121,,126,138,44,103
2019-01-31 21:00:00,74,,,134,112,80,73,110,,146,189,7,101
2019-01-31 22:00:00,27,,,149,86,101,85,98,,176,183,5,112
2019-01-31 23:00:00,307,,,141,68,83,60,134,,125,155,3,120
2019-02-01 00:00:00,,,,,,,,,,,,,
2019-02-01 01:00:00,49,,,159,71,41,80,202,,193,163,22,111
2019-02-01 02:00:00,114,,,173,41,38,59,232,,190,47,10,107
2019-02-01 03:00:00,78,,,269,16,11,53,247,,49,360,52,215
2019-02-01 04:00:00,316,,,301,342,304,36,274,,5,328,3,220
2019-02-01 05:00:00,290,,,298,286,259,282,285,,47,67,3,222
2019-02-01 06:00:00,256,,,291,289,211,272,229,,148,307,3,220
2019-02-01 07:00:00,247,,,291,296,272,275,175,,102,326,,245
2019-02-01 08:00:00,242,,,314,286,184,291,129,,227,24,4,229
2019-02-01 09:00:00,309,,,306,287,137,322,102,,248,332,4,290
2019-02-01 10:00:00,14,,,298,283,123,61,306,,248,261,23,62
2019-02-01 11:00:00,47,,,127,186,111,71,316,,3,300,17,74
2019-02-01 12:00:00,54,,,162,97,136,83,317,,15,154,13,94
2019-02-01 13:00:00,96,,,147,103,109,74,37,,143,169,7,88
2019-02-01 14:00:00,72,,,125,107,106,101,105,,122,157,6,76
2019-02-01 15:00:00,60,,,101,105,88,102,91,,124,,3,68
2019-02-01 16:00:00,60,,,95,92,100,98,73,,127,,4,58
2019-02-01 17:00:00,65,,,95,94,95,102,62,,112,,4,65
2019-02-01 18:00:00,74,,,100,102,116,105,60,,103,66,3,62
2019-02-01 19:00:00,74,,,105,117,103,117,54,,103,89,4,74
2019-02-01 20:00:00,78,,,107,111,132,124,62,,129,113,12,66
2019-02-01 21:00:00,80,,,111,111,114,122,71,,141,160,16,71
2019-02-01 22:00:00,81,,,114,112,116,117,104,,170,183,10,75
2019-02-01 23:00:00,97,,,108,100,120,121,102,,180,176,4,76
2019-02-02 00:00:00,143,,,113,109,112,136,102,,164,165,3,70
2019-02-02 01:00:00,111,,,111,100,125,135,107,,159,162,4,68
2019-02-02 02:00:00,102,,,107,125,119,113,116,,179,142,60,80
2019-02-02 03:00:00,112,,,117,100,129,117,106,,133,86,14,75
2019-02-02 04:00:00,78,,,120,84,113,90,151,,139,7,3,114
2019-02-02 05:00:00,74,,,139,96,96,89,131,,51,356,5,115
2019-02-02 06:00:00,74,,,152,32,75,64,133,,332,57,5,102
2019-02-02 07:00:00,326,,,211,16,308,31,181,,45,18,21,145
2019-02-02 08:00:00,78,,,192,85,220,58,147,,64,256,8,158
2019-02-02 09:00:00,53,,,203,308,247,45,126,,249,240,3,89
2019-02-02 10:00:00,37,,,314,15,11,47,310,,352,330,3,229
2019-02-02 11:00:00,,,,134,57,98,2,321,,15,55,22,135
2019-02-02 12:00:00,,,,136,98,124,48,66,,79,132,12,82
2019-02-02 13:00:00,,,,130,105,134,82,80,,88,119,3,84
2019-02-02 14:00:00,,,,129,95,98,94,87,,102,139,6,76
2019-02-02 15:00:00,,,,129,92,87,87,97,,152,139,5,80
2019-02-02 16:00:00,,,,111,91,86,98,112,,117,126,4,65
2019-02-02 17:00:00,68,,,100,97,90,73,115,,113,120,3,68
2019-02-02 18:00:00,85,,,111,101,97,109,94,,117,138,5,78
2019-02-02 19:00:00,83,,,123,106,99,117,102,,127,143,26,81
2019-02-02 20:00:00,125,,,107,90,114,122,98,,142,137,11,107
2019-02-02 21:00:00,151,,,119,49,132,151,114,,178,164,16,117
2019-02-02 22:00:00,205,,,118,26,224,226,190,,126,235,3,192
2019-02-02 23:00:00,220,,,269,320,269,138,112,,172,215,3,203
2019-02-03 00:00:00,238,,,229,284,182,33,163,,258,309,3,173
2019-02-03 01:00:00,262,,,311,25,239,13,131,,282,324,24,192
2019-02-03 02:00:00,225,,,287,4,241,263,156,,316,16,11,191
2019-02-03 03:00:00,276,,,272,284,236,249,162,,205,321,3,218
2019-02-03 04:00:00,340,,,296,290,257,317,181,,280,302,10,233
2019-02-03 05:00:00,228,,,305,299,300,15,212,,328,338,7,229
2019-02-03 06:00:00,252,,,320,282,306,315,223,,304,310,5,239
2019-02-03 07:00:00,260,,,316,293,270,274,230,,308,316,4,248
2019-02-03 08:00:00,235,,,314,293,286,286,205,,298,321,11,231
2019-02-03 09:00:00,232,,,297,275,292,308,211,,289,302,6,272
2019-02-03 10:00:00,78,,,282,210,40,274,296,,317,310,9,2
2019-02-03 11:00:00,,,,158,137,83,63,313,,23,109,9,82
2019-02-03 12:00:00,104,,,195,118,95,63,319,,122,73,20,84
2019-02-03 13:00:00,97,,,141,127,98,72,318,,75,115,9,85
2019-02-03 14:00:00,66,,,167,94,98,65,315,,81,176,5,82
2019-02-03 15:00:00,105,,,142,99,101,93,312,,99,167,6,76
2019-02-03 16:00:00,88,,,122,104,91,89,15,,113,172,8,79
2019-02-03 17:00:00,71,,,108,98,94,109,107,,124,158,7,77
2019-02-03 18:00:00,67,,,112,98,87,75,115,,125,148,7,86
2019-02-03 19:00:00,96,,,92,93,136,96,100,,140,141,80,105
2019-02-03 20:00:00,97,,,107,81,185,103,115,,151,133,155,141
2019-02-03 21:00:00,175,,,227,42,318,16,115,,94,142,4,133
2019-02-03 22:00:00,263,,,265,74,221,35,180,,355,,6,203
2019-02-03 23:00:00,269,,,331,93,192,33,253,,273,290,8,142
2019-02-04 00:00:00,251,,,291,354,231,248,196,,239,258,5,215
2019-02-04 01:00:00,249,,,298,28,242,283,122,,219,282,6,226
2019-02-04 02:00:00,254,,,305,214,198,96,170,,163,198,3,234
2019-02-04 03:00:00,243,,,300,297,108,220,208,,294,345,3,231
2019-02-04 04:00:00,236,,,305,281,186,250,221,,346,355,7,224
2019-02-04 05:00:00,274,,,314,285,264,251,225,,308,327,5,220
2019-02-04 06:00:00,271,,,299,282,303,276,176,,288,280,5,227
2019-02-04 07:00:00,226,,,321,295,289,237,251,,,295,9,218
2019-02-04 08:00:00,243,,,305,277,290,242,242,,308,298,8,221
2019-02-04 09:00:00,248,,,294,265,260,248,178,,318,336,8,245
2019-02-04 10:00:00,251,,,322,254,125,274,82,,319,341,10,250
2019-02-04 11:00:00,305,,,287,276,1,6,60,,328,353,3,191
2019-02-04 12:00:00,140,,,5,308,8,76,281,,334,344,12,86
2019-02-04 13:00:00,141,,,158,311,154,65,33,,47,50,8,94
2019-02-04 14:00:00,92,,,211,107,105,70,87,,153,149,7,97
2019-02-04 15:00:00,146,,,134,96,134,172,307,,268,191,16,93
2019-02-04 16:00:00,345,,,138,90,128,103,39,,137,134,14,102
2019-02-04 17:00:00,108,,,112,98,104,110,158,,99,123,12,84
2019-02-04 18:00:00,51,,,89,114,86,81,91,,89,108,80,71
2019-02-04 19:00:00,64,,,82,102,125,72,81,,104,68,24,67
2019-02-04 20:00:00,68,,,83,99,120,59,108,,113,44,94,93
2019-02-04 21:00:00,40,,,332,105,122,43,122,,157,20,130,90
2019-02-04 22:00:00,349,,,285,116,157,54,134,,228,283,118,114
2019-02-04 23:00:00,330,,,168,124,151,39,112,,250,310,162,129
2019-02-05 00:00:00,318,,,292,146,200,326,121,,214,172,7,190
2019-02-05 01:00:00,239,,,308,341,229,257,181,,173,296,13,254
2019-02-05 02:00:00,251,,,297,301,188,242,127,,232,258,10,246
2019-02-05 03:00:00,230,,,321,290,223,303,151,,72,19,4,218
2019-02-05 04:00:00,240,,,309,278,290,275,178,,3,24,4,224
2019-02-05 05:00:00,231,,,278,291,168,257,184,,24,7,3,217
2019-02-05 06:00:00,286,,,289,277,263,229,171,,332,285,5,233
2019-02-05 07:00:00,237,,,276,285,235,225,116,,222,213,4,219
2019-02-05 08:00:00,246,,,289,274,244,249,44,,171,209,6,198
2019-02-05 09:00:00,244,,,302,284,325,253,277,,286,306,7,248
2019-02-05 10:00:00,341,,,323,275,310,21,325,,51,314,3,165
2019-02-05 11:00:00,61,,,331,274,113,331,320,,5,56,12,95
2019-02-05 12:00:00,53,,,127,130,105,72,320,,73,109,21,81
2019-02-05 13:00:00,72,,,144,119,95,80,21,,122,145,5,77
2019-02-05 14:00:00,76,,,142,94,118,89,322,,111,150,4,75
2019-02-05 15:00:00,67,,,130,90,119,97,336,,128,157,3,79
2019-02-05 16:00:00,83,,,121,103,103,112,106,,137,181,5,81
2019-02-05 17:00:00,83,,,138,98,103,102,105,,158,167,4,84
2019-02-05 18:00:00,59,,,120,99,116,114,114,,151,155,4,81
2019-02-05 19:00:00,60,,,139,97,158,99,135,,138,152,71,119
2019-02-05 20:00:00,125,,,125,80,189,94,124,,151,151,110,144
2019-02-05 21:00:00,241,,,300,47,230,46,135,,173,152,3,209
2019-02-05 22:00:00,233,,,348,346,135,82,222,,15,110,3,182
2019-02-05 23:00:00,332,,,272,231,231,13,160,,14,28,3,183
2019-02-06 00:00:00,250,,,311,26,223,21,163,,318,49,,194
2019-02-06 01:00:00,251,,,299,247,41,147,241,,271,97,,198
2019-02-06 02:00:00,323,,,297,307,189,22,258,,101,231,,216
2019-02-06 03:00:00,289,,,311,310,280,271,301,,343,347,5,143
2019-02-06 04:00:00,241,,,309,296,245,266,230,,14,19,3,219
2019-02-06 05:00:00,288,,,299,290,256,30,226,,282,343,3,233
2019-02-06 06:00:00,253,,,317,292,286,299,253,,308,350,3,226
2019-02-06 07:00:00,302,,,322,282,295,298,250,,330,326,,238
2019-02-06 08:00:00,252,,,323,275,54,259,264,,344,344,,144
2019-02-06 09:00:00,246,,,289,252,145,302,147,,7,5,10,212
2019-02-06 10:00:00,64,,,231,285,119,48,98,,27,308,5,94
2019-02-06 11:00:00,110,,,125,275,137,60,79,,288,250,3,87
2019-02-06 12:00:00,77,,,131,275,164,31,89,,79,155,8,91
2019-02-06 13:00:00,81,,,141,287,109,74,88,,82,140,3,78
2019-02-06 14:00:00,87,,,128,291,95,80,330,,99,182,4,95
2019-02-06 15:00:00,94,,,149,85,104,74,83,,170,201,3,82
2019-02-06 16:00:00,88,,,110,103,114,92,20,,107,180,3,82
2019-02-06 17:00:00,92,,,106,106,107,114,96,,121,159,4,69
2019-02-06 18:00:00,112,,,114,106,96,112,127,,126,154,5,82
2019-02-06 19:00:00,110,,,108,103,117,121,113,,126,125,13,89
2019-02-06 20:00:00,82,,,110,108,143,122,113,,219,158,118,106
2019-02-06 21:00:00,27,,,115,141,161,123,114,,153,349,28,139
2019-02-06 22:00:00,249,,,278,118,239,242,148,,181,271,3,222
2019-02-06 23:00:00,237,,,306,111,169,219,121,,248,30,4,219
2019-02-07 00:00:00,273,,,213,281,207,70,92,,178,179,11,199
2019-02-07 01:00:00,262,,,287,273,289,12,100,,176,143,3,246
2019-02-07 02:00:00,242,,,312,290,264,1,211,,34,75,9,225
2019-02-07 03:00:00,302,,,304,284,316,4,251,,338,12,16,265
2019-02-07 04:00:00,212,,,312,288,296,9,139,,280,321,6,243
2019-02-07 05:00:00,251,,,311,274,269,318,245,,313,299,3,191
2019-02-07 06:00:00,248,,,292,290,320,254,229,,2,345,4,252
2019-02-07 07:00:00,261,,,313,312,145,294,73,,341,352,6,281
2019-02-07 08:00:00,201,,,325,250,248,280,274,,61,226,4,280
2019-02-07 09:00:00,221,,,327,254,292,264,82,,153,166,4,273
2019-02-07 10:00:00,236,,,290,263,197,251,86,,190,235,13,244
2019-02-07 11:00:00,76,,,311,279,360,49,97,,270,277,3,226
2019-02-07 12:00:00,104,,,359,280,342,41,104,,298,347,3,78
2019-02-07 13:00:00,99,,,36,305,9,55,61,,287,,4,87
2019-02-07 14:00:00,42,,,39,115,37,52,10,,98,97,3,55
2019-02-07 15:00:00,24,,,35,97,33,44,293,,357,87,5,49
2019-02-07 16:00:00,21,,,32,103,22,39,285,,7,66,4,41
2019-02-07 17:00:00,25,,,34,104,25,38,290,,37,54,6,59
2019-02-07 18:00:00,34,,,35,105,22,39,278,,44,52,4,79
2019-02-07 19:00:00,23,,,25,120,20,31,279,,332,16,7,78
2019-02-07 20:00:00,26,,,17,122,19,32,278,,300,47,7,69
2019-02-07 21:00:00,21,,,19,114,18,32,278,,100,56,4,48
2019-02-07 22:00:00,26,,,32,123,21,35,244,,105,78,5,62
2019-02-07 23:00:00,30,,,37,108,28,47,78,,119,106,5,58
2019-02-08 00:00:00,96,,,58,97,39,105,87,,125,120,3,70
2019-02-08 01:00:00,108,,,98,83,86,117,70,,111,108,3,89
2019-02-08 02:00:00,95,,,100,86,100,110,73,,120,114,3,79
2019-02-08 03:00:00,136,,,113,96,113,139,103,,126,115,,79
2019-02-08 04:00:00,142,,,121,97,110,148,100,,117,122,,73
2019-02-08 05:00:00,136,,,109,102,107,124,90,,135,133,,72
2019-02-08 06:00:00,108,,,107,94,102,124,65,,141,90,,78
2019-02-08 07:00:00,142,,,116,98,116,145,75,,150,141,,83
2019-02-08 08:00:00,143,,,118,108,117,134,133,,113,121,,79
2019-02-08 09:00:00,130,,,111,105,110,122,118,,138,149,,67
2019-02-08 10:00:00,138,,,112,97,106,121,107,,152,165,,68
2019-02-08 11:00:00,126,,,101,90,88,118,115,,130,134,,58
2019-02-08 12:00:00,86,,,78,86,66,84,62,,99,89,,63
2019-02-08 13:00:00,60,,,60,86,56,72,73,,79,66,4,68
2019-02-08 14:00:00,74,,,82,83,80,79,53,,74,78,3,57
2019-02-08 15:00:00,69,,,83,91,90,81,58,,103,78,3,62
2019-02-08 16:00:00,78,,,85,84,91,96,55,,122,107,3,59
2019-02-08 17:00:00,80,,,94,84,41,115,55,,116,105,,57
2019-02-08 18:00:00,103,,,94,84,65,103,65,,92,78,,75
2019-02-08 19:00:00,93,,,82,92,63,100,65,,98,90,,79
2019-02-08 20:00:00,86,,,81,94,65,90,82,,102,84,,61
2019-02-08 21:00:00,114,,,85,94,62,95,95,,114,161,,61
2019-02-08 22:00:00,110,,,91,99,74,110,121,,149,161,,67
2019-02-08 23:00:00,116,,,96,101,87,123,130,,155,157,,66
2019-02-09 00:00:00,117,,,95,99,73,117,106,,145,142,5,79
2019-02-09 01:00:00,128,,,86,96,38,109,132,,125,143,4,74
2019-02-09 02:00:00,122,,,56,102,346,110,148,,150,116,5,86
2019-02-09 03:00:00,58,,,94,102,58,57,130,,146,65,5,70
2019-02-09 04:00:00,48,,,13,89,80,53,138,,168,165,6,70
2019-02-09 05:00:00,28,,,254,116,3,44,166,,153,195,22,98
2019-02-09 06:00:00,64,,,289,103,4,24,154,,215,1,20,76
2019-02-09 07:00:00,78,,,280,126,41,33,109,,142,154,15,70
2019-02-09 08:00:00,66,,,299,100,71,57,111,,159,173,5,76
2019-02-09 09:00:00,93,,,145,98,55,69,116,,137,176,4,76
2019-02-09 10:00:00,69,,,93,98,60,86,104,,168,156,3,85
2019-02-09 11:00:00,56,,,115,83,87,59,104,,169,151,4,88
2019-02-09 12:00:00,47,,,129,75,56,47,66,,199,281,3,84
2019-02-09 13:00:00,21,,,206,92,37,46,306,,261,356,4,83
2019-02-09 14:00:00,56,,,186,100,100,39,307,,332,6,3,70
2019-02-09 15:00:00,94,,,145,97,81,65,306,,46,60,7,70
2019-02-09 16:00:00,103,,,141,88,108,94,15,,111,85,3,85
2019-02-09 17:00:00,89,,,131,90,119,102,102,,110,143,6,103
2019-02-09 18:00:00,94,,,144,95,111,80,96,,138,138,4,100
2019-02-09 19:00:00,72,,,130,88,118,111,105,,146,145,6,94
2019-02-09 20:00:00,52,,,123,82,90,84,105,,134,133,21,100
2019-02-09 21:00:00,53,,,139,97,80,67,104,,136,140,29,105
2019-02-09 22:00:00,55,,,144,93,87,70,98,,130,149,4,107
2019-02-09 23:00:00,63,,,152,90,100,80,100,,140,154,4,88
2019-02-10 00:00:00,62,,,152,85,99,75,101,,144,148,8,95
2019-02-10 01:00:00,43,,,141,75,96,63,105,,135,148,6,80
2019-02-10 02:00:00,4,,,172,84,113,59,93,,131,133,5,84
2019-02-10 03:00:00,356,,,166,73,83,51,87,,110,135,9,110
2019-02-10 04:00:00,6,,,200,13,49,40,287,,114,50,7,68
2019-02-10 05:00:00,33,,,281,76,29,46,297,,93,28,3,66
2019-02-10 06:00:00,324,,,308,44,347,34,294,,335,352,4,223
2019-02-10 07:00:00,29,,,251,104,328,57,260,,43,32,3,92
2019-02-10 08:00:00,94,,,126,223,115,85,111,,119,140,3,84
2019-02-10 09:00:00,88,,,115,171,83,71,99,,145,172,4,92
2019-02-10 10:00:00,67,,,126,134,110,94,100,,146,163,6,99
2019-02-10 11:00:00,27,,,205,122,116,79,335,,144,150,3,68
2019-02-10 12:00:00,69,,,177,129,114,80,18,,124,123,4,81
2019-02-10 13:00:00,49,,,145,99,77,57,102,,117,139,4,74
2019-02-10 14:00:00,51,,,136,101,96,44,336,,94,54,5,77
2019-02-10 15:00:00,79,,,160,95,91,68,319,,204,106,3,78
2019-02-10 16:00:00,83,,,156,98,71,70,310,,111,92,4,79
2019-02-10 17:00:00,90,,,152,95,73,75,308,,99,69,3,80
2019-02-10 18:00:00,95,,,156,95,79,76,306,,80,60,3,89
2019-02-10 19:00:00,101,,,152,89,90,91,301,,83,71,4,95
2019-02-10 20:00:00,150,,,144,85,127,127,289,,100,238,5,89
2019-02-10 21:00:00,191,,,130,78,76,82,207,,178,197,7,77
2019-02-10 22:00:00,106,,,184,24,187,49,111,,205,199,3,145
2019-02-10 23:00:00,143,,,121,143,109,58,293,,203,241,20,110
2019-02-11 00:00:00,332,,,242,56,88,55,305,,212,248,14,108
2019-02-11 01:00:00,319,,,139,12,173,17,148,,188,240,21,124
2019-02-11 02:00:00,304,,,302,334,310,350,225,,245,278,19,178
2019-02-11 03:00:00,239,,,239,196,156,39,215,,192,264,12,156
2019-02-11 04:00:00,203,,,257,338,156,43,226,,215,307,6,187
2019-02-11 05:00:00,220,,,62,111,154,206,133,,157,176,7,220
2019-02-11 06:00:00,275,,,134,331,134,88,101,,143,161,3,95
2019-02-11 07:00:00,279,,,249,296,169,325,146,,166,163,3,169
2019-02-11 08:00:00,228,,,270,279,161,193,230,,167,187,10,158
2019-02-11 09:00:00,267,,,322,293,121,56,209,,258,350,3,182
2019-02-11 10:00:00,121,,,137,218,112,359,104,,144,217,6,86
2019-02-11 11:00:00,109,,,147,114,93,24,83,,92,183,16,86
2019-02-11 12:00:00,65,,,144,97,112,39,53,,154,144,27,81
2019-02-11 13:00:00,69,,,145,104,82,81,337,,140,198,13,95
2019-02-11 14:00:00,60,,,145,100,91,69,326,,102,170,15,88
2019-02-11 15:00:00,77,,,142,93,94,84,6,,175,170,8,77
2019-02-11 16:00:00,55,,,167,94,98,62,94,,124,128,7,83
2019-02-11 17:00:00,7,,,146,90,106,28,88,,92,99,5,73
2019-02-11 18:00:00,17,,,206,103,73,40,316,,46,43,7,95
2019-02-11 19:00:00,26,,,258,118,332,29,295,,350,7,72,110
2019-02-11 20:00:00,19,,,3,135,204,22,267,,324,337,35,117
2019-02-11 21:00:00,241,,,15,124,185,24,263,,301,305,4,96
2019-02-11 22:00:00,133,,,151,71,315,26,270,,308,312,4,69
2019-02-11 23:00:00,120,,,206,94,282,20,285,,311,315,37,127
2019-02-12 00:00:00,226,,,327,5,191,296,272,,306,320,7,226
2019-02-12 01:00:00,232,,,321,298,211,286,307,,309,352,5,213
2019-02-12 02:00:00,285,,,307,277,290,274,275,,319,23,3,202
2019-02-12 03:00:00,328,,,340,296,4,247,249,,331,41,3,226
2019-02-12 04:00:00,98,,,239,73,126,36,282,,320,114,48,106
2019-02-12 05:00:00,199,,,155,74,186,180,299,,287,267,5,110
2019-02-12 06:00:00,205,,,138,36,259,259,269,,297,292,3,98
2019-02-12 07:00:00,239,,,55,66,345,272,277,,316,320,37,120
2019-02-12 08:00:00,50,,,102,152,127,46,267,,328,315,101,108
2019-02-12 09:00:00,104,,,151,76,120,38,226,,338,319,11,102
2019-02-12 10:00:00,109,,,131,87,134,79,230,,341,329,5,101
2019-02-12 11:00:00,114,,,145,71,119,297,288,,325,320,4,100
2019-02-12 12:00:00,180,,,155,102,154,150,303,,315,316,4,107
2019-02-12 13:00:00,152,,,186,108,152,40,321,,318,331,3,102
2019-02-12 14:00:00,54,,,150,92,101,49,297,,316,345,4,100
2019-02-12 15:00:00,83,,,88,99,69,56,313,,333,347,5,67
2019-02-12 16:00:00,103,,,123,92,64,61,225,,334,336,3,73
2019-02-12 17:00:00,93,,,142,98,62,51,242,,20,346,4,82
2019-02-12 18:00:00,115,,,125,91,166,19,193,,102,140,8,106
2019-02-12 19:00:00,56,,,62,96,200,71,110,,169,153,4,91
2019-02-12 20:00:00,122,,,102,,191,105,112,,,169,5,
2019-02-12 21:00:00,136,,,110,,125,138,109,,,,8,
2019-02-12 22:00:00,142,,,117,,128,140,118,,,,14,
2019-02-12 23:00:00,134,,,136,,127,132,111,,,,32,
2019-02-13 00:00:00,131,,,189,95,240,70,116,,177,168,56,68
2019-02-13 01:00:00,153,,,285,108,284,312,118,,203,271,88,76
2019-02-13 02:00:00,151,,,278,102,266,39,108,,141,348,26,88
2019-02-13 03:00:00,104,,,276,137,244,32,101,,111,122,51,128
2019-02-13 04:00:00,322,,,314,147,262,15,114,,167,147,42,132
2019-02-13 05:00:00,315,,,271,6,241,3,100,,142,145,46,139
2019-02-13 06:00:00,315,,,310,39,265,37,102,,96,350,12,140
2019-02-13 07:00:00,328,,,298,325,286,40,106,,296,75,3,234
2019-02-13 08:00:00,331,,,292,139,277,34,101,,161,190,3,243
2019-02-13 09:00:00,18,,,307,167,44,49,100,,126,157,3,268
2019-02-13 10:00:00,52,,,121,112,131,88,88,,124,131,31,81
2019-02-13 11:00:00,67,,,104,108,100,99,61,,128,130,36,66
2019-02-13 12:00:00,70,,,108,103,90,100,84,,138,137,17,65
2019-02-13 13:00:00,46,,,114,103,91,107,98,,123,141,6,64
2019-02-13 14:00:00,36,,,94,100,108,104,94,,128,137,7,58
2019-02-13 15:00:00,128,,,94,98,103,111,99,,147,152,4,50
2019-02-13 16:00:00,121,,,98,95,98,120,113,,131,130,3,63
2019-02-13 17:00:00,137,,,106,93,104,122,97,,120,119,3,71
2019-02-13 18:00:00,143,,,103,90,92,120,126,,117,125,6,82
2019-02-13 19:00:00,123,,,97,82,93,114,105,,119,134,11,68
2019-02-13 20:00:00,134,,,95,85,183,98,128,,144,135,59,67
2019-02-13 21:00:00,140,,,138,110,257,98,124,,154,167,21,126
2019-02-13 22:00:00,140,,,251,148,280,16,109,,123,117,15,155
2019-02-13 23:00:00,35,,,175,145,96,76,113,,109,116,3,155
2019-02-14 00:00:00,357,,,151,127,101,59,174,,156,89,11,122
2019-02-14 01:00:00,340,,,340,117,96,54,253,,105,59,5,121
2019-02-14 02:00:00,8,,,272,4,141,50,267,,203,94,3,153
2019-02-14 03:00:00,283,,,289,317,236,23,269,,289,300,3,180
2019-02-14 04:00:00,282,,,295,300,298,333,264,,336,326,3,222
2019-02-14 05:00:00,292,,,283,261,298,282,274,,320,345,5,156
2019-02-14 06:00:00,265,,,30,269,220,273,112,,282,326,4,138
2019-02-14 07:00:00,246,,,313,270,294,247,104,,249,286,4,162
2019-02-14 08:00:00,299,,,257,285,113,260,92,,209,280,4,103
2019-02-14 09:00:00,133,,,114,274,119,202,94,,128,202,3,333
2019-02-14 10:00:00,84,,,126,281,158,105,90,,231,198,8,73
2019-02-14 11:00:00,61,,,128,292,160,74,83,,335,170,9,69
2019-02-14 12:00:00,117,,,131,299,180,84,77,,134,68,6,80
2019-02-14 13:00:00,96,,,152,313,112,85,351,,158,155,5,80
2019-02-14 14:00:00,82,,,144,317,106,102,86,,182,191,3,82
2019-02-14 15:00:00,76,,,143,331,107,119,96,,153,154,3,84
2019-02-14 16:00:00,85,,,141,108,118,110,105,,131,163,4,86
2019-02-14 17:00:00,67,,,131,101,112,110,101,,117,131,21,87
2019-02-14 18:00:00,60,,,122,97,90,85,109,,120,122,27,79
2019-02-14 19:00:00,62,,,135,76,98,87,106,,118,101,128,86
2019-02-14 20:00:00,30,,,141,133,137,68,146,,196,234,139,113
2019-02-14 21:00:00,339,,,344,79,147,55,104,,179,293,68,131
2019-02-14 22:00:00,296,,,308,39,139,59,96,,216,294,3,148
2019-02-14 23:00:00,260,,,310,342,191,46,111,,266,300,3,197
2019-02-15 00:00:00,243,,,297,242,215,245,329,,257,308,11,184
2019-02-15 01:00:00,259,,,288,290,247,261,192,,304,322,3,233
2019-02-15 02:00:00,243,,,318,304,266,255,255,,282,319,3,235
2019-02-15 03:00:00,252,,,309,294,244,252,147,,260,289,2,249
2019-02-15 04:00:00,227,,,307,287,227,237,104,,259,312,5,222
2019-02-15 05:00:00,288,,,282,290,273,352,282,,325,349,4,189
2019-02-15 06:00:00,261,,,321,284,247,256,225,,290,338,3,250
2019-02-15 07:00:00,321,,,310,291,265,265,318,,318,346,11,252
2019-02-15 08:00:00,313,,,306,289,171,251,243,,324,342,7,241
2019-02-15 09:00:00,327,,,301,275,69,295,262,,326,342,3,242
2019-02-15 10:00:00,30,,,314,282,177,249,297,,354,348,7,278
2019-02-15 11:00:00,254,,,313,286,117,272,314,,354,322,3,335
2019-02-15 12:00:00,64,,,342,290,24,96,339,,352,322,6,74
2019-02-15 13:00:00,111,,,314,300,4,111,302,,273,235,4,80
2019-02-15 14:00:00,100,,,129,296,352,136,307,,216,157,5,79
2019-02-15 15:00:00,108,,,179,284,,136,280,,138,171,4,77
2019-02-15 16:00:00,137,,,285,266,270,118,305,,210,122,6,100
2019-02-15 17:00:00,78,,,286,256,285,316,104,,175,179,3,104
2019-02-15 18:00:00,102,,,285,271,292,124,141,,172,200,3,238
2019-02-15 19:00:00,154,,,126,262,81,190,217,,136,109,3,132
2019-02-15 20:00:00,184,,,118,132,121,94,184,,110,104,11,122
2019-02-15 21:00:00,329,,,158,137,151,82,185,,227,105,37,105
2019-02-15 22:00:00,248,,,261,193,148,62,138,,219,299,50,133
2019-02-15 23:00:00,249,,,277,212,158,33,172,,359,12,3,155
2019-02-16 00:00:00,266,,,296,347,158,22,131,,227,331,8,200
2019-02-16 01:00:00,233,,,302,344,239,5,210,,308,343,3,231
2019-02-16 02:00:00,313,,,295,263,250,284,132,,333,338,3,239
2019-02-16 03:00:00,236,,,312,313,258,237,199,,296,315,3,245
2019-02-16 04:00:00,218,,,276,292,300,238,138,,271,294,,242
2019-02-16 05:00:00,243,,,314,287,211,261,291,,265,289,,271
2019-02-16 06:00:00,273,,,317,296,258,256,290,,264,302,,251
2019-02-16 07:00:00,272,,,319,285,83,254,261,,287,311,6,226
2019-02-16 08:00:00,294,,,330,288,252,249,236,,296,289,3,246
2019-02-16 09:00:00,241,,,314,271,159,264,103,,316,303,3,255
2019-02-16 10:00:00,240,,,291,263,110,268,13,,332,187,3,244
2019-02-16 11:00:00,12,,,249,257,115,54,326,,35,153,4,197
2019-02-16 12:00:00,,,,144,135,115,66,339,,141,156,9,85
2019-02-16 13:00:00,,,,161,103,111,66,341,,129,155,7,85
2019-02-16 14:00:00,,,,188,106,123,77,316,,124,141,3,82
2019-02-16 15:00:00,,,,129,99,95,94,315,,87,155,4,76
2019-02-16 16:00:00,,,,122,96,95,100,82,,123,159,4,78
2019-02-16 17:00:00,,,,104,102,95,108,105,,143,130,4,64
2019-02-16 18:00:00,,,,102,98,98,115,119,,108,119,5,74
2019-02-16 19:00:00,93,,,97,94,97,101,98,,135,137,68,69
2019-02-16 20:00:00,110,,,99,94,129,94,127,,166,183,81,69
2019-02-16 21:00:00,106,,,96,103,283,69,113,,118,92,114,90
2019-02-16 22:00:00,33,,,91,151,148,58,112,,121,78,34,131
2019-02-16 23:00:00,34,,,137,127,123,70,175,,163,80,24,114
2019-02-17 00:00:00,15,,,158,84,130,65,237,,147,186,38,108
2019-02-17 01:00:00,12,,,161,5,89,64,113,,184,198,17,120
2019-02-17 02:00:00,300,,,286,347,290,37,225,,242,207,4,183
2019-02-17 03:00:00,251,,,289,294,278,325,246,,344,314,3,243
2019-02-17 04:00:00,268,,,294,291,281,240,250,,124,213,11,249
2019-02-17 05:00:00,267,,,321,284,130,192,273,,153,120,8,254
2019-02-17 06:00:00,253,,,335,291,122,52,99,,213,189,4,267
2019-02-17 07:00:00,29,,,54,295,133,23,103,,222,148,9,231
2019-02-17 08:00:00,232,,,137,281,127,54,109,,222,198,14,240
2019-02-17 09:00:00,51,,,118,270,41,41,86,,106,163,12,264
2019-02-17 10:00:00,,,,176,269,23,37,309,,352,39,4,89
2019-02-17 11:00:00,77,,,124,100,52,45,298,,319,178,4,96
2019-02-17 12:00:00,92,,,67,100,33,83,303,,325,252,4,80
2019-02-17 13:00:00,80,,,53,100,69,75,300,,344,342,,86
2019-02-17 14:00:00,64,,,50,,67,64,301,,342,84,3,80
2019-02-17 15:00:00,70,,,35,102,42,56,288,,320,145,4,78
2019-02-17 16:00:00,69,,,66,103,41,48,263,,134,139,4,80
2019-02-17 17:00:00,47,,,79,99,33,75,126,,154,151,3,73
2019-02-17 18:00:00,120,,,100,97,105,131,114,,168,155,3,71
2019-02-17 19:00:00,137,,,108,97,122,131,120,,168,160,3,61
2019-02-17 20:00:00,152,,,120,93,117,168,112,,192,186,,60
2019-02-17 21:00:00,131,,,134,97,116,205,119,,203,199,5,68
2019-02-17 22:00:00,132,,,132,111,100,200,104,,197,194,5,77
2019-02-17 23:00:00,120,,,131,111,112,137,129,,135,43,4,81
2019-02-18 00:00:00,104,,,113,102,94,114,101,,68,48,3,70
2019-02-18 01:00:00,69,,,88,99,98,90,69,,74,56,4,59
2019-02-18 02:00:00,59,,,102,90,113,89,106,,125,111,12,61
2019-02-18 03:00:00,57,,,101,96,103,74,74,,128,135,93,77
2019-02-18 04:00:00,60,,,75,106,90,93,77,,142,133,25,80
2019-02-18 05:00:00,72,,,109,124,88,98,78,,146,137,123,75
2019-02-18 06:00:00,53,,,83,112,57,82,101,,133,145,93,60
2019-02-18 07:00:00,30,,,254,119,40,47,121,,126,81,49,80
2019-02-18 08:00:00,20,,,269,103,48,37,160,,125,98,8,82
2019-02-18 09:00:00,26,,,351,96,37,50,263,,177,164,11,74
2019-02-18 10:00:00,21,,,273,98,24,47,306,,194,206,7,75
2019-02-18 11:00:00,61,,,282,95,18,42,99,,189,187,4,66
2019-02-18 12:00:00,109,,,277,88,56,53,101,,182,197,6,87
2019-02-18 13:00:00,128,,,186,94,82,68,81,,171,190,5,93
2019-02-18 14:00:00,95,,,168,96,97,65,98,,152,181,9,80
2019-02-18 15:00:00,77,,,166,97,73,75,79,,166,153,5,65
2019-02-18 16:00:00,66,,,67,103,84,74,94,,109,168,6,66
2019-02-18 17:00:00,83,,,114,116,98,116,112,,115,154,4,77
2019-02-18 18:00:00,71,,,97,112,93,113,107,,134,153,4,71
2019-02-18 19:00:00,67,,,94,98,90,112,108,,150,167,4,67
2019-02-18 20:00:00,76,,,109,88,103,116,115,,182,184,,65
2019-02-18 21:00:00,135,,,113,89,102,122,108,,202,218,3,80
2019-02-18 22:00:00,132,,,105,86,100,119,112,,126,166,4,71
2019-02-18 23:00:00,110,,,88,84,81,81,107,,71,58,3,66
2019-02-19 00:00:00,66,,,95,85,88,93,94,,76,61,7,69
2019-02-19 01:00:00,66,,,120,107,105,112,85,,103,71,10,85
2019-02-19 02:00:00,94,,,107,96,117,109,65,,111,103,6,74
2019-02-19 03:00:00,71,,,125,93,105,116,108,,139,161,8,83
2019-02-19 04:00:00,100,,,106,86,96,123,104,,175,172,14,76
2019-02-19 05:00:00,129,,,103,92,98,118,119,,190,170,25,81
2019-02-19 06:00:00,87,,,101,96,79,85,125,,179,165,33,88
2019-02-19 07:00:00,105,,,100,99,57,72,121,,143,183,20,105
2019-02-19 08:00:00,90,,,91,94,78,90,112,,140,187,40,96
2019-02-19 09:00:00,69,,,117,90,100,93,107,,141,162,37,89
2019-02-19 10:00:00,48,,,134,75,111,84,97,,143,174,6,85
2019-02-19 11:00:00,58,,,150,89,105,88,106,,133,50,8,66
2019-02-19 12:00:00,55,,,144,93,98,68,112,,109,137,,66
2019-02-19 13:00:00,79,,,127,93,95,80,356,,104,119,5,73
2019-02-19 14:00:00,65,,,98,91,102,78,90,,119,120,5,69
2019-02-19 15:00:00,27,,,118,86,117,72,114,,119,103,5,80
2019-02-19 16:00:00,62,,,132,103,106,85,109,,104,72,6,79
2019-02-19 17:00:00,75,,,140,94,113,108,108,,113,104,5,78
2019-02-19 18:00:00,60,,,157,96,120,75,116,,126,111,6,76
2019-02-19 19:00:00,84,,,168,96,116,81,156,,117,128,7,80
2019-02-19 20:00:00,93,,,136,84,108,112,110,,142,143,5,88
2019-02-19 21:00:00,48,,,141,59,112,105,99,,160,133,6,98
2019-02-19 22:00:00,352,,,141,70,112,106,105,,138,138,9,110
2019-02-19 23:00:00,45,,,126,68,65,75,134,,94,77,10,99
2019-02-20 00:00:00,88,,,53,111,35,74,241,,50,356,17,99
2019-02-20 01:00:00,34,,,6,105,,37,280,,356,336,13,100
2019-02-20 02:00:00,25,,,6,106,,40,286,,328,323,7,105
2019-02-20 03:00:00,40,,,194,87,99,31,291,,305,324,3,102
2019-02-20 04:00:00,70,,,211,83,102,27,284,,309,326,7,91
2019-02-20 05:00:00,99,,,189,89,249,18,272,,325,329,4,91
2019-02-20 06:00:00,53,,,24,96,100,36,267,,326,328,8,102
2019-02-20 07:00:00,71,,,35,103,74,28,272,,322,321,4,99
2019-02-20 08:00:00,67,,,14,110,117,28,263,,322,331,4,102
2019-02-20 09:00:00,153,,,150,97,117,114,288,,317,345,8,102
2019-02-20 10:00:00,108,,,148,50,110,36,314,,311,303,5,91
2019-02-20 11:00:00,39,,,310,103,32,42,304,,325,330,5,90
2019-02-20 12:00:00,22,,,51,115,36,47,308,,22,159,5,87
2019-02-20 13:00:00,47,,,47,112,60,60,137,,173,208,,72
2019-02-20 14:00:00,94,,,105,103,82,114,96,,150,157,4,63
2019-02-20 15:00:00,130,,,110,96,99,120,106,,144,170,4,74
2019-02-20 16:00:00,155,,,108,98,104,126,117,,141,152,3,90
2019-02-20 17:00:00,158,,,103,99,105,132,120,,141,147,3,85
2019-02-20 18:00:00,154,,,109,100,108,128,129,,143,143,3,82
2019-02-20 19:00:00,149,,,109,97,110,124,95,,139,128,,70
2019-02-20 20:00:00,153,,,109,92,111,122,114,,156,122,,70
2019-02-20 21:00:00,125,,,103,90,103,116,123,,175,130,4,74
2019-02-20 22:00:00,123,,,101,88,113,115,104,,201,212,5,68
2019-02-20 23:00:00,127,,,106,93,152,119,114,,185,202,34,78
2019-02-21 00:00:00,147,,,122,130,178,163,106,,148,159,122,136
2019-02-21 01:00:00,87,,,102,131,133,115,107,,190,181,102,128
2019-02-21 02:00:00,116,,,112,127,179,157,122,,212,284,112,134
2019-02-21 03:00:00,129,,,119,160,253,215,132,,243,311,119,165
2019-02-21 04:00:00,284,,,111,46,294,315,276,,256,332,111,233
2019-02-21 05:00:00,252,,,292,289,239,9,203,,313,16,292,244
2019-02-21 06:00:00,230,,,286,289,276,4,213,,311,347,286,237
2019-02-21 07:00:00,230,,,313,299,316,80,246,,304,314,313,240
2019-02-21 08:00:00,226,,,323,296,115,243,148,,306,310,323,256
2019-02-21 09:00:00,244,,,319,288,65,260,164,,348,337,319,253
2019-02-21 10:00:00,10,,,316,271,112,16,109,,5,2,316,233
2019-02-21 11:00:00,26,,,229,225,107,33,91,,84,80,229,147
2019-02-21 12:00:00,40,,,242,122,116,72,100,,41,153,242,95
2019-02-21 13:00:00,36,,,319,101,95,65,322,,70,175,319,87
2019-02-21 14:00:00,32,,,153,114,94,41,329,,89,185,153,63
2019-02-21 15:00:00,68,,,157,81,75,75,317,,113,188,157,73
2019-02-21 16:00:00,68,,,153,91,98,79,88,,136,170,153,75
2019-02-21 17:00:00,73,,,110,96,101,117,105,,136,172,110,80
2019-02-21 18:00:00,67,,,111,105,106,101,108,,133,134,111,68
2019-02-21 19:00:00,91,,,92,114,111,111,96,,126,101,92,62
2019-02-21 20:00:00,103,,,104,103,108,114,103,,165,120,104,72
2019-02-21 21:00:00,102,,,101,94,121,107,102,,195,201,101,68
2019-02-21 22:00:00,117,,,107,109,249,117,116,,150,134,107,68
2019-02-21 23:00:00,68,,,100,159,85,119,99,,171,148,100,88
2019-02-22 00:00:00,50,,,109,101,113,76,110,,161,120,109,102
2019-02-22 01:00:00,47,,,142,143,116,99,127,,163,119,142,105
2019-02-22 02:00:00,277,,,151,57,107,83,165,,175,215,151,118
2019-02-22 03:00:00,294,,,268,4,96,81,183,,186,248,268,149
2019-02-22 04:00:00,303,,,299,11,84,70,178,,50,12,299,146
2019-02-22 05:00:00,315,,,304,324,305,40,195,,262,56,304,195
2019-02-22 06:00:00,347,,,299,287,232,16,239,,290,299,299,155
2019-02-22 07:00:00,353,,,305,332,225,329,199,,241,292,305,183
2019-02-22 08:00:00,320,,,293,19,286,312,208,,303,310,293,181
2019-02-22 09:00:00,14,,,173,41,348,289,115,,243,299,173,261
2019-02-22 10:00:00,90,,,159,134,50,326,77,,205,253,159,72
2019-02-22 11:00:00,101,,,17,106,48,64,36,,21,286,17,92
2019-02-22 12:00:00,100,,,165,112,85,60,323,,62,49,165,84
2019-02-22 13:00:00,85,,,143,89,82,65,312,,19,186,143,78
2019-02-22 14:00:00,75,,,161,104,78,68,312,,50,105,161,81
2019-02-22 15:00:00,60,,,154,98,103,71,307,,98,141,154,82
2019-02-22 16:00:00,83,,,133,96,93,72,320,,106,142,133,77
2019-02-22 17:00:00,84,,,112,104,94,94,48,,102,115,112,83
2019-02-22 18:00:00,74,,,122,113,103,104,64,,111,134,122,71
2019-02-22 19:00:00,78,,,119,118,95,107,103,,119,118,119,58
2019-02-22 20:00:00,55,,,146,114,100,92,121,,132,145,146,77
2019-02-22 21:00:00,39,,,141,126,109,102,115,,175,147,141,112
2019-02-22 22:00:00,42,,,156,146,137,112,142,,159,144,156,131
2019-02-22 23:00:00,285,,,184,29,192,80,185,,158,175,184,198
2019-02-23 00:00:00,295,,,247,336,131,98,163,,178,251,247,176
2019-02-23 01:00:00,252,,,271,276,158,181,185,,249,290,271,219
2019-02-23 02:00:00,253,,,317,280,253,241,188,,261,293,317,221
2019-02-23 03:00:00,210,,,207,280,134,59,200,,276,309,207,250
2019-02-23 04:00:00,267,,,160,294,275,281,224,,306,312,160,125
2019-02-23 05:00:00,194,,,307,292,134,57,248,,336,4,307,159
2019-02-23 06:00:00,249,,,108,291,133,223,225,,302,292,108,103
2019-02-23 07:00:00,258,,,114,294,145,216,209,,356,302,114,86
2019-02-23 08:00:00,213,,,115,283,164,265,133,,288,274,115,269
2019-02-23 09:00:00,191,,,126,182,110,287,151,,275,314,126,181
2019-02-23 10:00:00,206,,,298,29,290,238,227,,292,314,298,312
2019-02-23 11:00:00,186,,,179,90,56,1,275,,316,360,179,115
2019-02-23 12:00:00,78,,,240,110,85,59,302,,312,160,240,85
2019-02-23 13:00:00,85,,,173,100,75,46,308,,324,180,173,86
2019-02-23 14:00:00,108,,,175,98,39,63,310,,317,142,175,86
2019-02-23 15:00:00,62,,,229,95,45,64,319,,185,151,229,90
2019-02-23 16:00:00,69,,,65,100,28,61,51,,131,142,65,86
2019-02-23 17:00:00,71,,,34,98,23,89,101,,145,163,34,79
2019-02-23 18:00:00,80,,,113,92,91,119,102,,176,130,113,82
2019-02-23 19:00:00,105,,,136,100,107,118,121,,160,105,136,66
2019-02-23 20:00:00,128,,,189,103,7,80,113,,172,164,189,84
2019-02-23 21:00:00,99,,,347,123,212,26,130,,197,211,347,68
2019-02-23 22:00:00,127,,,215,152,302,18,126,,206,190,215,71
2019-02-23 23:00:00,134,,,332,129,254,241,123,,206,202,332,119
2019-02-24 00:00:00,130,,,130,62,272,139,104,,195,171,130,143
2019-02-24 01:00:00,133,,,132,29,284,46,119,,182,160,132,149
2019-02-24 02:00:00,76,,,278,28,289,40,116,,182,190,278,99
2019-02-24 03:00:00,49,,,198,108,238,42,116,,141,134,198,118
2019-02-24 04:00:00,23,,,337,107,179,37,102,,171,173,337,105
2019-02-24 05:00:00,35,,,87,104,190,44,116,,200,257,87,91
2019-02-24 06:00:00,83,,,114,110,201,113,117,,206,276,114,64
2019-02-24 07:00:00,131,,,158,99,237,48,102,,190,118,158,81
2019-02-24 08:00:00,136,,,288,98,261,51,104,,147,97,288,84
2019-02-24 09:00:00,74,,,94,104,45,51,98,,125,86,94,68
2019-02-24 10:00:00,98,,,94,87,58,91,78,,100,116,94,69
2019-02-24 11:00:00,94,,,101,90,95,107,67,,107,102,101,58
2019-02-24 12:00:00,105,,,95,90,89,100,75,,113,100,95,70
2019-02-24 13:00:00,109,,,99,84,93,120,76,,115,121,99,69
2019-02-24 14:00:00,116,,,104,92,102,120,80,,131,138,104,65
2019-02-24 15:00:00,132,,,103,91,99,125,91,,136,128,103,68
2019-02-24 16:00:00,125,,,100,93,107,113,94,,118,126,100,67
2019-02-24 17:00:00,124,,,99,87,98,112,91,,129,136,99,69
2019-02-24 18:00:00,117,,,105,89,98,120,75,,135,137,105,73
2019-02-24 19:00:00,98,,,105,91,98,119,78,,116,119,105,82
2019-02-24 20:00:00,93,,,94,84,93,108,75,,113,93,94,87
2019-02-24 21:00:00,101,,,95,84,93,112,71,,139,115,95,81
2019-02-24 22:00:00,103,,,100,85,103,120,75,,134,134,100,73
2019-02-24 23:00:00,96,,,97,85,98,113,80,,119,122,97,71
2019-02-25 00:00:00,112,,,99,84,94,111,81,,127,129,99,61
2019-02-25 01:00:00,125,,,100,86,102,107,95,,151,168,100,68
2019-02-25 02:00:00,85,,,103,97,104,117,132,,128,142,103,65
2019-02-25 03:00:00,64,,,103,116,107,118,112,,129,110,103,77
2019-02-25 04:00:00,64,,,101,92,102,104,137,,124,92,101,90
2019-02-25 05:00:00,72,,,118,95,99,90,122,,142,101,118,86
2019-02-25 06:00:00,73,,,136,86,94,85,125,,198,107,136,101
2019-02-25 07:00:00,78,,,144,99,89,85,128,,196,141,144,95
2019-02-25 08:00:00,16,,,30,109,89,58,141,,211,192,30,97
2019-02-25 09:00:00,5,,,322,106,59,40,231,,42,45,322,98
2019-02-25 10:00:00,358,,,296,95,54,43,301,,45,23,296,95
2019-02-25 11:00:00,354,,,185,123,37,32,306,,102,1,185,85
2019-02-25 12:00:00,20,,,143,110,77,73,314,,108,110,143,80
2019-02-25 13:00:00,85,,,153,109,81,77,45,,126,156,153,71
2019-02-25 14:00:00,86,,,112,111,89,74,312,,137,136,112,67
2019-02-25 15:00:00,83,,,108,98,75,104,13,,140,139,108,68
2019-02-25 16:00:00,79,,,97,97,86,114,64,,124,152,97,69
2019-02-25 17:00:00,76,,,98,101,102,122,84,,143,151,98,75
2019-02-25 18:00:00,75,,,104,105,111,120,93,,161,169,104,59
2019-02-25 19:00:00,140,,,105,106,117,129,117,,196,208,105,84
2019-02-25 20:00:00,148,,,132,110,131,205,116,,221,270,132,81
2019-02-25 21:00:00,126,,,119,108,262,223,97,,214,295,119,141
2019-02-25 22:00:00,107,,,68,140,268,253,99,,231,345,68,180
2019-02-25 23:00:00,88,,,51,97,136,59,104,,51,39,51,169
2019-02-26 00:00:00,63,,,118,108,134,68,110,,76,45,118,107
2019-02-26 01:00:00,10,,,143,113,118,55,225,,158,135,143,109
2019-02-26 02:00:00,15,,,133,60,140,77,200,,207,282,133,115
2019-02-26 03:00:00,348,,,120,63,166,83,226,,246,311,120,124
2019-02-26 04:00:00,340,,,103,34,148,44,241,,282,313,103,126
2019-02-26 05:00:00,272,,,306,300,204,,231,,296,307,306,214
2019-02-26 06:00:00,236,,,312,295,247,276,224,,249,308,312,220
2019-02-26 07:00:00,226,,,319,295,210,336,202,,257,292,319,219
2019-02-26 08:00:00,240,,,316,323,264,268,158,,249,314,316,240
2019-02-26 09:00:00,219,,,296,287,268,285,310,,330,295,296,247
2019-02-26 10:00:00,13,,,283,205,318,12,313,,327,359,283,226
2019-02-26 11:00:00,100,,,323,111,323,291,311,,6,21,323,200
2019-02-26 12:00:00,10,,,226,68,39,28,313,,134,161,226,89
2019-02-26 13:00:00,86,,,227,104,50,86,314,,3,163,227,92
2019-02-26 14:00:00,77,,,157,107,91,86,320,,38,157,157,72
2019-02-26 15:00:00,56,,,136,101,102,78,317,,151,154,136,71
2019-02-26 16:00:00,95,,,104,104,104,72,321,,134,169,104,71
2019-02-26 17:00:00,89,,,95,104,111,111,57,,125,157,95,77
2019-02-26 18:00:00,79,,,108,103,89,111,77,,106,126,108,84
2019-02-26 19:00:00,100,,,107,114,93,112,132,,113,130,107,73
2019-02-26 20:00:00,89,,,105,105,114,118,144,,117,55,105,80
2019-02-26 21:00:00,70,,,116,105,161,95,119,,227,288,116,114
2019-02-26 22:00:00,93,,,330,125,210,57,108,,238,300,330,127
2019-02-26 23:00:00,208,,,272,163,208,44,220,,274,313,272,123
2019-02-27 00:00:00,271,,,281,61,255,88,183,,250,299,281,116
2019-02-27 01:00:00,233,,,310,56,252,311,140,,265,232,310,147
2019-02-27 02:00:00,176,,,267,343,240,189,110,,230,186,267,189
2019-02-27 03:00:00,264,,,341,257,233,263,108,,187,283,341,217
2019-02-27 04:00:00,220,,,289,296,207,255,105,,256,308,289,230
2019-02-27 05:00:00,232,,,295,291,314,323,155,,303,1,295,244
2019-02-27 06:00:00,272,,,307,304,293,271,214,,311,10,307,246
2019-02-27 07:00:00,265,,,311,289,292,306,225,,322,349,311,239
2019-02-27 08:00:00,237,,,323,288,301,226,223,,318,319,323,247
2019-02-27 09:00:00,300,,,338,287,202,223,307,,323,146,338,246
2019-02-27 10:00:00,38,,,168,289,123,44,320,,82,153,168,325
2019-02-27 11:00:00,83,,,137,111,106,73,24,,136,173,137,84
2019-02-27 12:00:00,62,,,142,99,109,92,110,,142,151,142,70
2019-02-27 13:00:00,72,,,112,107,100,104,102,,134,147,112,65
2019-02-27 14:00:00,61,,,109,109,96,104,82,,123,151,109,69
2019-02-27 15:00:00,55,,,104,108,92,103,94,,125,147,104,60
2019-02-27 16:00:00,61,,,100,102,90,109,82,,112,147,100,56
2019-02-27 17:00:00,72,,,103,96,92,98,81,,125,135,103,50
2019-02-27 18:00:00,83,,,97,89,102,112,85,,122,124,97,56
2019-02-27 19:00:00,106,,,98,85,83,114,82,,105,102,98,77
2019-02-27 20:00:00,82,,,81,84,78,98,94,,110,81,81,78
2019-02-27 21:00:00,87,,,95,87,99,111,84,,174,93,95,60
2019-02-27 22:00:00,116,,,99,88,70,114,106,,195,116,99,68
2019-02-27 23:00:00,122,,,110,86,95,115,126,,121,127,110,80
2019-02-28 00:00:00,58,,,96,106,67,100,126,,108,128,96,112
2019-02-28 01:00:00,53,,,151,107,97,82,142,,120,92,151,98
2019-02-28 02:00:00,39,,,156,113,99,65,153,,70,38,156,111
2019-02-28 03:00:00,41,,,156,63,90,78,110,,85,82,156,109
2019-02-28 04:00:00,13,,,274,57,325,38,281,,356,45,274,145
2019-02-28 05:00:00,33,,,202,71,96,43,267,,343,341,202,92
2019-02-28 06:00:00,296,,,262,107,258,71,285,,8,11,262,122
2019-02-28 07:00:00,299,,,258,330,242,15,252,,51,358,258,164
2019-02-28 08:00:00,285,,,315,329,264,273,277,,209,195,315,203
2019-02-28 09:00:00,313,,,347,278,289,21,297,,197,195,347,226
2019-02-28 10:00:00,11,,,291,268,17,38,289,,141,33,291,124
2019-02-28 11:00:00,22,,,302,279,12,39,294,,58,46,302,94
2019-02-28 12:00:00,55,,,,95,92,41,294,,43,82,0,90
2019-02-28 13:00:00,69,,,105,105,103,70,297,,97,73,105,92
2019-02-28 14:00:00,91,,,71,105,81,82,300,,105,12,71,98
2019-02-28 15:00:00,98,,,78,108,90,99,4,,117,91,78,90
2019-02-28 16:00:00,91,,,110,107,72,117,91,,123,102,110,76
2019-02-28 17:00:00,116,,,101,110,59,123,90,,121,90,101,65
2019-02-28 18:00:00,136,,,105,101,105,131,99,,108,77,105,65
2019-02-28 19:00:00,135,,,121,97,119,143,93,,123,87,121,70
2019-02-28 20:00:00,122,,,117,91,102,117,106,,117,123,117,68
2019-02-28 21:00:00,91,,,116,99,96,108,103,,101,89,116,88
2019-02-28 22:00:00,86,,,117,99,96,105,106,,138,106,117,94
2019-02-28 23:00:00,53,,,116,100,110,92,99,,182,149,116,100
2019-03-01 00:00:00,,,,,,,,,,,,108,
2019-03-01 01:00:00,84,,,115,85,91,100,109,,172,142,115,112
2019-03-01 02:00:00,52,,,98,99,63,114,128,,119,107,98,103
2019-03-01 03:00:00,76,,,109,107,84,113,104,,133,112,109,78
2019-03-01 04:00:00,70,,,123,113,104,116,110,,162,162,123,85
2019-03-01 05:00:00,44,,,145,131,104,99,111,,139,155,145,112
2019-03-01 06:00:00,85,,,124,147,85,114,107,,161,110,124,107
2019-03-01 07:00:00,335,,,163,110,87,84,176,,213,66,163,116
2019-03-01 08:00:00,91,,,146,96,97,106,168,,124,101,146,203
2019-03-01 09:00:00,79,,,126,107,87,119,103,,139,153,126,93
2019-03-01 10:00:00,102,,,126,152,68,76,157,,147,161,126,104
2019-03-01 11:00:00,39,,,153,109,90,54,307,,222,196,153,84
2019-03-01 12:00:00,47,,,232,69,115,19,30,,119,77,232,57
2019-03-01 13:00:00,70,,,136,96,109,44,40,,79,90,136,77
2019-03-01 14:00:00,93,,,132,102,96,79,93,,108,144,132,69
2019-03-01 15:00:00,77,,,114,101,99,101,102,,121,136,114,67
2019-03-01 16:00:00,63,,,106,99,97,94,106,,120,131,106,60
2019-03-01 17:00:00,130,,,100,102,97,114,98,,129,127,100,54
2019-03-01 18:00:00,131,,,108,89,105,116,95,,133,131,108,68
2019-03-01 19:00:00,126,,,100,87,97,116,108,,125,127,100,65
2019-03-01 20:00:00,76,,,97,97,87,101,99,,130,93,97,61
2019-03-01 21:00:00,110,,,84,96,59,83,110,,184,175,84,62
2019-03-01 22:00:00,108,,,107,94,59,110,99,,163,164,107,64
2019-03-01 23:00:00,99,,,109,81,64,112,113,,124,111,109,75
2019-03-02 00:00:00,70,,,103,90,105,106,97,,137,110,103,87
2019-03-02 01:00:00,60,,,113,102,105,118,121,,164,158,113,105
2019-03-02 02:00:00,70,,,130,117,103,100,112,,136,163,130,105
2019-03-02 03:00:00,33,,,146,92,102,97,124,,88,30,146,123
2019-03-02 04:00:00,352,,,148,55,61,25,147,,57,26,48,132
2019-03-02 05:00:00,30,,,251,42,26,72,228,,70,29,251,184
2019-03-02 06:00:00,88,,,153,57,98,58,256,,57,288,153,200
2019-03-02 07:00:00,57,,,173,29,71,66,244,,119,159,173,239
2019-03-02 08:00:00,56,,,280,103,149,57,232,,45,206,280,226
2019-03-02 09:00:00,24,,,335,40,228,19,259,,56,136,335,300
2019-03-02 10:00:00,37,,,309,93,,26,312,,34,4,309,73
2019-03-02 11:00:00,36,,,300,107,3,36,309,,51,348,300,75
2019-03-02 12:00:00,52,,,269,92,77,50,313,,81,152,269,81
2019-03-02 13:00:00,76,,,161,100,85,76,313,,138,160,161,79
2019-03-02 14:00:00,82,,,129,97,96,98,18,,139,156,129,82
2019-03-02 15:00:00,67,,,105,99,104,99,98,,148,143,105,76
2019-03-02 16:00:00,50,,,103,105,102,103,103,,142,132,103,63
2019-03-02 17:00:00,136,,,98,98,94,131,96,,149,128,98,59
2019-03-02 18:00:00,128,,,101,92,98,120,105,,138,120,101,75
2019-03-02 19:00:00,141,,,101,87,83,125,124,,129,135,101,76
2019-03-02 20:00:00,122,,,90,90,52,87,122,,136,84,90,74
2019-03-02 21:00:00,75,,,69,92,230,61,119,,94,84,69,109
2019-03-02 22:00:00,51,,,74,111,119,62,94,,110,114,74,103
2019-03-02 23:00:00,56,,,105,103,88,84,95,,123,111,105,89
2019-03-03 00:00:00,66,,,114,92,101,94,98,,134,114,114,72
2019-03-03 01:00:00,31,,,138,110,85,99,121,,130,106,138,91
2019-03-03 02:00:00,79,,,164,119,120,95,205,,215,194,164,103
2019-03-03 03:00:00,224,,,218,2,178,240,168,,164,173,218,183
2019-03-03 04:00:00,254,,,311,294,183,220,169,,181,162,311,206
2019-03-03 05:00:00,294,,,270,301,273,23,188,,151,291,270,123
2019-03-03 06:00:00,4,,,295,292,342,26,228,,295,320,295,171
2019-03-03 07:00:00,234,,,318,247,286,319,261,,246,287,318,150
2019-03-03 08:00:00,262,,,305,276,291,266,238,,261,274,305,235
2019-03-03 09:00:00,251,,,277,244,203,268,128,,166,169,277,165
2019-03-03 10:00:00,33,,,307,223,89,281,88,,137,135,307,147
2019-03-03 11:00:00,34,,,325,290,127,50,313,,85,111,225,89
2019-03-03 12:00:00,80,,,148,104,101,47,316,,37,121,148,75
2019-03-03 13:00:00,86,,,90,101,69,61,301,,84,87,90,76
2019-03-03 14:00:00,69,,,53,100,39,57,297,,74,89,53,89
2019-03-03 15:00:00,20,,,32,99,40,35,336,,111,86,32,50
2019-03-03 16:00:00,19,,,26,95,25,44,66,,113,92,26,68
2019-03-03 17:00:00,56,,,46,93,26,75,73,,113,78,46,57
2019-03-03 18:00:00,81,,,50,93,40,114,73,,107,76,50,73
2019-03-03 19:00:00,114,,,66,99,45,92,113,,98,73,66,69
2019-03-03 20:00:00,67,,,86,101,4,115,101,,81,67,86,54
2019-03-03 21:00:00,23,,,85,109,300,31,112,,102,70,85,79
2019-03-03 22:00:00,14,,,277,108,61,39,99,,106,,277,106
2019-03-03 23:00:00,16,,,265,106,73,45,95,,138,,265,101
2019-03-04 00:00:00,13,,,285,108,66,45,103,,157,,285,99
2019-03-04 01:00:00,62,,,102,107,43,72,99,,157,,102,68
2019-03-04 02:00:00,95,,,104,101,98,120,98,,147,,104,70
2019-03-04 03:00:00,91,,,101,105,99,114,96,,151,,101,70
2019-03-04 04:00:00,58,,,106,104,91,98,100,,148,,106,68
2019-03-04 05:00:00,60,,,70,102,30,81,101,,134,,70,60
2019-03-04 06:00:00,25,,,247,99,29,38,100,,108,,247,52
2019-03-04 07:00:00,24,,,227,102,40,42,94,,101,,224,92
2019-03-04 08:00:00,24,,,50,106,43,44,321,,99,,50,104
2019-03-04 09:00:00,51,,,172,101,48,37,296,,159,,172,95
2019-03-04 10:00:00,68,,,127,92,37,41,305,,99,,127,82
2019-03-04 11:00:00,39,,,265,95,51,36,300,,202,,265,74
2019-03-04 12:00:00,34,,,,108,37,36,309,,194,,,82
2019-03-04 13:00:00,32,,,39,105,27,36,300,,,,39,77
2019-03-04 14:00:00,27,,,44,96,31,40,291,,173,,44,73
2019-03-04 15:00:00,33,,,207,94,39,44,296,,212,,207,80
2019-03-04 16:00:00,30,,,46,93,18,42,292,,109,180,46,69
2019-03-04 17:00:00,34,,,60,97,28,41,296,,105,184,60,63
2019-03-04 18:00:00,34,,,254,96,29,39,297,,359,,254,74
2019-03-04 19:00:00,50,,,268,94,43,41,293,,326,,268,69
2019-03-04 20:00:00,75,,,154,99,66,46,294,,311,,154,71
2019-03-04 21:00:00,66,,,109,97,136,48,286,,309,289,109,78
2019-03-04 22:00:00,99,,,207,95,80,49,287,,308,304,207,72
2019-03-04 23:00:00,76,,,295,97,62,54,300,,337,268,295,82
2019-03-05 00:00:00,68,,,279,101,62,51,299,,343,291,279,86
2019-03-05 01:00:00,56,,,249,98,28,49,304,,348,287,249,84
2019-03-05 02:00:00,50,,,299,92,11,36,300,,340,292,299,72
2019-03-05 03:00:00,31,,,299,90,49,39,293,,334,41,299,83
2019-03-05 04:00:00,28,,,219,98,73,42,292,,321,90,219,94
2019-03-05 05:00:00,39,,,222,99,49,46,287,,101,68,222,89
2019-03-05 06:00:00,42,,,188,100,64,56,290,,63,70,188,77
2019-03-05 07:00:00,86,,,126,94,101,67,291,,84,55,126,70
2019-03-05 08:00:00,80,,,350,97,70,53,293,,124,112,350,81
2019-03-05 09:00:00,46,,,52,97,67,40,297,,118,160,52,76
2019-03-05 10:00:00,22,,,32,100,34,40,291,,129,156,32,85
2019-03-05 11:00:00,16,,,42,98,66,26,289,,164,157,42,87
2019-03-05 12:00:00,26,,,194,100,155,66,296,,149,165,194,80
2019-03-05 13:00:00,69,,,204,109,149,105,98,,178,157,204,88
2019-03-05 14:00:00,129,,,143,97,116,139,106,,138,173,143,110
2019-03-05 15:00:00,137,,,124,113,100,111,258,,141,179,124,114
2019-03-05 16:00:00,92,,,133,104,134,129,116,,164,179,133,82
2019-03-05 17:00:00,120,,,135,113,118,139,117,,186,232,135,85
2019-03-05 18:00:00,114,,,122,112,118,144,100,,178,224,122,101
2019-03-05 19:00:00,143,,,121,111,127,176,104,,221,229,121,95
2019-03-05 20:00:00,142,,,130,96,156,224,105,,159,205,130,80
2019-03-05 21:00:00,107,,,120,84,332,213,108,,107,177,120,72
2019-03-05 22:00:00,129,,,112,80,106,185,99,,128,150,112,76
2019-03-05 23:00:00,105,,,111,104,59,111,108,,95,88,111,73
2019-03-06 00:00:00,89,,,72,96,72,73,98,,107,128,72,66
2019-03-06 01:00:00,52,,,90,106,113,70,96,,111,69,90,62
2019-03-06 02:00:00,6,,,97,106,119,57,111,,149,111,97,65
2019-03-06 03:00:00,26,,,75,102,131,86,125,,132,92,75,77
2019-03-06 04:00:00,75,,,80,109,139,100,129,,120,116,80,64
2019-03-06 05:00:00,87,,,134,92,94,139,128,,148,173,134,74
2019-03-06 06:00:00,76,,,115,85,76,140,122,,176,182,115,72
2019-03-06 07:00:00,108,,,128,95,76,147,110,,132,180,128,70
2019-03-06 08:00:00,137,,,111,110,67,59,103,,115,136,111,70
2019-03-06 09:00:00,115,,,94,115,69,76,123,,127,133,94,80
2019-03-06 10:00:00,80,,,98,110,106,115,105,,132,134,98,58
2019-03-06 11:00:00,66,,,112,106,114,129,100,,131,143,112,72
2019-03-06 12:00:00,79,,,112,99,107,119,90,,150,151,112,56
2019-03-06 13:00:00,82,,,88,99,97,109,84,,140,152,88,64
2019-03-06 14:00:00,74,,,98,98,118,136,112,,146,146,98,64
2019-03-06 15:00:00,130,,,119,100,122,145,109,,167,152,119,66
2019-03-06 16:00:00,120,,,130,98,127,184,114,,166,159,130,73
2019-03-06 17:00:00,118,,,133,96,127,201,94,,151,158,133,72
2019-03-06 18:00:00,140,,,127,95,127,171,102,,164,172,127,77
2019-03-06 19:00:00,140,,,121,93,123,133,104,,197,206,121,100
2019-03-06 20:00:00,153,,,113,93,203,189,102,,224,277,113,114
2019-03-06 21:00:00,213,,,131,49,226,198,163,,81,305,131,146
2019-03-06 22:00:00,264,,,138,7,251,205,129,,154,350,138,159
2019-03-06 23:00:00,254,,,249,318,286,263,100,,357,17,249,175
2019-03-07 00:00:00,234,,,285,31,172,195,148,,237,325,285,218
2019-03-07 01:00:00,229,,,309,289,228,1,187,,269,307,309,217
2019-03-07 02:00:00,283,,,333,305,302,289,176,,286,311,333,225
2019-03-07 03:00:00,249,,,314,282,281,256,194,,266,303,314,228
2019-03-07 04:00:00,282,,,322,292,270,263,238,,288,304,322,223
2019-03-07 05:00:00,311,,,324,283,26,293,250,,299,296,324,233
2019-03-07 06:00:00,13,,,327,269,271,273,261,,324,331,327,159
2019-03-07 07:00:00,306,,,298,268,341,251,258,,317,322,298,213
2019-03-07 08:00:00,291,,,286,268,300,244,283,,313,324,286,183
2019-03-07 09:00:00,51,,,354,278,2,281,11,,314,326,354,81
2019-03-07 10:00:00,59,,,181,263,112,21,307,,326,300,181,58
2019-03-07 11:00:00,92,,,131,173,98,10,352,,296,227,131,74
2019-03-07 12:00:00,94,,,155,131,85,13,55,,8,211,155,76
2019-03-07 13:00:00,104,,,151,102,115,49,98,,60,165,151,79
2019-03-07 14:00:00,77,,,139,102,126,80,93,,99,166,139,86
2019-03-07 15:00:00,61,,,132,97,121,99,103,,136,162,132,81
2019-03-07 16:00:00,70,,,142,101,110,82,95,,139,155,142,82
2019-03-07 17:00:00,67,,,116,96,100,89,110,,115,150,116,72
2019-03-07 18:00:00,107,,,87,109,137,104,128,,123,138,87,68
2019-03-07 19:00:00,102,,,91,98,186,95,127,,134,149,91,92
2019-03-07 20:00:00,65,,,86,121,239,75,108,,187,149,86,131
2019-03-07 21:00:00,94,,,221,171,251,57,108,,183,206,221,132
2019-03-07 22:00:00,351,,,256,45,250,30,98,,273,116,256,167
2019-03-07 23:00:00,304,,,286,87,183,52,98,,126,112,286,196
2019-03-08 00:00:00,302,,,152,51,128,63,230,,230,165,152,203
2019-03-08 01:00:00,275,,,294,301,173,43,249,,298,336,294,194
2019-03-08 02:00:00,268,,,298,279,201,24,252,,341,14,298,226
2019-03-08 03:00:00,238,,,295,292,304,282,231,,317,2,295,221
2019-03-08 04:00:00,313,,,308,288,282,13,231,,305,319,308,224
2019-03-08 05:00:00,286,,,309,288,279,327,263,,302,307,309,225
2019-03-08 06:00:00,305,,,304,286,245,281,278,,316,323,304,233
2019-03-08 07:00:00,269,,,311,276,238,281,270,,326,351,311,243
2019-03-08 08:00:00,313,,,318,276,181,258,268,,330,24,318,238
2019-03-08 09:00:00,293,,,320,282,95,276,68,,338,10,320,252
2019-03-08 10:00:00,62,,,284,263,119,183,81,,324,300,284,98
2019-03-08 11:00:00,63,,,182,263,90,32,79,,79,20,182,84
2019-03-08 12:00:00,84,,,143,54,90,61,70,,67,110,143,81
2019-03-08 13:00:00,77,,,131,105,99,66,82,,105,168,131,76
2019-03-08 14:00:00,74,,,152,99,99,86,95,,96,145,152,73
2019-03-08 15:00:00,76,,,147,99,104,82,84,,115,157,147,77
2019-03-08 16:00:00,63,,,107,101,110,87,91,,121,150,107,75
2019-03-08 17:00:00,61,,,103,102,106,10,89,,137,151,103,70
2019-03-08 18:00:00,90,,,103,95,96,124,82,,124,129,103,69
2019-03-08 19:00:00,107,,,102,84,97,125,116,,118,121,102,77
2019-03-08 20:00:00,106,,,96,99,187,100,123,,140,142,96,91
2019-03-08 21:00:00,145,,,121,118,185,57,106,,144,160,121,137
2019-03-08 22:00:00,113,,,265,147,265,5,119,,152,163,265,145
2019-03-08 23:00:00,324,,,277,153,262,291,121,,161,170,277,196
2019-03-09 00:00:00,291,,,295,229,276,275,107,,133,132,295,245
2019-03-09 01:00:00,231,,,296,255,293,16,215,,92,112,296,249
2019-03-09 02:00:00,298,,,296,293,308,41,235,,321,111,296,234
2019-03-09 03:00:00,300,,,297,291,311,28,252,,16,87,297,170
2019-03-09 04:00:00,298,,,303,271,284,9,90,,309,29,303,205
2019-03-09 05:00:00,280,,,298,270,244,349,62,,308,328,298,226
2019-03-09 06:00:00,244,,,328,297,268,325,244,,255,305,328,156
2019-03-09 07:00:00,280,,,262,295,292,232,207,,236,295,262,273
2019-03-09 08:00:00,242,,,46,293,228,209,139,,156,270,45,130
2019-03-09 09:00:00,187,,,119,290,193,218,143,,199,138,119,192
2019-03-09 10:00:00,62,,,133,299,90,54,64,,52,254,133,116
2019-03-09 11:00:00,153,,,133,303,140,226,320,,231,253,133,87
2019-03-09 12:00:00,124,,,127,313,344,173,14,,346,101,127,94
2019-03-09 13:00:00,132,,,144,311,331,332,76,,38,138,144,77
2019-03-09 14:00:00,127,,,189,329,334,325,74,,85,40,189,105
2019-03-09 15:00:00,119,,,140,323,356,89,64,,78,71,140,83
2019-03-09 16:00:00,94,,,87,4,48,83,63,,89,74,87,98
2019-03-09 17:00:00,79,,,82,97,48,99,59,,80,72,82,56
2019-03-09 18:00:00,82,,,58,86,32,83,69,,88,71,58,52
2019-03-09 19:00:00,80,,,94,85,71,107,71,,107,64,94,58
2019-03-09 20:00:00,90,,,99,89,107,126,98,,157,182,99,61
2019-03-09 21:00:00,124,,,109,84,137,130,109,,184,201,109,74
2019-03-09 22:00:00,136,,,115,84,129,112,106,,195,184,115,72
2019-03-09 23:00:00,152,,,130,90,228,109,106,,169,158,130,72
2019-03-10 00:00:00,138,,,122,103,255,117,110,,166,156,122,85
2019-03-10 01:00:00,142,,,,150,191,85,107,,109,318,113,110
2019-03-10 02:00:00,330,,,,171,206,41,111,,89,45,148,157
2019-03-10 03:00:00,335,,,,135,183,38,262,,232,251,256,144
2019-03-10 04:00:00,274,,,,72,155,63,202,,214,233,330,165
2019-03-10 05:00:00,242,,,308,11,249,18,176,,172,159,308,238
2019-03-10 06:00:00,234,,,303,292,262,15,239,,133,144,303,229
2019-03-10 07:00:00,273,,,314,290,197,32,242,,107,199,314,224
2019-03-10 08:00:00,258,,,326,284,109,123,231,,181,221,326,217
2019-03-10 09:00:00,64,,,140,231,92,99,119,,199,198,140,114
2019-03-10 10:00:00,55,,,147,268,88,74,84,,138,209,147,64
2019-03-10 11:00:00,81,,,140,184,101,85,33,,114,168,140,78
2019-03-10 12:00:00,,,,146,113,97,108,319,,145,173,146,78
2019-03-10 13:00:00,,,,152,95,100,97,323,,167,156,152,80
2019-03-10 14:00:00,,,,156,98,111,93,93,,129,167,156,75
2019-03-10 15:00:00,,,,137,105,113,80,111,,130,168,137,79
2019-03-10 16:00:00,,,,98,99,106,78,105,,139,164,98,68
2019-03-10 17:00:00,,,,82,95,115,90,104,,135,146,82,67
2019-03-10 18:00:00,98,,,96,90,91,124,115,,125,142,96,60
2019-03-10 19:00:00,98,,,92,87,90,116,110,,122,137,92,69
2019-03-10 20:00:00,121,,,86,91,81,90,117,,131,98,85,69
2019-03-10 21:00:00,94,,,75,84,124,71,105,,162,122,75,72
2019-03-10 22:00:00,78,,,74,102,10,47,100,,94,75,74,80
2019-03-10 23:00:00,66,,,87,89,91,73,117,,89,63,87,93
2019-03-11 00:00:00,76,,,112,90,96,71,114,,171,146,113,91
2019-03-11 01:00:00,69,,,95,112,105,79,118,,152,151,95,88
2019-03-11 02:00:00,95,,,107,87,111,114,124,,130,128,107,92
2019-03-11 03:00:00,5,,,144,100,88,53,112,,121,110,144,165
2019-03-11 04:00:00,77,,,282,107,51,73,224,,98,68,282,108
2019-03-11 05:00:00,102,,,346,108,36,52,240,,92,101,346,110
2019-03-11 06:00:00,83,,,36,142,40,60,197,,85,74,36,96
2019-03-11 07:00:00,116,,,126,117,41,49,228,,58,46,126,108
2019-03-11 08:00:00,45,,,85,127,56,44,207,,66,56,85,107
2019-03-11 09:00:00,88,,,108,100,80,107,115,,94,89,108,86
2019-03-11 10:00:00,82,,,107,106,94,124,98,,109,102,107,71
2019-03-11 11:00:00,69,,,105,103,90,103,81,,114,122,105,68
2019-03-11 12:00:00,80,,,82,105,85,91,65,,90,144,82,82
2019-03-11 13:00:00,78,,,92,103,86,98,57,,122,167,92,76
2019-03-11 14:00:00,74,,,93,107,97,98,78,,149,152,93,78
2019-03-11 15:00:00,105,,,104,101,107,120,111,,134,173,104,70
2019-03-11 16:00:00,127,,,98,93,91,107,88,,148,156,98,81
2019-03-11 17:00:00,86,,,97,84,82,99,67,,115,194,97,74
2019-03-11 18:00:00,96,,,88,83,88,103,63,,132,199,88,73
2019-03-11 19:00:00,97,,,84,87,73,99,94,,119,57,84,82
2019-03-11 20:00:00,94,,,79,98,89,76,112,,142,38,79,102
2019-03-11 21:00:00,108,,,77,109,129,77,126,,104,70,77,91
2019-03-11 22:00:00,78,,,94,96,99,93,77,,93,91,94,73
2019-03-11 23:00:00,86,,,96,86,92,98,77,,111,102,96,65
2019-03-12 00:00:00,104,,,93,88,90,104,89,,112,123,93,56
2019-03-12 01:00:00,83,,,98,86,93,101,87,,111,121,98,53
2019-03-12 02:00:00,73,,,88,81,78,85,98,,116,118,88,52
2019-03-12 03:00:00,55,,,96,87,86,87,106,,106,104,96,55
2019-03-12 04:00:00,60,,,105,90,97,92,88,,109,117,105,58
2019-03-12 05:00:00,60,,,97,95,84,99,94,,103,124,97,64
2019-03-12 06:00:00,69,,,92,94,84,105,105,,104,117,92,60
2019-03-12 07:00:00,70,,,102,94,91,104,113,,87,116,102,75
2019-03-12 08:00:00,83,,,100,94,88,107,113,,73,79,100,75
2019-03-12 09:00:00,88,,,104,89,94,123,95,,93,64,104,63
2019-03-12 10:00:00,79,,,101,86,92,122,85,,109,134,101,52
2019-03-12 11:00:00,71,,,101,90,93,109,68,,131,152,101,58
2019-03-12 12:00:00,70,,,100,96,105,118,74,,154,164,100,53
2019-03-12 13:00:00,108,,,101,96,111,127,97,,170,176,101,52
2019-03-12 14:00:00,127,,,107,93,108,125,93,,170,177,107,65
2019-03-12 15:00:00,126,,,110,93,112,133,99,,174,206,110,73
2019-03-12 16:00:00,131,,,109,87,108,131,97,,172,207,109,68
2019-03-12 17:00:00,145,,,118,87,105,129,94,,166,153,113,68
2019-03-12 18:00:00,138,,,105,91,96,120,97,,140,147,105,64
2019-03-12 19:00:00,132,,,108,82,104,126,93,,141,150,108,67
2019-03-12 20:00:00,140,,,109,82,95,124,102,,143,154,109,66
2019-03-12 21:00:00,137,,,105,85,99,132,95,,133,154,105,58
2019-03-12 22:00:00,150,,,105,93,109,126,88,,142,152,105,57
2019-03-12 23:00:00,146,,,98,110,120,140,129,,148,149,98,69
2019-03-13 00:00:00,113,,,72,162,136,130,139,,135,152,72,135
2019-03-13 01:00:00,230,,,112,178,151,145,195,,126,144,112,97
2019-03-13 02:00:00,339,,,319,167,151,55,240,,83,126,319,131
2019-03-13 03:00:00,320,,,264,170,156,24,271,,48,107,264,165
2019-03-13 04:00:00,298,,,294,263,341,9,262,,309,158,294,164
2019-03-13 05:00:00,261,,,269,228,306,321,270,,315,320,269,197
2019-03-13 06:00:00,224,,,356,27,294,277,275,,333,338,356,128
2019-03-13 07:00:00,234,,,113,30,268,355,269,,335,328,113,191
2019-03-13 08:00:00,150,,,160,308,147,10,280,,340,340,160,60
2019-03-13 09:00:00,147,,,139,139,111,112,283,,302,333,139,84
2019-03-13 10:00:00,119,,,148,98,123,77,67,,286,317,148,78
2019-03-13 11:00:00,102,,,151,98,143,68,46,,341,219,151,77
2019-03-13 12:00:00,,,,,,,84,,,,,141,
2019-03-13 13:00:00,87,,,135,276,116,112,103,,164,143,135,74
2019-03-13 14:00:00,105,,,133,282,124,141,117,,123,179,133,75
2019-03-13 15:00:00,80,,,123,291,109,123,100,,141,148,123,78
2019-03-13 16:00:00,117,,,112,298,106,115,94,,146,165,112,77
2019-03-13 17:00:00,154,,,107,321,111,127,103,,172,180,107,88
2019-03-13 18:00:00,157,,,111,107,119,136,136,,168,158,111,76
2019-03-13 19:00:00,148,,,136,104,126,167,119,,173,154,136,63
2019-03-13 20:00:00,154,,,123,110,164,198,122,,198,198,123,122
2019-03-13 21:00:00,186,,,99,141,256,212,121,,241,297,99,214
2019-03-13 22:00:00,210,,,214,184,236,199,143,,224,301,214,203
2019-03-13 23:00:00,238,,,322,132,241,236,220,,220,296,322,202
2019-03-14 00:00:00,231,,,300,138,236,242,191,,290,298,300,225
2019-03-14 01:00:00,214,,,271,235,247,244,144,,268,292,271,207
2019-03-14 02:00:00,234,,,315,294,261,251,194,,196,269,315,266
2019-03-14 03:00:00,284,,,291,280,253,345,194,,314,354,291,243
2019-03-14 04:00:00,233,,,326,290,268,252,232,,348,3,326,231
2019-03-14 05:00:00,7,,,312,271,303,221,234,,344,354,312,231
2019-03-14 06:00:00,248,,,327,269,241,287,209,,336,351,327,248
2019-03-14 07:00:00,224,,,330,260,269,153,252,,323,359,330,245
2019-03-14 08:00:00,254,,,306,304,286,276,272,,319,335,306,255
2019-03-14 09:00:00,58,,,348,273,64,27,287,,350,345,348,106
2019-03-14 10:00:00,28,,,23,310,8,33,290,,348,340,,110
2019-03-14 11:00:00,28,,,37,106,11,31,289,,,331,,99
2019-03-14 12:00:00,34,,,30,107,24,51,291,,,327,,86
2019-03-14 13:00:00,38,,,45,105,40,59,296,,329,324,,65
2019-03-14 14:00:00,33,,,36,102,20,40,300,,311,37,,70
2019-03-14 15:00:00,24,,,22,102,27,40,288,,268,82,,63
2019-03-14 16:00:00,18,,,38,101,22,33,292,,58,69,,56
2019-03-14 17:00:00,40,,,45,98,36,42,40,,104,86,,58
2019-03-14 18:00:00,56,,,34,85,33,46,69,,93,79,,51
2019-03-14 19:00:00,93,,,58,82,50,102,80,,107,105,,73
2019-03-14 20:00:00,107,,,100,82,97,124,90,,139,152,,85
2019-03-14 21:00:00,150,,,107,88,111,125,110,,155,166,,64
2019-03-14 22:00:00,141,,,101,81,123,136,104,,164,164,,61
2019-03-14 23:00:00,137,,,106,80,116,127,114,,175,166,,64
2019-03-15 00:00:00,145,,,108,76,114,123,113,,177,168,,63
2019-03-15 01:00:00,110,,,116,79,113,136,119,,187,175,,62
2019-03-15 02:00:00,134,,,113,79,113,119,102,,159,115,,59
2019-03-15 03:00:00,94,,,88,78,67,89,103,,81,54,,74
2019-03-15 04:00:00,70,,,68,89,269,80,109,,92,50,,71
2019-03-15 05:00:00,81,,,74,101,54,102,101,,86,61,,66
2019-03-15 06:00:00,97,,,39,99,18,63,69,,155,66,,74
2019-03-15 07:00:00,36,,,30,93,10,28,77,,105,61,,49
2019-03-15 08:00:00,6,,,30,99,10,31,56,,117,61,,35
2019-03-15 09:00:00,12,,,34,106,13,31,71,,135,68,,27
2019-03-15 10:00:00,8,,,30,101,19,33,87,,121,72,,35
2019-03-15 11:00:00,31,,,32,91,20,32,71,,117,75,,36
2019-03-15 12:00:00,96,,,61,97,33,122,60,,102,87,,77
2019-03-15 13:00:00,122,,,116,84,105,144,77,,126,94,,94
2019-03-15 14:00:00,142,,,118,110,110,137,96,,104,68,,105
2019-03-15 15:00:00,138,,,107,102,102,124,82,,94,78,,99
2019-03-15 16:00:00,97,,,109,101,104,131,71,,96,76,,101
2019-03-15 17:00:00,353,,,117,101,134,108,56,,92,71,,105
2019-03-15 18:00:00,7,,,127,76,140,55,309,,33,44,,113
2019-03-15 19:00:00,155,,,141,108,132,195,296,,342,342,,99
2019-03-15 20:00:00,88,,,121,106,127,127,175,,73,360,,82
2019-03-15 21:00:00,93,,,115,100,104,97,140,,150,141,,92
2019-03-15 22:00:00,49,,,117,103,130,79,127,,102,159,,81
2019-03-15 23:00:00,27,,,135,106,135,83,143,,207,275,,82
2019-03-16 00:00:00,45,,,170,124,102,84,106,,197,211,,92
2019-03-16 01:00:00,58,,,159,132,34,69,163,,132,185,,110
2019-03-16 02:00:00,104,,,122,120,308,354,199,,71,201,,111
2019-03-16 03:00:00,199,,,124,105,294,251,122,,89,165,,92
2019-03-16 04:00:00,71,,,130,70,354,48,116,,112,131,,89
2019-03-16 05:00:00,109,,,101,81,47,62,167,,79,119,,113
2019-03-16 06:00:00,115,,,168,97,72,64,133,,170,220,,83
2019-03-16 07:00:00,51,,,170,117,40,59,187,,65,17,,105
2019-03-16 08:00:00,55,,,187,115,54,48,224,,41,33,,99
2019-03-16 09:00:00,37,,,158,105,14,41,273,,332,337,,91
2019-03-16 10:00:00,14,,,35,108,34,36,104,,215,263,,70
2019-03-16 11:00:00,40,,,45,103,57,43,109,,266,51,,72
2019-03-16 12:00:00,84,,,96,104,95,75,111,,238,236,,82
2019-03-16 13:00:00,102,,,118,107,95,91,108,,196,180,,91
2019-03-16 14:00:00,91,,,108,112,64,80,290,,167,149,,87
2019-03-16 15:00:00,81,,,76,110,66,67,298,,111,141,,92
2019-03-16 16:00:00,122,,,95,107,67,80,80,,118,132,,105
2019-03-16 17:00:00,95,,,92,112,89,106,70,,111,99,,89
2019-03-16 18:00:00,96,,,109,108,99,130,72,,119,97,,71
2019-03-16 19:00:00,140,,,105,112,106,126,100,,127,125,,82
2019-03-16 20:00:00,117,,,99,98,106,117,135,,131,128,,59
2019-03-16 21:00:00,90,,,106,96,122,120,106,,138,135,,60
2019-03-16 22:00:00,75,,,115,98,130,118,116,,177,143,,71
2019-03-16 23:00:00,82,,,118,114,114,111,136,,198,194,,75
2019-03-17 00:00:00,79,,,140,128,113,104,119,,195,263,,71
2019-03-17 01:00:00,108,,,118,140,98,107,108,,190,282,,80
2019-03-17 02:00:00,98,,,118,111,106,100,124,,217,290,,77
2019-03-17 03:00:00,106,,,104,120,10,93,217,,153,303,,94
2019-03-17 04:00:00,58,,,290,91,308,74,204,,165,325,,100
2019-03-17 05:00:00,76,,,307,110,328,47,167,,100,285,,83
2019-03-17 06:00:00,79,,,237,91,70,42,118,,132,267,,86
2019-03-17 07:00:00,64,,,175,69,30,45,199,,214,304,,95
2019-03-17 08:00:00,62,,,244,21,54,39,164,,207,267,,106
2019-03-17 09:00:00,2,,,258,173,65,21,304,,255,241,,87
2019-03-17 10:00:00,94,,,7,106,46,15,310,,16,228,,64
2019-03-17 11:00:00,76,,,164,94,130,58,310,,305,112,,89
2019-03-17 12:00:00,79,,,228,118,121,81,329,,113,126,,83
2019-03-17 13:00:00,72,,,59,100,58,59,305,,275,64,,79
2019-03-17 14:00:00,48,,,119,115,89,80,315,,339,338,,91
2019-03-17 15:00:00,130,,,117,109,124,76,293,,33,49,,102
2019-03-17 16:00:00,133,,,144,90,130,148,302,,72,135,,101
2019-03-17 17:00:00,118,,,102,103,76,126,149,,133,128,,100
2019-03-17 18:00:00,159,,,95,111,97,125,113,,130,124,,96
2019-03-17 19:00:00,117,,,101,92,105,131,97,,105,85,,91
2019-03-17 20:00:00,104,,,94,101,84,119,76,,124,131,,64
2019-03-17 21:00:00,88,,,100,54,100,104,107,,137,139,,76
2019-03-17 22:00:00,94,,,96,91,103,111,114,,138,140,,100
2019-03-17 23:00:00,138,,,103,92,114,122,107,,152,139,,78
2019-03-18 00:00:00,113,,,110,126,113,123,122,,138,144,,89
2019-03-18 01:00:00,70,,,136,105,102,104,130,,132,121,,107
2019-03-18 02:00:00,67,,,114,97,110,116,106,,115,136,,86
2019-03-18 03:00:00,58,,,107,95,99,86,108,,120,155,,85
2019-03-18 04:00:00,37,,,102,91,91,45,141,,71,130,,73
2019-03-18 05:00:00,53,,,83,80,37,50,110,,101,104,,
2019-03-18 06:00:00,26,,,58,,34,33,183,,45,46,,
2019-03-18 07:00:00,12,,,259,,7,34,123,,57,48,,99
2019-03-18 08:00:00,23,,,168,,126,80,255,,48,23,,107
2019-03-18 09:00:00,156,,,140,,72,148,298,,168,336,,83
2019-03-18 10:00:00,58,,,140,,81,99,129,,160,249,,106
2019-03-18 11:00:00,81,,,139,,95,98,103,,177,266,,84
2019-03-18 12:00:00,80,,,133,,111,119,115,,158,294,,80
2019-03-18 13:00:00,43,,,349,,176,184,217,,283,292,,150
2019-03-18 14:00:00,128,,,125,49,112,135,114,,138,41,,82
2019-03-18 15:00:00,26,,,111,88,132,94,102,,191,225,,96
2019-03-18 16:00:00,75,,,128,94,121,122,108,,121,346,,84
2019-03-18 17:00:00,58,,,124,102,123,111,118,,187,207,,81
2019-03-18 18:00:00,63,,,120,106,114,109,103,,192,227,,83
2019-03-18 19:00:00,96,,,122,106,121,125,130,,252,293,,81
2019-03-18 20:00:00,123,,,126,109,141,203,120,,172,241,,89
2019-03-18 21:00:00,233,,,99,96,312,251,97,,140,200,,81
2019-03-18 22:00:00,44,,,118,100,80,223,167,,77,214,,82
2019-03-18 23:00:00,78,,,123,16,64,182,256,,84,162,,109
2019-03-19 00:00:00,67,,,148,351,131,105,160,,158,222,,107
2019-03-19 01:00:00,35,,,131,152,121,59,254,,296,38,,119
2019-03-19 02:00:00,19,,,237,69,113,343,302,,330,329,,115
2019-03-19 03:00:00,348,,,306,129,297,343,291,,323,340,,122
2019-03-19 04:00:00,285,,,305,256,273,274,274,,316,342,,230
2019-03-19 05:00:00,240,,,302,324,285,262,298,,295,329,,240
2019-03-19 06:00:00,259,,,313,325,295,276,230,,314,309,,223
2019-03-19 07:00:00,226,,,315,345,123,331,232,,320,327,,220
2019-03-19 08:00:00,220,,,51,288,120,293,256,,299,320,,214
2019-03-19 09:00:00,230,,,32,61,208,247,233,,262,289,,146
2019-03-19 10:00:00,26,,,279,108,90,29,90,,220,33,,20
2019-03-19 11:00:00,56,,,104,97,94,71,128,,102,71,,87
2019-03-19 12:00:00,75,,,105,100,92,76,89,,101,102,,80
2019-03-19 13:00:00,72,,,75,101,81,73,66,,113,121,,63
2019-03-19 14:00:00,71,,,87,103,75,77,60,,130,114,,50
2019-03-19 15:00:00,81,,,84,106,81,100,62,,93,104,,59
2019-03-19 16:00:00,84,,,93,103,92,87,106,,113,86,,66
2019-03-19 17:00:00,129,,,105,110,92,109,113,,114,87,,87
2019-03-19 18:00:00,139,,,107,110,97,117,113,,120,122,,80
2019-03-19 19:00:00,121,,,106,102,110,118,107,,140,147,,84
2019-03-19 20:00:00,144,,,113,98,117,129,128,,164,143,,76
2019-03-19 21:00:00,139,,,118,95,125,133,129,,194,146,,73
2019-03-19 22:00:00,113,,,136,102,127,150,106,,184,175,,64
2019-03-19 23:00:00,111,,,141,99,116,152,104,,175,170,,75
2019-03-20 00:00:00,113,,,120,91,115,147,103,,175,125,,76
2019-03-20 01:00:00,124,,,105,80,123,110,118,,98,94,,90
2019-03-20 02:00:00,132,,,106,109,72,62,128,,117,113,,99
2019-03-20 03:00:00,31,,,129,131,54,44,149,,101,97,,87
2019-03-20 04:00:00,48,,,255,76,42,55,300,,81,61,,110
2019-03-20 05:00:00,3,,,277,44,37,36,283,,42,345,,135
2019-03-20 06:00:00,252,,,299,43,265,9,288,,355,318,,139
2019-03-20 07:00:00,230,,,295,307,346,358,246,,58,286,,227
2019-03-20 08:00:00,221,,,266,283,339,9,241,,35,260,,106
2019-03-20 09:00:00,312,,,289,318,317,325,265,,323,183,,93
2019-03-20 10:00:00,3,,,163,276,67,9,282,,56,85,,82
2019-03-20 11:00:00,38,,,127,259,104,35,303,,76,101,,96
2019-03-20 12:00:00,60,,,175,112,90,58,306,,44,70,,98
2019-03-20 13:00:00,50,,,269,97,130,74,291,,342,43,,107
2019-03-20 14:00:00,33,,,282,90,138,82,297,,93,81,,118
2019-03-20 15:00:00,9,,,124,103,106,85,210,,80,95,,107
2019-03-20 16:00:00,100,,,120,113,112,129,81,,111,88,,79
2019-03-20 17:00:00,101,,,122,112,101,133,138,,99,65,,91
2019-03-20 18:00:00,94,,,114,108,89,129,112,,120,86,,88
2019-03-20 19:00:00,108,,,107,102,77,107,112,,107,158,,89
2019-03-20 20:00:00,130,,,107,97,80,128,139,,150,185,,91
2019-03-20 21:00:00,139,,,109,91,98,144,125,,182,182,,89
2019-03-20 22:00:00,70,,,107,119,83,114,127,,109,94,,100
2019-03-20 23:00:00,70,,,96,116,81,90,120,,98,89,,107
2019-03-21 00:00:00,80,,,106,85,78,93,106,,96,86,,87
2019-03-21 01:00:00,83,,,112,97,85,107,116,,103,132,,91
2019-03-21 02:00:00,61,,,118,98,81,117,111,,130,126,,89
2019-03-21 03:00:00,70,,,115,100,93,104,109,,115,109,,95
2019-03-21 04:00:00,53,,,109,88,78,102,116,,111,113,,88
2019-03-21 05:00:00,61,,,94,88,68,85,102,,97,90,,85
2019-03-21 06:00:00,71,,,102,92,83,76,98,,103,85,,80
2019-03-21 07:00:00,79,,,129,98,97,81,110,,118,99,,80
2019-03-21 08:00:00,73,,,98,100,97,104,105,,112,103,,76
2019-03-21 09:00:00,67,,,97,94,92,92,110,,114,108,,68
2019-03-21 10:00:00,59,,,104,97,89,80,111,,117,131,,70
2019-03-21 11:00:00,58,,,115,96,92,72,131,,134,123,,64
2019-03-21 12:00:00,65,,,130,93,87,92,126,,133,132,,82
2019-03-21 13:00:00,69,,,95,102,80,87,116,,117,128,,74
2019-03-21 14:00:00,68,,,86,100,82,79,73,,101,87,,62
2019-03-21 15:00:00,60,,,89,85,75,83,92,,91,73,,65
2019-03-21 16:00:00,58,,,82,88,73,76,104,,87,74,,66
2019-03-21 17:00:00,67,,,93,86,95,83,101,,106,122,,59
2019-03-21 18:00:00,69,,,100,87,97,91,98,,122,137,,61
2019-03-21 19:00:00,75,,,101,87,86,98,94,,150,162,,60
2019-03-21 20:00:00,57,,,103,82,88,93,100,,154,156,,61
2019-03-21 21:00:00,54,,,106,84,102,99,98,,148,143,,66
2019-03-21 22:00:00,2,,,107,83,96,99,87,,138,145,,68
2019-03-21 23:00:00,56,,,103,92,88,109,100,,135,143,,70
2019-03-22 00:00:00,79,,,102,89,97,115,85,,114,132,,59
2019-03-22 01:00:00,65,,,101,92,82,115,40,,104,113,,68
2019-03-22 02:00:00,85,,,92,101,66,93,16,,86,119,,80
2019-03-22 03:00:00,9,,,74,109,56,64,307,,79,75,,108
2019-03-22 04:00:00,345,,,206,148,60,51,322,,6,24,,129
2019-03-22 05:00:00,21,,,191,121,49,38,48,,64,8,,106
2019-03-22 06:00:00,332,,,282,130,16,36,280,,28,357,,123
2019-03-22 07:00:00,48,,,261,103,301,32,310,,334,9,,109
2019-03-22 08:00:00,14,,,270,94,176,17,309,,359,356,,104
2019-03-22 09:00:00,59,,,188,105,77,30,313,,30,20,,89
2019-03-22 10:00:00,78,,,143,102,84,52,319,,74,109,,112
2019-03-22 11:00:00,79,,,181,106,104,67,322,,83,319,,94
2019-03-22 12:00:00,85,,,142,106,76,71,175,,187,210,,89
2019-03-22 13:00:00,91,,,112,112,120,87,95,,176,166,,75
2019-03-22 14:00:00,105,,,102,108,72,108,108,,141,177,,70
2019-03-22 15:00:00,136,,,110,109,74,111,108,,167,177,,80
2019-03-22 16:00:00,101,,,106,103,97,120,100,,130,122,,70
2019-03-22 17:00:00,85,,,105,100,80,104,116,,112,94,,73
2019-03-22 18:00:00,70,,,105,93,83,108,108,,119,99,,89
2019-03-22 19:00:00,48,,,108,96,89,82,111,,108,129,,73
2019-03-22 20:00:00,44,,,116,110,81,74,145,,151,104,,110
2019-03-22 21:00:00,60,,,100,123,96,94,126,,116,88,,82
2019-03-22 22:00:00,62,,,92,108,89,100,123,,99,88,,75
2019-03-22 23:00:00,53,,,106,135,33,83,143,,106,122,,84
2019-03-23 00:00:00,20,,,35,145,347,87,234,,115,126,,131
2019-03-23 01:00:00,71,,,104,124,83,109,335,,117,131,,145
2019-03-23 02:00:00,53,,,95,113,56,81,198,,60,50,,104
2019-03-23 03:00:00,13,,,257,116,66,53,289,,360,22,,132
2019-03-23 04:00:00,53,,,214,114,61,47,306,,6,13,,102
2019-03-23 05:00:00,32,,,200,89,54,45,298,,324,341,,103
2019-03-23 06:00:00,76,,,239,71,72,45,274,,322,340,,88
2019-03-23 07:00:00,295,,,280,352,12,35,290,,325,359,,248
2019-03-23 08:00:00,315,,,299,265,353,26,278,,335,341,,260
2019-03-23 09:00:00,77,,,213,253,99,42,117,,63,5,,80
2019-03-23 10:00:00,88,,,192,266,103,175,330,,263,9,,76
2019-03-23 11:00:00,48,,,169,253,132,118,349,,264,207,,63
2019-03-23 12:00:00,74,,,137,101,124,60,336,,129,132,,72
2019-03-23 13:00:00,83,,,121,99,113,83,70,,172,154,,69
2019-03-23 14:00:00,80,,,101,100,109,113,94,,160,154,,73
2019-03-23 15:00:00,75,,,99,103,104,125,100,,122,158,,61
2019-03-23 16:00:00,107,,,109,99,100,120,91,,149,156,,54
2019-03-23 17:00:00,137,,,102,101,104,123,96,,134,163,,77
2019-03-23 18:00:00,118,,,99,103,107,121,79,,130,163,,78
2019-03-23 19:00:00,99,,,101,93,94,123,77,,91,79,,77
2019-03-23 20:00:00,82,,,83,82,104,83,114,,83,57,,78
2019-03-23 21:00:00,87,,,109,93,149,116,109,,186,109,,86
2019-03-23 22:00:00,132,,,133,111,169,149,105,,162,137,,139
2019-03-23 23:00:00,93,,,106,174,92,115,117,,125,123,,115
2019-03-24 00:00:00,76,,,105,110,96,109,114,,115,106,,98
2019-03-24 01:00:00,69,,,131,112,101,96,126,,130,81,,113
2019-03-24 02:00:00,30,,,280,116,79,57,105,,77,31,,118
2019-03-24 03:00:00,73,,,324,83,71,60,227,,86,74,,112
2019-03-24 04:00:00,34,,,2,62,76,48,265,,71,40,,204
2019-03-24 05:00:00,4,,,323,275,12,56,239,,16,348,,225
2019-03-24 06:00:00,332,,,319,290,319,14,239,,,359,,253
2019-03-24 07:00:00,250,,,311,284,295,336,241,,18,9,,249
2019-03-24 08:00:00,234,,,306,261,297,312,231,,28,15,,127
2019-03-24 09:00:00,211,,,302,224,324,21,318,,39,35,,68
2019-03-24 10:00:00,60,,,297,142,338,40,316,,358,24,,83
2019-03-24 11:00:00,54,,,239,117,4,52,317,,335,9,,84
2019-03-24 12:00:00,49,,,190,98,63,66,315,,28,260,,74
2019-03-24 13:00:00,74,,,143,100,93,64,323,,100,159,,72
2019-03-24 14:00:00,69,,,147,98,78,65,334,,117,129,,72
2019-03-24 15:00:00,68,,,96,99,87,81,90,,99,160,,72
2019-03-24 16:00:00,70,,,80,93,99,89,85,,111,161,,67
2019-03-24 17:00:00,66,,,99,99,91,106,90,,127,148,,63
2019-03-24 18:00:00,107,,,100,94,86,129,91,,121,127,,68
2019-03-24 19:00:00,117,,,101,86,84,126,104,,112,118,,74
2019-03-24 20:00:00,105,,,88,86,84,107,114,,106,80,,90
2019-03-24 21:00:00,123,,,109,81,244,101,106,,143,112,,118
2019-03-24 22:00:00,62,,,105,101,89,88,119,,120,114,,119
2019-03-24 23:00:00,43,,,116,99,103,65,107,,114,120,,112
2019-03-25 00:00:00,21,,,102,129,105,73,119,,93,75,,96
2019-03-25 01:00:00,38,,,124,96,110,87,112,,94,51,,79
2019-03-25 02:00:00,44,,,150,106,97,74,214,,88,59,,120
2019-03-25 03:00:00,80,,,173,77,57,78,180,,105,74,,92
2019-03-25 04:00:00,106,,,161,59,55,63,264,,36,317,,96
2019-03-25 05:00:00,34,,,79,90,35,62,252,,36,315,,111
2019-03-25 06:00:00,35,,,299,39,342,38,239,,13,325,,215
2019-03-25 07:00:00,330,,,281,328,295,19,260,,8,354,,240
2019-03-25 08:00:00,335,,,308,292,274,326,241,,15,5,,
2019-03-25 09:00:00,2,,,311,283,305,318,295,,355,54,,
2019-03-25 10:00:00,3,,,20,300,350,355,290,,67,82,,225
2019-03-25 11:00:00,30,,,4,312,72,37,306,,75,71,,75
2019-03-25 12:00:00,23,,,174,96,71,66,297,,126,98,,110
2019-03-25 13:00:00,84,,,92,108,76,86,312,,162,150,,93
2019-03-25 14:00:00,81,,,116,111,95,125,322,,106,116,,82
2019-03-25 15:00:00,97,,,98,103,93,107,92,,103,89,,75
2019-03-25 16:00:00,85,,,107,96,89,118,90,,95,80,,59
2019-03-25 17:00:00,96,,,109,97,93,114,65,,102,81,,58
2019-03-25 18:00:00,95,,,104,97,95,111,67,,82,54,,73
2019-03-25 19:00:00,107,,,108,89,98,107,105,,93,51,,72
2019-03-25 20:00:00,88,,,104,86,97,115,106,,97,57,,65
2019-03-25 21:00:00,86,,,111,82,101,111,112,,96,60,,60
2019-03-25 22:00:00,93,,,112,84,103,126,118,,155,87,,60
2019-03-25 23:00:00,86,,,99,83,97,105,112,,147,175,,62
2019-03-26 00:00:00,73,,,92,87,96,89,88,,100,78,,61
2019-03-26 01:00:00,77,,,98,87,109,95,92,,91,78,,64
2019-03-26 02:00:00,83,,,112,86,101,121,86,,118,110,,65
2019-03-26 03:00:00,73,,,108,89,80,116,91,,114,130,,65
2019-03-26 04:00:00,76,,,92,88,92,95,103,,97,103,,63
2019-03-26 05:00:00,71,,,108,92,91,101,96,,99,94,,62
2019-03-26 06:00:00,69,,,111,93,97,100,91,,88,65,,62
2019-03-26 07:00:00,72,,,119,100,111,75,114,,93,63,,65
2019-03-26 08:00:00,83,,,135,102,96,82,107,,112,78,,84
2019-03-26 09:00:00,85,,,99,101,103,80,119,,77,65,,88
2019-03-26 10:00:00,77,,,97,99,99,83,97,,68,62,,87
2019-03-26 11:00:00,69,,,85,97,130,89,113,,79,76,,64
2019-03-26 12:00:00,69,,,80,91,113,84,105,,93,75,,60
2019-03-26 13:00:00,76,,,84,91,106,92,99,,95,87,,61
2019-03-26 14:00:00,80,,,91,92,105,108,98,,98,93,,61
2019-03-26 15:00:00,68,,,96,90,145,100,93,,97,80,,56
2019-03-26 16:00:00,73,,,104,90,137,114,75,,107,73,,64
2019-03-26 17:00:00,32,,,137,92,140,109,157,,271,48,,95
2019-03-26 18:00:00,89,,,158,95,144,207,149,,267,277,,81
2019-03-26 19:00:00,89,,,131,97,153,221,100,,257,299,,68
2019-03-26 20:00:00,105,,,123,90,114,113,114,,158,171,,67
2019-03-26 21:00:00,68,,,110,83,102,83,109,,94,84,,76
2019-03-26 22:00:00,101,,,97,85,89,92,119,,103,101,,63
2019-03-26 23:00:00,92,,,95,83,82,100,100,,127,114,,60
2019-03-27 00:00:00,80,,,103,79,89,109,94,,124,119,,60
2019-03-27 01:00:00,84,,,97,80,88,107,85,,113,118,,67
2019-03-27 02:00:00,94,,,97,79,85,107,80,,110,120,,65
2019-03-27 03:00:00,94,,,100,82,88,111,78,,110,120,,71
2019-03-27 04:00:00,14,,,97,84,87,97,98,,106,118,,80
2019-03-27 05:00:00,66,,,110,83,90,113,107,,108,120,,84
2019-03-27 06:00:00,79,,,106,88,88,113,115,,112,119,,89
2019-03-27 07:00:00,70,,,108,93,92,119,109,,108,119,,86
2019-03-27 08:00:00,93,,,103,93,97,116,104,,103,113,,67
2019-03-27 09:00:00,83,,,102,86,101,116,106,,122,127,,61
2019-03-27 10:00:00,79,,,108,81,110,125,93,,133,137,,62
2019-03-27 11:00:00,135,,,106,83,117,127,107,,134,141,,61
2019-03-27 12:00:00,132,,,115,90,110,131,106,,145,133,,65
2019-03-27 13:00:00,107,,,123,95,105,123,110,,124,119,,68
2019-03-27 14:00:00,104,,,106,89,89,99,116,,132,135,,66
2019-03-27 15:00:00,147,,,101,80,100,111,112,,160,173,,74
2019-03-27 16:00:00,136,,,107,80,109,131,96,,166,149,,72
2019-03-27 17:00:00,149,,,110,79,92,125,104,,104,120,,81
2019-03-27 18:00:00,134,,,95,86,89,102,110,,95,100,,84
2019-03-27 19:00:00,93,,,89,81,100,101,84,,103,107,,63
2019-03-27 20:00:00,94,,,91,81,98,103,76,,111,117,,56
2019-03-27 21:00:00,92,,,99,84,95,106,64,,117,127,,53
2019-03-27 22:00:00,87,,,99,81,93,114,60,,122,124,,46
2019-03-27 23:00:00,95,,,99,82,92,113,63,,124,119,,50
2019-03-28 00:00:00,75,,,,88,94,103,84,,115,108,,57
2019-03-28 01:00:00,68,,,95,87,92,114,74,,127,94,,60
2019-03-28 02:00:00,69,,,105,89,94,105,91,,112,109,,66
2019-03-28 03:00:00,73,,,91,99,99,91,68,,107,110,,71
2019-03-28 04:00:00,76,,,117,105,107,76,92,,95,91,,89
2019-03-28 05:00:00,46,,,88,96,82,75,116,,90,75,,89
2019-03-28 06:00:00,63,,,107,101,90,64,205,,93,77,,106
2019-03-28 07:00:00,74,,,139,100,100,104,136,,124,103,,99
2019-03-28 08:00:00,34,,,144,106,104,86,120,,114,105,,103
2019-03-28 09:00:00,349,,,139,105,99,88,96,,131,119,,108
2019-03-28 10:00:00,20,,,137,102,98,92,99,,121,120,,93
2019-03-28 11:00:00,62,,,126,92,112,105,108,,157,150,,89
2019-03-28 12:00:00,58,,,132,96,117,120,110,,153,150,,75
2019-03-28 13:00:00,39,,,112,102,114,112,108,,132,154,,61
2019-03-28 14:00:00,63,,,105,109,94,100,101,,162,173,,52
2019-03-28 15:00:00,46,,,106,119,103,115,96,,143,160,,54
2019-03-28 16:00:00,143,,,120,116,118,157,104,,152,191,,69
2019-03-28 17:00:00,146,,,152,103,127,215,83,,144,180,,104
2019-03-28 18:00:00,112,,,99,95,133,138,95,,125,121,,97
2019-03-28 19:00:00,101,,,101,94,78,109,110,,95,69,,116
2019-03-28 20:00:00,88,,,123,103,194,106,100,,167,84,,129
2019-03-28 21:00:00,311,,,122,142,142,88,106,,145,110,,150
2019-03-28 22:00:00,70,,,98,114,95,102,99,,128,119,,112
2019-03-28 23:00:00,67,,,98,95,103,111,95,,125,115,,73
2019-03-29 00:00:00,49,,,102,103,87,72,120,,116,102,,91
2019-03-29 01:00:00,15,,,283,132,43,48,125,,65,68,,102
2019-03-29 02:00:00,22,,,318,137,59,50,300,,34,78,,99
2019-03-29 03:00:00,11,,,213,105,108,54,303,,35,76,,102
2019-03-29 04:00:00,113,,,185,38,117,100,291,,89,68,,83
2019-03-29 05:00:00,41,,,273,230,83,80,292,,109,97,,84
2019-03-29 06:00:00,74,,,170,14,84,86,260,,110,111,,85
2019-03-29 07:00:00,54,,,173,106,73,82,263,,102,105,,106
2019-03-29 08:00:00,86,,,150,110,88,79,286,,115,100,,122
2019-03-29 09:00:00,88,,,153,319,80,78,302,,107,41,,92
2019-03-29 10:00:00,81,,,159,254,84,67,315,,92,2,,86
2019-03-29 11:00:00,63,,,143,68,109,40,323,,105,149,,83
2019-03-29 12:00:00,49,,,149,99,147,36,313,,77,186,,78
2019-03-29 13:00:00,61,,,135,100,147,38,62,,153,92,,76
2019-03-29 14:00:00,84,,,132,99,138,69,99,,100,183,,75
2019-03-29 15:00:00,82,,,123,94,140,113,98,,116,118,,79
2019-03-29 16:00:00,72,,,119,94,96,109,104,,125,137,,67
2019-03-29 17:00:00,85,,,114,93,99,122,112,,134,161,,66
2019-03-29 18:00:00,136,,,102,103,107,123,122,,148,169,,73
2019-03-29 19:00:00,117,,,104,99,108,116,128,,159,178,,76
2019-03-29 20:00:00,86,,,105,109,126,128,103,,196,207,,93
2019-03-29 21:00:00,70,,,116,116,165,70,126,,220,283,,100
2019-03-29 22:00:00,19,,,174,138,311,239,120,,217,139,,132
2019-03-29 23:00:00,69,,,273,169,231,35,102,,139,143,,146
2019-03-30 00:00:00,54,,,152,147,105,84,104,,141,117,,161
2019-03-30 01:00:00,21,,,145,123,109,63,137,,88,68,,126
2019-03-30 02:00:00,353,,,199,25,99,47,233,,35,354,,124
2019-03-30 03:00:00,9,,,288,319,302,41,258,,352,1,,143
2019-03-30 04:00:00,319,,,296,14,237,21,248,,310,329,,242
2019-03-30 05:00:00,44,,,294,297,225,35,257,,297,329,,180
2019-03-30 06:00:00,302,,,313,300,292,2,264,,330,1,,186
2019-03-30 07:00:00,294,,,299,277,303,317,265,,1,4,,177
2019-03-30 08:00:00,286,,,318,236,300,,293,,357,352,,200
2019-03-30 09:00:00,6,,,303,273,353,20,32,,3,2,,104
2019-03-30 10:00:00,25,,,93,285,84,33,313,,353,20,,80
2019-03-30 11:00:00,43,,,224,287,162,27,315,,13,39,,80
2019-03-30 12:00:00,49,,,186,102,65,54,302,,48,41,,93
2019-03-30 13:00:00,95,,,63,110,80,97,281,,84,77,,98
2019-03-30 14:00:00,91,,,124,109,110,110,285,,108,92,,89
2019-03-30 15:00:00,67,,,124,109,103,88,284,,96,68,,78
2019-03-30 16:00:00,87,,,114,102,70,102,277,,140,103,,71
2019-03-30 17:00:00,40,,,56,105,45,61,295,,142,160,,57
2019-03-30 18:00:00,29,,,28,113,16,51,311,,61,195,,45
2019-03-30 19:00:00,10,,,20,118,352,44,298,,354,355,,60
2019-03-30 20:00:00,2,,,11,119,355,43,299,,349,271,,80
2019-03-30 21:00:00,358,,,15,121,349,29,272,,344,308,,86
2019-03-30 22:00:00,15,,,27,118,17,42,257,,333,319,,93
2019-03-30 23:00:00,13,,,23,123,7,45,264,,322,317,,94
2019-03-31 00:00:00,44,,,39,113,36,47,273,,323,323,,100
2019-03-31 01:00:00,59,,,169,112,64,49,265,,323,317,,98
2019-03-31 02:00:00,40,,,143,119,68,42,266,,334,331,,100
2019-03-31 03:00:00,44,,,145,121,51,40,267,,322,331,,93
2019-03-31 04:00:00,78,,,80,104,66,40,275,,312,302,,99
2019-03-31 05:00:00,85,,,48,109,101,41,266,,327,329,,89
2019-03-31 06:00:00,96,,,167,114,83,50,262,,329,318,,100
2019-03-31 07:00:00,97,,,232,108,110,56,264,,342,337,,91
2019-03-31 08:00:00,83,,,31,110,32,51,268,,345,137,,98
2019-03-31 09:00:00,63,,,37,110,30,55,268,,326,144,,95
2019-03-31 10:00:00,69,,,35,105,75,62,279,,332,148,,94
2019-03-31 11:00:00,83,,,49,96,67,53,274,,331,141,,90
2019-03-31 12:00:00,72,,,46,94,46,53,273,,347,341,,92
2019-03-31 13:00:00,42,,,63,110,67,37,274,,345,341,,104
2019-03-31 14:00:00,81,,,221,67,171,30,291,,333,350,,85
2019-03-31 15:00:00,242,,,116,122,196,268,286,,344,350,,88
2019-03-31 16:00:00,18,,,58,98,192,241,275,,326,333,,49
2019-03-31 17:00:00,221,,,147,92,118,229,150,,187,170,,273
2019-03-31 18:00:00,130,,,90,56,42,193,94,,140,140,,122
2019-03-31 19:00:00,113,,,119,97,66,142,107,,123,133,,87
2019-03-31 20:00:00,95,,,130,92,118,131,108,,134,153,,94
2019-03-31 21:00:00,77,,,109,106,86,99,106,,152,160,,87
2019-03-31 22:00:00,62,,,91,96,98,111,77,,139,164,,71
2019-03-31 23:00:00,95,,,99,98,107,114,77,,154,149,,63
2019-04-01 00:00:00,,,,,,,,,,,,,
2019-04-01 01:00:00,81,,,99,103,102,118,66,,112,111,,
2019-04-01 02:00:00,70,,,101,107,111,114,84,,121,115,,
2019-04-01 03:00:00,62,,,133,89,102,113,80,,150,161,,71
2019-04-01 04:00:00,54,,,162,86,103,77,141,,167,175,,102
2019-04-01 05:00:00,96,,,169,91,81,75,172,,169,307,,95
2019-04-01 06:00:00,91,,,159,94,74,86,304,,216,310,,97
2019-04-01 07:00:00,63,,,137,93,49,87,305,,162,355,,82
2019-04-01 08:00:00,56,,,144,80,47,91,306,,119,329,,80
2019-04-01 09:00:00,30,,,128,102,54,53,296,,13,357,,87
2019-04-01 10:00:00,7,,,277,120,67,6,287,,324,339,,97
2019-04-01 11:00:00,309,,,317,207,355,33,300,,322,337,,75
2019-04-01 12:00:00,319,,,307,200,291,26,288,,325,343,,30
2019-04-01 13:00:00,234,,,310,164,271,282,257,,326,309,,47
2019-04-01 14:00:00,241,,,296,97,284,10,284,,335,319,,65
2019-04-01 15:00:00,239,,,248,153,275,281,296,,301,333,,30
2019-04-01 16:00:00,227,,,146,98,188,236,301,,256,137,,34
2019-04-01 17:00:00,250,,,223,127,232,256,295,,140,160,,357
2019-04-01 18:00:00,271,,,193,129,241,230,163,,148,148,,353
2019-04-01 19:00:00,118,,,105,151,122,121,118,,143,149,,237
2019-04-01 20:00:00,106,,,114,122,120,127,102,,148,151,,116
2019-04-01 21:00:00,114,,,107,92,121,115,103,,167,155,,133
2019-04-01 22:00:00,120,,,107,120,123,110,126,,173,154,,117
2019-04-01 23:00:00,131,,,104,135,133,133,108,,146,143,,111
2019-04-02 00:00:00,119,,,97,147,117,104,108,,119,130,,103
2019-04-02 01:00:00,120,,,98,132,85,89,119,,119,136,,85
2019-04-02 02:00:00,72,,,116,157,63,49,116,,124,135,,93
2019-04-02 03:00:00,8,,,275,354,11,38,130,,232,305,,106
2019-04-02 04:00:00,10,,,309,92,311,39,207,,349,327,,114
2019-04-02 05:00:00,75,,,305,78,317,44,123,,341,21,,108
2019-04-02 06:00:00,60,,,268,329,16,24,97,,26,32,,114
2019-04-02 07:00:00,51,,,305,47,8,24,94,,16,41,,88
2019-04-02 08:00:00,85,,,289,18,49,26,284,,331,94,,61
2019-04-02 09:00:00,3,,,251,41,74,17,307,,343,194,,91
2019-04-02 10:00:00,63,,,208,99,98,60,310,,87,174,,83
2019-04-02 11:00:00,57,,,140,93,123,57,77,,133,175,,95
2019-04-02 12:00:00,88,,,163,101,115,78,123,,123,158,,93
2019-04-02 13:00:00,130,,,129,117,90,48,99,,126,132,,118
2019-04-02 14:00:00,81,,,144,91,104,106,96,,131,142,,75
2019-04-02 15:00:00,72,,,101,100,93,106,100,,151,158,,75
2019-04-02 16:00:00,56,,,93,93,98,106,99,,152,169,,63
2019-04-02 17:00:00,124,,,103,92,104,123,97,,158,161,,61
2019-04-02 18:00:00,126,,,99,89,106,116,102,,153,157,,58
2019-04-02 19:00:00,126,,,95,97,100,119,101,,190,181,,62
2019-04-02 20:00:00,111,,,92,92,109,103,92,,190,194,,68
2019-04-02 21:00:00,117,,,104,104,116,119,89,,167,183,,83
2019-04-02 22:00:00,126,,,114,116,102,107,93,,137,157,,81
2019-04-02 23:00:00,146,,,116,120,106,66,91,,134,138,,103
2019-04-03 00:00:00,146,,,86,,113,26,90,,131,135,,119
2019-04-03 01:00:00,101,,,122,,85,59,113,,136,137,,122
2019-04-03 02:00:00,110,,,131,,94,56,113,,120,111,,240
2019-04-03 03:00:00,14,,,34,,102,54,115,,89,67,,248
2019-04-03 04:00:00,5,,,283,,90,39,177,,15,13,,243
2019-04-03 05:00:00,277,,,304,,36,30,250,,4,3,,243
2019-04-03 06:00:00,351,,,319,,44,48,222,,17,355,,238
2019-04-03 07:00:00,30,,,223,,43,46,154,,359,7,,272
2019-04-03 08:00:00,77,,,256,103,26,27,103,,230,291,,293
2019-04-03 09:00:00,210,,,334,92,304,298,79,,313,323,,221
2019-04-03 10:00:00,212,,,317,21,237,266,95,,24,11,,15
2019-04-03 11:00:00,332,,,276,318,115,258,79,,81,179,,79
2019-04-03 12:00:00,28,,,171,130,89,277,82,,123,29,,77
2019-04-03 13:00:00,92,,,141,106,77,105,83,,104,65,,86
2019-04-03 14:00:00,47,,,123,100,80,58,5,,175,144,,74
2019-04-03 15:00:00,72,,,141,100,93,85,11,,140,141,,69
2019-04-03 16:00:00,79,,,120,90,94,94,96,,144,150,,68
2019-04-03 17:00:00,74,,,126,90,103,93,100,,145,141,,76
2019-04-03 18:00:00,67,,,106,86,103,115,104,,121,129,,76
2019-04-03 19:00:00,120,,,102,98,93,115,112,,132,128,,73
2019-04-03 20:00:00,67,,,114,92,97,117,117,,188,114,,76
2019-04-03 21:00:00,96,,,100,94,119,114,125,,201,200,,73
2019-04-03 22:00:00,69,,,97,106,108,84,122,,229,322,,75
2019-04-03 23:00:00,71,,,134,116,233,26,123,,106,330,,154
2019-04-04 00:00:00,198,,,278,126,282,313,139,,19,13,,200
2019-04-04 01:00:00,216,,,183,33,185,259,107,,255,49,,196
2019-04-04 02:00:00,239,,,137,359,221,300,164,,250,115,,207
2019-04-04 03:00:00,238,,,91,294,207,243,222,,42,14,,224
2019-04-04 04:00:00,235,,,319,283,232,238,220,,334,337,,218
2019-04-04 05:00:00,250,,,321,291,305,313,225,,320,336,,216
2019-04-04 06:00:00,360,,,313,285,41,282,270,,327,345,,201
2019-04-04 07:00:00,266,,,327,278,263,263,240,,325,351,,194
2019-04-04 08:00:00,280,,,306,281,48,304,301,,334,345,,115
2019-04-04 09:00:00,203,,,315,280,131,247,292,,353,356,,268
2019-04-04 10:00:00,47,,,359,285,12,52,285,,351,348,,213
2019-04-04 11:00:00,98,,,126,285,18,37,284,,20,38,,91
2019-04-04 12:00:00,103,,,14,299,47,43,274,,71,104,,103
2019-04-04 13:00:00,152,,,344,295,346,39,271,,61,157,,96
2019-04-04 14:00:00,50,,,21,261,5,53,314,,87,155,,104
2019-04-04 15:00:00,38,,,28,230,20,64,314,,132,160,,81
2019-04-04 16:00:00,80,,,61,178,30,59,281,,152,169,,85
2019-04-04 17:00:00,64,,,70,111,54,78,289,,167,183,,90
2019-04-04 18:00:00,112,,,71,100,49,132,107,,184,186,,70
2019-04-04 19:00:00,148,,,96,89,87,156,104,,189,137,,89
2019-04-04 20:00:00,148,,,121,83,108,168,122,,181,166,,69
2019-04-04 21:00:00,131,,,112,102,138,139,130,,179,141,,64
2019-04-04 22:00:00,106,,,111,93,129,132,112,,164,148,,104
2019-04-04 23:00:00,106,,,111,159,142,127,112,,205,245,,137
2019-04-05 00:00:00,91,,,107,147,144,118,95,,232,308,,146
2019-04-05 01:00:00,335,,,278,156,119,155,110,,201,320,,155
2019-04-05 02:00:00,71,,,218,336,295,40,96,,191,314,,150
2019-04-05 03:00:00,54,,,268,267,265,44,102,,5,296,,163
2019-04-05 04:00:00,350,,,281,170,43,42,88,,244,33,,105
2019-04-05 05:00:00,11,,,254,160,288,26,80,,299,324,,106
2019-04-05 06:00:00,319,,,279,345,264,41,128,,308,342,,177
2019-04-05 07:00:00,251,,,301,326,262,308,261,,302,324,,241
2019-04-05 08:00:00,230,,,306,286,333,266,234,,327,336,,267
2019-04-05 09:00:00,229,,,327,348,106,227,252,,335,350,,272
2019-04-05 10:00:00,119,,,124,156,102,75,296,,340,15,,96
2019-04-05 11:00:00,46,,,140,111,77,64,322,,107,97,,108
2019-04-05 12:00:00,70,,,147,113,101,87,34,,114,156,,89
2019-04-05 13:00:00,67,,,105,98,100,111,94,,127,151,,88
2019-04-05 14:00:00,73,,355,103,100,93,116,68,,125,155,6,61
2019-04-05 15:00:00,98,,,98,104,103,120,81,,135,149,,66
2019-04-05 16:00:00,104,,,101,97,104,119,91,,130,157,,64
2019-04-05 17:00:00,139,,,99,100,104,125,103,,130,132,,79
2019-04-05 18:00:00,120,,,105,98,107,127,85,,110,120,,78
2019-04-05 19:00:00,97,,,100,95,91,114,80,,109,103,,74
2019-04-05 20:00:00,102,,,98,86,89,104,98,,138,99,,75
2019-04-05 21:00:00,119,,,93,90,95,98,104,,176,162,,64
2019-04-05 22:00:00,130,,,98,87,70,99,118,,174,173,,70
2019-04-05 23:00:00,92,,,95,92,96,98,121,,120,120,,94
2019-04-06 00:00:00,86,,,88,89,81,92,121,,109,105,,121
2019-04-06 01:00:00,75,,,120,107,93,121,115,,135,88,,127
2019-04-06 02:00:00,23,,,177,118,92,79,134,,132,71,,174
2019-04-06 03:00:00,357,,,279,276,100,104,225,,92,18,,225
2019-04-06 04:00:00,242,,,175,309,314,214,237,,37,25,,231
2019-04-06 05:00:00,278,,,324,291,340,341,222,,62,40,,190
2019-04-06 06:00:00,250,,,330,289,299,37,164,,95,11,,202
2019-04-06 07:00:00,267,,,284,191,281,277,210,,309,292,,183
2019-04-06 08:00:00,235,,,312,301,300,273,266,,19,283,,244
2019-04-06 09:00:00,,,,320,276,317,279,1,,343,23,,268
2019-04-06 10:00:00,,,,309,275,323,346,277,,350,53,,258
2019-04-06 11:00:00,313,,,292,279,267,324,297,,87,84,,293
2019-04-06 12:00:00,324,,,293,311,283,318,313,,127,161,,280
2019-04-06 13:00:00,346,,,295,317,5,313,313,,146,170,,287
2019-04-06 14:00:00,71,,,257,356,67,103,29,,141,122,,315
2019-04-06 15:00:00,101,,,119,331,107,128,63,,123,119,,69
2019-04-06 16:00:00,112,,,108,76,93,133,86,,120,100,,73
2019-04-06 17:00:00,135,,,114,96,93,135,84,,114,100,,94
2019-04-06 18:00:00,115,,,103,101,89,130,92,,102,91,,85
2019-04-06 19:00:00,103,,,98,96,80,105,81,,83,66,,86
2019-04-06 20:00:00,112,,,90,82,89,106,117,,103,68,,93
2019-04-06 21:00:00,117,,,98,77,98,113,110,,209,103,,93
2019-04-06 22:00:00,92,,,108,73,120,123,99,,139,157,,101
2019-04-06 23:00:00,94,,,79,78,80,83,116,,95,79,,93
2019-04-07 00:00:00,69,,,130,90,92,83,204,,94,58,,95
2019-04-07 01:00:00,39,,,149,100,126,107,200,,133,101,,97
2019-04-07 02:00:00,39,,,121,89,100,96,124,,150,147,,116
2019-04-07 03:00:00,43,,,330,56,107,74,211,,171,157,,126
2019-04-07 04:00:00,20,,,306,326,55,62,233,,234,230,,160
2019-04-07 05:00:00,236,,,292,279,294,148,242,,324,342,,152
2019-04-07 06:00:00,2,,,282,331,64,23,279,,359,5,,176
2019-04-07 07:00:00,128,,,229,196,254,28,275,,342,344,,84
2019-04-07 08:00:00,180,,,127,281,30,300,282,,329,338,,42
2019-04-07 09:00:00,182,,,354,274,11,110,303,,359,1,,253
2019-04-07 10:00:00,73,,,8,268,49,33,299,,340,66,,139
2019-04-07 11:00:00,316,,,127,279,221,294,310,,138,153,,75
2019-04-07 12:00:00,318,,,334,277,299,342,318,,130,128,,55
2019-04-07 13:00:00,25,,,359,306,12,50,319,,120,122,,78
2019-04-07 14:00:00,88,,,63,319,40,80,359,,135,123,,78
2019-04-07 15:00:00,116,,,79,151,87,122,107,,157,177,,88
2019-04-07 16:00:00,107,,,124,113,103,130,123,,155,151,,87
2019-04-07 17:00:00,150,,,142,108,45,101,117,,147,154,,92
2019-04-07 18:00:00,125,,,111,102,84,133,107,,163,172,,91
2019-04-07 19:00:00,161,,,117,89,117,155,117,,187,174,,100
2019-04-07 20:00:00,154,,,135,94,135,185,116,,158,148,,75
2019-04-07 21:00:00,131,,,124,79,124,150,106,,136,132,,64
2019-04-07 22:00:00,123,,,109,78,111,122,108,,133,116,,58
2019-04-07 23:00:00,110,,,108,79,122,122,115,,201,201,,54
2019-04-08 00:00:00,123,,,106,87,129,123,118,,184,289,,78
2019-04-08 01:00:00,115,,,101,119,96,113,124,,150,249,,164
2019-04-08 02:00:00,126,,,108,153,279,177,116,,154,310,,140
2019-04-08 03:00:00,182,,,232,177,276,37,123,,49,26,,183
2019-04-08 04:00:00,183,,,273,3,41,35,193,,357,20,,240
2019-04-08 05:00:00,306,,,282,319,244,42,164,,257,288,,188
2019-04-08 06:00:00,236,,,329,293,281,246,189,,323,335,,229
2019-04-08 07:00:00,244,,,324,294,342,322,199,,345,11,,209
2019-04-08 08:00:00,83,,,328,277,33,44,211,,319,354,,248
2019-04-08 09:00:00,358,,,343,284,12,343,314,,5,159,,110
2019-04-08 10:00:00,10,,,332,314,342,32,319,,26,64,,84
2019-04-08 11:00:00,81,,,293,93,106,57,314,,73,111,,83
2019-04-08 12:00:00,27,,,54,126,51,73,320,,291,152,,77
2019-04-08 13:00:00,46,,,225,110,62,106,315,,114,184,,103
2019-04-08 14:00:00,86,,,104,101,103,109,43,,124,145,,83
2019-04-08 15:00:00,82,,,73,92,49,88,49,,125,147,,73
2019-04-08 16:00:00,69,,,82,101,77,82,67,,31,17,,52
2019-04-08 17:00:00,112,,,109,96,59,127,75,,102,26,,94
2019-04-08 18:00:00,139,,,112,109,112,147,122,,211,192,,111
2019-04-08 19:00:00,161,,,134,107,159,200,124,,189,206,,112
2019-04-08 20:00:00,173,,,137,71,203,206,196,,180,170,,152
2019-04-08 21:00:00,199,,,104,81,272,207,191,,126,140,,168
2019-04-08 22:00:00,174,,,117,29,26,111,168,,190,174,,161
2019-04-08 23:00:00,217,,,310,63,147,61,118,,248,250,,177
2019-04-09 00:00:00,260,,,286,47,274,37,125,,244,297,,169
2019-04-09 01:00:00,245,,,310,333,274,262,212,,248,308,,214
2019-04-09 02:00:00,227,,,286,322,231,229,146,,304,349,,272
2019-04-09 03:00:00,226,,,315,284,232,234,119,,325,351,,201
2019-04-09 04:00:00,223,,,302,294,19,247,176,,303,325,,259
2019-04-09 05:00:00,233,,,321,290,66,252,144,,284,314,,246
2019-04-09 06:00:00,285,,,316,293,150,265,179,,299,307,,270
2019-04-09 07:00:00,269,,,322,295,232,256,135,,290,298,,230
2019-04-09 08:00:00,12,,,324,281,192,257,256,,313,260,,273
2019-04-09 09:00:00,10,,,336,285,125,324,342,,319,253,,219
2019-04-09 10:00:00,67,,,317,281,112,54,301,,330,300,,242
2019-04-09 11:00:00,111,,,131,256,103,54,328,,322,169,,85
2019-04-09 12:00:00,65,,,138,131,128,68,102,,178,171,,82
2019-04-09 13:00:00,91,,,119,104,122,111,113,,147,154,,69
2019-04-09 14:00:00,85,,,100,95,105,113,110,,139,149,,67
2019-04-09 15:00:00,134,,,115,99,107,124,92,,142,159,,84
2019-04-09 16:00:00,144,,,93,97,105,125,100,,123,155,,90
2019-04-09 17:00:00,128,,,100,103,105,,93,,155,176,,92
2019-04-09 18:00:00,153,,,114,107,116,,113,,158,155,,108
2019-04-09 19:00:00,161,,,117,113,147,,140,,185,159,,75
2019-04-09 20:00:00,155,,,130,84,151,,101,,179,147,,103
2019-04-09 21:00:00,143,,,125,34,120,,95,,136,194,,145
2019-04-09 22:00:00,98,,,145,46,131,,100,,126,141,,161
2019-04-09 23:00:00,311,,,144,202,97,,113,,155,147,,179
2019-04-10 00:00:00,274,,,266,182,311,,155,,132,151,,218
2019-04-10 01:00:00,255,,,292,336,289,,167,,35,122,,194
2019-04-10 02:00:00,245,,,305,261,296,,145,,337,147,,214
2019-04-10 03:00:00,299,,,313,279,298,,196,,328,353,,179
2019-04-10 04:00:00,359,,,289,294,264,,206,,327,22,,234
2019-04-10 05:00:00,281,,,312,291,293,,259,,313,318,,202
2019-04-10 06:00:00,279,,,294,288,288,,230,,338,337,,155
2019-04-10 07:00:00,297,,,312,284,216,,209,,318,323,,223
2019-04-10 08:00:00,36,,,323,288,151,,127,,352,277,,257
2019-04-10 09:00:00,,,,,,,,,,,,,
2019-04-10 10:00:00,34,,,273,289,86,,5,,176,200,,82
2019-04-10 11:00:00,58,,,123,259,96,,330,,163,149,,85
2019-04-10 12:00:00,79,,,134,118,120,,24,,172,124,,81
2019-04-10 13:00:00,85,,,131,99,115,,91,,171,146,,72
2019-04-10 14:00:00,69,,,117,108,115,,109,,166,157,,57
2019-04-10 15:00:00,115,,,103,107,108,,99,,168,177,,71
2019-04-10 16:00:00,158,,,93,103,102,,102,,173,152,,88
2019-04-10 17:00:00,162,,,119,93,108,,107,,168,167,,90
2019-04-10 18:00:00,161,,,140,98,115,,130,,180,181,,70
2019-04-10 19:00:00,160,,,135,85,139,,121,,192,184,,64
2019-04-10 20:00:00,159,,,122,102,140,,131,,194,176,,224
2019-04-10 21:00:00,170,,,117,142,115,,131,,137,126,,216
2019-04-10 22:00:00,126,,,118,200,115,,105,,141,134,,163
2019-04-10 23:00:00,317,,,123,141,123,,279,,148,110,,187
2019-04-11 00:00:00,335,,,4,84,45,,233,,59,97,,168
2019-04-11 01:00:00,2,,,297,348,54,,253,,20,38,,189
2019-04-11 02:00:00,269,,,293,294,293,,265,,330,23,,236
2019-04-11 03:00:00,121,,,290,284,308,,261,,298,320,,225
2019-04-11 04:00:00,213,,,297,266,349,,263,,22,347,,270
2019-04-11 05:00:00,288,,,300,281,256,,270,,173,336,,282
2019-04-11 06:00:00,306,,,310,293,255,,281,,320,333,,270
2019-04-11 07:00:00,276,,,299,287,265,,290,,289,332,,255
2019-04-11 08:00:00,292,,,297,283,266,,300,,303,304,,281
2019-04-11 09:00:00,305,,,307,275,275,,300,,335,341,,288
2019-04-11 10:00:00,314,,,287,280,342,,303,,2,360,,299
2019-04-11 11:00:00,37,,,359,296,18,,289,,353,1,,4
2019-04-11 12:00:00,51,,,40,299,25,,291,,358,329,,96
2019-04-11 13:00:00,71,,,58,106,41,,356,,354,147,,84
2019-04-11 14:00:00,39,,,43,98,47,,43,,295,96,,61
2019-04-11 15:00:00,41,,,45,101,40,,70,,145,105,,45
2019-04-11 16:00:00,105,,,59,92,60,,89,,133,139,,55
2019-04-11 17:00:00,144,,,110,79,111,,83,,138,133,,93
2019-04-11 18:00:00,126,,,108,94,111,,74,,124,112,,78
2019-04-11 19:00:00,95,,,103,101,94,,86,,100,89,,81
2019-04-11 20:00:00,111,,,96,86,92,,99,,134,80,,83
2019-04-11 21:00:00,107,,,93,87,104,,111,,150,103,,75
2019-04-11 22:00:00,84,,,98,74,106,,85,,116,73,,77
2019-04-11 23:00:00,108,,,107,80,115,,92,,170,279,,79
2019-04-12 00:00:00,110,,,102,83,116,,104,,183,178,,69
2019-04-12 01:00:00,152,,,114,85,,,106,,177,152,,68
2019-04-12 02:00:00,126,,,116,85,120,,107,,151,140,,61
2019-04-12 03:00:00,118,,,102,86,111,,106,,142,109,,65
2019-04-12 04:00:00,126,,,105,87,97,,121,,187,284,,72
2019-04-12 05:00:00,105,,,117,97,140,,125,,219,298,,92
2019-04-12 06:00:00,148,,,79,102,315,,121,,151,311,,132
2019-04-12 07:00:00,112,,,305,23,342,,122,,356,359,,159
2019-04-12 08:00:00,78,,,283,41,28,,128,,329,344,,115
2019-04-12 09:00:00,347,,,296,87,5,,93,,330,348,,109
2019-04-12 10:00:00,,,,315,90,359,,101,,360,13,,96
2019-04-12 11:00:00,39,,,360,100,73,,93,,65,82,,64
2019-04-12 12:00:00,72,,,87,109,91,124,61,,104,130,,46
2019-04-12 13:00:00,93,,,111,98,100,120,91,,145,150,,45
2019-04-12 14:00:00,74,,,106,96,118,117,100,,129,156,,35
2019-04-12 15:00:00,102,,,104,93,105,134,91,,133,143,,76
2019-04-12 16:00:00,112,,,99,91,105,122,94,,129,137,,72
2019-04-12 17:00:00,135,,,103,89,100,131,86,,120,121,,72
2019-04-12 18:00:00,121,,,111,93,98,132,80,,96,101,,81
2019-04-12 19:00:00,99,,,100,85,89,114,84,,109,120,,69
2019-04-12 20:00:00,111,,,99,79,95,114,97,,145,119,,70
2019-04-12 21:00:00,143,,,105,74,102,126,94,,160,147,,69
2019-04-12 22:00:00,141,,,100,76,102,113,105,,131,138,,65
2019-04-12 23:00:00,74,,,86,84,103,85,112,,110,136,,66
2019-04-13 00:00:00,53,,,79,102,111,82,123,,105,119,,79
2019-04-13 01:00:00,31,,,105,,96,,,,89,51,,
2019-04-13 02:00:00,7,,,150,53,113,59,208,,280,27,,163
2019-04-13 03:00:00,297,,,128,334,203,25,220,,22,313,,143
2019-04-13 04:00:00,248,,,320,290,285,273,237,,210,275,,242
2019-04-13 05:00:00,234,,,335,269,177,356,197,,223,274,,198
2019-04-13 06:00:00,236,,,115,276,171,44,167,,333,331,,246
2019-04-13 07:00:00,153,,,153,289,131,67,200,,88,298,,111
2019-04-13 08:00:00,,,,147,288,84,74,264,,210,260,,73
2019-04-13 09:00:00,,,,64,289,104,67,74,,244,268,,74
2019-04-13 10:00:00,,,,140,303,129,61,356,,148,158,,72
2019-04-13 11:00:00,120,,,144,300,120,125,35,,168,164,,82
2019-04-13 12:00:00,106,,,288,301,278,289,54,,110,141,,29
2019-04-13 13:00:00,314,,,293,303,279,323,42,,127,155,,296
2019-04-13 14:00:00,328,,,293,299,278,320,337,,145,168,,298
2019-04-13 15:00:00,330,,,291,303,287,332,78,,161,166,,306
2019-04-13 16:00:00,339,,,297,310,300,338,112,,134,90,,305
2019-04-13 17:00:00,31,,,347,310,4,53,83,,90,78,,318
2019-04-13 18:00:00,101,,,71,341,52,105,73,,90,66,,68
2019-04-13 19:00:00,104,,,53,93,37,127,73,,113,86,,78
2019-04-13 20:00:00,113,,,37,94,13,88,113,,155,132,,69
2019-04-13 21:00:00,19,,,33,114,15,35,114,,111,87,,45
2019-04-13 22:00:00,39,,,39,107,91,44,289,,328,28,,98
2019-04-13 23:00:00,60,,,43,113,80,45,271,,325,322,,88
2019-04-14 00:00:00,84,,,53,109,91,53,267,,309,313,,96
2019-04-14 01:00:00,81,,,50,73,70,53,266,,313,293,,101
2019-04-14 02:00:00,62,,,207,104,103,59,259,,306,297,,99
2019-04-14 03:00:00,70,,,61,66,90,37,268,,315,309,,84
2019-04-14 04:00:00,86,,,198,56,75,43,265,,324,308,,80
2019-04-14 05:00:00,63,,,273,82,60,46,269,,316,318,,84
2019-04-14 06:00:00,64,,,273,91,348,34,270,,313,314,,77
2019-04-14 07:00:00,100,,,100,33,77,44,245,,313,321,,86
2019-04-14 08:00:00,63,,,181,63,46,48,284,,314,323,,89
2019-04-14 09:00:00,49,,,212,90,25,31,298,,324,329,,76
2019-04-14 10:00:00,44,,,175,91,22,21,307,,321,301,,88
2019-04-14 11:00:00,52,,,115,89,19,54,329,,265,164,,69
2019-04-14 12:00:00,90,,,169,83,103,,84,,198,155,,68
2019-04-14 13:00:00,72,,,136,104,115,,87,,147,126,,64
2019-04-14 14:00:00,65,,,126,99,105,90,104,,127,148,,60
2019-04-14 15:00:00,72,,,103,99,91,,109,,128,139,,55
2019-04-14 16:00:00,75,,,103,105,93,,98,,128,151,,42
2019-04-14 17:00:00,138,,,94,92,90,,89,,142,138,,66
2019-04-14 18:00:00,144,,,98,90,102,,83,,126,136,,83
2019-04-14 19:00:00,119,,,101,85,106,,97,,122,126,,76
2019-04-14 20:00:00,125,,,103,83,108,,95,,124,113,,64
2019-04-14 21:00:00,127,,,99,81,102,,111,,185,123,,60
2019-04-14 22:00:00,128,,,96,83,103,,124,,189,176,,58
2019-04-14 23:00:00,122,,,104,85,101,,106,,150,156,,57
2019-04-15 00:00:00,129,,,104,94,106,,120,,118,129,,64
2019-04-15 01:00:00,86,,,120,110,109,,131,,128,109,,110
2019-04-15 02:00:00,33,,,188,130,94,,113,,160,129,,116
2019-04-15 03:00:00,6,,,301,97,106,,254,,110,177,,119
2019-04-15 04:00:00,13,,,138,57,95,,297,,116,200,,120
2019-04-15 05:00:00,65,,,249,18,23,,249,,90,70,,107
2019-04-15 06:00:00,22,,,297,6,65,,276,,82,86,,117
2019-04-15 07:00:00,16,,,308,50,61,,272,,70,57,,90
2019-04-15 08:00:00,1,,,288,60,9,,309,,70,118,,75
2019-04-15 09:00:00,20,,,269,113,45,,309,,74,159,,76
2019-04-15 10:00:00,39,,,333,100,49,68,311,,55,157,,82
2019-04-15 11:00:00,77,,,344,101,89,73,313,,95,158,,80
2019-04-15 12:00:00,81,,,154,95,85,72,325,,121,150,,86
2019-04-15 13:00:00,71,,,137,96,97,65,80,,142,157,,69
2019-04-15 14:00:00,66,,,113,104,93,116,99,,147,187,,76
2019-04-15 15:00:00,82,,,101,99,98,118,105,,180,170,,56
2019-04-15 16:00:00,158,,,103,90,101,130,104,,170,211,,70
2019-04-15 17:00:00,146,,,105,84,100,119,99,,173,215,,71
2019-04-15 18:00:00,135,,,109,82,95,125,102,,168,178,,68
2019-04-15 19:00:00,132,,,113,79,97,130,98,,149,157,,64
2019-04-15 20:00:00,135,,,105,74,96,101,98,,115,116,,62
2019-04-15 21:00:00,81,,,92,79,107,104,78,,111,114,,67
2019-04-15 22:00:00,61,,,99,93,105,110,82,,129,114,,68
2019-04-15 23:00:00,58,,,93,103,112,101,73,,147,119,,75
2019-04-16 00:00:00,55,,,93,106,125,100,100,,150,124,,79
2019-04-16 01:00:00,22,,,98,108,118,107,130,,138,116,,70
2019-04-16 02:00:00,46,,,136,129,100,76,123,,125,107,,124
2019-04-16 03:00:00,42,,,132,111,98,68,175,,138,79,,113
2019-04-16 04:00:00,48,,,161,83,95,73,252,,108,72,,109
2019-04-16 05:00:00,72,,,170,50,95,75,264,,85,109,,94
2019-04-16 06:00:00,41,,,219,56,90,70,288,,148,76,,98
2019-04-16 07:00:00,43,,,281,34,87,56,269,,238,281,,96
2019-04-16 08:00:00,25,,,274,85,69,45,288,,28,314,,84
2019-04-16 09:00:00,13,,,282,86,81,49,312,,124,214,,79
2019-04-16 10:00:00,28,,,335,92,78,73,316,,148,197,,81
2019-04-16 11:00:00,53,,,202,101,81,39,345,,182,181,,81
2019-04-16 12:00:00,90,,,138,96,66,42,93,,168,153,,87
2019-04-16 13:00:00,84,,,140,94,106,76,98,,129,149,,80
2019-04-16 14:00:00,81,,,110,94,95,90,100,,136,143,,77
2019-04-16 15:00:00,64,,,95,97,90,110,100,,141,152,,67
2019-04-16 16:00:00,67,,,98,98,100,117,95,,132,147,,70
2019-04-16 17:00:00,137,,,103,96,105,138,102,,140,155,,69
2019-04-16 18:00:00,143,,,110,95,114,132,110,,146,161,,72
2019-04-16 19:00:00,125,,,102,92,109,129,99,,152,158,,66
2019-04-16 20:00:00,139,,,109,84,95,128,95,,160,150,,66
2019-04-16 21:00:00,130,,,119,84,86,113,103,,101,110,,118
2019-04-16 22:00:00,70,,,100,91,124,95,101,,120,103,,111
2019-04-16 23:00:00,85,,,105,104,108,97,107,,133,154,,89
2019-04-17 00:00:00,56,,,96,134,98,87,114,,122,125,,109
2019-04-17 01:00:00,45,,,117,121,99,88,113,,142,104,,112
2019-04-17 02:00:00,12,,,317,87,84,64,151,,102,117,,153
2019-04-17 03:00:00,15,,,316,23,87,72,239,,63,110,,137
2019-04-17 04:00:00,39,,,203,99,66,54,243,,82,98,,105
2019-04-17 05:00:00,34,,,276,89,12,66,257,,36,69,,110
2019-04-17 06:00:00,52,,,262,73,35,72,279,,5,71,,105
2019-04-17 07:00:00,80,,,300,50,62,66,248,,98,205,,112
2019-04-17 08:00:00,87,,,313,63,46,60,123,,116,161,,86
2019-04-17 09:00:00,35,,,307,313,352,5,329,,106,203,,149
2019-04-17 10:00:00,29,,,247,134,69,57,309,,305,315,,77
2019-04-17 11:00:00,93,,,135,126,90,84,34,,120,194,,70
2019-04-17 12:00:00,65,,,151,92,108,70,86,,73,157,,79
2019-04-17 13:00:00,66,,,145,90,94,86,93,,112,148,,74
2019-04-17 14:00:00,87,,,126,95,110,107,75,,109,133,,73
2019-04-17 15:00:00,63,,,114,98,105,94,90,,136,167,,73
2019-04-17 16:00:00,77,,,115,91,107,103,75,,145,177,,76
2019-04-17 17:00:00,113,,,108,87,112,126,90,,157,164,,66
2019-04-17 18:00:00,133,,,109,83,112,130,98,,191,172,,72
2019-04-17 19:00:00,122,,,102,87,112,124,95,,193,170,,66
2019-04-17 20:00:00,112,,,100,81,174,123,115,,167,194,,114
2019-04-17 21:00:00,64,,,97,135,268,94,111,,153,128,,139
2019-04-17 22:00:00,44,,,109,165,114,95,121,,130,128,,175
2019-04-17 23:00:00,33,,,141,136,111,101,103,,128,120,,118
2019-04-18 00:00:00,259,,,146,95,131,118,129,,111,95,,129
2019-04-18 01:00:00,350,,,195,301,108,75,203,,53,46,,212
2019-04-18 02:00:00,324,,,292,272,281,31,275,,343,345,,180
2019-04-18 03:00:00,34,,,312,291,358,36,292,,324,336,,278
2019-04-18 04:00:00,354,,,325,280,302,17,272,,,357,,254
2019-04-18 05:00:00,171,,,299,260,301,39,274,,354,345,,278
2019-04-18 06:00:00,145,,,306,266,311,,276,,352,347,,271
2019-04-18 07:00:00,148,,,289,282,7,33,230,,354,336,,282
2019-04-18 08:00:00,140,,,272,273,116,10,113,,305,309,,289
2019-04-18 09:00:00,116,,,282,291,293,328,92,,357,340,,286
2019-04-18 10:00:00,333,,,299,294,279,324,79,,7,352,,294
2019-04-18 11:00:00,341,,,290,274,270,320,298,,331,339,,288
2019-04-18 12:00:00,326,,,275,267,260,302,299,,314,329,,282
2019-04-18 13:00:00,314,,,267,278,279,292,303,,302,313,,269
2019-04-18 14:00:00,321,,,287,307,295,319,301,,308,315,,263
2019-04-18 15:00:00,326,,,299,318,303,329,298,,336,344,,276
2019-04-18 16:00:00,322,,,301,319,303,349,302,,355,356,,301
2019-04-18 17:00:00,331,,,317,331,326,13,307,,8,6,,298
2019-04-18 18:00:00,4,,,12,356,355,35,320,,22,16,,337
2019-04-18 19:00:00,28,,,27,347,1,36,310,,16,8,,76
2019-04-18 20:00:00,50,,,28,119,348,48,309,,12,341,,89
2019-04-18 21:00:00,54,,,43,110,52,55,301,,,318,,83
2019-04-18 22:00:00,91,,,27,123,6,55,263,,302,314,,102
2019-04-18 23:00:00,145,,,109,75,129,102,227,,302,331,,109
2019-04-19 00:00:00,156,,,79,48,116,87,226,,289,276,,97
2019-04-19 01:00:00,111,,,92,28,134,83,227,,294,241,,104
2019-04-19 02:00:00,129,,,103,144,218,105,212,,280,200,,109
2019-04-19 03:00:00,163,,,106,39,282,122,194,,134,171,,96
2019-04-19 04:00:00,221,,,91,15,221,226,154,,171,180,,168
2019-04-19 05:00:00,213,,,315,237,270,239,100,,189,168,,189
2019-04-19 06:00:00,226,,,332,302,249,263,191,,130,122,,263
2019-04-19 07:00:00,251,,,327,281,352,20,218,,358,49,,250
2019-04-19 08:00:00,115,,,334,293,303,55,255,,1,14,,215
2019-04-19 09:00:00,338,,,355,287,327,16,291,,358,13,,14
2019-04-19 10:00:00,51,,,305,296,3,44,306,,7,100,,78
2019-04-19 11:00:00,78,,,281,106,91,80,316,,136,126,,80
2019-04-19 12:00:00,73,,,151,122,102,91,317,,46,85,,82
2019-04-19 13:00:00,95,,,127,106,114,86,316,,159,86,,81
2019-04-19 14:00:00,89,,,139,83,106,80,23,,178,76,,75
2019-04-19 15:00:00,96,,,145,108,166,69,53,,71,129,,94
2019-04-19 16:00:00,99,,,98,97,96,69,71,,153,107,,83
2019-04-19 17:00:00,100,,,108,100,83,109,110,,89,91,,83
2019-04-19 18:00:00,102,,,100,92,97,115,88,,94,82,,66
2019-04-19 19:00:00,101,,,100,98,100,116,81,,96,78,,81
2019-04-19 20:00:00,97,,,101,84,102,119,102,,133,94,,68
2019-04-19 21:00:00,131,,,108,84,107,130,108,,193,160,,63
2019-04-19 22:00:00,105,,,107,76,114,126,121,,182,164,,67
2019-04-19 23:00:00,122,,,112,86,107,132,117,,147,151,,85
2019-04-20 00:00:00,130,,,106,102,90,110,117,,130,152,,153
2019-04-20 01:00:00,71,,,124,156,46,53,123,,99,126,,131
2019-04-20 02:00:00,15,,,271,128,307,42,216,,65,111,,158
2019-04-20 03:00:00,26,,,265,64,298,43,233,,1,33,,133
2019-04-20 04:00:00,14,,,277,28,335,34,240,,347,1,,136
2019-04-20 05:00:00,41,,,289,310,289,26,241,,338,15,,161
2019-04-20 06:00:00,30,,,301,308,272,24,250,,325,3,,145
2019-04-20 07:00:00,347,,,308,327,290,27,237,,4,39,,216
2019-04-20 08:00:00,11,,,345,297,344,26,287,,24,40,,243
2019-04-20 09:00:00,26,,,345,27,45,39,308,,17,45,,48
2019-04-20 10:00:00,36,,,67,97,87,46,311,,21,103,,73
2019-04-20 11:00:00,32,,,145,100,90,62,315,,50,144,,88
2019-04-20 12:00:00,85,,,170,100,85,60,319,,88,132,,79
2019-04-20 13:00:00,78,,,93,103,91,71,61,,107,140,,73
2019-04-20 14:00:00,60,,,112,91,79,86,87,,121,158,,69
2019-04-20 15:00:00,95,,,99,102,95,117,96,,150,147,,55
2019-04-20 16:00:00,141,,,104,97,101,123,88,,149,154,,66
2019-04-20 17:00:00,140,,,107,94,110,137,102,,147,140,,75
2019-04-20 18:00:00,142,,,110,91,117,136,113,,151,154,,75
2019-04-20 19:00:00,146,,,118,85,116,143,120,,151,144,,71
2019-04-20 20:00:00,121,,,116,82,104,127,93,,121,118,,63
2019-04-20 21:00:00,109,,,105,83,104,114,95,,131,139,,62
2019-04-20 22:00:00,104,,,104,88,107,111,97,,124,130,,60
2019-04-20 23:00:00,57,,,95,100,107,104,116,,121,113,,67
2019-04-21 00:00:00,48,,,108,105,86,73,129,,110,75,,91
2019-04-21 01:00:00,50,,,72,124,79,67,191,,90,84,,100
2019-04-21 02:00:00,16,,,350,67,89,66,278,,106,83,,112
2019-04-21 03:00:00,11,,,250,47,86,67,297,,87,70,,119
2019-04-21 04:00:00,49,,,242,52,80,70,284,,78,71,,95
2019-04-21 05:00:00,32,,,261,38,107,78,262,,175,114,,100
2019-04-21 06:00:00,56,,,285,351,115,99,275,,114,303,,92
2019-04-21 07:00:00,33,,,279,359,99,90,246,,193,345,,201
2019-04-21 08:00:00,26,,,279,54,93,76,293,,103,140,,154
2019-04-21 09:00:00,356,,,321,101,56,31,317,,71,113,,57
2019-04-21 10:00:00,39,,,342,118,47,72,314,,355,303,,63
2019-04-21 11:00:00,62,,,134,103,70,83,337,,119,188,,75
2019-04-21 12:00:00,54,,,140,100,87,71,63,,146,168,,71
2019-04-21 13:00:00,67,,,140,98,97,77,104,,132,143,,71
2019-04-21 14:00:00,70,,,110,92,100,96,105,,137,140,,62
2019-04-21 15:00:00,58,,,90,95,107,102,94,,142,154,,55
2019-04-21 16:00:00,92,,,93,95,101,122,95,,138,161,,41
2019-04-21 17:00:00,136,,,105,99,114,130,93,,148,160,,66
2019-04-21 18:00:00,153,,,108,93,113,134,122,,157,160,,77
2019-04-21 19:00:00,152,,,107,90,109,135,110,,151,167,,68
2019-04-21 20:00:00,144,,,124,95,108,168,114,,153,128,,59
2019-04-21 21:00:00,116,,,102,84,105,120,107,,107,111,,94
2019-04-21 22:00:00,67,,,96,86,97,96,104,,119,128,,83
2019-04-21 23:00:00,62,,,90,112,101,79,111,,126,143,,94
2019-04-22 00:00:00,71,,,104,102,113,106,127,,119,129,,83
2019-04-22 01:00:00,49,,,108,114,98,84,195,,119,106,,91
2019-04-22 02:00:00,32,,,131,113,100,74,212,,94,111,,106
2019-04-22 03:00:00,22,,,154,103,119,72,234,,95,100,,99
2019-04-22 04:00:00,27,,,154,124,98,69,274,,130,88,,91
2019-04-22 05:00:00,13,,,350,116,98,71,252,,134,108,,104
2019-04-22 06:00:00,26,,,326,97,103,76,216,,107,112,,105
2019-04-22 07:00:00,48,,,305,120,91,82,269,,138,115,,101
2019-04-22 08:00:00,41,,,258,113,59,82,300,,119,146,,100
2019-04-22 09:00:00,22,,,292,106,57,63,305,,131,151,,79
2019-04-22 10:00:00,28,,,339,80,92,66,311,,149,153,,80
2019-04-22 11:00:00,59,,,174,99,79,72,314,,152,164,,83
2019-04-22 12:00:00,63,,,136,98,81,53,9,,157,142,,75
2019-04-22 13:00:00,63,,,122,99,106,114,83,,180,169,,74
2019-04-22 14:00:00,21,,,91,96,112,117,104,,165,165,,69
2019-04-22 15:00:00,101,,,102,99,104,131,119,,156,138,,62
2019-04-22 16:00:00,146,,,96,104,109,123,111,,153,132,,80
2019-04-22 17:00:00,145,,,98,99,103,123,110,,153,107,,77
2019-04-22 18:00:00,150,,,99,90,98,127,104,,166,137,,73
2019-04-22 19:00:00,134,,,103,81,100,124,95,,185,184,,67
2019-04-22 20:00:00,133,,,99,77,79,103,103,,117,122,,64
2019-04-22 21:00:00,99,,,94,74,94,107,76,,114,110,,69
2019-04-22 22:00:00,87,,,100,82,105,121,79,,125,138,,59
2019-04-22 23:00:00,81,,,101,95,98,114,88,,104,116,,57
2019-04-23 00:00:00,63,,,106,106,102,94,123,,94,75,,71
2019-04-23 01:00:00,66,,,110,115,101,97,131,,97,65,,86
2019-04-23 02:00:00,68,,,125,100,104,95,141,,94,47,,96
2019-04-23 03:00:00,70,,,82,122,110,97,112,,115,103,,93
2019-04-23 04:00:00,61,,,112,119,75,85,139,,129,93,,97
2019-04-23 05:00:00,54,,,74,113,87,79,218,,95,74,,103
2019-04-23 06:00:00,73,,,50,121,98,73,285,,98,71,,97
2019-04-23 07:00:00,65,,,137,105,48,70,295,,89,70,,97
2019-04-23 08:00:00,47,,,203,119,71,82,301,,85,72,,105
2019-04-23 09:00:00,44,,,195,97,63,67,299,,71,69,,98
2019-04-23 10:00:00,80,,,140,101,62,77,325,,96,150,,81
2019-04-23 11:00:00,95,,,110,102,104,98,324,,138,151,,77
2019-04-23 12:00:00,112,,,120,96,131,133,109,,150,160,,72
2019-04-23 13:00:00,62,,,105,92,100,114,103,,151,140,,66
2019-04-23 14:00:00,95,,,100,90,102,124,94,,136,148,,50
2019-04-23 15:00:00,123,,,98,95,97,108,118,,138,157,,65
2019-04-23 16:00:00,131,,,101,99,94,125,108,,148,148,,81
2019-04-23 17:00:00,126,,,104,98,97,130,97,,141,141,,68
2019-04-23 18:00:00,127,,,99,88,95,116,90,,132,144,,80
2019-04-23 19:00:00,98,,,100,85,101,116,85,,145,139,,76
2019-04-23 20:00:00,117,,,99,85,97,122,93,,190,183,,73
2019-04-23 21:00:00,120,,,102,79,98,112,95,,127,121,,71
2019-04-23 22:00:00,100,,,100,82,94,118,72,,115,119,,76
2019-04-23 23:00:00,89,,,104,81,97,121,68,,115,123,,60
2019-04-24 00:00:00,102,,,108,88,104,121,92,,129,127,,69
2019-04-24 01:00:00,65,,,108,90,100,121,111,,124,137,,71
2019-04-24 02:00:00,61,,,105,113,94,117,97,,126,131,,84
2019-04-24 03:00:00,58,,,90,111,100,104,102,,128,129,,74
2019-04-24 04:00:00,29,,,103,121,104,103,167,,115,97,,80
2019-04-24 05:00:00,334,,,172,117,78,117,183,,93,100,,87
2019-04-24 06:00:00,320,,,278,352,28,50,293,,43,66,,124
2019-04-24 07:00:00,9,,,277,322,356,28,283,,30,17,,225
2019-04-24 08:00:00,23,,,280,295,10,32,280,,13,42,,275
2019-04-24 09:00:00,14,,,342,252,354,42,304,,17,17,,331
2019-04-24 10:00:00,17,,,323,270,31,46,294,,358,352,,82
2019-04-24 11:00:00,46,,,204,99,96,79,309,,354,18,,76
2019-04-24 12:00:00,98,,,149,101,113,95,339,,83,70,,91
2019-04-24 13:00:00,132,,,160,113,107,130,290,,89,44,,97
2019-04-24 14:00:00,118,,,97,117,96,96,352,,110,76,,96
2019-04-24 15:00:00,104,,,106,106,94,99,41,,96,71,,81
2019-04-24 16:00:00,105,,,117,101,91,119,58,,100,80,,78
2019-04-24 17:00:00,94,,,94,99,95,119,81,,109,86,,71
2019-04-24 18:00:00,111,,,100,105,90,134,85,,97,72,,75
2019-04-24 19:00:00,90,,,68,89,35,74,67,,70,58,,79
2019-04-24 20:00:00,26,,,38,115,22,42,286,,347,,,95
2019-04-24 21:00:00,61,,,143,94,88,37,279,,317,324,,92
2019-04-24 22:00:00,76,,,219,90,13,44,280,,326,331,,100
2019-04-24 23:00:00,129,,,30,27,341,32,276,,325,332,,88
2019-04-25 00:00:00,103,,,322,4,308,32,272,,345,326,,99
2019-04-25 01:00:00,92,,,192,321,12,48,271,,338,320,,91
2019-04-25 02:00:00,131,,,148,318,64,58,263,,315,318,,74
2019-04-25 03:00:00,212,,,104,300,51,272,216,,316,322,,273
2019-04-25 04:00:00,131,,,317,281,28,72,106,,299,316,,273
2019-04-25 05:00:00,114,,,118,324,120,113,211,,324,330,,97
2019-04-25 06:00:00,80,,,146,281,104,94,131,,283,229,,111
2019-04-25 07:00:00,218,,,114,323,127,227,144,,266,272,,151
2019-04-25 08:00:00,84,,,67,285,357,259,92,,307,315,,265
2019-04-25 09:00:00,49,,,150,307,341,262,77,,19,351,,245
2019-04-25 10:00:00,52,,,122,312,70,273,14,,326,44,,71
2019-04-25 11:00:00,9,,,321,308,97,69,319,,248,165,,84
2019-04-25 12:00:00,39,,,308,321,311,36,293,,146,170,,55
2019-04-25 13:00:00,327,,,276,302,304,322,309,,104,181,,302
2019-04-25 14:00:00,348,,,274,314,317,323,318,,8,48,,307
2019-04-25 15:00:00,336,,,310,307,302,6,314,,347,344,,309
2019-04-25 16:00:00,356,,,311,322,5,27,337,,19,24,,320
2019-04-25 17:00:00,20,,,91,29,31,51,357,,49,100,,58
2019-04-25 18:00:00,39,,,52,7,26,62,80,,106,115,,47
2019-04-25 19:00:00,135,,,102,37,80,144,105,,143,141,,78
2019-04-25 20:00:00,143,,,122,111,118,135,119,,183,130,,70
2019-04-25 21:00:00,146,,,125,84,111,135,115,,185,118,,68
2019-04-25 22:00:00,131,,,111,80,100,126,110,,189,183,,81
2019-04-25 23:00:00,154,,,96,74,121,120,114,,185,254,,113
2019-04-26 00:00:00,111,,,102,127,127,109,149,,188,257,,93
2019-04-26 01:00:00,143,,,108,102,292,122,123,,235,307,,126
2019-04-26 02:00:00,349,,,153,139,277,31,138,,9,25,,143
2019-04-26 03:00:00,44,,,219,128,186,44,119,,26,62,,131
2019-04-26 04:00:00,90,,,248,105,85,58,266,,215,257,,114
2019-04-26 05:00:00,51,,,2,118,95,55,237,,182,263,,112
2019-04-26 06:00:00,307,,,39,93,204,49,120,,187,61,,115
2019-04-26 07:00:00,93,,,276,50,155,96,206,,7,4,,127
2019-04-26 08:00:00,42,,,92,62,86,103,82,,64,219,,76
2019-04-26 09:00:00,51,,,146,97,87,67,88,,87,120,,90
2019-04-26 10:00:00,77,,,111,94,71,62,84,,105,146,,70
2019-04-26 11:00:00,68,,,94,88,95,111,61,,138,135,,49
2019-04-26 12:00:00,112,,,108,93,91,121,87,,131,139,,61
2019-04-26 13:00:00,97,,,102,90,90,125,101,,118,144,,73
2019-04-26 14:00:00,123,,,112,103,91,141,83,,137,167,,360
2019-04-26 15:00:00,117,,,106,100,116,131,91,,138,134,,72
2019-04-26 16:00:00,138,,,101,92,116,116,78,,139,130,,77
2019-04-26 17:00:00,146,,,100,85,109,112,91,,134,125,,78
2019-04-26 18:00:00,123,,,104,88,102,124,85,,121,127,,75
2019-04-26 19:00:00,104,,,98,92,94,115,86,,110,114,,84
2019-04-26 20:00:00,108,,,98,82,94,118,92,,102,93,,97
2019-04-26 21:00:00,113,,,99,81,90,116,101,,122,125,,86
2019-04-26 22:00:00,136,,,100,79,102,123,96,,153,142,,77
2019-04-26 23:00:00,125,,,104,78,105,130,97,,132,134,,60
2019-04-27 00:00:00,110,,,101,79,97,114,96,,126,107,,57
2019-04-27 01:00:00,73,,,104,83,93,107,92,,117,101,,60
2019-04-27 02:00:00,67,,,115,89,97,89,132,,142,119,,72
2019-04-27 03:00:00,38,,,187,90,82,59,173,,187,105,,109
2019-04-27 04:00:00,59,,,267,90,87,51,235,,46,3,,113
2019-04-27 05:00:00,160,,,279,30,32,74,241,,50,8,,118
2019-04-27 06:00:00,356,,,290,20,281,39,239,,23,297,,208
2019-04-27 07:00:00,15,,,305,351,345,36,232,,92,281,,186
2019-04-27 08:00:00,15,,,305,118,68,42,297,,96,234,,72
2019-04-27 09:00:00,27,,,313,90,64,5,316,,98,108,,44
2019-04-27 10:00:00,36,,,48,103,74,54,328,,82,111,,73
2019-04-27 11:00:00,72,,,193,90,74,66,327,,142,151,,76
2019-04-27 12:00:00,65,,,148,105,78,69,337,,162,172,,74
2019-04-27 13:00:00,76,,,141,95,101,80,97,,136,169,,72
2019-04-27 14:00:00,75,,,111,92,101,122,106,,152,136,,72
2019-04-27 15:00:00,108,,,104,99,98,125,101,,159,172,,63
2019-04-27 16:00:00,136,,,99,100,111,118,121,,162,167,,73
2019-04-27 17:00:00,149,,,108,95,119,127,121,,156,156,,85
2019-04-27 18:00:00,151,,,108,99,125,133,111,,143,148,,72
2019-04-27 19:00:00,133,,,107,89,117,134,106,,174,151,,63
2019-04-27 20:00:00,110,,,110,80,109,130,109,,175,138,,61
2019-04-27 21:00:00,126,,,109,85,105,126,101,,129,130,,67
2019-04-27 22:00:00,114,,,102,95,112,120,114,,129,135,,70
2019-04-27 23:00:00,63,,,122,103,121,113,112,,126,122,,76
2019-04-28 00:00:00,51,,,141,109,113,103,116,,124,95,,86
2019-04-28 01:00:00,29,,,142,97,101,76,129,,96,81,,98
2019-04-28 02:00:00,65,,,161,92,113,88,228,,108,99,,100
2019-04-28 03:00:00,68,,,151,60,104,93,102,,132,143,,99
2019-04-28 04:00:00,42,,,176,46,63,75,233,,51,78,,93
2019-04-28 05:00:00,358,,,272,,49,66,252,,27,330,,136
2019-04-28 06:00:00,11,,,307,346,317,58,249,,50,21,,154
2019-04-28 07:00:00,34,,,313,18,271,51,249,,85,77,,169
2019-04-28 08:00:00,77,,,323,67,73,55,298,,121,144,,70
2019-04-28 09:00:00,49,,,49,73,76,60,315,,74,119,,62
2019-04-28 10:00:00,63,,,26,85,83,54,319,,120,129,,71
2019-04-28 11:00:00,63,,,169,89,83,62,316,,114,147,,78
2019-04-28 12:00:00,76,,,137,103,88,86,4,,135,144,,68
2019-04-28 13:00:00,58,,,97,112,105,101,72,,133,145,,68
2019-04-28 14:00:00,68,,,95,89,100,115,79,,133,142,,55
2019-04-28 15:00:00,128,,,103,86,93,125,92,,124,141,,68
2019-04-28 16:00:00,132,,,106,94,96,120,88,,135,128,,67
2019-04-28 17:00:00,122,,,112,90,100,139,96,,126,133,,80
2019-04-28 18:00:00,123,,,112,90,100,141,102,,123,134,,74
2019-04-28 19:00:00,133,,,111,87,98,136,100,,127,126,,74
2019-04-28 20:00:00,125,,,109,92,100,123,82,,115,119,,80
2019-04-28 21:00:00,107,,,101,85,96,123,83,,120,121,,74
2019-04-28 22:00:00,97,,,103,84,94,124,75,,133,133,,63
2019-04-28 23:00:00,62,,,102,91,99,113,94,,115,123,,65
2019-04-29 00:00:00,53,,,106,93,94,106,73,,120,118,,78
2019-04-29 01:00:00,47,,,132,103,92,99,134,,123,115,,88
2019-04-29 02:00:00,60,,,160,83,81,66,128,,87,97,,112
2019-04-29 03:00:00,66,,,194,63,92,56,270,,76,72,,94
2019-04-29 04:00:00,80,,,174,103,88,72,294,,72,57,,88
2019-04-29 05:00:00,72,,,161,92,92,85,298,,119,79,,82
2019-04-29 06:00:00,66,,,159,93,96,100,287,,122,110,,87
2019-04-29 07:00:00,86,,,150,106,104,90,122,,143,159,,87
2019-04-29 08:00:00,23,,,166,86,98,54,228,,141,171,,99
2019-04-29 09:00:00,83,,,172,98,89,72,298,,123,142,,80
2019-04-29 10:00:00,65,,,178,85,81,84,23,,160,145,,87
2019-04-29 11:00:00,81,,,165,114,72,82,55,,192,173,,72
2019-04-29 12:00:00,104,,,144,103,96,56,298,,167,191,,78
2019-04-29 13:00:00,91,,,149,99,109,50,65,,179,191,,78
2019-04-29 14:00:00,91,,,137,95,107,112,104,,189,211,,82
2019-04-29 15:00:00,74,,,114,96,127,122,107,,181,210,,76
2019-04-29 16:00:00,112,,,108,101,104,132,107,,178,207,,75
2019-04-29 17:00:00,120,,,97,103,106,152,89,,187,206,,89
2019-04-29 18:00:00,125,,,135,102,119,135,92,,166,173,,73
2019-04-29 19:00:00,130,,,139,92,100,186,110,,226,163,,63
2019-04-29 20:00:00,115,,,123,91,99,102,123,,136,31,,65
2019-04-29 21:00:00,121,,,110,93,75,96,117,,132,94,,78
2019-04-29 22:00:00,62,,,98,93,97,110,101,,124,105,,96
2019-04-29 23:00:00,61,,,95,87,96,90,111,,126,121,,80
2019-04-30 00:00:00,44,,,95,88,118,85,115,,121,119,,93
2019-04-30 01:00:00,42,,,95,107,86,84,123,,153,119,,102
2019-04-30 02:00:00,41,,,78,100,71,79,153,,103,118,,123
2019-04-30 03:00:00,32,,,119,110,86,78,143,,98,114,,109
2019-04-30 04:00:00,31,,,126,82,96,85,200,,90,100,,106
2019-04-30 05:00:00,61,,,135,118,108,93,195,,89,93,,100
2019-04-30 06:00:00,65,,,140,105,100,77,178,,105,114,,106
2019-04-30 07:00:00,53,,,151,17,84,89,156,,75,95,,128
2019-04-30 08:00:00,31,,,168,76,99,78,253,,49,113,,114
2019-04-30 09:00:00,34,,,122,114,83,75,275,,67,279,,91
2019-04-30 10:00:00,76,,,114,129,76,53,119,,100,146,,64
2019-04-30 11:00:00,76,,,117,95,131,59,130,,132,166,,70
2019-04-30 12:00:00,84,,,136,94,110,79,91,,135,157,,72
2019-04-30 13:00:00,76,,,126,96,99,124,90,,148,151,,75
2019-04-30 14:00:00,61,,,121,95,118,95,105,,141,169,,61
2019-04-30 15:00:00,64,,,108,96,93,119,101,,158,183,,63
2019-04-30 16:00:00,106,,,92,94,101,107,108,,159,164,,64
2019-04-30 17:00:00,108,,,93,96,115,124,95,,167,136,,70
2019-04-30 18:00:00,129,,,123,102,111,54,98,,141,150,,67
2019-04-30 19:00:00,69,,,66,94,95,107,135,,89,106,,116
2019-04-30 20:00:00,59,,,90,110,69,110,128,,98,93,,105
2019-04-30 21:00:00,91,,,115,104,103,122,123,,140,118,,115
2019-04-30 22:00:00,83,,,96,106,102,112,106,,128,125,,162
2019-04-30 23:00:00,51,,,114,102,107,96,121,,170,155,,134
2019-05-01 00:00:00,,,,,,,,,,,,,
2019-05-01 01:00:00,33,,,46,122,87,56,217,,41,94,,114
2019-05-01 02:00:00,10,,,191,107,120,52,233,,65,96,,128
2019-05-01 03:00:00,55,,,331,81,112,85,234,,97,12,,152
2019-05-01 04:00:00,343,,,309,31,126,47,235,,69,75,,182
2019-05-01 05:00:00,280,,,308,308,151,69,231,,14,47,,221
2019-05-01 06:00:00,261,,,304,300,310,53,147,,120,127,,160
2019-05-01 07:00:00,305,,,319,318,301,58,194,,323,353,,160
2019-05-01 08:00:00,356,,,321,257,266,32,349,,55,27,,90
2019-05-01 09:00:00,12,,,295,231,325,336,338,,27,7,,226
2019-05-01 10:00:00,30,,,160,229,34,46,339,,3,146,,67
2019-05-01 11:00:00,81,,,136,310,86,70,311,,67,110,,77
2019-05-01 12:00:00,94,,,131,310,110,100,92,,307,123,,80
2019-05-01 13:00:00,84,,,136,55,119,114,77,,119,173,,70
2019-05-01 14:00:00,84,,,121,108,123,130,79,,142,175,,61
2019-05-01 15:00:00,127,,,108,101,117,131,98,,159,162,,70
2019-05-01 16:00:00,155,,,107,98,126,132,102,,164,160,,95
2019-05-01 17:00:00,163,,,115,100,118,148,121,,156,166,,91
2019-05-01 18:00:00,163,,,135,107,130,156,113,,171,182,,84
2019-05-01 19:00:00,143,,,134,94,117,166,98,,160,169,,53
2019-05-01 20:00:00,137,,,128,86,107,139,109,,140,146,,44
2019-05-01 21:00:00,93,,,103,82,103,111,111,,121,123,,48
2019-05-01 22:00:00,73,,,91,84,78,93,96,,101,90,,54
2019-05-01 23:00:00,54,,,94,83,101,89,77,,114,115,,68
2019-05-02 00:00:00,66,,,91,87,103,97,99,,125,123,,63
2019-05-02 01:00:00,113,,,100,95,97,106,99,,118,115,,71
2019-05-02 02:00:00,55,,,93,100,89,86,119,,104,105,,85
2019-05-02 03:00:00,50,,,104,109,103,80,128,,114,121,,89
2019-05-02 04:00:00,65,,,109,89,99,111,110,,124,121,,90
2019-05-02 05:00:00,56,,,156,75,87,102,164,,97,89,,116
2019-05-02 06:00:00,48,,,171,351,86,78,219,,69,44,,126
2019-05-02 07:00:00,49,,,210,304,49,83,241,,66,38,,153
2019-05-02 08:00:00,64,,,226,52,59,89,282,,83,79,,91
2019-05-02 09:00:00,83,,,157,112,83,85,276,,121,121,,79
2019-05-02 10:00:00,70,,,122,111,55,82,297,,153,162,,73
2019-05-02 11:00:00,83,,,66,91,86,78,357,,135,130,,68
2019-05-02 12:00:00,87,,,111,100,117,86,101,,134,141,,69
2019-05-02 13:00:00,76,,,117,96,105,88,103,,127,152,,60
2019-05-02 14:00:00,75,,,98,101,89,114,124,,139,164,,63
2019-05-02 15:00:00,69,,,94,101,96,113,109,,156,167,,72
2019-05-02 16:00:00,95,,,102,106,106,133,75,,177,181,,73
2019-05-02 17:00:00,134,,,112,102,118,132,92,,184,199,,75
2019-05-02 18:00:00,146,,,117,93,117,141,99,,202,197,,72
2019-05-02 19:00:00,126,,,118,86,114,137,87,,200,176,,62
2019-05-02 20:00:00,129,,,106,75,115,122,103,,135,123,,63
2019-05-02 21:00:00,100,,,99,91,98,112,85,,118,119,,72
2019-05-02 22:00:00,80,,,101,83,93,104,70,,113,124,,63
2019-05-02 23:00:00,81,,,96,93,88,100,88,,110,113,,66
2019-05-03 00:00:00,64,,,92,88,93,97,80,,99,87,,69
2019-05-03 01:00:00,65,,,101,107,97,94,81,,91,78,,77
2019-05-03 02:00:00,74,,,106,97,100,110,61,,110,90,,70
2019-05-03 03:00:00,83,,,100,81,96,112,66,,112,94,,70
2019-05-03 04:00:00,55,,,101,84,105,112,99,,131,124,,56
2019-05-03 05:00:00,52,,,104,144,85,106,95,,120,129,,78
2019-05-03 06:00:00,23,,,226,132,45,69,268,,53,61,,111
2019-05-03 07:00:00,25,,,332,108,31,39,283,,48,44,,94
2019-05-03 08:00:00,57,,,68,105,65,60,288,,77,64,,82
2019-05-03 09:00:00,72,,,82,107,72,81,66,,87,88,,70
2019-05-03 10:00:00,73,,,119,112,96,104,101,,131,125,,77
2019-05-03 11:00:00,73,,,98,101,108,107,70,,138,106,,76
2019-05-03 12:00:00,65,,,104,110,101,110,87,,184,139,,52
2019-05-03 13:00:00,66,,,107,98,110,118,98,,196,166,,71
2019-05-03 14:00:00,97,,,103,93,100,122,100,,171,186,,74
2019-05-03 15:00:00,109,,,87,98,107,100,98,,160,206,,66
2019-05-03 16:00:00,77,,,98,91,90,97,109,,164,202,,92
2019-05-03 17:00:00,112,,,121,110,111,101,132,,189,208,,106
2019-05-03 18:00:00,122,,,101,95,117,127,108,,184,197,,92
2019-05-03 19:00:00,116,,,99,109,106,133,113,,202,220,,81
2019-05-03 20:00:00,143,,,76,111,77,97,182,,270,305,,94
2019-05-03 21:00:00,173,,,116,108,200,171,182,,230,294,,150
2019-05-03 22:00:00,194,,,172,140,231,192,185,,236,233,,152
2019-05-03 23:00:00,103,,,264,117,227,128,120,,193,162,,158
2019-05-04 00:00:00,243,,,194,65,270,71,232,,19,22,,178
2019-05-04 01:00:00,324,,,91,41,74,88,220,,59,98,,145
2019-05-04 02:00:00,90,,,132,129,51,66,222,,103,149,,97
2019-05-04 03:00:00,72,,,244,127,50,61,248,,101,173,,106
2019-05-04 04:00:00,70,,,258,122,60,52,229,,226,354,,100
2019-05-04 05:00:00,46,,,220,102,30,39,234,,28,22,,88
2019-05-04 06:00:00,38,,,261,131,284,35,292,,6,277,,107
2019-05-04 07:00:00,72,,,241,86,47,52,291,,73,335,,86
2019-05-04 08:00:00,88,,,144,106,80,69,267,,317,299,,91
2019-05-04 09:00:00,84,,,140,99,90,85,135,,197,286,,92
2019-05-04 10:00:00,78,,,137,101,85,78,103,,172,59,,78
2019-05-04 11:00:00,78,,,112,98,103,110,69,,148,137,,76
2019-05-04 12:00:00,83,,,133,107,114,93,60,,167,179,,64
2019-05-04 13:00:00,79,,,108,101,103,94,88,,160,123,,69
2019-05-04 14:00:00,90,,,101,106,111,109,58,,114,137,,64
2019-05-04 15:00:00,101,,,109,101,107,125,77,,164,168,,67
2019-05-04 16:00:00,146,,,118,97,124,128,98,,178,175,,84
2019-05-04 17:00:00,128,,,105,93,111,121,113,,139,152,,77
2019-05-04 18:00:00,143,,,113,92,107,140,92,,160,176,,86
2019-05-04 19:00:00,155,,,109,87,113,141,94,,192,194,,79
2019-05-04 20:00:00,123,,,105,86,96,111,118,,174,213,,83
2019-05-04 21:00:00,96,,,110,88,107,119,105,,195,233,,83
2019-05-04 22:00:00,130,,,102,91,82,106,109,,132,134,,77
2019-05-04 23:00:00,71,,,101,88,112,114,93,,144,149,,65
2019-05-05 00:00:00,75,,,88,93,109,90,98,,108,88,,71
2019-05-05 01:00:00,48,,,118,93,104,93,104,,167,191,,72
2019-05-05 02:00:00,130,,,126,93,113,95,96,,174,208,,68
2019-05-05 03:00:00,134,,,109,87,86,115,104,,140,136,,83
2019-05-05 04:00:00,36,,,260,145,46,74,107,,96,108,,117
2019-05-05 05:00:00,44,,,35,128,44,76,302,,73,62,,92
2019-05-05 06:00:00,28,,,140,85,36,55,291,,59,55,,95
2019-05-05 07:00:00,66,,,81,97,64,86,102,,130,119,,72
2019-05-05 08:00:00,91,,,114,108,96,108,114,,168,134,,75
2019-05-05 09:00:00,66,,,110,96,107,120,97,,157,150,,63
2019-05-05 10:00:00,70,,,113,95,98,115,105,,184,187,,54
2019-05-05 11:00:00,81,,,102,101,113,123,99,,183,182,,51
2019-05-05 12:00:00,129,,,101,101,108,123,93,,178,170,,63
2019-05-05 13:00:00,137,,,116,90,110,121,103,,173,169,,66
2019-05-05 14:00:00,148,,,111,94,107,130,97,,191,192,,76
2019-05-05 15:00:00,155,,,124,93,121,157,109,,211,235,,69
2019-05-05 16:00:00,126,,,115,101,119,137,119,,221,265,,84
2019-05-05 17:00:00,127,,,109,95,103,139,109,,205,249,,77
2019-05-05 18:00:00,132,,,104,92,107,113,99,,146,195,,65
2019-05-05 19:00:00,143,,,115,94,115,150,110,,179,172,,70
2019-05-05 20:00:00,141,,,122,85,101,139,106,,145,157,,66
2019-05-05 21:00:00,117,,,102,80,103,118,101,,124,125,,55
2019-05-05 22:00:00,123,,,102,82,97,100,91,,134,118,,64
2019-05-05 23:00:00,30,,,106,91,110,89,109,,158,156,,92
2019-05-06 00:00:00,96,,,100,94,103,109,103,,143,157,,84
2019-05-06 01:00:00,95,,,104,101,93,111,99,,129,140,,68
2019-05-06 02:00:00,102,,,111,90,100,105,88,,115,127,,64
2019-05-06 03:00:00,66,,,99,95,79,81,97,,105,91,,55
2019-05-06 04:00:00,72,,,94,103,71,82,111,,106,88,,66
2019-05-06 05:00:00,64,,,131,101,91,83,133,,82,63,,70
2019-05-06 06:00:00,62,,,97,103,86,83,82,,172,106,,79
2019-05-06 07:00:00,45,,,77,116,82,78,94,,107,73,,73
2019-05-06 08:00:00,52,,,143,111,89,66,168,,79,48,,86
2019-05-06 09:00:00,56,,,314,120,263,35,308,,66,46,,108
2019-05-06 10:00:00,86,,,203,100,142,29,296,,317,78,,108
2019-05-06 11:00:00,77,,,119,101,160,78,312,,297,305,,93
2019-05-06 12:00:00,21,,,220,109,176,43,324,,286,257,,98
2019-05-06 13:00:00,78,,,134,112,122,114,64,,205,152,,95
2019-05-06 14:00:00,118,,,122,100,121,133,86,,139,149,,97
2019-05-06 15:00:00,136,,,111,100,108,127,94,,145,145,,73
2019-05-06 16:00:00,135,,,102,90,98,121,90,,138,140,,66
2019-05-06 17:00:00,134,,,103,91,105,124,92,,147,153,,67
2019-05-06 18:00:00,122,,,100,78,101,118,102,,149,173,,56
2019-05-06 19:00:00,103,,,92,77,91,102,99,,139,157,,69
2019-05-06 20:00:00,133,,,96,84,97,106,87,,150,133,,71
2019-05-06 21:00:00,124,,,94,87,96,92,111,,112,98,,69
2019-05-06 22:00:00,103,,,92,89,93,101,85,,120,95,,65
2019-05-06 23:00:00,82,,,103,92,105,100,86,,134,126,,57
2019-05-07 00:00:00,91,,,105,81,106,95,92,,139,136,,58
2019-05-07 01:00:00,65,,,84,87,77,80,96,,88,75,,56
2019-05-07 02:00:00,36,,,163,98,47,49,110,,76,69,,85
2019-05-07 03:00:00,67,,,138,139,50,61,116,,107,85,,99
2019-05-07 04:00:00,59,,,89,116,105,59,318,,135,47,,88
2019-05-07 05:00:00,65,,,172,119,148,35,306,,272,350,,110
2019-05-07 06:00:00,137,,,173,63,179,33,282,,263,284,,120
2019-05-07 07:00:00,117,,,138,85,140,115,290,,252,304,,89
2019-05-07 08:00:00,340,,,171,104,104,318,270,,285,36,,111
2019-05-07 09:00:00,9,,,296,110,26,82,301,,1,61,,100
2019-05-07 10:00:00,72,,,76,99,116,66,316,,51,69,,75
2019-05-07 11:00:00,44,,,132,101,139,58,310,,85,70,,79
2019-05-07 12:00:00,71,,,127,100,139,66,311,,104,97,,69
2019-05-07 13:00:00,43,,,117,109,124,70,310,,103,134,,76
2019-05-07 14:00:00,92,,,112,107,103,80,304,,184,157,,88
2019-05-07 15:00:00,59,,,110,107,103,98,107,,141,147,,93
2019-05-07 16:00:00,70,,,123,112,121,111,93,,172,172,,78
2019-05-07 17:00:00,69,,,113,109,110,134,97,,133,143,,69
2019-05-07 18:00:00,92,,,110,99,100,135,118,,130,143,,73
2019-05-07 19:00:00,133,,,114,99,118,133,126,,122,139,,76
2019-05-07 20:00:00,135,,,98,93,117,128,110,,156,140,,77
2019-05-07 21:00:00,145,,,104,94,122,122,104,,188,157,,115
2019-05-07 22:00:00,150,,,120,87,114,117,107,,171,136,,109
2019-05-07 23:00:00,137,,,126,91,104,127,102,,122,130,,122
2019-05-08 00:00:00,82,,,104,85,92,120,91,,123,135,,60
2019-05-08 01:00:00,88,,,101,85,101,121,102,,130,133,,62
2019-05-08 02:00:00,68,,,98,86,101,114,103,,128,134,,67
2019-05-08 03:00:00,76,,,105,102,91,113,97,,128,138,,76
2019-05-08 04:00:00,54,,,114,106,93,106,88,,129,126,,97
2019-05-08 05:00:00,20,,,138,129,108,90,124,,122,137,,126
2019-05-08 06:00:00,355,,,247,41,79,90,296,,129,142,,215
2019-05-08 07:00:00,356,,,281,24,38,105,297,,70,62,,249
2019-05-08 08:00:00,332,,,306,302,17,301,292,,50,68,,281
2019-05-08 09:00:00,338,,,26,293,28,341,292,,23,60,,264
2019-05-08 10:00:00,44,,,87,301,89,71,289,,354,340,,76
2019-05-08 11:00:00,112,,,272,296,310,118,291,,329,,,88
2019-05-08 12:00:00,126,,,301,288,326,170,275,,334,,,96
2019-05-08 13:00:00,112,,,308,289,339,26,299,,195,168,,98
2019-05-08 14:00:00,82,,,309,289,278,50,296,,155,181,,107
2019-05-08 15:00:00,124,,,298,286,95,148,273,,166,170,,98
2019-05-08 16:00:00,94,,,317,320,48,101,77,,128,113,,88
2019-05-08 17:00:00,101,,,101,356,91,114,55,,109,95,,80
2019-05-08 18:00:00,104,,,99,77,90,117,66,,104,101,,76
2019-05-08 19:00:00,92,,,85,83,74,86,67,,79,79,,69
2019-05-08 20:00:00,86,,,92,87,91,91,86,,76,68,,65
2019-05-08 21:00:00,99,,,100,101,99,114,80,,124,101,,63
2019-05-08 22:00:00,97,,,105,98,109,119,94,,117,118,,69
2019-05-08 23:00:00,99,,,99,95,103,116,83,,135,115,,81
2019-05-09 00:00:00,93,,,100,86,93,117,92,,118,123,,70
2019-05-09 01:00:00,119,,,94,84,89,114,98,,122,149,,73
2019-05-09 02:00:00,73,,,88,85,73,93,102,,115,105,,70
2019-05-09 03:00:00,67,,,147,84,89,76,119,,156,196,,75
2019-05-09 04:00:00,76,,,151,87,61,69,114,,137,139,,100
2019-05-09 05:00:00,45,,,124,115,41,72,111,,104,75,,70
2019-05-09 06:00:00,27,,,54,118,34,39,216,,89,79,,105
2019-05-09 07:00:00,18,,,9,105,44,37,177,,105,101,,122
2019-05-09 08:00:00,80,,,136,96,81,62,109,,111,87,,86
2019-05-09 09:00:00,57,,,146,93,120,75,94,,98,80,,72
2019-05-09 10:00:00,44,,,118,114,70,82,308,,57,8,,80
2019-05-09 11:00:00,68,,,271,61,45,57,305,,28,39,,71
2019-05-09 12:00:00,97,,,41,85,93,77,318,,100,106,,74
2019-05-09 13:00:00,102,,,100,104,103,96,35,,108,99,,72
2019-05-09 14:00:00,97,,,111,103,85,99,53,,103,89,,71
2019-05-09 15:00:00,86,,,109,105,99,101,55,,90,98,,74
2019-05-09 16:00:00,99,,,101,98,89,112,64,,96,93,,72
2019-05-09 17:00:00,95,,,95,87,61,111,67,,96,85,,70
2019-05-09 18:00:00,46,,,35,98,30,48,57,,72,71,,69
2019-05-09 19:00:00,57,,,194,111,128,27,277,,7,351,,102
2019-05-09 20:00:00,51,,,178,126,176,70,303,,124,358,,81
2019-05-09 21:00:00,217,,,195,127,241,230,277,,255,277,,106
2019-05-09 22:00:00,226,,,71,119,105,247,124,,242,198,,101
2019-05-09 23:00:00,145,,,73,118,75,80,110,,197,207,,78
2019-05-10 00:00:00,31,,,90,80,355,44,109,,33,8,,86
2019-05-10 01:00:00,38,,,222,121,252,42,276,,54,47,,107
2019-05-10 02:00:00,79,,,134,99,92,66,245,,5,25,,98
2019-05-10 03:00:00,84,,,125,102,126,93,147,,267,279,,82
2019-05-10 04:00:00,303,,,129,128,252,293,100,,352,325,,129
2019-05-10 05:00:00,351,,,295,354,272,18,114,,12,28,,217
2019-05-10 06:00:00,28,,,50,52,17,39,237,,353,16,,104
2019-05-10 07:00:00,15,,,22,101,86,33,270,,295,259,,110
2019-05-10 08:00:00,10,,,29,85,40,28,278,,294,270,,118
2019-05-10 09:00:00,18,,,40,108,36,36,286,,325,318,,106
2019-05-10 10:00:00,35,,,27,115,23,35,279,,326,344,,95
2019-05-10 11:00:00,33,,,23,119,12,37,289,,332,328,,90
2019-05-10 12:00:00,29,,,25,125,36,33,292,,330,324,,95
2019-05-10 13:00:00,23,,,32,119,25,25,283,,335,336,,105
2019-05-10 14:00:00,45,,,25,101,64,31,292,,331,331,,103
2019-05-10 15:00:00,94,,,151,103,169,40,290,,333,330,,83
2019-05-10 16:00:00,119,,,117,101,87,60,296,,340,352,,95
2019-05-10 17:00:00,109,,,90,115,58,62,92,,99,82,,98
2019-05-10 18:00:00,62,,,90,98,38,48,110,,125,156,,79
2019-05-10 19:00:00,61,,,86,91,8,42,107,,123,135,,75
2019-05-10 20:00:00,47,,,71,94,3,39,102,,126,138,,65
2019-05-10 21:00:00,70,,,305,99,11,59,85,,149,120,,59
2019-05-10 22:00:00,63,,,120,101,13,84,96,,151,149,,60
2019-05-10 23:00:00,59,,,122,99,347,93,102,,152,144,,58
2019-05-11 00:00:00,55,,,119,90,343,100,104,,157,143,,69
2019-05-11 01:00:00,48,,,103,97,345,86,104,,142,165,,72
2019-05-11 02:00:00,31,,,284,115,349,78,117,,172,166,,92
2019-05-11 03:00:00,20,,,308,146,347,32,246,,319,261,,106
2019-05-11 04:00:00,22,,,304,302,7,32,298,,326,322,,142
2019-05-11 05:00:00,52,,,273,322,89,44,292,,338,346,,75
2019-05-11 06:00:00,84,,,163,341,69,60,225,,356,351,,82
2019-05-11 07:00:00,80,,,161,94,38,44,296,,314,336,,77
2019-05-11 08:00:00,99,,,169,72,15,39,304,,344,340,,70
2019-05-11 09:00:00,88,,,185,96,58,52,314,,334,327,,85
2019-05-11 10:00:00,70,,,234,104,55,46,313,,313,286,,86
2019-05-11 11:00:00,48,,,276,100,38,31,301,,326,331,,90
2019-05-11 12:00:00,87,,,25,96,140,22,308,,337,89,,84
2019-05-11 13:00:00,56,,,102,101,157,50,319,,88,126,,75
2019-05-11 14:00:00,71,,,78,98,80,54,167,,108,124,,68
2019-05-11 15:00:00,93,,,66,97,49,81,122,,128,135,,85
2019-05-11 16:00:00,71,,,87,101,76,123,99,,149,146,,70
2019-05-11 17:00:00,64,,,123,98,125,121,103,,149,151,,63
2019-05-11 18:00:00,82,,,129,99,120,99,107,,164,179,,77
2019-05-11 19:00:00,72,,,143,108,109,92,104,,183,196,,68
2019-05-11 20:00:00,55,,,142,107,95,84,113,,191,230,,76
2019-05-11 21:00:00,75,,,139,109,108,126,115,,205,231,,91
2019-05-11 22:00:00,72,,,142,110,122,133,104,,213,248,,85
2019-05-11 23:00:00,120,,,111,106,55,121,112,,183,190,,82
2019-05-12 00:00:00,124,,,108,98,56,121,106,,194,189,,90
2019-05-12 01:00:00,104,,,103,97,100,118,107,,186,158,,73
2019-05-12 02:00:00,64,,,115,91,88,102,102,,163,193,,74
2019-05-12 03:00:00,102,,,113,106,95,103,101,,179,253,,79
2019-05-12 04:00:00,58,,,127,97,99,89,93,,229,258,,82
2019-05-12 05:00:00,74,,,128,107,89,79,116,,235,264,,87
2019-05-12 06:00:00,100,,,151,105,241,62,97,,246,263,,86
2019-05-12 07:00:00,85,,,159,99,150,40,94,,239,252,,86
2019-05-12 08:00:00,74,,,149,95,143,32,85,,221,245,,72
2019-05-12 09:00:00,42,,,160,102,76,37,97,,169,163,,83
2019-05-12 10:00:00,41,,,122,87,105,344,88,,116,152,,72
2019-05-12 11:00:00,75,,,82,98,72,86,100,,113,127,,61
2019-05-12 12:00:00,62,,,59,95,69,84,88,,143,129,,51
2019-05-12 13:00:00,70,,,66,94,86,104,97,,111,77,,68
2019-05-12 14:00:00,67,,,87,93,95,104,94,,100,,,53
2019-05-12 15:00:00,71,,,100,93,101,107,97,,108,131,,53
2019-05-12 16:00:00,87,,,95,102,98,106,90,,127,139,,54
2019-05-12 17:00:00,94,,,102,98,94,117,87,,132,142,,72
2019-05-12 18:00:00,102,,,102,93,95,122,93,,125,132,,71
2019-05-12 19:00:00,99,,,106,94,107,122,70,,115,133,,71
2019-05-12 20:00:00,92,,,103,90,105,121,71,,130,133,,69
2019-05-12 21:00:00,89,,,104,89,106,120,89,,132,132,,61
2019-05-12 22:00:00,74,,,103,89,105,123,81,,139,147,,60
2019-05-12 23:00:00,73,,,105,91,94,116,103,,143,146,,57
2019-05-13 00:00:00,69,,,98,95,93,115,86,,144,142,,56
2019-05-13 01:00:00,68,,,106,94,92,108,106,,134,140,,63
2019-05-13 02:00:00,35,,,112,104,92,113,105,,127,135,,68
2019-05-13 03:00:00,65,,,118,104,97,114,106,,115,115,,78
2019-05-13 04:00:00,65,,,103,94,103,118,109,,116,108,,83
2019-05-13 05:00:00,69,,,98,88,110,109,125,,122,130,,80
2019-05-13 06:00:00,82,,,108,80,95,110,130,,124,131,,86
2019-05-13 07:00:00,84,,,97,93,89,101,134,,130,141,,86
2019-05-13 08:00:00,71,,,103,97,97,100,134,,116,134,,89
2019-05-13 09:00:00,73,,,125,93,84,96,121,,111,152,,73
2019-05-13 10:00:00,71,,,118,99,79,83,94,,127,157,,63
2019-05-13 11:00:00,64,,,78,104,72,74,83,,123,150,,53
2019-05-13 12:00:00,60,,,76,104,66,71,62,,127,111,,56
2019-05-13 13:00:00,46,,,86,99,81,68,52,,105,93,,55
2019-05-13 14:00:00,56,,,83,96,83,74,67,,106,108,,56
2019-05-13 15:00:00,54,,,76,98,96,88,58,,88,85,,44
2019-05-13 16:00:00,61,,,91,98,101,98,83,,101,86,,48
2019-05-13 17:00:00,73,,,97,100,102,121,82,,133,144,,38
2019-05-13 18:00:00,106,,,99,88,99,121,99,,144,147,,58
2019-05-13 19:00:00,131,,,95,78,89,114,100,,139,161,,70
2019-05-13 20:00:00,67,,,94,82,79,93,111,,148,153,,65
2019-05-13 21:00:00,77,,,110,87,76,94,123,,172,170,,69
2019-05-13 22:00:00,113,,,106,81,107,115,101,,203,217,,65
2019-05-13 23:00:00,119,,,112,84,102,123,102,,151,126,,71
2019-05-14 00:00:00,89,,,97,87,93,108,104,,115,98,,65
2019-05-14 01:00:00,78,,,98,83,85,96,110,,100,89,,61
2019-05-14 02:00:00,77,,,96,85,83,98,109,,119,83,,62
2019-05-14 03:00:00,74,,,84,88,78,82,96,,78,53,,66
2019-05-14 04:00:00,79,,,87,97,73,79,106,,63,68,,77
2019-05-14 05:00:00,70,,,77,98,79,75,121,,70,54,,72
2019-05-14 06:00:00,66,,,75,119,67,72,131,,66,100,,76
2019-05-14 07:00:00,89,,,301,127,117,45,97,,111,173,,74
2019-05-14 08:00:00,40,,,316,108,28,72,98,,169,221,,84
2019-05-14 09:00:00,28,,,208,103,58,37,110,,143,196,,83
2019-05-14 10:00:00,46,,,187,122,112,111,109,,189,207,,65
2019-05-14 11:00:00,36,,,163,104,122,92,103,,203,176,,84
2019-05-14 12:00:00,75,,,146,107,95,83,127,,173,117,,72
2019-05-14 13:00:00,75,,,90,113,60,74,302,,111,77,,65
2019-05-14 14:00:00,81,,,79,109,105,115,64,,103,73,,71
2019-05-14 15:00:00,77,,,136,108,124,124,55,,142,135,,81
2019-05-14 16:00:00,87,,,122,110,130,139,81,,190,187,,59
2019-05-14 17:00:00,109,,,117,104,122,127,107,,188,197,,55
2019-05-14 18:00:00,141,,,107,93,109,133,106,,188,200,,64
2019-05-14 19:00:00,126,,,113,87,112,130,103,,189,212,,64
2019-05-14 20:00:00,135,,,109,91,123,142,108,,203,208,,65
2019-05-14 21:00:00,135,,,140,90,118,175,107,,196,205,,65
2019-05-14 22:00:00,138,,,125,105,126,217,113,,192,200,,78
2019-05-14 23:00:00,115,,,105,116,112,204,107,,153,153,,90
2019-05-15 00:00:00,101,,,115,92,90,78,115,,122,154,,101
2019-05-15 01:00:00,71,,,103,90,77,93,100,,105,124,,95
2019-05-15 02:00:00,68,,,111,90,132,121,135,,157,175,,97
2019-05-15 03:00:00,99,,,113,103,140,149,115,,169,158,,130
2019-05-15 04:00:00,98,,,115,135,83,88,135,,72,68,,91
2019-05-15 05:00:00,8,,,119,131,58,61,119,,217,162,,121
2019-05-15 06:00:00,19,,,115,119,42,83,105,,147,276,,117
2019-05-15 07:00:00,5,,,127,109,67,48,108,,81,115,,140
2019-05-15 08:00:00,37,,,104,119,73,96,148,,135,215,,104
2019-05-15 09:00:00,47,,,132,133,121,114,107,,177,156,,78
2019-05-15 10:00:00,61,,,136,112,135,128,103,,174,175,,71
2019-05-15 11:00:00,87,,,148,108,142,126,101,,195,202,,59
2019-05-15 12:00:00,30,,,153,107,140,134,107,,192,213,,82
2019-05-15 13:00:00,170,,,137,103,128,193,168,,200,222,,96
2019-05-15 14:00:00,142,,,144,108,134,206,110,,198,229,,76
2019-05-15 15:00:00,123,,,141,102,124,192,94,,192,222,,68
2019-05-15 16:00:00,105,,,135,97,101,184,103,,192,215,,55
2019-05-15 17:00:00,115,,,125,97,119,128,115,,177,183,,57
2019-05-15 18:00:00,143,,,106,92,111,121,106,,172,174,,69
2019-05-15 19:00:00,151,,,117,83,106,131,126,,156,162,,70
2019-05-15 20:00:00,107,,,117,89,101,140,109,,157,159,,74
2019-05-15 21:00:00,127,,,125,96,88,127,113,,121,110,,72
2019-05-15 22:00:00,64,,,112,88,131,129,114,,144,149,,96
2019-05-15 23:00:00,111,,,134,118,91,156,107,,147,156,,89
2019-05-16 00:00:00,91,,,135,101,3,31,106,,145,156,,88
2019-05-16 01:00:00,105,,,88,102,334,62,106,,93,115,,84
2019-05-16 02:00:00,72,,,93,93,76,106,111,,130,124,,87
2019-05-16 03:00:00,52,,,112,91,111,115,105,,168,144,,118
2019-05-16 04:00:00,65,,,108,97,100,115,110,,144,136,,101
2019-05-16 05:00:00,44,,,111,100,103,113,105,,149,132,,88
2019-05-16 06:00:00,27,,,104,98,110,115,107,,152,148,,161
2019-05-16 07:00:00,47,,,131,101,134,110,118,,171,155,,198
2019-05-16 08:00:00,11,,,133,110,116,80,103,,168,162,,242
2019-05-16 09:00:00,8,,,136,112,93,67,95,,134,153,,94
2019-05-16 10:00:00,1,,,103,106,117,90,93,,163,178,,92
2019-05-16 11:00:00,64,,,96,110,93,116,106,,157,135,,60
2019-05-16 12:00:00,79,,,98,104,84,111,95,,118,139,,47
2019-05-16 13:00:00,80,,,97,103,83,119,83,,105,90,,51
2019-05-16 14:00:00,78,,,106,102,93,123,102,,99,110,,58
2019-05-16 15:00:00,94,,,102,89,92,116,97,,117,124,,66
2019-05-16 16:00:00,139,,,107,92,93,122,97,,131,138,,66
2019-05-16 17:00:00,130,,,108,93,112,127,94,,141,150,,64
2019-05-16 18:00:00,141,,,104,97,111,120,97,,144,143,,69
2019-05-16 19:00:00,130,,,102,83,105,121,101,,148,148,,71
2019-05-16 20:00:00,122,,,100,83,96,115,97,,124,118,,68
2019-05-16 21:00:00,121,,,100,78,101,95,105,,183,101,,74
2019-05-16 22:00:00,130,,,111,80,111,110,104,,186,162,,71
2019-05-16 23:00:00,144,,,110,82,96,112,111,,129,151,,68
2019-05-17 00:00:00,128,,,103,74,93,108,102,,148,149,,63
2019-05-17 01:00:00,134,,,102,90,102,115,93,,135,135,,61
2019-05-17 02:00:00,77,,,97,96,92,114,117,,107,106,,72
2019-05-17 03:00:00,64,,,112,110,81,118,108,,97,88,,96
2019-05-17 04:00:00,68,,,113,115,90,109,110,,110,119,,96
2019-05-17 05:00:00,79,,,122,113,89,108,127,,122,124,,97
2019-05-17 06:00:00,89,,,141,119,92,93,202,,120,118,,106
2019-05-17 07:00:00,76,,,147,121,84,86,214,,111,91,,114
2019-05-17 08:00:00,46,,,149,100,96,80,280,,86,127,,107
2019-05-17 09:00:00,23,,,33,89,86,72,296,,97,138,,80
2019-05-17 10:00:00,59,,,38,93,100,73,311,,102,155,,62
2019-05-17 11:00:00,47,,,181,105,68,57,299,,75,146,,57
2019-05-17 12:00:00,73,,,86,101,93,57,320,,111,133,,64
2019-05-17 13:00:00,68,,,106,97,84,83,42,,99,135,,65
2019-05-17 14:00:00,75,,,103,92,87,90,88,,120,170,,59
2019-05-17 15:00:00,63,,,97,96,84,105,68,,142,138,,63
2019-05-17 16:00:00,95,,,97,94,94,124,94,,139,124,,48
2019-05-17 17:00:00,135,,,96,88,101,118,88,,129,127,,70
2019-05-17 18:00:00,121,,,98,87,109,130,101,,121,134,,68
2019-05-17 19:00:00,121,,,94,82,97,114,106,,119,127,,68
2019-05-17 20:00:00,107,,,97,74,96,110,91,,121,110,,57
2019-05-17 21:00:00,94,,,100,75,92,99,92,,123,105,,61
2019-05-17 22:00:00,90,,,95,82,90,104,90,,129,129,,59
2019-05-17 23:00:00,78,,,93,93,81,104,95,,115,122,,51
2019-05-18 00:00:00,72,,,92,92,86,94,107,,99,85,,61
2019-05-18 01:00:00,70,,,95,98,92,107,94,,107,103,,71
2019-05-18 02:00:00,51,,,113,100,89,97,115,,123,144,,95
2019-05-18 03:00:00,46,,,148,112,111,102,109,,125,136,,105
2019-05-18 04:00:00,79,,,137,123,94,116,121,,122,130,,112
2019-05-18 05:00:00,67,,,134,75,86,111,207,,83,66,,121
2019-05-18 06:00:00,59,,,127,53,86,114,206,,76,61,,134
2019-05-18 07:00:00,64,,,140,335,87,87,219,,91,63,,223
2019-05-18 08:00:00,86,,,154,294,64,78,250,,94,108,,223
2019-05-18 09:00:00,17,,,34,298,66,48,313,,89,173,,72
2019-05-18 10:00:00,105,,,124,107,79,62,340,,85,141,,78
2019-05-18 11:00:00,60,,,227,102,118,73,327,,76,,,76
2019-05-18 12:00:00,87,,,136,104,98,90,322,,203,,,76
2019-05-18 13:00:00,73,,,122,49,113,130,4,,174,,,82
2019-05-18 14:00:00,88,,,123,103,116,97,94,,135,187,,71
2019-05-18 15:00:00,86,,,105,103,107,120,70,,147,181,,66
2019-05-18 16:00:00,121,,,103,99,94,129,84,,153,156,,62
2019-05-18 17:00:00,151,,,98,101,100,130,90,,127,150,,77
2019-05-18 18:00:00,135,,,97,89,104,127,76,,140,148,,73
2019-05-18 19:00:00,116,,,99,89,102,129,93,,114,100,,61
2019-05-18 20:00:00,86,,,90,83,105,109,90,,155,81,,59
2019-05-18 21:00:00,106,,,103,91,122,113,121,,220,154,,78
2019-05-18 22:00:00,134,,,112,90,156,123,107,,182,170,,120
2019-05-18 23:00:00,144,,,108,98,106,122,108,,143,138,,84
2019-05-19 00:00:00,68,,,115,87,83,87,111,,122,104,,103
2019-05-19 01:00:00,34,,,130,99,99,91,113,,114,72,,95
2019-05-19 02:00:00,42,,,142,114,110,71,218,,88,74,,93
2019-05-19 03:00:00,81,,,136,77,91,85,260,,82,80,,103
2019-05-19 04:00:00,102,,,135,46,57,99,231,,114,144,,144
2019-05-19 05:00:00,114,,,130,73,38,67,179,,162,148,,150
2019-05-19 06:00:00,309,,,263,38,295,324,220,,171,166,,248
2019-05-19 07:00:00,282,,,314,295,247,37,179,,126,161,,209
2019-05-19 08:00:00,58,,,302,289,82,57,94,,156,161,,87
2019-05-19 09:00:00,56,,,117,113,96,138,81,,117,101,,63
2019-05-19 10:00:00,79,,,73,108,73,89,4,,93,107,,71
2019-05-19 11:00:00,82,,,72,100,95,86,346,,108,141,,69
2019-05-19 12:00:00,44,,,89,103,98,97,350,,134,138,,65
2019-05-19 13:00:00,67,,,125,100,103,117,84,,129,114,,68
2019-05-19 14:00:00,73,,,94,101,102,102,74,,124,127,,62
2019-05-19 15:00:00,80,,,104,89,94,98,52,,120,149,,59
2019-05-19 16:00:00,85,,,108,97,108,126,75,,125,153,,60
2019-05-19 17:00:00,101,,,99,104,110,136,110,,141,163,,84
2019-05-19 18:00:00,119,,,102,93,101,129,112,,134,158,,64
2019-05-19 19:00:00,129,,,107,88,97,128,104,,141,162,,70
2019-05-19 20:00:00,134,,,100,78,106,119,95,,157,129,,68
2019-05-19 21:00:00,123,,,103,81,102,115,102,,184,171,,65
2019-05-19 22:00:00,143,,,104,85,92,119,98,,174,165,,61
2019-05-19 23:00:00,129,,,104,78,98,111,103,,135,125,,67
2019-05-20 00:00:00,83,,,104,84,97,111,97,,127,129,,65
2019-05-20 01:00:00,80,,,111,93,100,118,99,,123,128,,62
2019-05-20 02:00:00,72,,,106,88,101,130,98,,120,121,,76
2019-05-20 03:00:00,57,,,106,89,96,126,95,,123,126,,74
2019-05-20 04:00:00,52,,,102,99,84,104,98,,123,127,,71
2019-05-20 05:00:00,45,,,99,99,96,121,93,,121,130,,82
2019-05-20 06:00:00,43,,,97,111,94,103,98,,96,118,,93
2019-05-20 07:00:00,61,,,97,111,79,102,150,,107,125,,116
2019-05-20 08:00:00,93,,,121,107,86,111,132,,86,122,,82
2019-05-20 09:00:00,64,,,112,104,75,102,88,,113,130,,67
2019-05-20 10:00:00,45,,,104,106,80,94,51,,119,140,,75
2019-05-20 11:00:00,64,,,80,102,88,76,49,,106,163,,78
2019-05-20 12:00:00,70,,,84,97,84,100,50,,130,144,,63
2019-05-20 13:00:00,50,,,92,96,84,107,65,,136,138,,66
2019-05-20 14:00:00,91,,,90,93,100,111,89,,146,140,,60
2019-05-20 15:00:00,125,,,104,90,96,128,87,,142,140,,67
2019-05-20 16:00:00,121,,,,90,111,129,89,,136,138,,63
2019-05-20 17:00:00,120,,,,83,108,126,92,,135,141,,66
2019-05-20 18:00:00,117,,,120,85,104,134,86,,140,152,,79
2019-05-20 19:00:00,122,,,113,83,105,131,84,,146,158,,76
2019-05-20 20:00:00,137,,,109,80,102,119,93,,135,145,,68
2019-05-20 21:00:00,134,,,100,81,101,117,96,,133,133,,63
2019-05-20 22:00:00,138,,,93,85,98,119,98,,128,140,,63
2019-05-20 23:00:00,64,,,94,98,104,120,126,,122,142,,92
2019-05-21 00:00:00,75,,,111,119,110,115,196,,106,129,,110
2019-05-21 01:00:00,36,,,135,130,96,81,205,,108,111,,116
2019-05-21 02:00:00,40,,,164,53,109,81,232,,77,105,,126
2019-05-21 03:00:00,40,,,223,34,96,81,251,,52,102,,147
2019-05-21 04:00:00,38,,,257,21,107,79,235,,27,144,,158
2019-05-21 05:00:00,12,,,289,305,301,33,238,,358,189,,197
2019-05-21 06:00:00,335,,,293,271,290,10,253,,349,,,216
2019-05-21 07:00:00,300,,,273,9,314,355,268,,359,354,,226
2019-05-21 08:00:00,265,,,280,216,308,350,278,,340,349,,304
2019-05-21 09:00:00,227,,,305,296,305,276,287,,332,354,,133
2019-05-21 10:00:00,325,,,330,266,293,358,293,,333,24,,261
2019-05-21 11:00:00,36,,,23,279,25,23,296,,358,348,,44
2019-05-21 12:00:00,26,,,25,271,13,34,285,,6,123,,108
2019-05-21 13:00:00,59,,,49,122,38,63,18,,346,160,,68
2019-05-21 14:00:00,48,,,57,106,50,68,56,,167,150,,64
2019-05-21 15:00:00,79,,,49,101,55,60,65,,139,143,,50
2019-05-21 16:00:00,123,,,85,97,76,,74,,143,117,,74
2019-05-21 17:00:00,135,,,115,100,124,140,90,,120,137,,80
2019-05-21 18:00:00,117,,,107,96,106,135,79,,136,150,,78
2019-05-21 19:00:00,107,,,107,92,105,128,82,,130,129,,75
2019-05-21 20:00:00,100,,,107,88,90,131,100,,118,115,,69
2019-05-21 21:00:00,134,,,101,83,80,123,104,,173,127,,65
2019-05-21 22:00:00,116,,,95,75,92,115,109,,196,201,,84
2019-05-21 23:00:00,148,,,108,81,131,129,100,,195,277,,73
2019-05-22 00:00:00,122,,,104,96,74,111,106,,167,156,,83
2019-05-22 01:00:00,135,,,108,79,85,121,110,,129,126,,70
2019-05-22 02:00:00,97,,,111,106,93,102,122,,128,124,,125
2019-05-22 03:00:00,34,,,146,150,93,73,131,,121,100,,133
2019-05-22 04:00:00,3,,,284,156,27,49,147,,100,100,,193
2019-05-22 05:00:00,97,,,286,13,52,65,288,,23,60,,213
2019-05-22 06:00:00,54,,,275,322,45,87,257,,50,17,,126
2019-05-22 07:00:00,32,,,259,77,24,49,284,,19,50,,97
2019-05-22 08:00:00,6,,,276,53,10,32,300,,68,44,,73
2019-05-22 09:00:00,358,,,294,88,,33,309,,76,88,,78
2019-05-22 10:00:00,28,,,298,100,49,34,311,,93,116,,76
2019-05-22 11:00:00,57,,,125,104,85,76,318,,110,149,,73
2019-05-22 12:00:00,74,,,113,93,99,74,313,,121,146,,64
2019-05-22 13:00:00,82,,,108,95,109,79,11,,121,146,,73
2019-05-22 14:00:00,74,,,96,103,96,82,82,,132,151,,72
2019-05-22 15:00:00,73,,,98,100,100,109,57,,120,148,,61
2019-05-22 16:00:00,122,,,102,104,98,130,72,,128,145,,60
2019-05-22 17:00:00,114,,,111,92,97,148,74,,127,148,,65
2019-05-22 18:00:00,121,,,111,90,98,138,84,,135,141,,71
2019-05-22 19:00:00,130,,,113,92,106,133,101,,135,130,,78
2019-05-22 20:00:00,124,,,108,87,91,126,92,,110,102,,81
2019-05-22 21:00:00,84,,,92,78,81,95,91,,105,114,,79
2019-05-22 22:00:00,111,,,92,73,81,96,103,,122,123,,74
2019-05-22 23:00:00,155,,,92,70,88,105,97,,118,128,,76
2019-05-23 00:00:00,119,,,94,79,92,99,100,,118,128,,70
2019-05-23 01:00:00,107,,,101,88,95,115,88,,119,125,,66
2019-05-23 02:00:00,124,,,97,95,97,113,78,,120,123,,69
2019-05-23 03:00:00,68,,,98,93,89,113,81,,122,120,,62
2019-05-23 04:00:00,67,,,97,93,90,108,84,,113,114,,61
2019-05-23 05:00:00,65,,,88,101,85,102,73,,111,114,,59
2019-05-23 06:00:00,62,,,95,114,84,91,55,,100,115,,50
2019-05-23 07:00:00,65,,,127,97,92,87,82,,86,110,,57
2019-05-23 08:00:00,76,,,112,93,99,102,80,,81,122,,79
2019-05-23 09:00:00,81,,,103,103,97,106,66,,102,155,,84
2019-05-23 10:00:00,41,,,91,105,92,100,56,,129,158,,69
2019-05-23 11:00:00,71,,,77,112,92,106,53,,118,153,,68
2019-05-23 12:00:00,64,,,95,104,97,102,54,,152,168,,63
2019-05-23 13:00:00,72,,,93,104,98,105,74,,164,149,,63
2019-05-23 14:00:00,127,,,102,94,99,132,79,,158,150,,75
2019-05-23 15:00:00,119,,,105,91,99,130,87,,137,149,,65
2019-05-23 16:00:00,117,,,109,84,100,138,88,,133,138,,71
2019-05-23 17:00:00,119,,,112,90,103,142,79,,125,152,,76
2019-05-23 18:00:00,126,,,112,87,99,134,96,,140,160,,81
2019-05-23 19:00:00,135,,,110,90,107,126,92,,145,136,,71
2019-05-23 20:00:00,143,,,94,86,95,107,89,,105,109,,77
2019-05-23 21:00:00,92,,,97,82,95,109,67,,108,112,,61
2019-05-23 22:00:00,103,,,96,81,94,106,80,,120,121,,63
2019-05-23 23:00:00,85,,,96,85,92,107,75,,119,121,,56
2019-05-24 00:00:00,91,,,101,78,91,111,92,,128,127,,60
2019-05-24 01:00:00,118,,,105,80,100,121,102,,132,141,,62
2019-05-24 02:00:00,131,,,106,84,101,131,105,,137,143,,62
2019-05-24 03:00:00,131,,,104,85,105,129,99,,139,146,,60
2019-05-24 04:00:00,144,,,99,93,105,132,105,,140,147,,49
2019-05-24 05:00:00,117,,,98,90,100,123,109,,131,136,,50
2019-05-24 06:00:00,74,,,101,97,86,108,137,,114,125,,55
2019-05-24 07:00:00,85,,,104,100,77,117,107,,108,118,,68
2019-05-24 08:00:00,88,,,104,101,83,106,89,,106,123,,68
2019-05-24 09:00:00,83,,,95,101,87,110,61,,110,130,,68
2019-05-24 10:00:00,79,,,106,100,86,103,56,,119,154,,70
2019-05-24 11:00:00,74,,,100,98,87,119,60,,126,185,,66
2019-05-24 12:00:00,74,,,98,103,90,103,86,,135,181,,42
2019-05-24 13:00:00,103,,,102,107,104,134,109,,174,154,,74
2019-05-24 14:00:00,141,,,102,102,113,129,106,,167,144,,73
2019-05-24 15:00:00,144,,,112,91,106,136,128,,156,150,,77
2019-05-24 16:00:00,139,,,103,96,109,138,87,,157,150,,71
2019-05-24 17:00:00,129,,,120,93,109,137,96,,166,155,,71
2019-05-24 18:00:00,132,,,116,95,110,141,89,,157,134,,65
2019-05-24 19:00:00,143,,,102,88,97,120,104,,109,112,,68
2019-05-24 20:00:00,90,,,96,79,96,111,72,,105,105,,67
2019-05-24 21:00:00,98,,,99,77,96,112,65,,109,116,,63
2019-05-24 22:00:00,96,,,101,83,94,112,91,,119,122,,62
2019-05-24 23:00:00,110,,,105,78,93,113,90,,129,126,,62
2019-05-25 00:00:00,76,,,99,80,86,102,95,,124,124,,54
2019-05-25 01:00:00,86,,,95,88,84,105,91,,109,114,,61
2019-05-25 02:00:00,74,,,99,87,90,109,92,,117,122,,58
2019-05-25 03:00:00,63,,,98,89,86,96,109,,116,122,,56
2019-05-25 04:00:00,61,,,95,103,94,112,123,,108,112,,63
2019-05-25 05:00:00,61,,,94,99,86,104,85,,95,95,,61
2019-05-25 06:00:00,61,,,102,102,83,93,74,,94,102,,60
2019-05-25 07:00:00,66,,,113,105,85,85,83,,83,65,,84
2019-05-25 08:00:00,56,,,99,97,96,83,72,,93,106,,86
2019-05-25 09:00:00,60,,,92,102,98,97,71,,107,136,,70
2019-05-25 10:00:00,79,,,98,98,89,103,68,,165,141,,80
2019-05-25 11:00:00,93,,,76,100,90,108,72,,177,163,,80
2019-05-25 12:00:00,103,,,99,110,94,116,114,,153,182,,78
2019-05-25 13:00:00,118,,,113,114,115,168,100,,161,183,,94
2019-05-25 14:00:00,126,,,136,109,103,169,104,,159,152,,69
2019-05-25 15:00:00,111,,,113,98,114,145,109,,143,145,,67
2019-05-25 16:00:00,125,,,104,92,104,138,96,,134,146,,71
2019-05-25 17:00:00,144,,,114,98,106,157,115,,149,160,,88
2019-05-25 18:00:00,151,,,116,106,125,154,101,,151,168,,80
2019-05-25 19:00:00,153,,,117,99,122,141,93,,125,122,,78
2019-05-25 20:00:00,106,,,98,90,95,116,75,,113,113,,79
2019-05-25 21:00:00,100,,,98,82,94,119,74,,118,119,,70
2019-05-25 22:00:00,97,,,98,79,93,110,78,,127,124,,71
2019-05-25 23:00:00,94,,,97,78,90,110,97,,130,122,,66
2019-05-26 00:00:00,82,,,97,87,87,103,92,,120,119,,60
2019-05-26 01:00:00,67,,,93,83,85,96,86,,112,121,,59
2019-05-26 02:00:00,69,,,96,84,89,106,103,,126,121,,63
2019-05-26 03:00:00,108,,,99,89,83,122,105,,118,115,,75
2019-05-26 04:00:00,92,,,103,89,85,117,109,,96,129,,75
2019-05-26 05:00:00,54,,,99,93,81,104,118,,98,77,,73
2019-05-26 06:00:00,69,,,102,109,84,107,115,,86,,,59
2019-05-26 07:00:00,60,,,108,119,74,90,160,,71,,,74
2019-05-26 08:00:00,76,,,88,109,59,81,224,,94,,,80
2019-05-26 09:00:00,81,,,94,108,77,98,30,,118,,,78
2019-05-26 10:00:00,82,,,95,106,93,117,62,,140,150,,66
2019-05-26 11:00:00,67,,,109,102,105,125,67,,156,168,,67
2019-05-26 12:00:00,103,,,108,104,107,120,76,,145,154,,57
2019-05-26 13:00:00,134,,,107,106,109,129,91,,150,150,,66
2019-05-26 14:00:00,134,,,108,99,109,126,82,,144,157,,61
2019-05-26 15:00:00,133,,,114,99,100,150,95,,136,152,,58
2019-05-26 16:00:00,129,,,115,105,108,146,87,,128,150,,70
2019-05-26 17:00:00,96,,,118,103,102,144,88,,132,142,,72
2019-05-26 18:00:00,120,,,110,92,96,141,88,,127,135,,74
2019-05-26 19:00:00,111,,,107,92,96,121,82,,106,104,,84
2019-05-26 20:00:00,97,,,95,92,95,113,61,,109,109,,67
2019-05-26 21:00:00,95,,,99,91,89,115,67,,117,112,,66
2019-05-26 22:00:00,88,,,100,85,93,108,63,,111,123,,58
2019-05-26 23:00:00,90,,,102,78,98,110,63,,111,123,,57
2019-05-27 00:00:00,84,,,96,85,93,99,64,,117,122,,61
2019-05-27 01:00:00,82,,,105,80,101,111,85,,130,124,,66
2019-05-27 02:00:00,67,,,108,89,99,116,96,,129,128,,72
2019-05-27 03:00:00,49,,,93,100,115,119,94,,124,131,,78
2019-05-27 04:00:00,52,,,90,106,105,110,106,,130,120,,72
2019-05-27 05:00:00,63,,,87,120,101,111,144,,93,78,,70
2019-05-27 06:00:00,65,,,93,120,84,112,144,,72,86,,88
2019-05-27 07:00:00,74,,,85,100,70,87,95,,85,107,,87
2019-05-27 08:00:00,47,,,99,93,73,80,124,,95,120,,76
2019-05-27 09:00:00,47,,,164,114,94,74,137,,124,138,,77
2019-05-27 10:00:00,60,,,225,83,89,85,300,,185,141,,73
2019-05-27 11:00:00,73,,,80,92,107,57,304,,140,163,,68
2019-05-27 12:00:00,101,,,130,96,116,59,302,,189,215,,76
2019-05-27 13:00:00,55,,,132,96,98,77,54,,145,165,,66
2019-05-27 14:00:00,62,,,118,96,121,101,92,,175,182,,65
2019-05-27 15:00:00,62,,,102,95,107,89,94,,164,157,,53
2019-05-27 16:00:00,128,,,95,101,108,122,110,,137,158,,67
2019-05-27 17:00:00,148,,,108,99,115,130,102,,169,153,,73
2019-05-27 18:00:00,136,,,109,93,109,138,111,,138,146,,62
2019-05-27 19:00:00,135,,,106,82,110,134,94,,149,148,,63
2019-05-27 20:00:00,127,,,112,80,122,138,112,,155,120,,60
2019-05-27 21:00:00,101,,,107,79,97,118,91,,122,125,,57
2019-05-27 22:00:00,92,,,104,78,93,112,66,,121,121,,56
2019-05-27 23:00:00,97,,,105,84,99,117,77,,120,126,,60
2019-05-28 00:00:00,101,,,95,90,104,112,94,,126,141,,62
2019-05-28 01:00:00,104,,,94,93,107,119,101,,134,139,,66
2019-05-28 02:00:00,35,,,109,103,114,104,136,,131,137,,91
2019-05-28 03:00:00,65,,,131,99,102,110,117,,125,138,,91
2019-05-28 04:00:00,70,,,132,107,118,107,165,,123,133,,94
2019-05-28 05:00:00,1,,,107,59,122,81,136,,116,123,,97
2019-05-28 06:00:00,354,,,239,24,92,69,260,,83,104,,128
2019-05-28 07:00:00,35,,,260,98,63,79,292,,46,47,,92
2019-05-28 08:00:00,34,,,271,86,43,73,294,,81,34,,96
2019-05-28 09:00:00,19,,,312,52,48,42,308,,96,117,,92
2019-05-28 10:00:00,45,,,323,131,68,72,309,,60,32,,49
2019-05-28 11:00:00,49,,,196,113,108,61,321,,208,165,,78
2019-05-28 12:00:00,85,,,121,90,95,66,317,,201,192,,76
2019-05-28 13:00:00,93,,,122,97,78,74,311,,160,146,,67
2019-05-28 14:00:00,69,,,97,103,121,88,69,,138,151,,72
2019-05-28 15:00:00,78,,,107,97,104,108,63,,132,181,,78
2019-05-28 16:00:00,74,,,101,105,112,126,53,,214,170,,71
2019-05-28 17:00:00,102,,,104,103,116,135,81,,220,178,,71
2019-05-28 18:00:00,147,,,105,95,106,131,105,,179,162,,75
2019-05-28 19:00:00,151,,,113,95,107,130,91,,166,160,,67
2019-05-28 20:00:00,130,,,114,88,111,121,99,,162,143,,56
2019-05-28 21:00:00,104,,,96,79,91,108,114,,108,118,,60
2019-05-28 22:00:00,86,,,86,78,91,98,122,,102,117,,61
2019-05-28 23:00:00,71,,,84,87,97,85,110,,111,122,,71
2019-05-29 00:00:00,61,,,83,98,106,82,111,,128,143,,67
2019-05-29 01:00:00,72,,,90,105,90,107,110,,130,141,,66
2019-05-29 02:00:00,59,,,100,101,57,102,139,,121,136,,80
2019-05-29 03:00:00,54,,,90,105,59,93,146,,117,143,,102
2019-05-29 04:00:00,25,,,106,105,94,82,119,,125,127,,105
2019-05-29 05:00:00,4,,,97,143,105,98,172,,119,134,,110
2019-05-29 06:00:00,5,,,105,118,105,84,223,,111,108,,119
2019-05-29 07:00:00,15,,,359,107,96,68,287,,67,62,,112
2019-05-29 08:00:00,22,,,273,100,98,84,295,,45,35,,103
2019-05-29 09:00:00,23,,,252,114,53,58,302,,84,30,,88
2019-05-29 10:00:00,32,,,90,103,85,79,321,,139,41,,80
2019-05-29 11:00:00,71,,,116,99,74,59,1,,151,157,,71
2019-05-29 12:00:00,63,,,86,101,102,73,14,,136,172,,70
2019-05-29 13:00:00,86,,,99,94,101,79,19,,146,159,,68
2019-05-29 14:00:00,60,,,82,97,93,94,63,,133,169,,68
2019-05-29 15:00:00,62,,,89,97,82,93,60,,133,143,,58
2019-05-29 16:00:00,95,,,87,97,96,119,60,,131,142,,63
2019-05-29 17:00:00,136,,,105,104,105,133,76,,120,155,,75
2019-05-29 18:00:00,128,,,108,94,105,130,83,,130,150,,72
2019-05-29 19:00:00,127,,,104,87,96,126,83,,135,140,,70
2019-05-29 20:00:00,119,,,103,86,79,120,105,,112,110,,74
2019-05-29 21:00:00,92,,,93,78,94,105,63,,98,89,,64
2019-05-29 22:00:00,92,,,94,82,96,102,73,,106,88,,54
2019-05-29 23:00:00,77,,,94,82,96,94,64,,89,68,,62
2019-05-30 00:00:00,71,,,110,84,114,113,93,,99,84,,65
2019-05-30 01:00:00,65,,,116,98,107,100,95,,128,93,,75
2019-05-30 02:00:00,63,,,132,103,115,114,120,,136,123,,91
2019-05-30 03:00:00,80,,,136,101,101,119,122,,136,160,,87
2019-05-30 04:00:00,62,,,122,111,97,101,117,,129,129,,93
2019-05-30 05:00:00,77,,,73,125,61,73,130,,65,114,,79
2019-05-30 06:00:00,51,,,53,116,56,72,236,,42,39,,78
2019-05-30 07:00:00,53,,,61,101,55,76,254,,73,67,,76
2019-05-30 08:00:00,58,,,63,116,70,80,290,,94,88,,68
2019-05-30 09:00:00,76,,,74,113,69,100,315,,115,133,,62
2019-05-30 10:00:00,66,,,101,104,80,97,68,,152,135,,74
2019-05-30 11:00:00,60,,,103,106,95,106,54,,173,178,,59
2019-05-30 12:00:00,66,,,104,101,106,120,48,,187,197,,54
2019-05-30 13:00:00,68,,,91,104,109,115,58,,161,185,,50
2019-05-30 14:00:00,74,,,97,98,107,107,68,,195,320,,54
2019-05-30 15:00:00,115,,,95,99,100,105,84,,234,316,,87
2019-05-30 16:00:00,105,,,103,97,109,119,113,,215,246,,77
2019-05-30 17:00:00,122,,,96,92,103,110,117,,220,281,,101
2019-05-30 18:00:00,126,,,86,93,84,100,95,,203,219,,80
2019-05-30 19:00:00,86,,,81,92,81,97,115,,168,164,,97
2019-05-30 20:00:00,148,,,92,88,93,116,115,,186,80,,91
2019-05-30 21:00:00,136,,,106,99,104,119,108,,124,108,,74
2019-05-30 22:00:00,107,,,98,87,96,113,102,,121,138,,72
2019-05-30 23:00:00,82,,,95,87,82,97,98,,110,116,,61
2019-05-31 00:00:00,87,,,99,90,90,106,85,,98,97,,60
2019-05-31 01:00:00,91,,,101,82,87,102,72,,109,116,,62
2019-05-31 02:00:00,77,,,96,83,87,98,85,,102,114,,60
2019-05-31 03:00:00,88,,,97,84,85,93,81,,97,91,,60
2019-05-31 04:00:00,90,,,99,82,89,95,80,,105,103,,57
2019-05-31 05:00:00,104,,,100,75,90,102,114,,111,113,,66
2019-05-31 06:00:00,75,,,103,75,86,92,110,,113,129,,62
2019-05-31 07:00:00,78,,,104,84,83,104,97,,124,129,,67
2019-05-31 08:00:00,62,,,108,86,85,120,90,,122,126,,76
2019-05-31 09:00:00,62,,,113,91,79,121,111,,123,136,,67
2019-05-31 10:00:00,64,,,113,101,84,122,96,,121,131,,65
2019-05-31 11:00:00,70,,,102,100,85,114,88,,134,138,,57
2019-05-31 12:00:00,79,,,100,103,100,128,89,,138,132,,52
2019-05-31 13:00:00,101,,,98,84,86,105,85,,127,129,,69
2019-05-31 14:00:00,99,,,105,91,95,123,89,,120,141,,65
2019-05-31 15:00:00,102,,,102,98,95,123,110,,128,129,,94
2019-05-31 16:00:00,131,,,115,94,112,151,103,,117,119,,92
2019-05-31 17:00:00,132,,,127,101,95,152,112,,111,99,,83
2019-05-31 18:00:00,123,,,116,98,86,139,103,,93,82,,79
2019-05-31 19:00:00,106,,,102,92,94,122,86,,111,115,,93
2019-05-31 20:00:00,121,,,102,95,102,128,96,,174,157,,102
2019-05-31 21:00:00,136,,,108,92,107,137,106,,138,150,,78
2019-05-31 22:00:00,120,,,112,87,113,139,113,,141,145,,66
2019-05-31 23:00:00,140,,,105,82,104,125,103,,131,136,,60
2019-06-01 00:00:00,,,,,,,,,,,,,
2019-06-01 01:00:00,90,,,100,83,93,112,89,,126,128,,64
2019-06-01 02:00:00,82,,,105,81,97,116,93,,114,117,,67
2019-06-01 03:00:00,78,,,97,84,89,97,93,,118,108,,64
2019-06-01 04:00:00,65,,,96,90,74,91,109,,83,68,,65
2019-06-01 05:00:00,65,,,89,84,67,101,121,,81,78,,65
2019-06-01 06:00:00,67,,,92,101,70,102,127,,97,91,,78
2019-06-01 07:00:00,61,,,96,127,77,97,133,,95,78,,94
2019-06-01 08:00:00,73,,,48,134,6,57,238,,74,63,,92
2019-06-01 09:00:00,100,,,139,111,93,64,288,,126,119,,99
2019-06-01 10:00:00,37,,,87,109,106,50,354,,172,146,,77
2019-06-01 11:00:00,56,,,111,92,85,92,33,,139,150,,78
2019-06-01 12:00:00,79,,,98,95,88,106,76,,120,144,,69
2019-06-01 13:00:00,77,,,103,100,92,122,58,,124,146,,49
2019-06-01 14:00:00,112,,,103,88,106,124,64,,129,138,,63
2019-06-01 15:00:00,106,,,99,88,94,126,74,,121,137,,68
2019-06-01 16:00:00,106,,,106,83,113,135,72,,117,120,,69
2019-06-01 17:00:00,88,,,104,88,105,128,62,,114,122,,86
2019-06-01 18:00:00,95,,,104,86,97,128,78,,127,117,,88
2019-06-01 19:00:00,100,,,104,84,101,128,98,,118,123,,91
2019-06-01 20:00:00,124,,,103,88,93,130,101,,124,115,,82
2019-06-01 21:00:00,,,,104,90,106,128,112,,,123,,70
2019-06-01 22:00:00,,,,104,77,111,121,100,,,138,,67
2019-06-01 23:00:00,,,,101,79,102,130,98,,,135,,70
2019-06-02 00:00:00,128,,,103,83,103,121,96,,123,129,,58
2019-06-02 01:00:00,93,,,102,84,95,115,95,,114,120,,57
2019-06-02 02:00:00,64,,,94,89,86,110,88,,100,104,,69
2019-06-02 03:00:00,69,,,118,92,101,93,92,,117,113,,89
2019-06-02 04:00:00,82,,,157,103,88,95,146,,125,119,,108
2019-06-02 05:00:00,46,,,99,96,75,78,197,,108,81,,103
2019-06-02 06:00:00,67,,,105,89,77,89,132,,88,73,,90
2019-06-02 07:00:00,72,,,88,101,83,85,162,,87,69,,85
2019-06-02 08:00:00,74,,,104,99,89,111,103,,115,123,,85
2019-06-02 09:00:00,49,,,90,99,80,95,90,,136,150,,70
2019-06-02 10:00:00,51,,,73,,61,61,,,61,61,,61
2019-06-02 11:00:00,68,,,98,93,84,96,57,,122,126,,59
2019-06-02 12:00:00,74,,,97,87,89,111,61,,117,129,,47
2019-06-02 13:00:00,102,,,96,84,111,119,80,,120,127,,70
2019-06-02 14:00:00,97,,,105,90,103,128,61,,141,137,,70
2019-06-02 15:00:00,105,,,101,91,95,119,72,,136,148,,69
2019-06-02 16:00:00,130,,,107,99,115,151,75,,140,146,,85
2019-06-02 17:00:00,100,,,112,103,104,129,78,,109,132,,84
2019-06-02 18:00:00,101,,,100,95,85,122,83,,115,134,,71
2019-06-02 19:00:00,106,,,102,88,88,118,91,,132,135,,88
2019-06-02 20:00:00,150,,,114,97,112,143,95,,140,147,,90
2019-06-02 21:00:00,145,,,108,90,108,135,97,,130,141,,84
2019-06-02 22:00:00,148,,,102,77,104,126,102,,135,144,,71
2019-06-02 23:00:00,128,,,102,78,97,119,100,,125,133,,68
2019-06-03 00:00:00,123,,,103,77,106,111,98,,123,131,,70
2019-06-03 01:00:00,106,,,103,94,95,112,98,,116,123,,66
2019-06-03 02:00:00,65,,,102,85,87,98,117,,114,114,,70
2019-06-03 03:00:00,75,,,88,83,85,105,115,,112,124,,73
2019-06-03 04:00:00,47,,,101,109,87,121,124,,121,121,,67
2019-06-03 05:00:00,62,,,140,117,76,107,124,,103,90,,89
2019-06-03 06:00:00,76,,,163,111,72,100,117,,86,63,,87
2019-06-03 07:00:00,93,,,133,100,96,122,180,,114,104,,78
2019-06-03 08:00:00,77,,,133,97,92,99,108,,137,130,,71
2019-06-03 09:00:00,47,,,145,106,106,61,101,,166,154,,71
2019-06-03 10:00:00,64,,,122,90,100,80,86,,131,158,,54
2019-06-03 11:00:00,63,,,107,103,106,101,67,,123,141,,62
2019-06-03 12:00:00,85,,,100,95,98,114,61,,142,143,,48
2019-06-03 13:00:00,121,,,102,86,105,122,83,,130,136,,66
2019-06-03 14:00:00,128,,,105,87,106,127,82,,124,135,,63
2019-06-03 15:00:00,129,,,107,87,110,133,81,,118,135,,74
2019-06-03 16:00:00,136,,,109,86,102,139,89,,131,137,,89
2019-06-03 17:00:00,126,,,112,93,101,132,87,,127,138,,75
2019-06-03 18:00:00,141,,,111,94,117,145,81,,134,132,,90
2019-06-03 19:00:00,157,,,119,97,110,139,85,,127,133,,85
2019-06-03 20:00:00,149,,,107,83,104,116,112,,130,133,,78
2019-06-03 21:00:00,147,,,101,74,94,122,98,,121,126,,60
2019-06-03 22:00:00,139,,,106,78,102,127,108,,132,137,,63
2019-06-03 23:00:00,105,,,106,78,107,117,107,,130,146,,56
2019-06-04 00:00:00,130,,,104,78,96,111,107,,128,143,,51
2019-06-04 01:00:00,148,,,105,83,96,106,103,,126,129,,58
2019-06-04 02:00:00,63,,,102,92,80,104,126,,118,146,,71
2019-06-04 03:00:00,37,,,114,94,92,107,126,,98,124,,103
2019-06-04 04:00:00,68,,,131,101,92,107,126,,97,98,,102
2019-06-04 05:00:00,73,,,161,114,83,71,143,,80,59,,97
2019-06-04 06:00:00,87,,,98,106,47,83,159,,105,77,,75
2019-06-04 07:00:00,65,,,119,108,41,95,105,,131,135,,88
2019-06-04 08:00:00,11,,,138,135,29,46,78,,190,154,,121
2019-06-04 09:00:00,51,,,112,116,81,73,347,,210,192,,94
2019-06-04 10:00:00,73,,,139,119,87,103,88,,139,148,,67
2019-06-04 11:00:00,69,,,74,100,109,94,54,,96,157,,53
2019-06-04 12:00:00,90,,,67,114,77,86,67,,70,79,,54
2019-06-04 13:00:00,79,,,86,112,95,81,87,,100,112,,62
2019-06-04 14:00:00,67,,,108,105,95,92,73,,112,158,,76
2019-06-04 15:00:00,116,,,108,104,97,125,67,,157,161,,96
2019-06-04 16:00:00,150,,,115,103,114,142,80,,148,145,,93
2019-06-04 17:00:00,148,,,107,100,110,139,118,,132,138,,79
2019-06-04 18:00:00,153,,,106,106,102,142,120,,141,173,,80
2019-06-04 19:00:00,152,,,108,89,94,145,118,,170,156,,79
2019-06-04 20:00:00,150,,,116,100,109,163,135,,147,136,,86
2019-06-04 21:00:00,144,,,129,108,100,164,114,,169,178,,88
2019-06-04 22:00:00,121,,,118,101,106,140,105,,192,176,,62
2019-06-04 23:00:00,143,,,109,82,110,130,103,,198,140,,69
2019-06-05 00:00:00,150,,,79,73,72,100,123,,98,112,,125
2019-06-05 01:00:00,63,,,123,119,106,101,157,,105,93,,108
2019-06-05 02:00:00,56,,,130,72,107,93,123,,111,112,,94
2019-06-05 03:00:00,357,,,42,145,77,75,108,,124,120,,135
2019-06-05 04:00:00,56,,,240,152,37,48,260,,26,45,,105
2019-06-05 05:00:00,9,,,220,132,14,34,218,,39,323,,106
2019-06-05 06:00:00,9,,,281,141,311,39,234,,9,9,,177
2019-06-05 07:00:00,272,,,300,324,305,307,234,,30,5,,204
2019-06-05 08:00:00,280,,,318,300,315,13,256,,28,14,,267
2019-06-05 09:00:00,21,,,305,277,360,18,297,,359,359,,178
2019-06-05 10:00:00,17,,,298,273,344,28,288,,334,350,,86
2019-06-05 11:00:00,35,,,332,233,134,48,306,,344,352,,68
2019-06-05 12:00:00,28,,,4,128,118,319,312,,31,13,,68
2019-06-05 13:00:00,59,,,139,158,101,86,334,,91,82,,92
2019-06-05 14:00:00,109,,,119,88,103,94,76,,121,113,,74
2019-06-05 15:00:00,100,,,107,118,116,125,99,,110,116,,76
2019-06-05 16:00:00,114,,,109,102,104,146,90,,131,124,,64
2019-06-05 17:00:00,158,,,111,104,110,143,124,,133,145,,86
2019-06-05 18:00:00,157,,,76,101,56,88,106,,144,178,,92
2019-06-05 19:00:00,48,,,51,116,49,49,105,,50,41,,61
2019-06-05 20:00:00,7,,,337,140,26,23,121,,65,179,,110
2019-06-05 21:00:00,257,,,12,132,210,248,193,,281,281,,110
2019-06-05 22:00:00,174,,,334,77,45,229,140,,182,7,,238
2019-06-05 23:00:00,96,,,123,99,106,107,161,,98,88,,117
2019-06-06 00:00:00,357,,,151,128,120,74,97,,187,184,,139
2019-06-06 01:00:00,285,,,222,88,31,201,115,,184,263,,133
2019-06-06 02:00:00,262,,,303,344,299,278,206,,350,22,,273
2019-06-06 03:00:00,112,,,326,303,336,59,226,,13,6,,342
2019-06-06 04:00:00,60,,,309,294,51,34,226,,324,303,,256
2019-06-06 05:00:00,237,,,325,286,90,82,241,,319,170,,138
2019-06-06 06:00:00,266,,,294,291,339,251,117,,107,202,,161
2019-06-06 07:00:00,228,,,280,319,324,246,116,,197,305,,172
2019-06-06 08:00:00,28,,,297,250,66,284,186,,345,293,,43
2019-06-06 09:00:00,13,,,288,267,354,20,338,,353,346,,49
2019-06-06 10:00:00,44,,,86,295,36,31,300,,347,356,,87
2019-06-06 11:00:00,22,,,122,120,86,44,307,,13,37,,86
2019-06-06 12:00:00,34,,,145,103,75,78,314,,44,65,,86
2019-06-06 13:00:00,68,,,101,118,92,107,26,,73,90,,74
2019-06-06 14:00:00,95,,,112,112,105,117,65,,121,141,,70
2019-06-06 15:00:00,71,,,108,117,105,110,65,,157,170,,57
2019-06-06 16:00:00,65,,,98,114,91,128,106,,134,158,,51
2019-06-06 17:00:00,132,,,117,102,115,152,113,,161,172,,93
2019-06-06 18:00:00,155,,,110,97,112,143,109,,188,167,,96
2019-06-06 19:00:00,163,,,113,103,123,149,130,,189,135,,81
2019-06-06 20:00:00,155,,,120,82,121,158,152,,228,127,,87
2019-06-06 21:00:00,129,,,122,53,106,158,107,,169,253,,77
2019-06-06 22:00:00,125,,,93,53,342,209,109,,237,289,,148
2019-06-06 23:00:00,46,,,75,132,340,91,186,,100,108,,195
2019-06-07 00:00:00,22,,,100,98,79,66,221,,109,108,,104
2019-06-07 01:00:00,33,,,105,114,77,74,228,,63,46,,116
2019-06-07 02:00:00,72,,,95,111,49,75,251,,67,75,,101
2019-06-07 03:00:00,76,,,115,103,92,73,275,,43,177,,108
2019-06-07 04:00:00,51,,,233,103,48,81,233,,27,8,,129
2019-06-07 05:00:00,205,,,284,5,355,61,225,,21,11,,179
2019-06-07 06:00:00,245,,,299,347,310,265,215,,75,354,,250
2019-06-07 07:00:00,312,,,318,297,288,6,157,,232,309,,234
2019-06-07 08:00:00,8,,,314,300,38,36,237,,6,359,,282
2019-06-07 09:00:00,20,,,310,277,4,32,312,,353,359,,84
2019-06-07 10:00:00,18,,,247,179,42,40,318,,337,29,,101
2019-06-07 11:00:00,24,,,96,147,85,37,312,,332,67,,95
2019-06-07 12:00:00,104,,,35,97,106,83,355,,246,67,,79
2019-06-07 13:00:00,115,,,122,101,114,102,41,,270,172,,84
2019-06-07 14:00:00,90,,,126,108,96,115,49,,143,167,,65
2019-06-07 15:00:00,94,,,120,110,92,139,48,,98,168,,64
2019-06-07 16:00:00,94,,,123,122,83,110,90,,112,131,,72
2019-06-07 17:00:00,91,,,76,106,95,117,107,,143,122,,82
2019-06-07 18:00:00,131,,,110,102,57,148,114,,138,140,,108
2019-06-07 19:00:00,163,,,114,124,110,164,153,,114,126,,115
2019-06-07 20:00:00,150,,,123,125,96,147,132,,104,72,,111
2019-06-07 21:00:00,157,,,105,84,116,154,119,,231,186,,106
2019-06-07 22:00:00,167,,,96,76,133,174,161,,119,119,,83
2019-06-07 23:00:00,94,,,94,59,99,116,106,,140,125,,95
2019-06-08 00:00:00,89,,,106,83,104,122,101,,135,132,,110
2019-06-08 01:00:00,47,,,151,112,98,84,120,,110,118,,116
2019-06-08 02:00:00,42,,,27,135,89,77,202,,97,94,,106
2019-06-08 03:00:00,35,,,310,126,69,62,230,,117,103,,115
2019-06-08 04:00:00,55,,,293,109,326,78,236,,353,293,,109
2019-06-08 05:00:00,233,,,297,,294,38,222,,1,312,,189
2019-06-08 06:00:00,251,,,293,315,269,20,218,,73,276,,187
2019-06-08 07:00:00,299,,,304,341,292,,240,,190,260,,194
2019-06-08 08:00:00,232,,,318,328,308,291,282,,203,162,,261
2019-06-08 09:00:00,10,,,335,299,312,251,311,,102,165,,271
2019-06-08 10:00:00,,,,349,167,42,17,339,,51,89,,73
2019-06-08 11:00:00,32,,,76,97,52,81,12,,66,171,,76
2019-06-08 12:00:00,83,,,145,108,87,78,87,,148,178,,65
2019-06-08 13:00:00,97,,,122,110,123,137,102,,181,175,,70
2019-06-08 14:00:00,81,,,112,106,88,110,84,,145,172,,62
2019-06-08 15:00:00,91,,,106,93,87,107,94,,117,131,,57
2019-06-08 16:00:00,90,,,119,106,83,134,100,,123,162,,73
2019-06-08 17:00:00,87,,,119,101,115,138,120,,110,137,,95
2019-06-08 18:00:00,112,,,102,107,86,102,93,,126,118,,100
2019-06-08 19:00:00,114,,,98,98,77,116,90,,91,86,,109
2019-06-08 20:00:00,108,,,98,90,90,126,87,,95,83,,111
2019-06-08 21:00:00,149,,,103,86,102,115,119,,120,98,,106
2019-06-08 22:00:00,132,,,99,80,100,139,93,,121,124,,80
2019-06-08 23:00:00,105,,,103,78,99,115,93,,117,128,,69
2019-06-09 00:00:00,90,,,111,87,98,124,96,,115,110,,59
2019-06-09 01:00:00,70,,,119,87,101,108,115,,120,126,,73
2019-06-09 02:00:00,56,,,143,96,106,120,138,,121,131,,93
2019-06-09 03:00:00,47,,,151,95,111,93,139,,118,142,,102
2019-06-09 04:00:00,57,,,159,71,96,105,184,,123,127,,102
2019-06-09 05:00:00,5,,,317,11,344,90,224,,140,181,,172
2019-06-09 06:00:00,240,,,312,290,307,145,217,,30,20,,226
2019-06-09 07:00:00,231,,,304,294,329,3,226,,33,5,,253
2019-06-09 08:00:00,220,,,325,286,312,28,251,,356,354,,275
2019-06-09 09:00:00,65,,,251,329,104,350,283,,353,359,,8
2019-06-09 10:00:00,43,,,349,176,49,39,298,,2,39,,61
2019-06-09 11:00:00,53,,,133,22,84,92,355,,153,137,,70
2019-06-09 12:00:00,71,,,94,105,85,83,78,,99,155,,58
2019-06-09 13:00:00,89,,,93,94,85,114,69,,128,149,,50
2019-06-09 14:00:00,114,,,107,89,100,130,72,,121,142,,66
2019-06-09 15:00:00,139,,,113,83,89,153,84,,118,138,,66
2019-06-09 16:00:00,141,,,114,93,90,138,78,,118,127,,68
2019-06-09 17:00:00,134,,,114,96,106,142,78,,137,126,,69
2019-06-09 18:00:00,128,,,121,96,103,149,82,,121,121,,77
2019-06-09 19:00:00,133,,,106,99,86,126,87,,102,116,,89
2019-06-09 20:00:00,118,,,98,86,98,116,99,,117,120,,84
2019-06-09 21:00:00,156,,,106,71,109,132,114,,141,130,,95
2019-06-09 22:00:00,165,,,108,71,102,133,104,,141,147,,79
2019-06-09 23:00:00,155,,,104,77,101,131,105,,119,120,,75
2019-06-10 00:00:00,100,,,99,79,95,115,94,,113,114,,68
2019-06-10 01:00:00,90,,,93,78,97,107,80,,122,106,,70
2019-06-10 02:00:00,62,,,81,93,74,70,112,,81,57,,70
2019-06-10 03:00:00,58,,,115,103,88,77,105,,114,119,,77
2019-06-10 04:00:00,72,,,95,106,95,87,100,,100,101,,76
2019-06-10 05:00:00,54,,,73,102,69,73,118,,116,127,,61
2019-06-10 06:00:00,14,,,35,114,40,37,236,,125,126,,67
2019-06-10 07:00:00,16,,,26,115,9,37,281,,29,75,,40
2019-06-10 08:00:00,9,,,21,110,11,35,201,,339,271,,64
2019-06-10 09:00:00,31,,,25,117,22,40,243,,328,325,,86
2019-06-10 10:00:00,34,,,23,134,24,36,261,,338,338,,111
2019-06-10 11:00:00,25,,,35,146,40,40,268,,339,331,,123
2019-06-10 12:00:00,25,,,349,130,35,30,305,,332,329,,87
2019-06-10 13:00:00,27,,,42,112,30,33,304,,317,332,,94
2019-06-10 14:00:00,358,,,75,111,14,23,287,,346,337,,65
2019-06-10 15:00:00,46,,,150,109,41,61,287,,347,175,,82
2019-06-10 16:00:00,54,,,58,110,55,74,96,,17,155,,70
2019-06-10 17:00:00,54,,,55,101,44,77,131,,64,91,,77
2019-06-10 18:00:00,64,,,78,88,53,66,106,,99,74,,68
2019-06-10 19:00:00,11,,,68,110,34,56,86,,72,73,,171
2019-06-10 20:00:00,303,,,129,117,78,163,25,,98,141,,84
2019-06-10 21:00:00,199,,,149,143,123,187,117,,274,194,,76
2019-06-10 22:00:00,83,,,120,116,110,140,113,,,259,,89
2019-06-10 23:00:00,198,,,129,106,335,213,89,,,228,,90
2019-06-11 00:00:00,106,,,114,113,44,202,114,,,257,,72
2019-06-11 01:00:00,127,,,110,92,83,158,106,,,253,,96
2019-06-11 02:00:00,132,,,115,131,64,150,113,,211,338,,111
2019-06-11 03:00:00,204,,,161,122,36,81,164,,19,37,,112
2019-06-11 04:00:00,194,,,145,130,335,44,161,,342,12,,119
2019-06-11 05:00:00,131,,,334,74,336,49,186,,4,322,,123
2019-06-11 06:00:00,91,,,246,112,32,47,221,,335,314,,111
2019-06-11 07:00:00,38,,,240,77,33,44,207,,312,316,,102
2019-06-11 08:00:00,31,,,139,111,50,42,177,,326,10,,87
2019-06-11 09:00:00,25,,,354,122,14,31,259,,17,42,,104
2019-06-11 10:00:00,33,,,185,108,43,41,292,,57,68,,109
2019-06-11 11:00:00,67,,,149,106,74,56,263,,57,82,,86
2019-06-11 12:00:00,84,,,113,109,90,96,122,,91,109,,75
2019-06-11 13:00:00,69,,,102,101,99,120,103,,154,149,,58
2019-06-11 14:00:00,69,,,103,99,97,113,103,,127,155,,51
2019-06-11 15:00:00,125,,,97,92,84,127,143,,141,174,,75
2019-06-11 16:00:00,159,,,119,105,97,148,125,,176,175,,81
2019-06-11 17:00:00,131,,,132,103,125,195,106,,216,213,,69
2019-06-11 18:00:00,138,,,133,107,108,195,107,,211,196,,58
2019-06-11 19:00:00,75,,,35,97,91,61,127,,8,349,,67
2019-06-11 20:00:00,26,,,167,107,46,95,121,,274,288,,104
2019-06-11 21:00:00,8,,,185,122,293,42,205,,12,52,,114
2019-06-11 22:00:00,36,,,44,118,58,40,193,,87,58,,111
2019-06-11 23:00:00,16,,,43,115,54,41,125,,156,32,,73
2019-06-12 00:00:00,21,,,127,111,31,32,106,,135,159,,75
2019-06-12 01:00:00,118,,,162,110,37,54,150,,137,127,,80
2019-06-12 02:00:00,105,,,138,98,5,72,110,,128,200,,85
2019-06-12 03:00:00,36,,,143,103,295,42,130,,78,52,,88
2019-06-12 04:00:00,18,,,300,155,323,40,217,,28,50,,104
2019-06-12 05:00:00,16,,,291,181,24,36,239,,8,31,,97
2019-06-12 06:00:00,24,,,301,14,308,34,288,,11,352,,123
2019-06-12 07:00:00,25,,,230,67,251,24,289,,333,345,,102
2019-06-12 08:00:00,34,,,112,101,207,39,289,,307,309,,98
2019-06-12 09:00:00,130,,,134,96,86,149,258,,258,257,,109
2019-06-12 10:00:00,91,,,133,164,74,187,123,,195,216,,65
2019-06-12 11:00:00,131,,,137,65,106,76,94,,164,203,,64
2019-06-12 12:00:00,89,,,105,95,82,64,100,,136,159,,79
2019-06-12 13:00:00,118,,,111,94,106,110,110,,187,157,,77
2019-06-12 14:00:00,131,,,105,97,103,117,105,,134,116,,77
2019-06-12 15:00:00,89,,,107,104,100,111,105,,159,146,,70
2019-06-12 16:00:00,103,,,103,107,102,115,115,,140,164,,65
2019-06-12 17:00:00,85,,,106,96,94,130,106,,147,148,,62
2019-06-12 18:00:00,113,,,107,96,106,127,101,,149,171,,66
2019-06-12 19:00:00,144,,,105,98,106,139,124,,173,156,,86
2019-06-12 20:00:00,155,,,119,99,115,152,128,,192,149,,68
2019-06-12 21:00:00,141,,,139,89,121,182,107,,169,134,,63
2019-06-12 22:00:00,119,,,130,71,100,172,146,,146,133,,90
2019-06-12 23:00:00,108,,,103,83,92,117,109,,116,129,,105
2019-06-13 00:00:00,73,,,101,87,109,121,104,,176,156,,70
2019-06-13 01:00:00,104,,,101,91,123,129,116,,177,150,,121
2019-06-13 02:00:00,59,,,114,105,96,85,107,,109,99,,115
2019-06-13 03:00:00,74,,,116,112,65,77,176,,90,53,,110
2019-06-13 04:00:00,57,,,145,126,54,56,135,,87,39,,104
2019-06-13 05:00:00,72,,,144,112,41,60,163,,96,113,,128
2019-06-13 06:00:00,74,,,178,100,47,64,189,,,168,,
2019-06-13 07:00:00,66,,,127,102,69,52,109,,151,184,,110
2019-06-13 08:00:00,72,,,125,95,73,80,101,,164,167,,89
2019-06-13 09:00:00,65,,,101,103,86,80,88,,130,149,,67
2019-06-13 10:00:00,63,,,93,100,76,96,74,,148,149,,52
2019-06-13 11:00:00,77,,,102,96,105,114,70,,146,150,,48
2019-06-13 12:00:00,71,,,100,88,101,104,74,,129,149,,48
2019-06-13 13:00:00,76,,,97,95,93,95,60,,85,126,,52
2019-06-13 14:00:00,89,,,98,91,92,107,72,,115,144,,62
2019-06-13 15:00:00,80,,,104,93,93,122,82,,127,134,,75
2019-06-13 16:00:00,103,,,103,97,96,124,90,,115,121,,79
2019-06-13 17:00:00,109,,,102,90,96,120,89,,119,125,,83
2019-06-13 18:00:00,115,,,103,93,90,126,87,,115,117,,84
2019-06-13 19:00:00,111,,,93,86,91,121,87,,108,112,,84
2019-06-13 20:00:00,115,,,102,85,93,117,103,,117,130,,84
2019-06-13 21:00:00,131,,,98,86,92,126,106,,124,126,,81
2019-06-13 22:00:00,134,,,106,84,104,,99,,170,148,,72
2019-06-13 23:00:00,161,,,105,85,108,,91,,154,142,,71
2019-06-14 00:00:00,135,,,100,83,102,,96,,121,119,,71
2019-06-14 01:00:00,81,,,101,84,94,,80,,120,124,,56
2019-06-14 02:00:00,80,,,103,89,90,,103,,118,128,,62
2019-06-14 03:00:00,89,,,106,90,93,,105,,118,119,,66
2019-06-14 04:00:00,67,,,106,97,98,,125,,94,95,,83
2019-06-14 05:00:00,62,,,102,101,81,,128,,90,79,,86
2019-06-14 06:00:00,67,,,135,110,70,,159,,94,78,,92
2019-06-14 07:00:00,70,,,162,94,60,,178,,85,93,,95
2019-06-14 08:00:00,26,,,188,77,54,,232,,98,117,,72
2019-06-14 09:00:00,6,,,78,78,59,45,342,,162,154,,64
2019-06-14 10:00:00,24,,,105,85,71,64,324,,154,175,,61
2019-06-14 11:00:00,59,,,130,104,101,78,105,,143,156,,62
2019-06-14 12:00:00,59,,,106,100,112,116,95,,144,143,,49
2019-06-14 13:00:00,134,,,94,111,106,124,88,,130,147,,45
2019-06-14 14:00:00,126,,,104,106,98,119,94,,124,148,,59
2019-06-14 15:00:00,148,,,100,101,106,130,97,,137,160,,58
2019-06-14 16:00:00,141,,,102,97,103,132,103,,140,169,,60
2019-06-14 17:00:00,151,,,106,98,103,141,114,,145,166,,82
2019-06-14 18:00:00,151,,,113,92,111,158,113,,177,197,,83
2019-06-14 19:00:00,,,,134,95,121,172,108,,175,189,,65
2019-06-14 20:00:00,,,,131,97,113,169,101,,149,163,,67
2019-06-14 21:00:00,,,,126,90,113,148,106,,111,109,,67
2019-06-14 22:00:00,,,,93,87,87,102,101,,102,110,,62
2019-06-14 23:00:00,,,,92,87,94,113,85,,133,119,,73
2019-06-15 00:00:00,,,,103,86,107,121,93,,132,122,,62
2019-06-15 01:00:00,,,,103,92,106,113,130,,117,115,,79
2019-06-15 02:00:00,,,,127,99,87,95,129,,116,116,,93
2019-06-15 03:00:00,,,,88,87,83,76,199,,91,112,,99
2019-06-15 04:00:00,,,,132,93,69,77,207,,112,129,,96
2019-06-15 05:00:00,,,,64,108,66,83,236,,112,120,,93
2019-06-15 06:00:00,,,,195,4,35,75,236,,121,125,,110
2019-06-15 07:00:00,,,,324,334,334,35,271,,43,37,,145
2019-06-15 08:00:00,,,,340,292,19,44,291,,32,43,,231
2019-06-15 09:00:00,,,,318,5,54,41,303,,46,46,,41
2019-06-15 10:00:00,,,,350,303,92,73,296,,29,61,,63
2019-06-15 11:00:00,,,,106,114,94,101,47,,152,122,,75
2019-06-15 12:00:00,,,,127,107,99,101,102,,175,175,,67
2019-06-15 13:00:00,,,,119,103,97,85,88,,172,190,,66
2019-06-15 14:00:00,,,,101,95,110,102,88,,150,146,,60
2019-06-15 15:00:00,,,,107,101,106,118,101,,120,158,,54
2019-06-15 16:00:00,,,,99,105,97,122,104,,141,170,,77
2019-06-15 17:00:00,,,,100,89,104,131,104,,170,175,,75
2019-06-15 18:00:00,,,,119,90,115,169,108,,185,187,,79
2019-06-15 19:00:00,,,,135,99,158,199,133,,195,195,,58
2019-06-15 20:00:00,,,,153,127,180,237,150,,190,181,,75
2019-06-15 21:00:00,,,,114,94,128,155,134,,181,159,,133
2019-06-15 22:00:00,,,,114,88,105,118,104,,121,124,,123
2019-06-15 23:00:00,,,,103,107,101,106,105,,123,123,,132
2019-06-16 00:00:00,,,,97,93,98,107,102,,125,121,,100
2019-06-16 01:00:00,,,,101,104,109,119,121,,115,133,,98
2019-06-16 02:00:00,,,,116,111,100,106,123,,121,129,,87
2019-06-16 03:00:00,,,,107,120,89,99,216,,118,125,,98
2019-06-16 04:00:00,,,,122,102,104,121,187,,126,134,,106
2019-06-16 05:00:00,,,,127,124,96,101,206,,129,138,,103
2019-06-16 06:00:00,,,,121,91,67,100,209,,134,129,,104
2019-06-16 07:00:00,,,,254,330,19,53,250,,109,117,,211
2019-06-16 08:00:00,,,,309,359,14,51,306,,47,55,,253
2019-06-16 09:00:00,,,,312,304,37,80,305,,71,83,,7
2019-06-16 10:00:00,,,,76,310,84,92,289,,93,145,,62
2019-06-16 11:00:00,,,,134,92,102,96,89,,126,163,,77
2019-06-16 12:00:00,,,,125,103,94,112,91,,145,138,,68
2019-06-16 13:00:00,,,,112,101,104,112,85,,145,161,,60
2019-06-16 14:00:00,,,,109,100,105,111,103,,140,178,,56
2019-06-16 15:00:00,,,,102,104,121,111,84,,139,151,,43
2019-06-16 16:00:00,,,,93,104,115,118,96,,137,167,,73
2019-06-16 17:00:00,,,,101,96,118,131,102,,161,176,,89
2019-06-16 18:00:00,,,,101,91,118,136,106,,176,181,,73
2019-06-16 19:00:00,,,,129,91,120,169,112,,191,188,,72
2019-06-16 20:00:00,,,,136,96,128,192,109,,188,182,,64
2019-06-16 21:00:00,,,,122,69,110,147,106,,103,108,,63
2019-06-16 22:00:00,,,,90,77,95,99,98,,98,100,,58
2019-06-16 23:00:00,,,,96,79,86,92,90,,108,116,,56
2019-06-17 00:00:00,,,,90,91,91,95,76,,96,73,,55
2019-06-17 01:00:00,,,,114,94,106,113,106,,113,89,,77
2019-06-17 02:00:00,,,,108,87,115,119,109,,125,130,,108
2019-06-17 03:00:00,,,,126,114,112,105,135,,111,119,,94
2019-06-17 04:00:00,,,,121,119,74,78,218,,62,111,,85
2019-06-17 05:00:00,,,,150,66,85,74,217,,83,129,,98
2019-06-17 06:00:00,,,,172,105,69,87,229,,84,102,,96
2019-06-17 07:00:00,,,,216,99,55,60,236,,80,115,,99
2019-06-17 08:00:00,,,,291,78,9,36,289,,53,64,,321
2019-06-17 09:00:00,,,,341,315,356,307,309,,92,67,,301
2019-06-17 10:00:00,,,,319,102,37,52,316,,25,14,,69
2019-06-17 11:00:00,,,,101,98,72,81,319,,28,22,,75
2019-06-17 12:00:00,,,,77,99,74,100,46,,109,119,,64
2019-06-17 13:00:00,,,,108,105,91,114,57,,128,147,,68
2019-06-17 14:00:00,,,,105,107,108,130,65,,140,112,,62
2019-06-17 15:00:00,,,,108,102,98,128,82,,107,105,,77
2019-06-17 16:00:00,,,,109,103,94,125,59,,108,110,,84
2019-06-17 17:00:00,,,,103,92,323,141,76,,154,154,,77
2019-06-17 18:00:00,,,,104,88,31,149,96,,158,151,,79
2019-06-17 19:00:00,,,,117,76,49,152,97,,190,162,,71
2019-06-17 20:00:00,,,,118,82,99,137,106,,160,166,,85
2019-06-17 21:00:00,,,,103,83,100,129,111,,135,133,,67
2019-06-17 22:00:00,,,,98,84,91,111,97,,107,119,,69
2019-06-17 23:00:00,,,,100,76,108,121,94,,139,150,,59
2019-06-18 00:00:00,,,,97,89,109,109,106,,128,147,,66
2019-06-18 01:00:00,,,,109,98,121,140,103,,141,155,,88
2019-06-18 02:00:00,,,,106,142,94,257,123,,116,127,,130
2019-06-18 03:00:00,,,,142,139,74,93,123,,60,79,,116
2019-06-18 04:00:00,,,,209,121,40,50,224,,356,49,,100
2019-06-18 05:00:00,,,,182,102,43,42,267,,44,19,,106
2019-06-18 06:00:00,,,,128,75,54,47,254,,78,63,,82
2019-06-18 07:00:00,,,,229,101,121,89,230,,134,134,,67
2019-06-18 08:00:00,,,,296,159,36,38,300,,162,173,,89
2019-06-18 09:00:00,,,,287,23,46,19,313,,228,166,,93
2019-06-18 10:00:00,,,,170,96,74,63,315,,104,150,,70
2019-06-18 11:00:00,,,,74,95,71,83,321,,62,146,,67
2019-06-18 12:00:00,,,,106,96,90,103,58,,136,146,,62
2019-06-18 13:00:00,,,,101,98,105,96,74,,121,173,,54
2019-06-18 14:00:00,,,,100,104,102,99,64,,132,173,,44
2019-06-18 15:00:00,,,,100,103,95,128,85,,149,161,,61
2019-06-18 16:00:00,,,,107,100,111,151,100,,166,129,,68
2019-06-18 17:00:00,,,,116,88,104,156,109,,132,113,,90
2019-06-18 18:00:00,,,,100,94,94,129,103,,107,115,,93
2019-06-18 19:00:00,,,,103,92,93,138,121,,115,98,,89
2019-06-18 20:00:00,,,,110,91,93,134,93,,136,151,,84
2019-06-18 21:00:00,,,,119,86,106,163,108,,161,161,,70
2019-06-18 22:00:00,,,,109,78,116,139,126,,151,154,,67
2019-06-18 23:00:00,,,,104,87,102,125,114,,145,166,,60
2019-06-19 00:00:00,,,,100,94,95,119,106,,133,155,,64
2019-06-19 01:00:00,,,,119,103,355,89,114,,114,130,,73
2019-06-19 02:00:00,,,,305,100,69,62,213,,89,152,,104
2019-06-19 03:00:00,,,,323,89,67,74,250,,53,129,,93
2019-06-19 04:00:00,,,,269,57,51,73,265,,59,60,,96
2019-06-19 05:00:00,,,,257,95,335,173,268,,135,139,,115
2019-06-19 06:00:00,,,,314,30,347,26,246,,73,66,,63
2019-06-19 07:00:00,,,,348,6,60,59,139,,115,156,,91
2019-06-19 08:00:00,,,,305,305,54,74,105,,144,154,,85
2019-06-19 09:00:00,,,,320,97,81,187,298,,262,226,,100
2019-06-19 10:00:00,,,,14,267,110,347,176,,47,61,,286
2019-06-19 11:00:00,,,,271,290,47,72,33,,48,96,,71
2019-06-19 12:00:00,,,,130,86,123,76,85,,224,78,,74
2019-06-19 13:00:00,,,,125,108,114,136,69,,130,148,,69
2019-06-19 14:00:00,,,,122,108,120,133,83,,146,155,,67
2019-06-19 15:00:00,,,,104,109,109,136,69,,146,155,,75
2019-06-19 16:00:00,,,,113,112,123,,100,,156,173,,79
2019-06-19 17:00:00,,,,124,101,121,,103,,166,186,,64
2019-06-19 18:00:00,,,,121,87,117,53,202,,194,180,,72
2019-06-19 19:00:00,,,,183,282,213,,204,,215,184,,344
2019-06-19 20:00:00,,,,297,236,238,,284,,277,309,,276
2019-06-19 21:00:00,,,,358,19,237,,278,,310,335,,272
2019-06-19 22:00:00,,,,125,208,217,,168,,340,29,,313
2019-06-19 23:00:00,,,,295,289,297,,102,,133,129,,297
2019-06-20 00:00:00,,,,284,302,64,,185,,286,147,,340
2019-06-20 01:00:00,,,,321,,311,,187,,191,149,,192
2019-06-20 02:00:00,,,,289,,287,,259,,6,41,,250
2019-06-20 03:00:00,,,,323,,269,,273,,347,13,,199
2019-06-20 04:00:00,,,,316,,266,,267,,349,351,,224
2019-06-20 05:00:00,,,,317,261,255,,118,,75,80,,248
2019-06-20 06:00:00,,,,324,250,226,,124,,193,278,,220
2019-06-20 07:00:00,,,,305,269,259,,181,,250,292,,170
2019-06-20 08:00:00,,,,286,308,52,,179,,277,270,,245
2019-06-20 09:00:00,,,,321,290,76,,95,,225,160,,275
2019-06-20 10:00:00,,,,321,292,103,,329,,349,119,,240
2019-06-20 11:00:00,,,,331,288,20,,343,,299,172,,89
2019-06-20 12:00:00,,,,145,106,74,,86,,174,178,,76
2019-06-20 13:00:00,,,,109,83,91,,86,,139,163,,72
2019-06-20 14:00:00,,,,114,99,102,,83,,150,158,,72
2019-06-20 15:00:00,,,,112,113,113,55,98,,125,163,,69
2019-06-20 16:00:00,,,,102,102,93,130,73,,157,156,,91
2019-06-20 17:00:00,,,,107,99,108,137,84,,152,169,,103
2019-06-20 18:00:00,,,,121,98,116,153,83,,153,170,,95
2019-06-20 19:00:00,,,,118,106,124,146,106,,171,176,,92
2019-06-20 20:00:00,,,,132,105,131,189,107,,176,174,,70
2019-06-20 21:00:00,,,,129,83,108,171,104,,128,130,,58
2019-06-20 22:00:00,,,,108,75,85,117,102,,100,113,,66
2019-06-20 23:00:00,,,,103,84,109,107,83,,134,128,,68
2019-06-21 00:00:00,,,,102,88,101,112,103,,153,136,,66
2019-06-21 01:00:00,,,,87,97,92,107,109,,112,125,,81
2019-06-21 02:00:00,,,,101,103,82,89,140,,110,126,,85
2019-06-21 03:00:00,,,,103,87,91,86,182,,115,126,,94
2019-06-21 04:00:00,,,,343,82,85,75,232,,106,126,,108
2019-06-21 05:00:00,,,,257,101,90,78,286,,111,124,,102
2019-06-21 06:00:00,,,,187,115,82,88,285,,99,110,,98
2019-06-21 07:00:00,,,,191,98,87,95,273,,85,121,,94
2019-06-21 08:00:00,,,,167,111,58,65,283,,92,130,,81
2019-06-21 09:00:00,,,,262,108,56,73,305,,104,145,,69
2019-06-21 10:00:00,,,,177,88,66,76,318,,88,165,,79
2019-06-21 11:00:00,,,,130,98,102,85,357,,94,152,,70
2019-06-21 12:00:00,,,,136,96,95,68,43,,134,143,,66
2019-06-21 13:00:00,,,,101,101,98,93,77,,119,127,,76
2019-06-21 14:00:00,,,,116,108,112,135,73,,119,153,,96
2019-06-21 15:00:00,,,,119,106,119,161,131,,145,162,,167
2019-06-21 16:00:00,,,,130,103,118,182,111,,182,174,,30
2019-06-21 17:00:00,,,,111,104,114,137,124,,179,196,,65
2019-06-21 18:00:00,,,,134,92,138,195,111,,182,189,,63
2019-06-21 19:00:00,,,,134,82,135,173,111,,142,153,,57
2019-06-21 20:00:00,,,,100,89,78,109,110,,123,119,,75
2019-06-21 21:00:00,,,,114,80,104,117,110,,147,142,,64
2019-06-21 22:00:00,,,,119,106,116,117,107,,150,135,,80
2019-06-21 23:00:00,,,,118,102,122,79,137,,134,130,,105
2019-06-22 00:00:00,,,,177,180,41,44,302,,272,131,,117
2019-06-22 01:00:00,,,,84,51,303,21,300,,325,127,,127
2019-06-22 02:00:00,,,,348,133,10,15,284,,360,353,,119
2019-06-22 03:00:00,,,,83,143,56,34,278,,3,80,,119
2019-06-22 04:00:00,,,,288,148,,22,284,,13,50,,118
2019-06-22 05:00:00,,,,291,164,302,359,283,,1,360,,234
2019-06-22 06:00:00,,,,317,80,278,25,289,,347,,,199
2019-06-22 07:00:00,,,,268,259,193,38,293,,341,327,,89
2019-06-22 08:00:00,,,,152,284,130,48,275,,314,306,,101
2019-06-22 09:00:00,,,,142,312,97,78,13,,54,299,,85
2019-06-22 10:00:00,,,,122,47,119,143,105,,32,75,,76
2019-06-22 11:00:00,,,,119,81,110,180,88,,190,195,,79
2019-06-22 12:00:00,,,,126,88,99,162,87,,186,173,,60
2019-06-22 13:00:00,,,,116,44,101,111,102,,150,146,,62
2019-06-22 14:00:00,,,,117,106,114,111,98,,158,164,,60
2019-06-22 15:00:00,,,,107,97,102,114,113,,135,154,,53
2019-06-22 16:00:00,,,,105,104,114,137,113,,148,167,,68
2019-06-22 17:00:00,,,,135,109,118,188,175,,166,169,,59
2019-06-22 18:00:00,,,,124,116,112,156,160,,146,184,,67
2019-06-22 19:00:00,,,,120,95,113,169,216,,164,163,,67
2019-06-22 20:00:00,,,,107,90,97,140,184,,115,149,,35
2019-06-22 21:00:00,,,,120,99,115,162,152,,189,117,,89
2019-06-22 22:00:00,,,,79,87,15,188,138,,121,142,,216
2019-06-22 23:00:00,,,,111,102,101,100,104,,165,157,,111
2019-06-23 00:00:00,,,,126,112,122,87,126,,147,128,,84
2019-06-23 01:00:00,,,,137,116,103,73,171,,114,111,,112
2019-06-23 02:00:00,,,,109,114,139,85,234,,235,113,,111
2019-06-23 03:00:00,,,,88,145,111,66,217,,223,142,,112
2019-06-23 04:00:00,,,,66,132,105,74,220,,166,136,,111
2019-06-23 05:00:00,,,,112,143,105,131,178,,127,126,,113
2019-06-23 06:00:00,,,,134,175,104,122,222,,125,122,,128
2019-06-23 07:00:00,,,,126,134,94,125,217,,130,159,,230
2019-06-23 08:00:00,,,,135,132,76,85,253,,122,154,,211
2019-06-23 09:00:00,,,,114,101,132,63,302,,93,167,,64
2019-06-23 10:00:00,,,,134,111,105,18,312,,46,124,,70
2019-06-23 11:00:00,,,,137,36,83,83,313,,319,128,,78
2019-06-23 12:00:00,,,,115,75,60,64,324,,232,135,,70
2019-06-23 13:00:00,,,,108,89,102,77,352,,231,166,,71
2019-06-23 14:00:00,,,,98,98,111,77,44,,124,168,,65
2019-06-23 15:00:00,,,,119,98,95,117,74,,117,137,,69
2019-06-23 16:00:00,,,,113,109,102,117,85,,125,165,,70
2019-06-23 17:00:00,,,,110,107,106,139,102,,151,168,,74
2019-06-23 18:00:00,,,,111,95,122,135,95,,165,173,,77
2019-06-23 19:00:00,,,,109,96,124,137,109,,181,196,,84
2019-06-23 20:00:00,,,,126,85,115,133,101,,153,150,,65
2019-06-23 21:00:00,,,,129,83,105,130,108,,139,142,,83
2019-06-23 22:00:00,,,,100,81,93,107,112,,119,126,,78
2019-06-23 23:00:00,,,,96,89,90,96,108,,116,127,,79
2019-06-24 00:00:00,,,,91,100,98,91,110,,130,144,,89
2019-06-24 01:00:00,,,,78,109,114,107,112,,129,138,,92
2019-06-24 02:00:00,,,,70,99,107,104,136,,117,130,,87
2019-06-24 03:00:00,,,,139,118,74,89,221,,115,125,,91
2019-06-24 04:00:00,,,,33,102,44,71,269,,82,95,,96
2019-06-24 05:00:00,,,,51,100,50,53,294,,65,68,,92
2019-06-24 06:00:00,,,,76,103,91,87,280,,91,72,,81
2019-06-24 07:00:00,,,,128,101,103,123,108,,135,124,,92
2019-06-24 08:00:00,,,,120,101,109,115,113,,153,134,,89
2019-06-24 09:00:00,,,,90,91,104,100,104,,154,148,,78
2019-06-24 10:00:00,,,,67,100,73,72,89,,104,134,,55
2019-06-24 11:00:00,,,,59,103,62,85,45,,47,149,,79
2019-06-24 12:00:00,,,,59,96,72,56,315,,180,148,,84
2019-06-24 13:00:00,,,,98,99,90,95,67,,133,163,,44
2019-06-24 14:00:00,,,,103,101,97,100,85,,147,158,,54
2019-06-24 15:00:00,,,,98,115,103,126,111,,166,186,,60
2019-06-24 16:00:00,,,,107,96,118,153,113,,191,181,,73
2019-06-24 17:00:00,,,,108,90,102,133,119,,209,203,,72
2019-06-24 18:00:00,,,,104,95,93,125,95,,220,192,,74
2019-06-24 19:00:00,,,,93,89,19,204,106,,228,190,,79
2019-06-24 20:00:00,,,,91,56,293,68,113,,124,113,,99
2019-06-24 21:00:00,,,,88,87,100,108,59,,106,101,,66
2019-06-24 22:00:00,,,,96,82,96,103,92,,118,110,,65
2019-06-24 23:00:00,,,,121,104,105,136,163,,340,302,,68
2019-06-25 00:00:00,,,,131,97,97,139,134,,264,260,,84
2019-06-25 01:00:00,,,,141,97,129,96,158,,173,229,,97
2019-06-25 02:00:00,,,,125,93,117,149,105,,159,168,,70
2019-06-25 03:00:00,,,,96,85,85,94,98,,133,138,,79
2019-06-25 04:00:00,,,,100,95,96,111,139,,116,115,,73
2019-06-25 05:00:00,,,,107,113,92,91,156,,111,128,,71
2019-06-25 06:00:00,,,,87,109,56,88,133,,135,168,,77
2019-06-25 07:00:00,,,,111,89,68,71,101,,142,134,,91
2019-06-25 08:00:00,,,,128,110,120,64,104,,126,67,,109
2019-06-25 09:00:00,,,,143,104,102,107,97,,111,115,,100
2019-06-25 10:00:00,,,,109,110,89,124,109,,142,156,,77
2019-06-25 11:00:00,,,,107,100,99,101,136,,181,164,,63
2019-06-25 12:00:00,,,,187,104,135,37,126,,94,137,,91
2019-06-25 13:00:00,,,,30,101,79,102,96,,106,149,,101
2019-06-25 14:00:00,,,,96,99,86,118,102,,148,184,,68
2019-06-25 15:00:00,,,,101,99,104,122,124,,160,152,,70
2019-06-25 16:00:00,,,,114,107,105,120,97,,154,163,,67
2019-06-25 17:00:00,,,,113,104,116,168,92,,180,169,,72
2019-06-25 18:00:00,,,,120,82,101,136,,,158,179,,69
2019-06-25 19:00:00,,,,103,87,118,120,,,156,180,,67
2019-06-25 20:00:00,,,,102,75,105,129,,,159,176,,65
2019-06-25 21:00:00,,,,114,83,118,136,,,191,172,,63
2019-06-25 22:00:00,,,,117,86,112,125,,,190,167,,73
2019-06-25 23:00:00,,,,122,85,105,126,,,136,112,,74
2019-06-26 00:00:00,,,,102,75,87,115,,,118,120,,83
2019-06-26 01:00:00,,,,105,87,85,98,,,109,107,,72
2019-06-26 02:00:00,,,,98,91,83,99,,,107,122,,79
2019-06-26 03:00:00,,,,90,110,74,80,,,121,122,,97
2019-06-26 04:00:00,,,,88,111,71,91,,,112,111,,90
2019-06-26 05:00:00,,,,105,103,83,102,,,102,111,,82
2019-06-26 06:00:00,,,,102,101,90,107,,,115,132,,84
2019-06-26 07:00:00,,,,113,94,102,123,,,127,145,,89
2019-06-26 08:00:00,,,,128,103,99,102,,,146,147,,84
2019-06-26 09:00:00,,,,99,109,94,105,,,126,143,,65
2019-06-26 10:00:00,,,,103,104,107,115,87,,132,130,,55
2019-06-26 11:00:00,,,,104,93,96,121,91,,145,156,,50
2019-06-26 12:00:00,,,,101,88,95,128,85,,132,148,,53
2019-06-26 13:00:00,,,,98,83,91,121,86,,137,155,,49
2019-06-26 14:00:00,,,,99,88,96,125,95,,138,153,,62
2019-06-26 15:00:00,,,,104,93,104,126,95,,141,148,,88
2019-06-26 16:00:00,,,,105,98,105,140,100,,133,154,,86
2019-06-26 17:00:00,,,,104,94,104,139,110,,133,138,,75
2019-06-26 18:00:00,,,,112,94,115,149,108,,142,140,,76
2019-06-26 19:00:00,,,,108,86,107,138,105,,125,122,,70
2019-06-26 20:00:00,,,,101,94,90,115,86,,102,116,,78
2019-06-26 21:00:00,,,,98,85,95,126,126,,106,111,,79
2019-06-26 22:00:00,,,,104,89,91,123,103,,121,121,,67
2019-06-26 23:00:00,,,,96,78,85,106,98,,110,119,,71
2019-06-27 00:00:00,,,,100,82,90,108,98,,122,122,,65
2019-06-27 01:00:00,,,,99,84,90,118,104,,131,129,,62
2019-06-27 02:00:00,,,,101,85,95,118,104,,132,126,,59
2019-06-27 03:00:00,,,,101,91,70,108,,,119,128,,63
2019-06-27 04:00:00,,,,107,94,66,92,,,112,147,,67
2019-06-27 05:00:00,,,,108,99,63,90,,,110,151,,79
2019-06-27 06:00:00,,,,108,98,53,93,,,99,142,,85
2019-06-27 07:00:00,,,,107,97,62,103,,,103,85,,80
2019-06-27 08:00:00,,,,100,103,73,110,,,94,122,,70
2019-06-27 09:00:00,,,,107,101,88,127,82,,115,141,,63
2019-06-27 10:00:00,,,,100,102,97,115,78,,127,145,,44
2019-06-27 11:00:00,,,,103,92,97,121,79,,135,144,,51
2019-06-27 12:00:00,,,,105,80,102,126,97,,135,154,,68
2019-06-27 13:00:00,,,,105,86,108,129,93,,138,148,,69
2019-06-27 14:00:00,,,,108,91,109,133,95,,140,157,,74
2019-06-27 15:00:00,,,,112,85,106,145,94,,137,155,,73
2019-06-27 16:00:00,,,,109,85,111,141,91,,157,151,,68
2019-06-27 17:00:00,,,,112,88,113,145,92,,144,140,,68
2019-06-27 18:00:00,,,,111,92,109,141,83,,126,124,,77
2019-06-27 19:00:00,,,,104,93,95,127,67,,128,128,,79
2019-06-27 20:00:00,,,,110,93,96,128,90,,125,122,,78
2019-06-27 21:00:00,,,,107,89,97,129,109,,132,131,,83
2019-06-27 22:00:00,,,,106,91,91,126,98,,129,141,,74
2019-06-27 23:00:00,,,,102,89,106,117,102,,135,150,,71
2019-06-28 00:00:00,,,,104,82,103,114,93,,142,153,,65
2019-06-28 01:00:00,,,,104,77,92,116,99,,155,144,,65
2019-06-28 02:00:00,,,,104,80,96,116,99,,134,127,,71
2019-06-28 03:00:00,,,,105,93,108,120,104,,150,155,,70
2019-06-28 04:00:00,,,,105,102,102,108,106,,120,127,,83
2019-06-28 05:00:00,,,,108,92,92,117,127,,121,125,,83
2019-06-28 06:00:00,,,,100,96,93,114,137,,119,121,,86
2019-06-28 07:00:00,,,,113,106,84,101,186,,125,140,,85
2019-06-28 08:00:00,,,,119,99,91,122,341,,118,147,,88
2019-06-28 09:00:00,,,,111,97,89,113,93,,163,155,,91
2019-06-28 10:00:00,,,,100,92,84,119,74,,168,183,,61
2019-06-28 11:00:00,,,,100,81,90,114,87,,149,148,,46
2019-06-28 12:00:00,,,,103,74,114,120,87,,136,146,,66
2019-06-28 13:00:00,,,,100,85,109,131,100,,135,145,,69
2019-06-28 14:00:00,,,,103,89,105,130,95,,141,140,,60
2019-06-28 15:00:00,,,,102,84,109,135,87,,135,137,,66
2019-06-28 16:00:00,,,,110,81,100,134,85,,134,146,,65
2019-06-28 17:00:00,,,,113,85,107,146,88,,141,151,,76
2019-06-28 18:00:00,,,,115,92,110,149,92,,137,146,,87
2019-06-28 19:00:00,,,,120,95,120,151,101,,143,139,,83
2019-06-28 20:00:00,,,,119,97,99,147,96,,123,127,,84
2019-06-28 21:00:00,,,,109,88,94,134,106,,125,129,,74
2019-06-28 22:00:00,,,,97,78,90,116,107,,118,117,,63
2019-06-28 23:00:00,,,,101,73,87,107,106,,115,118,,73
2019-06-29 00:00:00,,,,102,75,90,105,104,,131,137,,73
2019-06-29 01:00:00,,,,100,89,116,129,93,,136,141,,67
2019-06-29 02:00:00,,,,98,95,112,119,105,,121,127,,77
2019-06-29 03:00:00,,,,108,105,91,93,128,,118,133,,79
2019-06-29 04:00:00,,,,123,106,88,99,119,,127,160,,97
2019-06-29 05:00:00,,,,121,116,106,,117,,127,124,,105
2019-06-29 06:00:00,,,,142,116,104,,137,,113,104,,124
2019-06-29 07:00:00,,,,156,120,105,,232,,103,109,,131
2019-06-29 08:00:00,,,,304,115,77,,287,,37,119,,293
2019-06-29 09:00:00,,,,12,106,27,,316,,69,151,,332
2019-06-29 10:00:00,,,,58,108,73,,333,,101,170,,68
2019-06-29 11:00:00,,,,109,103,80,79,81,,148,142,,68
2019-06-29 12:00:00,,,,96,98,100,113,79,,146,151,,54
2019-06-29 13:00:00,,,,100,90,102,132,102,,132,148,,65
2019-06-29 14:00:00,,,,105,88,103,140,87,,147,145,,63
2019-06-29 15:00:00,,,,107,86,105,136,87,,143,147,,75
2019-06-29 16:00:00,,,,109,85,116,147,90,,146,151,,83
2019-06-29 17:00:00,,,,111,90,109,147,104,,159,157,,98
2019-06-29 18:00:00,,,,114,94,123,151,112,,158,166,,90
2019-06-29 19:00:00,,,,112,99,125,142,104,,155,168,,77
2019-06-29 20:00:00,,,,113,100,122,135,113,,153,163,,72
2019-06-29 21:00:00,,,,130,98,113,145,101,,152,161,,63
2019-06-29 22:00:00,,,,135,85,103,125,102,,156,164,,68
2019-06-29 23:00:00,,,,133,71,102,142,104,,143,134,,80
2019-06-30 00:00:00,,,,98,83,93,129,113,,111,123,,84
2019-06-30 01:00:00,,,,109,100,83,119,119,,111,128,,104
2019-06-30 02:00:00,,,,106,110,67,76,138,,142,133,,108
2019-06-30 03:00:00,,,,109,112,79,71,133,,179,156,,112
2019-06-30 04:00:00,,,,281,130,89,61,136,,113,141,,128
2019-06-30 05:00:00,,,,238,44,92,55,217,,109,130,,133
2019-06-30 06:00:00,,,,264,96,53,70,230,,67,97,,130
2019-06-30 07:00:00,,,,246,74,36,59,255,,26,20,,97
2019-06-30 08:00:00,,,,300,82,22,39,299,,42,42,,24
2019-06-30 09:00:00,,,,292,103,30,31,312,,8,117,,72
2019-06-30 10:00:00,,,,302,112,45,41,310,,14,128,,70
2019-06-30 11:00:00,,,,152,97,104,73,315,,321,176,,75
2019-06-30 12:00:00,,,,118,104,97,76,316,,101,149,,77
2019-06-30 13:00:00,,,,86,101,92,64,48,,118,153,,72
2019-06-30 14:00:00,,,,113,100,100,92,60,,121,153,,56
2019-06-30 15:00:00,,,,104,97,97,114,76,,157,167,,58
2019-06-30 16:00:00,,,,104,97,107,123,75,,151,174,,63
2019-06-30 17:00:00,,,,107,86,116,147,86,,160,176,,68
2019-06-30 18:00:00,,,,116,86,124,147,90,,167,177,,74
2019-06-30 19:00:00,,,,121,98,119,168,102,,151,136,,80
2019-06-30 20:00:00,,,,117,105,103,136,118,,120,120,,88
2019-06-30 21:00:00,,,,102,99,92,123,80,,115,114,,89
2019-06-30 22:00:00,,,,107,87,108,127,95,,140,128,,78
2019-06-30 23:00:00,,,,101,78,102,105,92,,125,134,,71
2019-07-01 00:00:00,,,,,,,,,,,,,
2019-07-01 01:00:00,35,,355,97,80,90,117,100,,123,132,3,62
2019-07-01 02:00:00,34,,355,97,89,91,117,129,,123,131,3,71
2019-07-01 03:00:00,34,,355,100,98,99,110,129,,124,128,8,77
2019-07-01 04:00:00,34,,,104,99,95,109,199,,100,121,9,99
2019-07-01 05:00:00,31,,,173,128,54,81,223,,31,90,6,105
2019-07-01 06:00:00,32,,,206,13,45,83,232,,23,48,7,112
2019-07-01 07:00:00,31,,354,266,21,31,86,255,,33,24,3,117
2019-07-01 08:00:00,31,,354,267,73,20,43,302,,67,70,4,59
2019-07-01 09:00:00,30,,355,282,137,48,55,309,,48,108,3,70
2019-07-01 10:00:00,30,,355,234,105,65,89,311,,17,172,3,83
2019-07-01 11:00:00,26,,355,137,100,87,67,316,,69,147,4,72
2019-07-01 12:00:00,47,,,120,96,90,85,357,,131,156,3,65
2019-07-01 13:00:00,67,,,104,105,90,105,72,,135,147,3,66
2019-07-01 14:00:00,65,,,105,98,100,121,76,,138,156,3,66
2019-07-01 15:00:00,118,,,105,101,108,125,87,,164,174,,73
2019-07-01 16:00:00,126,,,117,112,105,,104,,159,178,11,80
2019-07-01 17:00:00,136,,,132,109,125,,124,,177,174,8,96
2019-07-01 18:00:00,127,,,144,100,134,,107,,185,159,14,87
2019-07-01 19:00:00,111,,354,130,94,120,,95,,146,128,4,71
2019-07-01 20:00:00,100,,354,115,97,106,,82,,119,111,3,76
2019-07-01 21:00:00,87,,354,107,88,109,,91,,150,118,3,73
2019-07-01 22:00:00,97,,,103,81,101,,90,,135,135,3,67
2019-07-01 23:00:00,89,,,97,78,87,,87,,131,129,,71
2019-07-02 00:00:00,111,,,101,84,97,,98,,122,122,,62
2019-07-02 01:00:00,101,,,97,86,105,,123,,117,114,,69
2019-07-02 02:00:00,70,,,98,105,93,,103,,109,116,10,92
2019-07-02 03:00:00,72,,355,109,110,87,,104,,112,122,6,85
2019-07-02 04:00:00,72,,355,124,86,87,,212,,108,119,4,94
2019-07-02 05:00:00,44,,355,141,90,72,,222,,101,118,9,95
2019-07-02 06:00:00,66,,354,102,96,68,,249,,81,74,5,100
2019-07-02 07:00:00,68,,354,158,101,77,,239,,94,61,7,95
2019-07-02 08:00:00,59,,355,200,98,61,,286,,90,91,10,79
2019-07-02 09:00:00,14,,355,270,83,37,,301,,48,349,5,66
2019-07-02 10:00:00,97,,355,5,91,33,,312,,346,33,4,92
2019-07-02 11:00:00,24,,,35,181,65,,314,,82,183,4,75
2019-07-02 12:00:00,49,,,129,105,79,,23,,111,157,3,62
2019-07-02 13:00:00,64,,,118,98,108,,83,,135,165,3,62
2019-07-02 14:00:00,82,,,108,102,110,,101,,167,183,5,66
2019-07-02 15:00:00,118,,,110,76,114,168,101,,162,188,4,72
2019-07-02 16:00:00,115,,,124,83,96,87,102,,158,189,53,74
2019-07-02 17:00:00,116,,,110,96,107,130,127,,153,189,4,79
2019-07-02 18:00:00,125,,,127,110,125,191,117,,223,180,4,70
2019-07-02 19:00:00,122,,354,129,86,133,187,100,,203,189,3,57
2019-07-02 20:00:00,125,,354,125,79,105,155,120,,169,154,4,69
2019-07-02 21:00:00,130,,354,124,89,108,141,113,,153,156,3,69
2019-07-02 22:00:00,129,,,119,88,105,151,117,,144,135,6,86
2019-07-02 23:00:00,102,,,120,82,111,129,108,,109,115,24,111
2019-07-03 00:00:00,71,,,106,94,108,116,109,,123,117,12,114
2019-07-03 01:00:00,48,,,101,90,102,95,118,,129,118,9,91
2019-07-03 02:00:00,40,,355,92,106,85,85,120,,117,119,26,102
2019-07-03 03:00:00,36,,354,140,100,83,73,168,,111,114,51,105
2019-07-03 04:00:00,44,,354,59,93,89,67,211,,78,111,7,110
2019-07-03 05:00:00,57,,355,158,72,82,72,238,,71,119,12,106
2019-07-03 06:00:00,69,,354,155,100,83,91,240,,86,124,14,92
2019-07-03 07:00:00,48,,354,161,118,83,84,251,,87,115,33,105
2019-07-03 08:00:00,16,,354,185,111,56,81,288,,44,45,4,99
2019-07-03 09:00:00,15,,355,287,90,51,35,303,,31,61,3,8
2019-07-03 10:00:00,4,,355,17,180,67,53,307,,37,45,9,61
2019-07-03 11:00:00,37,,355,130,105,88,87,314,,53,83,9,79
2019-07-03 12:00:00,74,,,109,95,99,80,28,,116,118,3,70
2019-07-03 13:00:00,62,,,111,99,95,110,62,,134,,3,62
2019-07-03 14:00:00,96,,,105,103,104,119,85,,161,,7,60
2019-07-03 15:00:00,125,,,117,102,109,143,94,,144,,89,69
2019-07-03 16:00:00,117,,,107,97,94,133,79,,152,,8,76
2019-07-03 17:00:00,111,,,106,90,73,131,103,,157,,3,70
2019-07-03 18:00:00,120,,,110,108,115,137,116,,155,167,3,59
2019-07-03 19:00:00,132,,354,123,,117,164,147,,161,159,3,85
2019-07-03 20:00:00,117,,354,130,,112,167,106,,168,154,,63
2019-07-03 21:00:00,108,,354,113,,100,131,103,,148,152,,73
2019-07-03 22:00:00,130,,,99,,105,130,105,,142,144,,78
2019-07-03 23:00:00,89,,,96,,96,122,109,,131,142,4,81
2019-07-04 00:00:00,31,,,109,,98,106,129,,119,129,15,81
2019-07-04 01:00:00,54,,,100,,102,101,160,,112,113,6,103
2019-07-04 02:00:00,87,,,109,,106,115,111,,125,135,13,101
2019-07-04 03:00:00,223,,,93,,117,128,126,,132,128,14,112
2019-07-04 04:00:00,111,,,113,,120,130,161,,127,126,5,125
2019-07-04 05:00:00,32,,,146,,95,108,222,,113,130,3,140
2019-07-04 06:00:00,43,,,161,,65,69,206,,103,138,9,190
2019-07-04 07:00:00,50,,,294,,47,68,264,,66,113,3,190
2019-07-04 08:00:00,46,,355,257,,50,60,288,,55,73,3,264
2019-07-04 09:00:00,19,,355,84,,82,33,305,,94,40,11,90
2019-07-04 10:00:00,65,,355,94,217,68,66,316,,33,59,7,72
2019-07-04 11:00:00,70,,,108,78,95,76,40,,129,174,4,59
2019-07-04 12:00:00,56,,,113,99,100,76,62,,124,163,3,66
2019-07-04 13:00:00,58,,,116,107,102,75,60,,124,150,4,72
2019-07-04 14:00:00,162,,,106,,122,97,49,,155,166,4,108
2019-07-04 15:00:00,161,,,126,,133,142,102,,163,155,6,99
2019-07-04 16:00:00,119,,,134,,135,180,114,,148,161,7,81
2019-07-04 17:00:00,133,,,137,,121,179,118,,154,168,3,80
2019-07-04 18:00:00,132,,354,127,,116,158,110,,160,163,3,89
2019-07-04 19:00:00,136,,354,128,,108,150,127,,149,160,6,65
2019-07-04 20:00:00,137,,354,96,,87,121,110,,164,171,4,82
2019-07-04 21:00:00,64,,,110,,88,58,113,,151,158,4,117
2019-07-04 22:00:00,85,,,87,,88,76,178,,93,86,6,108
2019-07-04 23:00:00,66,,,112,,111,117,115,,100,101,11,100
2019-07-05 00:00:00,84,,,104,,104,112,116,,128,129,7,102
2019-07-05 01:00:00,60,,,101,,132,123,113,,140,125,5,113
2019-07-05 02:00:00,73,,,95,,120,120,,,134,136,24,97
2019-07-05 03:00:00,57,,,93,,116,106,,,124,133,14,108
2019-07-05 04:00:00,59,,,119,,105,103,177,,120,133,15,106
2019-07-05 05:00:00,37,,,120,,86,89,218,,115,126,3,119
2019-07-05 06:00:00,28,,,124,,93,97,221,,75,63,4,106
2019-07-05 07:00:00,42,,,174,,71,80,263,,68,47,7,126
2019-07-05 08:00:00,74,,355,186,,70,80,278,,69,85,3,84
2019-07-05 09:00:00,49,,355,178,,57,50,286,,89,115,4,63
2019-07-05 10:00:00,81,,355,127,94,67,65,312,,92,131,3,82
2019-07-05 11:00:00,84,,,136,103,99,65,328,,115,161,4,83
2019-07-05 12:00:00,71,,,123,93,88,83,356,,121,166,3,75
2019-07-05 13:00:00,60,,,115,98,106,116,72,,143,146,3,66
2019-07-05 14:00:00,64,,,109,102,114,110,75,,122,152,3,56
2019-07-05 15:00:00,69,,,111,100,103,104,59,,128,139,,53
2019-07-05 16:00:00,98,,,98,107,102,126,86,,142,146,4,86
2019-07-05 17:00:00,118,,,124,103,113,166,85,,157,162,4,90
2019-07-05 18:00:00,114,,,118,107,118,136,86,,149,166,3,75
2019-07-05 19:00:00,121,,354,123,88,116,167,104,,167,170,3,79
2019-07-05 20:00:00,107,,354,128,83,110,164,103,,139,143,3,62
2019-07-05 21:00:00,104,,354,107,74,90,131,109,,112,115,5,64
2019-07-05 22:00:00,77,,,99,83,95,109,96,,109,117,4,63
2019-07-05 23:00:00,87,,,106,79,98,120,104,,118,121,3,60
2019-07-06 00:00:00,102,,,103,87,96,112,101,,127,136,3,67
2019-07-06 01:00:00,90,,,105,91,105,120,98,,121,122,3,66
2019-07-06 02:00:00,36,,,100,104,92,111,124,,121,116,13,83
2019-07-06 03:00:00,44,,355,99,105,90,112,139,,113,109,37,96
2019-07-06 04:00:00,45,,355,121,88,89,90,149,,106,113,34,97
2019-07-06 05:00:00,38,,355,142,91,89,63,215,,92,108,6,101
2019-07-06 06:00:00,41,,,160,107,93,74,217,,89,73,6,97
2019-07-06 07:00:00,44,,,170,99,96,81,238,,98,82,6,94
2019-07-06 08:00:00,50,,,182,96,85,71,297,,96,130,5,84
2019-07-06 09:00:00,40,,354,147,97,69,64,312,,91,132,8,71
2019-07-06 10:00:00,13,,354,182,90,80,59,320,,125,154,6,83
2019-07-06 11:00:00,49,,354,132,98,119,61,7,,135,145,10,67
2019-07-06 12:00:00,44,,,120,103,100,105,84,,141,141,4,62
2019-07-06 13:00:00,63,,,99,96,87,111,74,,132,138,6,48
2019-07-06 14:00:00,103,,,100,85,88,124,85,,133,155,3,71
2019-07-06 15:00:00,115,,,104,92,109,136,82,,140,142,4,65
2019-07-06 16:00:00,116,,,112,93,112,144,88,,136,152,6,63
2019-07-06 17:00:00,127,,,105,85,106,126,95,,139,147,7,71
2019-07-06 18:00:00,127,,,119,85,114,150,98,,133,134,7,85
2019-07-06 19:00:00,121,,355,125,94,106,149,111,,123,126,9,100
2019-07-06 20:00:00,124,,355,121,97,96,145,103,,124,129,6,93
2019-07-06 21:00:00,96,,355,106,93,103,130,80,,130,127,4,73
2019-07-06 22:00:00,90,,,104,87,101,129,89,,131,125,3,69
2019-07-06 23:00:00,94,,,106,86,90,123,80,,123,131,3,67
2019-07-07 00:00:00,92,,,98,81,87,121,88,,126,127,3,69
2019-07-07 01:00:00,80,,,97,82,79,115,95,,120,126,,68
2019-07-07 02:00:00,102,,,93,91,72,109,110,,113,115,,73
2019-07-07 03:00:00,50,,354,77,91,69,76,112,,90,84,5,61
2019-07-07 04:00:00,38,,354,93,99,83,91,138,,88,114,8,69
2019-07-07 05:00:00,61,,354,129,107,84,83,202,,80,121,9,84
2019-07-07 06:00:00,66,,,80,102,82,79,213,,93,115,10,85
2019-07-07 07:00:00,56,,,139,76,67,77,221,,84,107,7,95
2019-07-07 08:00:00,51,,,152,93,68,78,289,,69,48,4,71
2019-07-07 09:00:00,44,,355,269,96,49,74,308,,68,53,6,72
2019-07-07 10:00:00,52,,355,39,96,59,50,317,,63,37,7,74
2019-07-07 11:00:00,75,,355,96,106,89,79,348,,68,43,6,74
2019-07-07 12:00:00,62,,,119,103,75,92,54,,115,142,4,62
2019-07-07 13:00:00,42,,,114,102,102,102,67,,128,141,4,56
2019-07-07 14:00:00,67,,,105,104,98,118,77,,129,161,3,49
2019-07-07 15:00:00,110,,,98,96,95,123,77,,139,160,15,60
2019-07-07 16:00:00,121,,,102,89,100,130,103,,156,145,6,73
2019-07-07 17:00:00,113,,,102,95,106,133,102,,142,156,4,71
2019-07-07 18:00:00,115,,,107,86,102,137,105,,146,162,4,79
2019-07-07 19:00:00,117,,,113,85,105,150,109,,145,146,4,78
2019-07-07 20:00:00,109,,356,121,88,118,155,113,,147,155,5,77
2019-07-07 21:00:00,114,,355,111,94,101,117,104,,122,123,5,73
2019-07-07 22:00:00,89,,355,95,96,92,113,79,,107,113,5,72
2019-07-07 23:00:00,74,,354,103,84,96,105,84,,123,111,4,64
2019-07-08 00:00:00,71,,355,103,87,89,111,78,,121,120,3,64
2019-07-08 01:00:00,53,,355,95,92,90,102,101,,121,123,5,71
2019-07-08 02:00:00,61,,355,105,86,82,94,133,,101,117,9,80
2019-07-08 03:00:00,60,,,98,86,84,73,150,,93,99,13,83
2019-07-08 04:00:00,41,,,29,105,88,69,216,,98,111,19,102
2019-07-08 05:00:00,32,,,211,38,87,87,223,,69,107,10,101
2019-07-08 06:00:00,358,,354,267,336,53,89,278,,43,63,3,140
2019-07-08 07:00:00,265,,354,278,314,,40,286,,39,21,3,235
2019-07-08 08:00:00,305,,355,327,288,330,4,296,,34,32,3,260
2019-07-08 09:00:00,28,,355,344,300,48,43,298,,15,10,,252
2019-07-08 10:00:00,16,,355,307,306,29,84,298,,8,10,,82
2019-07-08 11:00:00,65,,,263,294,88,92,303,,17,48,,85
2019-07-08 12:00:00,92,,,128,314,127,103,313,,100,65,4,72
2019-07-08 13:00:00,93,,,130,278,132,129,77,,78,95,6,78
2019-07-08 14:00:00,97,,,111,183,155,83,54,,347,133,10,88
2019-07-08 15:00:00,72,,,126,77,51,111,64,,102,107,6,79
2019-07-08 16:00:00,80,,,113,65,99,129,73,,129,141,4,64
2019-07-08 17:00:00,89,,,109,35,97,132,96,,125,134,4,80
2019-07-08 18:00:00,135,,,135,183,341,172,112,,136,137,7,109
2019-07-08 19:00:00,138,,354,157,189,297,179,133,,138,152,15,281
2019-07-08 20:00:00,122,,354,268,71,298,142,123,,191,133,51,286
2019-07-08 21:00:00,107,,354,314,49,323,66,146,,102,103,97,222
2019-07-08 22:00:00,66,,,89,57,99,107,141,,95,96,25,36
2019-07-08 23:00:00,62,,,97,78,101,89,81,,102,120,34,51
2019-07-09 00:00:00,53,,,96,82,99,83,121,,105,117,9,75
2019-07-09 01:00:00,55,,,132,88,108,76,139,,113,122,6,89
2019-07-09 02:00:00,44,,,111,110,97,69,199,,113,119,9,103
2019-07-09 03:00:00,28,,,3,142,96,69,198,,108,124,4,96
2019-07-09 04:00:00,28,,,318,114,96,75,258,,36,104,5,103
2019-07-09 05:00:00,345,,,231,24,53,67,250,,35,45,5,146
2019-07-09 06:00:00,3,,,263,342,17,76,253,,49,52,3,173
2019-07-09 07:00:00,10,,,282,27,310,39,262,,55,124,4,213
2019-07-09 08:00:00,25,,355,329,50,14,321,290,,158,146,3,274
2019-07-09 09:00:00,11,,355,321,244,348,19,292,,119,77,4,258
2019-07-09 10:00:00,24,,355,338,262,57,34,303,,352,13,7,91
2019-07-09 11:00:00,19,,,44,302,68,69,303,,357,38,4,76
2019-07-09 12:00:00,19,,,207,331,83,78,297,,73,49,5,79
2019-07-09 13:00:00,49,,,110,83,104,70,288,,80,131,4,76
2019-07-09 14:00:00,62,,,78,104,84,113,31,,120,148,4,70
2019-07-09 15:00:00,73,,,106,99,93,91,65,,147,150,3,67
2019-07-09 16:00:00,64,,,109,90,92,127,74,,142,151,3,50
2019-07-09 17:00:00,80,,,117,102,104,133,70,,152,152,3,67
2019-07-09 18:00:00,109,,,115,98,105,153,80,,129,132,,85
2019-07-09 19:00:00,121,,354,104,104,86,120,87,,97,96,,93
2019-07-09 20:00:00,89,,354,90,88,88,115,94,,98,114,4,93
2019-07-09 21:00:00,102,,354,104,87,90,123,93,,116,111,3,102
2019-07-09 22:00:00,87,,,96,77,92,117,71,,112,116,3,73
2019-07-09 23:00:00,76,,,100,74,92,108,97,,110,114,3,68
2019-07-10 00:00:00,69,,,102,79,92,97,96,,118,114,,64
2019-07-10 01:00:00,58,,,109,81,98,111,114,,118,102,,72
2019-07-10 02:00:00,42,,,112,88,84,83,144,,121,118,12,79
2019-07-10 03:00:00,43,,,188,119,84,62,217,,81,120,14,98
2019-07-10 04:00:00,54,,,210,72,88,71,231,,74,117,4,89
2019-07-10 05:00:00,85,,,253,80,67,90,237,,78,72,3,101
2019-07-10 06:00:00,34,,,248,6,46,73,224,,90,107,6,108
2019-07-10 07:00:00,359,,,274,33,40,58,249,,60,38,4,205
2019-07-10 08:00:00,3,,355,287,,360,310,295,,47,44,3,252
2019-07-10 09:00:00,23,,355,319,300,358,17,305,,17,14,4,292
2019-07-10 10:00:00,6,,355,329,290,358,45,304,,5,11,7,66
2019-07-10 11:00:00,8,,,296,318,40,65,308,,354,26,3,75
2019-07-10 12:00:00,31,,,226,113,80,78,310,,12,110,3,92
2019-07-10 13:00:00,71,,,95,93,75,71,32,,179,114,3,76
2019-07-10 14:00:00,56,,,100,107,82,97,58,,88,96,,70
2019-07-10 15:00:00,41,,,92,106,57,91,80,,93,91,10,54
2019-07-10 16:00:00,39,,,66,88,69,72,45,,87,82,11,45
2019-07-10 17:00:00,63,,,99,94,94,117,65,,106,97,9,57
2019-07-10 18:00:00,109,,,114,107,111,139,86,,159,159,10,98
2019-07-10 19:00:00,128,,354,121,103,120,,126,,153,163,13,100
2019-07-10 20:00:00,137,,354,118,107,126,,133,,186,169,12,76
2019-07-10 21:00:00,131,,354,129,84,120,,114,,162,138,10,87
2019-07-10 22:00:00,115,,,118,74,105,,103,,124,128,8,72
2019-07-10 23:00:00,67,,,101,77,97,,94,,113,109,8,62
2019-07-11 00:00:00,62,,,106,101,94,104,108,,86,70,6,69
2019-07-11 01:00:00,51,,,122,102,108,89,151,,100,83,4,78
2019-07-11 02:00:00,42,,,126,103,102,70,155,,120,108,6,91
2019-07-11 03:00:00,23,,,155,100,99,70,210,,114,135,9,94
2019-07-11 04:00:00,46,,355,162,108,93,82,216,,116,108,8,88
2019-07-11 05:00:00,46,,354,158,51,69,79,216,,66,58,14,80
2019-07-11 06:00:00,10,,354,225,16,24,43,222,,67,122,8,157
2019-07-11 07:00:00,351,,354,278,11,323,29,234,,57,238,5,163
2019-07-11 08:00:00,18,,355,308,82,347,4,293,,47,67,4,81
2019-07-11 09:00:00,326,,355,330,62,3,9,309,,20,86,3,344
2019-07-11 10:00:00,359,,355,154,141,71,57,304,,26,30,8,95
2019-07-11 11:00:00,43,,,24,111,53,58,299,,19,45,4,101
2019-07-11 12:00:00,359,,,82,106,67,66,302,,317,73,6,81
2019-07-11 13:00:00,2,,,106,114,86,64,305,,54,71,5,80
2019-07-11 14:00:00,11,,,113,64,55,77,30,,38,26,4,60
2019-07-11 15:00:00,64,,,44,321,63,113,92,,51,185,13,61
2019-07-11 16:00:00,50,,5,347,47,291,77,108,,231,273,19,5
2019-07-11 17:00:00,209,,355,149,114,83,,266,,312,303,19,89
2019-07-11 18:00:00,299,,355,28,125,21,20,285,,330,322,12,66
2019-07-11 19:00:00,257,,355,292,94,260,307,288,,304,330,9,154
2019-07-11 20:00:00,203,,,23,72,175,275,280,,341,331,13,308
2019-07-11 21:00:00,218,,,304,309,246,293,148,,317,329,14,271
2019-07-11 22:00:00,286,,354,322,305,291,270,208,,333,353,6,279
2019-07-11 23:00:00,290,,354,320,290,266,324,171,,321,334,5,312
2019-07-12 00:00:00,199,,354,332,279,235,267,222,,320,349,5,230
2019-07-12 01:00:00,253,,355,326,286,232,283,236,,335,344,3,285
2019-07-12 02:00:00,158,,355,211,292,181,245,151,,301,250,18,80
2019-07-12 03:00:00,183,,355,56,286,202,230,148,,106,124,26,264
2019-07-12 04:00:00,204,,,319,305,269,298,174,,214,351,3,288
2019-07-12 05:00:00,161,,,319,289,254,249,194,,262,286,4,282
2019-07-12 06:00:00,219,,,313,298,221,270,170,,358,187,3,275
2019-07-12 07:00:00,287,,,319,290,257,294,157,,360,349,3,282
2019-07-12 08:00:00,14,,354,312,288,266,327,221,,328,324,3,282
2019-07-12 09:00:00,20,,354,349,290,241,327,275,,329,341,,285
2019-07-12 10:00:00,17,,355,325,303,341,31,292,,329,332,5,269
2019-07-12 11:00:00,9,,355,292,28,10,33,311,,348,353,5,56
2019-07-12 12:00:00,23,,355,305,67,357,30,306,,345,8,5,85
2019-07-12 13:00:00,26,,,8,50,23,40,300,,342,360,6,71
2019-07-12 14:00:00,345,,,328,63,36,38,292,,354,47,4,56
2019-07-12 15:00:00,34,,,66,124,30,62,289,,12,48,11,87
2019-07-12 16:00:00,13,,,19,29,22,52,287,,335,72,9,29
2019-07-12 17:00:00,356,,354,329,77,24,54,322,,331,38,15,84
2019-07-12 18:00:00,23,,355,339,5,32,41,103,,338,69,9,124
2019-07-12 19:00:00,,,355,347,251,11,42,261,,75,98,8,222
2019-07-12 20:00:00,171,,355,137,67,122,222,219,,228,235,4,107
2019-07-12 21:00:00,194,,,111,143,154,214,118,,242,254,127,309
2019-07-12 22:00:00,207,,,115,139,204,211,170,,236,258,209,313
2019-07-12 23:00:00,187,,,315,123,265,212,193,,1,353,358,325
2019-07-13 00:00:00,191,,,315,42,111,221,185,,24,17,4,283
2019-07-13 01:00:00,198,,,318,360,350,214,172,,254,281,5,260
2019-07-13 02:00:00,189,,,314,310,16,228,172,,266,299,3,314
2019-07-13 03:00:00,191,,,310,295,75,227,234,,234,267,7,302
2019-07-13 04:00:00,,,,316,295,193,277,178,,231,297,3,262
2019-07-13 05:00:00,197,,354,304,277,124,263,126,,250,302,5,219
2019-07-13 06:00:00,216,,354,322,291,204,262,165,,285,296,3,307
2019-07-13 07:00:00,203,,354,311,287,322,294,169,,309,296,4,254
2019-07-13 08:00:00,212,,355,301,281,172,265,265,,185,290,5,302
2019-07-13 09:00:00,205,,355,323,269,107,291,288,,314,281,6,253
2019-07-13 10:00:00,168,,355,314,289,106,360,319,,321,299,7,44
2019-07-13 11:00:00,36,,,236,244,68,58,318,,6,14,6,345
2019-07-13 12:00:00,84,,,159,43,90,77,326,,20,35,11,78
2019-07-13 13:00:00,80,,,340,78,258,100,75,,322,68,9,66
2019-07-13 14:00:00,350,,,351,90,318,47,83,,43,39,8,50
2019-07-13 15:00:00,18,,,15,101,218,8,329,,38,50,7,61
2019-07-13 16:00:00,179,,,304,101,303,37,300,,38,94,8,77
2019-07-13 17:00:00,129,,,136,104,359,234,117,,124,155,8,78
2019-07-13 18:00:00,136,,,148,92,135,203,103,,203,205,8,81
2019-07-13 19:00:00,129,,,143,94,149,192,89,,217,196,,79
2019-07-13 20:00:00,107,,,138,90,142,200,147,,186,186,9,79
2019-07-13 21:00:00,106,,354,110,44,152,212,179,,131,150,24,157
2019-07-13 22:00:00,111,,354,114,57,85,117,202,,81,72,23,157
2019-07-13 23:00:00,114,,354,154,105,107,99,146,,160,158,15,117
2019-07-14 00:00:00,182,,,291,106,284,144,189,,188,193,9,167
2019-07-14 01:00:00,286,,360,202,80,243,87,113,,360,146,21,151
2019-07-14 02:00:00,217,,354,89,117,316,142,199,,44,29,15,152
2019-07-14 03:00:00,255,,354,298,55,276,29,191,,29,37,9,221
2019-07-14 04:00:00,183,,354,302,327,277,300,224,,338,357,7,147
2019-07-14 05:00:00,214,,,310,297,274,2,207,,355,351,5,260
2019-07-14 06:00:00,199,,355,329,304,332,353,217,,336,348,6,256
2019-07-14 07:00:00,205,,355,325,309,119,248,221,,339,360,3,261
2019-07-14 08:00:00,204,,355,320,281,116,259,235,,359,17,4,296
2019-07-14 09:00:00,18,,,325,294,117,295,291,,8,12,3,260
2019-07-14 10:00:00,353,,354,342,,69,35,318,,353,36,7,8
2019-07-14 11:00:00,12,,355,110,99,91,38,317,,24,44,9,67
2019-07-14 12:00:00,45,,355,222,105,96,52,345,,69,49,4,65
2019-07-14 13:00:00,73,,355,115,109,121,66,85,,100,99,4,50
2019-07-14 14:00:00,75,,354,75,104,76,76,92,,92,112,8,72
2019-07-14 15:00:00,66,,355,96,87,54,78,93,,67,98,10,60
2019-07-14 16:00:00,75,,355,63,79,49,84,43,,63,104,6,67
2019-07-14 17:00:00,81,,355,64,86,62,99,63,,131,131,6,61
2019-07-14 18:00:00,128,,,117,83,104,153,95,,145,143,6,97
2019-07-14 19:00:00,91,,,79,78,113,97,85,,9,93,7,74
2019-07-14 20:00:00,115,,354,127,92,122,143,58,,231,257,5,87
2019-07-14 21:00:00,130,,354,113,119,121,182,114,,220,232,4,65
2019-07-14 22:00:00,108,,354,113,56,159,202,115,,147,145,4,107
2019-07-14 23:00:00,102,,355,29,104,283,217,134,,117,119,23,136
2019-07-15 00:00:00,59,,354,319,120,9,87,185,,160,98,5,130
2019-07-15 01:00:00,61,,354,256,65,65,65,216,,262,284,6,123
2019-07-15 02:00:00,47,,354,157,92,111,41,226,,342,10,4,85
2019-07-15 03:00:00,248,,,309,76,309,29,205,,7,18,6,124
2019-07-15 04:00:00,5,,,300,358,288,42,223,,329,59,5,156
2019-07-15 05:00:00,3,,,306,299,328,39,233,,30,286,4,177
2019-07-15 06:00:00,359,,,309,311,304,53,233,,55,53,3,155
2019-07-15 07:00:00,37,,,301,20,36,86,233,,100,152,12,143
2019-07-15 08:00:00,11,,,324,66,46,57,294,,47,36,6,80
2019-07-15 09:00:00,348,,,43,102,40,42,311,,18,24,7,77
2019-07-15 10:00:00,24,,,310,79,60,54,321,,57,97,4,79
2019-07-15 11:00:00,51,,,110,87,74,74,9,,104,167,4,75
2019-07-15 12:00:00,63,,355,118,95,97,78,77,,101,137,4,70
2019-07-15 13:00:00,66,,355,101,86,86,99,82,,110,155,,55
2019-07-15 14:00:00,77,,355,104,89,102,143,92,,123,157,,75
2019-07-15 15:00:00,122,,353,104,90,98,132,72,,137,138,,77
2019-07-15 16:00:00,128,,346,108,83,100,140,78,,157,143,,83
2019-07-15 17:00:00,134,,344,123,96,94,173,136,,157,164,,85
2019-07-15 18:00:00,128,,344,107,102,107,123,103,,125,116,,77
2019-07-15 19:00:00,129,,344,127,99,98,148,97,,120,133,,72
2019-07-15 20:00:00,129,,,129,116,97,159,101,,176,138,,76
2019-07-15 21:00:00,122,,,128,103,97,158,94,,115,122,,100
2019-07-15 22:00:00,112,,,106,74,102,124,95,,125,120,,77
2019-07-15 23:00:00,88,,,100,73,94,114,96,,140,135,,62
2019-07-16 00:00:00,78,,,82,83,65,83,101,,128,140,,71
2019-07-16 01:00:00,49,,,67,90,41,80,151,,109,124,,64
2019-07-16 02:00:00,45,,,352,81,44,67,218,,84,112,,94
2019-07-16 03:00:00,34,,,62,129,71,66,228,,70,108,,102
2019-07-16 04:00:00,54,,,67,109,92,87,245,,73,66,,95
2019-07-16 05:00:00,59,,,143,107,105,108,223,,102,109,,101
2019-07-16 06:00:00,48,,,150,112,96,89,255,,119,114,,112
2019-07-16 07:00:00,58,,,176,39,93,81,226,,99,146,,113
2019-07-16 08:00:00,68,,343,187,101,78,78,286,,68,85,,83
2019-07-16 09:00:00,23,,344,249,97,56,72,304,,87,149,6,77
2019-07-16 10:00:00,342,,344,240,88,61,63,315,,60,151,5,86
2019-07-16 11:00:00,48,,344,113,83,82,82,320,,108,156,6,81
2019-07-16 12:00:00,53,,,126,88,86,79,318,,144,141,5,68
2019-07-16 13:00:00,66,,,99,99,78,91,75,,122,145,4,66
2019-07-16 14:00:00,83,,,97,100,82,108,89,,133,135,4,54
2019-07-16 15:00:00,119,,,98,90,101,134,93,,142,135,6,65
2019-07-16 16:00:00,122,,,112,85,101,142,102,,131,138,4,74
2019-07-16 17:00:00,122,,,106,80,90,131,104,,127,130,4,86
2019-07-16 18:00:00,114,,,106,96,106,139,96,,133,140,4,92
2019-07-16 19:00:00,114,,,115,106,103,155,94,,146,157,,90
2019-07-16 20:00:00,116,,345,117,105,115,158,102,,139,133,,86
2019-07-16 21:00:00,104,,344,104,99,88,117,85,,108,118,,77
2019-07-16 22:00:00,79,,344,99,73,98,118,85,,115,,5,67
2019-07-16 23:00:00,111,,344,99,81,95,123,100,,123,131,6,67
2019-07-17 00:00:00,118,,344,102,82,86,124,96,,125,132,5,66
2019-07-17 01:00:00,78,,344,101,79,80,128,105,,128,132,5,74
2019-07-17 02:00:00,58,,,95,90,70,106,116,,121,126,5,84
2019-07-17 03:00:00,60,,,88,96,79,87,110,,112,121,7,89
2019-07-17 04:00:00,84,,,92,100,97,114,111,,120,119,8,74
2019-07-17 05:00:00,73,,,98,107,80,127,117,,117,114,8,92
2019-07-17 06:00:00,43,,,99,102,77,105,159,,98,117,17,96
2019-07-17 07:00:00,71,,,111,102,88,111,218,,119,130,6,91
2019-07-17 08:00:00,29,,,140,96,77,76,260,,120,149,18,81
2019-07-17 09:00:00,47,,,85,81,76,77,310,,117,161,7,71
2019-07-17 10:00:00,67,,,110,67,45,72,315,,103,156,4,70
2019-07-17 11:00:00,21,,,158,85,75,65,320,,134,145,4,64
2019-07-17 12:00:00,68,,,115,94,100,79,11,,133,152,4,61
2019-07-17 13:00:00,41,,,107,91,100,121,76,,136,162,,56
2019-07-17 14:00:00,99,,,104,83,108,119,92,,143,166,15,59
2019-07-17 15:00:00,121,,,109,81,111,140,94,,148,145,16,70
2019-07-17 16:00:00,125,,,121,89,100,148,90,,137,142,12,65
2019-07-17 17:00:00,120,,343,109,92,107,138,94,,130,143,10,85
2019-07-17 18:00:00,108,,344,112,93,107,153,94,,143,158,7,81
2019-07-17 19:00:00,121,,344,127,104,123,170,105,,153,166,6,87
2019-07-17 20:00:00,123,,344,132,97,105,155,109,,157,157,6,72
2019-07-17 21:00:00,117,,,111,87,108,131,112,,147,150,5,70
2019-07-17 22:00:00,119,,,107,73,106,125,101,,140,152,7,90
2019-07-17 23:00:00,88,,343,103,82,109,124,103,,136,137,10,77
2019-07-18 00:00:00,112,,344,104,90,100,120,108,,127,135,7,66
2019-07-18 01:00:00,88,,344,98,,105,120,,,120,,14,69
2019-07-18 02:00:00,84,,344,94,104,106,109,123,,120,125,22,87
2019-07-18 03:00:00,76,,,107,92,99,101,144,,106,115,35,106
2019-07-18 04:00:00,49,,,99,105,61,87,211,,89,84,21,99
2019-07-18 05:00:00,38,,,44,119,77,76,216,,81,91,17,98
2019-07-18 06:00:00,21,,,24,130,71,78,228,,78,113,17,100
2019-07-18 07:00:00,2,,,262,54,59,70,245,,69,68,10,99
2019-07-18 08:00:00,6,,343,282,35,23,62,301,,54,101,3,221
2019-07-18 09:00:00,353,,344,250,133,27,66,310,,60,61,7,12
2019-07-18 10:00:00,10,,344,184,115,36,45,311,,20,46,4,63
2019-07-18 11:00:00,54,,344,138,106,86,63,334,,96,140,4,69
2019-07-18 12:00:00,63,,,121,100,88,93,82,,124,155,4,65
2019-07-18 13:00:00,61,,,111,90,105,78,78,,140,150,3,58
2019-07-18 14:00:00,46,,,110,93,90,96,89,,154,158,3,49
2019-07-18 15:00:00,94,,,109,93,99,117,108,,136,154,6,69
2019-07-18 16:00:00,129,,,109,93,120,139,98,,140,157,8,74
2019-07-18 17:00:00,118,,,107,82,116,139,104,,148,157,7,83
2019-07-18 18:00:00,115,,,107,90,124,142,96,,153,165,7,81
2019-07-18 19:00:00,108,,345,115,96,119,155,105,,157,166,6,87
2019-07-18 20:00:00,126,,345,126,98,123,169,111,,158,164,6,93
2019-07-18 21:00:00,119,,345,131,85,103,137,107,,148,152,6,70
2019-07-18 22:00:00,126,,,123,80,93,118,105,,119,125,,70
2019-07-18 23:00:00,125,,344,102,75,91,114,106,,133,134,5,67
2019-07-19 00:00:00,129,,344,104,80,111,126,100,,147,151,5,81
2019-07-19 01:00:00,102,,345,105,88,111,124,126,,135,150,6,69
2019-07-19 02:00:00,35,,345,105,96,108,122,129,,128,139,14,110
2019-07-19 03:00:00,14,,345,103,106,99,108,143,,126,138,36,113
2019-07-19 04:00:00,38,,344,86,107,98,85,230,,116,123,19,117
2019-07-19 05:00:00,47,,344,69,126,84,90,216,,94,119,14,104
2019-07-19 06:00:00,59,,344,150,95,73,85,221,,39,95,8,111
2019-07-19 07:00:00,29,,,177,113,65,75,253,,56,29,3,151
2019-07-19 08:00:00,19,,,252,98,59,28,303,,46,48,3,258
2019-07-19 09:00:00,38,,,222,125,28,68,298,,43,47,3,14
2019-07-19 10:00:00,61,,,105,86,73,46,332,,285,113,11,77
2019-07-19 11:00:00,46,,,133,100,79,68,341,,135,145,4,73
2019-07-19 12:00:00,55,,,109,96,100,83,68,,114,152,3,69
2019-07-19 13:00:00,52,,355,103,93,97,96,80,,125,155,3,59
2019-07-19 14:00:00,65,,355,107,94,79,101,67,,139,143,4,47
2019-07-19 15:00:00,88,,355,100,93,100,123,89,,136,159,6,50
2019-07-19 16:00:00,123,,,115,88,107,142,99,,137,141,5,82
2019-07-19 17:00:00,123,,354,107,92,116,138,90,,144,154,5,85
2019-07-19 18:00:00,110,,354,111,90,113,141,101,,146,165,5,84
2019-07-19 19:00:00,130,,354,119,98,118,154,111,,167,179,4,78
2019-07-19 20:00:00,118,,355,142,96,113,145,96,,159,,4,68
2019-07-19 21:00:00,118,,355,123,86,105,120,100,,145,,5,68
2019-07-19 22:00:00,126,,355,124,81,104,142,101,,131,,7,72
2019-07-19 23:00:00,119,,,105,76,93,121,93,,129,,7,67
2019-07-20 00:00:00,118,,,101,83,100,105,121,,129,148,5,71
2019-07-20 01:00:00,81,,,106,95,102,124,114,,131,145,7,67
2019-07-20 02:00:00,80,,,98,93,117,123,142,,135,135,7,81
2019-07-20 03:00:00,43,,,103,114,114,105,127,,141,142,17,107
2019-07-20 04:00:00,80,,354,92,122,115,106,158,,126,154,5,114
2019-07-20 05:00:00,51,,354,100,108,99,100,212,,104,108,4,94
2019-07-20 06:00:00,46,,354,117,97,87,96,215,,98,110,3,94
2019-07-20 07:00:00,56,,,157,114,80,93,236,,57,118,4,112
2019-07-20 08:00:00,35,,,249,112,42,72,299,,49,111,3,247
2019-07-20 09:00:00,10,,355,307,82,13,28,304,,13,23,4,36
2019-07-20 10:00:00,359,,355,280,123,49,46,299,,23,81,6,92
2019-07-20 11:00:00,42,,355,72,104,62,80,321,,84,163,4,73
2019-07-20 12:00:00,62,,,98,99,83,107,321,,126,156,3,68
2019-07-20 13:00:00,64,,,118,96,85,94,44,,127,156,3,75
2019-07-20 14:00:00,43,,354,108,95,110,126,52,,157,145,3,60
2019-07-20 15:00:00,68,,354,103,93,113,132,80,,129,152,5,49
2019-07-20 16:00:00,119,,355,107,91,96,139,87,,120,142,7,68
2019-07-20 17:00:00,120,,355,109,100,98,134,98,,120,139,4,77
2019-07-20 18:00:00,126,,355,109,86,100,132,95,,125,148,4,76
2019-07-20 19:00:00,113,,354,109,88,96,132,91,,144,160,4,80
2019-07-20 20:00:00,123,,354,114,95,114,145,106,,147,138,,93
2019-07-20 21:00:00,107,,354,116,96,95,131,92,,109,116,,92
2019-07-20 22:00:00,81,,,101,75,99,112,87,,115,124,,63
2019-07-20 23:00:00,93,,,100,74,90,116,96,,124,143,,69
2019-07-21 00:00:00,121,,,102,86,106,126,94,,131,146,,72
2019-07-21 01:00:00,58,,,106,98,104,118,118,,131,142,7,85
2019-07-21 02:00:00,25,,,99,107,109,105,134,,143,147,51,91
2019-07-21 03:00:00,328,,,80,133,107,73,219,,140,138,13,154
2019-07-21 04:00:00,346,,,139,161,58,88,222,,97,124,3,139
2019-07-21 05:00:00,23,,,187,147,300,82,230,,95,112,19,119
2019-07-21 06:00:00,356,,,254,75,300,62,270,,44,93,4,161
2019-07-21 07:00:00,346,,,281,22,293,37,286,,22,23,3,213
2019-07-21 08:00:00,302,,,322,83,31,23,295,,30,36,3,281
2019-07-21 09:00:00,352,,,343,92,30,29,311,,13,22,6,290
2019-07-21 10:00:00,21,,,97,127,15,58,306,,325,67,4,66
2019-07-21 11:00:00,69,,,138,115,83,68,317,,34,97,5,69
2019-07-21 12:00:00,56,,,146,97,75,74,315,,25,182,6,74
2019-07-21 13:00:00,79,,,124,90,88,79,327,,1,116,5,63
2019-07-21 14:00:00,75,,,110,96,108,90,58,,116,100,4,65
2019-07-21 15:00:00,67,,,105,92,103,111,54,,85,82,6,58
2019-07-21 16:00:00,79,,,111,97,77,98,94,,113,127,9,69
2019-07-21 17:00:00,80,,,98,98,92,93,87,,120,158,6,65
2019-07-21 18:00:00,86,,,110,96,101,136,80,,149,155,6,79
2019-07-21 19:00:00,118,,,124,101,124,160,91,,131,113,6,97
2019-07-21 20:00:00,89,,,104,96,95,117,68,,96,99,,93
2019-07-21 21:00:00,78,,,99,83,95,107,66,,106,110,8,70
2019-07-21 22:00:00,73,,,93,80,87,105,64,,113,122,5,61
2019-07-21 23:00:00,76,,,99,75,98,118,82,,118,121,4,65
2019-07-22 00:00:00,103,,,106,71,91,125,90,,136,144,4,68
2019-07-22 01:00:00,79,,,101,72,89,117,106,,120,126,7,78
2019-07-22 02:00:00,46,,,94,93,78,105,129,,115,118,20,89
2019-07-22 03:00:00,52,,,69,96,80,75,185,,80,102,8,84
2019-07-22 04:00:00,51,,,63,94,84,85,194,,90,102,28,89
2019-07-22 05:00:00,54,,,82,97,100,97,268,,100,98,8,93
2019-07-22 06:00:00,62,,,72,105,105,92,266,,101,81,9,90
2019-07-22 07:00:00,65,,355,97,94,96,107,202,,123,114,11,87
2019-07-22 08:00:00,68,,354,98,105,97,79,268,,121,132,4,85
2019-07-22 09:00:00,12,,354,145,90,55,79,310,,4,322,5,75
2019-07-22 10:00:00,25,,354,318,61,65,66,314,,44,63,4,55
2019-07-22 11:00:00,45,,,82,101,75,69,316,,92,152,5,72
2019-07-22 12:00:00,61,,,108,94,92,99,50,,126,128,4,65
2019-07-22 13:00:00,67,,,111,100,91,105,61,,124,150,4,50
2019-07-22 14:00:00,64,,,108,88,96,121,50,,134,152,4,52
2019-07-22 15:00:00,71,,,119,79,95,119,79,,110,81,,48
2019-07-22 16:00:00,72,,,99,82,58,115,57,,107,86,7,66
2019-07-22 17:00:00,88,,,78,82,71,89,61,,106,91,4,71
2019-07-22 18:00:00,107,,,49,76,47,115,112,,120,144,,47
2019-07-22 19:00:00,127,,355,119,83,86,204,112,,153,172,,349
2019-07-22 20:00:00,107,,355,117,108,101,140,169,,110,127,12,83
2019-07-22 21:00:00,69,,355,97,78,111,106,112,,103,94,4,66
2019-07-22 22:00:00,67,,,101,84,91,95,114,,152,140,8,72
2019-07-22 23:00:00,102,,,98,95,78,90,115,,157,154,5,66
2019-07-23 00:00:00,48,,354,108,98,67,84,125,,98,93,13,71
2019-07-23 01:00:00,42,,355,95,102,34,84,136,,137,126,42,84
2019-07-23 02:00:00,,,354,183,106,15,62,214,,95,136,79,83
2019-07-23 03:00:00,,,354,260,131,57,74,228,,59,19,40,104
2019-07-23 04:00:00,,,354,238,99,74,78,235,,96,167,17,93
2019-07-23 05:00:00,,,,265,26,44,44,233,,49,59,46,141
2019-07-23 06:00:00,,,,262,352,296,4,226,,34,17,14,157
2019-07-23 07:00:00,,,355,291,339,332,350,221,,29,15,3,194
2019-07-23 08:00:00,,,354,275,36,314,335,276,,13,7,4,217
2019-07-23 09:00:00,,,354,321,104,332,355,310,,8,32,4,260
2019-07-23 10:00:00,,,354,184,130,49,38,318,,26,43,7,75
2019-07-23 11:00:00,34,,,166,102,81,60,321,,54,35,7,80
2019-07-23 12:00:00,52,,,90,105,100,74,315,,115,108,8,64
2019-07-23 13:00:00,53,,,75,95,69,69,75,,58,47,5,61
2019-07-23 14:00:00,63,,,55,53,334,71,80,,36,24,5,49
2019-07-23 15:00:00,102,,,123,96,155,81,110,,40,119,22,92
2019-07-23 16:00:00,144,,,142,92,104,172,99,,168,203,124,121
2019-07-23 17:00:00,,,355,64,100,38,62,102,,200,217,47,70
2019-07-23 18:00:00,,,355,135,82,57,272,325,,327,333,29,70
2019-07-23 19:00:00,,,354,230,118,231,238,295,,51,,28,119
2019-07-23 20:00:00,,,354,122,145,89,167,114,,180,290,24,45
2019-07-23 21:00:00,,,354,126,114,116,199,127,,218,233,29,52
2019-07-23 22:00:00,,,,18,66,337,235,116,,292,4,108,246
2019-07-23 23:00:00,,,,329,110,15,183,211,,27,36,29,182
2019-07-24 00:00:00,,,,147,57,15,95,169,,57,8,91,131
2019-07-24 01:00:00,,,,252,103,340,71,144,,305,267,6,110
2019-07-24 02:00:00,,,,158,75,75,72,91,,253,285,5,92
2019-07-24 03:00:00,,,,112,72,44,328,190,,301,3,4,331
2019-07-24 04:00:00,,,,274,309,299,30,245,,46,28,5,56
2019-07-24 05:00:00,,,,303,286,349,35,204,,351,330,4,
2019-07-24 06:00:00,,,,,293,52,44,230,,327,354,36,136
2019-07-24 07:00:00,,,,304,302,64,41,272,,328,343,6,110
2019-07-24 08:00:00,,,,11,31,18,35,276,,336,11,7,90
2019-07-24 09:00:00,238,,,38,96,322,33,284,,340,6,9,93
2019-07-24 10:00:00,191,,,245,121,245,321,272,,11,12,15,115
2019-07-24 11:00:00,200,,,109,134,133,247,283,,271,308,10,110
2019-07-24 12:00:00,201,,,108,124,97,226,98,,216,253,6,317
2019-07-24 13:00:00,153,,,116,129,110,200,105,,207,225,23,316
2019-07-24 14:00:00,135,,,132,96,125,199,99,,195,223,39,334
2019-07-24 15:00:00,99,,356,139,95,139,205,90,,190,192,14,52
2019-07-24 16:00:00,98,,354,185,96,116,188,96,,174,156,5,67
2019-07-24 17:00:00,105,,354,128,87,131,144,101,,172,158,4,72
2019-07-24 18:00:00,129,,355,124,95,133,172,97,,190,168,4,88
2019-07-24 19:00:00,116,,354,125,90,144,197,106,,185,180,3,84
2019-07-24 20:00:00,122,,354,121,79,142,200,122,,191,191,5,86
2019-07-24 21:00:00,109,,354,112,67,134,199,180,,222,178,7,88
2019-07-24 22:00:00,178,,,106,99,116,210,184,,183,277,3,123
2019-07-24 23:00:00,132,,355,112,93,342,171,187,,226,354,3,175
2019-07-25 00:00:00,119,,354,221,16,349,41,112,,76,104,14,151
2019-07-25 01:00:00,50,,354,122,102,88,89,128,,158,146,13,114
2019-07-25 02:00:00,318,,354,107,122,87,64,106,,146,171,33,110
2019-07-25 03:00:00,24,,,78,145,99,88,124,,112,114,23,102
2019-07-25 04:00:00,344,,,96,125,61,71,179,,81,63,100,121
2019-07-25 05:00:00,73,,,132,140,80,67,239,,48,20,42,104
2019-07-25 06:00:00,177,,,149,108,104,119,232,,29,305,38,116
2019-07-25 07:00:00,177,,,156,49,30,76,211,,69,311,17,185
2019-07-25 08:00:00,336,,,294,69,47,68,119,,25,14,11,83
2019-07-25 09:00:00,334,,,350,71,57,324,310,,24,314,6,49
2019-07-25 10:00:00,25,,,81,62,84,63,319,,39,19,11,72
2019-07-25 11:00:00,70,,,139,66,87,68,342,,78,93,4,75
2019-07-25 12:00:00,23,,,78,105,65,62,22,,90,64,6,65
2019-07-25 13:00:00,60,,,46,108,28,47,346,,30,68,7,78
2019-07-25 14:00:00,32,,,345,111,63,53,148,,347,63,5,84
2019-07-25 15:00:00,62,,,86,106,57,78,136,,299,95,4,65
2019-07-25 16:00:00,91,,,99,98,49,80,137,,61,116,6,83
2019-07-25 17:00:00,38,,,112,100,62,58,133,,123,76,7,58
2019-07-25 18:00:00,82,,355,101,85,72,60,86,,113,81,4,59
2019-07-25 19:00:00,93,,354,103,78,79,135,105,,101,101,4,93
2019-07-25 20:00:00,124,,354,111,101,99,133,115,,133,130,4,97
2019-07-25 21:00:00,111,,355,115,102,100,135,107,,161,139,3,71
2019-07-25 22:00:00,122,,355,109,90,108,131,108,,154,131,3,66
2019-07-25 23:00:00,97,,355,103,77,109,135,102,,167,167,3,64
2019-07-26 00:00:00,108,,,110,74,116,134,98,,167,158,,57
2019-07-26 01:00:00,111,,,109,73,109,126,101,,131,155,,56
2019-07-26 02:00:00,110,,354,105,73,110,124,127,,136,117,4,61
2019-07-26 03:00:00,103,,354,112,81,123,152,113,,111,74,15,61
2019-07-26 04:00:00,65,,354,153,98,41,117,174,,43,34,14,138
2019-07-26 05:00:00,73,,,283,159,33,47,213,,34,31,7,192
2019-07-26 06:00:00,48,,,243,79,64,40,222,,345,343,5,164
2019-07-26 07:00:00,32,,,250,92,71,40,208,,27,297,9,131
2019-07-26 08:00:00,41,,,346,106,45,47,250,,74,213,4,94
2019-07-26 09:00:00,22,,,64,96,43,47,317,,115,155,5,94
2019-07-26 10:00:00,41,,,118,96,80,68,10,,118,161,6,66
2019-07-26 11:00:00,52,,,91,96,87,106,63,,131,151,4,49
2019-07-26 12:00:00,50,,,101,85,100,110,72,,128,151,4,49
2019-07-26 13:00:00,83,,,102,87,92,111,73,,126,151,3,65
2019-07-26 14:00:00,92,,,98,95,89,124,81,,133,159,3,68
2019-07-26 15:00:00,79,,,98,83,83,119,73,,143,130,3,73
2019-07-26 16:00:00,81,,,103,96,99,143,72,,115,152,4,77
2019-07-26 17:00:00,81,,,93,93,94,119,75,,125,156,4,87
2019-07-26 18:00:00,118,,,108,87,102,158,125,,141,129,4,88
2019-07-26 19:00:00,119,,355,124,99,97,148,129,,107,105,,94
2019-07-26 20:00:00,87,,355,103,99,93,117,76,,110,114,,84
2019-07-26 21:00:00,92,,355,100,87,98,123,90,,131,145,,81
2019-07-26 22:00:00,104,,,104,88,104,128,89,,123,125,3,76
2019-07-26 23:00:00,89,,,102,87,96,119,80,,114,124,3,66
2019-07-27 00:00:00,89,,,103,84,97,118,85,,120,125,3,60
2019-07-27 01:00:00,87,,,107,84,99,117,93,,122,127,,67
2019-07-27 02:00:00,73,,354,106,83,98,112,102,,110,118,4,57
2019-07-27 03:00:00,52,,354,123,88,82,95,136,,73,52,5,80
2019-07-27 04:00:00,25,,354,168,101,46,66,137,,94,52,15,105
2019-07-27 05:00:00,17,,,295,105,41,67,164,,75,83,6,113
2019-07-27 06:00:00,59,,,248,60,43,63,241,,23,50,8,92
2019-07-27 07:00:00,23,,,269,39,51,45,242,,47,116,9,70
2019-07-27 08:00:00,97,,355,293,46,50,47,299,,139,107,9,62
2019-07-27 09:00:00,360,,355,290,111,32,39,310,,79,92,4,53
2019-07-27 10:00:00,38,,355,189,115,74,71,321,,109,124,6,83
2019-07-27 11:00:00,59,,,110,105,68,60,37,,122,150,9,72
2019-07-27 12:00:00,59,,,94,108,74,89,74,,138,150,5,62
2019-07-27 13:00:00,65,,,98,92,94,104,75,,127,141,4,54
2019-07-27 14:00:00,115,,,106,93,100,123,105,,145,147,4,76
2019-07-27 15:00:00,130,,,108,91,105,122,118,,138,143,7,72
2019-07-27 16:00:00,117,,,107,89,104,126,101,,141,142,4,67
2019-07-27 17:00:00,131,,,111,89,111,156,118,,153,161,4,76
2019-07-27 18:00:00,121,,354,117,93,118,148,105,,151,157,4,75
2019-07-27 19:00:00,127,,354,120,98,120,146,110,,169,166,,76
2019-07-27 20:00:00,128,,354,112,104,115,132,104,,158,158,,75
2019-07-27 21:00:00,120,,,109,97,102,123,115,,129,127,5,71
2019-07-27 22:00:00,115,,,99,84,91,106,108,,126,129,6,68
2019-07-27 23:00:00,115,,,105,74,102,122,100,,126,138,5,70
2019-07-28 00:00:00,122,,,97,73,108,111,117,,126,136,5,73
2019-07-28 01:00:00,52,,360,96,97,109,117,136,,131,142,16,68
2019-07-28 02:00:00,70,,354,105,102,116,122,132,,127,137,29,89
2019-07-28 03:00:00,24,,354,103,102,109,98,220,,117,130,21,94
2019-07-28 04:00:00,39,,354,95,92,96,91,204,,113,128,17,111
2019-07-28 05:00:00,359,,,68,106,81,79,216,,91,113,30,111
2019-07-28 06:00:00,37,,,119,121,55,74,261,,63,101,14,115
2019-07-28 07:00:00,72,,,167,115,76,81,272,,85,77,6,93
2019-07-28 08:00:00,67,,,146,105,90,91,261,,94,73,9,88
2019-07-28 09:00:00,57,,,167,113,104,72,308,,99,145,6,60
2019-07-28 10:00:00,26,,,154,92,78,62,319,,83,157,4,51
2019-07-28 11:00:00,26,,,78,94,92,78,309,,23,191,9,69
2019-07-28 12:00:00,42,,,146,93,97,73,330,,127,136,5,70
2019-07-28 13:00:00,70,,,140,91,97,76,320,,175,160,4,67
2019-07-28 14:00:00,70,,,100,98,91,81,88,,119,153,3,64
2019-07-28 15:00:00,67,,,102,93,103,126,94,,119,161,11,50
2019-07-28 16:00:00,119,,,96,90,103,127,101,,117,138,12,84
2019-07-28 17:00:00,129,,,109,100,102,139,98,,138,148,7,82
2019-07-28 18:00:00,127,,,135,96,124,159,96,,143,155,7,89
2019-07-28 19:00:00,128,,,138,91,117,155,88,,154,158,7,88
2019-07-28 20:00:00,130,,,131,91,119,138,109,,151,156,6,81
2019-07-28 21:00:00,123,,,124,84,110,131,101,,144,151,4,62
2019-07-28 22:00:00,84,,,101,83,116,127,120,,135,139,5,69
2019-07-28 23:00:00,75,,,94,89,104,113,134,,117,124,5,87
2019-07-29 00:00:00,61,,,123,123,90,95,160,,104,116,15,93
2019-07-29 01:00:00,56,,,112,104,98,89,220,,122,128,30,100
2019-07-29 02:00:00,51,,,121,124,100,99,181,,120,138,21,103
2019-07-29 03:00:00,17,,,102,111,97,84,207,,121,134,18,108
2019-07-29 04:00:00,15,,,92,114,87,83,355,,116,119,10,101
2019-07-29 05:00:00,32,,,31,126,74,84,275,,115,125,26,104
2019-07-29 06:00:00,67,,,299,122,61,83,281,,115,123,5,98
2019-07-29 07:00:00,78,,355,205,119,55,78,253,,116,126,14,108
2019-07-29 08:00:00,70,,354,248,99,58,78,232,,116,138,15,92
2019-07-29 09:00:00,75,,354,113,106,56,58,298,,85,138,3,86
2019-07-29 10:00:00,68,,354,207,100,71,77,325,,104,171,4,77
2019-07-29 11:00:00,35,,,100,97,58,67,28,,204,198,4,64
2019-07-29 12:00:00,350,,,116,91,35,32,342,,132,153,5,76
2019-07-29 13:00:00,6,,,150,94,104,49,357,,96,183,6,75
2019-07-29 14:00:00,56,,,117,95,88,90,77,,110,184,3,61
2019-07-29 15:00:00,56,,,96,101,94,87,93,,122,148,4,57
2019-07-29 16:00:00,96,,,96,98,94,110,107,,152,147,5,46
2019-07-29 17:00:00,134,,,101,98,107,128,111,,142,134,9,68
2019-07-29 18:00:00,117,,355,101,79,119,130,114,,133,146,8,78
2019-07-29 19:00:00,116,,355,112,86,112,144,107,,146,157,7,83
2019-07-29 20:00:00,125,,355,115,94,117,146,113,,153,162,6,92
2019-07-29 21:00:00,122,,,136,92,114,180,107,,150,156,4,64
2019-07-29 22:00:00,118,,,118,74,100,142,111,,134,137,5,57
2019-07-29 23:00:00,136,,,107,82,94,118,105,,112,113,5,64
2019-07-30 00:00:00,116,,,103,77,93,104,104,,112,120,4,69
2019-07-30 01:00:00,82,,,99,82,99,111,111,,115,126,5,62
2019-07-30 02:00:00,57,,,98,90,87,110,133,,126,136,8,78
2019-07-30 03:00:00,75,,,97,102,78,113,139,,119,132,77,82
2019-07-30 04:00:00,49,,354,100,98,60,94,154,,105,117,25,94
2019-07-30 05:00:00,24,,354,58,116,57,71,220,,77,116,13,105
2019-07-30 06:00:00,30,,355,175,133,84,81,211,,74,117,15,106
2019-07-30 07:00:00,56,,355,127,127,82,89,213,,81,91,8,99
2019-07-30 08:00:00,54,,354,86,111,97,75,260,,85,66,6,84
2019-07-30 09:00:00,17,,354,145,114,79,65,296,,76,119,10,84
2019-07-30 10:00:00,12,,354,313,100,71,36,313,,67,147,5,59
2019-07-30 11:00:00,352,,,207,115,36,81,308,,5,87,4,72
2019-07-30 12:00:00,31,,355,127,106,67,73,321,,33,118,3,68
2019-07-30 13:00:00,39,,355,100,100,78,85,326,,88,140,4,66
2019-07-30 14:00:00,67,,354,172,98,81,93,100,,107,141,3,51
2019-07-30 15:00:00,50,,355,114,99,105,132,66,,214,122,6,48
2019-07-30 16:00:00,24,,355,88,103,85,83,54,,109,149,9,46
2019-07-30 17:00:00,89,,354,100,96,98,133,85,,123,148,9,83
2019-07-30 18:00:00,126,,354,112,85,104,152,116,,132,148,8,94
2019-07-30 19:00:00,114,,355,109,88,106,136,101,,138,157,7,81
2019-07-30 20:00:00,114,,355,111,98,107,134,112,,148,153,7,93
2019-07-30 21:00:00,128,,355,123,96,112,155,103,,148,130,6,96
2019-07-30 22:00:00,101,,,115,78,98,132,99,,118,120,5,62
2019-07-30 23:00:00,86,,,104,75,94,119,109,,115,118,4,70
2019-07-31 00:00:00,77,,,103,82,88,104,105,,111,121,7,77
2019-07-31 01:00:00,48,,,111,96,104,,119,,121,135,10,95
2019-07-31 02:00:00,40,,,116,101,83,,133,,103,113,10,112
2019-07-31 03:00:00,54,,,42,126,89,,224,,89,108,16,106
2019-07-31 04:00:00,24,,,251,76,65,,252,,71,83,8,111
2019-07-31 05:00:00,69,,,233,73,67,,255,,75,64,4,97
2019-07-31 06:00:00,50,,,237,117,45,66,256,,99,69,7,124
2019-07-31 07:00:00,23,,354,230,67,42,72,245,,85,88,4,144
2019-07-31 08:00:00,55,,354,205,74,49,72,285,,135,138,6,78
2019-07-31 09:00:00,4,,354,61,87,39,,309,,349,86,14,48
2019-07-31 10:00:00,56,,,317,94,25,,313,,348,55,7,82
2019-07-31 11:00:00,29,,,310,142,64,,320,,26,88,7,85
2019-07-31 12:00:00,54,,355,18,102,96,,348,,135,91,6,74
2019-07-31 13:00:00,64,,355,99,93,85,,62,,118,157,5,66
2019-07-31 14:00:00,59,,355,94,89,87,101,73,,116,146,4,55
2019-07-31 15:00:00,78,,,94,87,89,124,80,,119,126,4,64
2019-07-31 16:00:00,83,,,95,89,105,119,93,,131,124,9,73
2019-07-31 17:00:00,112,,354,105,90,99,120,90,,140,148,5,80
2019-07-31 18:00:00,122,,354,104,90,98,127,86,,145,146,5,75
2019-07-31 19:00:00,117,,355,116,94,88,129,107,,111,133,6,93
2019-07-31 20:00:00,127,,355,94,102,86,122,125,,106,92,6,106
2019-07-31 21:00:00,117,,355,106,88,101,132,107,,115,122,4,105
2019-07-31 22:00:00,120,,,106,85,107,137,104,,127,131,4,78
2019-07-31 23:00:00,91,,,103,76,99,128,103,,126,131,4,57
2019-08-01 00:00:00,,,,,,,,,,,,,
2019-08-01 01:00:00,85,,,105,72,96,113,91,,121,114,,61
2019-08-01 02:00:00,68,,,102,79,86,106,99,,107,111,,63
2019-08-01 03:00:00,43,,,131,91,77,66,134,,123,121,,78
2019-08-01 04:00:00,24,,,85,110,76,54,172,,154,134,,86
2019-08-01 05:00:00,17,,,275,81,70,55,218,,196,124,,98
2019-08-01 06:00:00,4,,,270,21,36,77,228,,42,36,,93
2019-08-01 07:00:00,20,,,280,23,37,82,239,,108,97,,169
2019-08-01 08:00:00,345,,,285,32,67,195,291,,78,203,,246
2019-08-01 09:00:00,303,,,309,300,357,356,313,,6,11,,282
2019-08-01 10:00:00,350,,,350,32,354,36,314,,3,27,,75
2019-08-01 11:00:00,38,,,357,94,82,63,323,,59,99,,78
2019-08-01 12:00:00,61,,,108,100,88,74,42,,113,128,,59
2019-08-01 13:00:00,70,,,105,83,97,101,66,,104,122,,55
2019-08-01 14:00:00,67,,,95,85,88,115,80,,143,140,,54
2019-08-01 15:00:00,55,,,123,93,99,106,84,,113,108,,41
2019-08-01 16:00:00,71,,,111,94,91,132,77,,121,112,,48
2019-08-01 17:00:00,74,,,108,96,91,117,71,,103,78,,80
2019-08-01 18:00:00,81,,,107,101,85,106,89,,96,82,,96
2019-08-01 19:00:00,90,,,103,97,92,117,70,,100,100,,90
2019-08-01 20:00:00,95,,,106,98,90,120,92,,103,100,,101
2019-08-01 21:00:00,103,,,103,102,90,122,115,,103,119,,108
2019-08-01 22:00:00,91,,,103,85,101,127,86,,127,139,,77
2019-08-01 23:00:00,96,,,109,84,105,129,82,,139,135,,65
2019-08-02 00:00:00,105,,,107,80,103,120,107,,117,113,,63
2019-08-02 01:00:00,77,,,98,82,90,98,84,,104,100,,65
2019-08-02 02:00:00,52,,,86,81,98,89,102,,123,122,,76
2019-08-02 03:00:00,33,,,87,107,90,77,151,,165,134,,82
2019-08-02 04:00:00,18,,,156,99,98,76,179,,189,208,,91
2019-08-02 05:00:00,288,,,287,27,40,48,210,,75,43,,154
2019-08-02 06:00:00,25,,,278,20,48,55,223,,32,53,,128
2019-08-02 07:00:00,359,,,263,95,346,42,234,,25,48,,136
2019-08-02 08:00:00,346,,,290,43,343,343,282,,22,342,,257
2019-08-02 09:00:00,359,,,319,305,328,6,310,,15,42,,295
2019-08-02 10:00:00,1,,,359,150,43,11,321,,12,40,,83
2019-08-02 11:00:00,35,,,138,81,87,60,78,,75,107,,61
2019-08-02 12:00:00,50,,,120,105,85,83,69,,121,92,,56
2019-08-02 13:00:00,64,,,112,97,99,88,81,,75,89,,69
2019-08-02 14:00:00,80,,,107,98,109,107,67,,129,84,,48
2019-08-02 15:00:00,74,,,128,89,88,98,74,,125,68,,72
2019-08-02 16:00:00,72,,,117,88,80,105,65,,114,80,,63
2019-08-02 17:00:00,71,,,100,81,89,112,71,,119,101,,63
2019-08-02 18:00:00,83,,,102,93,85,129,76,,105,94,,86
2019-08-02 19:00:00,84,,,106,92,84,126,73,,100,81,,91
2019-08-02 20:00:00,87,,,99,94,89,117,78,,95,87,,103
2019-08-02 21:00:00,113,,,104,91,94,126,114,,102,100,,96
2019-08-02 22:00:00,,,,101,97,97,125,87,,127,127,,82
2019-08-02 23:00:00,108,,,107,75,114,138,91,,133,136,,66
2019-08-03 00:00:00,93,,,106,80,108,119,97,,122,136,,60
2019-08-03 01:00:00,83,,,99,87,103,115,109,,119,114,,69
2019-08-03 02:00:00,45,,,104,89,87,111,123,,125,122,,65
2019-08-03 03:00:00,32,,,132,90,92,78,143,,113,133,,93
2019-08-03 04:00:00,47,,,139,80,96,72,190,,111,159,,109
2019-08-03 05:00:00,342,,,270,19,17,40,215,,32,31,,107
2019-08-03 06:00:00,278,,,287,352,298,25,226,,23,4,,188
2019-08-03 07:00:00,280,,,279,,302,15,237,,26,356,,228
2019-08-03 08:00:00,319,,,313,1,357,21,262,,21,359,,238
2019-08-03 09:00:00,39,,,6,212,330,318,323,,1,19,,279
2019-08-03 10:00:00,308,,,339,123,83,19,313,,9,55,,67
2019-08-03 11:00:00,42,,,88,95,97,62,51,,78,92,,73
2019-08-03 12:00:00,74,,,99,104,82,87,26,,90,119,,65
2019-08-03 13:00:00,82,,,117,107,105,93,63,,121,119,,72
2019-08-03 14:00:00,59,,,120,102,113,90,40,,96,97,,55
2019-08-03 15:00:00,72,,,107,94,94,140,73,,78,63,,54
2019-08-03 16:00:00,77,,,106,100,88,117,66,,73,89,,57
2019-08-03 17:00:00,68,,,109,96,96,116,78,,90,91,,62
2019-08-03 18:00:00,78,,,101,90,97,114,96,,106,83,,70
2019-08-03 19:00:00,92,,,103,95,93,117,99,,95,106,,103
2019-08-03 20:00:00,96,,,102,94,88,118,119,,96,102,,107
2019-08-03 21:00:00,105,,,102,91,94,126,114,,107,117,,103
2019-08-03 22:00:00,109,,,105,79,102,134,102,,152,140,,76
2019-08-03 23:00:00,102,,,106,73,108,123,108,,129,129,,63
2019-08-04 00:00:00,89,,,101,76,110,118,100,,118,123,,61
2019-08-04 01:00:00,85,,,97,91,102,113,112,,116,122,,60
2019-08-04 02:00:00,46,,,100,102,87,94,143,,122,127,,86
2019-08-04 03:00:00,359,,,169,132,81,76,209,,110,113,,108
2019-08-04 04:00:00,41,,,186,84,77,71,219,,43,73,,96
2019-08-04 05:00:00,53,,,219,83,32,70,226,,74,82,,91
2019-08-04 06:00:00,70,,,255,70,61,78,261,,88,94,,87
2019-08-04 07:00:00,56,,,276,98,72,82,254,,118,121,,83
2019-08-04 08:00:00,65,,,243,98,81,,296,,117,107,,87
2019-08-04 09:00:00,23,,,166,93,36,,309,,95,82,,80
2019-08-04 10:00:00,6,,,69,85,65,,323,,38,106,,79
2019-08-04 11:00:00,51,,,55,85,76,,24,,98,93,,75
2019-08-04 12:00:00,65,,,112,109,96,,28,,129,126,,62
2019-08-04 13:00:00,70,,,128,109,82,,63,,85,120,,70
2019-08-04 14:00:00,65,,,105,107,83,,58,,69,60,,59
2019-08-04 15:00:00,65,,,90,102,79,,7,,85,102,,36
2019-08-04 16:00:00,52,,,71,102,44,,23,,18,97,,39
2019-08-04 17:00:00,40,,,48,100,72,,81,,88,92,,42
2019-08-04 18:00:00,63,,,76,85,64,,34,,89,99,,54
2019-08-04 19:00:00,79,,,79,85,65,,84,,91,72,,68
2019-08-04 20:00:00,80,,,90,73,86,,74,,107,107,,86
2019-08-04 21:00:00,101,,,104,89,93,,124,,130,113,,111
2019-08-04 22:00:00,123,,,115,90,97,,111,,145,132,,107
2019-08-04 23:00:00,115,,,102,80,110,,91,,137,137,,70
2019-08-05 00:00:00,94,,,104,70,107,,102,,122,130,,59
2019-08-05 01:00:00,69,,,103,84,97,,102,,107,117,,65
2019-08-05 02:00:00,45,,,91,81,92,,110,,114,116,,70
2019-08-05 03:00:00,23,,,116,106,85,,167,,94,114,,83
2019-08-05 04:00:00,51,,,266,113,67,,219,,75,108,,98
2019-08-05 05:00:00,31,,,273,83,45,,226,,64,69,,101
2019-08-05 06:00:00,31,,,292,34,16,,234,,99,116,,96
2019-08-05 07:00:00,8,,,277,43,312,,239,,102,102,,203
2019-08-05 08:00:00,9,,,317,122,34,,275,,134,110,,248
2019-08-05 09:00:00,335,,,309,56,322,32,315,,359,28,,282
2019-08-05 10:00:00,15,,,26,115,52,44,325,,65,100,,71
2019-08-05 11:00:00,49,,,171,101,101,71,49,,104,142,,68
2019-08-05 12:00:00,70,,,119,107,100,83,58,,99,106,,62
2019-08-05 13:00:00,43,,,112,100,104,85,77,,89,127,,60
2019-08-05 14:00:00,63,,,134,101,97,68,85,,149,96,,53
2019-08-05 15:00:00,40,,,77,98,51,70,49,,57,83,,53
2019-08-05 16:00:00,23,,,58,89,54,66,37,,31,79,,33
2019-08-05 17:00:00,49,,,73,105,87,75,38,,41,82,,45
2019-08-05 18:00:00,69,,,107,112,78,107,85,,79,90,,63
2019-08-05 19:00:00,81,,,93,100,87,101,104,,88,74,,76
2019-08-05 20:00:00,99,,,99,88,86,118,94,,98,87,,96
2019-08-05 21:00:00,91,,,103,99,93,118,101,,104,113,,112
2019-08-05 22:00:00,103,,,98,94,96,121,74,,125,130,,81
2019-08-05 23:00:00,79,,,104,77,93,119,70,,120,124,,58
2019-08-06 00:00:00,102,,,107,79,97,116,81,,115,117,,62
2019-08-06 01:00:00,95,,,103,85,91,109,94,,114,126,,64
2019-08-06 02:00:00,46,,,86,87,76,93,128,,110,124,,67
2019-08-06 03:00:00,18,,,11,104,71,66,182,,114,119,,79
2019-08-06 04:00:00,5,,,251,106,45,58,222,,71,89,,94
2019-08-06 05:00:00,28,,,232,98,48,80,277,,34,35,,90
2019-08-06 06:00:00,,,,274,46,32,43,266,,49,50,,120
2019-08-06 07:00:00,355,,,280,336,303,24,244,,74,86,,161
2019-08-06 08:00:00,14,,,286,332,5,25,278,,118,152,,202
2019-08-06 09:00:00,22,,,330,276,28,31,308,,53,109,,345
2019-08-06 10:00:00,1,,,311,89,30,73,309,,337,45,,70
2019-08-06 11:00:00,3,,,97,93,70,85,,,275,96,,74
2019-08-06 12:00:00,4,,,130,102,93,76,359,,73,115,,74
2019-08-06 13:00:00,4,,,118,106,101,120,84,,102,136,,64
2019-08-06 14:00:00,4,,,89,98,70,96,64,,122,143,,41
2019-08-06 15:00:00,5,,,93,83,77,97,65,,115,127,,52
2019-08-06 16:00:00,4,,,106,96,96,108,78,,123,104,,79
2019-08-06 17:00:00,3,,,101,92,95,110,104,,90,109,,90
2019-08-06 18:00:00,3,,,104,97,95,127,129,,104,112,,100
2019-08-06 19:00:00,2,,,133,105,123,197,103,,208,203,,102
2019-08-06 20:00:00,2,,,123,106,140,195,121,,204,188,,70
2019-08-06 21:00:00,2,,,112,75,108,163,109,,142,157,,77
2019-08-06 22:00:00,,,,109,78,108,140,119,,159,166,,66
2019-08-06 23:00:00,,,,104,77,107,111,113,,128,152,,73
2019-08-07 00:00:00,,,,115,90,106,117,109,,114,124,,86
2019-08-07 01:00:00,,,,164,107,91,83,126,,112,109,,110
2019-08-07 02:00:00,,,,72,113,110,78,254,,109,115,,111
2019-08-07 03:00:00,,,,347,109,91,93,291,,120,126,,109
2019-08-07 04:00:00,,,,166,114,100,98,289,,137,130,,102
2019-08-07 05:00:00,,,,154,102,93,91,283,,116,122,,96
2019-08-07 06:00:00,,,,173,92,80,85,261,,109,125,,96
2019-08-07 07:00:00,,,,186,106,66,87,268,,81,79,,103
2019-08-07 08:00:00,,,,224,73,38,75,293,,66,44,,68
2019-08-07 09:00:00,,,,285,97,41,35,303,,10,43,,27
2019-08-07 10:00:00,,,,267,108,93,57,307,,4,20,,67
2019-08-07 11:00:00,,,,162,93,94,71,312,,51,47,,72
2019-08-07 12:00:00,,,,110,96,88,74,341,,91,150,,69
2019-08-07 13:00:00,,,,109,102,101,95,65,,142,136,,56
2019-08-07 14:00:00,,,,104,98,96,118,68,,124,141,,51
2019-08-07 15:00:00,,,,96,93,88,118,86,,132,146,,56
2019-08-07 16:00:00,127,,,109,89,100,137,108,,145,140,,74
2019-08-07 17:00:00,150,,,110,91,102,138,93,,131,158,,91
2019-08-07 18:00:00,145,,,113,87,106,144,88,,139,156,,85
2019-08-07 19:00:00,136,,,122,87,112,169,93,,158,174,,82
2019-08-07 20:00:00,159,,,133,102,129,189,118,,183,161,,97
2019-08-07 21:00:00,147,,,125,81,130,165,99,,122,119,,88
2019-08-07 22:00:00,126,,,104,87,102,125,91,,120,119,,82
2019-08-07 23:00:00,106,,,102,80,99,121,78,,128,123,,69
2019-08-08 00:00:00,90,,,95,84,88,101,,,113,128,,65
2019-08-08 01:00:00,72,,,84,79,81,80,100,,122,136,,62
2019-08-08 02:00:00,60,,,91,90,76,93,145,,124,139,,68
2019-08-08 03:00:00,58,,,51,89,71,86,191,,123,125,,87
2019-08-08 04:00:00,65,,,101,116,88,87,224,,103,115,,97
2019-08-08 05:00:00,73,,,157,106,86,93,271,,90,113,,93
2019-08-08 06:00:00,67,,,156,106,84,95,257,,87,121,,93
2019-08-08 07:00:00,76,,,160,105,77,86,252,,87,94,,88
2019-08-08 08:00:00,50,,,183,109,72,76,289,,100,128,,69
2019-08-08 09:00:00,51,,,251,119,57,42,301,,72,120,,96
2019-08-08 10:00:00,18,,,292,66,79,62,313,,37,172,,88
2019-08-08 11:00:00,43,,,246,,43,75,314,,36,166,,69
2019-08-08 12:00:00,70,,,140,,72,70,320,,100,153,,74
2019-08-08 13:00:00,67,,,123,,87,83,313,,89,109,,79
2019-08-08 14:00:00,67,,,112,,103,95,105,,129,161,,57
2019-08-08 15:00:00,70,,,121,,85,126,90,,151,135,,62
2019-08-08 16:00:00,72,,,116,,91,96,132,,125,133,,57
2019-08-08 17:00:00,77,,,93,,95,118,76,,146,133,,59
2019-08-08 18:00:00,143,,,111,,99,155,113,,138,157,,92
2019-08-08 19:00:00,147,,,118,,105,146,97,,154,166,,99
2019-08-08 20:00:00,146,,,124,,115,148,103,,155,161,,92
2019-08-08 21:00:00,145,,,136,,113,165,105,,159,151,,73
2019-08-08 22:00:00,138,,,124,,103,133,103,,117,123,,62
2019-08-08 23:00:00,131,,,106,,97,119,114,,133,138,,58
2019-08-09 00:00:00,134,,,103,,105,134,107,,143,146,,61
2019-08-09 01:00:00,66,,,103,,108,123,148,,134,136,,87
2019-08-09 02:00:00,46,,,99,,102,112,186,,130,147,,94
2019-08-09 03:00:00,25,,,145,,101,96,222,,123,148,,110
2019-08-09 04:00:00,13,,,186,,94,85,224,,117,125,,113
2019-08-09 05:00:00,68,,,190,,82,89,236,,105,110,,111
2019-08-09 06:00:00,74,,,187,,66,88,270,,89,105,,100
2019-08-09 07:00:00,60,,,192,,67,88,267,,87,60,,87
2019-08-09 08:00:00,67,,,202,,62,67,294,,61,46,,80
2019-08-09 09:00:00,15,,,254,,43,29,308,,,1,,59
2019-08-09 10:00:00,67,,,260,,64,58,314,,35,36,,62
2019-08-09 11:00:00,67,,,138,117,79,86,333,,57,105,,74
2019-08-09 12:00:00,78,,,134,91,96,71,50,,106,139,,71
2019-08-09 13:00:00,73,,,121,101,88,79,59,,120,156,,71
2019-08-09 14:00:00,84,,,116,99,97,89,71,,139,140,,55
2019-08-09 15:00:00,81,,,99,99,81,98,85,,139,140,,49
2019-08-09 16:00:00,82,,,97,87,90,110,80,,119,137,,44
2019-08-09 17:00:00,146,,,110,91,104,141,85,,124,140,,68
2019-08-09 18:00:00,147,,,108,89,96,135,92,,139,146,,78
2019-08-09 19:00:00,127,,,109,87,102,135,89,,145,164,,87
2019-08-09 20:00:00,146,,,116,95,121,157,106,,159,165,,88
2019-08-09 21:00:00,148,,,137,107,102,178,97,,130,128,,97
2019-08-09 22:00:00,118,,,90,77,83,100,108,,119,120,,72
2019-08-09 23:00:00,61,,,106,78,91,121,106,,125,122,,79
2019-08-10 00:00:00,48,,,107,,79,114,122,,128,135,,128
2019-08-10 01:00:00,54,,,99,,109,104,117,,126,141,,111
2019-08-10 02:00:00,54,,,111,,109,94,99,,127,136,,104
2019-08-10 03:00:00,45,,,109,,102,87,125,,126,134,,102
2019-08-10 04:00:00,36,,,119,,96,94,233,,125,137,,113
2019-08-10 05:00:00,358,,,107,,94,77,223,,112,119,,115
2019-08-10 06:00:00,32,,,92,,66,83,173,,94,96,,114
2019-08-10 07:00:00,84,,,97,,96,112,200,,74,62,,94
2019-08-10 08:00:00,59,,,149,,76,94,269,,88,54,,86
2019-08-10 09:00:00,33,,,278,,62,79,313,,89,137,,99
2019-08-10 10:00:00,52,,,21,,83,64,311,,93,152,,83
2019-08-10 11:00:00,55,,,133,,75,57,318,,83,159,,68
2019-08-10 12:00:00,70,,,123,,114,63,317,,102,159,,68
2019-08-10 13:00:00,54,,,109,,90,98,72,,141,150,,68
2019-08-10 14:00:00,57,,,104,,99,95,75,,137,146,,60
2019-08-10 15:00:00,68,,,107,,87,119,85,,124,143,,40
2019-08-10 16:00:00,112,,,107,,93,130,87,,137,139,,65
2019-08-10 17:00:00,144,,,119,,102,150,105,,124,140,,66
2019-08-10 18:00:00,149,,,117,,109,141,109,,141,163,,86
2019-08-10 19:00:00,134,,,117,,110,153,92,,147,140,,92
2019-08-10 20:00:00,129,,,115,,110,146,89,,123,122,,93
2019-08-10 21:00:00,97,,,101,,100,122,74,,123,123,,73
2019-08-10 22:00:00,86,,,101,,95,117,74,,123,134,,71
2019-08-10 23:00:00,84,,,103,,95,101,71,,113,120,,66
2019-08-11 00:00:00,81,,,93,,94,90,72,,97,112,,60
2019-08-11 01:00:00,63,,,84,,86,87,76,,104,134,,60
2019-08-11 02:00:00,66,,,82,,79,85,93,,116,128,,62
2019-08-11 03:00:00,77,,,105,,87,111,98,,110,125,,74
2019-08-11 04:00:00,59,,,114,,83,93,215,,104,103,,96
2019-08-11 05:00:00,63,,,94,,83,80,222,,87,117,,99
2019-08-11 06:00:00,57,,,117,,74,85,240,,98,94,,90
2019-08-11 07:00:00,68,,,190,,66,90,246,,118,114,,92
2019-08-11 08:00:00,68,,,277,,53,84,288,,115,141,,81
2019-08-11 09:00:00,93,,,147,,56,73,306,,101,134,,79
2019-08-11 10:00:00,28,,,86,,67,81,313,,94,86,,62
2019-08-11 11:00:00,21,,,18,,74,70,310,,88,143,,84
2019-08-11 12:00:00,62,,,134,,65,59,323,,82,163,,75
2019-08-11 13:00:00,84,,,128,,88,75,44,,122,149,,65
2019-08-11 14:00:00,63,,,113,,86,96,101,,106,150,,66
2019-08-11 15:00:00,71,,,111,,95,106,78,,120,130,,47
2019-08-11 16:00:00,78,,,95,,87,131,82,,135,152,,47
2019-08-11 17:00:00,139,,,107,,101,139,93,,118,138,,70
2019-08-11 18:00:00,144,,,107,,94,130,87,,129,125,,73
2019-08-11 19:00:00,122,,,110,,95,130,87,,136,151,,82
2019-08-11 20:00:00,126,,,110,,98,128,95,,124,126,,92
2019-08-11 21:00:00,105,,,104,,97,125,78,,116,117,,91
2019-08-11 22:00:00,98,,,99,,99,114,66,,123,128,,71
2019-08-11 23:00:00,99,,,103,,90,105,72,,116,118,,72
2019-08-12 00:00:00,92,,,100,,91,99,90,,110,109,,64
2019-08-12 01:00:00,67,,,93,,92,89,79,,96,83,,66
2019-08-12 02:00:00,52,,,80,,108,81,91,,98,94,,69
2019-08-12 03:00:00,42,,,63,,103,67,127,,93,99,,76
2019-08-12 04:00:00,20,,,45,,101,73,218,,77,114,,97
2019-08-12 05:00:00,17,,,194,,96,73,247,,46,119,,99
2019-08-12 06:00:00,12,,,172,,80,75,270,,45,70,,137
2019-08-12 07:00:00,24,,,278,,30,59,246,,42,45,,182
2019-08-12 08:00:00,14,,,257,,18,48,292,,32,53,,231
2019-08-12 09:00:00,33,,,260,,53,36,302,,58,69,,56
2019-08-12 10:00:00,15,,,294,146,75,313,301,,357,22,,53
2019-08-12 11:00:00,16,,,281,114,31,68,314,,,53,,69
2019-08-12 12:00:00,83,,,109,99,97,92,299,,56,66,,82
2019-08-12 13:00:00,75,,,98,,101,75,322,,75,96,,74
2019-08-12 14:00:00,78,,,91,,99,80,332,,90,136,,78
2019-08-12 15:00:00,78,,,115,106,84,123,58,,112,91,,91
2019-08-12 16:00:00,79,,,106,110,82,88,58,,104,46,,75
2019-08-12 17:00:00,63,,,117,102,86,146,46,,116,132,,58
2019-08-12 18:00:00,93,,,102,104,97,120,70,,145,165,,65
2019-08-12 19:00:00,130,,,112,90,98,153,94,,147,152,,95
2019-08-12 20:00:00,151,,,121,104,107,150,116,,123,121,,117
2019-08-12 21:00:00,120,,,104,87,93,125,89,,121,117,,87
2019-08-12 22:00:00,92,,,100,78,89,109,76,,115,118,,65
2019-08-12 23:00:00,83,,,96,83,93,98,76,,98,114,,64
2019-08-13 00:00:00,57,,354,94,83,100,103,69,,95,87,13,66
2019-08-13 01:00:00,54,,354,92,90,104,86,87,,104,111,27,72
2019-08-13 02:00:00,54,,355,104,103,105,93,113,,121,125,38,79
2019-08-13 03:00:00,46,,355,127,116,90,69,191,,110,127,55,97
2019-08-13 04:00:00,52,,355,220,130,76,63,224,,72,116,22,99
2019-08-13 05:00:00,68,,,192,79,80,76,245,,48,115,11,113
2019-08-13 06:00:00,3,,354,263,348,20,52,244,,29,53,8,159
2019-08-13 07:00:00,349,,354,259,321,314,31,258,,26,29,8,192
2019-08-13 08:00:00,352,,354,288,290,12,34,289,,26,26,8,267
2019-08-13 09:00:00,3,,355,294,226,330,27,308,,1,10,10,236
2019-08-13 10:00:00,13,,355,319,267,28,50,315,,355,23,13,42
2019-08-13 11:00:00,51,,355,342,259,65,46,309,,359,55,20,68
2019-08-13 12:00:00,63,,,118,81,95,88,319,,118,103,12,77
2019-08-13 13:00:00,72,,,94,103,92,91,53,,101,123,12,65
2019-08-13 14:00:00,81,,,95,96,90,93,72,,110,148,11,58
2019-08-13 15:00:00,74,,,96,85,90,110,77,,145,146,11,53
2019-08-13 16:00:00,78,,,112,80,82,135,65,,126,155,10,52
2019-08-13 17:00:00,95,,,109,106,87,125,65,,131,130,10,84
2019-08-13 18:00:00,139,,,113,97,79,132,88,,119,119,10,91
2019-08-13 19:00:00,145,,354,98,92,86,118,83,,112,116,,91
2019-08-13 20:00:00,106,,354,94,82,86,110,84,,118,119,,103
2019-08-13 21:00:00,130,,,102,87,102,126,74,,125,129,,81
2019-08-13 22:00:00,99,,,101,77,97,117,80,,120,125,,67
2019-08-13 23:00:00,93,,,98,78,92,97,80,,117,123,,65
2019-08-14 00:00:00,82,,,94,79,98,97,68,,95,93,,
2019-08-14 01:00:00,65,,,91,83,91,90,80,,94,86,,65
2019-08-14 02:00:00,51,,,89,98,97,91,113,,91,75,,82
2019-08-14 03:00:00,47,,,87,105,88,93,119,,117,100,,88
2019-08-14 04:00:00,14,,,106,93,91,85,157,,145,115,,91
2019-08-14 05:00:00,1,,,187,104,74,69,219,,94,68,,101
2019-08-14 06:00:00,55,,,218,99,52,87,241,,89,65,,104
2019-08-14 07:00:00,57,,,243,61,45,95,257,,88,69,,116
2019-08-14 08:00:00,24,,,298,77,40,51,272,,115,115,,50
2019-08-14 09:00:00,29,,,345,359,74,58,304,,76,59,,88
2019-08-14 10:00:00,5,,,37,115,53,32,310,,345,84,,101
2019-08-14 11:00:00,50,,,192,102,64,54,318,,309,140,,74
2019-08-14 12:00:00,57,,,43,104,76,70,317,,248,112,,79
2019-08-14 13:00:00,51,,,85,110,82,80,3,,114,144,,62
2019-08-14 14:00:00,72,,,112,97,84,102,43,,128,114,,64
2019-08-14 15:00:00,85,,,105,105,101,97,64,,109,111,,64
2019-08-14 16:00:00,83,,,102,95,98,119,65,,97,103,,50
2019-08-14 17:00:00,95,,,98,90,100,93,73,,110,78,,87
2019-08-14 18:00:00,94,,,101,95,96,111,82,,118,133,,86
2019-08-14 19:00:00,102,,,104,96,93,103,65,,99,98,,83
2019-08-14 20:00:00,104,,,95,98,86,116,81,,95,79,,96
2019-08-14 21:00:00,121,,,94,88,83,109,127,,98,105,,104
2019-08-14 22:00:00,114,,,100,83,94,121,86,,116,128,,82
2019-08-14 23:00:00,92,,,101,72,102,122,67,,120,126,,61
2019-08-15 00:00:00,95,,,107,85,101,114,82,,117,124,,60
2019-08-15 01:00:00,83,,,109,88,98,119,86,,135,144,,62
2019-08-15 02:00:00,76,,,111,87,111,124,102,,151,156,,74
2019-08-15 03:00:00,95,,,103,110,108,122,107,,152,151,,73
2019-08-15 04:00:00,120,,,90,122,71,88,157,,101,75,,66
2019-08-15 05:00:00,37,,,116,106,17,80,190,,49,43,,90
2019-08-15 06:00:00,79,,,247,73,45,52,210,,54,56,,96
2019-08-15 07:00:00,17,,,274,26,44,55,212,,64,137,,119
2019-08-15 08:00:00,32,,,283,8,49,33,291,,29,23,,91
2019-08-15 09:00:00,44,,,315,297,3,25,309,,4,347,,340
2019-08-15 10:00:00,31,,,331,162,15,26,315,,349,12,,75
2019-08-15 11:00:00,11,,,340,108,81,43,310,,332,47,,87
2019-08-15 12:00:00,41,,,86,107,72,43,313,,51,47,,67
2019-08-15 13:00:00,63,,,114,107,114,96,41,,121,49,,50
2019-08-15 14:00:00,112,,,112,119,96,63,344,,321,59,,64
2019-08-15 15:00:00,115,,,134,119,83,86,89,,44,121,,70
2019-08-15 16:00:00,87,,,115,112,104,85,46,,109,89,,73
2019-08-15 17:00:00,92,,,86,93,71,79,77,,97,104,,63
2019-08-15 18:00:00,32,,,75,92,134,43,70,,101,88,,44
2019-08-15 19:00:00,101,,,95,97,110,76,74,,86,104,,80
2019-08-15 20:00:00,103,,,95,100,88,109,79,,103,93,,89
2019-08-15 21:00:00,115,,,98,86,97,117,95,,107,114,,105
2019-08-15 22:00:00,130,,,102,91,109,136,93,,144,146,,98
2019-08-15 23:00:00,154,,,103,72,111,131,103,,139,137,,67
2019-08-16 00:00:00,125,,,107,77,117,132,108,,142,147,,61
2019-08-16 01:00:00,129,,,113,78,118,124,112,,135,145,,52
2019-08-16 02:00:00,84,,,128,90,74,100,106,,102,119,,96
2019-08-16 03:00:00,48,,,247,122,19,55,168,,78,100,,111
2019-08-16 04:00:00,43,,,274,95,44,45,241,,72,93,,105
2019-08-16 05:00:00,35,,,230,92,57,37,285,,71,75,,89
2019-08-16 06:00:00,62,,,227,71,70,76,286,,86,126,,95
2019-08-16 07:00:00,1,,,291,336,15,343,261,,31,15,,220
2019-08-16 08:00:00,345,,,311,284,9,353,272,,49,41,,290
2019-08-16 09:00:00,19,,,312,289,5,42,303,,23,28,,341
2019-08-16 10:00:00,26,,,68,148,49,56,302,,340,34,,76
2019-08-16 11:00:00,32,,,123,82,94,66,318,,53,81,,77
2019-08-16 12:00:00,73,,,93,119,90,69,330,,99,101,,72
2019-08-16 13:00:00,92,,,98,102,105,118,47,,124,136,,61
2019-08-16 14:00:00,77,,,118,96,100,99,62,,144,108,,
2019-08-16 15:00:00,88,,,99,96,88,80,77,,140,97,,67
2019-08-16 16:00:00,85,,,103,97,107,97,64,,114,111,,66
2019-08-16 17:00:00,118,,,111,103,99,139,82,,135,129,,98
2019-08-16 18:00:00,122,,,104,123,103,127,105,,100,96,,105
2019-08-16 19:00:00,124,,,101,129,98,124,86,,108,107,,108
2019-08-16 20:00:00,109,,,101,100,89,118,83,,99,97,,105
2019-08-16 21:00:00,117,,,100,100,97,121,99,,112,120,,113
2019-08-16 22:00:00,134,,,103,84,100,131,89,,127,122,,80
2019-08-16 23:00:00,97,,,99,77,96,106,70,,112,116,,58
2019-08-17 00:00:00,87,,,97,86,93,98,72,,104,109,,64
2019-08-17 01:00:00,58,,,98,77,95,84,76,,101,94,,64
2019-08-17 02:00:00,60,,,76,95,81,79,93,,100,95,,69
2019-08-17 03:00:00,29,,,52,109,107,64,154,,130,107,,98
2019-08-17 04:00:00,55,,,213,107,99,69,212,,112,90,,98
2019-08-17 05:00:00,88,,,158,36,92,96,226,,91,63,,90
2019-08-17 06:00:00,47,,,146,45,73,83,235,,81,66,,130
2019-08-17 07:00:00,41,,,243,31,53,67,246,,76,63,,108
2019-08-17 08:00:00,34,,,263,49,54,63,289,,84,69,,57
2019-08-17 09:00:00,18,,,283,104,72,32,302,,63,145,,239
2019-08-17 10:00:00,71,,,84,133,92,57,318,,343,72,,73
2019-08-17 11:00:00,87,,,149,117,96,65,315,,57,139,,71
2019-08-17 12:00:00,73,,,141,96,90,61,317,,82,164,,75
2019-08-17 13:00:00,60,,,88,104,90,93,357,,120,166,,70
2019-08-17 14:00:00,60,,,101,97,102,96,28,,139,165,,68
2019-08-17 15:00:00,65,,,107,98,95,119,56,,124,159,,68
2019-08-17 16:00:00,73,,,106,101,85,100,94,,135,140,,51
2019-08-17 17:00:00,123,,,105,102,110,135,117,,122,121,,68
2019-08-17 18:00:00,150,,,106,95,105,127,158,,127,125,,88
2019-08-17 19:00:00,135,,,101,107,89,128,120,,127,125,,75
2019-08-17 20:00:00,123,,,91,99,81,109,118,,97,114,,103
2019-08-17 21:00:00,110,,,,76,93,123,80,,115,121,,96
2019-08-17 22:00:00,98,,,105,83,95,120,81,,118,127,,65
2019-08-17 23:00:00,88,,,97,83,95,104,83,,110,121,,65
2019-08-18 00:00:00,68,,,96,91,97,90,77,,100,100,,68
2019-08-18 01:00:00,55,,,93,85,101,78,122,,87,84,,77
2019-08-18 02:00:00,56,,,93,100,96,74,122,,96,97,,90
2019-08-18 03:00:00,32,,,71,106,96,78,138,,99,110,,96
2019-08-18 04:00:00,14,,,71,112,108,71,258,,95,105,,103
2019-08-18 05:00:00,27,,,97,115,84,77,276,,85,101,,97
2019-08-18 06:00:00,47,,,133,97,87,73,286,,94,83,,99
2019-08-18 07:00:00,48,,,172,110,87,81,289,,75,60,,98
2019-08-18 08:00:00,86,,,161,103,79,71,296,,97,128,,78
2019-08-18 09:00:00,31,,,59,109,79,56,303,,87,148,,70
2019-08-18 10:00:00,38,,,36,116,51,54,313,,65,144,,76
2019-08-18 11:00:00,54,,,144,98,68,68,311,,90,156,,76
2019-08-18 12:00:00,55,,,141,96,85,67,320,,135,152,,70
2019-08-18 13:00:00,66,,,111,92,84,90,348,,125,125,,65
2019-08-18 14:00:00,68,,,108,101,104,98,52,,133,135,,59
2019-08-18 15:00:00,72,,,101,99,101,92,76,,129,163,,58
2019-08-18 16:00:00,79,,,114,99,103,120,63,,121,147,,48
2019-08-18 17:00:00,100,,,109,92,113,127,87,,119,140,,68
2019-08-18 18:00:00,113,,,107,91,110,129,101,,129,130,,83
2019-08-18 19:00:00,141,,,112,94,89,134,89,,110,113,,86
2019-08-18 20:00:00,118,,,97,98,87,120,88,,108,117,,99
2019-08-18 21:00:00,110,,,100,91,98,121,77,,117,118,,76
2019-08-18 22:00:00,96,,,99,79,92,113,65,,114,119,,68
2019-08-18 23:00:00,73,,,96,79,91,95,63,,102,115,,62
2019-08-19 00:00:00,80,,,90,75,93,97,53,,99,98,,62
2019-08-19 01:00:00,61,,,88,80,105,90,66,,97,86,,62
2019-08-19 02:00:00,53,,,92,102,106,108,73,,108,107,,64
2019-08-19 03:00:00,57,,,91,105,108,118,104,,104,121,,65
2019-08-19 04:00:00,62,,,103,103,104,113,127,,101,116,,66
2019-08-19 05:00:00,74,,,99,103,105,106,132,,115,120,,76
2019-08-19 06:00:00,61,,,88,96,90,89,211,,96,118,,86
2019-08-19 07:00:00,70,,,117,101,90,95,218,,109,122,,75
2019-08-19 08:00:00,68,,,157,103,82,80,250,,105,134,,96
2019-08-19 09:00:00,58,,,122,111,67,78,322,,99,130,,69
2019-08-19 10:00:00,48,,,92,121,76,82,317,,91,140,,83
2019-08-19 11:00:00,53,,,90,105,74,67,50,,128,145,,74
2019-08-19 12:00:00,64,,,83,101,94,87,63,,103,146,,59
2019-08-19 13:00:00,66,,,95,101,92,106,60,,119,152,,52
2019-08-19 14:00:00,90,,,100,86,107,114,90,,121,147,,63
2019-08-19 15:00:00,115,,,102,92,100,108,96,,117,139,,68
2019-08-19 16:00:00,126,,,103,86,105,120,91,,112,131,,65
2019-08-19 17:00:00,139,,,100,91,92,111,92,,123,128,,75
2019-08-19 18:00:00,134,,,102,88,91,121,99,,126,125,,83
2019-08-19 19:00:00,138,,,103,90,83,120,95,,123,126,,83
2019-08-19 20:00:00,115,,,95,87,86,113,76,,114,121,,94
2019-08-19 21:00:00,106,,,105,90,95,119,78,,119,121,,84
2019-08-19 22:00:00,92,,,104,87,95,122,71,,132,121,,70
2019-08-19 23:00:00,85,,,100,85,93,119,76,,122,120,,69
2019-08-20 00:00:00,90,,,99,79,88,102,90,,114,119,,65
2019-08-20 01:00:00,109,,,99,81,84,100,98,,117,123,,70
2019-08-20 02:00:00,82,,,97,75,85,121,86,,126,126,,75
2019-08-20 03:00:00,79,,,106,80,87,118,87,,129,127,,73
2019-08-20 04:00:00,74,,,101,85,92,121,72,,116,116,,80
2019-08-20 05:00:00,68,,,102,103,90,125,65,,110,118,,81
2019-08-20 06:00:00,61,,,103,98,92,91,74,,115,124,,79
2019-08-20 07:00:00,74,,,69,102,79,100,92,,89,117,,66
2019-08-20 08:00:00,63,,,67,106,70,80,153,,89,118,,78
2019-08-20 09:00:00,58,,,71,107,84,84,23,,138,144,,82
2019-08-20 10:00:00,34,,,99,113,76,71,85,,142,150,,81
2019-08-20 11:00:00,35,,,125,112,105,81,82,,124,144,,75
2019-08-20 12:00:00,67,,,103,96,90,105,97,,138,144,,58
2019-08-20 13:00:00,94,,,100,90,90,118,90,,112,129,,60
2019-08-20 14:00:00,90,,,101,91,97,125,97,,107,122,,71
2019-08-20 15:00:00,104,,,97,87,107,111,84,,119,127,,78
2019-08-20 16:00:00,116,,,97,86,106,126,77,,120,115,,70
2019-08-20 17:00:00,140,,,108,89,93,126,94,,119,116,,72
2019-08-20 18:00:00,131,,,96,89,88,111,96,,112,110,,83
2019-08-20 19:00:00,118,,,91,87,82,110,80,,112,123,,87
2019-08-20 20:00:00,108,,,101,85,92,124,77,,120,123,,87
2019-08-20 21:00:00,111,,,105,95,98,129,81,,125,129,,78
2019-08-20 22:00:00,93,,,107,90,105,137,69,,125,127,,72
2019-08-20 23:00:00,92,,,101,84,100,120,78,,127,124,,65
2019-08-21 00:00:00,94,,,101,81,94,115,75,,115,117,,69
2019-08-21 01:00:00,92,,,102,80,96,110,75,,105,113,,64
2019-08-21 02:00:00,87,,,102,85,92,106,84,,103,113,,65
2019-08-21 03:00:00,79,,,91,87,93,101,76,,109,118,,69
2019-08-21 04:00:00,78,,,98,86,96,102,88,,112,121,,77
2019-08-21 05:00:00,75,,,93,88,90,97,93,,97,98,,75
2019-08-21 06:00:00,48,,,98,94,94,109,115,,94,80,,97
2019-08-21 07:00:00,64,,,105,98,95,89,131,,102,81,,98
2019-08-21 08:00:00,25,,,101,119,83,91,205,,108,107,,97
2019-08-21 09:00:00,42,,,108,123,70,79,281,,94,128,,118
2019-08-21 10:00:00,15,,,114,136,67,73,11,,114,145,,83
2019-08-21 11:00:00,59,,,86,114,82,87,58,,169,155,,72
2019-08-21 12:00:00,68,,,97,92,85,94,69,,162,144,,57
2019-08-21 13:00:00,97,,,100,78,96,112,73,,121,117,,62
2019-08-21 14:00:00,79,,,102,90,100,116,74,,119,133,,71
2019-08-21 15:00:00,89,,,97,90,99,118,80,,123,121,,73
2019-08-21 16:00:00,110,,,102,87,88,125,93,,117,128,,84
2019-08-21 17:00:00,121,,,109,91,98,137,105,,105,134,,95
2019-08-21 18:00:00,141,,,108,96,89,123,133,,123,126,,99
2019-08-21 19:00:00,128,,,101,96,84,130,92,,122,128,,95
2019-08-21 20:00:00,110,,,104,95,92,127,89,,115,122,,93
2019-08-21 21:00:00,,,,114,96,98,146,128,,128,128,,95
2019-08-21 22:00:00,,,,119,86,141,197,107,,140,137,,59
2019-08-21 23:00:00,,,,133,78,118,131,103,,124,135,,67
2019-08-22 00:00:00,133,,,105,87,92,117,109,,123,125,,63
2019-08-22 01:00:00,116,,,99,79,85,112,110,,105,114,,74
2019-08-22 02:00:00,111,,,88,83,84,85,112,,99,102,,77
2019-08-22 03:00:00,86,,,97,96,100,89,137,,100,114,,77
2019-08-22 04:00:00,71,,,89,90,87,91,130,,111,113,,89
2019-08-22 05:00:00,73,,,82,94,89,88,134,,112,112,,74
2019-08-22 06:00:00,71,,,102,90,95,103,119,,126,123,,74
2019-08-22 07:00:00,56,,,114,86,97,94,138,,117,120,,106
2019-08-22 08:00:00,24,,,134,93,81,75,184,,102,,,83
2019-08-22 09:00:00,20,,,121,93,77,57,286,,78,126,,75
2019-08-22 10:00:00,36,,,88,87,78,64,3,,81,138,,63
2019-08-22 11:00:00,72,,,139,94,112,69,71,,111,131,,67
2019-08-22 12:00:00,90,,,126,105,94,63,79,,82,176,,57
2019-08-22 13:00:00,52,,,120,107,100,76,87,,158,149,,57
2019-08-22 14:00:00,58,,,100,104,110,115,63,,156,153,,46
2019-08-22 15:00:00,75,,,107,106,112,110,111,,124,136,,58
2019-08-22 16:00:00,98,,,100,97,114,130,114,,128,99,,85
2019-08-22 17:00:00,148,,,113,94,102,148,118,,112,92,,101
2019-08-22 18:00:00,152,,,108,113,96,135,93,,99,96,,93
2019-08-22 19:00:00,115,,,103,102,87,111,92,,96,114,,80
2019-08-22 20:00:00,110,,,98,91,89,111,96,,150,170,,90
2019-08-22 21:00:00,145,,,111,89,114,141,100,,155,152,,78
2019-08-22 22:00:00,135,,,109,92,106,134,91,,136,139,,75
2019-08-22 23:00:00,123,,,107,81,106,125,99,,145,150,,60
2019-08-23 00:00:00,133,,,100,84,104,117,88,,120,123,,62
2019-08-23 01:00:00,76,,,102,91,87,112,87,,123,133,,63
2019-08-23 02:00:00,61,,,103,94,78,119,118,,124,117,,74
2019-08-23 03:00:00,73,,,105,97,82,100,181,,95,113,,85
2019-08-23 04:00:00,85,,,150,113,94,73,193,,109,115,,105
2019-08-23 05:00:00,26,,,164,89,94,82,245,,91,130,,107
2019-08-23 06:00:00,78,,,160,63,88,98,249,,93,126,,97
2019-08-23 07:00:00,49,,,163,32,54,131,234,,74,21,,195
2019-08-23 08:00:00,42,,,297,10,34,8,273,,32,24,,87
2019-08-23 09:00:00,18,,,281,303,344,29,308,,,35,,86
2019-08-23 10:00:00,15,,,328,280,27,35,318,,350,10,,64
2019-08-23 11:00:00,27,,,285,300,55,47,305,,336,23,,66
2019-08-23 12:00:00,93,,,316,314,36,69,304,,346,36,,91
2019-08-23 13:00:00,135,,,342,300,44,72,295,,46,34,,93
2019-08-23 14:00:00,110,,,57,286,70,76,268,,61,72,,91
2019-08-23 15:00:00,104,,,115,101,41,87,96,,69,83,,103
2019-08-23 16:00:00,137,,,119,140,109,176,108,,177,201,,89
2019-08-23 17:00:00,122,,,81,117,293,111,106,,,345,,20
2019-08-23 18:00:00,19,,,285,106,259,13,164,,,331,,99
2019-08-23 19:00:00,340,,,296,113,286,296,207,,,331,,89
2019-08-23 20:00:00,359,,,254,120,324,4,144,,,19,,86
2019-08-23 21:00:00,90,,,109,60,80,69,104,,,202,,87
2019-08-23 22:00:00,87,,,131,109,330,41,116,,,197,,69
2019-08-23 23:00:00,128,,,215,121,329,41,181,,,355,,85
2019-08-24 00:00:00,93,,,101,110,32,44,112,,,60,,93
2019-08-24 01:00:00,25,,,113,104,308,35,217,,,337,,107
2019-08-24 02:00:00,23,,,265,127,19,35,229,,,342,,107
2019-08-24 03:00:00,265,,,312,39,288,312,275,,,320,,169
2019-08-24 04:00:00,275,,,310,317,134,344,242,,,322,,274
2019-08-24 05:00:00,8,,,297,295,306,43,221,,,29,,257
2019-08-24 06:00:00,351,,,259,261,295,25,153,,,7,,84
2019-08-24 07:00:00,313,,,280,249,318,25,243,,,350,,155
2019-08-24 08:00:00,22,,,113,282,185,39,293,,,337,,127
2019-08-24 09:00:00,26,,,36,300,5,25,302,,,358,,266
2019-08-24 10:00:00,135,,,353,302,15,48,307,,,344,,238
2019-08-24 11:00:00,60,,,9,316,21,34,316,,,354,,78
2019-08-24 12:00:00,111,,,350,323,35,48,307,,,342,,80
2019-08-24 13:00:00,72,,,6,334,34,44,314,,,86,,86
2019-08-24 14:00:00,91,,,57,113,68,81,124,,,78,,85
2019-08-24 15:00:00,107,,,87,128,72,75,79,,,94,,89
2019-08-24 16:00:00,338,,,153,88,143,205,113,,,,,58
2019-08-24 17:00:00,279,,,119,79,243,265,134,,,336,,29
2019-08-24 18:00:00,270,,,322,262,238,274,182,,,301,,273
2019-08-24 19:00:00,228,,,336,319,236,273,225,,,15,,280
2019-08-24 20:00:00,234,,,324,318,230,240,160,,,11,,251
2019-08-24 21:00:00,232,,,324,345,183,261,125,,,126,,224
2019-08-24 22:00:00,99,,,83,306,110,137,94,,,179,,124
2019-08-24 23:00:00,99,,,131,105,110,114,129,,,196,,131
2019-08-25 00:00:00,248,,,116,112,123,279,132,,,320,,118
2019-08-25 01:00:00,261,,,251,29,300,241,220,,,348,,281
2019-08-25 02:00:00,310,,,295,331,285,271,183,,,21,,282
2019-08-25 03:00:00,178,,,274,280,220,242,212,,,23,,122
2019-08-25 04:00:00,261,,,89,307,103,269,212,,,318,,115
2019-08-25 05:00:00,265,,,337,266,297,280,187,,,248,,247
2019-08-25 06:00:00,247,,,320,298,311,262,195,,,315,,237
2019-08-25 07:00:00,257,,,319,299,170,315,146,,,266,,275
2019-08-25 08:00:00,69,,,327,299,120,76,109,,,267,,276
2019-08-25 09:00:00,94,,,317,293,105,31,247,,,271,,279
2019-08-25 10:00:00,41,,,321,274,27,33,348,,,231,,310
2019-08-25 11:00:00,19,,,10,268,49,44,295,,,190,,340
2019-08-25 12:00:00,23,,,34,267,63,84,295,,,205,,80
2019-08-25 13:00:00,45,,,252,279,85,68,316,,,196,,69
2019-08-25 14:00:00,94,,,131,317,117,73,316,,,45,,81
2019-08-25 15:00:00,,,,97,164,96,79,298,,,72,,89
2019-08-25 16:00:00,88,,,110,102,94,105,104,,,152,,71
2019-08-25 17:00:00,142,,,129,96,89,128,108,,,99,,93
2019-08-25 18:00:00,144,,,,100,32,130,99,,,97,,93
2019-08-25 19:00:00,299,,,85,98,165,268,11,,,314,,38
2019-08-25 20:00:00,207,,,94,46,350,237,96,,,278,,300
2019-08-25 21:00:00,171,,,297,345,58,217,118,,,162,,321
2019-08-25 22:00:00,155,,,115,158,58,199,100,,,152,,97
2019-08-25 23:00:00,119,,,129,119,137,195,121,,,158,,91
2019-08-26 00:00:00,215,,,348,115,252,230,198,,,133,,285
2019-08-26 01:00:00,302,,,352,325,140,298,214,,,6,,323
2019-08-26 02:00:00,223,,,324,311,,50,196,,,14,,266
2019-08-26 03:00:00,27,,,278,291,213,21,194,,,345,,227
2019-08-26 04:00:00,251,,,357,224,91,83,187,,,300,,196
2019-08-26 05:00:00,205,,,134,269,227,258,165,,,1,,208
2019-08-26 06:00:00,255,,,323,302,330,323,169,,,66,,174
2019-08-26 07:00:00,335,,,300,304,96,16,142,,,147,,207
2019-08-26 08:00:00,30,,,86,304,69,94,93,,,300,,81
2019-08-26 09:00:00,33,,,89,193,79,6,95,,,344,,243
2019-08-26 10:00:00,25,,,107,107,68,28,80,,,80,,282
2019-08-26 11:00:00,71,,,124,116,66,49,343,,,170,,80
2019-08-26 12:00:00,60,,,139,111,98,68,350,,,159,,64
2019-08-26 13:00:00,85,,,121,105,90,62,17,,,172,,54
2019-08-26 14:00:00,110,,,98,105,98,72,52,,,158,,67
2019-08-26 15:00:00,97,,,108,105,128,104,68,,,158,,71
2019-08-26 16:00:00,78,,,93,107,104,123,94,,,142,,76
2019-08-26 17:00:00,89,,,113,108,84,122,88,,,137,,50
2019-08-26 18:00:00,112,,,124,110,99,148,104,,,157,,92
2019-08-26 19:00:00,156,,,122,103,115,148,148,,,151,,107
2019-08-26 20:00:00,150,,,111,93,105,131,124,,,159,,117
2019-08-26 21:00:00,148,,,126,66,118,175,132,,,152,,76
2019-08-26 22:00:00,134,,,127,74,114,177,123,,,121,,77
2019-08-26 23:00:00,95,,,111,68,104,119,119,,,120,,112
2019-08-27 00:00:00,44,,,110,94,104,104,110,,,122,,124
2019-08-27 01:00:00,52,,,112,96,97,105,110,,,128,,122
2019-08-27 02:00:00,47,,,124,109,108,95,109,,,119,,131
2019-08-27 03:00:00,41,,,116,120,110,99,132,,,117,,132
2019-08-27 04:00:00,34,,,25,121,83,79,218,,,130,,109
2019-08-27 05:00:00,11,,,307,124,60,91,226,,,120,,121
2019-08-27 06:00:00,2,,,240,87,39,67,288,,,118,,122
2019-08-27 07:00:00,4,,,304,35,18,33,284,,,42,,156
2019-08-27 08:00:00,318,,,302,141,6,32,295,,,54,,262
2019-08-27 09:00:00,21,,,312,147,3,35,310,,,84,,336
2019-08-27 10:00:00,62,,,101,114,52,44,316,,,64,,60
2019-08-27 11:00:00,47,,,110,115,73,73,316,,,179,,80
2019-08-27 12:00:00,85,,,133,99,88,80,319,,,168,,78
2019-08-27 13:00:00,81,,,105,97,96,109,52,,,170,,67
2019-08-27 14:00:00,73,,,112,97,101,130,87,,,173,,60
2019-08-27 15:00:00,77,,,120,96,106,125,85,,,149,,48
2019-08-27 16:00:00,74,,,105,95,93,122,81,,,154,,45
2019-08-27 17:00:00,133,,,105,98,107,137,110,,,134,,92
2019-08-27 18:00:00,133,,,94,106,114,110,119,,,194,,93
2019-08-27 19:00:00,22,,,197,94,206,57,280,,,,,97
2019-08-27 20:00:00,155,,,112,88,87,169,104,,,,,88
2019-08-27 21:00:00,107,,,81,102,91,46,142,,,,,52
2019-08-27 22:00:00,94,,,358,92,29,67,124,,,42,,77
2019-08-27 23:00:00,26,,,,95,76,59,102,,,286,,82
2019-08-28 00:00:00,336,,,,99,95,55,117,,,286,,79
2019-08-28 01:00:00,19,,,,122,337,45,119,,,99,,87
2019-08-28 02:00:00,48,,,,116,86,56,138,,,43,,74
2019-08-28 03:00:00,58,,,,117,98,65,203,,,314,,93
2019-08-28 04:00:00,66,,,,65,112,52,207,,,291,,102
2019-08-28 05:00:00,67,,,,66,84,46,229,,,295,,104
2019-08-28 06:00:00,136,,,,69,112,22,227,,,326,,120
2019-08-28 07:00:00,352,,,,55,288,14,212,,,2,,148
2019-08-28 08:00:00,6,,,,57,339,31,239,,,43,,112
2019-08-28 09:00:00,5,,,,109,36,28,300,,,80,,76
2019-08-28 10:00:00,35,,,,108,30,36,302,,,164,,60
2019-08-28 11:00:00,52,,,,101,55,55,320,,,79,,59
2019-08-28 12:00:00,11,,,,94,87,58,327,,,43,,60
2019-08-28 13:00:00,36,,,,98,99,67,62,,,155,,78
2019-08-28 14:00:00,72,,,,98,88,75,71,,,138,,57
2019-08-28 15:00:00,66,,,,89,91,109,64,,,168,,56
2019-08-28 16:00:00,69,,,,87,104,108,57,,,172,,47
2019-08-28 17:00:00,85,,,,82,100,130,66,,,167,,76
2019-08-28 18:00:00,109,,,,89,102,129,68,,,193,,84
2019-08-28 19:00:00,145,,,,75,58,131,136,,,263,,79
2019-08-28 20:00:00,146,,,,82,284,70,147,,,115,,105
2019-08-28 21:00:00,143,,,,88,114,143,96,,,,,65
2019-08-28 22:00:00,5,,,,100,93,323,114,,,,,139
2019-08-28 23:00:00,151,,,,134,357,339,96,,,54,,193
2019-08-29 00:00:00,49,,,,158,86,54,229,,,48,,98
2019-08-29 01:00:00,6,,,,117,314,56,159,,,353,,117
2019-08-29 02:00:00,1,,,,22,27,44,243,,,359,,126
2019-08-29 03:00:00,16,,,,43,46,36,292,,,29,,148
2019-08-29 04:00:00,30,,,,104,43,42,282,,,350,,144
2019-08-29 05:00:00,10,,,,30,49,56,255,,,43,,176
2019-08-29 06:00:00,10,,,,5,44,32,259,,,6,,154
2019-08-29 07:00:00,34,,,,71,32,35,263,,,324,,154
2019-08-29 08:00:00,28,,,,53,31,30,273,,,303,,133
2019-08-29 09:00:00,8,,,,85,324,25,297,,,26,,81
2019-08-29 10:00:00,24,,,,125,52,37,303,,,42,,55
2019-08-29 11:00:00,16,,,,106,91,43,311,,,113,,85
2019-08-29 12:00:00,47,,,,98,100,82,330,,,92,,74
2019-08-29 13:00:00,63,,,,95,107,84,41,,,156,,67
2019-08-29 14:00:00,77,,,,101,94,111,64,,,154,,60
2019-08-29 15:00:00,94,,,,87,90,117,78,,,131,,50
2019-08-29 16:00:00,116,,,,81,94,107,82,,,137,,69
2019-08-29 17:00:00,131,,,,80,97,124,92,,,136,,66
2019-08-29 18:00:00,130,,,,82,94,118,91,,,141,,82
2019-08-29 19:00:00,151,,,,88,91,123,123,,,138,,88
2019-08-29 20:00:00,144,,,,85,90,129,130,,,139,,118
2019-08-29 21:00:00,140,,,,75,103,121,108,,,144,,107
2019-08-29 22:00:00,138,,,,83,115,122,106,,,132,,73
2019-08-29 23:00:00,124,,,,79,106,112,126,,,122,,56
2019-08-30 00:00:00,119,,,,90,105,105,121,,,127,,72
2019-08-30 01:00:00,50,,,,99,91,98,146,,,122,,98
2019-08-30 02:00:00,47,,,,96,101,75,166,,,119,,102
2019-08-30 03:00:00,44,,,,106,111,69,229,,,109,,109
2019-08-30 04:00:00,55,,,,128,94,72,223,,,107,,109
2019-08-30 05:00:00,56,,,,117,83,91,243,,,56,,119
2019-08-30 06:00:00,128,,,,112,64,100,236,,,68,,156
2019-08-30 07:00:00,77,,,,89,86,116,224,,,83,,214
2019-08-30 08:00:00,60,,,,37,71,92,91,,,108,,288
2019-08-30 09:00:00,52,,,,91,90,68,327,,,150,,60
2019-08-30 10:00:00,38,,,,82,115,75,317,,,107,,72
2019-08-30 11:00:00,50,,,,97,102,68,318,,,57,,71
2019-08-30 12:00:00,40,,,,106,84,58,9,,,70,,64
2019-08-30 13:00:00,66,,,,93,99,86,82,,,157,,58
2019-08-30 14:00:00,65,,,,97,96,106,67,,,153,,51
2019-08-30 15:00:00,84,,,,91,83,100,77,,,149,,63
2019-08-30 16:00:00,84,,,,79,81,92,68,,,155,,59
2019-08-30 17:00:00,92,,,,77,93,114,69,,,149,,73
2019-08-30 18:00:00,127,,,,73,91,116,102,,,142,,76
2019-08-30 19:00:00,106,,,,74,80,114,116,,,120,,84
2019-08-30 20:00:00,136,,,,85,93,129,122,,,98,,99
2019-08-30 21:00:00,135,,,,100,98,119,104,,,107,,102
2019-08-30 22:00:00,107,,,,86,99,125,85,,,124,,88
2019-08-30 23:00:00,120,,,,83,97,131,93,,,140,,69
2019-08-31 00:00:00,112,,,,84,98,117,89,,,131,,69
2019-08-31 01:00:00,111,,,,85,97,124,98,,,133,,72
2019-08-31 02:00:00,136,,,,83,99,122,105,,,135,,77
2019-08-31 03:00:00,97,,,,96,100,110,113,,,122,,74
2019-08-31 04:00:00,54,,,,109,63,106,115,,,122,,78
2019-08-31 05:00:00,44,,,,112,37,74,166,,,108,,86
2019-08-31 06:00:00,50,,,,116,49,82,187,,,60,,83
2019-08-31 07:00:00,87,,,,112,70,65,216,,,60,,95
2019-08-31 08:00:00,46,,,,113,70,42,257,,,44,,88
2019-08-31 09:00:00,358,,,,72,54,49,310,,,134,,83
2019-08-31 10:00:00,9,,,,75,42,55,314,,,56,,64
2019-08-31 11:00:00,11,,,,107,89,74,317,,,46,,76
2019-08-31 12:00:00,49,,,,100,93,66,78,,,145,,68
2019-08-31 13:00:00,72,,,,95,96,120,79,,,121,,58
2019-08-31 14:00:00,80,,,,98,90,108,85,,,151,,52
2019-08-31 15:00:00,87,,,,78,55,128,70,,,143,,59
2019-08-31 16:00:00,100,,,,82,48,77,104,,,108,,72
2019-08-31 17:00:00,56,,,,80,37,52,94,,,28,,61
2019-08-31 18:00:00,60,,,,86,64,71,64,,,349,,46
2019-08-31 19:00:00,68,,,,84,306,43,104,,,267,,72
2019-08-31 20:00:00,17,,,,103,315,37,104,,,171,,73
2019-08-31 21:00:00,41,,,,103,86,47,100,,,142,,83
2019-08-31 22:00:00,34,,,,99,66,68,140,,,72,,85
2019-08-31 23:00:00,81,,,,92,91,90,104,,,78,,78
2019-09-01 00:00:00,,,,,,,,,,,,,
2019-09-01 01:00:00,83,,,,83,109,108,103,,,185,6,75
2019-09-01 02:00:00,58,,,,98,99,100,126,,,113,7,81
2019-09-01 03:00:00,62,,,,99,76,73,134,,,125,45,88
2019-09-01 04:00:00,34,,,,98,45,51,152,,,134,71,86
2019-09-01 05:00:00,47,,,,133,36,50,248,,,83,23,101
2019-09-01 06:00:00,29,,,,64,329,44,280,,,40,16,124
2019-09-01 07:00:00,16,,,,333,301,36,253,,,316,4,209
2019-09-01 08:00:00,23,,,,85,328,30,289,,,294,4,115
2019-09-01 09:00:00,3,,,,100,77,41,309,,,200,7,65
2019-09-01 10:00:00,7,,,,113,114,43,323,,,183,9,79
2019-09-01 11:00:00,58,,,,99,89,66,340,,,192,10,72
2019-09-01 12:00:00,69,,,,103,87,92,53,,,93,8,56
2019-09-01 13:00:00,69,,,,95,95,113,64,,,,7,53
2019-09-01 14:00:00,81,,,,102,63,105,58,,,160,7,50
2019-09-01 15:00:00,153,,,,84,352,54,93,,,121,10,67
2019-09-01 16:00:00,124,,,,86,97,44,126,,,83,5,73
2019-09-01 17:00:00,64,,,,83,54,83,72,,,101,5,53
2019-09-01 18:00:00,145,,,,81,63,141,133,,,188,5,91
2019-09-01 19:00:00,143,,,,121,112,196,124,,,236,7,85
2019-09-01 20:00:00,130,,,,82,322,199,137,,,238,7,63
2019-09-01 21:00:00,119,,,,78,290,133,141,,,144,10,82
2019-09-01 22:00:00,118,,,,88,100,80,124,,,138,9,71
2019-09-01 23:00:00,70,,,,88,97,72,201,,,38,9,83
2019-09-02 00:00:00,96,,,,87,354,86,113,,,70,8,82
2019-09-02 01:00:00,145,,,,98,25,95,114,,,243,7,77
2019-09-02 02:00:00,131,,,,83,323,61,125,,,174,8,94
2019-09-02 03:00:00,95,,,,103,12,45,127,,,137,25,99
2019-09-02 04:00:00,65,,,,99,56,49,213,,,70,9,103
2019-09-02 05:00:00,12,,,,136,34,55,215,,,318,8,99
2019-09-02 06:00:00,295,,,,271,300,15,208,,,318,10,156
2019-09-02 07:00:00,327,,,,334,291,350,215,,,346,4,232
2019-09-02 08:00:00,232,,,,298,242,341,294,,,12,4,256
2019-09-02 09:00:00,25,,,,284,353,38,292,,,14,5,308
2019-09-02 10:00:00,23,,,,173,34,55,314,,,30,17,68
2019-09-02 11:00:00,40,,,,111,71,63,323,,,18,13,74
2019-09-02 12:00:00,57,,,,109,59,53,286,,,52,12,71
2019-09-02 13:00:00,5,,,,114,19,49,317,,,71,,81
2019-09-02 14:00:00,16,,,,115,26,54,319,,,76,,92
2019-09-02 15:00:00,60,,,,107,33,62,60,,,65,,75
2019-09-02 16:00:00,79,,,,88,81,110,74,,,54,,63
2019-09-02 17:00:00,109,,,,85,103,123,56,,,81,,75
2019-09-02 18:00:00,133,,,,104,107,149,103,,,105,,99
2019-09-02 19:00:00,136,,,,118,114,138,103,,,134,,111
2019-09-02 20:00:00,137,,,,90,118,143,115,,,170,,70
2019-09-02 21:00:00,145,,,,74,116,147,106,,,171,,63
2019-09-02 22:00:00,140,,,,72,115,167,102,,,157,,67
2019-09-02 23:00:00,138,,,,65,87,124,96,,,151,,64
2019-09-03 00:00:00,107,,,,66,52,82,127,,,118,,89
2019-09-03 01:00:00,45,,,,102,110,90,96,,,86,,70
2019-09-03 02:00:00,311,,,,109,118,53,124,,,249,,99
2019-09-03 03:00:00,332,,,,69,7,23,123,,,1,,232
2019-09-03 04:00:00,33,,,,323,65,40,212,,,32,,112
2019-09-03 05:00:00,59,,,,350,32,36,230,,,312,,123
2019-09-03 06:00:00,271,,,,58,297,310,216,,,329,,186
2019-09-03 07:00:00,339,,,,309,283,14,189,,,352,,334
2019-09-03 08:00:00,15,,,,29,310,3,116,,,,,34
2019-09-03 09:00:00,35,,,,128,322,356,266,,,336,,63
2019-09-03 10:00:00,27,,,,131,32,37,306,,,24,,59
2019-09-03 11:00:00,15,,,,100,3,37,305,,,74,,71
2019-09-03 12:00:00,353,,,,116,60,59,302,,,83,,77
2019-09-03 13:00:00,34,,,,109,45,66,307,,,57,,70
2019-09-03 14:00:00,77,,,,111,48,57,310,,,16,,74
2019-09-03 15:00:00,32,,,,95,51,53,290,,,325,,51
2019-09-03 16:00:00,15,,,,108,35,36,291,,,8,,60
2019-09-03 17:00:00,359,,,,110,348,22,296,,,58,,83
2019-09-03 18:00:00,3,,,,116,45,53,293,,,84,,78
2019-09-03 19:00:00,67,,,,92,69,90,77,,,111,,62
2019-09-03 20:00:00,124,,,,93,111,125,100,,,90,,70
2019-09-03 21:00:00,106,,,,78,117,138,110,,,246,,61
2019-09-03 22:00:00,136,,,,78,144,201,92,,,242,,78
2019-09-03 23:00:00,131,,,,93,288,206,172,,,277,,114
2019-09-04 00:00:00,91,,355,,30,113,202,164,,,314,,128
2019-09-04 01:00:00,260,,354,,343,299,262,197,,,2,,158
2019-09-04 02:00:00,251,,354,,223,265,235,220,,,338,,170
2019-09-04 03:00:00,217,,354,,301,65,238,101,,,347,,286
2019-09-04 04:00:00,164,,351,,305,266,323,194,,,327,,349
2019-09-04 05:00:00,253,,342,,125,235,259,196,,,290,,280
2019-09-04 06:00:00,263,,345,,26,238,271,273,,,301,,276
2019-09-04 07:00:00,249,,337,,127,228,263,285,,,316,,285
2019-09-04 08:00:00,248,,257,,52,231,296,291,,,310,,282
2019-09-04 09:00:00,248,,192,,280,229,274,287,,,314,,276
2019-09-04 10:00:00,253,,176,,233,243,273,288,,,317,,298
2019-09-04 11:00:00,266,,173,,265,247,305,299,,,320,,269
2019-09-04 12:00:00,261,,171,,257,242,315,302,,,310,,263
2019-09-04 13:00:00,253,,174,,242,233,287,302,,,308,,289
2019-09-04 14:00:00,268,,159,,251,231,304,301,,,310,,289
2019-09-04 15:00:00,,,138,,267,244,301,302,,,305,,311
2019-09-04 16:00:00,,,112,,197,241,271,293,,,329,,304
2019-09-04 17:00:00,,,149,,45,241,267,286,,,320,,284
2019-09-04 18:00:00,,,166,,300,249,284,283,,,337,,288
2019-09-04 19:00:00,,,170,,282,255,293,6,,,346,,289
2019-09-04 20:00:00,,,198,,283,241,292,286,,,320,,258
2019-09-04 21:00:00,,,221,,326,248,270,279,,,330,,268
2019-09-04 22:00:00,,,316,,289,239,314,281,,,301,,269
2019-09-04 23:00:00,,,325,,281,232,273,291,,,284,,281
2019-09-05 00:00:00,,,229,,283,238,275,300,,,295,,284
2019-09-05 01:00:00,,,278,,320,249,279,291,,,309,,269
2019-09-05 02:00:00,,,279,,297,,306,292,,,313,,272
2019-09-05 03:00:00,,,277,,277,,293,284,,,258,,297
2019-09-05 04:00:00,,,279,,306,246,262,216,,,176,,282
2019-09-05 05:00:00,,,261,,302,246,261,104,,,170,,274
2019-09-05 06:00:00,,,253,,278,224,222,132,,,87,,203
2019-09-05 07:00:00,,,244,,257,132,224,245,,,1,,279
2019-09-05 08:00:00,,,239,,115,280,250,250,,,24,,247
2019-09-05 09:00:00,,,253,,38,40,234,269,,,340,,191
2019-09-05 10:00:00,,,261,,86,62,5,262,,,38,,85
2019-09-05 11:00:00,,,354,,110,45,56,280,,,158,,80
2019-09-05 12:00:00,,,354,,97,95,43,311,,,146,,83
2019-09-05 13:00:00,,,354,,97,111,76,299,,,122,,70
2019-09-05 14:00:00,,,,,103,78,96,85,,,121,,73
2019-09-05 15:00:00,,,,,105,96,126,136,,,141,,73
2019-09-05 16:00:00,,,,,102,124,175,168,,,167,,83
2019-09-05 17:00:00,122,,,,104,112,185,116,,,165,,66
2019-09-05 18:00:00,138,,355,,87,142,102,143,,,156,,88
2019-09-05 19:00:00,179,,355,,87,119,116,136,,,187,,97
2019-09-05 20:00:00,159,,355,,101,147,157,128,,,178,,96
2019-09-05 21:00:00,106,,354,,107,135,158,106,,,74,,107
2019-09-05 22:00:00,27,,355,,119,104,95,121,,,261,,115
2019-09-05 23:00:00,82,,354,,126,85,77,112,,,51,,96
2019-09-06 00:00:00,43,,,,107,100,50,106,,,162,,102
2019-09-06 01:00:00,347,,,,119,28,39,96,,,183,,113
2019-09-06 02:00:00,40,,,,126,24,68,123,,,125,,114
2019-09-06 03:00:00,16,,,,114,37,58,113,,,32,,117
2019-09-06 04:00:00,35,,,,150,45,49,109,,,45,,135
2019-09-06 05:00:00,73,,,,151,34,50,90,,,53,,129
2019-09-06 06:00:00,46,,,,108,38,51,153,,,64,,138
2019-09-06 07:00:00,15,,,,119,29,44,293,,,50,,115
2019-09-06 08:00:00,22,,,,107,51,45,274,,,17,,114
2019-09-06 09:00:00,20,,,,121,57,72,305,,,42,,103
2019-09-06 10:00:00,51,,,,97,66,68,330,,,118,,77
2019-09-06 11:00:00,87,,,,97,89,96,62,,,153,,68
2019-09-06 12:00:00,81,,,,95,94,126,72,,,149,,64
2019-09-06 13:00:00,77,,,,93,98,117,73,,,135,,67
2019-09-06 14:00:00,86,,,,81,89,115,64,,,137,,47
2019-09-06 15:00:00,96,,,,83,89,117,64,,,129,,66
2019-09-06 16:00:00,96,,,,86,92,121,80,,,127,,69
2019-09-06 17:00:00,105,,,,84,94,131,90,,,96,,72
2019-09-06 18:00:00,129,,,,77,89,102,125,,,76,,73
2019-09-06 19:00:00,91,,,,84,91,95,92,,,89,,75
2019-09-06 20:00:00,115,,,,85,108,127,111,,,97,,75
2019-09-06 21:00:00,89,,,,91,105,115,112,,,105,,80
2019-09-06 22:00:00,76,,,,87,88,109,110,,,154,,74
2019-09-06 23:00:00,100,,,,88,104,119,113,,,160,,70
2019-09-07 00:00:00,149,,,,89,105,134,110,,,143,23,73
2019-09-07 01:00:00,133,,,,78,93,128,116,,,133,20,71
2019-09-07 02:00:00,80,,,,93,87,92,128,,,92,16,90
2019-09-07 03:00:00,29,,,,108,51,59,181,,,49,12,111
2019-09-07 04:00:00,62,,,,109,17,34,241,,,55,19,98
2019-09-07 05:00:00,7,,,,95,13,29,255,,,332,38,94
2019-09-07 06:00:00,1,,,,88,339,17,246,,,2,38,170
2019-09-07 07:00:00,333,,,,51,352,2,230,,,20,10,217
2019-09-07 08:00:00,357,,,,34,38,32,241,,,52,7,80
2019-09-07 09:00:00,23,,,,51,232,34,312,,,91,11,58
2019-09-07 10:00:00,355,,,,102,44,29,314,,,58,8,78
2019-09-07 11:00:00,30,,,,99,84,67,26,,,94,11,73
2019-09-07 12:00:00,69,,,,99,88,83,71,,,123,21,52
2019-09-07 13:00:00,71,,,,89,77,102,58,,,140,23,50
2019-09-07 14:00:00,78,,,,83,87,114,79,,,141,20,51
2019-09-07 15:00:00,90,,,,80,101,109,70,,,137,20,68
2019-09-07 16:00:00,96,,,,81,84,119,77,,,132,14,80
2019-09-07 17:00:00,103,,,,92,91,126,71,,,114,7,88
2019-09-07 18:00:00,103,,,,95,90,120,77,,,116,7,84
2019-09-07 19:00:00,106,,,,88,91,117,96,,,117,6,89
2019-09-07 20:00:00,141,,,,84,96,129,106,,,121,10,79
2019-09-07 21:00:00,144,,,,79,98,129,105,,,137,7,77
2019-09-07 22:00:00,130,,,,80,108,117,103,,,147,6,69
2019-09-07 23:00:00,104,,,,85,111,116,119,,,147,7,72
2019-09-08 00:00:00,57,,,,94,105,107,134,,,119,7,81
2019-09-08 01:00:00,57,,,,99,77,84,161,,,123,5,98
2019-09-08 02:00:00,44,,,,,,,,,,,6,
2019-09-08 03:00:00,6,,,,98,69,70,205,,,120,16,109
2019-09-08 04:00:00,44,,,,94,47,82,217,,,73,5,108
2019-09-08 05:00:00,76,,,,83,67,84,261,,,31,5,91
2019-09-08 06:00:00,11,,,,76,3,75,265,,,19,11,151
2019-09-08 07:00:00,24,,,,56,347,43,252,,,15,12,162
2019-09-08 08:00:00,30,,,,41,338,36,240,,,51,4,217
2019-09-08 09:00:00,36,,,,38,347,34,283,,,53,4,266
2019-09-08 10:00:00,16,,,,46,335,25,302,,,39,5,80
2019-09-08 11:00:00,33,,,,119,24,48,294,,,61,6,82
2019-09-08 12:00:00,58,,,,100,74,65,305,,,14,5,79
2019-09-08 13:00:00,72,,,,92,72,77,44,,,122,5,73
2019-09-08 14:00:00,65,,,,94,78,74,94,,,155,8,57
2019-09-08 15:00:00,78,,,,93,74,71,112,,,151,8,63
2019-09-08 16:00:00,107,,,,95,83,115,103,,,150,8,54
2019-09-08 17:00:00,147,,,,79,90,135,97,,,136,,77
2019-09-08 18:00:00,129,,,,77,109,136,115,,,132,,69
2019-09-08 19:00:00,135,,,,76,104,129,109,,,174,,65
2019-09-08 20:00:00,125,,,,77,102,132,114,,,122,7,67
2019-09-08 21:00:00,96,,,,80,97,111,99,,,121,7,65
2019-09-08 22:00:00,92,,,,86,122,97,103,,,168,9,71
2019-09-08 23:00:00,85,,,,101,114,98,127,,,143,6,67
2019-09-09 00:00:00,36,,,,101,121,78,120,,,104,11,77
2019-09-09 01:00:00,39,,,,123,70,76,172,,,103,20,111
2019-09-09 02:00:00,32,,,,122,98,74,206,,,116,5,105
2019-09-09 03:00:00,35,,,,114,86,96,235,,,122,5,112
2019-09-09 04:00:00,51,,,,127,95,111,224,,,111,14,107
2019-09-09 05:00:00,327,,,,151,124,54,229,,,81,10,180
2019-09-09 06:00:00,4,,,,124,60,68,237,,,76,4,174
2019-09-09 07:00:00,11,,,,78,58,80,226,,,78,4,215
2019-09-09 08:00:00,21,,,,134,43,80,233,,,62,4,241
2019-09-09 09:00:00,57,,,,76,50,87,268,,,114,5,48
2019-09-09 10:00:00,34,,,,87,94,55,300,,,124,,80
2019-09-09 11:00:00,24,,,,96,140,39,317,,,129,,56
2019-09-09 12:00:00,30,,,,90,106,56,7,,,153,,65
2019-09-09 13:00:00,30,,,,89,112,68,43,,,153,,73
2019-09-09 14:00:00,56,,,,95,85,93,76,,,154,,64
2019-09-09 15:00:00,99,,,,91,111,124,105,,,144,,54
2019-09-09 16:00:00,147,,,,86,96,127,123,,,136,,70
2019-09-09 17:00:00,147,,,,85,100,126,100,,,133,,85
2019-09-09 18:00:00,149,,,,92,96,150,91,,,161,,76
2019-09-09 19:00:00,135,,,,97,117,173,123,,,163,,73
2019-09-09 20:00:00,135,,,,89,101,128,107,,,114,,70
2019-09-09 21:00:00,97,,,,89,98,107,94,,,96,,59
2019-09-09 22:00:00,131,,,,87,107,122,95,,,147,,63
2019-09-09 23:00:00,91,,,,83,99,107,103,,,152,,68
2019-09-10 00:00:00,60,,,,101,85,86,116,,,119,,81
2019-09-10 01:00:00,14,,,,103,96,77,115,,,124,,115
2019-09-10 02:00:00,33,,,,124,55,71,157,,,117,,108
2019-09-10 03:00:00,58,,,,108,98,73,216,,,113,,95
2019-09-10 04:00:00,53,,,,100,96,89,226,,,85,,108
2019-09-10 05:00:00,28,,,,124,86,93,240,,,67,,111
2019-09-10 06:00:00,167,,,,61,61,101,205,,,98,,99
2019-09-10 07:00:00,37,,,,129,65,84,213,,,108,,155
2019-09-10 08:00:00,84,,,,95,76,115,187,,,97,,69
2019-09-10 09:00:00,57,,,,105,81,75,8,,,78,,74
2019-09-10 10:00:00,74,,,,112,85,69,315,,,92,,82
2019-09-10 11:00:00,60,,,,116,82,82,84,,,133,,69
2019-09-10 12:00:00,64,,,,110,80,82,60,,,161,,61
2019-09-10 13:00:00,65,,,,106,89,93,85,,,155,,56
2019-09-10 14:00:00,96,,,,100,88,122,90,,,173,,64
2019-09-10 15:00:00,139,,,,89,103,127,119,,,154,,86
2019-09-10 16:00:00,153,,,,94,85,125,122,,,151,,83
2019-09-10 17:00:00,152,,,,81,101,152,105,,,152,,73
2019-09-10 18:00:00,123,,,,84,114,164,89,,,156,,72
2019-09-10 19:00:00,136,,,,90,107,126,104,,,150,,68
2019-09-10 20:00:00,135,,,,85,98,113,100,,,137,,68
2019-09-10 21:00:00,136,,,,75,80,101,103,,,135,,75
2019-09-10 22:00:00,143,,,,81,80,99,106,,,119,,70
2019-09-10 23:00:00,84,,,,80,94,112,85,,,123,,61
2019-09-11 00:00:00,95,,,,87,87,118,98,,,129,,56
2019-09-11 01:00:00,128,,,,86,96,113,99,,,136,,67
2019-09-11 02:00:00,128,,,,85,94,125,92,,,132,,59
2019-09-11 03:00:00,96,,,,91,91,115,106,,,123,,62
2019-09-11 04:00:00,23,,,,105,73,98,175,,,82,,114
2019-09-11 05:00:00,12,,,,76,38,53,215,,,42,,123
2019-09-11 06:00:00,47,,,,107,55,74,156,,,82,,103
2019-09-11 07:00:00,83,,,,102,80,100,114,,,123,,73
2019-09-11 08:00:00,72,,,,108,86,114,106,,,132,,87
2019-09-11 09:00:00,47,,,,116,92,111,85,,,156,,97
2019-09-11 10:00:00,20,,,,118,86,42,320,,,197,,59
2019-09-11 11:00:00,355,,,,129,306,319,314,,,148,,213
2019-09-11 12:00:00,45,,,,46,45,57,338,,,158,,67
2019-09-11 13:00:00,73,,,,86,78,89,61,,,148,,67
2019-09-11 14:00:00,91,,,,92,93,119,64,,,127,,56
2019-09-11 15:00:00,101,,,,92,90,114,64,,,118,,81
2019-09-11 16:00:00,96,,,,93,98,134,91,,,117,,88
2019-09-11 17:00:00,143,,,,98,119,190,94,,,154,,79
2019-09-11 18:00:00,137,,,,91,137,198,117,,,169,,61
2019-09-11 19:00:00,139,,,,91,109,120,106,,,179,,73
2019-09-11 20:00:00,153,,,,81,114,145,104,,,171,,92
2019-09-11 21:00:00,140,,,,85,108,133,123,,,141,,66
2019-09-11 22:00:00,112,,,,85,99,105,120,,,116,,70
2019-09-11 23:00:00,56,,,,89,74,87,115,,,84,,84
2019-09-12 00:00:00,49,,,,104,64,67,133,,,91,,93
2019-09-12 01:00:00,51,,,,115,102,100,127,,,116,,87
2019-09-12 02:00:00,73,,,,92,91,101,108,,,130,,84
2019-09-12 03:00:00,64,,,,84,94,120,116,,,126,,68
2019-09-12 04:00:00,56,,,,84,100,128,106,,,104,,68
2019-09-12 05:00:00,42,,,,87,93,124,102,,,99,,78
2019-09-12 06:00:00,47,,,,96,78,69,129,,,90,,92
2019-09-12 07:00:00,68,,,,110,55,74,108,,,79,,83
2019-09-12 08:00:00,71,,,,109,46,73,93,,,114,,79
2019-09-12 09:00:00,77,,,,111,73,71,101,,,131,,73
2019-09-12 10:00:00,58,,,,109,65,65,84,,,130,,65
2019-09-12 11:00:00,56,,,,108,68,77,83,,,136,,63
2019-09-12 12:00:00,51,,,,100,87,103,85,,,139,,52
2019-09-12 13:00:00,101,,,,101,88,117,96,,,134,,56
2019-09-12 14:00:00,131,,,,77,92,121,98,,,129,,65
2019-09-12 15:00:00,91,,,,78,89,104,84,,,131,,71
2019-09-12 16:00:00,105,,,,83,86,114,84,,,128,,68
2019-09-12 17:00:00,93,,,,80,85,115,84,,,111,,78
2019-09-12 18:00:00,94,,,,87,89,116,82,,,124,,89
2019-09-12 19:00:00,146,,,,93,106,167,118,,,197,,70
2019-09-12 20:00:00,133,,,,84,125,178,112,,,156,,77
2019-09-12 21:00:00,92,,,,84,85,94,103,,,81,,74
2019-09-12 22:00:00,80,,,,83,89,101,116,,,74,,85
2019-09-12 23:00:00,92,,,,85,91,101,128,,,96,,89
2019-09-13 00:00:00,79,,,,86,99,97,117,,,173,,90
2019-09-13 01:00:00,79,,,,87,101,114,112,,,154,,98
2019-09-13 02:00:00,86,,,,94,87,110,111,,,179,,80
2019-09-13 03:00:00,39,,,,87,92,115,112,,,157,,75
2019-09-13 04:00:00,64,,,,87,90,82,112,,,102,,81
2019-09-13 05:00:00,60,,,,89,74,79,110,,,84,,105
2019-09-13 06:00:00,55,,,,89,71,83,106,,,74,,85
2019-09-13 07:00:00,60,,,,92,61,83,113,,,56,,79
2019-09-13 08:00:00,79,,,,101,77,107,114,,,75,,62
2019-09-13 09:00:00,78,,,,103,68,73,98,,,74,,62
2019-09-13 10:00:00,75,,,,102,83,85,87,,,134,,60
2019-09-13 11:00:00,83,,,,97,79,86,74,,,136,,63
2019-09-13 12:00:00,77,,,,88,88,104,59,,,,,56
2019-09-13 13:00:00,86,,,,93,88,110,70,,,73,,59
2019-09-13 14:00:00,97,,,,88,97,118,48,,,88,,61
2019-09-13 15:00:00,78,,,,96,110,127,58,,,75,,56
2019-09-13 16:00:00,81,,,,102,96,118,119,,,119,,81
2019-09-13 17:00:00,127,,,,84,99,141,120,,,158,,72
2019-09-13 18:00:00,138,,,,90,147,195,106,,,182,,66
2019-09-13 19:00:00,130,,,,88,108,139,103,,,181,,71
2019-09-13 20:00:00,153,,,,85,118,208,107,,,168,,68
2019-09-13 21:00:00,99,,,,80,91,95,135,,,102,,72
2019-09-13 22:00:00,93,,,,86,119,92,150,,,88,,78
2019-09-13 23:00:00,87,,,,97,79,83,115,,,198,,74
2019-09-14 00:00:00,64,,,,94,326,44,115,,,3,7,77
2019-09-14 01:00:00,87,,,,127,27,48,108,,,63,7,92
2019-09-14 02:00:00,75,,,,122,25,43,134,,,133,6,99
2019-09-14 03:00:00,14,,,,116,17,44,159,,,80,10,135
2019-09-14 04:00:00,47,,,,106,279,43,199,,,322,15,116
2019-09-14 05:00:00,58,,,,161,309,30,230,,,359,20,91
2019-09-14 06:00:00,154,,,,7,291,35,224,,,333,14,136
2019-09-14 07:00:00,210,,,,24,177,44,202,,,346,7,171
2019-09-14 08:00:00,107,,,,60,107,35,191,,,314,4,100
2019-09-14 09:00:00,57,,,,84,49,50,297,,,20,8,89
2019-09-14 10:00:00,50,,,,111,50,64,1,,,86,13,70
2019-09-14 11:00:00,75,,,,110,88,65,90,,,100,10,57
2019-09-14 12:00:00,81,,,,101,74,83,51,,,101,9,47
2019-09-14 13:00:00,77,,,,97,85,84,46,,,61,9,55
2019-09-14 14:00:00,59,,,,99,81,93,76,,,81,9,51
2019-09-14 15:00:00,72,,,,102,77,109,58,,,71,6,54
2019-09-14 16:00:00,89,,,,91,60,82,85,,,81,5,64
2019-09-14 17:00:00,107,,,,80,71,87,94,,,85,5,74
2019-09-14 18:00:00,101,,,,78,71,135,142,,,82,5,101
2019-09-14 19:00:00,133,,,,79,71,122,147,,,135,4,110
2019-09-14 20:00:00,137,,,,113,84,134,132,,,154,4,98
2019-09-14 21:00:00,133,,,,93,115,149,123,,,194,4,96
2019-09-14 22:00:00,119,,,,79,125,194,113,,,128,5,97
2019-09-14 23:00:00,131,,,,75,99,141,114,,,144,4,91
2019-09-15 00:00:00,76,,,,84,97,112,153,,,183,8,88
2019-09-15 01:00:00,54,,,,97,114,116,143,,,175,5,135
2019-09-15 02:00:00,31,,,,113,304,36,147,,,298,6,159
2019-09-15 03:00:00,2,,,,147,277,39,233,,,17,8,172
2019-09-15 04:00:00,21,,,,316,268,22,219,,,3,11,204
2019-09-15 05:00:00,215,,,,315,253,23,239,,,352,10,249
2019-09-15 06:00:00,220,,,,302,248,329,237,,,324,4,238
2019-09-15 07:00:00,248,,,,289,245,275,230,,,304,4,236
2019-09-15 08:00:00,252,,,,290,163,276,241,,,289,4,241
2019-09-15 09:00:00,233,,,,288,317,287,305,,,338,,280
2019-09-15 10:00:00,360,,,,171,42,24,305,,,56,6,64
2019-09-15 11:00:00,8,,,,107,45,46,344,,,53,7,77
2019-09-15 12:00:00,60,,,,102,51,82,15,,,66,6,72
2019-09-15 13:00:00,63,,,,104,52,70,22,,,78,5,59
2019-09-15 14:00:00,72,,,,103,48,45,51,,,84,5,59
2019-09-15 15:00:00,32,,,,99,50,70,76,,,48,5,47
2019-09-15 16:00:00,63,,,,101,64,102,111,,,57,4,67
2019-09-15 17:00:00,94,,,,98,57,89,138,,,30,4,74
2019-09-15 18:00:00,106,,,,90,70,79,141,,,20,4,93
2019-09-15 19:00:00,160,,,,96,66,158,130,,,144,5,110
2019-09-15 20:00:00,141,,,,100,102,158,161,,,137,5,88
2019-09-15 21:00:00,118,,,,69,100,120,120,,,81,5,91
2019-09-15 22:00:00,98,,,,78,111,127,113,,,111,,65
2019-09-15 23:00:00,131,,,,88,106,124,119,,,147,,71
2019-09-16 00:00:00,136,,,,86,108,122,137,,,158,6,80
2019-09-16 01:00:00,92,,,,98,102,100,119,,,142,5,101
2019-09-16 02:00:00,112,,,,125,85,81,201,,,122,8,119
2019-09-16 03:00:00,91,,,,109,44,91,188,,,207,7,124
2019-09-16 04:00:00,32,,,,113,41,81,152,,,299,8,140
2019-09-16 05:00:00,349,,,,347,348,34,219,,,315,18,201
2019-09-16 06:00:00,245,,,,324,313,296,216,,,303,5,242
2019-09-16 07:00:00,241,,,,303,306,340,221,,,9,5,242
2019-09-16 08:00:00,224,,,,298,306,71,154,,,5,5,253
2019-09-16 09:00:00,44,,,,288,356,42,309,,,325,,263
2019-09-16 10:00:00,42,,,,300,3,59,313,,,348,7,71
2019-09-16 11:00:00,13,,,,291,50,43,351,,,16,,71
2019-09-16 12:00:00,34,,,,96,36,63,29,,,53,,63
2019-09-16 13:00:00,63,,,,110,73,78,162,,,56,,78
2019-09-16 14:00:00,70,,,,99,61,69,80,,,81,,81
2019-09-16 15:00:00,75,,,,90,67,102,72,,,65,,75
2019-09-16 16:00:00,97,,,,90,77,105,86,,,57,,70
2019-09-16 17:00:00,108,,,,96,81,111,104,,,49,,82
2019-09-16 18:00:00,94,,,,87,84,140,143,,,53,,86
2019-09-16 19:00:00,143,,,,101,101,136,143,,,75,,78
2019-09-16 20:00:00,145,,,,104,120,150,136,,,161,,84
2019-09-16 21:00:00,132,,,,99,113,163,118,,,237,,78
2019-09-16 22:00:00,117,,,,88,112,187,127,,,177,,78
2019-09-16 23:00:00,120,,,,95,104,189,94,,,219,,122
2019-09-17 00:00:00,136,,,,50,141,153,108,,,21,,154
2019-09-17 01:00:00,86,,,,106,352,275,203,,,139,,169
2019-09-17 02:00:00,84,,,,5,259,38,171,,,115,,204
2019-09-17 03:00:00,94,,,,35,315,32,198,,,343,,144
2019-09-17 04:00:00,220,,,,4,288,25,225,,,330,,235
2019-09-17 05:00:00,242,,,,285,303,14,221,,,8,,241
2019-09-17 06:00:00,280,,,,306,295,23,158,,,343,,245
2019-09-17 07:00:00,301,,,,313,293,327,202,,,303,,171
2019-09-17 08:00:00,224,,,,278,235,317,200,,,342,,272
2019-09-17 09:00:00,1,,,,284,314,28,133,,,351,,24
2019-09-17 10:00:00,20,,,,122,39,2,102,,,29,,60
2019-09-17 11:00:00,60,,,,91,62,67,109,,,114,,70
2019-09-17 12:00:00,91,,,,107,78,94,93,,,110,,69
2019-09-17 13:00:00,79,,,,95,79,80,78,,,173,,59
2019-09-17 14:00:00,84,,,,100,79,85,79,,,141,,56
2019-09-17 15:00:00,90,,,,102,87,114,109,,,164,,69
2019-09-17 16:00:00,92,,,,100,74,103,127,,,141,,78
2019-09-17 17:00:00,151,,,,93,92,120,131,,,149,,87
2019-09-17 18:00:00,159,,,,86,93,131,140,,,138,,93
2019-09-17 19:00:00,158,,,,97,100,139,143,,,147,,78
2019-09-17 20:00:00,137,,,,106,110,136,137,,,160,,109
2019-09-17 21:00:00,136,,,,116,109,127,133,,,156,,144
2019-09-17 22:00:00,114,,,,93,138,235,108,,,174,,156
2019-09-17 23:00:00,118,,,,93,237,261,106,,,157,,219
2019-09-18 00:00:00,92,,,,159,3,111,111,,,137,,167
2019-09-18 01:00:00,69,,,,131,59,89,113,,,135,,191
2019-09-18 02:00:00,19,,,,133,42,63,141,,,143,,160
2019-09-18 03:00:00,348,,,,34,295,40,221,,,70,,240
2019-09-18 04:00:00,221,,,,354,10,39,230,,,44,,233
2019-09-18 05:00:00,219,,,,290,318,29,232,,,29,,243
2019-09-18 06:00:00,267,,,,293,317,14,237,,,21,,247
2019-09-18 07:00:00,345,,,,300,304,19,238,,,25,,230
2019-09-18 08:00:00,346,,,,293,354,14,268,,,347,,253
2019-09-18 09:00:00,24,,,,271,354,33,299,,,33,,266
2019-09-18 10:00:00,26,,,,297,320,20,297,,,33,,354
2019-09-18 11:00:00,11,,,,99,46,45,306,,,35,,51
2019-09-18 12:00:00,354,,,,135,69,59,303,,,68,,72
2019-09-18 13:00:00,31,,,,82,79,71,303,,,86,,77
2019-09-18 14:00:00,56,,,,99,73,75,9,,,80,,66
2019-09-18 15:00:00,82,,,,97,84,78,104,,,118,,56
2019-09-18 16:00:00,110,,,,93,92,110,176,,,169,,69
2019-09-18 17:00:00,138,,,,88,76,142,152,,,186,,65
2019-09-18 18:00:00,131,,,,96,110,146,116,,,206,,71
2019-09-18 19:00:00,125,,,,107,117,164,144,,,260,,77
2019-09-18 20:00:00,126,,,,109,120,207,149,,,272,,95
2019-09-18 21:00:00,113,,,,112,133,207,134,,,125,,152
2019-09-18 22:00:00,109,,,,122,125,186,108,,,126,,191
2019-09-18 23:00:00,64,,,,147,91,119,117,,,123,,144
2019-09-19 00:00:00,61,,,,111,99,82,108,,,166,,124
2019-09-19 01:00:00,28,,,,133,67,66,211,,,146,,131
2019-09-19 02:00:00,8,,,,73,335,46,224,,,68,,211
2019-09-19 03:00:00,42,,,,41,353,45,240,,,37,,221
2019-09-19 04:00:00,279,,,,103,323,34,240,,,31,,249
2019-09-19 05:00:00,354,,,,356,343,66,229,,,70,,300
2019-09-19 06:00:00,343,,,,68,22,81,226,,,157,,194
2019-09-19 07:00:00,22,,,,33,5,60,202,,,7,,221
2019-09-19 08:00:00,238,,,,8,339,24,225,,,30,,271
2019-09-19 09:00:00,308,,,,295,8,17,296,,,33,,290
2019-09-19 10:00:00,51,,,,341,18,23,309,,,40,,61
2019-09-19 11:00:00,68,,,,101,25,37,312,,,52,,74
2019-09-19 12:00:00,47,,,,95,66,60,319,,,62,,75
2019-09-19 13:00:00,88,,,,95,78,75,338,,,151,,68
2019-09-19 14:00:00,84,,,,89,96,80,112,,,159,,66
2019-09-19 15:00:00,54,,,,100,84,66,92,,,146,,63
2019-09-19 16:00:00,70,,,,93,70,108,83,,,140,,75
2019-09-19 17:00:00,96,,,,92,78,125,85,,,153,,63
2019-09-19 18:00:00,144,,,,88,94,129,116,,,148,,74
2019-09-19 19:00:00,139,,,,80,102,126,133,,,149,,69
2019-09-19 20:00:00,131,,,,96,91,109,132,,,168,,67
2019-09-19 21:00:00,119,,,,84,93,106,107,,,162,,86
2019-09-19 22:00:00,124,,,,73,94,107,111,,,128,,110
2019-09-19 23:00:00,77,,,,91,93,118,106,,,132,,87
2019-09-20 00:00:00,53,,355,,85,94,91,,,,123,12,70
2019-09-20 01:00:00,67,,354,,86,88,110,,,,126,12,88
2019-09-20 02:00:00,68,,354,,85,89,126,,,,137,14,73
2019-09-20 03:00:00,71,,354,,98,100,121,,,,137,14,75
2019-09-20 04:00:00,80,,,,104,93,103,,,,112,12,98
2019-09-20 05:00:00,80,,,,111,72,104,,,,121,14,94
2019-09-20 06:00:00,78,,,,99,82,91,,,,122,12,103
2019-09-20 07:00:00,59,,,,103,95,113,,,,106,12,96
2019-09-20 08:00:00,70,,,,100,74,101,,,,55,11,80
2019-09-20 09:00:00,72,,,,115,82,85,,,,71,11,84
2019-09-20 10:00:00,81,,,,108,85,93,,,,127,12,86
2019-09-20 11:00:00,78,,,,95,79,92,,,,142,11,75
2019-09-20 12:00:00,85,,,,100,83,92,,,,142,16,79
2019-09-20 13:00:00,89,,355,,95,83,118,,,,146,19,76
2019-09-20 14:00:00,73,,354,,101,80,124,,,,157,12,60
2019-09-20 15:00:00,86,,354,,93,102,125,,,,153,12,69
2019-09-20 16:00:00,140,,354,,88,103,145,,,,161,13,84
2019-09-20 17:00:00,142,,,,91,96,130,,,,153,14,65
2019-09-20 18:00:00,137,,,,90,100,142,,,,147,16,63
2019-09-20 19:00:00,125,,355,,84,104,132,,,,146,17,65
2019-09-20 20:00:00,135,,355,,79,103,132,,,,124,18,73
2019-09-20 21:00:00,138,,355,,78,93,112,,,,127,17,75
2019-09-20 22:00:00,140,,,,82,93,123,95,,,123,,68
2019-09-20 23:00:00,129,,,,87,87,114,88,,,122,,61
2019-09-21 00:00:00,77,,,,87,88,118,119,,,115,,67
2019-09-21 01:00:00,69,,,,89,89,109,123,,,117,,81
2019-09-21 02:00:00,58,,,,89,85,122,124,,,123,,84
2019-09-21 03:00:00,38,,,,98,85,119,122,,,123,,93
2019-09-21 04:00:00,47,,,,111,64,107,130,,,108,,98
2019-09-21 05:00:00,71,,,,115,55,90,142,,,64,,90
2019-09-21 06:00:00,70,,,,113,61,86,135,,,61,,103
2019-09-21 07:00:00,91,,,,116,69,105,122,,,60,,81
2019-09-21 08:00:00,81,,,,95,74,80,123,,,123,,84
2019-09-21 09:00:00,58,,,,106,69,75,86,,,143,,76
2019-09-21 10:00:00,53,,,,103,85,90,82,,,152,,76
2019-09-21 11:00:00,61,,,,99,86,102,93,,,144,,70
2019-09-21 12:00:00,77,,,,81,96,111,82,,,153,,58
2019-09-21 13:00:00,149,,,,78,99,119,103,,,140,,64
2019-09-21 14:00:00,142,,,,82,101,119,107,,,137,,68
2019-09-21 15:00:00,129,,,,83,106,129,117,,,122,,78
2019-09-21 16:00:00,138,,,,84,100,133,98,,,141,,83
2019-09-21 17:00:00,132,,,,85,98,146,90,,,161,,84
2019-09-21 18:00:00,140,,,,89,106,132,106,,,158,,79
2019-09-21 19:00:00,156,,,,83,94,125,106,,,127,,82
2019-09-21 20:00:00,133,,,,78,88,108,103,,,129,,74
2019-09-21 21:00:00,91,,,,80,96,114,90,,,125,,71
2019-09-21 22:00:00,110,,,,86,108,116,96,,,123,,65
2019-09-21 23:00:00,115,,,,84,100,121,88,,,124,,65
2019-09-22 00:00:00,85,,,,89,73,114,109,,,118,,69
2019-09-22 01:00:00,65,,,,93,81,109,127,,,115,,67
2019-09-22 02:00:00,60,,,,91,78,112,134,,,111,,77
2019-09-22 03:00:00,65,,,,113,68,89,148,,,82,,90
2019-09-22 04:00:00,82,,,,119,59,80,118,,,64,,100
2019-09-22 05:00:00,83,,,,132,43,84,199,,,65,,102
2019-09-22 06:00:00,73,,,,101,50,71,231,,,68,,98
2019-09-22 07:00:00,79,,,,101,52,81,267,,,89,,95
2019-09-22 08:00:00,83,,,,97,75,75,293,,,115,,79
2019-09-22 09:00:00,60,,,,111,68,73,307,,,114,,93
2019-09-22 10:00:00,21,,,,114,64,72,316,,,126,,92
2019-09-22 11:00:00,58,,,,69,144,88,311,,,170,,96
2019-09-22 12:00:00,70,,,,106,80,80,48,,,180,,91
2019-09-22 13:00:00,68,,,,102,74,89,109,,,157,,76
2019-09-22 14:00:00,86,,,,105,84,114,109,,,163,,70
2019-09-22 15:00:00,146,,,,101,89,135,136,,,153,,76
2019-09-22 16:00:00,150,,,,96,93,146,103,,,137,,80
2019-09-22 17:00:00,136,,,,94,92,131,104,,,129,,68
2019-09-22 18:00:00,134,,,,91,78,126,137,,,114,,67
2019-09-22 19:00:00,127,,,,88,82,121,116,,,112,,75
2019-09-22 20:00:00,113,,,,76,63,124,107,,,135,,93
2019-09-22 21:00:00,140,,,,76,286,116,100,,,132,,95
2019-09-22 22:00:00,85,,,,94,92,109,124,,,126,,114
2019-09-22 23:00:00,65,,,,91,111,116,131,,,135,,129
2019-09-23 00:00:00,30,,,,122,81,70,152,,,135,,138
2019-09-23 01:00:00,55,,,,129,63,64,198,,,88,,101
2019-09-23 02:00:00,48,,,,107,80,64,269,,,75,,103
2019-09-23 03:00:00,69,,,,101,67,69,264,,,76,,93
2019-09-23 04:00:00,22,,,,93,54,82,240,,,75,,72
2019-09-23 05:00:00,33,,,,103,45,62,233,,,16,,81
2019-09-23 06:00:00,11,,,,92,9,35,236,,,14,,232
2019-09-23 07:00:00,17,,,,7,339,29,244,,,46,,184
2019-09-23 08:00:00,7,,,,312,19,33,309,,,79,,135
2019-09-23 09:00:00,33,,,,106,86,34,316,,,99,,70
2019-09-23 10:00:00,32,,,,91,74,49,313,,,94,,78
2019-09-23 11:00:00,76,,,,97,85,67,30,,,154,,66
2019-09-23 12:00:00,63,,,,102,82,96,104,,,158,,68
2019-09-23 13:00:00,56,,,,98,84,103,84,,,133,,50
2019-09-23 14:00:00,87,,,,95,85,119,95,,,136,,46
2019-09-23 15:00:00,137,,,,87,91,115,92,,,122,,73
2019-09-23 16:00:00,146,,,,83,88,122,104,,,130,,83
2019-09-23 17:00:00,116,,,,91,95,117,103,,,125,,81
2019-09-23 18:00:00,110,,,,83,88,110,107,,,122,,78
2019-09-23 19:00:00,145,,,,73,88,114,120,,,126,,71
2019-09-23 20:00:00,146,,,,76,92,105,122,,,152,,72
2019-09-23 21:00:00,113,,,,84,80,104,110,,,126,,66
2019-09-23 22:00:00,91,,,,84,103,119,105,,,128,,70
2019-09-23 23:00:00,134,,,,87,112,121,121,,,139,,73
2019-09-24 00:00:00,97,,,,95,93,114,106,,,134,,113
2019-09-24 01:00:00,51,,,,117,71,84,154,,,116,,119
2019-09-24 02:00:00,67,,,,121,52,70,228,,,71,,99
2019-09-24 03:00:00,71,,,,100,46,69,232,,,53,,111
2019-09-24 04:00:00,71,,,,113,41,68,235,,,49,,138
2019-09-24 05:00:00,17,,,,94,45,61,238,,,17,,162
2019-09-24 06:00:00,14,,,,94,49,62,240,,,72,,173
2019-09-24 07:00:00,17,,,,89,35,39,257,,,91,,246
2019-09-24 08:00:00,10,,,,89,37,41,306,,,92,,225
2019-09-24 09:00:00,17,,,,98,20,37,310,,,75,,98
2019-09-24 10:00:00,37,,,,97,50,68,317,,,81,,77
2019-09-24 11:00:00,54,,,,91,77,71,310,,,141,,70
2019-09-24 12:00:00,77,,,,92,87,84,86,,,152,,72
2019-09-24 13:00:00,77,,,,100,73,83,109,,,157,,67
2019-09-24 14:00:00,89,,,,96,79,100,113,,,166,,55
2019-09-24 15:00:00,123,,,,92,94,120,109,,,148,,70
2019-09-24 16:00:00,159,,,,85,102,136,114,,,129,,80
2019-09-24 17:00:00,143,,,,78,108,134,118,,,126,,62
2019-09-24 18:00:00,132,,,,82,90,135,114,,,121,,66
2019-09-24 19:00:00,127,,,,82,92,124,112,,,125,,67
2019-09-24 20:00:00,116,,,,79,99,120,114,,,129,,68
2019-09-24 21:00:00,90,,,,77,108,119,102,,,129,,63
2019-09-24 22:00:00,88,,,,83,96,111,98,,,125,,61
2019-09-24 23:00:00,74,,,,91,93,114,113,,,121,,64
2019-09-25 00:00:00,56,,,,95,103,116,121,,,114,,77
2019-09-25 01:00:00,52,,,,105,67,80,186,,,96,,95
2019-09-25 02:00:00,79,,,,99,43,69,217,,,123,,90
2019-09-25 03:00:00,19,,,,76,48,64,234,,,122,,118
2019-09-25 04:00:00,25,,,,58,45,60,240,,,54,,119
2019-09-25 05:00:00,47,,,,90,36,76,206,,,79,,86
2019-09-25 06:00:00,41,,,,62,35,76,198,,,91,,164
2019-09-25 07:00:00,37,,,,27,47,71,269,,,66,,232
2019-09-25 08:00:00,41,,,,43,68,70,288,,,104,,194
2019-09-25 09:00:00,58,,,,93,88,84,290,,,152,,75
2019-09-25 10:00:00,30,,,,73,84,49,298,,,23,,73
2019-09-25 11:00:00,76,,,,90,62,46,283,,,48,,63
2019-09-25 12:00:00,64,,,,99,66,69,225,,,40,,68
2019-09-25 13:00:00,75,,,,99,63,65,151,,,17,,73
2019-09-25 14:00:00,87,,,,104,90,81,102,,,112,,80
2019-09-25 15:00:00,101,,,,100,97,83,111,,,141,,76
2019-09-25 16:00:00,127,,,,97,80,113,109,,,141,,102
2019-09-25 17:00:00,126,,,,91,84,120,141,,,128,,84
2019-09-25 18:00:00,127,,,,88,85,116,138,,,155,,85
2019-09-25 19:00:00,147,,,,93,91,125,141,,,226,,86
2019-09-25 20:00:00,132,,,,89,97,149,132,,,305,,72
2019-09-25 21:00:00,119,,,,109,68,149,126,,,71,,94
2019-09-25 22:00:00,126,,,,99,309,111,118,,,131,,106
2019-09-25 23:00:00,95,,,,128,101,116,122,,,149,,96
2019-09-26 00:00:00,75,,,,117,98,99,125,,,111,,96
2019-09-26 01:00:00,114,,,,114,97,73,166,,,78,,77
2019-09-26 02:00:00,61,,,,82,90,85,160,,,122,,102
2019-09-26 03:00:00,78,,,,109,66,73,239,,,115,,100
2019-09-26 04:00:00,80,,,,85,71,87,278,,,68,,100
2019-09-26 05:00:00,102,,,,98,74,71,247,,,53,,99
2019-09-26 06:00:00,32,,,,68,45,74,245,,,68,,141
2019-09-26 07:00:00,61,,,,66,47,80,230,,,49,,271
2019-09-26 08:00:00,79,,,,75,68,78,154,,,104,,94
2019-09-26 09:00:00,59,,,,96,38,41,300,,,49,,76
2019-09-26 10:00:00,41,,,,99,34,43,307,,,10,,74
2019-09-26 11:00:00,42,,,,95,46,62,310,,,214,,73
2019-09-26 12:00:00,67,,,,94,82,88,82,,,156,,64
2019-09-26 13:00:00,84,,,,100,79,107,86,,,153,,68
2019-09-26 14:00:00,117,,,,98,98,127,89,,,150,,64
2019-09-26 15:00:00,154,,,,110,113,130,140,,,144,,83
2019-09-26 16:00:00,151,,,,118,106,138,108,,,163,,75
2019-09-26 17:00:00,152,,,,92,323,134,128,,,167,,71
2019-09-26 18:00:00,143,,,,99,277,109,142,,,173,,75
2019-09-26 19:00:00,141,,,,113,242,110,118,,,197,,75
2019-09-26 20:00:00,138,,,,103,248,121,109,,,185,,100
2019-09-26 21:00:00,130,,,,94,262,103,107,,,155,,121
2019-09-26 22:00:00,128,,,,50,295,118,118,,,110,,108
2019-09-26 23:00:00,90,,,,66,62,133,119,,,124,,132
2019-09-27 00:00:00,38,,,,112,89,98,128,,,113,,108
2019-09-27 01:00:00,54,,,,105,94,73,142,,,113,,98
2019-09-27 02:00:00,55,,,,92,97,68,240,,,124,,97
2019-09-27 03:00:00,37,,,,98,78,68,154,,,113,,75
2019-09-27 04:00:00,54,,,,92,69,67,239,,,119,,71
2019-09-27 05:00:00,75,,,,38,58,73,237,,,93,,101
2019-09-27 06:00:00,53,,,,58,43,59,232,,,122,,199
2019-09-27 07:00:00,29,,,,79,26,32,263,,,19,,206
2019-09-27 08:00:00,16,,,,124,347,18,302,,,38,,100
2019-09-27 09:00:00,8,,,,64,356,25,309,,,51,,70
2019-09-27 10:00:00,18,,,,108,34,47,320,,,129,,80
2019-09-27 11:00:00,50,,,,97,82,47,325,,,162,,75
2019-09-27 12:00:00,81,,,,98,90,105,76,,,133,,64
2019-09-27 13:00:00,76,,,,97,94,108,106,,,132,,63
2019-09-27 14:00:00,85,,,,96,92,119,84,,,123,,51
2019-09-27 15:00:00,109,,,,94,90,121,116,,,142,,57
2019-09-27 16:00:00,152,,,,89,97,134,140,,,141,,76
2019-09-27 17:00:00,143,,,,92,111,137,100,,,130,,75
2019-09-27 18:00:00,140,,,,94,107,132,116,,,125,,65
2019-09-27 19:00:00,128,,,,87,101,120,109,,,148,,73
2019-09-27 20:00:00,137,,,,71,99,128,114,,,137,,74
2019-09-27 21:00:00,104,,,,74,99,118,104,,,128,,67
2019-09-27 22:00:00,116,,,,81,102,113,91,,,125,,73
2019-09-27 23:00:00,107,,,,92,110,119,116,,,131,,79
2019-09-28 00:00:00,44,,,,93,89,102,128,,,145,,92
2019-09-28 01:00:00,50,,,,88,87,105,145,,,129,,108
2019-09-28 02:00:00,68,,,,85,84,114,189,,,128,,99
2019-09-28 03:00:00,74,,,,110,69,85,,,,104,,84
2019-09-28 04:00:00,47,,,,103,74,75,,,,81,,102
2019-09-28 05:00:00,63,,,,124,70,73,,,,69,,105
2019-09-28 06:00:00,71,,,,105,67,88,,,,85,,92
2019-09-28 07:00:00,68,,,,113,76,71,,,,117,,94
2019-09-28 08:00:00,82,,,,102,73,70,312,,,140,,85
2019-09-28 09:00:00,59,,,,104,86,68,319,,,144,,84
2019-09-28 10:00:00,58,,,,114,65,84,311,,,153,,78
2019-09-28 11:00:00,28,,,,99,80,83,135,,,168,,88
2019-09-28 12:00:00,58,,,,112,91,101,94,,,164,,79
2019-09-28 13:00:00,78,,,,92,106,,101,,,169,,71
2019-09-28 14:00:00,149,,,,84,108,,125,,,155,,75
2019-09-28 15:00:00,145,,,,89,108,,115,,,153,,80
2019-09-28 16:00:00,149,,,,96,110,,101,,,153,,85
2019-09-28 17:00:00,137,,,,96,102,,85,,,161,,85
2019-09-28 18:00:00,157,,,,91,114,,108,,,159,,75
2019-09-28 19:00:00,151,,,,97,109,,97,,,125,,76
2019-09-28 20:00:00,144,,,,91,93,,95,,,132,,76
2019-09-28 21:00:00,142,,,,78,98,,96,,,134,,70
2019-09-28 22:00:00,140,,,,73,97,,114,,,132,,68
2019-09-28 23:00:00,121,,,,79,94,,111,,,120,,69
2019-09-29 00:00:00,98,,,,86,89,,100,,,122,,64
2019-09-29 01:00:00,71,,,,86,87,,94,,,134,,65
2019-09-29 02:00:00,36,,,,87,82,,96,,,131,,69
2019-09-29 03:00:00,50,,,,88,91,,100,,,128,,72
2019-09-29 04:00:00,90,,,,87,84,,99,,,134,,77
2019-09-29 05:00:00,128,,,,79,88,,100,,,121,,70
2019-09-29 06:00:00,87,,,,89,92,,105,,,116,,77
2019-09-29 07:00:00,116,,,,85,89,,97,,,132,,73
2019-09-29 08:00:00,134,,,,89,104,,102,,,125,,69
2019-09-29 09:00:00,66,,,,86,94,,101,,,139,,65
2019-09-29 10:00:00,143,,,,82,100,,98,,,142,,63
2019-09-29 11:00:00,142,,,,88,99,,99,,,140,,67
2019-09-29 12:00:00,145,,,,92,107,,112,,,132,,67
2019-09-29 13:00:00,129,,,,89,96,,90,,,136,,76
2019-09-29 14:00:00,141,,,,91,101,,89,,,134,,87
2019-09-29 15:00:00,134,,,,89,91,,79,,,99,,83
2019-09-29 16:00:00,88,,,,83,79,,57,,,81,,72
2019-09-29 17:00:00,98,,,,84,85,,84,,,82,,71
2019-09-29 18:00:00,127,,,,86,80,,119,,,113,,76
2019-09-29 19:00:00,108,,,,90,92,,102,,,130,,74
2019-09-29 20:00:00,116,,,,87,100,,105,,,147,,65
2019-09-29 21:00:00,103,,,,85,99,,102,,,152,,59
2019-09-29 22:00:00,106,,,,87,104,,95,,,148,,51
2019-09-29 23:00:00,69,,,,87,105,,100,,,124,,43
2019-09-30 00:00:00,90,,,,83,100,,97,,,121,,48
2019-09-30 01:00:00,82,,,,74,98,,101,,,123,,53
2019-09-30 02:00:00,110,,,,82,103,,101,,,128,,59
2019-09-30 03:00:00,117,,,,82,103,,100,,,150,,69
2019-09-30 04:00:00,91,,,,89,103,,96,,,136,,68
2019-09-30 05:00:00,106,,,,87,97,,97,,,138,,66
2019-09-30 06:00:00,130,,,,87,92,,89,,,141,,65
2019-09-30 07:00:00,126,,,,83,87,,92,,,133,,69
2019-09-30 08:00:00,115,,,,79,90,108,93,,,138,,65
2019-09-30 09:00:00,124,,,,84,95,116,,,,145,,62
2019-09-30 10:00:00,129,,,,76,97,125,89,,,144,,54
2019-09-30 11:00:00,129,,,,72,92,118,90,,,144,,69
2019-09-30 12:00:00,136,,,,76,103,132,94,,,133,,68
2019-09-30 13:00:00,142,,,,85,96,136,104,,,145,,73
2019-09-30 14:00:00,142,,,,87,93,131,106,,,141,,69
2019-09-30 15:00:00,150,,,,91,100,135,99,,,137,,71
2019-09-30 16:00:00,152,,,,93,100,133,105,,,155,,72
2019-09-30 17:00:00,135,,,,92,111,131,101,,,145,,69
2019-09-30 18:00:00,143,,,,91,106,128,95,,,126,,67
2019-09-30 19:00:00,149,,,,92,91,119,102,,,136,,67
2019-09-30 20:00:00,138,,,,80,97,118,102,,,137,,70
2019-09-30 21:00:00,130,,,,82,85,112,102,,,127,,60
2019-09-30 22:00:00,121,,,,77,94,117,106,,,130,,68
2019-09-30 23:00:00,,,,,,,,,,,,,
2019-10-01 00:00:00,106,,354,,86,99,122,108,,,138,5,58
2019-10-01 01:00:00,143,,354,,76,108,117,106,,,128,5,62
2019-10-01 02:00:00,104,,355,,83,110,128,103,,,133,5,74
2019-10-01 03:00:00,105,,355,,88,91,142,101,,,116,,67
2019-10-01 04:00:00,41,,354,,81,80,112,103,,,102,7,71
2019-10-01 05:00:00,33,,354,,87,98,112,106,,,124,7,85
2019-10-01 06:00:00,68,,354,,89,108,131,106,,,133,7,79
2019-10-01 07:00:00,56,,,,93,112,131,106,,,137,,73
2019-10-01 08:00:00,70,,,,100,106,128,103,,,142,,63
2019-10-01 09:00:00,75,,,,97,101,131,99,,,146,,54
2019-10-01 10:00:00,126,,,,101,94,123,88,,,144,8,60
2019-10-01 11:00:00,94,,,,94,88,115,,,,142,15,62
2019-10-01 12:00:00,116,,355,,81,96,118,97,,,133,11,72
2019-10-01 13:00:00,127,,355,,87,97,125,103,,,124,10,73
2019-10-01 14:00:00,139,,354,,89,96,117,92,,,125,8,78
2019-10-01 15:00:00,140,,354,,84,89,115,98,,,135,9,84
2019-10-01 16:00:00,157,,354,,88,87,134,117,,,123,8,82
2019-10-01 17:00:00,139,,,,91,95,128,96,,,124,8,78
2019-10-01 18:00:00,106,,,,93,97,116,96,,,119,7,73
2019-10-01 19:00:00,116,,,,88,88,120,90,,,114,5,69
2019-10-01 20:00:00,121,,,,91,95,127,110,,,125,5,64
2019-10-01 21:00:00,106,,,,86,89,153,100,,,128,5,64
2019-10-01 22:00:00,110,,,,85,97,130,97,,,129,4,60
2019-10-01 23:00:00,130,,,,78,93,131,105,,,123,4,52
2019-10-02 00:00:00,102,,355,,81,96,129,98,,,121,4,55
2019-10-02 01:00:00,123,,355,,85,91,126,98,,,129,,59
2019-10-02 02:00:00,96,,354,,80,96,110,108,,,134,,69
2019-10-02 03:00:00,359,,355,,89,87,79,113,,,112,5,93
2019-10-02 04:00:00,21,,355,,121,67,96,127,,,97,9,99
2019-10-02 05:00:00,51,,355,,101,56,85,245,,,48,17,121
2019-10-02 06:00:00,76,,354,,116,45,97,257,,,60,4,114
2019-10-02 07:00:00,85,,354,,113,62,96,324,,,110,4,86
2019-10-02 08:00:00,67,,354,,106,68,88,117,,,158,11,96
2019-10-02 09:00:00,68,,,,111,75,96,124,,,165,13,86
2019-10-02 10:00:00,80,,,,107,92,122,103,,,182,11,69
2019-10-02 11:00:00,81,,,,99,104,125,91,,,80,11,73
2019-10-02 12:00:00,87,,,,97,93,111,100,,,176,8,80
2019-10-02 13:00:00,132,,,,96,98,124,100,,,135,9,90
2019-10-02 14:00:00,138,,,,92,106,119,106,,,164,9,77
2019-10-02 15:00:00,144,,,,86,89,109,107,,,168,9,72
2019-10-02 16:00:00,112,,,,81,76,119,126,,,149,,75
2019-10-02 17:00:00,99,,,,81,72,116,134,,,135,8,85
2019-10-02 18:00:00,138,,355,,80,90,134,107,,,114,6,83
2019-10-02 19:00:00,140,,354,,86,95,135,109,,,111,4,78
2019-10-02 20:00:00,148,,354,,82,104,130,108,,,144,4,74
2019-10-02 21:00:00,152,,354,,80,106,128,96,,,161,4,69
2019-10-02 22:00:00,146,,,,83,105,120,103,,,166,,64
2019-10-02 23:00:00,134,,,,88,105,114,100,,,128,,65
2019-10-03 00:00:00,83,,354,,88,87,94,125,,,111,,66
2019-10-03 01:00:00,82,,355,,89,83,94,117,,,119,,64
2019-10-03 02:00:00,65,,355,,94,86,96,110,,,76,5,73
2019-10-03 03:00:00,69,,354,,105,90,97,110,,,78,6,79
2019-10-03 04:00:00,65,,355,,95,97,92,101,,,121,6,79
2019-10-03 05:00:00,31,,355,,102,92,62,107,,,116,6,78
2019-10-03 06:00:00,67,,354,,95,72,69,140,,,79,7,83
2019-10-03 07:00:00,59,,354,,94,78,69,122,,,127,18,67
2019-10-03 08:00:00,62,,354,,99,55,72,112,,,172,24,75
2019-10-03 09:00:00,73,,,,110,73,88,119,,,171,6,65
2019-10-03 10:00:00,82,,,,99,75,110,103,,,153,5,57
2019-10-03 11:00:00,76,,,,95,89,112,72,,,143,6,56
2019-10-03 12:00:00,82,,,,98,89,117,85,,,147,6,64
2019-10-03 13:00:00,89,,,,94,77,107,90,,,139,13,63
2019-10-03 14:00:00,100,,,,102,97,101,97,,,75,12,66
2019-10-03 15:00:00,119,,,,102,103,123,144,,,107,5,70
2019-10-03 16:00:00,157,,,,119,92,155,108,,,119,5,107
2019-10-03 17:00:00,159,,355,,116,92,173,144,,,95,5,106
2019-10-03 18:00:00,149,,355,,109,95,141,126,,,120,,99
2019-10-03 19:00:00,139,,355,,100,121,180,109,,,146,,77
2019-10-03 20:00:00,129,,,,79,100,127,102,,,142,,64
2019-10-03 21:00:00,122,,354,,86,106,121,117,,,116,,63
2019-10-03 22:00:00,110,,355,,83,98,133,107,,,100,,68
2019-10-03 23:00:00,90,,,,90,94,99,124,,,100,6,87
2019-10-04 00:00:00,51,,354,,105,90,76,128,,,105,7,104
2019-10-04 01:00:00,29,,354,,110,50,65,210,,,143,8,148
2019-10-04 02:00:00,188,,354,,114,3,61,204,,,218,9,121
2019-10-04 03:00:00,154,,,,54,53,50,176,,,337,6,113
2019-10-04 04:00:00,104,,,,71,46,56,194,,,10,5,120
2019-10-04 05:00:00,171,,,,73,18,42,177,,,36,11,144
2019-10-04 06:00:00,147,,,,20,24,38,216,,,339,11,141
2019-10-04 07:00:00,109,,,,102,10,25,229,,,276,8,267
2019-10-04 08:00:00,17,,,,117,12,40,286,,,338,5,245
2019-10-04 09:00:00,35,,,,131,49,33,310,,,355,7,74
2019-10-04 10:00:00,356,,,,124,59,62,66,,,310,12,87
2019-10-04 11:00:00,49,,,,112,87,68,199,,,336,14,83
2019-10-04 12:00:00,98,,,,107,66,79,64,,,69,11,76
2019-10-04 13:00:00,110,,,,103,84,108,109,,,103,11,87
2019-10-04 14:00:00,107,,,,98,93,113,133,,,130,10,97
2019-10-04 15:00:00,136,,,,97,79,119,131,,,169,11,99
2019-10-04 16:00:00,162,,,,106,97,136,149,,,156,11,107
2019-10-04 17:00:00,154,,,,112,107,185,138,,,157,11,104
2019-10-04 18:00:00,143,,355,,106,134,193,137,,,171,6,95
2019-10-04 19:00:00,146,,355,,84,135,173,121,,,235,7,98
2019-10-04 20:00:00,143,,355,,81,145,203,124,,,277,7,100
2019-10-04 21:00:00,145,,,,64,99,173,101,,,83,8,92
2019-10-04 22:00:00,77,,354,,85,97,106,106,,,115,9,109
2019-10-04 23:00:00,86,,,,84,100,97,119,,,139,10,84
2019-10-05 00:00:00,92,,354,,99,104,103,111,,,161,17,128
2019-10-05 01:00:00,100,,355,,129,111,116,126,,,141,13,133
2019-10-05 02:00:00,119,,354,,134,137,136,131,,,42,20,151
2019-10-05 03:00:00,180,,354,,21,21,80,206,,,13,7,216
2019-10-05 04:00:00,238,,354,,325,302,26,197,,,309,6,234
2019-10-05 05:00:00,237,,,,297,303,300,224,,,331,4,231
2019-10-05 06:00:00,231,,,,296,282,4,220,,,353,4,256
2019-10-05 07:00:00,231,,,,289,160,280,227,,,357,4,266
2019-10-05 08:00:00,316,,,,297,217,291,287,,,333,5,260
2019-10-05 09:00:00,10,,355,,285,268,319,309,,,351,6,259
2019-10-05 10:00:00,357,,355,,254,5,28,329,,,357,13,143
2019-10-05 11:00:00,141,,355,,106,76,54,117,,,81,12,92
2019-10-05 12:00:00,117,,,,93,38,61,120,,,106,14,82
2019-10-05 13:00:00,92,,,,97,77,110,119,,,149,10,91
2019-10-05 14:00:00,132,,354,,106,95,128,130,,,162,7,70
2019-10-05 15:00:00,115,,354,,98,101,140,136,,,105,7,71
2019-10-05 16:00:00,128,,354,,97,81,121,142,,,134,7,95
2019-10-05 17:00:00,155,,,,99,95,143,156,,,130,,99
2019-10-05 18:00:00,154,,355,,112,106,136,127,,,149,6,83
2019-10-05 19:00:00,134,,354,,93,122,142,128,,,171,6,97
2019-10-05 20:00:00,127,,354,,100,115,201,122,,,195,7,155
2019-10-05 21:00:00,123,,354,,105,138,202,108,,,238,5,169
2019-10-05 22:00:00,110,,,,102,257,213,115,,,183,9,158
2019-10-05 23:00:00,131,,,,109,258,221,121,,,132,8,196
2019-10-06 00:00:00,100,,360,,211,85,81,122,,,127,14,185
2019-10-06 01:00:00,18,,354,,136,86,67,156,,,110,9,110
2019-10-06 02:00:00,3,,354,,,69,66,186,,,52,9,116
2019-10-06 03:00:00,45,,354,,68,57,31,249,,,34,7,122
2019-10-06 04:00:00,226,,,,49,356,357,251,,,360,6,184
2019-10-06 05:00:00,225,,,,19,292,284,226,,,347,6,232
2019-10-06 06:00:00,272,,,,329,273,287,222,,,13,5,229
2019-10-06 07:00:00,234,,,,290,295,286,241,,,15,5,257
2019-10-06 08:00:00,346,,,,288,306,287,294,,,10,5,256
2019-10-06 09:00:00,58,,,,292,306,348,314,,,347,,217
2019-10-06 10:00:00,50,,,,7,49,23,321,,,56,9,105
2019-10-06 11:00:00,135,,,,102,73,68,356,,,46,8,82
2019-10-06 12:00:00,109,,,,104,94,63,99,,,98,6,78
2019-10-06 13:00:00,89,,,,101,97,63,106,,,81,8,84
2019-10-06 14:00:00,112,,,,107,41,69,128,,,100,9,85
2019-10-06 15:00:00,106,,,,108,70,132,120,,,153,11,86
2019-10-06 16:00:00,137,,,,94,81,134,141,,,146,11,103
2019-10-06 17:00:00,164,,,,91,75,125,156,,,129,10,111
2019-10-06 18:00:00,153,,,,94,100,138,128,,,127,8,107
2019-10-06 19:00:00,117,,,,81,119,136,118,,,131,10,112
2019-10-06 20:00:00,122,,,,95,123,175,108,,,179,15,147
2019-10-06 21:00:00,95,,,,82,118,154,95,,,179,7,140
2019-10-06 22:00:00,115,,,,70,96,136,128,,,156,22,149
2019-10-06 23:00:00,110,,,,128,118,125,141,,,134,9,157
2019-10-07 00:00:00,89,,354,,194,91,122,116,,,73,9,170
2019-10-07 01:00:00,41,,354,,168,59,69,308,,,56,14,126
2019-10-07 02:00:00,51,,354,,135,86,64,243,,,41,8,108
2019-10-07 03:00:00,64,,,,119,145,77,294,,,132,6,103
2019-10-07 04:00:00,31,,,,94,121,72,266,,,188,5,108
2019-10-07 05:00:00,54,,,,127,54,64,247,,,317,15,118
2019-10-07 06:00:00,284,,355,,31,21,23,246,,,347,6,187
2019-10-07 07:00:00,1,,354,,158,56,53,256,,,331,4,142
2019-10-07 08:00:00,323,,354,,116,347,299,308,,,342,6,290
2019-10-07 09:00:00,5,,354,,124,5,19,311,,,18,6,74
2019-10-07 10:00:00,32,,,,112,57,29,312,,,340,21,93
2019-10-07 11:00:00,13,,,,113,35,34,304,,,5,19,60
2019-10-07 12:00:00,26,,,,104,65,50,287,,,4,16,67
2019-10-07 13:00:00,26,,,,100,33,47,264,,,39,10,46
2019-10-07 14:00:00,54,,,,101,17,69,353,,,63,9,62
2019-10-07 15:00:00,33,,,,104,34,54,57,,,55,10,74
2019-10-07 16:00:00,52,,,,98,22,80,39,,,69,9,57
2019-10-07 17:00:00,44,,355,,97,23,69,122,,,63,9,61
2019-10-07 18:00:00,97,,354,,92,33,63,119,,,39,8,73
2019-10-07 19:00:00,187,,355,,111,75,200,157,,,40,11,101
2019-10-07 20:00:00,311,,354,,148,65,291,149,,,296,35,320
2019-10-07 21:00:00,63,,354,,144,28,41,178,,,325,13,121
2019-10-07 22:00:00,36,,354,,127,68,37,228,,,334,29,109
2019-10-07 23:00:00,24,,,,124,74,31,252,,,313,32,106
2019-10-08 00:00:00,50,,354,,126,118,79,266,,,313,10,115
2019-10-08 01:00:00,13,,354,,79,93,52,226,,,17,10,109
2019-10-08 02:00:00,40,,354,,112,85,51,216,,,120,14,106
2019-10-08 03:00:00,14,,,,105,99,40,178,,,169,12,113
2019-10-08 04:00:00,13,,,,99,47,45,156,,,205,18,118
2019-10-08 05:00:00,184,,,,105,306,38,146,,,189,10,116
2019-10-08 06:00:00,211,,,,49,287,25,156,,,24,12,117
2019-10-08 07:00:00,23,,,,44,323,31,142,,,71,21,101
2019-10-08 08:00:00,36,,355,,101,344,33,77,,,151,17,87
2019-10-08 09:00:00,98,,354,,113,42,52,109,,,104,6,83
2019-10-08 10:00:00,59,,354,,109,69,74,103,,,138,5,73
2019-10-08 11:00:00,79,,354,,94,88,105,82,,,141,5,66
2019-10-08 12:00:00,80,,,,95,85,110,70,,,160,5,57
2019-10-08 13:00:00,87,,,,78,92,111,69,,,134,,78
2019-10-08 14:00:00,88,,,,80,85,110,65,,,139,10,82
2019-10-08 15:00:00,95,,,,92,82,133,69,,,137,11,91
2019-10-08 16:00:00,125,,,,97,85,140,111,,,136,10,76
2019-10-08 17:00:00,144,,355,,99,117,132,109,,,130,8,69
2019-10-08 18:00:00,126,,355,,91,111,129,112,,,121,8,69
2019-10-08 19:00:00,134,,355,,85,102,123,106,,,119,9,66
2019-10-08 20:00:00,139,,,,76,102,117,109,,,162,10,66
2019-10-08 21:00:00,135,,354,,73,103,106,109,,,129,9,73
2019-10-08 22:00:00,108,,355,,82,108,114,105,,,151,19,70
2019-10-08 23:00:00,131,,,,88,105,122,101,,,159,11,66
2019-10-09 00:00:00,125,,354,,88,102,125,109,,,164,9,87
2019-10-09 01:00:00,102,,354,,96,97,124,112,,,171,10,144
2019-10-09 02:00:00,60,,354,,121,90,90,106,,,112,8,125
2019-10-09 03:00:00,68,,,,123,92,108,127,,,82,7,120
2019-10-09 04:00:00,27,,,,89,80,109,126,,,104,8,143
2019-10-09 05:00:00,291,,,,35,47,88,232,,,100,4,226
2019-10-09 06:00:00,295,,,,103,38,79,223,,,57,12,248
2019-10-09 07:00:00,356,,,,71,54,83,231,,,38,4,249
2019-10-09 08:00:00,14,,,,64,51,52,291,,,122,5,263
2019-10-09 09:00:00,21,,,,26,43,56,309,,,133,4,213
2019-10-09 10:00:00,359,,,,114,41,25,312,,,158,6,101
2019-10-09 11:00:00,85,,,,101,61,66,313,,,197,13,72
2019-10-09 12:00:00,100,,,,94,86,65,264,,,210,12,77
2019-10-09 13:00:00,91,,,,93,87,96,116,,,201,13,80
2019-10-09 14:00:00,80,,,,94,110,103,119,,,146,7,71
2019-10-09 15:00:00,100,,,,101,88,116,118,,,127,5,70
2019-10-09 16:00:00,159,,,,94,106,135,126,,,142,5,79
2019-10-09 17:00:00,154,,355,,85,114,126,146,,,133,7,81
2019-10-09 18:00:00,134,,355,,105,110,147,120,,,144,13,78
2019-10-09 19:00:00,136,,355,,109,94,136,116,,,139,25,105
2019-10-09 20:00:00,136,,354,,110,10,110,110,,,148,19,148
2019-10-09 21:00:00,143,,354,,103,114,127,117,,,136,12,188
2019-10-09 22:00:00,127,,355,,127,105,127,123,,,129,18,195
2019-10-09 23:00:00,59,,,,97,109,118,115,,,124,24,120
2019-10-10 00:00:00,39,,354,,135,128,104,132,,,119,11,104
2019-10-10 01:00:00,55,,354,,128,113,114,162,,,116,13,113
2019-10-10 02:00:00,65,,354,,139,85,114,183,,,114,7,98
2019-10-10 03:00:00,32,,,,142,79,94,222,,,112,14,119
2019-10-10 04:00:00,82,,,,119,75,111,202,,,117,6,138
2019-10-10 05:00:00,72,,,,127,65,101,188,,,117,6,213
2019-10-10 06:00:00,27,,,,104,79,75,187,,,97,6,256
2019-10-10 07:00:00,31,,,,126,77,73,216,,,113,,250
2019-10-10 08:00:00,20,,,,142,28,44,296,,,163,,240
2019-10-10 09:00:00,33,,,,228,34,26,310,,,120,7,220
2019-10-10 10:00:00,65,,,,152,73,34,316,,,65,9,77
2019-10-10 11:00:00,76,,,,126,79,49,324,,,125,11,70
2019-10-10 12:00:00,60,,,,103,104,53,292,,,168,10,76
2019-10-10 13:00:00,59,,,,93,59,81,352,,,157,8,80
2019-10-10 14:00:00,79,,,,94,80,76,127,,,132,12,70
2019-10-10 15:00:00,80,,,,97,77,85,133,,,151,11,70
2019-10-10 16:00:00,66,,,,99,80,88,122,,,145,9,67
2019-10-10 17:00:00,121,,,,84,89,121,144,,,137,9,74
2019-10-10 18:00:00,145,,355,,94,108,113,124,,,137,9,85
2019-10-10 19:00:00,129,,355,,107,95,129,99,,,146,10,104
2019-10-10 20:00:00,126,,355,,101,51,106,100,,,144,14,132
2019-10-10 21:00:00,121,,,,91,94,106,108,,,125,11,147
2019-10-10 22:00:00,59,,,,113,122,101,115,,,122,11,121
2019-10-10 23:00:00,53,,,,106,106,94,130,,,128,15,118
2019-10-11 00:00:00,27,,354,,117,108,121,124,,,121,23,112
2019-10-11 01:00:00,64,,354,,124,96,117,189,,,108,18,117
2019-10-11 02:00:00,102,,354,,120,71,85,211,,,120,16,107
2019-10-11 03:00:00,106,,,,112,68,71,224,,,121,14,155
2019-10-11 04:00:00,85,,,,101,58,77,231,,,84,10,171
2019-10-11 05:00:00,94,,,,121,48,75,233,,,51,10,250
2019-10-11 06:00:00,46,,,,172,50,65,231,,,28,8,235
2019-10-11 07:00:00,243,,,,79,44,80,246,,,38,7,264
2019-10-11 08:00:00,30,,,,109,29,47,298,,,75,7,260
2019-10-11 09:00:00,34,,,,107,342,39,306,,,29,12,228
2019-10-11 10:00:00,9,,,,157,5,31,306,,,2,12,102
2019-10-11 11:00:00,31,,,,110,13,35,289,,,9,7,88
2019-10-11 12:00:00,38,,,,108,27,39,280,,,338,7,93
2019-10-11 13:00:00,61,,355,,107,32,39,292,,,331,14,80
2019-10-11 14:00:00,59,,355,,92,22,37,291,,,330,9,80
2019-10-11 15:00:00,81,,355,,98,15,28,286,,,335,11,79
2019-10-11 16:00:00,69,,,,92,18,32,283,,,341,6,88
2019-10-11 17:00:00,67,,354,,92,23,29,286,,,333,4,83
2019-10-11 18:00:00,85,,354,,91,40,37,274,,,329,3,81
2019-10-11 19:00:00,80,,355,,75,37,48,279,,,331,3,80
2019-10-11 20:00:00,77,,354,,98,46,43,288,,,330,3,82
2019-10-11 21:00:00,66,,354,,103,47,41,292,,,325,2,80
2019-10-11 22:00:00,105,,354,,65,341,29,295,,,332,3,80
2019-10-11 23:00:00,97,,,,60,32,36,295,,,346,3,90
2019-10-12 00:00:00,37,,354,,276,33,36,291,,,351,3,101
2019-10-12 01:00:00,47,,354,,278,5,29,290,,,351,,80
2019-10-12 02:00:00,49,,354,,279,40,25,288,,,344,,91
2019-10-12 03:00:00,170,,,,282,357,7,288,,,341,5,60
2019-10-12 04:00:00,111,,,,291,339,34,275,,,347,3,69
2019-10-12 05:00:00,58,,,,288,357,35,278,,,341,3,99
2019-10-12 06:00:00,36,,,,287,331,16,269,,,330,3,96
2019-10-12 07:00:00,54,,356,,305,354,17,270,,,334,,105
2019-10-12 08:00:00,34,,354,,303,356,33,260,,,331,,90
2019-10-12 09:00:00,337,,354,,277,349,19,288,,,336,7,118
2019-10-12 10:00:00,328,,354,,266,267,270,290,,,351,3,44
2019-10-12 11:00:00,180,,,,279,353,240,298,,,341,5,84
2019-10-12 12:00:00,346,,,,256,159,243,303,,,328,8,63
2019-10-12 13:00:00,103,,,,141,125,327,346,,,329,12,79
2019-10-12 14:00:00,122,,,,109,93,69,232,,,13,9,81
2019-10-12 15:00:00,88,,,,102,91,95,130,,,145,8,91
2019-10-12 16:00:00,88,,,,104,81,110,105,,,173,7,79
2019-10-12 17:00:00,85,,,,113,53,133,111,,,155,5,84
2019-10-12 18:00:00,88,,,,117,87,141,123,,,149,3,87
2019-10-12 19:00:00,125,,,,115,101,130,104,,,160,4,92
2019-10-12 20:00:00,122,,,,119,111,135,103,,,162,5,86
2019-10-12 21:00:00,109,,,,103,101,144,111,,,191,13,78
2019-10-12 22:00:00,119,,,,78,97,131,120,,,172,12,91
2019-10-12 23:00:00,128,,,,102,115,124,113,,,190,38,122
2019-10-13 00:00:00,121,,360,,105,152,148,124,,,141,9,135
2019-10-13 01:00:00,157,,354,,35,176,254,180,,,160,10,176
2019-10-13 02:00:00,202,,354,,328,69,236,169,,,157,3,188
2019-10-13 03:00:00,216,,354,,282,58,241,214,,,248,3,218
2019-10-13 04:00:00,223,,,,343,261,229,226,,,67,3,206
2019-10-13 05:00:00,238,,,,308,263,246,245,,,29,,179
2019-10-13 06:00:00,237,,,,301,273,213,127,,,44,,201
2019-10-13 07:00:00,239,,,,296,299,264,146,,,196,,245
2019-10-13 08:00:00,349,,,,297,303,296,297,,,219,,145
2019-10-13 09:00:00,59,,,,254,86,27,320,,,295,6,91
2019-10-13 10:00:00,340,,,,91,,55,312,,,50,3,60
2019-10-13 11:00:00,358,,,,111,19,17,303,,,50,8,88
2019-10-13 12:00:00,68,,,,102,63,78,339,,,147,13,76
2019-10-13 13:00:00,92,,,,101,96,68,129,,,125,6,74
2019-10-13 14:00:00,92,,,,103,95,96,135,,,119,15,82
2019-10-13 15:00:00,74,,,,97,86,113,111,,,135,12,69
2019-10-13 16:00:00,63,,,,101,99,91,118,,,113,10,58
2019-10-13 17:00:00,110,,,,94,89,108,142,,,94,10,61
2019-10-13 18:00:00,88,,,,92,86,102,80,,,85,11,68
2019-10-13 19:00:00,77,,,,98,106,121,115,,,125,15,76
2019-10-13 20:00:00,101,,,,119,116,122,128,,,155,36,72
2019-10-13 21:00:00,104,,,,99,105,122,127,,,185,48,81
2019-10-13 22:00:00,122,,,,97,136,142,120,,,248,65,88
2019-10-13 23:00:00,146,,,,136,200,238,130,,,162,20,117
2019-10-14 00:00:00,174,,354,,183,313,192,115,,,135,6,146
2019-10-14 01:00:00,90,,354,,219,75,114,120,,,105,5,178
2019-10-14 02:00:00,286,,354,,60,117,94,115,,,315,9,161
2019-10-14 03:00:00,280,,,,40,114,69,204,,,322,5,208
2019-10-14 04:00:00,215,,,,39,114,109,196,,,30,6,198
2019-10-14 05:00:00,234,,,,358,312,15,219,,,27,3,249
2019-10-14 06:00:00,227,,,,293,324,1,222,,,25,3,240
2019-10-14 07:00:00,235,,,,291,162,302,242,,,305,11,233
2019-10-14 08:00:00,300,,,,280,81,288,294,,,346,6,219
2019-10-14 09:00:00,40,,,,352,34,23,311,,,12,19,148
2019-10-14 10:00:00,355,,,,213,53,72,353,,,172,11,62
2019-10-14 11:00:00,50,,,,139,56,48,300,,,168,8,77
2019-10-14 12:00:00,53,,,,105,68,64,10,,,137,4,69
2019-10-14 13:00:00,56,,,,101,46,51,156,,,138,3,67
2019-10-14 14:00:00,63,,,,98,74,85,119,,,144,3,78
2019-10-14 15:00:00,85,,,,101,77,102,77,,,147,3,65
2019-10-14 16:00:00,107,,,,96,89,130,71,,,140,,65
2019-10-14 17:00:00,138,,,,90,98,132,119,,,148,,83
2019-10-14 18:00:00,152,,,,94,101,126,142,,,100,10,84
2019-10-14 19:00:00,135,,,,112,56,111,118,,,315,17,113
2019-10-14 20:00:00,114,,,,100,272,105,103,,,309,36,153
2019-10-14 21:00:00,95,,,,133,267,88,100,,,99,11,152
2019-10-14 22:00:00,71,,,,132,76,70,102,,,136,32,156
2019-10-14 23:00:00,8,,,,110,80,89,136,,,135,21,135
2019-10-15 00:00:00,333,,354,,127,32,62,123,,,117,19,162
2019-10-15 01:00:00,33,,354,,25,65,59,227,,,100,14,183
2019-10-15 02:00:00,48,,354,,29,81,58,269,,,75,9,124
2019-10-15 03:00:00,34,,,,359,29,77,265,,,110,10,207
2019-10-15 04:00:00,8,,,,165,35,65,283,,,107,20,128
2019-10-15 05:00:00,350,,,,16,358,291,250,,,42,10,184
2019-10-15 06:00:00,305,,,,357,3,350,251,,,42,17,224
2019-10-15 07:00:00,286,,,,321,347,15,133,,,46,11,215
2019-10-15 08:00:00,275,,356,,284,341,10,289,,,53,10,239
2019-10-15 09:00:00,358,,354,,289,355,45,307,,,27,7,182
2019-10-15 10:00:00,19,,354,,275,39,43,311,,,328,6,73
2019-10-15 11:00:00,83,,354,,84,71,82,317,,,315,4,79
2019-10-15 12:00:00,96,,,,100,65,76,315,,,215,3,81
2019-10-15 13:00:00,103,,,,97,71,81,113,,,122,3,71
2019-10-15 14:00:00,60,,,,96,78,58,110,,,132,3,65
2019-10-15 15:00:00,76,,,,96,69,82,112,,,123,,62
2019-10-15 16:00:00,62,,,,92,69,111,124,,,129,,64
2019-10-15 17:00:00,98,,,,100,78,95,133,,,129,,59
2019-10-15 18:00:00,125,,,,110,86,122,139,,,105,5,73
2019-10-15 19:00:00,124,,,,100,87,113,110,,,181,5,82
2019-10-15 20:00:00,91,,,,125,195,98,103,,,280,20,132
2019-10-15 21:00:00,108,,,,99,259,72,134,,,113,19,151
2019-10-15 22:00:00,77,,,,167,104,88,189,,,112,13,157
2019-10-15 23:00:00,18,,,,107,107,87,98,,,146,11,116
2019-10-16 00:00:00,43,,354,,132,84,70,194,,,75,9,109
2019-10-16 01:00:00,53,,354,,122,77,74,205,,,78,10,101
2019-10-16 02:00:00,51,,354,,93,67,67,250,,,112,14,99
2019-10-16 03:00:00,87,,,,67,72,54,255,,,266,12,94
2019-10-16 04:00:00,85,,,,84,47,38,257,,,301,12,126
2019-10-16 05:00:00,312,,,,74,291,,238,,,328,16,208
2019-10-16 06:00:00,309,,,,336,298,340,236,,,354,6,232
2019-10-16 07:00:00,297,,,,300,287,290,267,,,10,6,234
2019-10-16 08:00:00,29,,,,267,7,26,283,,,339,7,115
2019-10-16 09:00:00,37,,,,101,23,33,282,,,52,4,116
2019-10-16 10:00:00,17,,,,122,3,36,289,,,47,5,39
2019-10-16 11:00:00,4,,,,122,355,31,278,,,354,6,56
2019-10-16 12:00:00,24,,,,133,346,26,266,,,317,3,84
2019-10-16 13:00:00,302,,,,119,9,3,267,,,300,5,75
2019-10-16 14:00:00,242,,,,118,14,333,301,,,300,4,97
2019-10-16 15:00:00,227,,,,113,235,258,311,,,290,9,85
2019-10-16 16:00:00,261,,,,38,17,284,237,,,286,357,332
2019-10-16 17:00:00,342,,,,313,273,2,112,,,48,359,321
2019-10-16 18:00:00,203,,,,298,345,12,226,,,31,5,51
2019-10-16 19:00:00,68,,,,245,56,51,138,,,359,13,114
2019-10-16 20:00:00,74,,,,104,28,50,296,,,347,7,81
2019-10-16 21:00:00,46,,,,101,43,41,312,,,53,7,84
2019-10-16 22:00:00,57,,,,112,14,27,292,,,82,4,102
2019-10-16 23:00:00,82,,,,93,324,33,266,,,320,3,103
2019-10-17 00:00:00,150,,354,,93,282,32,275,,,275,3,95
2019-10-17 01:00:00,197,,354,,64,342,7,295,,,306,5,75
2019-10-17 02:00:00,216,,354,,162,176,45,305,,,341,5,169
2019-10-17 03:00:00,173,,,,67,135,209,127,,,342,4,105
2019-10-17 04:00:00,88,,,,36,15,41,107,,,271,5,98
2019-10-17 05:00:00,97,,,,96,102,37,184,,,5,5,104
2019-10-17 06:00:00,144,,,,120,40,55,217,,,335,6,112
2019-10-17 07:00:00,185,,,,316,187,233,268,,,327,3,91
2019-10-17 08:00:00,217,,,,268,68,231,344,,,326,3,15
2019-10-17 09:00:00,261,,,,343,31,309,113,,,355,5,302
2019-10-17 10:00:00,296,,,,112,298,295,326,,,16,9,242
2019-10-17 11:00:00,278,,,,289,300,342,338,,,50,6,252
2019-10-17 12:00:00,16,,,,190,313,90,91,,,43,7,85
2019-10-17 13:00:00,95,,,,130,69,68,127,,,3,5,94
2019-10-17 14:00:00,123,,,,109,68,70,137,,,128,4,98
2019-10-17 15:00:00,102,,,,98,76,104,102,,,148,4,97
2019-10-17 16:00:00,99,,,,100,96,123,72,,,158,4,84
2019-10-17 17:00:00,116,,,,99,99,134,78,,,156,14,77
2019-10-17 18:00:00,140,,,,116,111,136,105,,,155,7,70
2019-10-17 19:00:00,136,,,,97,124,132,135,,,155,7,65
2019-10-17 20:00:00,125,,,,91,128,161,134,,,159,20,77
2019-10-17 21:00:00,127,,,,115,127,199,116,,,129,33,73
2019-10-17 22:00:00,133,,,,154,67,171,115,,,149,24,119
2019-10-17 23:00:00,113,,,,141,143,122,125,,,196,35,167
2019-10-18 00:00:00,79,,354,,142,157,108,108,,,97,9,162
2019-10-18 01:00:00,317,,354,,43,108,83,146,,,48,10,147
2019-10-18 02:00:00,159,,354,,340,155,27,220,,,343,16,173
2019-10-18 03:00:00,235,,,,324,117,330,158,,,286,4,210
2019-10-18 04:00:00,256,,,,303,311,81,205,,,6,17,238
2019-10-18 05:00:00,310,,,,313,310,20,153,,,320,3,221
2019-10-18 06:00:00,238,,,,296,63,271,132,,,293,5,212
2019-10-18 07:00:00,252,,,,310,40,263,118,,,266,4,213
2019-10-18 08:00:00,68,,355,,344,77,298,79,,,165,4,39
2019-10-18 09:00:00,94,,354,,103,79,37,97,,,162,7,93
2019-10-18 10:00:00,106,,354,,103,71,54,85,,,145,8,82
2019-10-18 11:00:00,77,,354,,97,97,95,102,,,160,8,84
2019-10-18 12:00:00,75,,,,97,91,88,118,,,158,6,77
2019-10-18 13:00:00,70,,,,97,91,83,123,,,164,5,78
2019-10-18 14:00:00,69,,,,99,99,92,113,,,164,5,74
2019-10-18 15:00:00,94,,,,107,102,115,108,,,163,5,60
2019-10-18 16:00:00,145,,,,99,92,115,107,,,163,4,80
2019-10-18 17:00:00,154,,,,86,104,132,123,,,158,5,85
2019-10-18 18:00:00,138,,,,91,117,127,127,,,146,11,76
2019-10-18 19:00:00,133,,,,135,118,159,127,,,158,23,67
2019-10-18 20:00:00,138,,,,140,98,249,114,,,148,30,158
2019-10-18 21:00:00,131,,,,122,319,52,157,,,131,13,180
2019-10-18 22:00:00,287,,,,164,111,43,215,,,103,16,233
2019-10-18 23:00:00,262,,,,35,169,98,210,,,115,13,235
2019-10-19 00:00:00,263,,354,,12,218,43,202,,,137,10,224
2019-10-19 01:00:00,250,,354,,290,312,45,245,,,29,6,216
2019-10-19 02:00:00,284,,354,,300,299,34,238,,,355,5,215
2019-10-19 03:00:00,273,,,,301,288,26,252,,,344,5,201
2019-10-19 04:00:00,267,,,,286,295,32,174,,,303,4,161
2019-10-19 05:00:00,292,,,,289,292,322,214,,,305,6,239
2019-10-19 06:00:00,299,,,,307,142,66,264,,,338,17,238
2019-10-19 07:00:00,287,,,,291,86,315,210,,,350,8,294
2019-10-19 08:00:00,47,,,,287,73,200,313,,,356,7,262
2019-10-19 09:00:00,62,,,,290,341,32,290,,,354,13,245
2019-10-19 10:00:00,94,,,,286,11,36,290,,,5,6,68
2019-10-19 11:00:00,86,,,,304,10,59,282,,,58,4,83
2019-10-19 12:00:00,161,,,,265,7,42,262,,,85,3,104
2019-10-19 13:00:00,93,,,,228,24,73,206,,,154,3,106
2019-10-19 14:00:00,61,,,,216,36,67,72,,,164,3,94
2019-10-19 15:00:00,61,,,,104,38,72,79,,,157,,68
2019-10-19 16:00:00,79,,,,95,52,76,116,,,148,,66
2019-10-19 17:00:00,133,,,,89,46,113,128,,,162,,91
2019-10-19 18:00:00,140,,,,91,101,137,119,,,158,,84
2019-10-19 19:00:00,122,,,,90,102,173,119,,,175,,64
2019-10-19 20:00:00,122,,,,91,92,170,106,,,164,8,57
2019-10-19 21:00:00,129,,,,79,88,121,104,,,16,17,84
2019-10-19 22:00:00,96,,,,94,110,104,172,,,58,15,111
2019-10-19 23:00:00,358,,,,129,152,68,197,,,112,13,115
2019-10-20 00:00:00,54,,360,,117,71,54,180,,,155,27,113
2019-10-20 01:00:00,16,,354,,160,46,67,250,,,47,17,121
2019-10-20 02:00:00,6,,354,,28,294,51,231,,,43,18,159
2019-10-20 03:00:00,10,,354,,52,117,66,229,,,31,18,193
2019-10-20 04:00:00,351,,,,56,29,88,243,,,353,11,188
2019-10-20 05:00:00,295,,,,3,274,27,227,,,6,11,200
2019-10-20 06:00:00,237,,,,293,277,62,229,,,325,14,220
2019-10-20 07:00:00,273,,,,324,279,21,245,,,13,15,241
2019-10-20 08:00:00,234,,,,309,312,314,254,,,49,16,254
2019-10-20 09:00:00,347,,,,270,355,348,297,,,41,17,240
2019-10-20 10:00:00,359,,,,312,56,43,298,,,32,10,109
2019-10-20 11:00:00,66,,,,78,90,70,266,,,53,5,83
2019-10-20 12:00:00,97,,,,100,79,69,269,,,110,4,92
2019-10-20 13:00:00,105,,,,98,80,86,120,,,163,5,75
2019-10-20 14:00:00,77,,,,94,89,88,116,,,152,3,86
2019-10-20 15:00:00,101,,,,101,105,124,111,,,167,3,73
2019-10-20 16:00:00,141,,,,100,115,131,115,,,172,3,80
2019-10-20 17:00:00,124,,,,111,112,149,132,,,229,5,80
2019-10-20 18:00:00,114,,,,115,110,128,143,,,284,17,86
2019-10-20 19:00:00,94,,,,119,121,140,116,,,239,24,106
2019-10-20 20:00:00,152,,,,151,92,214,96,,,164,18,200
2019-10-20 21:00:00,229,,,,173,48,90,146,,,152,17,155
2019-10-20 22:00:00,251,,,,81,3,37,224,,,78,21,253
2019-10-20 23:00:00,212,,,,305,359,35,215,,,14,15,251
2019-10-21 00:00:00,270,,354,,292,328,36,233,,,25,12,247
2019-10-21 01:00:00,320,,354,,285,311,17,231,,,12,15,246
2019-10-21 02:00:00,208,,354,,275,301,164,231,,,313,17,252
2019-10-21 03:00:00,243,,,,293,314,278,190,,,309,10,257
2019-10-21 04:00:00,229,,,,288,80,243,268,,,306,10,262
2019-10-21 05:00:00,284,,,,276,142,252,107,,,282,11,219
2019-10-21 06:00:00,278,,,,256,337,310,200,,,72,11,257
2019-10-21 07:00:00,146,,,,271,303,29,259,,,290,17,257
2019-10-21 08:00:00,131,,,,258,53,358,262,,,333,17,81
2019-10-21 09:00:00,102,,,,263,322,19,270,,,359,9,55
2019-10-21 10:00:00,18,,,,274,4,28,286,,,342,4,308
2019-10-21 11:00:00,20,,,,267,2,31,81,,,356,4,275
2019-10-21 12:00:00,45,,,,282,19,38,109,,,11,4,104
2019-10-21 13:00:00,61,,,,304,26,57,119,,,17,3,80
2019-10-21 14:00:00,53,,,,108,21,56,149,,,110,3,84
2019-10-21 15:00:00,37,,,,103,49,69,174,,,170,3,65
2019-10-21 16:00:00,28,,,,92,37,44,127,,,182,,48
2019-10-21 17:00:00,9,,,,97,30,42,108,,,111,,57
2019-10-21 18:00:00,19,,,,101,82,41,110,,,98,9,82
2019-10-21 19:00:00,12,,,,101,6,38,115,,,168,15,100
2019-10-21 20:00:00,8,,,,114,298,41,127,,,132,18,88
2019-10-21 21:00:00,14,,,,110,248,32,108,,,141,18,97
2019-10-21 22:00:00,61,,,,105,191,42,99,,,113,17,89
2019-10-21 23:00:00,86,,,,100,85,93,96,,,109,17,64
2019-10-22 00:00:00,85,,354,,89,79,100,94,,,114,16,62
2019-10-22 01:00:00,108,,354,,85,117,126,84,,,159,12,70
2019-10-22 02:00:00,124,,354,,94,124,128,90,,,159,13,65
2019-10-22 03:00:00,129,,,,102,107,118,90,,,149,11,65
2019-10-22 04:00:00,122,,,,99,96,111,101,,,145,12,64
2019-10-22 05:00:00,80,,,,96,106,109,77,,,126,13,63
2019-10-22 06:00:00,104,,,,91,122,118,92,,,154,12,61
2019-10-22 07:00:00,113,,,,94,111,120,97,,,166,12,67
2019-10-22 08:00:00,126,,,,101,89,119,106,,,149,13,74
2019-10-22 09:00:00,120,,,,94,90,117,116,,,109,12,75
2019-10-22 10:00:00,66,,,,94,89,104,94,,,116,10,69
2019-10-22 11:00:00,74,,,,91,91,118,102,,,170,10,64
2019-10-22 12:00:00,75,,,,85,84,112,109,,,161,10,61
2019-10-22 13:00:00,71,,,,86,84,114,104,,,160,5,58
2019-10-22 14:00:00,106,,,,90,84,97,111,,,157,5,70
2019-10-22 15:00:00,100,,,,89,94,108,99,,,143,5,81
2019-10-22 16:00:00,133,,,,93,96,129,83,,,148,,79
2019-10-22 17:00:00,105,,,,96,100,129,86,,,132,,85
2019-10-22 18:00:00,113,,,,93,100,131,109,,,124,,81
2019-10-22 19:00:00,141,,,,85,93,129,115,,,138,,75
2019-10-22 20:00:00,138,,,,85,111,128,117,,,145,6,72
2019-10-22 21:00:00,136,,,,91,109,124,97,,,141,8,74
2019-10-22 22:00:00,109,,,,87,106,128,90,,,136,5,69
2019-10-22 23:00:00,102,,,,82,104,123,81,,,142,6,69
2019-10-23 00:00:00,90,,354,,89,123,124,105,,,149,7,65
2019-10-23 01:00:00,106,,354,,92,121,119,112,,,145,8,71
2019-10-23 02:00:00,136,,354,,90,115,122,120,,,138,6,73
2019-10-23 03:00:00,129,,,,92,121,116,129,,,124,6,81
2019-10-23 04:00:00,102,,,,91,114,109,122,,,121,9,97
2019-10-23 05:00:00,109,,,,112,131,94,106,,,131,7,105
2019-10-23 06:00:00,69,,,,95,105,119,116,,,169,3,93
2019-10-23 07:00:00,137,,,,43,123,245,118,,,45,3,122
2019-10-23 08:00:00,110,,,,97,53,45,117,,,77,11,210
2019-10-23 09:00:00,48,,,,97,84,79,125,,,143,5,78
2019-10-23 10:00:00,57,,,,104,121,117,94,,,156,16,68
2019-10-23 11:00:00,126,,,,101,100,122,98,,,145,24,71
2019-10-23 12:00:00,152,,,,98,103,125,103,,,143,20,84
2019-10-23 13:00:00,142,,,,88,101,125,95,,,141,18,79
2019-10-23 14:00:00,143,,,,79,100,125,88,,,131,16,75
2019-10-23 15:00:00,141,,,,82,102,133,84,,,146,17,74
2019-10-23 16:00:00,137,,,,83,98,139,82,,,137,18,79
2019-10-23 17:00:00,133,,,,81,99,131,81,,,131,16,73
2019-10-23 18:00:00,133,,,,83,99,125,88,,,132,17,68
2019-10-23 19:00:00,133,,,,81,97,131,98,,,134,19,63
2019-10-23 20:00:00,137,,,,86,104,132,99,,,129,18,67
2019-10-23 21:00:00,132,,,,87,99,126,106,,,125,21,65
2019-10-23 22:00:00,119,,,,89,95,126,112,,,127,13,68
2019-10-23 23:00:00,100,,,,92,102,129,111,,,137,13,69
2019-10-24 00:00:00,77,,354,,93,104,123,105,,,129,14,70
2019-10-24 01:00:00,71,,354,,106,96,113,107,,,112,18,77
2019-10-24 02:00:00,52,,354,,116,70,93,214,,,87,14,113
2019-10-24 03:00:00,63,,,,109,63,84,225,,,46,24,165
2019-10-24 04:00:00,61,,,,39,53,73,223,,,56,11,193
2019-10-24 05:00:00,44,,,,33,7,78,186,,,57,8,208
2019-10-24 06:00:00,97,,,,57,75,82,156,,,66,13,130
2019-10-24 07:00:00,92,,,,79,61,77,134,,,95,9,90
2019-10-24 08:00:00,56,,,,95,73,65,113,,,142,16,89
2019-10-24 09:00:00,50,,,,117,78,65,278,,,172,17,88
2019-10-24 10:00:00,21,,,,121,99,78,103,,,152,21,72
2019-10-24 11:00:00,22,,,,116,143,79,129,,,135,19,97
2019-10-24 12:00:00,68,,,,108,97,109,78,,,138,11,90
2019-10-24 13:00:00,97,,,,103,93,124,99,,,140,9,72
2019-10-24 14:00:00,128,,,,96,104,124,121,,,146,9,87
2019-10-24 15:00:00,143,,,,94,105,139,116,,,152,9,81
2019-10-24 16:00:00,151,,,,102,108,129,129,,,165,10,90
2019-10-24 17:00:00,142,,,,111,107,131,122,,,178,9,80
2019-10-24 18:00:00,135,,,,111,122,136,123,,,266,16,85
2019-10-24 19:00:00,124,,,,97,104,126,110,,,290,20,101
2019-10-24 20:00:00,140,,,,92,201,243,100,,,185,13,117
2019-10-24 21:00:00,120,,,,113,300,99,113,,,144,13,115
2019-10-24 22:00:00,84,,,,95,65,106,120,,,128,16,110
2019-10-24 23:00:00,36,,,,101,28,52,96,,,40,29,75
2019-10-25 00:00:00,70,,355,,94,95,43,268,,,325,13,102
2019-10-25 01:00:00,70,,355,,101,53,39,271,,,320,3,103
2019-10-25 02:00:00,105,,,,40,344,32,278,,,326,3,92
2019-10-25 03:00:00,164,,,,123,261,9,269,,,331,3,82
2019-10-25 04:00:00,211,,,,99,194,248,261,,,348,,46
2019-10-25 05:00:00,255,,,,5,137,353,298,,,347,,255
2019-10-25 06:00:00,132,,,,264,321,343,289,,,350,,278
2019-10-25 07:00:00,169,,,,269,293,356,294,,,347,,287
2019-10-25 08:00:00,61,,354,,280,244,326,287,,,350,,287
2019-10-25 09:00:00,348,,354,,272,250,336,291,,,352,,291
2019-10-25 10:00:00,333,,355,,282,283,330,302,,,352,,287
2019-10-25 11:00:00,329,,355,,291,327,335,297,,,353,,299
2019-10-25 12:00:00,330,,355,,291,309,335,304,,,355,,294
2019-10-25 13:00:00,328,,,,285,273,313,300,,,1,,295
2019-10-25 14:00:00,329,,,,302,336,342,300,,,2,,291
2019-10-25 15:00:00,330,,354,,301,348,5,291,,,3,,298
2019-10-25 16:00:00,334,,355,,300,329,18,300,,,3,,290
2019-10-25 17:00:00,336,,354,,296,329,19,273,,,1,,275
2019-10-25 18:00:00,10,,354,,290,1,27,273,,,318,,272
2019-10-25 19:00:00,44,,355,,289,240,24,153,,,263,,29
2019-10-25 20:00:00,130,,354,,297,87,41,162,,,290,,89
2019-10-25 21:00:00,113,,354,,265,69,50,221,,,314,,89
2019-10-25 22:00:00,114,,354,,284,101,44,262,,,296,,85
2019-10-25 23:00:00,145,,,,354,139,36,241,,,299,,77
2019-10-26 00:00:00,148,,354,,304,318,33,214,,,296,,89
2019-10-26 01:00:00,159,,354,,307,271,238,132,,,297,9,181
2019-10-26 02:00:00,213,,354,,287,244,225,194,,,321,6,227
2019-10-26 03:00:00,159,,,,250,142,135,184,,,332,3,137
2019-10-26 04:00:00,144,,,,263,135,172,164,,,310,3,97
2019-10-26 05:00:00,143,,,,111,234,183,158,,,316,6,152
2019-10-26 06:00:00,172,,,,104,260,226,146,,,152,16,192
2019-10-26 07:00:00,219,,,,28,350,221,108,,,158,6,235
2019-10-26 08:00:00,140,,,,166,116,209,96,,,163,4,295
2019-10-26 09:00:00,115,,,,126,48,82,92,,,153,6,62
2019-10-26 10:00:00,91,,,,98,101,104,108,,,153,3,64
2019-10-26 11:00:00,96,,,,89,105,112,111,,,157,4,62
2019-10-26 12:00:00,66,,,,87,108,97,107,,,169,3,62
2019-10-26 13:00:00,85,,,,98,92,113,110,,,166,3,61
2019-10-26 14:00:00,58,,,,95,110,118,113,,,159,4,65
2019-10-26 15:00:00,50,,,,96,98,116,115,,,165,5,65
2019-10-26 16:00:00,121,,,,100,102,120,112,,,161,5,53
2019-10-26 17:00:00,133,,,,100,108,121,135,,,157,8,73
2019-10-26 18:00:00,137,,,,75,117,142,141,,,139,9,114
2019-10-26 19:00:00,169,,,,22,139,159,130,,,164,3,138
2019-10-26 20:00:00,160,,,,22,168,156,175,,,199,3,172
2019-10-26 21:00:00,166,,,,360,200,116,170,,,175,3,182
2019-10-26 22:00:00,245,,,,12,202,165,168,,,358,,181
2019-10-26 23:00:00,286,,,,358,258,56,228,,,353,,218
2019-10-27 00:00:00,245,,354,,320,209,38,224,,,18,,212
2019-10-27 01:00:00,300,,354,,298,167,36,247,,,6,6,188
2019-10-27 02:00:00,287,,354,,290,285,12,265,,,339,3,233
2019-10-27 03:00:00,256,,,,328,297,303,259,,,338,10,212
2019-10-27 04:00:00,266,,,,305,249,269,247,,,359,5,217
2019-10-27 05:00:00,16,,,,296,246,282,237,,,5,3,236
2019-10-27 06:00:00,298,,,,290,209,266,260,,,302,3,217
2019-10-27 07:00:00,350,,357,,280,350,15,279,,,347,3,239
2019-10-27 08:00:00,55,,354,,267,168,55,300,,,1,4,205
2019-10-27 09:00:00,44,,354,,268,55,356,309,,,3,5,108
2019-10-27 10:00:00,68,,357,,229,52,49,308,,,37,11,53
2019-10-27 11:00:00,41,,354,,92,69,61,325,,,59,17,81
2019-10-27 12:00:00,59,,354,,95,104,86,310,,,55,16,80
2019-10-27 13:00:00,87,,354,,96,85,74,315,,,102,10,85
2019-10-27 14:00:00,83,,,,90,85,,315,,,151,8,86
2019-10-27 15:00:00,89,,,,97,88,,107,,,161,7,85
2019-10-27 16:00:00,74,,,,103,107,,103,,,157,6,79
2019-10-27 17:00:00,70,,,,111,104,,114,,,142,11,72
2019-10-27 18:00:00,97,,355,,110,124,,113,,,157,22,70
2019-10-27 19:00:00,88,,354,,120,133,,121,,,167,31,75
2019-10-27 20:00:00,72,,354,,122,257,,119,,,198,31,71
2019-10-27 21:00:00,65,,354,,117,289,,116,,,119,35,130
2019-10-27 22:00:00,85,,,,142,103,,122,,,123,15,144
2019-10-27 23:00:00,30,,,,145,113,,136,,,125,12,118
2019-10-28 00:00:00,8,,354,,94,102,,230,,,148,8,116
2019-10-28 01:00:00,61,,354,,70,78,,282,,,55,7,110
2019-10-28 02:00:00,7,,354,,50,322,,254,,,48,3,146
2019-10-28 03:00:00,44,,,,278,71,,277,,,53,7,190
2019-10-28 04:00:00,336,,,,331,312,,253,,,7,5,157
2019-10-28 05:00:00,27,,,,73,296,,277,,,51,7,124
2019-10-28 06:00:00,18,,,,17,33,,293,,,38,7,159
2019-10-28 07:00:00,1,,355,,301,317,,291,,,83,4,130
2019-10-28 08:00:00,358,,354,,96,351,,306,,,60,4,227
2019-10-28 09:00:00,28,,354,,105,40,,307,,,24,3,122
2019-10-28 10:00:00,62,,354,,99,75,,313,,,3,6,75
2019-10-28 11:00:00,83,,,,92,98,,313,,,12,11,76
2019-10-28 12:00:00,40,,,,89,95,,314,,,176,17,79
2019-10-28 13:00:00,50,,,,98,92,,317,,,170,11,74
2019-10-28 14:00:00,69,,,,96,95,,313,,,166,7,82
2019-10-28 15:00:00,75,,,,96,96,,71,,,163,11,81
2019-10-28 16:00:00,73,,,,107,95,,105,,,160,13,82
2019-10-28 17:00:00,119,,,,105,110,95,124,,,190,15,75
2019-10-28 18:00:00,137,,,,118,109,180,117,,,251,24,82
2019-10-28 19:00:00,142,,,,121,237,264,110,,,287,31,116
2019-10-28 20:00:00,108,,,,120,252,193,104,,,306,23,141
2019-10-28 21:00:00,138,,,,125,264,298,110,,,102,13,179
2019-10-28 22:00:00,95,,,,151,105,98,107,,,119,23,142
2019-10-28 23:00:00,36,,,,109,109,84,108,,,133,22,129
2019-10-29 00:00:00,1,,354,,115,92,65,132,,,115,26,123
2019-10-29 01:00:00,5,,354,,124,77,70,339,,,114,9,123
2019-10-29 02:00:00,4,,354,,80,58,81,207,,,85,7,117
2019-10-29 03:00:00,19,,,,109,49,81,237,,,111,25,149
2019-10-29 04:00:00,45,,,,147,55,73,238,,,104,19,131
2019-10-29 05:00:00,28,,,,153,51,45,193,,,67,5,129
2019-10-29 06:00:00,41,,,,132,36,45,100,,,61,5,252
2019-10-29 07:00:00,45,,,,109,46,69,175,,,66,11,267
2019-10-29 08:00:00,68,,,,113,55,75,262,,,52,10,268
2019-10-29 09:00:00,21,,,,105,81,32,295,,,47,17,40
2019-10-29 10:00:00,25,,,,87,65,24,304,,,141,17,77
2019-10-29 11:00:00,14,,,,104,31,7,298,,,149,14,103
2019-10-29 12:00:00,9,,,,91,115,38,284,,,175,10,105
2019-10-29 13:00:00,56,,,,95,69,75,236,,,174,10,86
2019-10-29 14:00:00,38,,,,102,62,66,155,,,177,9,80
2019-10-29 15:00:00,74,,,,102,101,74,123,,,165,8,68
2019-10-29 16:00:00,87,,,,100,114,134,122,,,212,7,81
2019-10-29 17:00:00,112,,,,90,111,133,131,,,267,9,85
2019-10-29 18:00:00,92,,,,83,157,119,151,,,280,9,104
2019-10-29 19:00:00,48,,,,108,286,84,110,,,13,7,117
2019-10-29 20:00:00,346,,,,117,238,51,102,,,62,26,130
2019-10-29 21:00:00,82,,,,106,61,55,111,,,104,18,112
2019-10-29 22:00:00,43,,,,98,102,71,111,,,120,6,77
2019-10-29 23:00:00,79,,,,97,74,85,113,,,125,18,98
2019-10-30 00:00:00,65,,354,,93,91,75,115,,,127,10,89
2019-10-30 01:00:00,31,,354,,92,99,69,116,,,106,17,119
2019-10-30 02:00:00,72,,354,,95,81,61,182,,,73,24,101
2019-10-30 03:00:00,96,,,,97,75,74,256,,,68,18,94
2019-10-30 04:00:00,58,,,,135,51,78,300,,,62,17,105
2019-10-30 05:00:00,72,,,,106,60,77,298,,,65,10,105
2019-10-30 06:00:00,72,,,,119,79,78,289,,,80,11,97
2019-10-30 07:00:00,63,,,,107,80,55,295,,,51,9,99
2019-10-30 08:00:00,27,,,,103,68,42,305,,,73,9,93
2019-10-30 09:00:00,67,,,,98,62,48,306,,,171,12,85
2019-10-30 10:00:00,51,,,,114,92,31,303,,,88,3,78
2019-10-30 11:00:00,55,,,,102,68,34,294,,,100,3,81
2019-10-30 12:00:00,82,,,,115,49,59,289,,,47,3,70
2019-10-30 13:00:00,113,,,,109,49,82,293,,,49,,84
2019-10-30 14:00:00,88,,,,104,28,55,299,,,68,,81
2019-10-30 15:00:00,14,,,,105,26,35,290,,,71,,89
2019-10-30 16:00:00,36,,,,105,20,38,298,,,8,6,93
2019-10-30 17:00:00,70,,,,107,9,25,293,,,327,12,94
2019-10-30 18:00:00,78,,,,102,14,26,283,,,326,13,100
2019-10-30 19:00:00,75,,,,99,67,27,269,,,327,4,84
2019-10-30 20:00:00,56,,,,91,28,25,268,,,333,3,98
2019-10-30 21:00:00,81,,,,76,15,39,272,,,330,3,94
2019-10-30 22:00:00,71,,,,106,22,38,273,,,334,3,96
2019-10-30 23:00:00,75,,,,122,19,38,269,,,331,,102
2019-10-31 00:00:00,60,,354,,111,18,37,265,,,333,,95
2019-10-31 01:00:00,63,,354,,140,11,39,277,,,331,2,103
2019-10-31 02:00:00,78,,354,,70,24,44,273,,,327,2,99
2019-10-31 03:00:00,58,,,,2,25,36,266,,,332,3,92
2019-10-31 04:00:00,31,,,,27,10,36,273,,,329,4,110
2019-10-31 05:00:00,36,,,,51,339,20,274,,,331,5,88
2019-10-31 06:00:00,276,,,,47,244,337,275,,,334,4,90
2019-10-31 07:00:00,253,,,,73,266,292,294,,,337,6,170
2019-10-31 08:00:00,157,,,,59,59,246,274,,,337,7,116
2019-10-31 09:00:00,108,,,,82,75,77,278,,,332,9,99
2019-10-31 10:00:00,119,,355,,70,89,72,286,,,336,3,90
2019-10-31 11:00:00,46,,355,,106,83,48,299,,,345,3,89
2019-10-31 12:00:00,83,,355,,100,61,102,304,,,352,3,79
2019-10-31 13:00:00,67,,,,93,82,75,292,,,17,,74
2019-10-31 14:00:00,80,,,,100,106,70,24,,,26,,69
2019-10-31 15:00:00,90,,,,99,73,79,59,,,63,,76
2019-10-31 16:00:00,75,,,,85,57,83,74,,,77,,70
2019-10-31 17:00:00,78,,354,,79,64,109,77,,,107,,73
2019-10-31 18:00:00,77,,354,,80,47,107,66,,,97,,81
2019-10-31 19:00:00,99,,354,,90,28,123,83,,,101,,77
2019-10-31 20:00:00,90,,,,105,90,121,73,,,144,,73
2019-10-31 21:00:00,127,,355,,104,99,132,109,,,166,,73
2019-10-31 22:00:00,138,,354,,111,92,141,134,,,165,5,65
2019-10-31 23:00:00,,,,,,,,,,,,,
2019-11-01 00:00:00,141,,354,,126,127,159,113,,,163,33,61
2019-11-01 01:00:00,137,,354,,101,125,161,116,,,143,16,129
2019-11-01 02:00:00,101,,354,,125,137,122,122,,,160,3,115
2019-11-01 03:00:00,57,,,,46,154,115,129,,,174,4,153
2019-11-01 04:00:00,83,,,,84,148,149,135,,,215,3,167
2019-11-01 05:00:00,114,,,,15,157,124,112,,,297,3,160
2019-11-01 06:00:00,105,,,,55,156,107,94,,,274,3,205
2019-11-01 07:00:00,129,,,,9,113,116,99,,,275,,226
2019-11-01 08:00:00,120,,,,73,98,194,98,,,180,7,269
2019-11-01 09:00:00,117,,,,90,111,96,104,,,155,10,72
2019-11-01 10:00:00,75,,355,,89,105,93,104,,,153,3,70
2019-11-01 11:00:00,77,,354,,94,95,110,97,,,153,8,73
2019-11-01 12:00:00,89,,354,,102,90,121,110,,,140,6,83
2019-11-01 13:00:00,75,,354,,81,91,101,99,,,150,4,69
2019-11-01 14:00:00,87,,,,100,111,112,109,,,138,3,79
2019-11-01 15:00:00,61,,,,101,100,89,111,,,141,3,64
2019-11-01 16:00:00,72,,,,104,94,99,120,,,141,3,62
2019-11-01 17:00:00,103,,,,102,96,106,130,,,127,5,66
2019-11-01 18:00:00,108,,,,97,95,129,135,,,121,7,72
2019-11-01 19:00:00,113,,,,90,98,115,125,,,133,6,84
2019-11-01 20:00:00,83,,,,68,138,100,122,,,240,16,116
2019-11-01 21:00:00,103,,,,102,158,115,117,,,277,28,150
2019-11-01 22:00:00,104,,,,350,212,62,102,,,312,4,171
2019-11-01 23:00:00,231,,,,327,271,302,178,,,1,3,221
2019-11-02 00:00:00,233,,354,,279,299,246,186,,,6,3,227
2019-11-02 01:00:00,259,,354,,325,156,42,242,,,9,3,197
2019-11-02 02:00:00,314,,354,,300,338,35,157,,,321,18,164
2019-11-02 03:00:00,248,,,,350,285,359,231,,,327,10,200
2019-11-02 04:00:00,250,,,,296,288,323,216,,,337,3,226
2019-11-02 05:00:00,295,,,,321,160,223,233,,,315,5,236
2019-11-02 06:00:00,255,,,,311,195,13,163,,,322,4,192
2019-11-02 07:00:00,278,,356,,281,180,36,239,,,300,5,216
2019-11-02 08:00:00,51,,356,,347,42,44,283,,,320,5,122
2019-11-02 09:00:00,45,,354,,128,62,46,314,,,31,4,93
2019-11-02 10:00:00,64,,354,,87,130,61,308,,,24,6,92
2019-11-02 11:00:00,79,,354,,106,88,101,314,,,91,14,85
2019-11-02 12:00:00,64,,,,106,42,72,347,,,173,8,73
2019-11-02 13:00:00,95,,,,99,61,78,70,,,128,12,69
2019-11-02 14:00:00,85,,,,96,86,96,63,,,136,12,59
2019-11-02 15:00:00,83,,,,105,90,111,75,,,88,7,59
2019-11-02 16:00:00,106,,,,96,86,123,112,,,79,5,96
2019-11-02 17:00:00,124,,,,90,89,123,140,,,88,4,86
2019-11-02 18:00:00,120,,,,100,92,131,104,,,99,3,80
2019-11-02 19:00:00,113,,,,109,92,121,102,,,80,3,75
2019-11-02 20:00:00,106,,,,84,112,118,108,,,88,3,83
2019-11-02 21:00:00,95,,,,74,102,125,109,,,189,,71
2019-11-02 22:00:00,100,,,,80,97,125,115,,,211,,78
2019-11-02 23:00:00,148,,,,99,89,126,107,,,146,6,102
2019-11-03 00:00:00,151,,354,,102,96,112,108,,,100,13,139
2019-11-03 01:00:00,79,,354,,102,100,93,89,,,107,5,121
2019-11-03 02:00:00,73,,354,,99,107,84,106,,,60,12,92
2019-11-03 03:00:00,59,,,,100,128,74,132,,,283,8,102
2019-11-03 04:00:00,59,,,,69,133,84,112,,,178,5,112
2019-11-03 05:00:00,3,,,,58,140,99,109,,,175,5,117
2019-11-03 06:00:00,309,,,,39,112,131,105,,,237,6,130
2019-11-03 07:00:00,337,,,,36,254,303,119,,,13,5,159
2019-11-03 08:00:00,144,,,,110,29,216,102,,,130,4,107
2019-11-03 09:00:00,86,,,,120,88,122,116,,,145,4,94
2019-11-03 10:00:00,63,,,,114,101,112,108,,,150,5,74
2019-11-03 11:00:00,43,,,,105,83,110,114,,,145,5,67
2019-11-03 12:00:00,55,,,,106,91,101,119,,,154,4,64
2019-11-03 13:00:00,69,,,,92,77,99,104,,,160,6,71
2019-11-03 14:00:00,67,,,,98,87,98,111,,,163,6,73
2019-11-03 15:00:00,108,,,,102,93,121,105,,,172,6,61
2019-11-03 16:00:00,144,,,,102,106,128,113,,,178,5,85
2019-11-03 17:00:00,147,,,,106,101,135,121,,,181,4,80
2019-11-03 18:00:00,129,,,,113,129,118,130,,,169,8,83
2019-11-03 19:00:00,96,,,,125,154,110,141,,,157,27,128
2019-11-03 20:00:00,66,,,,136,161,161,122,,,286,17,177
2019-11-03 21:00:00,220,,,,103,221,185,145,,,309,3,213
2019-11-03 22:00:00,221,,,,38,234,247,166,,,316,3,201
2019-11-03 23:00:00,227,,,,322,258,238,170,,,350,3,230
2019-11-04 00:00:00,229,,354,,300,217,243,150,,,323,5,175
2019-11-04 01:00:00,246,,354,,298,169,336,223,,,15,5,228
2019-11-04 02:00:00,230,,354,,290,153,28,205,,,242,3,234
2019-11-04 03:00:00,305,,,,303,275,30,225,,,332,4,203
2019-11-04 04:00:00,188,,,,286,68,28,119,,,343,5,155
2019-11-04 05:00:00,226,,,,260,219,214,191,,,313,3,161
2019-11-04 06:00:00,214,,,,301,246,229,140,,,196,3,183
2019-11-04 07:00:00,288,,,,286,191,320,197,,,274,4,209
2019-11-04 08:00:00,259,,,,282,343,304,298,,,341,3,236
2019-11-04 09:00:00,228,,,,219,124,317,346,,,357,6,201
2019-11-04 10:00:00,22,,,,120,89,39,327,,,46,8,94
2019-11-04 11:00:00,97,,,,96,97,47,313,,,52,12,89
2019-11-04 12:00:00,98,,,,93,106,58,356,,,340,4,69
2019-11-04 13:00:00,73,,,,85,92,69,68,,,152,3,81
2019-11-04 14:00:00,93,,,,94,102,79,110,,,157,3,85
2019-11-04 15:00:00,67,,,,95,97,101,110,,,167,4,85
2019-11-04 16:00:00,62,,,,103,90,118,110,,,178,4,75
2019-11-04 17:00:00,96,,,,110,106,120,128,,,195,5,67
2019-11-04 18:00:00,102,,,,114,151,121,106,,,217,21,71
2019-11-04 19:00:00,114,,,,131,114,206,120,,,267,41,100
2019-11-04 20:00:00,58,,,,138,273,254,100,,,263,72,137
2019-11-04 21:00:00,72,,,,149,248,147,95,,,288,22,158
2019-11-04 22:00:00,6,,,,154,277,34,120,,,108,6,160
2019-11-04 23:00:00,177,,,,204,60,39,284,,,101,9,223
2019-11-05 00:00:00,289,,354,,131,96,51,240,,,179,5,133
2019-11-05 01:00:00,2,,354,,52,90,62,236,,,128,4,162
2019-11-05 02:00:00,210,,354,,23,288,37,248,,,358,7,186
2019-11-05 03:00:00,339,,,,88,294,18,266,,,327,5,222
2019-11-05 04:00:00,303,,,,50,290,21,263,,,357,8,243
2019-11-05 05:00:00,302,,,,300,301,16,267,,,360,4,225
2019-11-05 06:00:00,310,,,,296,289,12,273,,,329,8,168
2019-11-05 07:00:00,336,,,,272,280,315,276,,,345,9,135
2019-11-05 08:00:00,309,,,,165,278,264,296,,,9,3,113
2019-11-05 09:00:00,357,,,,147,334,332,306,,,353,6,114
2019-11-05 10:00:00,37,,,,93,12,29,299,,,9,7,72
2019-11-05 11:00:00,34,,,,83,25,36,313,,,76,9,82
2019-11-05 12:00:00,20,,,,94,49,35,59,,,143,5,60
2019-11-05 13:00:00,52,,,,96,78,42,67,,,142,3,68
2019-11-05 14:00:00,52,,,,98,67,67,63,,,150,3,61
2019-11-05 15:00:00,69,,,,,57,90,65,,,144,3,61
2019-11-05 16:00:00,105,,,,79,63,120,80,,,127,,69
2019-11-05 17:00:00,149,,,,81,69,135,105,,,114,,76
2019-11-05 18:00:00,112,,,,78,61,116,101,,,119,,73
2019-11-05 19:00:00,147,,,,81,55,121,100,,,127,,73
2019-11-05 20:00:00,136,,,,81,278,101,111,,,137,,69
2019-11-05 21:00:00,90,,,,81,93,110,97,,,123,4,66
2019-11-05 22:00:00,94,,,,,91,113,101,,,130,4,64
2019-11-05 23:00:00,78,,,,82,95,104,108,,,125,4,64
2019-11-06 00:00:00,66,,354,,81,92,136,123,,,126,5,69
2019-11-06 01:00:00,54,,354,,74,84,123,123,,,127,4,89
2019-11-06 02:00:00,64,,354,,79,87,119,112,,,122,9,74
2019-11-06 03:00:00,56,,,,84,93,126,114,,,124,22,89
2019-11-06 04:00:00,53,,,,96,76,133,113,,,117,15,94
2019-11-06 05:00:00,64,,,,104,83,124,103,,,102,23,119
2019-11-06 06:00:00,63,,,,89,86,117,111,,,114,24,93
2019-11-06 07:00:00,64,,,,94,86,118,103,,,126,57,86
2019-11-06 08:00:00,62,,,,99,92,139,102,,,127,27,80
2019-11-06 09:00:00,112,,,,103,87,134,98,,,123,22,59
2019-11-06 10:00:00,147,,,,88,88,124,101,,,130,3,66
2019-11-06 11:00:00,130,,,,84,96,124,96,,,139,3,66
2019-11-06 12:00:00,132,,,,78,112,122,107,,,144,3,63
2019-11-06 13:00:00,150,,,,87,100,133,102,,,135,,67
2019-11-06 14:00:00,147,,,,77,95,140,92,,,130,,74
2019-11-06 15:00:00,156,,,,80,97,137,100,,,137,,77
2019-11-06 16:00:00,159,,,,90,111,133,109,,,129,,69
2019-11-06 17:00:00,143,,,,84,107,127,92,,,139,,71
2019-11-06 18:00:00,152,,,,84,97,113,103,,,146,,74
2019-11-06 19:00:00,156,,,,85,86,115,99,,,148,,70
2019-11-06 20:00:00,147,,,,84,71,111,91,,,149,,70
2019-11-06 21:00:00,140,,,,77,88,116,87,,,130,,69
2019-11-06 22:00:00,113,,,,78,106,122,95,,,125,,68
2019-11-06 23:00:00,83,,,,95,125,106,114,,,134,5,80
2019-11-07 00:00:00,34,,354,,109,130,108,114,,,118,8,93
2019-11-07 01:00:00,53,,354,,151,121,111,210,,,112,14,110
2019-11-07 02:00:00,13,,354,,152,76,89,224,,,87,19,116
2019-11-07 03:00:00,248,,,,163,71,74,228,,,101,21,202
2019-11-07 04:00:00,243,,,,305,23,27,229,,,111,4,236
2019-11-07 05:00:00,244,,,,303,347,28,251,,,51,5,230
2019-11-07 06:00:00,242,,,,298,313,15,233,,,28,10,259
2019-11-07 07:00:00,248,,,,287,350,13,234,,,47,4,274
2019-11-07 08:00:00,218,,,,281,16,27,111,,,99,6,254
2019-11-07 09:00:00,354,,,,301,49,65,311,,,313,4,287
2019-11-07 10:00:00,15,,,,298,49,39,286,,,354,5,111
2019-11-07 11:00:00,31,,,,352,3,27,295,,,75,7,86
2019-11-07 12:00:00,90,,,,94,56,50,316,,,346,3,72
2019-11-07 13:00:00,56,,,,99,63,86,316,,,69,3,73
2019-11-07 14:00:00,59,,,,98,50,92,308,,,73,3,71
2019-11-07 15:00:00,82,,,,114,103,101,288,,,105,,77
2019-11-07 16:00:00,98,,,,110,82,109,110,,,85,,105
2019-11-07 17:00:00,103,,,,85,76,100,99,,,83,,69
2019-11-07 18:00:00,110,,,,104,90,115,134,,,76,,69
2019-11-07 19:00:00,125,,,,71,340,118,133,,,90,,78
2019-11-07 20:00:00,324,,,,101,272,352,188,,,296,,88
2019-11-07 21:00:00,17,,,,117,349,29,258,,,315,,93
2019-11-07 22:00:00,99,,,,120,92,33,274,,,328,4,107
2019-11-07 23:00:00,73,,,,93,85,54,269,,,327,2,104
2019-11-08 00:00:00,72,,354,,92,84,33,281,,,327,3,96
2019-11-08 01:00:00,86,,354,,89,136,40,280,,,327,3,86
2019-11-08 02:00:00,119,,355,,77,134,38,282,,,333,3,87
2019-11-08 03:00:00,108,,354,,58,1,31,282,,,337,6,88
2019-11-08 04:00:00,69,,354,,67,31,41,287,,,335,7,95
2019-11-08 05:00:00,111,,354,,88,42,49,296,,,331,3,74
2019-11-08 06:00:00,128,,,,101,60,38,298,,,330,3,76
2019-11-08 07:00:00,126,,,,345,61,40,295,,,333,3,79
2019-11-08 08:00:00,104,,,,325,73,40,301,,,331,,71
2019-11-08 09:00:00,87,,,,59,47,40,305,,,336,,77
2019-11-08 10:00:00,94,,,,99,77,31,300,,,328,,78
2019-11-08 11:00:00,118,,,,91,170,27,306,,,339,,78
2019-11-08 12:00:00,67,,,,90,169,357,292,,,342,,81
2019-11-08 13:00:00,224,,,,79,151,250,288,,,9,5,100
2019-11-08 14:00:00,187,,,,80,62,16,284,,,24,17,95
2019-11-08 15:00:00,153,,,,94,47,45,350,,,15,13,107
2019-11-08 16:00:00,74,,,,140,57,55,178,,,23,20,105
2019-11-08 17:00:00,54,,,,128,49,50,178,,,161,13,78
2019-11-08 18:00:00,65,,,,57,35,47,244,,,164,4,73
2019-11-08 19:00:00,88,,,,114,43,48,290,,,155,3,87
2019-11-08 20:00:00,83,,,,74,44,50,283,,,162,3,83
2019-11-08 21:00:00,77,,,,21,49,44,219,,,158,4,76
2019-11-08 22:00:00,21,,,,22,43,53,254,,,171,3,87
2019-11-08 23:00:00,50,,,,36,39,42,290,,,164,3,84
2019-11-09 00:00:00,53,,354,,84,35,42,299,,,167,6,105
2019-11-09 01:00:00,217,,354,,35,278,130,305,,,158,4,122
2019-11-09 02:00:00,183,,354,,37,41,99,303,,,153,3,16
2019-11-09 03:00:00,80,,,,20,61,55,249,,,144,7,81
2019-11-09 04:00:00,77,,,,88,51,68,292,,,137,3,91
2019-11-09 05:00:00,64,,,,100,55,54,304,,,140,3,91
2019-11-09 06:00:00,80,,,,84,57,67,305,,,164,4,85
2019-11-09 07:00:00,72,,,,94,43,49,316,,,164,3,86
2019-11-09 08:00:00,33,,,,96,53,42,105,,,162,10,86
2019-11-09 09:00:00,67,,355,,92,55,60,2,,,164,4,86
2019-11-09 10:00:00,64,,354,,85,111,26,307,,,170,4,65
2019-11-09 11:00:00,89,,354,,70,125,284,281,,,182,3,100
2019-11-09 12:00:00,57,,354,,93,115,299,281,,,162,5,77
2019-11-09 13:00:00,57,,,,109,117,88,113,,,156,4,89
2019-11-09 14:00:00,77,,,,121,117,114,110,,,144,4,88
2019-11-09 15:00:00,90,,,,117,108,126,116,,,140,10,84
2019-11-09 16:00:00,110,,,,113,125,120,114,,,146,4,84
2019-11-09 17:00:00,94,,,,103,126,116,109,,,147,4,100
2019-11-09 18:00:00,94,,,,105,118,129,110,,,144,8,82
2019-11-09 19:00:00,91,,,,102,118,158,101,,,165,5,83
2019-11-09 20:00:00,66,,,,97,127,150,136,,,171,4,97
2019-11-09 21:00:00,60,,,,65,133,136,124,,,162,3,97
2019-11-09 22:00:00,113,,,,19,109,150,148,,,156,7,90
2019-11-09 23:00:00,131,,,,46,104,149,134,,,164,3,93
2019-11-10 00:00:00,138,,360,,80,113,103,114,,,157,3,97
2019-11-10 01:00:00,100,,354,,70,100,97,101,,,162,5,102
2019-11-10 02:00:00,71,,354,,89,107,103,100,,,158,6,111
2019-11-10 03:00:00,57,,354,,94,109,141,114,,,156,3,92
2019-11-10 04:00:00,48,,,,106,88,101,110,,,192,3,87
2019-11-10 05:00:00,51,,,,112,83,155,113,,,156,3,94
2019-11-10 06:00:00,51,,,,99,58,83,96,,,49,,91
2019-11-10 07:00:00,52,,,,111,43,84,121,,,63,,98
2019-11-10 08:00:00,57,,,,76,45,66,179,,,50,,91
2019-11-10 09:00:00,33,,,,131,62,70,184,,,33,,71
2019-11-10 10:00:00,53,,,,70,83,72,273,,,67,4,83
2019-11-10 11:00:00,47,,,,72,116,56,285,,,168,4,73
2019-11-10 12:00:00,9,,,,122,158,53,330,,,169,11,79
2019-11-10 13:00:00,77,,,,110,155,74,87,,,205,12,77
2019-11-10 14:00:00,91,,,,94,110,108,111,,,179,7,81
2019-11-10 15:00:00,88,,,,93,110,132,118,,,126,9,90
2019-11-10 16:00:00,64,,,,91,96,117,112,,,117,7,78
2019-11-10 17:00:00,129,,,,91,117,179,97,,,60,4,80
2019-11-10 18:00:00,146,,,,98,93,115,149,,,26,3,109
2019-11-10 19:00:00,166,,,,91,148,65,123,,,332,5,142
2019-11-10 20:00:00,65,,,,89,49,57,124,,,335,5,171
2019-11-10 21:00:00,79,,,,117,53,59,144,,,342,24,157
2019-11-10 22:00:00,49,,,,152,96,43,161,,,347,32,167
2019-11-10 23:00:00,301,,,,169,149,44,221,,,345,6,202
2019-11-11 00:00:00,116,,354,,193,214,337,193,,,311,8,242
2019-11-11 01:00:00,249,,354,,300,31,49,171,,,328,3,227
2019-11-11 02:00:00,252,,354,,327,44,17,123,,,340,3,228
2019-11-11 03:00:00,244,,,,294,309,297,253,,,324,3,225
2019-11-11 04:00:00,238,,,,284,271,312,298,,,355,,211
2019-11-11 05:00:00,230,,,,294,223,292,287,,,326,,215
2019-11-11 06:00:00,222,,,,280,168,258,264,,,227,,90
2019-11-11 07:00:00,236,,355,,281,354,253,157,,,168,5,220
2019-11-11 08:00:00,172,,354,,287,142,311,104,,,163,3,123
2019-11-11 09:00:00,61,,354,,227,101,10,104,,,94,10,71
2019-11-11 10:00:00,83,,354,,199,94,42,320,,,202,6,72
2019-11-11 11:00:00,89,,,,107,150,46,315,,,176,5,82
2019-11-11 12:00:00,102,,,,100,45,44,318,,,163,3,83
2019-11-11 13:00:00,105,,,,102,89,67,318,,,148,4,88
2019-11-11 14:00:00,77,,,,95,129,82,300,,,114,3,107
2019-11-11 15:00:00,140,,,,123,102,118,219,,,69,3,115
2019-11-11 16:00:00,111,,,,117,63,119,175,,,63,3,90
2019-11-11 17:00:00,48,,,,108,38,51,237,,,75,,75
2019-11-11 18:00:00,7,,,,113,7,37,274,,,98,,63
2019-11-11 19:00:00,18,,,,94,358,169,264,,,314,11,62
2019-11-11 20:00:00,29,,,,120,26,49,278,,,342,8,80
2019-11-11 21:00:00,46,,,,102,89,41,281,,,326,9,87
2019-11-11 22:00:00,102,,,,102,82,52,274,,,327,3,93
2019-11-11 23:00:00,75,,,,87,7,31,285,,,332,3,99
2019-11-12 00:00:00,101,,354,,120,17,40,274,,,330,3,99
2019-11-12 01:00:00,95,,353,,90,45,45,270,,,329,,101
2019-11-12 02:00:00,106,,353,,85,81,37,270,,,335,,94
2019-11-12 03:00:00,111,,354,,,140,36,277,,,335,,86
2019-11-12 04:00:00,101,,353,,,113,38,269,,,335,,87
2019-11-12 05:00:00,111,,353,,142,118,43,267,,,334,,86
2019-11-12 06:00:00,115,,353,,261,108,37,274,,,340,,90
2019-11-12 07:00:00,74,,,,266,149,36,279,,,344,,94
2019-11-12 08:00:00,65,,,,263,293,30,279,,,346,,82
2019-11-12 09:00:00,124,,,,271,319,23,269,,,348,,69
2019-11-12 10:00:00,46,,354,,286,352,32,280,,,353,,71
2019-11-12 11:00:00,95,,354,,271,354,28,269,,,351,,83
2019-11-12 12:00:00,63,,354,,272,352,35,281,,,349,,58
2019-11-12 13:00:00,72,,,,282,353,37,277,,,348,,91
2019-11-12 14:00:00,66,,,,271,355,33,289,,,346,,90
2019-11-12 15:00:00,78,,,,291,12,42,293,,,340,,85
2019-11-12 16:00:00,95,,,,293,67,44,300,,,344,,84
2019-11-12 17:00:00,119,,,,305,67,49,302,,,345,,78
2019-11-12 18:00:00,82,,353,,299,76,45,304,,,342,4,75
2019-11-12 19:00:00,85,,353,,304,45,44,300,,,333,3,80
2019-11-12 20:00:00,98,,353,,300,62,54,304,,,343,3,76
2019-11-12 21:00:00,125,,,,27,27,55,300,,,354,4,87
2019-11-12 22:00:00,88,,,,318,80,76,306,,,8,4,68
2019-11-12 23:00:00,85,,,,256,88,57,305,,,339,8,75
2019-11-13 00:00:00,110,,353,,105,55,68,313,,,346,5,72
2019-11-13 01:00:00,78,,353,,95,52,65,311,,,13,4,75
2019-11-13 02:00:00,102,,353,,94,66,72,295,,,106,3,80
2019-11-13 03:00:00,76,,,,105,48,73,105,,,144,4,86
2019-11-13 04:00:00,59,,,,93,95,42,96,,,163,3,86
2019-11-13 05:00:00,18,,,,84,35,35,100,,,161,3,81
2019-11-13 06:00:00,50,,,,64,41,59,320,,,152,6,66
2019-11-13 07:00:00,43,,,,94,350,58,304,,,169,4,81
2019-11-13 08:00:00,76,,354,,100,42,129,313,,,165,10,72
2019-11-13 09:00:00,82,,354,,92,104,130,106,,,152,4,77
2019-11-13 10:00:00,74,,354,,342,115,83,310,,,166,4,92
2019-11-13 11:00:00,53,,,,70,91,66,306,,,160,4,89
2019-11-13 12:00:00,55,,,,115,107,128,49,,,189,3,76
2019-11-13 13:00:00,95,,,,89,96,134,101,,,172,7,96
2019-11-13 14:00:00,50,,,,86,107,98,112,,,165,4,78
2019-11-13 15:00:00,57,,,,84,104,69,130,,,166,3,83
2019-11-13 16:00:00,84,,,,99,97,74,96,,,163,3,86
2019-11-13 17:00:00,82,,,,85,87,77,212,,,76,4,77
2019-11-13 18:00:00,53,,,,98,107,50,288,,,65,3,82
2019-11-13 19:00:00,74,,,,87,94,98,151,,,115,4,74
2019-11-13 20:00:00,62,,,,321,67,83,111,,,144,3,101
2019-11-13 21:00:00,339,,,,333,337,47,285,,,314,3,241
2019-11-13 22:00:00,152,,,,178,100,46,262,,,53,8,71
2019-11-13 23:00:00,70,,,,32,13,91,313,,,191,7,133
2019-11-14 00:00:00,290,,354,,235,292,358,191,,,222,3,230
2019-11-14 01:00:00,305,,354,,273,317,254,126,,,261,4,93
2019-11-14 02:00:00,273,,353,,273,291,353,113,,,188,3,184
2019-11-14 03:00:00,297,,353,,274,142,310,173,,,26,9,130
2019-11-14 04:00:00,327,,353,,288,70,73,216,,,249,4,165
2019-11-14 05:00:00,119,,,,156,134,125,130,,,274,5,78
2019-11-14 06:00:00,312,,,,302,265,270,225,,,21,3,245
2019-11-14 07:00:00,296,,,,316,303,281,224,,,351,3,221
2019-11-14 08:00:00,40,,354,,195,266,2,289,,,359,3,204
2019-11-14 09:00:00,43,,354,,249,108,230,316,,,130,6,72
2019-11-14 10:00:00,70,,355,,246,125,85,323,,,136,6,81
2019-11-14 11:00:00,60,,355,,247,81,70,320,,,124,3,78
2019-11-14 12:00:00,74,,355,,98,70,60,305,,,134,3,83
2019-11-14 13:00:00,51,,,,97,120,56,306,,,161,3,77
2019-11-14 14:00:00,64,,,,98,90,58,299,,,161,,77
2019-11-14 15:00:00,61,,,,103,57,54,289,,,158,,83
2019-11-14 16:00:00,39,,,,99,39,45,284,,,149,,66
2019-11-14 17:00:00,52,,354,,99,62,49,281,,,149,,88
2019-11-14 18:00:00,75,,354,,94,88,46,264,,,198,4,85
2019-11-14 19:00:00,103,,354,,82,96,58,272,,,246,3,79
2019-11-14 20:00:00,85,,,,73,108,43,287,,,280,3,80
2019-11-14 21:00:00,91,,,,87,99,41,294,,,305,3,78
2019-11-14 22:00:00,79,,,,82,81,60,283,,,326,,85
2019-11-14 23:00:00,72,,,,65,98,56,285,,,6,,80
2019-11-15 00:00:00,93,,354,,89,84,63,293,,,327,,71
2019-11-15 01:00:00,87,,354,,64,119,74,296,,,318,,71
2019-11-15 02:00:00,160,,354,,109,128,238,295,,,327,12,80
2019-11-15 03:00:00,221,,,,88,109,292,193,,,333,3,89
2019-11-15 04:00:00,182,,,,58,45,20,132,,,347,27,78
2019-11-15 05:00:00,47,,,,62,60,48,250,,,329,3,70
2019-11-15 06:00:00,48,,,,84,98,38,270,,,322,3,77
2019-11-15 07:00:00,85,,,,71,119,48,289,,,307,3,82
2019-11-15 08:00:00,91,,,,70,126,51,289,,,307,,81
2019-11-15 09:00:00,121,,355,,103,52,61,306,,,309,,78
2019-11-15 10:00:00,139,,355,,87,125,54,311,,,4,6,89
2019-11-15 11:00:00,136,,355,,140,164,5,307,,,3,8,80
2019-11-15 12:00:00,105,,,,67,110,43,320,,,,6,63
2019-11-15 13:00:00,7,,354,,80,118,69,318,,,25,4,74
2019-11-15 14:00:00,98,,354,,93,108,78,309,,,346,4,74
2019-11-15 15:00:00,101,,354,,104,106,87,119,,,75,4,101
2019-11-15 16:00:00,121,,,,112,94,121,140,,,129,,104
2019-11-15 17:00:00,122,,,,116,65,142,136,,,122,5,115
2019-11-15 18:00:00,117,,,,118,67,136,112,,,105,6,102
2019-11-15 19:00:00,97,,,,105,103,125,107,,,137,7,66
2019-11-15 20:00:00,97,,,,106,109,111,123,,,187,26,71
2019-11-15 21:00:00,121,,,,145,153,125,128,,,181,12,106
2019-11-15 22:00:00,136,,,,127,141,131,114,,,171,8,115
2019-11-15 23:00:00,138,,,,165,157,148,128,,,184,5,154
2019-11-16 00:00:00,190,,354,,129,148,224,121,,,283,5,150
2019-11-16 01:00:00,220,,354,,298,216,209,74,,,270,8,176
2019-11-16 02:00:00,229,,354,,306,316,197,183,,,19,3,219
2019-11-16 03:00:00,211,,,,286,334,228,127,,,46,3,179
2019-11-16 04:00:00,236,,,,275,73,22,86,,,228,3,234
2019-11-16 05:00:00,275,,,,294,250,37,255,,,288,,235
2019-11-16 06:00:00,253,,,,299,20,35,189,,,315,5,221
2019-11-16 07:00:00,336,,,,301,138,165,106,,,340,6,175
2019-11-16 08:00:00,34,,,,129,71,262,96,,,47,5,50
2019-11-16 09:00:00,99,,,,96,93,49,102,,,155,7,80
2019-11-16 10:00:00,72,,,,91,106,75,115,,,146,7,84
2019-11-16 11:00:00,69,,,,96,98,83,114,,,148,5,74
2019-11-16 12:00:00,82,,,,96,107,115,120,,,131,5,80
2019-11-16 13:00:00,60,,,,100,104,93,121,,,130,6,77
2019-11-16 14:00:00,66,,,,96,104,100,124,,,129,5,76
2019-11-16 15:00:00,56,,,,102,93,114,111,,,133,5,70
2019-11-16 16:00:00,97,,,,98,96,109,130,,,127,5,59
2019-11-16 17:00:00,127,,,,92,103,130,129,,,108,9,93
2019-11-16 18:00:00,123,,,,95,105,119,137,,,92,24,108
2019-11-16 19:00:00,78,,,,57,131,109,121,,,97,39,125
2019-11-16 20:00:00,77,,,,89,150,106,131,,,158,80,141
2019-11-16 21:00:00,256,,,,333,161,68,126,,,145,11,175
2019-11-16 22:00:00,281,,,,10,140,34,183,,,266,6,199
2019-11-16 23:00:00,277,,,,302,156,27,230,,,302,3,205
2019-11-17 00:00:00,252,,360,,314,262,315,238,,,2,7,221
2019-11-17 01:00:00,255,,354,,293,272,347,219,,,24,3,192
2019-11-17 02:00:00,286,,354,,334,313,30,257,,,334,5,185
2019-11-17 03:00:00,305,,354,,333,304,22,271,,,334,6,160
2019-11-17 04:00:00,275,,,,287,296,308,245,,,338,19,210
2019-11-17 05:00:00,281,,,,293,254,279,193,,,345,6,234
2019-11-17 06:00:00,282,,,,265,95,232,273,,,347,4,231
2019-11-17 07:00:00,303,,,,261,324,24,217,,,327,3,240
2019-11-17 08:00:00,360,,,,235,303,21,314,,,323,3,206
2019-11-17 09:00:00,17,,,,210,123,318,54,,,23,4,232
2019-11-17 10:00:00,96,,,,270,112,313,91,,,162,4,100
2019-11-17 11:00:00,101,,,,297,128,345,324,,,162,3,78
2019-11-17 12:00:00,36,,,,291,83,47,333,,,157,4,81
2019-11-17 13:00:00,55,,,,291,116,60,333,,,165,4,82
2019-11-17 14:00:00,62,,,,69,58,75,319,,,170,3,83
2019-11-17 15:00:00,71,,,,98,59,59,296,,,150,3,76
2019-11-17 16:00:00,34,,,,97,60,48,242,,,102,3,78
2019-11-17 17:00:00,22,,,,89,87,43,155,,,88,,91
2019-11-17 18:00:00,348,,,,79,91,37,174,,,103,4,102
2019-11-17 19:00:00,349,,,,116,94,36,177,,,178,15,109
2019-11-17 20:00:00,272,,,,59,226,39,176,,,227,17,107
2019-11-17 21:00:00,229,,,,352,274,243,108,,,227,3,121
2019-11-17 22:00:00,240,,,,265,224,41,208,,,63,3,236
2019-11-17 23:00:00,28,,,,311,227,36,224,,,5,4,147
2019-11-18 00:00:00,140,,354,,343,214,37,293,,,313,7,90
2019-11-18 01:00:00,188,,354,,323,115,19,87,,,298,5,63
2019-11-18 02:00:00,151,,354,,342,326,77,140,,,293,17,143
2019-11-18 03:00:00,174,,,,239,285,222,192,,,307,4,251
2019-11-18 04:00:00,247,,,,290,235,255,122,,,322,4,200
2019-11-18 05:00:00,226,,,,286,273,253,184,,,336,6,211
2019-11-18 06:00:00,241,,,,284,247,234,111,,,215,3,232
2019-11-18 07:00:00,230,,,,301,274,249,150,,,309,3,231
2019-11-18 08:00:00,235,,,,270,70,239,87,,,313,3,241
2019-11-18 09:00:00,23,,,,260,94,66,94,,,328,4,85
2019-11-18 10:00:00,116,,,,168,119,60,81,,,1,4,85
2019-11-18 11:00:00,69,,,,102,116,73,72,,,207,7,80
2019-11-18 12:00:00,90,,,,93,88,70,109,,,167,4,74
2019-11-18 13:00:00,85,,,,104,94,74,112,,,156,3,85
2019-11-18 14:00:00,63,,,,106,115,111,112,,,150,5,77
2019-11-18 15:00:00,72,,,,102,95,102,109,,,128,3,72
2019-11-18 16:00:00,69,,,,102,102,120,135,,,129,7,65
2019-11-18 17:00:00,117,,,,105,112,127,118,,,129,7,79
2019-11-18 18:00:00,136,,,,75,150,177,109,,,162,19,133
2019-11-18 19:00:00,135,,,,43,183,211,144,,,147,4,143
2019-11-18 20:00:00,207,,,,12,172,235,186,,,199,3,154
2019-11-18 21:00:00,219,,,,338,231,141,132,,,280,3,226
2019-11-18 22:00:00,233,,,,302,222,10,173,,,354,4,227
2019-11-18 23:00:00,284,,,,294,276,44,242,,,20,3,189
2019-11-19 00:00:00,259,,354,,290,276,294,219,,,319,3,225
2019-11-19 01:00:00,251,,354,,302,275,256,243,,,323,3,207
2019-11-19 02:00:00,319,,354,,296,255,274,185,,,349,,230
2019-11-19 03:00:00,264,,,,304,281,276,227,,,313,,223
2019-11-19 04:00:00,242,,,,290,331,255,359,,,327,4,233
2019-11-19 05:00:00,261,,,,294,219,272,187,,,345,3,226
2019-11-19 06:00:00,249,,,,287,266,250,141,,,344,3,245
2019-11-19 07:00:00,321,,,,292,125,331,210,,,317,3,210
2019-11-19 08:00:00,155,,355,,281,334,58,280,,,250,,99
2019-11-19 09:00:00,65,,354,,122,345,32,316,,,178,,90
2019-11-19 10:00:00,55,,354,,90,93,41,329,,,166,,84
2019-11-19 11:00:00,77,,355,,98,82,54,90,,,151,,93
2019-11-19 12:00:00,97,,354,,99,89,55,119,,,139,,88
2019-11-19 13:00:00,67,,354,,108,82,95,113,,,149,5,81
2019-11-19 14:00:00,70,,354,,98,87,101,111,,,133,4,73
2019-11-19 15:00:00,147,,355,,97,99,111,114,,,124,3,65
2019-11-19 16:00:00,157,,355,,82,101,128,131,,,119,3,75
2019-11-19 17:00:00,128,,354,,94,103,122,105,,,113,11,71
2019-11-19 18:00:00,94,,354,,92,96,112,111,,,112,4,61
2019-11-19 19:00:00,121,,354,,91,107,104,113,,,141,4,71
2019-11-19 20:00:00,115,,,,97,113,109,119,,,161,11,118
2019-11-19 21:00:00,131,,,,104,126,114,118,,,158,18,140
2019-11-19 22:00:00,158,,,,154,97,72,130,,,130,5,192
2019-11-19 23:00:00,258,,,,131,90,68,121,,,69,4,186
2019-11-20 00:00:00,311,,354,,73,64,46,219,,,57,3,218
2019-11-20 01:00:00,66,,354,,17,95,59,257,,,45,8,161
2019-11-20 02:00:00,77,,354,,82,89,74,281,,,54,14,130
2019-11-20 03:00:00,60,,,,77,77,70,279,,,78,5,139
2019-11-20 04:00:00,48,,,,352,39,42,276,,,152,3,170
2019-11-20 05:00:00,12,,,,16,227,301,254,,,219,3,241
2019-11-20 06:00:00,314,,,,306,257,293,229,,,168,3,242
2019-11-20 07:00:00,279,,,,334,261,283,148,,,168,,248
2019-11-20 08:00:00,269,,,,302,360,301,105,,,208,,251
2019-11-20 09:00:00,319,,,,286,302,313,110,,,257,,73
2019-11-20 10:00:00,4,,355,,85,2,56,113,,,172,10,73
2019-11-20 11:00:00,62,,354,,97,81,66,84,,,157,4,82
2019-11-20 12:00:00,60,,353,,87,105,65,83,,,158,4,73
2019-11-20 13:00:00,76,,354,,93,94,72,104,,,187,3,81
2019-11-20 14:00:00,69,,354,,95,92,82,104,,,182,3,82
2019-11-20 15:00:00,69,,355,,94,132,94,99,,,190,3,79
2019-11-20 16:00:00,65,,354,,103,172,103,103,,,177,4,81
2019-11-20 17:00:00,107,,354,,113,211,142,133,,,163,13,84
2019-11-20 18:00:00,88,,354,,165,264,200,121,,,143,8,127
2019-11-20 19:00:00,50,,,,142,254,87,114,,,142,20,153
2019-11-20 20:00:00,103,,,,127,138,126,114,,,156,19,150
2019-11-20 21:00:00,106,,,,131,122,126,106,,,145,5,169
2019-11-20 22:00:00,54,,,,123,108,115,188,,,144,5,228
2019-11-20 23:00:00,14,,,,69,125,72,217,,,142,4,165
2019-11-21 00:00:00,11,,354,,92,103,83,244,,,119,6,117
2019-11-21 01:00:00,50,,354,,101,99,95,287,,,57,3,115
2019-11-21 02:00:00,95,,354,,28,108,94,300,,,79,7,135
2019-11-21 03:00:00,126,,,,326,100,77,245,,,94,3,197
2019-11-21 04:00:00,70,,,,305,86,89,278,,,76,7,223
2019-11-21 05:00:00,47,,,,290,57,78,272,,,63,3,202
2019-11-21 06:00:00,232,,,,303,126,27,198,,,100,3,210
2019-11-21 07:00:00,244,,,,272,80,61,150,,,156,3,149
2019-11-21 08:00:00,290,,,,245,67,74,101,,,153,,55
2019-11-21 09:00:00,54,,,,142,76,57,354,,,175,9,84
2019-11-21 10:00:00,74,,355,,115,149,64,103,,,155,14,96
2019-11-21 11:00:00,81,,355,,109,96,93,115,,,160,6,87
2019-11-21 12:00:00,77,,355,,105,103,102,135,,,171,4,87
2019-11-21 13:00:00,94,,,,96,105,90,105,,,152,5,91
2019-11-21 14:00:00,93,,,,95,99,79,111,,,143,15,110
2019-11-21 15:00:00,67,,,,103,84,80,111,,,131,10,109
2019-11-21 16:00:00,92,,,,98,154,90,112,,,128,4,81
2019-11-21 17:00:00,66,,354,,86,169,97,112,,,155,6,116
2019-11-21 18:00:00,75,,354,,102,122,121,98,,,94,4,110
2019-11-21 19:00:00,4,,354,,97,189,81,108,,,149,4,156
2019-11-21 20:00:00,206,,,,116,121,52,149,,,154,5,117
2019-11-21 21:00:00,322,,,,60,210,25,156,,,152,4,178
2019-11-21 22:00:00,265,,,,26,243,44,218,,,125,4,230
2019-11-21 23:00:00,248,,,,293,226,21,223,,,142,3,212
2019-11-22 00:00:00,264,,354,,352,223,41,239,,,135,3,224
2019-11-22 01:00:00,323,,354,,296,101,57,236,,,61,3,190
2019-11-22 02:00:00,310,,354,,292,289,27,263,,,21,4,173
2019-11-22 03:00:00,275,,,,340,294,304,268,,,19,4,210
2019-11-22 04:00:00,322,,,,278,304,5,287,,,2,3,226
2019-11-22 05:00:00,31,,,,299,311,23,315,,,325,5,160
2019-11-22 06:00:00,241,,,,301,211,10,301,,,340,6,115
2019-11-22 07:00:00,175,,,,306,48,242,306,,,337,4,222
2019-11-22 08:00:00,160,,,,296,145,323,86,,,325,8,255
2019-11-22 09:00:00,75,,355,,290,77,41,59,,,5,3,86
2019-11-22 10:00:00,57,,354,,293,74,32,287,,,78,3,82
2019-11-22 11:00:00,95,,355,,93,62,68,310,,,157,3,80
2019-11-22 12:00:00,88,,354,,100,72,77,313,,,152,,83
2019-11-22 13:00:00,56,,354,,110,51,69,50,,,141,,82
2019-11-22 14:00:00,72,,355,,120,49,70,63,,,174,,75
2019-11-22 15:00:00,60,,354,,100,33,50,123,,,163,,72
2019-11-22 16:00:00,25,,354,,91,33,41,100,,,177,,65
2019-11-22 17:00:00,28,,354,,96,47,41,107,,,137,,70
2019-11-22 18:00:00,35,,,,101,49,43,107,,,125,,82
2019-11-22 19:00:00,20,,,,108,35,43,105,,,153,,86
2019-11-22 20:00:00,17,,,,111,35,32,160,,,173,,93
2019-11-22 21:00:00,26,,,,102,38,43,85,,,177,,81
2019-11-22 22:00:00,27,,,,105,6,41,100,,,171,,95
2019-11-22 23:00:00,75,,,,78,80,31,110,,,171,4,94
2019-11-23 00:00:00,95,,354,,109,277,39,108,,,157,4,95
2019-11-23 01:00:00,65,,354,,63,32,53,109,,,167,3,91
2019-11-23 02:00:00,96,,354,,113,331,49,103,,,155,5,94
2019-11-23 03:00:00,44,,,,101,4,60,105,,,163,18,99
2019-11-23 04:00:00,27,,,,96,1,50,94,,,160,3,73
2019-11-23 05:00:00,13,,,,90,353,40,95,,,161,5,92
2019-11-23 06:00:00,17,,,,98,359,47,105,,,159,5,96
2019-11-23 07:00:00,39,,,,97,28,54,105,,,169,4,100
2019-11-23 08:00:00,71,,,,100,33,54,96,,,159,3,97
2019-11-23 09:00:00,19,,355,,103,55,30,100,,,153,3,83
2019-11-23 10:00:00,25,,355,,105,48,39,91,,,143,3,100
2019-11-23 11:00:00,37,,355,,114,62,37,301,,,168,5,89
2019-11-23 12:00:00,59,,354,,89,51,33,301,,,328,4,90
2019-11-23 13:00:00,21,,354,,96,92,20,292,,,275,3,98
2019-11-23 14:00:00,73,,354,,80,88,31,258,,,190,4,107
2019-11-23 15:00:00,40,,,,112,61,50,262,,,173,3,104
2019-11-23 16:00:00,53,,,,106,47,31,271,,,158,3,104
2019-11-23 17:00:00,89,,,,97,79,82,145,,,178,3,105
2019-11-23 18:00:00,178,,,,79,162,122,105,,,202,7,140
2019-11-23 19:00:00,149,,,,109,164,181,164,,,219,7,136
2019-11-23 20:00:00,211,,,,158,183,236,197,,,272,5,186
2019-11-23 21:00:00,213,,,,298,249,264,167,,,306,4,174
2019-11-23 22:00:00,249,,,,331,275,235,208,,,317,3,223
2019-11-23 23:00:00,233,,,,289,274,251,224,,,329,3,237
2019-11-24 00:00:00,251,,354,,294,255,259,155,,,304,4,233
2019-11-24 01:00:00,217,,354,,300,196,264,126,,,347,4,231
2019-11-24 02:00:00,285,,354,,289,264,22,140,,,289,3,178
2019-11-24 03:00:00,265,,352,,298,233,39,210,,,309,3,155
2019-11-24 04:00:00,296,,352,,272,265,257,145,,,307,3,229
2019-11-24 05:00:00,245,,353,,290,271,263,102,,,320,,228
2019-11-24 06:00:00,312,,354,,285,258,269,188,,,327,,243
2019-11-24 07:00:00,317,,354,,293,212,256,123,,,302,9,252
2019-11-24 08:00:00,232,,354,,288,73,267,143,,,297,3,257
2019-11-24 09:00:00,164,,,,280,105,256,300,,,350,4,233
2019-11-24 10:00:00,65,,,,134,146,360,293,,,118,7,85
2019-11-24 11:00:00,132,,,,106,106,18,64,,,150,6,94
2019-11-24 12:00:00,80,,,,116,118,61,119,,,166,4,88
2019-11-24 13:00:00,76,,,,104,97,97,120,,,163,3,82
2019-11-24 14:00:00,77,,,,101,114,111,105,,,141,3,74
2019-11-24 15:00:00,85,,,,106,107,113,109,,,138,3,62
2019-11-24 16:00:00,140,,,,104,103,129,127,,,137,6,77
2019-11-24 17:00:00,116,,,,94,108,127,143,,,128,17,104
2019-11-24 18:00:00,127,,,,104,138,133,127,,,118,10,104
2019-11-24 19:00:00,144,,,,44,139,106,125,,,152,17,122
2019-11-24 20:00:00,116,,,,338,117,136,155,,,169,6,164
2019-11-24 21:00:00,211,,,,358,146,119,204,,,195,5,228
2019-11-24 22:00:00,231,,,,121,153,62,214,,,140,6,208
2019-11-24 23:00:00,259,,,,258,195,44,194,,,126,4,215
2019-11-25 00:00:00,266,,354,,280,276,301,195,,,280,5,231
2019-11-25 01:00:00,276,,354,,308,290,323,213,,,331,3,225
2019-11-25 02:00:00,257,,354,,260,267,303,248,,,352,3,204
2019-11-25 03:00:00,284,,,,258,87,302,206,,,329,3,155
2019-11-25 04:00:00,278,,,,260,276,245,217,,,3,5,176
2019-11-25 05:00:00,328,,,,281,214,257,128,,,283,3,176
2019-11-25 06:00:00,67,,,,295,288,229,196,,,282,3,178
2019-11-25 07:00:00,311,,,,294,190,279,136,,,253,3,244
2019-11-25 08:00:00,235,,355,,280,138,301,99,,,297,5,261
2019-11-25 09:00:00,213,,354,,269,98,273,86,,,274,4,271
2019-11-25 10:00:00,30,,353,,284,94,25,88,,,212,5,244
2019-11-25 11:00:00,98,,353,,281,124,21,90,,,135,4,85
2019-11-25 12:00:00,126,,354,,295,114,76,101,,,186,4,81
2019-11-25 13:00:00,102,,354,,251,117,131,113,,,152,3,78
2019-11-25 14:00:00,88,,354,,107,133,113,114,,,145,3,65
2019-11-25 15:00:00,120,,,,96,160,112,130,,,136,13,80
2019-11-25 16:00:00,149,,,,101,121,129,136,,,141,7,118
2019-11-25 17:00:00,156,,,,90,147,173,128,,,135,27,145
2019-11-25 18:00:00,149,,355,,351,139,192,113,,,182,7,173
2019-11-25 19:00:00,144,,355,,224,239,321,150,,,161,5,247
2019-11-25 20:00:00,220,,355,,279,234,318,136,,,151,4,181
2019-11-25 21:00:00,256,,354,,306,252,39,153,,,137,3,220
2019-11-25 22:00:00,249,,354,,209,256,281,215,,,348,4,237
2019-11-25 23:00:00,252,,,,306,293,219,114,,,338,3,235
2019-11-26 00:00:00,283,,355,,280,258,20,248,,,10,4,241
2019-11-26 01:00:00,290,,354,,283,290,273,250,,,346,3,251
2019-11-26 02:00:00,328,,354,,290,288,300,262,,,357,4,235
2019-11-26 03:00:00,254,,354,,285,293,292,245,,,349,3,250
2019-11-26 04:00:00,251,,,,287,294,269,255,,,332,3,251
2019-11-26 05:00:00,230,,,,290,73,240,275,,,333,6,252
2019-11-26 06:00:00,220,,,,312,81,284,272,,,356,3,267
2019-11-26 07:00:00,244,,,,272,290,245,251,,,23,4,254
2019-11-26 08:00:00,220,,355,,280,295,246,139,,,344,9,251
2019-11-26 09:00:00,217,,355,,273,301,243,95,,,279,7,247
2019-11-26 10:00:00,225,,355,,299,302,282,100,,,256,16,222
2019-11-26 11:00:00,206,,,,303,353,65,71,,,248,10,290
2019-11-26 12:00:00,178,,,,290,128,96,297,,,152,4,115
2019-11-26 13:00:00,99,,354,,282,139,109,86,,,133,3,82
2019-11-26 14:00:00,107,,355,,276,117,137,108,,,156,3,98
2019-11-26 15:00:00,148,,355,,256,124,134,112,,,163,11,93
2019-11-26 16:00:00,120,,355,,274,102,134,118,,,166,8,120
2019-11-26 17:00:00,128,,354,,295,128,71,122,,,150,6,129
2019-11-26 18:00:00,337,,354,,284,193,43,197,,,47,3,124
2019-11-26 19:00:00,270,,354,,62,306,332,147,,,78,5,197
2019-11-26 20:00:00,332,,,,88,226,33,131,,,316,3,225
2019-11-26 21:00:00,242,,,,324,236,360,238,,,313,6,230
2019-11-26 22:00:00,295,,,,302,168,265,281,,,318,5,245
2019-11-26 23:00:00,256,,,,299,251,306,250,,,342,3,227
2019-11-27 00:00:00,273,,354,,282,199,249,288,,,312,4,251
2019-11-27 01:00:00,270,,354,,294,251,275,114,,,299,3,239
2019-11-27 02:00:00,229,,354,,300,272,253,272,,,328,7,225
2019-11-27 03:00:00,238,,,,309,269,256,235,,,282,3,244
2019-11-27 04:00:00,233,,,,296,170,282,97,,,309,3,251
2019-11-27 05:00:00,149,,,,286,119,35,267,,,325,4,114
2019-11-27 06:00:00,122,,,,240,161,39,262,,,321,4,88
2019-11-27 07:00:00,115,,,,173,1,26,267,,,327,3,101
2019-11-27 08:00:00,112,,,,107,356,24,262,,,339,3,105
2019-11-27 09:00:00,58,,355,,109,15,31,274,,,331,3,100
2019-11-27 10:00:00,38,,355,,118,32,42,287,,,314,2,88
2019-11-27 11:00:00,33,,355,,116,34,41,297,,,331,3,70
2019-11-27 12:00:00,37,,,,108,29,41,301,,,339,3,71
2019-11-27 13:00:00,37,,,,109,42,42,305,,,100,3,74
2019-11-27 14:00:00,40,,354,,106,42,43,304,,,143,,74
2019-11-27 15:00:00,18,,354,,103,58,52,140,,,142,,70
2019-11-27 16:00:00,18,,354,,104,42,36,109,,,169,2,72
2019-11-27 17:00:00,113,,,,95,35,73,105,,,166,3,65
2019-11-27 18:00:00,137,,,,90,51,111,111,,,167,3,77
2019-11-27 19:00:00,123,,,,90,95,125,100,,,169,3,87
2019-11-27 20:00:00,104,,,,92,114,120,101,,,193,,83
2019-11-27 21:00:00,113,,,,87,111,119,105,,,188,,80
2019-11-27 22:00:00,118,,,,95,118,128,98,,,179,,91
2019-11-27 23:00:00,122,,,,90,118,125,97,,,188,,90
2019-11-28 00:00:00,119,,354,,94,114,102,105,,,180,6,79
2019-11-28 01:00:00,138,,354,,110,103,129,126,,,188,9,91
2019-11-28 02:00:00,122,,354,,114,94,149,143,,,190,10,122
2019-11-28 03:00:00,141,,,,324,123,116,128,,,294,6,156
2019-11-28 04:00:00,197,,,,318,292,200,248,,,274,3,202
2019-11-28 05:00:00,154,,,,45,295,215,176,,,266,12,151
2019-11-28 06:00:00,137,,,,96,216,258,126,,,191,5,125
2019-11-28 07:00:00,245,,,,323,310,17,171,,,164,3,131
2019-11-28 08:00:00,66,,,,278,349,24,118,,,190,3,155
2019-11-28 09:00:00,77,,355,,101,128,19,92,,,171,6,147
2019-11-28 10:00:00,96,,355,,163,114,61,3,,,167,9,144
2019-11-28 11:00:00,72,,354,,147,112,53,1,,,145,7,72
2019-11-28 12:00:00,15,,355,,211,94,123,314,,,154,7,65
2019-11-28 13:00:00,62,,354,,94,105,27,315,,,151,5,74
2019-11-28 14:00:00,96,,354,,96,88,81,320,,,147,5,86
2019-11-28 15:00:00,94,,354,,96,95,85,317,,,149,11,85
2019-11-28 16:00:00,89,,,,92,101,130,45,,,138,4,87
2019-11-28 17:00:00,82,,,,96,104,124,101,,,113,4,96
2019-11-28 18:00:00,105,,,,97,114,124,106,,,123,3,101
2019-11-28 19:00:00,88,,,,98,114,105,118,,,191,12,99
2019-11-28 20:00:00,39,,,,42,121,102,132,,,201,13,98
2019-11-28 21:00:00,357,,,,40,143,55,117,,,301,10,120
2019-11-28 22:00:00,307,,,,22,230,322,193,,,347,3,127
2019-11-28 23:00:00,197,,,,120,359,144,195,,,334,3,143
2019-11-29 00:00:00,288,,354,,330,241,242,191,,,332,3,218
2019-11-29 01:00:00,246,,354,,298,212,264,225,,,336,,232
2019-11-29 02:00:00,195,,354,,32,165,40,160,,,300,5,157
2019-11-29 03:00:00,289,,,,296,224,323,146,,,303,5,226
2019-11-29 04:00:00,299,,,,292,234,260,222,,,343,5,228
2019-11-29 05:00:00,227,,,,310,224,275,153,,,304,4,229
2019-11-29 06:00:00,352,,,,286,245,244,108,,,222,3,225
2019-11-29 07:00:00,224,,,,311,341,286,175,,,299,4,158
2019-11-29 08:00:00,312,,355,,163,339,274,314,,,329,3,230
2019-11-29 09:00:00,57,,355,,201,74,26,315,,,19,7,63
2019-11-29 10:00:00,73,,354,,123,49,17,307,,,71,4,80
2019-11-29 11:00:00,32,,354,,96,99,34,310,,,119,8,84
2019-11-29 12:00:00,93,,354,,95,101,68,327,,,145,7,76
2019-11-29 13:00:00,80,,355,,96,117,53,15,,,152,5,76
2019-11-29 14:00:00,76,,354,,92,106,59,95,,,147,4,83
2019-11-29 15:00:00,63,,355,,102,101,39,111,,,142,6,82
2019-11-29 16:00:00,40,,354,,95,166,41,144,,,125,5,82
2019-11-29 17:00:00,358,,354,,91,253,28,124,,,67,11,128
2019-11-29 18:00:00,341,,354,,51,246,28,212,,,2,10,146
2019-11-29 19:00:00,261,,,,13,221,323,221,,,313,4,175
2019-11-29 20:00:00,246,,,,44,224,248,212,,,313,4,210
2019-11-29 21:00:00,236,,,,238,223,239,265,,,328,3,187
2019-11-29 22:00:00,223,,,,248,261,243,232,,,13,4,225
2019-11-29 23:00:00,247,,,,283,233,245,227,,,126,4,223
2019-11-30 00:00:00,247,,354,,291,202,246,163,,,167,3,212
2019-11-30 01:00:00,312,,354,,282,232,263,161,,,243,3,223
2019-11-30 02:00:00,325,,354,,283,294,326,265,,,21,3,236
2019-11-30 03:00:00,276,,,,274,242,260,325,,,352,7,224
2019-11-30 04:00:00,273,,,,270,289,252,125,,,282,4,219
2019-11-30 05:00:00,293,,,,280,11,263,30,,,243,4,190
2019-11-30 06:00:00,256,,,,299,321,251,96,,,278,5,244
2019-11-30 07:00:00,189,,,,291,270,310,94,,,279,4,254
2019-11-30 08:00:00,97,,,,291,120,246,114,,,308,7,213
2019-11-30 09:00:00,108,,,,293,359,250,84,,,280,6,248
2019-11-30 10:00:00,143,,,,321,124,198,89,,,166,4,106
2019-11-30 11:00:00,113,,,,322,134,128,92,,,152,4,75
2019-11-30 12:00:00,114,,,,295,152,74,93,,,149,3,82
2019-11-30 13:00:00,107,,,,302,135,106,96,,,164,3,90
2019-11-30 14:00:00,108,,,,299,142,151,123,,,187,3,80
2019-11-30 15:00:00,125,,,,288,137,192,125,,,193,7,107
2019-11-30 16:00:00,142,,,,292,189,191,146,,,195,8,130
2019-11-30 17:00:00,239,,,,300,181,210,206,,,201,3,136
2019-11-30 18:00:00,227,,,,288,261,227,204,,,171,6,201
2019-11-30 19:00:00,214,,,,239,296,250,171,,,148,7,234
2019-11-30 20:00:00,269,,,,260,275,342,175,,,55,6,224
2019-11-30 21:00:00,269,,,,260,266,15,161,,,359,5,239
2019-11-30 22:00:00,246,,,,62,273,281,194,,,316,4,189
2019-11-30 23:00:00,,,,,,,,,,,,,
2019-12-01 00:00:00,264,,,,297,293,270,249,,,314,,208
2019-12-01 01:00:00,152,,,,310,192,31,270,,,337,,99
2019-12-01 02:00:00,132,,,,357,140,44,267,,,319,,93
2019-12-01 03:00:00,130,,,,255,106,48,269,,,319,,101
2019-12-01 04:00:00,103,,,,304,95,53,274,,,325,,95
2019-12-01 05:00:00,70,,,,62,114,37,271,,,321,,109
2019-12-01 06:00:00,56,,,,98,21,39,273,,,306,,104
2019-12-01 07:00:00,56,,,,53,83,58,273,,,304,,95
2019-12-01 08:00:00,79,,,,105,78,44,266,,,300,,101
2019-12-01 09:00:00,63,,,,109,43,44,280,,,310,,100
2019-12-01 10:00:00,65,,,,115,38,40,285,,,304,,93
2019-12-01 11:00:00,29,,,,117,18,34,303,,,227,,93
2019-12-01 12:00:00,34,,,,105,24,39,342,,,91,,83
2019-12-01 13:00:00,22,,,,98,25,45,96,,,104,,69
2019-12-01 14:00:00,63,,,,103,76,62,95,,,150,,57
2019-12-01 15:00:00,72,,,,97,77,111,109,,,144,,61
2019-12-01 16:00:00,139,,,,91,86,114,131,,,139,,84
2019-12-01 17:00:00,99,,,,93,95,122,130,,,152,,77
2019-12-01 18:00:00,101,,,,107,121,122,120,,,160,,70
2019-12-01 19:00:00,120,,,,117,126,133,139,,,155,,69
2019-12-01 20:00:00,137,,,,115,117,119,134,,,157,,67
2019-12-01 21:00:00,115,,,,125,101,126,121,,,157,,70
2019-12-01 22:00:00,115,,,,130,112,123,113,,,199,,64
2019-12-01 23:00:00,112,,,,127,121,127,112,,,279,,75
2019-12-02 00:00:00,119,,,,135,255,146,116,,,298,,95
2019-12-02 01:00:00,126,,,,182,285,179,118,,,276,,111
2019-12-02 02:00:00,105,,,,53,259,34,115,,,283,,110
2019-12-02 03:00:00,65,,,,27,213,45,105,,,282,,115
2019-12-02 04:00:00,75,,,,356,179,68,112,,,288,,114
2019-12-02 05:00:00,62,,,,120,184,64,135,,,289,,117
2019-12-02 06:00:00,345,,,,18,171,37,115,,,298,,129
2019-12-02 07:00:00,21,,,,20,164,54,91,,,184,,145
2019-12-02 08:00:00,74,,,,100,121,121,109,,,170,,98
2019-12-02 09:00:00,107,,,,112,111,129,109,,,141,,77
2019-12-02 10:00:00,109,,,,108,107,112,122,,,145,,83
2019-12-02 11:00:00,114,,,,91,101,96,118,,,140,,65
2019-12-02 12:00:00,77,,,,96,86,111,114,,,137,,67
2019-12-02 13:00:00,67,,,,105,92,107,109,,,136,,54
2019-12-02 14:00:00,79,,,,103,95,111,122,,,121,,68
2019-12-02 15:00:00,116,,,,100,94,115,118,,,120,,86
2019-12-02 16:00:00,131,,,,89,97,108,122,,,113,,111
2019-12-02 17:00:00,121,,,,95,97,113,119,,,110,,90
2019-12-02 18:00:00,90,,,,104,102,121,98,,,101,,83
2019-12-02 19:00:00,128,,,,101,119,113,118,,,149,,91
2019-12-02 20:00:00,130,,,,111,139,116,134,,,186,,86
2019-12-02 21:00:00,136,,,,142,136,115,128,,,212,,151
2019-12-02 22:00:00,135,,,,165,127,119,112,,,140,,215
2019-12-02 23:00:00,151,,,,159,117,104,114,,,65,4,180
2019-12-03 00:00:00,51,,354,,148,106,59,211,,,58,3,174
2019-12-03 01:00:00,43,,354,,312,67,59,243,,,73,3,195
2019-12-03 02:00:00,314,,354,,299,354,31,234,,,353,3,162
2019-12-03 03:00:00,271,,,,338,295,10,231,,,331,5,230
2019-12-03 04:00:00,271,,,,297,299,5,237,,,346,3,229
2019-12-03 05:00:00,330,,,,287,161,30,272,,,309,3,239
2019-12-03 06:00:00,308,,,,290,307,42,269,,,300,4,219
2019-12-03 07:00:00,339,,,,304,185,60,111,,,315,4,183
2019-12-03 08:00:00,312,,,,286,38,35,287,,,349,3,74
2019-12-03 09:00:00,50,,,,268,95,25,314,,,343,4,82
2019-12-03 10:00:00,19,,355,,268,171,14,312,,,359,8,89
2019-12-03 11:00:00,47,,355,,116,49,25,310,,,16,4,70
2019-12-03 12:00:00,29,,354,,104,90,38,317,,,357,6,75
2019-12-03 13:00:00,44,,355,,99,68,81,317,,,22,4,75
2019-12-03 14:00:00,88,,355,,101,148,77,316,,,67,6,86
2019-12-03 15:00:00,101,,354,,101,179,105,313,,,45,9,92
2019-12-03 16:00:00,124,,355,,104,186,99,279,,,81,21,107
2019-12-03 17:00:00,107,,354,,111,199,128,177,,,93,26,117
2019-12-03 18:00:00,233,,354,,22,150,104,185,,,106,17,120
2019-12-03 19:00:00,274,,354,,4,182,109,172,,,279,3,179
2019-12-03 20:00:00,275,,,,21,201,129,166,,,256,5,163
2019-12-03 21:00:00,262,,,,351,202,160,172,,,297,3,188
2019-12-03 22:00:00,255,,,,283,240,341,141,,,320,4,207
2019-12-03 23:00:00,278,,,,288,275,272,148,,,324,,225
2019-12-04 00:00:00,269,,,,316,284,228,258,,,327,,170
2019-12-04 01:00:00,243,,,,288,249,251,259,,,316,,225
2019-12-04 02:00:00,305,,,,290,261,260,147,,,308,,243
2019-12-04 03:00:00,324,,,,295,244,258,115,,,329,,246
2019-12-04 04:00:00,326,,,,289,245,255,126,,,345,,244
2019-12-04 05:00:00,251,,,,298,228,253,123,,,320,,240
2019-12-04 06:00:00,250,,,,290,246,262,100,,,310,,239
2019-12-04 07:00:00,241,,,,293,201,245,98,,,297,,229
2019-12-04 08:00:00,227,,,,293,16,256,95,,,321,,232
2019-12-04 09:00:00,241,,,,288,62,270,85,,,323,,133
2019-12-04 10:00:00,77,,,,99,66,50,98,,,62,,95
2019-12-04 11:00:00,87,,,,107,83,59,107,,,92,,83
2019-12-04 12:00:00,73,,,,102,99,102,105,,,119,,67
2019-12-04 13:00:00,92,,,,119,99,96,111,,,147,,61
2019-12-04 14:00:00,81,,,,106,88,118,104,,,165,,60
2019-12-04 15:00:00,90,,,,103,95,114,105,,,143,,64
2019-12-04 16:00:00,124,,,,105,102,122,129,,,136,,106
2019-12-04 17:00:00,140,,,,105,107,130,125,,,132,,99
2019-12-04 18:00:00,123,,,,111,122,121,128,,,119,,84
2019-12-04 19:00:00,116,,,,136,139,107,122,,,177,,76
2019-12-04 20:00:00,88,,,,139,133,91,119,,,310,,126
2019-12-04 21:00:00,78,,,,162,147,97,106,,,295,,148
2019-12-04 22:00:00,109,,,,20,160,133,112,,,48,,165
2019-12-04 23:00:00,359,,,,312,110,61,109,,,123,,239
2019-12-05 00:00:00,292,,,,274,134,61,212,,,12,,230
2019-12-05 01:00:00,247,,,,332,194,45,231,,,321,,236
2019-12-05 02:00:00,248,,,,294,292,35,219,,,16,,228
2019-12-05 03:00:00,292,,,,294,299,273,,,,353,,232
2019-12-05 04:00:00,258,,,,307,294,310,,,,327,,220
2019-12-05 05:00:00,264,,,,292,214,200,83,,,335,,236
2019-12-05 06:00:00,226,,,,291,226,289,228,,,342,,241
2019-12-05 07:00:00,338,,,,281,190,276,224,,,344,,245
2019-12-05 08:00:00,266,,,,284,8,347,91,,,348,,247
2019-12-05 09:00:00,32,,,,279,57,27,310,,,19,,87
2019-12-05 10:00:00,18,,,,279,59,38,309,,,358,,94
2019-12-05 11:00:00,34,,,,283,99,39,309,,,4,,87
2019-12-05 12:00:00,76,,,,96,166,63,327,,,68,,70
2019-12-05 13:00:00,86,,,,97,95,75,314,,,129,,75
2019-12-05 14:00:00,84,,,,95,107,49,317,,,132,,84
2019-12-05 15:00:00,98,,,,101,157,78,271,,,142,,87
2019-12-05 16:00:00,88,,,,107,164,116,140,,,134,,109
2019-12-05 17:00:00,87,,,,109,111,108,118,,,138,,120
2019-12-05 18:00:00,108,,,,60,145,127,120,,,138,,133
2019-12-05 19:00:00,221,,,,42,153,173,131,,,160,,150
2019-12-05 20:00:00,245,,,,66,167,142,151,,,322,,219
2019-12-05 21:00:00,257,,,,24,248,25,151,,,355,,220
2019-12-05 22:00:00,242,,,,275,267,275,234,,,344,,232
2019-12-05 23:00:00,272,,,,291,290,324,240,,,344,,228
2019-12-06 00:00:00,229,,,,295,280,254,276,,,319,,232
2019-12-06 01:00:00,252,,,,311,274,252,229,,,326,,239
2019-12-06 02:00:00,247,,,,287,305,263,195,,,338,,193
2019-12-06 03:00:00,253,,,,271,260,264,254,,,303,,243
2019-12-06 04:00:00,312,,,,295,141,272,300,,,,,223
2019-12-06 05:00:00,,,,,296,246,220,326,,,327,,214
2019-12-06 06:00:00,237,,,,296,286,287,197,,,3,,259
2019-12-06 07:00:00,237,,,,282,115,262,206,,,351,,189
2019-12-06 08:00:00,312,,,,252,120,40,275,,,308,,250
2019-12-06 09:00:00,142,,,,269,40,7,314,,,334,,106
2019-12-06 10:00:00,95,,,,253,154,27,283,,,326,,91
2019-12-06 11:00:00,52,,,,135,354,20,282,,,339,,96
2019-12-06 12:00:00,39,,,,110,17,32,295,,,345,,84
2019-12-06 13:00:00,36,,,,118,18,38,292,,,3,,79
2019-12-06 14:00:00,34,,,,122,32,49,291,,,60,,81
2019-12-06 15:00:00,36,,,,114,38,64,291,,,75,,58
2019-12-06 16:00:00,43,,,,115,32,45,275,,,77,,86
2019-12-06 17:00:00,25,,,,115,54,43,164,,,106,,91
2019-12-06 18:00:00,35,,,,111,96,48,137,,,142,,90
2019-12-06 19:00:00,4,,,,111,45,40,141,,,162,,114
2019-12-06 20:00:00,359,,,,109,241,40,119,,,155,,114
2019-12-06 21:00:00,15,,,,112,242,34,115,,,153,,106
2019-12-06 22:00:00,18,,,,348,164,39,125,,,163,,112
2019-12-06 23:00:00,21,,,,341,187,42,114,,,161,3,112
2019-12-07 00:00:00,60,,354,,57,337,41,112,,,70,3,117
2019-12-07 01:00:00,41,,354,,333,290,38,123,,,51,4,111
2019-12-07 02:00:00,36,,354,,56,195,35,110,,,64,3,110
2019-12-07 03:00:00,38,,,,55,198,34,67,,,328,4,114
2019-12-07 04:00:00,26,,,,71,146,32,289,,,29,3,115
2019-12-07 05:00:00,59,,,,23,111,61,243,,,37,4,114
2019-12-07 06:00:00,148,,,,8,135,79,203,,,273,9,105
2019-12-07 07:00:00,332,,,,68,351,41,109,,,232,13,120
2019-12-07 08:00:00,38,,,,98,112,41,103,,,174,5,115
2019-12-07 09:00:00,58,,,,99,41,53,105,,,160,10,97
2019-12-07 10:00:00,58,,,,114,100,80,104,,,155,9,74
2019-12-07 11:00:00,51,,,,107,119,92,103,,,172,5,66
2019-12-07 12:00:00,62,,,,104,95,82,130,,,174,8,69
2019-12-07 13:00:00,57,,,,101,97,91,126,,,173,,68
2019-12-07 14:00:00,72,,,,105,113,112,114,,,156,,61
2019-12-07 15:00:00,62,,,,105,97,112,110,,,137,,64
2019-12-07 16:00:00,136,,,,105,99,118,123,,,129,,87
2019-12-07 17:00:00,144,,,,92,103,130,129,,,124,,83
2019-12-07 18:00:00,139,,,,,102,123,122,,,123,,74
2019-12-07 19:00:00,147,,,,,104,108,123,,,137,,70
2019-12-07 20:00:00,109,,,,,125,110,125,,,195,,76
2019-12-07 21:00:00,104,,,,,148,115,105,,,283,,104
2019-12-07 22:00:00,165,,,,,142,182,122,,,252,,173
2019-12-07 23:00:00,200,,,,,183,12,104,,,283,,218
2019-12-08 00:00:00,237,,,,,202,120,128,,,307,,224
2019-12-08 01:00:00,251,,,,,126,78,201,,,69,,214
2019-12-08 02:00:00,282,,,,,134,50,233,,,360,,230
2019-12-08 03:00:00,265,,,,,182,79,217,,,280,,238
2019-12-08 04:00:00,239,,,,,258,291,219,,,239,,239
2019-12-08 05:00:00,233,,,,,259,325,223,,,316,,225
2019-12-08 06:00:00,244,,,,,165,227,188,,,297,,215
2019-12-08 07:00:00,259,,,,,164,335,86,,,270,,227
2019-12-08 08:00:00,348,,,,,130,11,313,,,358,,280
2019-12-08 09:00:00,36,,,,,96,41,308,,,66,,214
2019-12-08 10:00:00,39,,,,,112,21,314,,,13,,82
2019-12-08 11:00:00,28,,,,,115,36,321,,,37,,66
2019-12-08 12:00:00,30,,,,,85,29,16,,,163,,74
2019-12-08 13:00:00,92,,,,,96,75,102,,,154,,75
2019-12-08 14:00:00,88,,,,,126,76,105,,,134,,82
2019-12-08 15:00:00,74,,,,,126,106,110,,,146,,82
2019-12-08 16:00:00,67,,,,,159,84,128,,,155,,100
2019-12-08 17:00:00,68,,,,,156,88,129,,,151,,115
2019-12-08 18:00:00,252,,,,,169,130,149,,,146,,139
2019-12-08 19:00:00,283,,,,,165,282,181,,,173,,147
2019-12-08 20:00:00,224,,,,,150,141,152,,,312,,213
2019-12-08 21:00:00,264,,,,,265,282,128,,,289,,240
2019-12-08 22:00:00,230,,,,,235,248,180,,,327,,231
2019-12-08 23:00:00,235,,,,,197,245,115,,,22,,236
2019-12-09 00:00:00,310,,,,,239,320,247,,,303,,216
2019-12-09 01:00:00,304,,,,,289,264,263,,,327,,224
2019-12-09 02:00:00,317,,,,,274,266,282,,,356,,214
2019-12-09 03:00:00,357,,,,,264,269,231,,,323,,205
2019-12-09 04:00:00,308,,,,,227,270,276,,,341,,210
2019-12-09 05:00:00,46,,,,,220,260,268,,,343,,230
2019-12-09 06:00:00,296,,,,,253,251,329,,,318,,246
2019-12-09 07:00:00,292,,,,,138,347,76,,,273,,170
2019-12-09 08:00:00,215,,,,,329,225,55,,,171,,218
2019-12-09 09:00:00,340,,,,,113,19,88,,,195,,246
2019-12-09 10:00:00,32,,,,,109,24,,,,183,,265
2019-12-09 11:00:00,42,,,,292,132,85,39,,,154,,66
2019-12-09 12:00:00,100,,,,304,153,80,93,,,142,,82
2019-12-09 13:00:00,111,,,,305,151,94,322,,,156,,87
2019-12-09 14:00:00,104,,,,107,100,113,90,,,138,,96
2019-12-09 15:00:00,92,,,,105,108,117,107,,,138,,99
2019-12-09 16:00:00,87,,,,102,102,113,123,,,92,,105
2019-12-09 17:00:00,87,,,,96,101,101,109,,,76,,93
2019-12-09 18:00:00,76,,,,107,142,81,115,,,82,,73
2019-12-09 19:00:00,65,,,,123,140,86,129,,,89,,91
2019-12-09 20:00:00,70,,,,136,135,106,120,,,249,,124
2019-12-09 21:00:00,46,,,,142,75,64,129,,,295,,145
2019-12-09 22:00:00,276,,,,178,235,41,213,,,323,,194
2019-12-09 23:00:00,299,,,,302,250,39,234,,,24,,216
2019-12-10 00:00:00,197,,,,255,173,39,261,,,8,,184
2019-12-10 01:00:00,136,,,,328,108,36,267,,,343,,236
2019-12-10 02:00:00,72,,,,303,149,41,271,,,346,,94
2019-12-10 03:00:00,118,,,,297,146,28,263,,,336,,77
2019-12-10 04:00:00,143,,,,59,340,35,263,,,325,,89
2019-12-10 05:00:00,137,,,,275,224,41,271,,,335,,92
2019-12-10 06:00:00,132,,,,281,82,35,269,,,338,,91
2019-12-10 07:00:00,125,,,,260,96,36,273,,,338,,101
2019-12-10 08:00:00,125,,,,264,87,32,277,,,344,,95
2019-12-10 09:00:00,54,,,,267,356,32,274,,,348,,98
2019-12-10 10:00:00,24,,,,271,2,30,286,,,359,,106
2019-12-10 11:00:00,16,,,,201,359,28,294,,,359,,110
2019-12-10 12:00:00,16,,,,150,1,33,295,,,355,,85
2019-12-10 13:00:00,16,,,,112,12,32,288,,,340,,90
2019-12-10 14:00:00,27,,,,113,23,25,285,,,344,,69
2019-12-10 15:00:00,31,,,,113,9,39,285,,,354,,92
2019-12-10 16:00:00,37,,,,109,359,30,276,,,334,,97
2019-12-10 17:00:00,38,,,,105,50,26,256,,,326,,114
2019-12-10 18:00:00,40,,,,109,63,45,279,,,318,,88
2019-12-10 19:00:00,54,,,,101,58,38,281,,,303,,72
2019-12-10 20:00:00,43,,,,100,27,39,290,,,11,,70
2019-12-10 21:00:00,36,,,,100,44,43,286,,,76,,78
2019-12-10 22:00:00,19,,,,99,47,44,291,,,174,3,76
2019-12-10 23:00:00,49,,,,87,51,51,311,,,174,3,67
2019-12-11 00:00:00,35,,,,95,51,49,96,,,171,3,70
2019-12-11 01:00:00,22,,,,66,19,49,180,,,174,,79
2019-12-11 02:00:00,37,,,,91,339,33,265,,,180,4,97
2019-12-11 03:00:00,59,,,,98,297,32,294,,,184,4,79
2019-12-11 04:00:00,42,,,,73,275,36,296,,,179,5,99
2019-12-11 05:00:00,46,,,,93,56,47,290,,,190,3,88
2019-12-11 06:00:00,89,,,,94,134,46,296,,,178,3,82
2019-12-11 07:00:00,85,,,,90,64,45,302,,,163,3,76
2019-12-11 08:00:00,66,,,,91,55,56,307,,,166,,83
2019-12-11 09:00:00,77,,,,87,76,69,336,,,167,4,81
2019-12-11 10:00:00,52,,,,109,103,67,275,,,173,,88
2019-12-11 11:00:00,64,,,,106,102,66,311,,,151,,90
2019-12-11 12:00:00,92,,,,114,95,73,32,,,156,,81
2019-12-11 13:00:00,85,,,,117,94,118,97,,,142,,72
2019-12-11 14:00:00,77,,,,106,98,126,98,,,149,,70
2019-12-11 15:00:00,90,,,,100,109,116,111,,,141,,79
2019-12-11 16:00:00,117,,,,110,106,135,109,,,162,,79
2019-12-11 17:00:00,116,,,,115,113,132,116,,,159,,73
2019-12-11 18:00:00,96,,,,113,107,128,121,,,143,,82
2019-12-11 19:00:00,118,,,,110,93,106,129,,,128,,91
2019-12-11 20:00:00,107,,,,102,88,111,104,,,111,,86
2019-12-11 21:00:00,104,,,,103,90,103,112,,,123,,84
2019-12-11 22:00:00,65,,,,66,97,81,107,,,129,,67
2019-12-11 23:00:00,45,,,,75,118,77,117,,,180,,95
2019-12-12 00:00:00,61,,,,30,41,52,117,,,144,,119
2019-12-12 01:00:00,55,,,,172,314,57,114,,,154,,108
2019-12-12 02:00:00,73,,,,314,352,62,143,,,170,,114
2019-12-12 03:00:00,72,,,,298,42,70,287,,,173,,89
2019-12-12 04:00:00,58,,,,349,29,58,293,,,215,,86
2019-12-12 05:00:00,26,,,,310,9,35,275,,,301,,101
2019-12-12 06:00:00,21,,,,301,19,75,226,,,291,,92
2019-12-12 07:00:00,85,,,,282,96,84,123,,,204,,82
2019-12-12 08:00:00,17,,,,209,56,48,85,,,138,,73
2019-12-12 09:00:00,55,,,,217,103,27,304,,,21,,83
2019-12-12 10:00:00,20,,,,343,91,4,305,,,125,,55
2019-12-12 11:00:00,21,,,,145,98,14,303,,,162,,37
2019-12-12 12:00:00,49,,,,128,130,30,317,,,160,,75
2019-12-12 13:00:00,97,,,,102,120,79,312,,,125,,81
2019-12-12 14:00:00,82,,,,103,128,74,316,,,144,,85
2019-12-12 15:00:00,92,,,,100,149,85,,,,131,,95
2019-12-12 16:00:00,108,,,,94,196,123,133,,,133,,121
2019-12-12 17:00:00,58,,,,47,172,86,114,,,109,,158
2019-12-12 18:00:00,325,,,,30,186,97,201,,,112,,160
2019-12-12 19:00:00,289,,,,328,192,72,197,,,252,,194
2019-12-12 20:00:00,268,,,,295,205,40,116,,,143,,205
2019-12-12 21:00:00,290,,,,279,192,146,190,,,225,,163
2019-12-12 22:00:00,261,,,,310,298,5,130,,,316,,207
2019-12-12 23:00:00,251,,,,313,289,275,243,,,307,,233
2019-12-13 00:00:00,265,,,,281,256,257,124,,,307,,226
2019-12-13 01:00:00,14,,,,292,252,260,162,,,320,,183
2019-12-13 02:00:00,283,,,,282,310,252,153,,,318,,214
2019-12-13 03:00:00,298,,,,266,286,281,123,,,337,,204
2019-12-13 04:00:00,325,,,,290,278,250,111,,,330,,238
2019-12-13 05:00:00,207,,,,296,235,259,101,,,288,,263
2019-12-13 06:00:00,232,,,,298,317,259,101,,,273,,245
2019-12-13 07:00:00,234,,,,301,124,264,100,,,254,,246
2019-12-13 08:00:00,228,,,,298,112,314,75,,,238,,245
2019-12-13 09:00:00,179,,,,292,177,16,306,,,325,,237
2019-12-13 10:00:00,101,,,,296,331,54,302,,,334,,94
2019-12-13 11:00:00,325,,,,311,292,334,285,,,307,,336
2019-12-13 12:00:00,339,,,,318,345,11,305,,,179,,307
2019-12-13 13:00:00,338,,,,311,333,17,307,,,351,,283
2019-12-13 14:00:00,352,,,,316,320,15,249,,,357,,306
2019-12-13 15:00:00,144,,,,311,308,323,179,,,203,,113
2019-12-13 16:00:00,214,,,,309,214,207,176,,,143,,105
2019-12-13 17:00:00,250,,,,290,186,217,179,,,119,,127
2019-12-13 18:00:00,245,,,,295,151,150,152,,,165,,231
2019-12-13 19:00:00,287,,,,304,152,46,212,,,110,,162
2019-12-13 20:00:00,260,,,,8,210,57,168,,,282,,199
2019-12-13 21:00:00,252,,,,278,243,40,206,,,295,,205
2019-12-13 22:00:00,247,,,,276,251,261,242,,,314,3,240
2019-12-13 23:00:00,244,,,,282,248,249,59,,,313,5,269
2019-12-14 00:00:00,220,,355,,325,319,242,145,,,334,4,266
2019-12-14 01:00:00,299,,355,,289,125,275,168,,,335,5,270
2019-12-14 02:00:00,263,,354,,309,143,315,141,,,325,6,284
2019-12-14 03:00:00,237,,354,,294,253,276,290,,,316,4,259
2019-12-14 04:00:00,268,,354,,283,351,269,111,,,299,4,239
2019-12-14 05:00:00,237,,,,287,165,274,228,,,288,3,207
2019-12-14 06:00:00,237,,,,288,224,252,112,,,310,4,
2019-12-14 07:00:00,240,,,,285,100,280,340,,,350,4,
2019-12-14 08:00:00,238,,,,284,133,250,285,,,2,4,
2019-12-14 09:00:00,325,,355,,278,8,8,299,,,8,8,
2019-12-14 10:00:00,49,,354,,267,124,252,315,,,181,,8
2019-12-14 11:00:00,90,,,,111,109,69,33,,,159,,84
2019-12-14 12:00:00,111,,,,94,118,124,117,,,144,,
2019-12-14 13:00:00,80,,,,90,113,96,106,,,166,,72
2019-12-14 14:00:00,109,,,,96,129,115,110,,,189,,77
2019-12-14 15:00:00,139,,,,103,203,171,168,,,150,,133
2019-12-14 16:00:00,281,,,,108,204,210,117,,,143,,153
2019-12-14 17:00:00,272,,,,32,256,197,100,,,156,,243
2019-12-14 18:00:00,223,,,,166,238,313,106,,,157,,199
2019-12-14 19:00:00,235,,,,240,258,233,225,,,291,,239
2019-12-14 20:00:00,233,,,,269,254,237,143,,,301,,241
2019-12-14 21:00:00,236,,,,304,176,263,128,,,96,,242
2019-12-14 22:00:00,254,,,,296,229,255,225,,,282,,234
2019-12-14 23:00:00,251,,,,294,276,257,243,,,33,,235
2019-12-15 00:00:00,351,,,,285,277,259,255,,,356,,243
2019-12-15 01:00:00,308,,,,295,282,267,256,,,340,,224
2019-12-15 02:00:00,258,,,,289,251,266,257,,,352,,244
2019-12-15 03:00:00,257,,,,289,274,238,244,,,335,,221
2019-12-15 04:00:00,251,,,,284,226,254,232,,,295,,260
2019-12-15 05:00:00,290,,,,284,204,271,140,,,291,,265
2019-12-15 06:00:00,337,,,,288,162,276,105,,,141,,273
2019-12-15 07:00:00,328,,,,282,111,44,239,,,157,,272
2019-12-15 08:00:00,345,,,,272,100,207,97,,,171,,255
2019-12-15 09:00:00,350,,,,290,106,145,63,,,161,,272
2019-12-15 10:00:00,94,,,,304,139,83,302,,,174,,162
2019-12-15 11:00:00,92,,,,309,149,68,86,,,172,,84
2019-12-15 12:00:00,114,,,,319,115,122,323,,,173,,75
2019-12-15 13:00:00,106,,,,317,108,157,104,,,169,,76
2019-12-15 14:00:00,112,,,,313,148,144,107,,,163,,123
2019-12-15 15:00:00,126,,,,317,169,137,139,,,160,,123
2019-12-15 16:00:00,168,,,,119,138,168,97,,,145,,128
2019-12-15 17:00:00,281,,,,17,109,153,164,,,133,,159
2019-12-15 18:00:00,253,,,,77,297,129,73,,,131,,228
2019-12-15 19:00:00,257,,,,313,272,54,182,,,143,,229
2019-12-15 20:00:00,249,,,,336,289,246,226,,,103,,201
2019-12-15 21:00:00,272,,,,280,283,23,284,,,30,,243
2019-12-15 22:00:00,308,,,,284,265,323,265,,,332,,232
2019-12-15 23:00:00,282,,,,284,293,294,262,,,2,,240
2019-12-16 00:00:00,333,,,,306,286,276,253,,,355,,261
2019-12-16 01:00:00,273,,,,287,304,261,257,,,353,,245
2019-12-16 02:00:00,255,,,,303,58,263,276,,,325,,266
2019-12-16 03:00:00,244,,,,315,311,251,245,,,309,,232
2019-12-16 04:00:00,240,,,,316,266,296,254,,,296,,234
2019-12-16 05:00:00,252,,,,314,254,276,268,,,356,,253
2019-12-16 06:00:00,255,,,,278,251,290,272,,,278,,276
2019-12-16 07:00:00,293,,,,266,255,303,290,,,341,,268
2019-12-16 08:00:00,303,,,,281,278,328,299,,,334,,273
2019-12-16 09:00:00,292,,,,279,306,331,300,,,330,,281
2019-12-16 10:00:00,333,,,,287,282,327,297,,,336,,276
2019-12-16 11:00:00,336,,,,289,338,5,295,,,350,,287
2019-12-16 12:00:00,346,,,,311,331,26,303,,,357,,292
2019-12-16 13:00:00,28,,,,326,21,46,295,,,356,,316
2019-12-16 14:00:00,56,,,,44,42,55,284,,,344,,85
2019-12-16 15:00:00,56,,,,110,57,50,279,,,327,,82
2019-12-16 16:00:00,60,,,,102,54,50,271,,,324,,89
2019-12-16 17:00:00,56,,,,103,64,44,259,,,328,,90
2019-12-16 18:00:00,67,,,,95,98,43,268,,,296,,93
2019-12-16 19:00:00,103,,,,42,47,44,266,,,273,,101
2019-12-16 20:00:00,56,,,,23,68,38,256,,,301,,94
2019-12-16 21:00:00,50,,,,79,117,44,268,,,315,,91
2019-12-16 22:00:00,98,,,,48,145,47,272,,,310,,108
2019-12-16 23:00:00,60,,,,74,53,37,280,,,304,,93
2019-12-17 00:00:00,43,,,,94,47,41,284,,,302,,100
2019-12-17 01:00:00,29,,,,112,16,41,281,,,304,,99
2019-12-17 02:00:00,30,,,,114,20,51,284,,,303,,80
2019-12-17 03:00:00,47,,,,105,28,35,276,,,303,,85
2019-12-17 04:00:00,60,,,,105,25,42,274,,,312,,93
2019-12-17 05:00:00,55,,,,104,33,42,270,,,341,,92
2019-12-17 06:00:00,48,,,,104,37,40,280,,,323,,93
2019-12-17 07:00:00,32,,,,59,39,35,289,,,324,,88
2019-12-17 08:00:00,30,,,,79,40,45,303,,,326,,76
2019-12-17 09:00:00,26,,,,91,25,42,294,,,330,,80
2019-12-17 10:00:00,39,,,,123,34,46,298,,,340,,77
2019-12-17 11:00:00,51,,,,93,32,49,297,,,347,,84
2019-12-17 12:00:00,40,,,,82,24,49,293,,,345,,84
2019-12-17 13:00:00,45,,,,95,23,52,292,,,353,,97
2019-12-17 14:00:00,44,,,,119,20,43,294,,,352,,70
2019-12-17 15:00:00,31,,,,118,19,36,298,,,353,,56
2019-12-17 16:00:00,38,,,,111,20,39,284,,,345,,78
2019-12-17 17:00:00,31,,,,106,11,40,281,,,317,,75
2019-12-17 18:00:00,23,,,,99,103,38,279,,,316,,71
2019-12-17 19:00:00,51,,,,35,100,57,259,,,312,,85
2019-12-17 20:00:00,87,,,,17,133,70,239,,,328,,93
2019-12-17 21:00:00,104,,,,340,129,70,239,,,330,,93
2019-12-17 22:00:00,113,,,,325,154,60,224,,,270,,99
2019-12-17 23:00:00,114,,,,313,351,51,235,,,313,,106
2019-12-18 00:00:00,46,,,,302,116,40,241,,,315,,108
2019-12-18 01:00:00,125,,,,303,233,23,236,,,314,,112
2019-12-18 02:00:00,196,,,,325,268,36,245,,,304,,112
2019-12-18 03:00:00,144,,,,326,78,56,166,,,271,,104
2019-12-18 04:00:00,52,,,,356,99,48,86,,,234,,97
2019-12-18 05:00:00,79,,,,103,99,53,176,,,172,,82
2019-12-18 06:00:00,102,,,,92,169,57,215,,,179,,103
2019-12-18 07:00:00,115,,,,115,86,78,281,,,188,,104
2019-12-18 08:00:00,76,,,,115,80,57,20,,,174,,96
2019-12-18 09:00:00,82,,,,115,71,66,104,,,150,,69
2019-12-18 10:00:00,100,,,,113,90,60,120,,,160,,70
2019-12-18 11:00:00,61,,,,109,77,84,135,,,168,,53
2019-12-18 12:00:00,71,,,,99,76,99,82,,,154,,51
2019-12-18 13:00:00,90,,,,97,105,105,81,,,141,,58
2019-12-18 14:00:00,118,,,,97,105,126,102,,,145,,78
2019-12-18 15:00:00,124,,,,96,105,128,102,,,133,,84
2019-12-18 16:00:00,145,,,,94,104,136,119,,,137,,73
2019-12-18 17:00:00,153,,,,110,104,128,120,,,127,,74
2019-12-18 18:00:00,144,,,,120,103,117,120,,,152,,77
2019-12-18 19:00:00,115,,,,117,111,121,109,,,156,,70
2019-12-18 20:00:00,121,,,,102,104,116,116,,,160,,64
2019-12-18 21:00:00,99,,,,131,268,116,109,,,278,,85
2019-12-18 22:00:00,76,,,,165,262,79,105,,,338,,159
2019-12-18 23:00:00,3,,,,,56,31,116,,,317,,218
2019-12-19 00:00:00,41,,,,326,185,42,93,,,330,,238
2019-12-19 01:00:00,164,,,,1,241,47,95,,,304,,184
2019-12-19 02:00:00,89,,,,16,114,50,106,,,275,,132
2019-12-19 03:00:00,3,,,,39,100,45,114,,,319,,123
2019-12-19 04:00:00,350,,,,7,19,38,36,,,304,,151
2019-12-19 05:00:00,6,,,,343,353,37,87,,,319,,200
2019-12-19 06:00:00,24,,,,36,52,30,97,,,328,,223
2019-12-19 07:00:00,17,,,,81,58,33,100,,,117,,70
2019-12-19 08:00:00,27,,,,123,84,69,107,,,138,,89
2019-12-19 09:00:00,46,,,,123,102,74,103,,,140,,71
2019-12-19 10:00:00,78,,,,103,110,119,108,,,137,,58
2019-12-19 11:00:00,144,,,,100,99,117,104,,,150,,67
2019-12-19 12:00:00,131,,,,95,99,116,99,,,134,,67
2019-12-19 13:00:00,97,,,,92,89,114,103,,,129,,71
2019-12-19 14:00:00,133,,,,84,85,120,104,,,121,,76
2019-12-19 15:00:00,104,,,,78,81,118,87,,,119,,70
2019-12-19 16:00:00,91,,,,78,86,105,94,,,115,,74
2019-12-19 17:00:00,107,,,,87,83,94,101,,,165,,70
2019-12-19 18:00:00,127,,,,90,307,96,109,,,170,,76
2019-12-19 19:00:00,124,,,,106,248,85,123,,,157,,134
2019-12-19 20:00:00,93,,,,155,256,86,109,,,155,,196
2019-12-19 21:00:00,22,,,,214,275,257,171,,,112,,243
2019-12-19 22:00:00,263,,,,315,296,4,246,,,334,,229
2019-12-19 23:00:00,228,,,,280,325,16,251,,,342,,201
2019-12-20 00:00:00,251,,,,292,301,352,268,,,23,,235
2019-12-20 01:00:00,285,,,,287,319,24,256,,,331,,211
2019-12-20 02:00:00,239,,,,306,300,66,259,,,356,,219
2019-12-20 03:00:00,303,,,,299,303,300,233,,,318,,236
2019-12-20 04:00:00,251,,,,320,166,328,222,,,317,,202
2019-12-20 05:00:00,240,,,,297,180,277,238,,,304,,221
2019-12-20 06:00:00,256,,,,294,62,288,215,,,338,,234
2019-12-20 07:00:00,308,,,,292,81,327,221,,,356,,201
2019-12-20 08:00:00,64,,,,297,131,268,123,,,92,,109
2019-12-20 09:00:00,99,,,,229,114,255,104,,,162,,87
2019-12-20 10:00:00,87,,,,106,91,107,86,,,148,,82
2019-12-20 11:00:00,83,,,,98,73,68,75,,,158,,86
2019-12-20 12:00:00,48,,,,92,30,47,305,,,16,,88
2019-12-20 13:00:00,24,,,,99,13,29,299,,,355,,81
2019-12-20 14:00:00,21,,,,95,11,27,290,,,70,,102
2019-12-20 15:00:00,25,,,,94,49,33,255,,,139,,92
2019-12-20 16:00:00,22,,,,95,43,41,234,,,159,,109
2019-12-20 17:00:00,66,,,,22,5,36,194,,,187,,106
2019-12-20 18:00:00,26,,,,90,235,40,219,,,296,,107
2019-12-20 19:00:00,37,,,,341,263,30,228,,,336,,102
2019-12-20 20:00:00,28,,,,321,81,36,252,,,331,,117
2019-12-20 21:00:00,47,,,,295,58,44,276,,,327,,212
2019-12-20 22:00:00,221,,,,303,17,51,280,,,332,,234
2019-12-20 23:00:00,19,,,,288,272,42,356,,,325,,237
2019-12-21 00:00:00,125,,,,298,180,38,342,,,322,,105
2019-12-21 01:00:00,194,,,,325,231,302,280,,,297,,133
2019-12-21 02:00:00,257,,,,74,280,267,118,,,308,,82
2019-12-21 03:00:00,236,,,,24,263,249,164,,,316,,234
2019-12-21 04:00:00,250,,,,24,183,244,280,,,327,,250
2019-12-21 05:00:00,252,,,,277,234,256,288,,,345,,255
2019-12-21 06:00:00,262,,,,18,290,13,253,,,357,,291
2019-12-21 07:00:00,215,,,,304,299,211,128,,,3,,241
2019-12-21 08:00:00,251,,,,281,352,252,,,,315,,239
2019-12-21 09:00:00,309,,,,279,,65,,,,322,,242
2019-12-21 10:00:00,25,,,,277,92,41,,,,331,,127
2019-12-21 11:00:00,59,,,,290,273,19,280,,,334,,80
2019-12-21 12:00:00,52,,,,291,253,18,276,,,348,,86
2019-12-21 13:00:00,78,,,,146,85,30,278,,,7,,92
2019-12-21 14:00:00,176,,,,107,22,41,200,,,86,,114
2019-12-21 15:00:00,189,,,,110,85,40,142,,,155,,114
2019-12-21 16:00:00,189,,,,74,172,63,163,,,172,,111
2019-12-21 17:00:00,213,,,,7,223,89,201,,,185,,156
2019-12-21 18:00:00,250,,,,352,208,241,183,,,192,,215
2019-12-21 19:00:00,232,,,,320,267,252,159,,,117,,219
2019-12-21 20:00:00,249,,,,293,200,44,182,,,16,,229
2019-12-21 21:00:00,221,,,,312,294,242,193,,,327,,235
2019-12-21 22:00:00,257,,,,288,299,262,127,,,338,,209
2019-12-21 23:00:00,335,,,,324,299,252,160,,,349,,233
2019-12-22 00:00:00,256,,,,298,215,263,188,,,337,,222
2019-12-22 01:00:00,223,,,,280,57,268,82,,,346,,217
2019-12-22 02:00:00,313,,,,285,266,337,169,,,336,,207
2019-12-22 03:00:00,274,,,,275,258,290,142,,,337,,236
2019-12-22 04:00:00,281,,,,270,167,279,250,,,323,,252
2019-12-22 05:00:00,241,,,,270,241,255,130,,,329,,216
2019-12-22 06:00:00,218,,,,294,17,255,104,,,266,,255
2019-12-22 07:00:00,192,,,,269,352,266,90,,,185,,330
2019-12-22 08:00:00,93,,,,200,102,293,90,,,88,,97
2019-12-22 09:00:00,132,,,,106,105,58,88,,,184,,121
2019-12-22 10:00:00,67,,,,284,99,237,316,,,182,,354
2019-12-22 11:00:00,69,,,,295,294,251,292,,,54,,96
2019-12-22 12:00:00,77,,,,298,110,50,310,,,24,,71
2019-12-22 13:00:00,143,,,,281,149,34,321,,,89,,80
2019-12-22 14:00:00,102,,,,114,176,100,225,,,14,,125
2019-12-22 15:00:00,145,,,,138,179,124,216,,,114,,126
2019-12-22 16:00:00,154,,,,72,176,172,177,,,121,,120
2019-12-22 17:00:00,195,,,,28,118,119,154,,,131,,171
2019-12-22 18:00:00,324,,,,144,139,92,115,,,265,,195
2019-12-22 19:00:00,246,,,,107,141,47,116,,,352,,210
2019-12-22 20:00:00,263,,,,238,184,42,151,,,311,,214
2019-12-22 21:00:00,248,,,,254,214,267,201,,,345,,234
2019-12-22 22:00:00,350,,,,299,258,257,212,,,350,,213
2019-12-22 23:00:00,254,,,,288,257,16,232,,,310,,230
2019-12-23 00:00:00,282,,,,284,275,231,215,,,318,,231
2019-12-23 01:00:00,320,,,,294,249,237,260,,,333,,223
2019-12-23 02:00:00,297,,,,278,250,265,269,,,343,,229
2019-12-23 03:00:00,272,,,,301,248,266,273,,,334,,237
2019-12-23 04:00:00,273,,,,285,260,252,241,,,313,,249
2019-12-23 05:00:00,238,,,,290,203,261,148,,,183,,255
2019-12-23 06:00:00,225,,,,268,187,263,315,,,240,,259
2019-12-23 07:00:00,236,,,,271,96,300,319,,,245,,247
2019-12-23 08:00:00,30,,,,288,125,41,316,,,9,,20
2019-12-23 09:00:00,42,,,,267,143,27,319,,,55,,61
2019-12-23 10:00:00,107,,,,121,147,78,334,,,169,,84
2019-12-23 11:00:00,96,,,,101,88,96,96,,,145,,73
2019-12-23 12:00:00,89,,,,106,88,93,108,,,162,,74
2019-12-23 13:00:00,70,,,,111,101,115,95,,,143,,79
2019-12-23 14:00:00,74,,,,111,103,105,114,,,132,,84
2019-12-23 15:00:00,101,,,,109,141,111,132,,,111,,103
2019-12-23 16:00:00,102,,,,80,155,121,111,,,109,,139
2019-12-23 17:00:00,96,,,,40,139,122,121,,,148,,143
2019-12-23 18:00:00,108,,,,339,141,123,108,,,269,,148
2019-12-23 19:00:00,208,,,,169,149,114,102,,,67,,261
2019-12-23 20:00:00,234,,,,212,115,64,95,,,142,,235
2019-12-23 21:00:00,207,,,,110,122,53,94,,,284,,190
2019-12-23 22:00:00,266,,,,75,175,33,148,,,327,,234
2019-12-23 23:00:00,235,,,,3,282,7,158,,,19,,247
2019-12-24 00:00:00,264,,,,285,279,38,147,,,305,,223
2019-12-24 01:00:00,252,,,,280,271,352,247,,,324,,221
2019-12-24 02:00:00,257,,,,311,228,271,227,,,324,,247
2019-12-24 03:00:00,255,,,,295,285,268,282,,,331,,252
2019-12-24 04:00:00,311,,,,302,20,289,234,,,353,,269
2019-12-24 05:00:00,297,,,,285,257,263,260,,,347,,239
2019-12-24 06:00:00,244,,,,286,153,243,270,,,339,,232
2019-12-24 07:00:00,31,,,,276,94,353,308,,,359,,212
2019-12-24 08:00:00,24,,,,261,17,36,306,,,348,,71
2019-12-24 09:00:00,34,,,,98,37,45,308,,,28,,86
2019-12-24 10:00:00,2,,,,113,93,64,313,,,107,,74
2019-12-24 11:00:00,99,,,,106,122,103,325,,,120,,79
2019-12-24 12:00:00,62,,,,94,128,104,87,,,147,,82
2019-12-24 13:00:00,74,,,,104,97,91,110,,,148,,92
2019-12-24 14:00:00,88,,,,105,92,115,110,,,150,,87
2019-12-24 15:00:00,77,,,,111,96,116,102,,,120,,88
2019-12-24 16:00:00,88,,,,107,113,97,135,,,92,,73
2019-12-24 17:00:00,68,,,,104,121,106,114,,,89,,120
2019-12-24 18:00:00,55,,,,129,151,66,114,,,147,,141
2019-12-24 19:00:00,256,,,,128,131,30,101,,,148,,210
2019-12-24 20:00:00,296,,,,27,75,42,134,,,81,,193
2019-12-24 21:00:00,310,,,,75,140,48,227,,,61,,227
2019-12-24 22:00:00,314,,,,16,145,46,257,,,26,,229
2019-12-24 23:00:00,273,,,,297,278,11,253,,,30,,176
2019-12-25 00:00:00,281,,,,286,300,15,251,,,18,,229
2019-12-25 01:00:00,256,,,,314,330,20,257,,,2,,244
2019-12-25 02:00:00,287,,,,292,158,4,258,,,310,,223
2019-12-25 03:00:00,50,,,,289,233,119,250,,,308,,221
2019-12-25 04:00:00,256,,,,282,191,252,180,,,310,,212
2019-12-25 05:00:00,276,,,,289,217,330,212,,,315,,230
2019-12-25 06:00:00,230,,,,302,119,231,187,,,284,,237
2019-12-25 07:00:00,338,,,,280,96,19,76,,,178,,208
2019-12-25 08:00:00,40,,,,124,82,64,353,,,147,,71
2019-12-25 09:00:00,53,,,,108,172,63,342,,,172,,80
2019-12-25 10:00:00,91,,,,100,128,77,99,,,173,,75
2019-12-25 11:00:00,80,,,,98,115,97,102,,,190,,78
2019-12-25 12:00:00,71,,,,98,112,107,100,,,164,,79
2019-12-25 13:00:00,68,,,,104,114,99,107,,,144,,74
2019-12-25 14:00:00,60,,,,95,92,95,122,,,121,,74
2019-12-25 15:00:00,62,,,,99,116,59,118,,,108,,95
2019-12-25 16:00:00,62,,,,115,150,87,124,,,129,,118
2019-12-25 17:00:00,328,,,,129,113,70,133,,,139,,127
2019-12-25 18:00:00,2,,,,147,135,54,137,,,253,,116
2019-12-25 19:00:00,283,,,,135,141,95,135,,,22,,140
2019-12-25 20:00:00,283,,,,78,139,67,123,,,107,,215
2019-12-25 21:00:00,239,,,,99,95,47,250,,,155,,207
2019-12-25 22:00:00,328,,,,118,104,47,248,,,81,,221
2019-12-25 23:00:00,308,,,,115,136,38,266,,,62,,216
2019-12-26 00:00:00,48,,,,77,305,33,265,,,21,,229
2019-12-26 01:00:00,298,,,,59,179,20,262,,,141,,202
2019-12-26 02:00:00,249,,,,98,14,29,254,,,155,,256
2019-12-26 03:00:00,255,,,,231,332,350,246,,,317,,251
2019-12-26 04:00:00,243,,,,292,314,1,247,,,348,,236
2019-12-26 05:00:00,234,,,,305,316,8,286,,,1,,283
2019-12-26 06:00:00,225,,,,106,47,7,304,,,30,,244
2019-12-26 07:00:00,260,,,,92,41,29,292,,,179,,85
2019-12-26 08:00:00,12,,,,97,30,360,301,,,157,,90
2019-12-26 09:00:00,8,,,,110,40,290,313,,,143,,70
2019-12-26 10:00:00,22,,,,103,103,70,316,,,142,,74
2019-12-26 11:00:00,38,,,,98,112,73,307,,,135,,77
2019-12-26 12:00:00,62,,,,101,62,81,5,,,132,,77
2019-12-26 13:00:00,64,,,,92,78,81,70,,,139,,74
2019-12-26 14:00:00,72,,,,92,90,91,77,,,171,,73
2019-12-26 15:00:00,85,,,,93,88,106,91,,,117,,68
2019-12-26 16:00:00,102,,,,94,121,131,106,,,151,,71
2019-12-26 17:00:00,95,,,,108,54,68,115,,,114,,120
2019-12-26 18:00:00,37,,,,108,356,64,114,,,118,,125
2019-12-26 19:00:00,40,,,,100,100,54,126,,,179,,119
2019-12-26 20:00:00,349,,,,108,111,105,110,,,157,,125
2019-12-26 21:00:00,59,,,,115,63,98,115,,,163,,112
2019-12-26 22:00:00,53,,,,103,84,93,116,,,143,,133
2019-12-26 23:00:00,47,,,,105,86,72,95,,,152,,118
2019-12-27 00:00:00,7,,,,99,44,41,110,,,143,,131
2019-12-27 01:00:00,6,,,,59,42,37,117,,,127,,145
2019-12-27 02:00:00,30,,,,129,33,40,114,,,77,,245
2019-12-27 03:00:00,349,,,,110,10,66,208,,,85,,275
2019-12-27 04:00:00,46,,,,98,66,127,111,,,94,,263
2019-12-27 05:00:00,86,,,,131,90,101,108,,,112,,278
2019-12-27 06:00:00,70,,,,124,77,88,100,,,103,,244
2019-12-27 07:00:00,34,,,,116,77,82,105,,,153,,104
2019-12-27 08:00:00,62,,,,122,89,102,106,,,146,,91
2019-12-27 09:00:00,56,,,,111,87,83,98,,,142,,83
2019-12-27 10:00:00,54,,,,94,86,87,97,,,132,,74
2019-12-27 11:00:00,65,,,,91,84,99,113,,,141,,62
2019-12-27 12:00:00,64,,,,97,86,98,95,,,95,,57
2019-12-27 13:00:00,82,,,,110,91,102,90,,,149,,46
2019-12-27 14:00:00,49,,,,110,104,109,101,,,151,,81
2019-12-27 15:00:00,43,,,,109,85,77,117,,,230,,109
2019-12-27 16:00:00,40,,,,120,98,87,116,,,310,,129
2019-12-27 17:00:00,67,,,,119,24,64,115,,,244,,157
2019-12-27 18:00:00,3,,,,129,308,54,135,,,15,,194
2019-12-27 19:00:00,314,,,,117,55,78,106,,,38,,231
2019-12-27 20:00:00,109,,,,111,89,84,102,,,120,4,194
2019-12-27 21:00:00,48,,,,120,95,59,115,,,123,5,249
2019-12-27 22:00:00,276,,,,64,95,90,143,,,81,10,265
2019-12-27 23:00:00,278,,,,12,96,60,276,,,68,4,256
2019-12-28 00:00:00,260,,,,54,90,53,293,,,49,6,264
2019-12-28 01:00:00,223,,,,343,78,63,289,,,82,5,175
2019-12-28 02:00:00,254,,,,285,1,324,269,,,179,12,232
2019-12-28 03:00:00,265,,,,319,69,96,276,,,8,9,196
2019-12-28 04:00:00,248,,,,286,272,354,24,,,301,5,200
2019-12-28 05:00:00,256,,,,253,278,295,243,,,304,4,240
2019-12-28 06:00:00,196,,,,262,285,253,295,,,343,6,252
2019-12-28 07:00:00,131,,,,257,258,244,220,,,109,7,247
2019-12-28 08:00:00,201,,,,296,345,188,100,,,176,4,288
2019-12-28 09:00:00,348,,,,283,86,67,104,,,151,3,49
2019-12-28 10:00:00,18,,,,280,53,53,57,,,120,3,101
2019-12-28 11:00:00,50,,,,267,106,64,295,,,55,,91
2019-12-28 12:00:00,42,,,,256,162,77,310,,,39,,92
2019-12-28 13:00:00,102,,,,247,160,128,284,,,34,,106
2019-12-28 14:00:00,184,,,,265,145,132,222,,,18,,112
2019-12-28 15:00:00,239,,,,296,163,128,193,,,9,,124
2019-12-28 16:00:00,224,,,,310,161,277,186,,,132,,132
2019-12-28 17:00:00,278,,,,144,90,44,138,,,175,,138
2019-12-28 18:00:00,348,,,,81,39,39,291,,,268,,115
2019-12-28 19:00:00,116,,,,74,119,33,277,,,346,,111
2019-12-28 20:00:00,116,,,,349,326,30,287,,,304,7,75
2019-12-28 21:00:00,167,,,,109,336,18,255,,,296,5,130
2019-12-28 22:00:00,126,,,,49,133,37,257,,,309,16,118
2019-12-28 23:00:00,108,,,,64,285,40,268,,,307,14,99
2019-12-29 00:00:00,152,,,,43,225,29,260,,,320,10,60
2019-12-29 01:00:00,213,,,,325,167,328,242,,,323,9,222
2019-12-29 02:00:00,213,,,,294,53,72,239,,,327,7,210
2019-12-29 03:00:00,181,,,,272,253,240,219,,,319,14,80
2019-12-29 04:00:00,257,,,,293,148,225,176,,,324,10,205
2019-12-29 05:00:00,102,,,,301,129,357,157,,,329,7,68
2019-12-29 06:00:00,131,,,,262,113,59,322,,,3,13,81
2019-12-29 07:00:00,88,,,,108,57,47,311,,,47,10,80
2019-12-29 08:00:00,84,,,,97,46,48,306,,,107,11,85
2019-12-29 09:00:00,60,,,,101,30,52,308,,,151,7,82
2019-12-29 10:00:00,54,,,,98,48,49,306,,,149,,76
2019-12-29 11:00:00,43,,,,96,39,50,329,,,155,,76
2019-12-29 12:00:00,39,,,,94,52,47,108,,,149,,74
2019-12-29 13:00:00,51,,,,97,37,90,100,,,149,,84
2019-12-29 14:00:00,71,,,,100,69,106,109,,,165,,93
2019-12-29 15:00:00,52,,,,107,113,111,112,,,174,,91
2019-12-29 16:00:00,96,,,,122,106,122,118,,,190,,67
2019-12-29 17:00:00,115,,,,141,104,118,127,,,192,,68
2019-12-29 18:00:00,125,,,,159,118,117,96,,,204,,73
2019-12-29 19:00:00,134,,,,143,119,200,101,,,193,,85
2019-12-29 20:00:00,122,,,,144,99,199,99,,,180,,90
2019-12-29 21:00:00,126,,,,89,304,163,102,,,164,,76
2019-12-29 22:00:00,124,,,,116,303,31,106,,,145,,67
2019-12-29 23:00:00,100,,,,118,293,37,101,,,154,,74
2019-12-30 00:00:00,20,,,,110,243,42,104,,,33,,80
2019-12-30 01:00:00,52,,,,107,214,32,85,,,56,,114
2019-12-30 02:00:00,57,,,,101,224,38,277,,,62,,110
2019-12-30 03:00:00,26,,,,91,119,36,128,,,240,,102
2019-12-30 04:00:00,31,,,,119,107,40,131,,,299,,94
2019-12-30 05:00:00,91,,,,115,78,72,109,,,296,,68
2019-12-30 06:00:00,82,,,,103,68,125,123,,,168,,65
2019-12-30 07:00:00,73,,,,98,97,111,95,,,161,,60
2019-12-30 08:00:00,77,,,,89,80,117,105,,,150,,59
2019-12-30 09:00:00,78,,,,92,90,107,93,,,128,,58
2019-12-30 10:00:00,82,,,,94,98,112,94,,,138,,53
2019-12-30 11:00:00,88,,,,104,94,124,94,,,153,,68
2019-12-30 12:00:00,86,,,,102,101,115,84,,,140,,71
2019-12-30 13:00:00,95,,,,101,89,124,102,,,123,,78
2019-12-30 14:00:00,100,,,,93,80,117,129,,,93,,87
2019-12-30 15:00:00,97,,,,77,94,113,71,,,92,,74
2019-12-30 16:00:00,100,,,,85,99,119,71,,,93,,73
2019-12-30 17:00:00,100,,,,89,103,119,79,,,120,,72
2019-12-30 18:00:00,127,,,,89,96,110,83,,,162,,66
2019-12-30 19:00:00,123,,,,89,103,127,95,,,154,,76
2019-12-30 20:00:00,107,,,,81,101,121,74,,,107,,72
2019-12-30 21:00:00,85,,,,89,91,106,65,,,118,,66
2019-12-30 22:00:00,88,,,,94,93,101,108,,,134,,67
2019-12-30 23:00:00,75,,,,87,91,105,70,,,133,,63
2019-12-31 00:00:00,71,,,,86,80,94,71,,,153,,63
2019-12-31 01:00:00,81,,,,96,97,91,77,,,60,,69
2019-12-31 02:00:00,82,,,,91,82,78,91,,,37,,75
2019-12-31 03:00:00,64,,,,102,66,89,106,,,83,,69
2019-12-31 04:00:00,72,,,,114,54,93,110,,,62,,81
2019-12-31 05:00:00,71,,,,116,57,90,120,,,95,,74
2019-12-31 06:00:00,67,,,,111,84,109,117,,,94,,72
2019-12-31 07:00:00,72,,,,107,89,111,130,,,67,,66
2019-12-31 08:00:00,69,,,,93,92,111,124,,,88,,65
2019-12-31 09:00:00,69,,,,118,91,112,117,,,65,,70
2019-12-31 10:00:00,60,,,,110,100,91,107,,,63,,77
2019-12-31 11:00:00,56,,,,112,83,84,101,,,68,,78
2019-12-31 12:00:00,53,,,,110,76,79,110,,,86,,82
2019-12-31 13:00:00,71,,,,104,75,80,123,,,203,,95
2019-12-31 14:00:00,69,,,,105,91,100,123,,,207,,82
2019-12-31 15:00:00,65,,,,108,104,109,103,,,184,,87
2019-12-31 16:00:00,45,,,,115,110,86,98,,,175,,98
2019-12-31 17:00:00,54,,,,111,94,107,108,,,94,,104
2019-12-31 18:00:00,38,,,,122,102,85,109,,,116,,137
2019-12-31 19:00:00,,,,,,95,,,,,,,
2019-12-31 20:00:00,,,,,,,,,,,,,
2019-12-31 21:00:00,,,,,,,,,,,,,
2019-12-31 22:00:00,,,,,,,,,,,,,
2019-12-31 23:00:00,,,,,,,,,,,,,
2020-01-01 00:00:00,,,,,,,,,,,,,
2020-01-01 01:00:00,,,,,,,,,,,,,
2020-01-01 02:00:00,2,,,,138,3,30,209,,25,98,,136
2020-01-01 03:00:00,144,,,,91,119,128,98,,27,133,,111
2020-01-01 04:00:00,28,,,,70,110,79,151,,28,198,,301
2020-01-01 05:00:00,31,,,,96,110,85,100,,30,240,,117
2020-01-01 06:00:00,10,,,,110,130,71,122,,32,136,,100
2020-01-01 07:00:00,250,,,,257,306,248,149,,33,79,,228
2020-01-01 08:00:00,262,,,,131,292,252,126,,34,176,,278
2020-01-01 09:00:00,330,,,,315,343,9,106,,36,230,,120
2020-01-01 10:00:00,247,,,,239,244,260,285,,27,345,,227
2020-01-01 11:00:00,238,,,,272,139,271,227,,21,,,255
2020-01-01 12:00:00,233,,,,281,100,250,85,,20,3,,262
2020-01-01 13:00:00,234,,,,271,168,258,93,,27,293,,276
2020-01-01 14:00:00,252,,,,271,257,275,337,,34,301,,244
2020-01-01 15:00:00,255,,,,275,243,301,298,,20,349,,238
2020-01-01 16:00:00,240,,,,279,245,302,299,,22,347,,235
2020-01-01 17:00:00,232,,,,266,242,307,294,,19,357,,255
2020-01-01 18:00:00,238,,,,263,241,307,295,,20,339,,242
2020-01-01 19:00:00,259,,,,266,244,305,281,,21,341,,225
2020-01-01 20:00:00,231,,,,258,243,295,277,,32,35,,217
2020-01-01 21:00:00,238,,,,267,242,294,277,,31,11,,226
2020-01-01 22:00:00,204,,,,272,236,279,284,,35,,,229
2020-01-01 23:00:00,164,,,,299,248,230,281,,39,239,,252
2020-01-02 00:00:00,235,,,,264,249,222,119,,35,,,237
2020-01-02 01:00:00,263,,,,268,257,228,146,,43,173,,268
2020-01-02 02:00:00,239,,,,265,245,252,112,,44,180,,254
2020-01-02 03:00:00,239,,,,288,245,250,117,,33,172,,234
2020-01-02 04:00:00,258,,,,255,249,267,245,,40,300,,237
2020-01-02 05:00:00,235,,,,287,247,295,294,,29,28,,230
2020-01-02 06:00:00,246,,,,213,245,224,246,,28,158,,236
2020-01-02 07:00:00,227,,,,292,309,241,122,,25,195,,286
2020-01-02 08:00:00,263,,,,296,258,272,151,,21,312,,272
2020-01-02 09:00:00,244,,,,329,242,266,196,,17,322,,263
2020-01-02 10:00:00,194,,,,274,247,241,103,,27,285,,252
2020-01-02 11:00:00,186,,,,260,248,189,96,,33,156,,257
2020-01-02 12:00:00,183,,,,243,260,192,91,,33,162,,256
2020-01-02 13:00:00,134,,,,297,99,161,93,,13,174,,218
2020-01-02 14:00:00,106,,,,322,66,145,102,,2,166,,171
2020-01-02 15:00:00,8,,,,305,79,63,109,,360,167,,102
2020-01-02 16:00:00,76,,,,294,74,83,222,,358,147,,106
2020-01-02 17:00:00,63,,,,298,92,109,276,,358,70,,102
2020-01-02 18:00:00,157,,,,289,142,137,339,,359,64,,108
2020-01-02 19:00:00,244,,,,289,170,126,129,,357,142,,106
2020-01-02 20:00:00,240,,,,298,116,199,189,,357,215,,138
2020-01-02 21:00:00,229,,,,269,178,217,154,,355,250,,140
2020-01-02 22:00:00,292,,,,248,256,238,175,,356,338,,138
2020-01-02 23:00:00,271,,,,104,264,271,203,,357,349,,221
2020-01-03 00:00:00,239,,,,305,286,261,217,,1,318,,249
2020-01-03 01:00:00,241,,,,286,275,237,200,,6,311,,225
2020-01-03 02:00:00,236,,,,277,311,241,235,,1,333,,256
2020-01-03 03:00:00,219,,,,264,174,270,237,,354,348,,232
2020-01-03 04:00:00,217,,,,269,294,339,103,,354,353,,238
2020-01-03 05:00:00,259,,,,260,282,311,228,,346,314,,245
2020-01-03 06:00:00,170,,,,263,269,313,134,,346,291,,232
2020-01-03 07:00:00,159,,,,267,270,340,117,,354,306,,236
2020-01-03 08:00:00,174,,,,264,287,341,226,,354,320,,275
2020-01-03 09:00:00,191,,,,262,290,351,270,,355,338,,285
2020-01-03 10:00:00,280,,,,264,37,349,292,,351,12,,281
2020-01-03 11:00:00,293,,,,278,267,332,292,,343,36,,268
2020-01-03 12:00:00,290,,,,280,272,330,294,,342,333,,275
2020-01-03 13:00:00,291,,,,273,269,330,293,,343,330,,278
2020-01-03 14:00:00,280,,,,262,267,317,283,,340,325,,280
2020-01-03 15:00:00,279,,,,267,257,314,288,,339,322,,280
2020-01-03 16:00:00,274,,,,272,262,323,291,,338,322,,275
2020-01-03 17:00:00,279,,,,273,265,321,295,,336,323,,272
2020-01-03 18:00:00,280,,,,259,268,312,281,,335,315,,262
2020-01-03 19:00:00,279,,,,263,272,318,279,,333,317,,269
2020-01-03 20:00:00,287,,,,276,262,331,289,,334,331,,262
2020-01-03 21:00:00,302,,,,271,277,325,289,,337,354,,267
2020-01-03 22:00:00,327,,,,294,330,339,283,,338,2,,270
2020-01-03 23:00:00,337,,,,305,315,324,284,,333,8,,259
2020-01-04 00:00:00,312,,,,303,311,357,268,,336,14,,239
2020-01-04 01:00:00,242,,,,285,177,21,166,,335,333,,218
2020-01-04 02:00:00,140,,,,240,177,128,113,,330,305,,237
2020-01-04 03:00:00,143,,,,252,338,159,166,,335,153,,107
2020-01-04 04:00:00,265,,,,261,112,358,196,,331,155,,185
2020-01-04 05:00:00,216,,,,283,160,83,150,,333,288,,209
2020-01-04 06:00:00,226,,,,290,207,255,166,,332,289,,195
2020-01-04 07:00:00,231,,,,289,324,268,168,,338,310,,235
2020-01-04 08:00:00,227,,,,310,262,248,122,,338,283,,248
2020-01-04 09:00:00,219,,,,279,275,269,129,,338,274,,240
2020-01-04 10:00:00,236,,,,237,303,258,103,,339,307,,176
2020-01-04 11:00:00,199,,,,121,77,255,87,,335,248,,256
2020-01-04 12:00:00,137,,,,124,120,224,81,,333,202,,56
2020-01-04 13:00:00,67,,,,273,72,241,98,,335,195,,80
2020-01-04 14:00:00,75,,,,297,105,80,147,,334,177,,60
2020-01-04 15:00:00,345,,,,290,130,67,103,,335,188,,67
2020-01-04 16:00:00,70,,,,110,142,78,133,,336,198,,69
2020-01-04 17:00:00,123,,,,123,157,95,141,,336,114,,66
2020-01-04 18:00:00,106,,,,107,179,123,150,,335,155,,109
2020-01-04 19:00:00,131,,,,112,169,127,142,,334,154,,134
2020-01-04 20:00:00,126,,,,71,144,172,125,,333,149,,145
2020-01-04 21:00:00,140,,,,35,143,200,90,,334,176,,156
2020-01-04 22:00:00,202,,,,39,44,192,103,,332,155,,233
2020-01-04 23:00:00,232,,,,7,42,240,144,,329,194,,238
2020-01-05 00:00:00,221,,,,301,262,193,133,,329,251,,211
2020-01-05 01:00:00,223,,,,289,255,10,177,,326,338,,235
2020-01-05 02:00:00,232,,,,295,275,263,167,,329,26,,239
2020-01-05 03:00:00,237,,,,292,282,234,223,,326,16,,239
2020-01-05 04:00:00,276,,,,289,251,26,245,,327,341,,235
2020-01-05 05:00:00,251,,,,287,265,291,261,,328,357,,231
2020-01-05 06:00:00,305,,,,297,280,273,244,,327,352,,238
2020-01-05 07:00:00,238,,,,274,314,256,275,,327,352,,231
2020-01-05 08:00:00,290,,,,286,103,231,254,,328,321,,227
2020-01-05 09:00:00,244,,,,291,335,259,190,,329,285,,228
2020-01-05 10:00:00,244,,,,281,267,264,174,,333,263,,232
2020-01-05 11:00:00,203,,,,270,124,272,12,,328,344,,238
2020-01-05 12:00:00,73,,,,298,118,230,329,,331,250,,87
2020-01-05 13:00:00,24,,,,298,119,175,333,,335,203,,68
2020-01-05 14:00:00,66,,,,291,115,82,103,,334,177,,87
2020-01-05 15:00:00,84,,,,32,120,105,100,,335,185,,74
2020-01-05 16:00:00,76,,,,111,130,107,103,,337,160,,70
2020-01-05 17:00:00,78,,,,100,117,127,104,,336,136,,76
2020-01-05 18:00:00,72,,,,97,157,118,118,,335,140,,83
2020-01-05 19:00:00,109,,,,106,155,120,133,,333,134,,131
2020-01-05 20:00:00,105,,,,85,173,113,133,,331,100,,136
2020-01-05 21:00:00,259,,,,234,183,85,222,,330,212,,180
2020-01-05 22:00:00,231,,,,246,198,341,190,,328,251,,235
2020-01-05 23:00:00,235,,,,172,257,286,129,,325,262,,235
2020-01-06 00:00:00,240,,,,259,242,257,151,,325,274,,236
2020-01-06 01:00:00,277,,,,302,326,259,221,,325,5,,202
2020-01-06 02:00:00,246,,,,296,285,282,251,,323,341,,240
2020-01-06 03:00:00,347,,,,283,281,227,126,,323,348,,246
2020-01-06 04:00:00,291,,,,292,209,250,251,,325,343,,237
2020-01-06 05:00:00,54,,,,275,248,257,227,,325,344,,249
2020-01-06 06:00:00,326,,,,279,188,266,153,,325,209,,237
2020-01-06 07:00:00,333,,,,281,57,262,139,,,292,,210
2020-01-06 08:00:00,290,,,,279,264,286,140,,327,290,,259
2020-01-06 09:00:00,234,,,,284,246,277,116,,328,309,,255
2020-01-06 10:00:00,20,,,,280,74,261,311,,327,303,,251
2020-01-06 11:00:00,235,,,,277,54,260,293,,329,335,,262
2020-01-06 12:00:00,237,,,,284,109,282,312,,332,189,,245
2020-01-06 13:00:00,42,,,,282,128,60,313,,334,228,,64
2020-01-06 14:00:00,44,,,,266,135,61,325,,333,186,,84
2020-01-06 15:00:00,67,,,,214,101,56,316,,334,170,,83
2020-01-06 16:00:00,108,,,,108,126,58,311,,336,159,,89
2020-01-06 17:00:00,116,,,,113,157,113,312,,338,157,,87
2020-01-06 18:00:00,98,,,,100,188,103,204,,350,163,,104
2020-01-06 19:00:00,89,,,,118,193,79,219,,341,95,,119
2020-01-06 20:00:00,195,,,,83,172,34,214,,340,33,,119
2020-01-06 21:00:00,291,,,,135,227,25,218,,329,289,,104
2020-01-06 22:00:00,354,,,,64,153,24,229,,328,290,,105
2020-01-06 23:00:00,48,,,,347,184,30,258,,327,304,,115
2020-01-07 00:00:00,169,,,,342,107,121,280,,326,305,,88
2020-01-07 01:00:00,175,,,,281,163,206,254,,323,300,,97
2020-01-07 02:00:00,137,,,,272,253,276,248,,322,301,,67
2020-01-07 03:00:00,132,,,,343,248,114,256,,323,307,,68
2020-01-07 04:00:00,92,,,,311,338,54,257,,325,318,,103
2020-01-07 05:00:00,129,,,,288,188,50,264,,326,313,,96
2020-01-07 06:00:00,95,,,,292,143,53,261,,323,332,,91
2020-01-07 07:00:00,104,,,,36,185,39,253,,320,329,,98
2020-01-07 08:00:00,118,,,,348,248,26,263,,321,323,,92
2020-01-07 09:00:00,138,,,,286,115,43,263,,323,322,,97
2020-01-07 10:00:00,105,,,,276,113,51,269,,320,335,,94
2020-01-07 11:00:00,71,,,,96,40,35,269,,324,338,,95
2020-01-07 12:00:00,59,,,,103,5,27,286,,325,334,,104
2020-01-07 13:00:00,45,,,,118,29,37,305,,324,328,,103
2020-01-07 14:00:00,31,,,,101,21,49,295,,327,336,,95
2020-01-07 15:00:00,57,,,,110,61,78,308,,329,20,,71
2020-01-07 16:00:00,56,,,,111,64,77,9,,331,128,,68
2020-01-07 17:00:00,64,,,,103,68,93,69,,9,120,,63
2020-01-07 18:00:00,82,,,,87,91,113,70,,339,98,,71
2020-01-07 19:00:00,97,,,,91,88,108,62,,327,96,,84
2020-01-07 20:00:00,99,,,,88,102,122,89,,325,108,,82
2020-01-07 21:00:00,110,,,,88,113,131,105,,322,166,,83
2020-01-07 22:00:00,136,,,,85,123,140,106,,321,236,,72
2020-01-07 23:00:00,154,,,,87,118,151,105,,318,240,,95
2020-01-08 00:00:00,152,,,,106,105,224,107,,316,176,,124
2020-01-08 01:00:00,134,,,,147,264,249,108,,321,155,,149
2020-01-08 02:00:00,132,,,,155,328,338,102,,317,120,,175
2020-01-08 03:00:00,100,,,,129,74,132,113,,315,129,,224
2020-01-08 04:00:00,84,,,,127,126,112,113,,321,113,,210
2020-01-08 05:00:00,62,,,,125,124,99,126,,317,74,,247
2020-01-08 06:00:00,42,,,,143,70,50,138,,316,8,,242
2020-01-08 07:00:00,51,,,,130,77,55,133,,316,40,,252
2020-01-08 08:00:00,49,,,,115,53,48,118,,322,285,,254
2020-01-08 09:00:00,297,,,,143,78,39,213,,320,328,,267
2020-01-08 10:00:00,289,,,,117,74,28,284,,322,29,,273
2020-01-08 11:00:00,192,,,,127,40,34,312,,324,,,252
2020-01-08 12:00:00,339,,,,128,61,68,45,,330,75,,89
2020-01-08 13:00:00,357,,,,123,106,73,45,,331,73,,92
2020-01-08 14:00:00,98,,,,122,108,130,86,,329,158,,73
2020-01-08 15:00:00,45,,,,108,84,113,93,,331,100,,73
2020-01-08 16:00:00,91,,,,97,84,106,97,,345,85,,75
2020-01-08 17:00:00,67,,,,89,99,101,86,,349,199,,53
2020-01-08 18:00:00,65,,,,83,101,110,100,,343,219,,57
2020-01-08 19:00:00,88,,,,89,134,114,92,,329,236,,81
2020-01-08 20:00:00,66,,,,107,189,60,126,,327,347,,121
2020-01-08 21:00:00,350,,,,106,245,23,107,,325,356,,159
2020-01-08 22:00:00,341,,,,111,274,28,105,,325,50,,149
2020-01-08 23:00:00,335,,,,147,149,50,115,,324,81,,134
2020-01-09 00:00:00,7,,,,161,92,61,205,,328,84,,120
2020-01-09 01:00:00,359,,,,125,125,96,245,,340,88,,138
2020-01-09 02:00:00,318,,,,355,126,37,230,,344,66,,220
2020-01-09 03:00:00,246,,,,295,97,36,237,,349,22,,226
2020-01-09 04:00:00,248,,,,293,344,341,237,,347,327,,250
2020-01-09 05:00:00,242,,,,299,308,300,243,,346,347,,217
2020-01-09 06:00:00,256,,,,277,297,286,264,,342,312,,213
2020-01-09 07:00:00,260,,,,281,230,242,243,,340,268,,197
2020-01-09 08:00:00,256,,,,289,241,228,99,,337,226,,205
2020-01-09 09:00:00,92,,,,290,196,250,156,,334,264,,219
2020-01-09 10:00:00,240,,,,294,315,230,129,,337,118,,153
2020-01-09 11:00:00,246,,,,277,115,262,88,,340,237,,182
2020-01-09 12:00:00,55,,,,177,56,193,90,,345,18,,125
2020-01-09 13:00:00,131,,,,140,,206,261,,2,28,,94
2020-01-09 14:00:00,120,,,,105,113,193,352,,11,196,,83
2020-01-09 15:00:00,83,,,,104,96,106,97,,345,177,,97
2020-01-09 16:00:00,71,,,,96,109,91,99,,11,156,,83
2020-01-09 17:00:00,96,,,,100,117,61,99,,1,171,,110
2020-01-09 18:00:00,93,,,,103,116,112,105,,337,218,,106
2020-01-09 19:00:00,101,,,,92,123,133,97,,331,218,,135
2020-01-09 20:00:00,253,,,,101,147,192,119,,327,72,,151
2020-01-09 21:00:00,294,,,,63,201,132,136,,327,71,,200
2020-01-09 22:00:00,154,,,,22,148,46,152,,326,20,,188
2020-01-09 23:00:00,281,,,,31,224,45,112,,330,343,,199
2020-01-10 00:00:00,255,,,,68,219,41,272,,337,54,,163
2020-01-10 01:00:00,224,,,,72,195,55,251,,337,132,,147
2020-01-10 02:00:00,298,,,,51,96,51,171,,336,80,,182
2020-01-10 03:00:00,314,,,,59,100,49,249,,334,68,,144
2020-01-10 04:00:00,265,,,,83,141,36,267,,333,49,,158
2020-01-10 05:00:00,270,,,,359,254,26,251,,335,55,,210
2020-01-10 06:00:00,246,,,,305,286,282,267,,337,81,,233
2020-01-10 07:00:00,243,,,,280,289,4,257,,336,323,,131
2020-01-10 08:00:00,269,,,,296,279,2,282,,337,12,,213
2020-01-10 09:00:00,287,,,,344,284,303,274,,338,358,,241
2020-01-10 10:00:00,297,,,,317,290,301,287,,340,333,,228
2020-01-10 11:00:00,322,,,,333,1,297,284,,359,321,,230
2020-01-10 12:00:00,3,,,,274,101,37,13,,15,335,,105
2020-01-10 13:00:00,14,,,,93,90,66,333,,337,308,,77
2020-01-10 14:00:00,56,,,,92,126,47,36,,336,168,,79
2020-01-10 15:00:00,47,,,,90,97,83,107,,335,152,,86
2020-01-10 16:00:00,69,,,,100,108,74,94,,334,128,,100
2020-01-10 17:00:00,87,,,,95,124,78,109,,334,67,,97
2020-01-10 18:00:00,37,,,,88,121,63,106,,338,147,,115
2020-01-10 19:00:00,298,,,,92,189,53,291,,334,120,,121
2020-01-10 20:00:00,237,,,,38,249,227,246,,332,120,,194
2020-01-10 21:00:00,241,,,,30,223,340,286,,330,104,,229
2020-01-10 22:00:00,296,,,,287,287,356,273,,329,334,,229
2020-01-10 23:00:00,84,,,,273,307,34,279,,329,348,,261
2020-01-11 00:00:00,136,,,,273,113,46,259,,326,343,,104
2020-01-11 01:00:00,118,,,,273,132,29,269,,326,342,,79
2020-01-11 02:00:00,164,,,,,158,23,268,,323,282,,61
2020-01-11 03:00:00,163,,,,288,241,24,241,,321,312,,288
2020-01-11 04:00:00,148,,,,290,273,254,155,,321,341,,264
2020-01-11 05:00:00,188,,,,286,282,171,188,,319,358,,237
2020-01-11 06:00:00,144,,,,281,301,98,164,,322,4,,224
2020-01-11 07:00:00,123,,,,301,45,106,127,,319,353,,116
2020-01-11 08:00:00,271,,,,301,124,196,196,,316,346,,107
2020-01-11 09:00:00,247,,,,299,296,304,208,,316,345,,193
2020-01-11 10:00:00,146,,,,304,338,51,255,,319,343,,248
2020-01-11 11:00:00,118,,,,300,317,112,288,,325,349,,291
2020-01-11 12:00:00,117,,,,298,321,333,302,,327,354,,87
2020-01-11 13:00:00,341,,,,304,315,316,303,,328,355,,300
2020-01-11 14:00:00,343,,,,299,263,326,308,,328,344,,95
2020-01-11 15:00:00,8,,,,306,22,301,300,,331,343,,114
2020-01-11 16:00:00,106,,,,296,102,78,126,,331,317,,106
2020-01-11 17:00:00,78,,,,287,94,98,108,,331,45,,72
2020-01-11 18:00:00,94,,,,114,90,124,99,,332,150,,77
2020-01-11 19:00:00,116,,,,106,108,127,125,,332,109,,103
2020-01-11 20:00:00,128,,,,107,107,136,113,,327,95,,103
2020-01-11 21:00:00,128,,,,94,116,128,115,,326,168,,66
2020-01-11 22:00:00,126,,,,87,116,132,108,,324,162,,52
2020-01-11 23:00:00,120,,,,85,112,119,115,,322,177,,57
2020-01-12 00:00:00,133,,,,85,120,130,125,,319,177,,69
2020-01-12 01:00:00,146,,,,112,107,137,121,,316,159,,150
2020-01-12 02:00:00,144,,,,151,150,129,113,,317,146,,231
2020-01-12 03:00:00,143,,,,159,139,125,126,,317,56,,233
2020-01-12 04:00:00,72,,,,161,90,58,153,,318,57,,229
2020-01-12 05:00:00,354,,,,133,78,49,230,,319,280,,242
2020-01-12 06:00:00,287,,,,32,306,48,251,,322,303,,235
2020-01-12 07:00:00,243,,,,310,304,24,233,,323,334,,236
2020-01-12 08:00:00,355,,,,302,300,28,237,,322,309,,212
2020-01-12 09:00:00,262,,,,295,286,278,271,,322,308,,140
2020-01-12 10:00:00,275,,,,315,275,273,294,,323,294,,216
2020-01-12 11:00:00,339,,,,287,301,279,300,,325,358,,259
2020-01-12 12:00:00,331,,,,216,69,18,312,,330,122,,99
2020-01-12 13:00:00,8,,,,122,111,24,313,,331,184,,86
2020-01-12 14:00:00,54,,,,117,101,281,330,,332,175,,76
2020-01-12 15:00:00,65,,,,118,106,75,96,,330,190,,89
2020-01-12 16:00:00,85,,,,96,103,107,101,,330,188,,81
2020-01-12 17:00:00,66,,,,98,103,72,108,,331,347,,75
2020-01-12 18:00:00,92,,,,97,139,67,120,,331,48,,85
2020-01-12 19:00:00,67,,,,102,209,97,137,,342,40,,135
2020-01-12 20:00:00,92,,,,78,182,86,128,,333,358,,154
2020-01-12 21:00:00,46,,,,50,197,44,99,,331,306,,146
2020-01-12 22:00:00,235,,,,95,158,49,108,,329,306,,199
2020-01-12 23:00:00,263,,,,8,227,38,103,,325,332,,219
2020-01-13 00:00:00,239,,,,355,254,234,102,,324,312,,236
2020-01-13 01:00:00,236,,,,260,190,62,271,,325,303,,222
2020-01-13 02:00:00,266,,,,300,160,66,263,,320,328,,253
2020-01-13 03:00:00,262,,,,280,113,46,245,,323,18,,244
2020-01-13 04:00:00,247,,,,282,243,357,233,,319,360,,242
2020-01-13 05:00:00,230,,,,286,285,270,256,,318,3,,247
2020-01-13 06:00:00,239,,,,305,291,337,234,,325,348,,240
2020-01-13 07:00:00,248,,,,306,290,341,240,,323,291,,243
2020-01-13 08:00:00,241,,,,303,273,345,239,,323,310,,229
2020-01-13 09:00:00,285,,,,290,260,353,263,,324,301,,257
2020-01-13 10:00:00,257,,,,297,263,267,258,,327,299,,249
2020-01-13 11:00:00,283,,,,295,301,312,299,,324,278,,255
2020-01-13 12:00:00,27,,,,279,279,284,303,,351,346,,222
2020-01-13 13:00:00,343,,,,296,276,311,303,,359,305,,255
2020-01-13 14:00:00,333,,,,303,296,20,300,,358,13,,224
2020-01-13 15:00:00,36,,,,311,348,26,317,,354,210,,62
2020-01-13 16:00:00,59,,,,353,336,37,310,,353,208,,76
2020-01-13 17:00:00,314,,,,111,67,10,319,,347,323,,83
2020-01-13 18:00:00,353,,,,95,79,32,323,,346,300,,84
2020-01-13 19:00:00,14,,,,76,192,21,208,,340,339,,109
2020-01-13 20:00:00,172,,,,71,262,22,240,,335,335,,163
2020-01-13 21:00:00,230,,,,2,244,7,232,,333,320,,166
2020-01-13 22:00:00,241,,,,359,276,263,209,,330,318,,217
2020-01-13 23:00:00,242,,,,273,191,237,109,,328,208,,220
2020-01-14 00:00:00,280,,,,296,233,259,101,,328,152,,182
2020-01-14 01:00:00,206,,,,293,262,254,102,,326,238,,244
2020-01-14 02:00:00,250,,,,285,252,240,103,,324,304,,237
2020-01-14 03:00:00,266,,,,281,271,347,270,,327,326,,224
2020-01-14 04:00:00,295,,,,292,227,257,262,,324,351,,226
2020-01-14 05:00:00,232,,,,310,246,264,241,,326,312,,241
2020-01-14 06:00:00,321,,,,290,252,246,85,,324,331,,246
2020-01-14 07:00:00,233,,,,292,227,248,109,,325,199,,248
2020-01-14 08:00:00,258,,,,309,169,253,273,,323,300,,247
2020-01-14 09:00:00,278,,,,290,262,283,255,,328,325,,258
2020-01-14 10:00:00,261,,,,288,309,266,284,,327,338,,254
2020-01-14 11:00:00,284,,,,292,345,295,309,,332,341,,255
2020-01-14 12:00:00,37,,,,231,67,25,315,,340,18,,89
2020-01-14 13:00:00,67,,,,103,98,69,321,,344,47,,86
2020-01-14 14:00:00,72,,,,104,67,59,319,,342,80,,91
2020-01-14 15:00:00,130,,,,109,136,63,320,,342,174,,89
2020-01-14 16:00:00,79,,,,105,113,91,96,,341,175,,80
2020-01-14 17:00:00,71,,,,103,113,77,100,,337,106,,86
2020-01-14 18:00:00,53,,,,105,177,81,89,,336,92,,89
2020-01-14 19:00:00,72,,,,111,183,85,111,,349,52,,122
2020-01-14 20:00:00,80,,,,123,173,49,164,,338,53,,128
2020-01-14 21:00:00,4,,,,151,205,32,214,,334,288,,153
2020-01-14 22:00:00,251,,,,34,208,172,135,,332,309,,150
2020-01-14 23:00:00,243,,,,34,221,273,130,,329,250,,255
2020-01-15 00:00:00,251,,,,279,260,277,236,,330,61,,246
2020-01-15 01:00:00,236,,,,289,241,269,230,,328,335,,250
2020-01-15 02:00:00,280,,,,283,219,348,228,,330,19,,237
2020-01-15 03:00:00,274,,,,286,278,3,238,,330,18,,234
2020-01-15 04:00:00,259,,,,308,282,8,267,,330,22,,239
2020-01-15 05:00:00,280,,,,320,273,340,275,,332,71,,167
2020-01-15 06:00:00,295,,,,289,241,295,275,,335,64,,246
2020-01-15 07:00:00,271,,,,280,192,259,273,,331,86,,243
2020-01-15 08:00:00,253,,,,318,15,270,283,,334,146,,225
2020-01-15 09:00:00,244,,,,290,300,331,203,,342,148,,250
2020-01-15 10:00:00,242,,,,280,39,36,103,,344,241,,252
2020-01-15 11:00:00,261,,,,321,7,45,75,,342,223,,228
2020-01-15 12:00:00,35,,,,36,169,46,317,,329,155,,78
2020-01-15 13:00:00,5,,,,80,108,,313,,329,121,,73
2020-01-15 14:00:00,18,,,,79,153,31,307,,329,169,,76
2020-01-15 15:00:00,22,,,,80,173,53,308,,330,176,,78
2020-01-15 16:00:00,4,,,,80,72,12,307,,331,218,,78
2020-01-15 17:00:00,9,,,,91,57,3,309,,331,245,,81
2020-01-15 18:00:00,340,,,,95,277,301,319,,330,255,,82
2020-01-15 19:00:00,342,,,,93,282,327,280,,328,349,,145
2020-01-15 20:00:00,303,,,,103,243,284,137,,327,8,,186
2020-01-15 21:00:00,225,,,,57,257,259,236,,327,328,,197
2020-01-15 22:00:00,229,,,,53,226,237,243,,327,345,,209
2020-01-15 23:00:00,254,,,,52,327,239,133,,,165,,217
2020-01-16 00:00:00,250,,,,78,287,19,157,,,124,,217
2020-01-16 01:00:00,310,,,,63,233,313,184,,326,109,,133
2020-01-16 02:00:00,282,,,,79,261,70,189,,325,99,,238
2020-01-16 03:00:00,282,,,,27,41,58,185,,327,100,,251
2020-01-16 04:00:00,340,,,,348,91,75,204,,336,110,,180
2020-01-16 05:00:00,357,,,,115,5,78,171,,346,104,,286
2020-01-16 06:00:00,19,,,,136,7,82,241,,354,100,,241
2020-01-16 07:00:00,53,,,,146,76,109,253,,351,108,,261
2020-01-16 08:00:00,260,,,,87,82,88,274,,348,150,,273
2020-01-16 09:00:00,231,,,,109,95,96,146,,359,145,,241
2020-01-16 10:00:00,263,,,,129,63,109,105,,24,159,,269
2020-01-16 11:00:00,141,,,,144,72,110,156,,48,147,,221
2020-01-16 12:00:00,73,,,,112,80,111,57,,49,162,,95
2020-01-16 13:00:00,79,,,,97,98,126,105,,30,172,,75
2020-01-16 14:00:00,81,,,,92,121,130,94,,17,179,,65
2020-01-16 15:00:00,149,,,,81,106,174,93,,15,190,,70
2020-01-16 16:00:00,142,,,,91,109,130,100,,2,160,,73
2020-01-16 17:00:00,138,,,,92,103,190,93,,359,157,,64
2020-01-16 18:00:00,153,,,,96,105,215,97,,359,140,,61
2020-01-16 19:00:00,146,,,,89,97,169,107,,358,179,,67
2020-01-16 20:00:00,145,,,,93,253,123,105,,358,136,,73
2020-01-16 21:00:00,140,,,,100,250,94,108,,354,121,,73
2020-01-16 22:00:00,104,,,,87,96,103,92,,354,123,,65
2020-01-16 23:00:00,88,,,,86,90,106,97,,353,124,,58
2020-01-17 00:00:00,77,,,,85,89,114,100,,352,115,,61
2020-01-17 01:00:00,79,,,,81,90,124,103,,352,95,,74
2020-01-17 02:00:00,63,,,,83,84,94,103,,353,92,,86
2020-01-17 03:00:00,56,,,,86,87,101,120,,352,93,,86
2020-01-17 04:00:00,65,,,,87,89,85,94,,353,116,,94
2020-01-17 05:00:00,79,,,,86,90,112,100,,354,120,,90
2020-01-17 06:00:00,45,,,,96,84,132,100,,356,129,,106
2020-01-17 07:00:00,108,,,,89,92,130,95,,359,148,,92
2020-01-17 08:00:00,105,,,,85,101,127,98,,6,139,,77
2020-01-17 09:00:00,82,,,,90,105,127,89,,358,132,,88
2020-01-17 10:00:00,62,,,,87,99,117,108,,358,129,,68
2020-01-17 11:00:00,59,,,,97,90,121,99,,4,119,,74
2020-01-17 12:00:00,76,,,,100,83,109,132,,3,112,,75
2020-01-17 13:00:00,77,,,,93,82,102,99,,,65,,81
2020-01-17 14:00:00,79,,,,98,74,117,98,,2,49,,66
2020-01-17 15:00:00,61,,,,104,61,85,105,,5,351,,74
2020-01-17 16:00:00,24,,,,109,36,47,120,,359,1,,78
2020-01-17 17:00:00,14,,,,102,32,51,95,,359,15,,80
2020-01-17 18:00:00,18,,,,106,341,34,110,,358,30,,78
2020-01-17 19:00:00,25,,,,111,9,35,76,,355,2,,80
2020-01-17 20:00:00,38,,,,107,218,34,75,,356,332,,90
2020-01-17 21:00:00,57,,,,128,106,27,110,,355,27,,90
2020-01-17 22:00:00,83,,,,70,354,128,108,,354,184,,102
2020-01-17 23:00:00,341,,,,197,126,39,102,,357,164,,189
2020-01-18 00:00:00,316,,,,289,273,13,274,,355,194,,248
2020-01-18 01:00:00,98,,,,75,115,99,273,,357,358,,77
2020-01-18 02:00:00,169,,,,75,74,185,129,,16,238,,219
2020-01-18 03:00:00,214,,,,142,31,219,118,,22,213,,213
2020-01-18 04:00:00,212,,,,350,321,233,120,,23,168,,228
2020-01-18 05:00:00,310,,,,295,288,309,117,,18,161,,128
2020-01-18 06:00:00,280,,,,303,349,60,199,,12,13,,158
2020-01-18 07:00:00,345,,,,293,289,37,241,,10,22,,202
2020-01-18 08:00:00,118,,,,296,58,25,264,,8,351,,117
2020-01-18 09:00:00,238,,,,190,226,334,241,,8,10,,119
2020-01-18 10:00:00,288,,,,351,351,34,159,,5,189,,224
2020-01-18 11:00:00,104,,,,241,140,46,92,,9,240,,219
2020-01-18 12:00:00,69,,,,97,38,47,336,,24,146,,80
2020-01-18 13:00:00,81,,,,99,111,42,310,,38,176,,81
2020-01-18 14:00:00,25,,,,92,86,33,303,,23,178,,93
2020-01-18 15:00:00,48,,,,100,66,42,301,,354,88,,82
2020-01-18 16:00:00,48,,,,108,67,54,295,,351,53,,88
2020-01-18 17:00:00,51,,,,107,86,84,294,,350,22,,89
2020-01-18 18:00:00,120,,,,121,80,82,286,,347,338,,97
2020-01-18 19:00:00,88,,,,105,39,72,247,,347,105,,93
2020-01-18 20:00:00,18,,,,108,61,40,153,,346,119,,79
2020-01-18 21:00:00,63,,,,83,82,29,279,,347,59,,84
2020-01-18 22:00:00,62,,,,98,124,35,284,,344,242,,96
2020-01-18 23:00:00,47,,,,90,100,29,257,,341,277,,98
2020-01-19 00:00:00,84,,,,40,54,34,271,,336,346,,106
2020-01-19 01:00:00,63,,,,93,93,35,266,,334,316,,92
2020-01-19 02:00:00,69,,,,97,52,36,261,,334,323,,106
2020-01-19 03:00:00,36,,,,95,21,39,259,,335,312,,115
2020-01-19 04:00:00,49,,,,115,71,36,265,,333,301,,115
2020-01-19 05:00:00,65,,,,116,67,50,259,,331,359,,111
2020-01-19 06:00:00,60,,,,110,92,49,266,,330,300,,103
2020-01-19 07:00:00,55,,,,114,84,50,263,,328,297,,81
2020-01-19 08:00:00,44,,,,106,75,39,271,,326,46,,80
2020-01-19 09:00:00,48,,,,101,72,35,271,,325,45,,74
2020-01-19 10:00:00,81,,,,81,105,49,286,,327,327,,73
2020-01-19 11:00:00,93,,,,103,61,49,288,,325,303,,79
2020-01-19 12:00:00,87,,,,89,50,46,294,,326,316,,76
2020-01-19 13:00:00,83,,,,82,32,44,305,,328,329,,76
2020-01-19 14:00:00,89,,,,99,20,46,308,,330,335,,74
2020-01-19 15:00:00,71,,,,102,40,47,301,,331,335,,80
2020-01-19 16:00:00,68,,,,91,60,47,301,,330,330,,79
2020-01-19 17:00:00,93,,,,97,79,42,306,,330,334,,81
2020-01-19 18:00:00,118,,,,96,93,72,310,,329,1,,77
2020-01-19 19:00:00,104,,,,106,55,70,264,,,134,,99
2020-01-19 20:00:00,82,,,,112,35,56,182,,,160,,88
2020-01-19 21:00:00,25,,,,116,14,45,93,,,145,,76
2020-01-19 22:00:00,19,,,,119,27,32,145,,,146,,85
2020-01-19 23:00:00,19,,,,119,352,34,114,,,194,,86
2020-01-20 00:00:00,41,,,,120,345,33,103,,,193,,64
2020-01-20 01:00:00,123,,,,134,300,51,107,,,193,,71
2020-01-20 02:00:00,126,,,,126,282,50,124,,,175,,81
2020-01-20 03:00:00,94,,,,103,93,26,126,,,172,,82
2020-01-20 04:00:00,98,,,,102,33,34,105,,,160,,83
2020-01-20 05:00:00,111,,,,107,84,47,114,,,146,,81
2020-01-20 06:00:00,87,,,,103,73,105,117,,,140,,89
2020-01-20 07:00:00,98,,,,106,75,111,115,,,125,,88
2020-01-20 08:00:00,112,,,,99,84,90,119,,,128,,76
2020-01-20 09:00:00,66,,,,92,101,95,126,,,135,,66
2020-01-20 10:00:00,63,,,,93,72,104,107,,,125,,68
2020-01-20 11:00:00,97,,,,92,95,125,106,,324,142,,56
2020-01-20 12:00:00,136,,,,100,94,121,101,,333,144,,70
2020-01-20 13:00:00,113,,,,100,95,126,89,,354,132,,82
2020-01-20 14:00:00,140,,,,102,103,132,124,,356,137,,95
2020-01-20 15:00:00,157,,,,110,114,124,121,,338,165,,103
2020-01-20 16:00:00,141,,,,109,109,120,123,,332,172,,89
2020-01-20 17:00:00,147,,,,94,111,129,112,,331,151,,86
2020-01-20 18:00:00,155,,,,95,106,137,117,,331,148,,80
2020-01-20 19:00:00,155,,,,102,100,134,106,,326,163,,72
2020-01-20 20:00:00,155,,,,105,113,133,101,,323,179,,71
2020-01-20 21:00:00,146,,,,91,106,124,99,,325,158,,70
2020-01-20 22:00:00,149,,,,84,106,125,98,,320,134,,68
2020-01-20 23:00:00,115,,,,83,90,108,105,,325,126,,64
2020-01-21 00:00:00,106,,,,90,96,112,99,,321,134,,62
2020-01-21 01:00:00,130,,,,90,105,117,96,,319,156,,69
2020-01-21 02:00:00,138,,,,91,100,108,112,,318,173,,72
2020-01-21 03:00:00,139,,,,95,58,120,109,,321,82,,73
2020-01-21 04:00:00,151,,,,86,94,133,106,,319,125,,69
2020-01-21 05:00:00,89,,,,87,100,115,86,,317,126,,65
2020-01-21 06:00:00,77,,,,97,103,109,93,,317,123,,55
2020-01-21 07:00:00,71,,,,99,84,112,75,,318,110,,57
2020-01-21 08:00:00,76,,,,102,90,127,81,,318,103,,64
2020-01-21 09:00:00,78,,,,100,99,128,99,,319,152,,66
2020-01-21 10:00:00,80,,,,105,105,117,88,,319,144,,55
2020-01-21 11:00:00,82,,,,104,105,117,90,,320,141,,63
2020-01-21 12:00:00,64,,,,110,97,101,89,,321,130,,60
2020-01-21 13:00:00,69,,,,105,73,96,102,,320,123,,62
2020-01-21 14:00:00,68,,,,95,64,91,105,,321,140,,66
2020-01-21 15:00:00,97,,,,98,58,91,103,,323,209,,63
2020-01-21 16:00:00,125,,,,105,16,102,105,,322,241,,71
2020-01-21 17:00:00,69,,,,90,18,107,98,,323,260,,67
2020-01-21 18:00:00,85,,,,87,72,108,98,,323,183,,62
2020-01-21 19:00:00,83,,,,95,102,105,119,,323,208,,67
2020-01-21 20:00:00,77,,,,95,104,111,98,,329,230,,71
2020-01-21 21:00:00,132,,,,87,102,120,91,,343,182,,73
2020-01-21 22:00:00,155,,,,89,101,128,90,,2,155,,67
2020-01-21 23:00:00,169,,,,88,98,131,91,,,133,,73
2020-01-22 00:00:00,149,,,,93,97,135,92,,2,142,,79
2020-01-22 01:00:00,107,,,,110,104,142,96,,29,135,,114
2020-01-22 02:00:00,52,,,,131,134,132,146,,30,120,,176
2020-01-22 03:00:00,329,,,,162,22,13,205,,26,107,,215
2020-01-22 04:00:00,309,,,,275,304,13,256,,30,158,,243
2020-01-22 05:00:00,269,,,,307,316,14,284,,15,338,,242
2020-01-22 06:00:00,331,,,,290,280,39,269,,13,323,,273
2020-01-22 07:00:00,303,,,,291,263,338,277,,27,337,,240
2020-01-22 08:00:00,273,,,,272,236,314,277,,30,333,,245
2020-01-22 09:00:00,311,,,,293,274,312,225,,20,350,,258
2020-01-22 10:00:00,330,,,,253,268,324,239,,6,353,,243
2020-01-22 11:00:00,37,,,,284,260,320,197,,6,350,,295
2020-01-22 12:00:00,350,,,,223,38,24,279,,12,339,,86
2020-01-22 13:00:00,84,,,,237,115,257,315,,23,344,,92
2020-01-22 14:00:00,90,,,,320,120,84,83,,10,219,,101
2020-01-22 15:00:00,140,,,,336,51,185,101,,350,183,,102
2020-01-22 16:00:00,72,,,,12,66,57,276,,345,45,,96
2020-01-22 17:00:00,99,,,,100,73,105,306,,342,294,,90
2020-01-22 18:00:00,346,,,,100,351,3,337,,340,347,,126
2020-01-22 19:00:00,124,,,,70,131,274,260,,340,358,,269
2020-01-22 20:00:00,76,,,,249,108,16,124,,342,114,,283
2020-01-22 21:00:00,243,,,,294,261,45,233,,350,328,,138
2020-01-22 22:00:00,270,,,,297,267,316,112,,353,262,,205
2020-01-22 23:00:00,251,,,,286,189,21,239,,357,315,,174
2020-01-23 00:00:00,273,,,,284,300,320,172,,2,290,,189
2020-01-23 01:00:00,246,,,,286,283,339,188,,10,263,,215
2020-01-23 02:00:00,247,,,,315,266,251,205,,360,360,,242
2020-01-23 03:00:00,245,,,,290,248,252,111,,358,276,,237
2020-01-23 04:00:00,320,,,,286,224,261,117,,358,293,,243
2020-01-23 05:00:00,191,,,,293,239,255,93,,357,296,,234
2020-01-23 06:00:00,314,,,,285,152,18,194,,356,4,,193
2020-01-23 07:00:00,258,,,,298,230,294,259,,354,306,,156
2020-01-23 08:00:00,240,,,,295,281,259,281,,351,339,,220
2020-01-23 09:00:00,215,,,,286,118,272,266,,347,322,,236
2020-01-23 10:00:00,334,,,,285,155,34,64,,348,332,,266
2020-01-23 11:00:00,3,,,,288,66,17,307,,11,340,,250
2020-01-23 12:00:00,97,,,,280,27,35,307,,348,360,,93
2020-01-23 13:00:00,98,,,,271,26,26,284,,346,,,80
2020-01-23 14:00:00,65,,,,97,38,33,278,,344,6,,95
2020-01-23 15:00:00,36,,,,112,27,32,299,,344,76,,82
2020-01-23 16:00:00,42,,,,109,42,59,296,,344,131,,76
2020-01-23 17:00:00,99,,,,105,70,69,296,,,160,,91
2020-01-23 18:00:00,87,,,,110,85,71,104,,343,145,,97
2020-01-23 19:00:00,97,,,,118,57,67,109,,4,141,,118
2020-01-23 20:00:00,121,,,,115,339,69,119,,347,81,,106
2020-01-23 21:00:00,68,,,,109,28,87,100,,341,90,,52
2020-01-23 22:00:00,87,,,,108,291,108,110,,339,236,,57
2020-01-23 23:00:00,128,,,,102,214,81,94,,337,240,,66
2020-01-24 00:00:00,134,,,,122,223,270,112,,335,172,,130
2020-01-24 01:00:00,126,,,,34,266,172,112,,333,139,,130
2020-01-24 02:00:00,135,,,,79,243,153,103,,333,94,,146
2020-01-24 03:00:00,86,,,,357,160,71,104,,329,48,,125
2020-01-24 04:00:00,56,,,,112,133,74,113,,331,79,,105
2020-01-24 05:00:00,17,,,,117,133,97,104,,330,104,,115
2020-01-24 06:00:00,81,,,,169,138,83,127,,331,3,,102
2020-01-24 07:00:00,53,,,,150,121,89,112,,337,330,,88
2020-01-24 08:00:00,348,,,,157,28,153,104,,341,300,,138
2020-01-24 09:00:00,35,,,,91,297,38,107,,343,105,,172
2020-01-24 10:00:00,38,,,,150,64,43,105,,337,111,,118
2020-01-24 11:00:00,70,,,,113,64,106,90,,336,122,,60
2020-01-24 12:00:00,117,,,,103,65,99,82,,336,154,,72
2020-01-24 13:00:00,89,,,,91,95,93,87,,338,150,,85
2020-01-24 14:00:00,62,,,,98,81,100,82,,338,145,,48
2020-01-24 15:00:00,80,,,,97,87,105,73,,344,149,,41
2020-01-24 16:00:00,82,,,,94,99,120,66,,347,136,,57
2020-01-24 17:00:00,125,,,,88,98,128,71,,340,136,,82
2020-01-24 18:00:00,136,,,,99,107,138,80,,338,130,,84
2020-01-24 19:00:00,139,,,,105,102,127,6,,336,130,,78
2020-01-24 20:00:00,132,,,,96,100,135,104,,335,154,,70
2020-01-24 21:00:00,142,,,,85,108,136,104,,334,155,,70
2020-01-24 22:00:00,134,,,,84,113,138,108,,333,155,,69
2020-01-24 23:00:00,140,,,,83,117,172,99,,333,144,,78
2020-01-25 00:00:00,139,,,,91,112,145,107,,333,161,,116
2020-01-25 01:00:00,142,,,,87,101,129,98,,334,175,,139
2020-01-25 02:00:00,131,,,,92,106,121,124,,335,139,,152
2020-01-25 03:00:00,84,,,,118,111,121,122,,333,137,,185
2020-01-25 04:00:00,58,,,,127,102,109,127,,333,116,,202
2020-01-25 05:00:00,77,,,,113,87,92,178,,334,82,,231
2020-01-25 06:00:00,68,,,,105,102,54,217,,332,61,,207
2020-01-25 07:00:00,66,,,,78,128,66,288,,343,326,,163
2020-01-25 08:00:00,95,,,,95,125,74,307,,352,5,,94
2020-01-25 09:00:00,287,,,,67,61,65,303,,352,289,,249
2020-01-25 10:00:00,45,,,,97,46,54,278,,358,310,,156
2020-01-25 11:00:00,343,,,,66,308,26,295,,355,254,,260
2020-01-25 12:00:00,21,,,,326,8,29,297,,352,285,,214
2020-01-25 13:00:00,339,,,,309,344,49,298,,358,283,,262
2020-01-25 14:00:00,40,,,,68,28,21,293,,359,321,,210
2020-01-25 15:00:00,61,,,,128,81,74,295,,6,267,,86
2020-01-25 16:00:00,70,,,,139,100,66,9,,16,111,,73
2020-01-25 17:00:00,70,,,,103,94,29,66,,12,240,,72
2020-01-25 18:00:00,74,,,,93,106,86,103,,354,17,,84
2020-01-25 19:00:00,80,,,,86,69,94,125,,346,329,,76
2020-01-25 20:00:00,84,,,,93,54,81,263,,351,12,,89
2020-01-25 21:00:00,350,,,,48,40,49,237,,355,38,,198
2020-01-25 22:00:00,323,,,,328,298,39,250,,356,268,,233
2020-01-25 23:00:00,242,,,,297,258,4,105,,355,178,,207
2020-01-26 00:00:00,292,,,,304,272,355,176,,355,256,,271
2020-01-26 01:00:00,210,,,,285,224,53,139,,356,265,,97
2020-01-26 02:00:00,124,,,,288,127,264,114,,355,290,,184
2020-01-26 03:00:00,177,,,,207,271,257,107,,346,266,,187
2020-01-26 04:00:00,271,,,,291,239,287,155,,345,342,,244
2020-01-26 05:00:00,233,,,,270,15,246,169,,345,274,,267
2020-01-26 06:00:00,277,,,,275,294,306,124,,348,4,,261
2020-01-26 07:00:00,221,,,,274,61,231,61,,348,291,,280
2020-01-26 08:00:00,236,,,,271,122,39,112,,348,313,,237
2020-01-26 09:00:00,202,,,,288,141,141,114,,350,319,,246
2020-01-26 10:00:00,165,,,,293,298,101,133,,352,302,,242
2020-01-26 11:00:00,139,,,,302,310,95,292,,337,217,,254
2020-01-26 12:00:00,104,,,,303,309,40,281,,340,333,,253
2020-01-26 13:00:00,59,,,,301,355,68,307,,341,344,,224
2020-01-26 14:00:00,50,,,,291,25,80,311,,341,336,,43
2020-01-26 15:00:00,27,,,,292,26,36,300,,342,350,,71
2020-01-26 16:00:00,25,,,,296,7,30,302,,342,351,,278
2020-01-26 17:00:00,47,,,,323,333,40,311,,340,353,,215
2020-01-26 18:00:00,149,,,,316,332,43,224,,340,62,,113
2020-01-26 19:00:00,177,,,,312,200,56,180,,341,108,,145
2020-01-26 20:00:00,163,,,,190,150,110,121,,339,133,,122
2020-01-26 21:00:00,115,,,,101,136,136,121,,337,153,,90
2020-01-26 22:00:00,105,,,,98,128,121,105,,335,157,,113
2020-01-26 23:00:00,94,,,,120,141,117,117,,336,149,,159
2020-01-27 00:00:00,145,,,,180,132,113,123,,334,192,,220
2020-01-27 01:00:00,239,,,,132,135,71,148,,332,301,,232
2020-01-27 02:00:00,243,,,,121,211,310,50,,330,337,,239
2020-01-27 03:00:00,231,,,,242,251,253,106,,332,332,,237
2020-01-27 04:00:00,229,,,,260,256,261,105,,330,326,,247
2020-01-27 05:00:00,237,,,,304,255,237,136,,330,37,,246
2020-01-27 06:00:00,237,,,,293,217,235,123,,327,345,,287
2020-01-27 07:00:00,275,,,,291,43,14,219,,332,308,,250
2020-01-27 08:00:00,263,,,,293,277,280,247,,333,313,,251
2020-01-27 09:00:00,289,,,,299,283,267,241,,334,281,,245
2020-01-27 10:00:00,241,,,,285,337,260,266,,333,248,,247
2020-01-27 11:00:00,237,,,,218,98,182,297,,336,45,,247
2020-01-27 12:00:00,64,,,,152,90,46,317,,341,54,,80
2020-01-27 13:00:00,61,,,,104,79,62,314,,345,66,,80
2020-01-27 14:00:00,89,,,,105,78,65,317,,347,139,,77
2020-01-27 15:00:00,105,,,,110,87,79,328,,350,145,,75
2020-01-27 16:00:00,88,,,,105,103,103,103,,332,144,,75
2020-01-27 17:00:00,76,,,,104,100,109,110,,329,143,,70
2020-01-27 18:00:00,112,,,,105,100,117,115,,332,130,,73
2020-01-27 19:00:00,160,,,,93,103,136,147,,337,113,,97
2020-01-27 20:00:00,136,,,,99,104,131,111,,325,98,,90
2020-01-27 21:00:00,121,,,,86,116,119,119,,303,108,,72
2020-01-27 22:00:00,106,,,,127,103,116,118,,313,137,,147
2020-01-27 23:00:00,105,,,,158,123,116,123,,317,162,,150
2020-01-28 00:00:00,56,,,,156,119,107,124,,321,122,,133
2020-01-28 01:00:00,11,,,,133,99,80,122,,325,92,,134
2020-01-28 02:00:00,59,,,,91,108,60,119,,332,102,,117
2020-01-28 03:00:00,41,,,,41,115,56,250,,340,69,,125
2020-01-28 04:00:00,37,,,,298,69,70,258,,346,14,,195
2020-01-28 05:00:00,266,,,,350,347,88,274,,345,354,,213
2020-01-28 06:00:00,288,,,,306,328,324,199,,341,331,,215
2020-01-28 07:00:00,312,,,,288,321,,264,,333,317,,216
2020-01-28 08:00:00,236,,,,274,334,26,281,,339,327,,168
2020-01-28 09:00:00,138,,,,268,238,22,281,,338,332,,145
2020-01-28 10:00:00,141,,,,265,277,24,280,,316,331,,99
2020-01-28 11:00:00,110,,,,286,294,19,273,,326,337,,90
2020-01-28 12:00:00,107,,,,308,347,20,271,,329,352,,91
2020-01-28 13:00:00,96,,,,308,305,63,285,,331,344,,99
2020-01-28 14:00:00,140,,,,291,279,298,301,,333,348,,108
2020-01-28 15:00:00,166,,,,261,270,326,289,,332,6,,281
2020-01-28 16:00:00,318,,,,243,252,326,279,,328,8,,281
2020-01-28 17:00:00,323,,,,256,254,308,288,,330,327,,282
2020-01-28 18:00:00,,,,,,,,,,,,,
2020-01-28 19:00:00,294,,,,260,323,350,184,,320,109,,247
2020-01-28 20:00:00,55,,,,279,113,46,143,,307,151,,108
2020-01-28 21:00:00,351,,,,112,116,48,171,,312,303,,87
2020-01-28 22:00:00,2,,,,72,71,34,226,,306,121,,71
2020-01-28 23:00:00,45,,,,74,130,25,246,,313,108,,109
2020-01-29 00:00:00,65,,,,40,133,41,263,,321,297,,89
2020-01-29 01:00:00,72,,,,84,59,33,269,,317,310,,85
2020-01-29 02:00:00,109,,,,53,139,33,248,,320,311,,98
2020-01-29 03:00:00,131,,,,15,135,58,234,,323,309,,101
2020-01-29 04:00:00,141,,,,52,250,116,232,,322,306,,98
2020-01-29 05:00:00,155,,,,35,71,102,221,,322,317,,75
2020-01-29 06:00:00,112,,,,37,209,52,242,,312,235,,89
2020-01-29 07:00:00,82,,,,46,199,34,244,,303,312,,106
2020-01-29 08:00:00,132,,,,37,214,17,246,,307,150,,105
2020-01-29 09:00:00,110,,,,54,281,14,283,,311,339,,100
2020-01-29 10:00:00,66,,,,106,5,20,308,,317,,,104
2020-01-29 11:00:00,50,,,,107,32,27,312,,323,162,,92
2020-01-29 12:00:00,36,,,,110,121,46,82,,325,174,,68
2020-01-29 13:00:00,59,,,,105,81,62,111,,328,158,,70
2020-01-29 14:00:00,68,,,,108,91,75,127,,330,156,,62
2020-01-29 15:00:00,71,,,,99,81,96,105,,331,153,,53
2020-01-29 16:00:00,101,,,,92,84,114,100,,328,150,,65
2020-01-29 17:00:00,112,,,,85,89,121,83,,330,152,,76
2020-01-29 18:00:00,94,,,,87,95,128,72,,329,128,,87
2020-01-29 19:00:00,95,,,,86,97,118,87,,329,114,,81
2020-01-29 20:00:00,123,,,,85,95,116,101,,313,106,,80
2020-01-29 21:00:00,133,,,,87,104,123,109,,310,152,,74
2020-01-29 22:00:00,135,,,,85,93,112,109,,314,184,,72
2020-01-29 23:00:00,101,,,,78,85,107,106,,313,145,,67
2020-01-30 00:00:00,80,,,,83,100,104,112,,316,133,,69
2020-01-30 01:00:00,51,,,,91,75,71,125,,320,101,,83
2020-01-30 02:00:00,35,,,,108,76,46,147,,323,77,,108
2020-01-30 03:00:00,40,,,,154,86,60,248,,320,92,,105
2020-01-30 04:00:00,3,,,,122,94,63,129,,320,155,,108
2020-01-30 05:00:00,357,,,,173,131,58,178,,317,236,,113
2020-01-30 06:00:00,2,,,,130,138,56,199,,308,289,,118
2020-01-30 07:00:00,11,,,,132,78,63,226,,308,297,,111
2020-01-30 08:00:00,43,,,,127,50,51,227,,296,302,,106
2020-01-30 09:00:00,54,,,,126,84,96,134,,303,298,,83
2020-01-30 10:00:00,50,,,,122,83,101,57,,316,261,,58
2020-01-30 11:00:00,68,,,,120,84,89,47,,319,189,,49
2020-01-30 12:00:00,65,,,,118,65,71,57,,328,130,,57
2020-01-30 13:00:00,78,,,,110,112,75,77,,339,64,,58
2020-01-30 14:00:00,82,,,,104,78,77,102,,343,44,,67
2020-01-30 15:00:00,57,,,,95,51,87,96,,333,82,,54
2020-01-30 16:00:00,56,,,,85,4,49,75,,330,350,,55
2020-01-30 17:00:00,18,,,,98,10,34,68,,321,34,,62
2020-01-30 18:00:00,22,,,,109,66,33,63,,317,2,,68
2020-01-30 19:00:00,71,,,,104,57,60,298,,312,88,,77
2020-01-30 20:00:00,35,,,,97,28,49,132,,312,155,,89
2020-01-30 21:00:00,27,,,,84,28,32,308,,315,157,,111
2020-01-30 22:00:00,53,,,,63,14,47,295,,320,238,,110
2020-01-30 23:00:00,118,,,,20,9,43,291,,318,290,,74
2020-01-31 00:00:00,206,,,,287,332,294,294,,317,333,,267
2020-01-31 01:00:00,101,,,,299,55,14,89,,318,352,,312
2020-01-31 02:00:00,31,,,,251,70,54,188,,319,342,,105
2020-01-31 03:00:00,174,,,,85,63,63,249,,322,320,,83
2020-01-31 04:00:00,184,,,,282,53,289,171,,326,314,,103
2020-01-31 05:00:00,359,,,,287,245,41,99,,324,161,,113
2020-01-31 06:00:00,41,,,,75,,48,293,,331,302,,97
2020-01-31 07:00:00,88,,,,51,42,50,286,,341,269,,84
2020-01-31 08:00:00,37,,,,48,65,32,292,,347,284,,116
2020-01-31 09:00:00,2,,,,73,25,25,299,,345,280,,124
2020-01-31 10:00:00,38,,,,103,3,24,216,,322,309,,114
2020-01-31 11:00:00,30,,,,105,98,48,154,,319,327,,81
2020-01-31 12:00:00,111,,,,120,43,59,151,,353,229,,69
2020-01-31 13:00:00,110,,,,119,73,53,76,,358,206,,70
2020-01-31 14:00:00,100,,,,99,88,92,100,,353,144,,78
2020-01-31 15:00:00,75,,,,98,91,122,112,,40,168,,74
2020-01-31 16:00:00,73,,,,95,104,124,84,,44,168,,71
2020-01-31 17:00:00,62,,,,99,99,115,90,,8,150,,64
2020-01-31 18:00:00,85,,,,102,108,131,99,,329,136,,59
2020-01-31 19:00:00,118,,,,107,118,135,112,,326,91,,61
2020-01-31 20:00:00,135,,,,96,8,8,105,,322,83,,8
2020-01-31 21:00:00,47,,,,106,70,74,116,,324,67,,58
2020-01-31 22:00:00,40,,,,97,35,62,111,,321,47,,87
2020-01-31 23:00:00,51,,,,95,44,46,330,,320,14,,89
2020-02-01 00:00:00,,,,,,,,,,,,,
2020-02-01 01:00:00,59,,,,84,105,45,295,,320,321,,86
2020-02-01 02:00:00,86,,,,47,94,37,281,,317,313,,75
2020-02-01 03:00:00,191,,,,54,85,246,293,,321,312,,87
2020-02-01 04:00:00,40,,,,305,64,63,156,,320,293,,209
2020-02-01 05:00:00,46,,,,40,212,8,234,,318,336,,113
2020-02-01 06:00:00,271,,,,206,284,271,262,,316,331,,183
2020-02-01 07:00:00,273,,,,327,281,265,123,,313,321,,177
2020-02-01 08:00:00,257,,,,311,331,327,127,,310,311,,212
2020-02-01 09:00:00,335,,,,242,22,30,320,,308,334,,112
2020-02-01 10:00:00,94,,,,254,90,268,303,,307,326,,62
2020-02-01 11:00:00,108,,,,271,145,5,66,,323,340,,84
2020-02-01 12:00:00,93,,,,272,88,75,4,,324,4,,75
2020-02-01 13:00:00,98,,,,296,75,53,300,,323,14,,69
2020-02-01 14:00:00,35,,,,294,125,82,306,,326,305,,65
2020-02-01 15:00:00,101,,,,295,168,162,319,,326,295,,69
2020-02-01 16:00:00,139,,,,287,125,219,317,,324,314,,83
2020-02-01 17:00:00,151,,,,119,65,148,313,,319,244,,100
2020-02-01 18:00:00,127,,,,120,96,130,113,,311,286,,106
2020-02-01 19:00:00,167,,,,105,194,165,126,,317,107,,112
2020-02-01 20:00:00,185,,,,23,132,127,145,,317,121,,110
2020-02-01 21:00:00,40,,,,14,127,120,159,,308,146,,119
2020-02-01 22:00:00,321,,,,81,133,67,200,,308,168,,167
2020-02-01 23:00:00,272,,,,321,173,56,207,,308,164,,211
2020-02-02 00:00:00,271,,,,349,183,65,155,,304,151,,128
2020-02-02 01:00:00,272,,,,286,289,330,217,,302,272,,236
2020-02-02 02:00:00,230,,,,302,350,279,246,,297,3,,232
2020-02-02 03:00:00,345,,,,314,305,13,157,,302,9,,183
2020-02-02 04:00:00,249,,,,287,272,284,209,,306,326,,208
2020-02-02 05:00:00,300,,,,294,236,234,226,,309,339,,209
2020-02-02 06:00:00,355,,,,303,267,210,199,,304,330,,242
2020-02-02 07:00:00,310,,,,283,94,270,143,,301,305,,218
2020-02-02 08:00:00,275,,,,300,60,261,133,,297,316,,235
2020-02-02 09:00:00,258,,,,287,60,282,292,,290,289,,251
2020-02-02 10:00:00,115,,,,188,128,38,321,,309,335,,252
2020-02-02 11:00:00,54,,,,133,115,45,332,,318,59,,52
2020-02-02 12:00:00,47,,,,115,113,75,59,,326,127,,92
2020-02-02 13:00:00,82,,,,108,101,116,101,,341,152,,80
2020-02-02 14:00:00,83,,,,99,98,94,3,,341,173,,76
2020-02-02 15:00:00,83,,,,102,88,112,49,,329,164,,77
2020-02-02 16:00:00,80,,,,99,89,116,104,,325,157,,78
2020-02-02 17:00:00,84,,,,102,105,125,104,,318,152,,83
2020-02-02 18:00:00,107,,,,102,125,127,103,,317,163,,94
2020-02-02 19:00:00,130,,,,99,118,145,104,,312,164,,96
2020-02-02 20:00:00,143,,,,44,116,177,107,,309,147,,115
2020-02-02 21:00:00,122,,,,61,120,174,141,,309,158,,119
2020-02-02 22:00:00,113,,,,95,142,166,127,,308,155,,116
2020-02-02 23:00:00,270,,,,34,278,13,229,,311,94,,189
2020-02-03 00:00:00,269,,,,349,56,59,201,,314,85,,215
2020-02-03 01:00:00,310,,,,291,96,45,244,,313,100,,208
2020-02-03 02:00:00,287,,,,296,316,43,243,,317,75,,173
2020-02-03 03:00:00,282,,,,313,291,313,258,,314,32,,236
2020-02-03 04:00:00,312,,,,276,286,347,281,,312,2,,213
2020-02-03 05:00:00,236,,,,289,294,329,161,,309,310,,170
2020-02-03 06:00:00,240,,,,295,296,307,198,,296,297,,160
2020-02-03 07:00:00,271,,,,280,260,255,135,,295,307,,181
2020-02-03 08:00:00,236,,,,293,266,271,120,,288,153,,177
2020-02-03 09:00:00,286,,,,292,266,272,163,,285,217,,227
2020-02-03 10:00:00,55,,,,241,133,63,87,,297,267,,260
2020-02-03 11:00:00,105,,,,287,102,174,45,,302,232,,68
2020-02-03 12:00:00,173,,,,296,56,112,312,,306,167,,90
2020-02-03 13:00:00,120,,,,324,100,117,83,,318,184,,86
2020-02-03 14:00:00,98,,,,330,117,96,97,,330,149,,72
2020-02-03 15:00:00,81,,,,98,104,104,98,,347,163,,69
2020-02-03 16:00:00,43,,,,78,99,73,105,,339,152,,104
2020-02-03 17:00:00,56,,,,100,104,77,103,,336,120,,97
2020-02-03 18:00:00,5,,,,88,75,55,301,,334,76,,108
2020-02-03 19:00:00,334,,,,107,28,61,294,,329,22,,111
2020-02-03 20:00:00,240,,,,332,120,68,295,,318,,,100
2020-02-03 21:00:00,279,,,,121,174,42,257,,308,321,,153
2020-02-03 22:00:00,257,,,,4,219,319,166,,296,281,,89
2020-02-03 23:00:00,206,,,,283,151,79,145,,293,264,,102
2020-02-04 00:00:00,152,,,,293,64,77,139,,310,164,,89
2020-02-04 01:00:00,259,,,,292,209,16,258,,305,12,,103
2020-02-04 02:00:00,254,,,,290,278,291,243,,305,2,,149
2020-02-04 03:00:00,254,,,,287,268,355,254,,311,331,,234
2020-02-04 04:00:00,305,,,,292,259,239,186,,318,308,,205
2020-02-04 05:00:00,255,,,,286,191,261,198,,308,295,,199
2020-02-04 06:00:00,245,,,,293,232,257,188,,297,291,,234
2020-02-04 07:00:00,244,,,,275,238,262,117,,284,287,,243
2020-02-04 08:00:00,247,,,,266,232,254,204,,282,295,,255
2020-02-04 09:00:00,252,,,,176,175,254,358,,277,299,,241
2020-02-04 10:00:00,254,,,,142,213,140,119,,272,282,,248
2020-02-04 11:00:00,167,,,,92,296,224,238,,272,305,,181
2020-02-04 12:00:00,95,,,,246,135,194,321,,275,284,,72
2020-02-04 13:00:00,112,,,,266,114,60,2,,309,346,,81
2020-02-04 14:00:00,100,,,,292,112,84,100,,313,24,,79
2020-02-04 15:00:00,93,,,,218,124,89,88,,319,117,,73
2020-02-04 16:00:00,89,,,,104,108,113,113,,311,187,,71
2020-02-04 17:00:00,86,,,,99,112,117,123,,321,145,,69
2020-02-04 18:00:00,93,,,,85,158,127,142,,350,152,,104
2020-02-04 19:00:00,118,,,,37,175,163,123,,285,116,,124
2020-02-04 20:00:00,117,,,,197,143,151,90,,287,190,,125
2020-02-04 21:00:00,99,,,,286,74,100,100,,294,131,,193
2020-02-04 22:00:00,339,,,,272,172,73,99,,286,286,,222
2020-02-04 23:00:00,275,,,,358,284,27,181,,280,315,,232
2020-02-05 00:00:00,248,,354,,329,247,320,219,,280,319,,178
2020-02-05 01:00:00,266,,354,,298,263,252,266,,280,342,,131
2020-02-05 02:00:00,257,,354,,121,284,268,205,,,330,,218
2020-02-05 03:00:00,254,,,,309,260,272,186,,281,315,,217
2020-02-05 04:00:00,244,,,,290,254,267,179,,283,337,,145
2020-02-05 05:00:00,255,,,,287,228,273,241,,281,297,,163
2020-02-05 06:00:00,86,,,,93,10,27,245,,282,334,,115
2020-02-05 07:00:00,125,,,,89,291,29,294,,291,315,,82
2020-02-05 08:00:00,123,,,,20,143,31,304,,293,309,,88
2020-02-05 09:00:00,75,,,,57,103,51,307,,288,283,,83
2020-02-05 10:00:00,76,,,,95,71,65,305,,289,301,,76
2020-02-05 11:00:00,76,,,,90,44,49,309,,292,311,,78
2020-02-05 12:00:00,63,,,,99,47,48,309,,292,314,,70
2020-02-05 13:00:00,56,,,,100,58,40,309,,295,322,,80
2020-02-05 14:00:00,89,,,,100,77,72,,,297,230,,82
2020-02-05 15:00:00,42,,,,99,69,55,313,,298,144,,74
2020-02-05 16:00:00,57,,,,108,55,59,303,,301,134,,72
2020-02-05 17:00:00,70,,,,,29,55,9,,300,133,,78
2020-02-05 18:00:00,30,,,,,33,47,64,,298,125,,74
2020-02-05 19:00:00,52,,,,,37,89,82,,304,151,,90
2020-02-05 20:00:00,31,,,,115,17,63,84,,293,136,,71
2020-02-05 21:00:00,30,,,,109,34,40,256,,289,337,,95
2020-02-05 22:00:00,67,,,,64,52,42,283,,292,319,,83
2020-02-05 23:00:00,146,,,,86,283,57,285,,288,287,,90
2020-02-06 00:00:00,55,,354,,94,25,38,247,,292,302,,75
2020-02-06 01:00:00,45,,354,,81,103,45,278,,291,322,,80
2020-02-06 02:00:00,97,,354,,50,67,48,276,,294,324,,94
2020-02-06 03:00:00,102,,353,,15,61,43,283,,298,313,,37
2020-02-06 04:00:00,92,,353,,309,35,51,294,,300,313,,231
2020-02-06 05:00:00,76,,353,,300,354,54,298,,303,313,,102
2020-02-06 06:00:00,97,,,,158,218,46,278,,307,312,,83
2020-02-06 07:00:00,123,,,,128,72,73,260,,301,301,,80
2020-02-06 08:00:00,150,,,,12,133,215,214,,294,289,,146
2020-02-06 09:00:00,147,,,,272,88,238,104,,301,299,,232
2020-02-06 10:00:00,82,,354,,281,53,79,100,,295,311,,270
2020-02-06 11:00:00,98,,354,,288,300,69,96,,289,195,,63
2020-02-06 12:00:00,125,,354,,284,272,172,90,,288,213,,293
2020-02-06 13:00:00,273,,355,,284,268,308,104,,356,171,,292
2020-02-06 14:00:00,287,,357,,272,269,318,108,,,161,,290
2020-02-06 15:00:00,285,,357,,282,285,323,102,,,172,,284
2020-02-06 16:00:00,299,,357,,285,,336,99,,,168,,287
2020-02-06 17:00:00,321,,298,,286,,337,107,,,176,,285
2020-02-06 18:00:00,346,,,,291,,330,133,,,131,,286
2020-02-06 19:00:00,126,,,,296,,332,150,,,107,,14
2020-02-06 20:00:00,120,,,,284,,42,180,,,92,,106
2020-02-06 21:00:00,6,,,,295,,86,174,,,96,,129
2020-02-06 22:00:00,350,,,,292,,60,198,,,137,,114
2020-02-06 23:00:00,59,,,,311,,75,245,,,109,,107
2020-02-07 00:00:00,349,,,,73,,38,250,,,22,,109
2020-02-07 01:00:00,25,,,,16,,30,243,,,11,,110
2020-02-07 02:00:00,283,,,,15,,315,247,,,3,,106
2020-02-07 03:00:00,282,,,,309,,332,184,,,350,,210
2020-02-07 04:00:00,249,,,,276,,274,74,,,289,,231
2020-02-07 05:00:00,252,,,,261,,255,121,,,294,,245
2020-02-07 06:00:00,274,,,,290,,302,103,,,312,,232
2020-02-07 07:00:00,225,,,,299,,272,93,,,312,,237
2020-02-07 08:00:00,264,,,,303,,273,159,,,341,,234
2020-02-07 09:00:00,231,,,,281,,255,299,,,358,,248
2020-02-07 10:00:00,272,,,,291,,352,328,,,351,,259
2020-02-07 11:00:00,12,,,,234,,55,316,,322,358,,246
2020-02-07 12:00:00,37,,,,111,,64,315,,,91,,171
2020-02-07 13:00:00,76,,,,114,,86,313,,,142,,70
2020-02-07 14:00:00,88,,,,99,,75,91,,,144,,80
2020-02-07 15:00:00,68,,,,98,,92,94,,,176,,79
2020-02-07 16:00:00,56,,,,103,,101,112,,,135,,69
2020-02-07 17:00:00,98,,,,110,,116,99,,,146,,57
2020-02-07 18:00:00,125,,,,88,,126,102,,,138,,110
2020-02-07 19:00:00,131,,,,87,,119,116,,,143,,97
2020-02-07 20:00:00,127,,131,,95,,110,145,,,149,,104
2020-02-07 21:00:00,147,,154,,157,,149,108,,,159,,148
2020-02-07 22:00:00,152,,141,,157,,223,112,,,155,,187
2020-02-07 23:00:00,267,,112,,279,,249,99,,,151,,243
2020-02-08 00:00:00,237,,141,,6,,53,117,,,151,,233
2020-02-08 01:00:00,265,,89,,271,,324,97,,,125,,249
2020-02-08 02:00:00,288,,54,,12,,43,336,,,33,,250
2020-02-08 03:00:00,271,,40,,318,,34,261,,,29,,239
2020-02-08 04:00:00,312,,89,,291,,12,246,,,332,,244
2020-02-08 05:00:00,290,,303,,272,,323,253,,,358,,242
2020-02-08 06:00:00,283,,287,,299,,276,248,,,356,,233
2020-02-08 07:00:00,302,,293,,287,,267,246,,,342,,239
2020-02-08 08:00:00,295,,287,,292,,241,203,,,328,,245
2020-02-08 09:00:00,35,,337,,294,,326,355,,,350,,194
2020-02-08 10:00:00,21,,11,,288,,40,310,,,32,,59
2020-02-08 11:00:00,26,,12,,113,,48,318,,,134,,75
2020-02-08 12:00:00,34,,39,,97,,59,324,,,165,,87
2020-02-08 13:00:00,52,,131,,106,,73,91,,,141,,84
2020-02-08 14:00:00,69,,125,,100,,82,89,,,129,,70
2020-02-08 15:00:00,67,,133,,106,,107,96,,,123,,61
2020-02-08 16:00:00,118,,109,,89,,109,104,,,128,,69
2020-02-08 17:00:00,145,,116,,86,,132,96,,,123,,77
2020-02-08 18:00:00,128,,130,,90,,129,93,,,120,,83
2020-02-08 19:00:00,151,,111,,82,,126,97,,,116,,76
2020-02-08 20:00:00,99,,116,,84,,111,92,,,117,,63
2020-02-08 21:00:00,78,,120,,84,,104,79,,,123,,53
2020-02-08 22:00:00,79,,141,,87,,103,90,,,126,,64
2020-02-08 23:00:00,64,,131,,91,,111,92,,,117,,71
2020-02-09 00:00:00,66,,121,,93,,117,88,,,116,,91
2020-02-09 01:00:00,68,,135,,104,,109,88,,,109,,87
2020-02-09 02:00:00,66,,129,,114,,114,106,,,103,,106
2020-02-09 03:00:00,54,,116,,111,,101,145,,,107,,118
2020-02-09 04:00:00,68,,95,,133,,91,235,,,97,,155
2020-02-09 05:00:00,356,,115,,104,,45,294,,,80,,259
2020-02-09 06:00:00,234,,109,,72,,69,267,,,58,,273
2020-02-09 07:00:00,241,,124,,76,,117,249,,,66,,280
2020-02-09 08:00:00,223,,137,,25,,115,233,,,69,,262
2020-02-09 09:00:00,226,,137,,289,,86,279,,,325,,270
2020-02-09 10:00:00,251,,99,,253,,62,293,,,59,,253
2020-02-09 11:00:00,296,,339,,283,,27,303,,,2,,236
2020-02-09 12:00:00,21,,41,,245,,54,314,,,360,,165
2020-02-09 13:00:00,68,,68,,69,,55,322,,,70,,88
2020-02-09 14:00:00,98,,90,,82,,71,313,,,79,,80
2020-02-09 15:00:00,74,,109,,96,,60,323,,,161,,73
2020-02-09 16:00:00,86,,108,,96,,79,65,,,151,,76
2020-02-09 17:00:00,87,,122,,106,,65,72,,,166,,84
2020-02-09 18:00:00,66,,107,,107,,79,82,,,173,,88
2020-02-09 19:00:00,63,,148,,94,,96,136,,,162,,99
2020-02-09 20:00:00,309,,142,,67,,60,147,,,168,,118
2020-02-09 21:00:00,272,,130,,64,,82,163,,,261,,112
2020-02-09 22:00:00,318,,280,,36,,6,98,,,5,,142
2020-02-09 23:00:00,297,,79,,68,,43,124,,,114,,149
2020-02-10 00:00:00,351,,98,,131,,57,117,,,118,,144
2020-02-10 01:00:00,279,,127,,114,,43,228,,,153,,111
2020-02-10 02:00:00,326,,137,,29,,35,164,,,350,,202
2020-02-10 03:00:00,282,,131,,281,,30,243,,,36,,236
2020-02-10 04:00:00,316,,21,,278,,8,256,,,38,,174
2020-02-10 05:00:00,290,,108,,15,,4,259,,,2,,235
2020-02-10 06:00:00,83,,118,,275,,30,278,,,297,,192
2020-02-10 07:00:00,227,,151,,330,,11,284,,,300,,194
2020-02-10 08:00:00,285,,127,,317,,340,237,,,295,,234
2020-02-10 09:00:00,307,,319,,40,,352,289,,,349,,204
2020-02-10 10:00:00,349,,331,,156,,42,188,,,5,,89
2020-02-10 11:00:00,31,,350,,339,,34,180,,,39,,58
2020-02-10 12:00:00,70,,79,,306,,36,180,,,169,,78
2020-02-10 13:00:00,92,,101,,86,,114,181,,,195,,81
2020-02-10 14:00:00,89,,,,,,,,,,,,
2020-02-10 15:00:00,84,,141,,98,,124,181,,,194,,75
2020-02-10 16:00:00,117,,141,,95,,128,181,,,175,,63
2020-02-10 17:00:00,131,,139,,94,,126,181,,,173,,91
2020-02-10 18:00:00,148,,151,,87,,130,,,,168,,72
2020-02-10 19:00:00,140,,151,,85,,147,,,,165,,70
2020-02-10 20:00:00,117,,135,,94,,147,,,,233,,105
2020-02-10 21:00:00,94,,99,,142,,116,,,,129,,134
2020-02-10 22:00:00,331,,106,,142,,75,,,,150,,131
2020-02-10 23:00:00,331,,101,,120,,40,,,,254,,145
2020-02-11 00:00:00,348,,77,,167,,55,,,,68,,143
2020-02-11 01:00:00,47,,46,,126,,58,,,,31,,112
2020-02-11 02:00:00,77,,333,,114,,42,,,,56,,116
2020-02-11 03:00:00,72,,332,,116,,47,,,,342,,114
2020-02-11 04:00:00,78,,319,,67,,46,,,,311,,106
2020-02-11 05:00:00,125,,323,,61,,48,,,,196,,122
2020-02-11 06:00:00,115,,336,,72,,51,,,,203,,99
2020-02-11 07:00:00,121,,334,,47,,52,,,,168,,108
2020-02-11 08:00:00,81,,335,,42,,46,,,,172,,100
2020-02-11 09:00:00,41,,346,,92,,45,,,,168,,99
2020-02-11 10:00:00,54,,344,,78,,37,,,,174,,86
2020-02-11 11:00:00,97,,355,,93,,34,,,,184,,71
2020-02-11 12:00:00,75,,355,,99,,51,,,,182,,78
2020-02-11 13:00:00,78,,7,,101,,47,,,,182,,77
2020-02-11 14:00:00,69,,1,,104,,51,,,,152,,82
2020-02-11 15:00:00,68,,355,,106,,45,,,,151,,89
2020-02-11 16:00:00,53,,1,,99,,46,,,,139,,78
2020-02-11 17:00:00,,,355,,102,,36,,,,138,,81
2020-02-11 18:00:00,,,355,,118,,39,,,,160,,102
2020-02-11 19:00:00,,,353,,94,,49,,,,181,,95
2020-02-11 20:00:00,98,,345,,103,,40,,,,197,,88
2020-02-11 21:00:00,93,,343,,73,,50,180,,,208,,83
2020-02-11 22:00:00,81,,337,,94,,43,180,,,217,,81
2020-02-11 23:00:00,80,,324,,104,,35,180,,,210,,81
2020-02-12 00:00:00,63,,330,,96,,32,,,,201,,81
2020-02-12 01:00:00,135,,347,,45,,43,,,,260,,77
2020-02-12 02:00:00,51,,343,,45,,44,,,,318,,74
2020-02-12 03:00:00,115,,346,,114,,46,,,,312,,74
2020-02-12 04:00:00,140,,335,,49,,45,,,,309,,74
2020-02-12 05:00:00,85,,346,,79,,50,,,,305,,76
2020-02-12 06:00:00,90,,285,,85,,90,,,,267,,78
2020-02-12 07:00:00,132,,155,,117,,156,,,,187,,78
2020-02-12 08:00:00,120,,148,,81,,141,,,,154,,81
2020-02-12 09:00:00,90,,121,,79,,87,,,,156,,116
2020-02-12 10:00:00,71,,46,,44,,56,,,,52,,93
2020-02-12 11:00:00,46,,348,,107,,43,,,,9,,81
2020-02-12 12:00:00,81,,327,,100,,36,,,,6,,79
2020-02-12 13:00:00,58,,348,,89,,38,,,,41,,83
2020-02-12 14:00:00,73,,1,,98,,42,,,,136,,86
2020-02-12 15:00:00,59,,352,,99,,76,,,,140,,90
2020-02-12 16:00:00,64,,330,,102,,78,,,,152,,77
2020-02-12 17:00:00,76,,124,,101,,69,,,,159,,79
2020-02-12 18:00:00,67,,142,,94,,49,,,,172,,76
2020-02-12 19:00:00,99,,143,,104,,116,,,,176,,89
2020-02-12 20:00:00,93,,147,,79,,107,,,,200,,85
2020-02-12 21:00:00,81,,166,,39,,85,,,,241,,133
2020-02-12 22:00:00,15,,72,,120,,218,,,,285,,83
2020-02-12 23:00:00,218,,340,,12,,229,,,,12,,226
2020-02-13 00:00:00,281,,357,,277,,234,,,,358,,214
2020-02-13 01:00:00,290,,331,,300,,40,,,,352,,214
2020-02-13 02:00:00,349,,307,,303,,46,,,,312,,140
2020-02-13 03:00:00,296,,292,,16,,13,,,,315,,137
2020-02-13 04:00:00,209,,324,,342,,253,,,,300,,86
2020-02-13 05:00:00,121,,276,,324,,34,,,,314,,243
2020-02-13 06:00:00,248,,291,,314,,256,,,,331,,108
2020-02-13 07:00:00,162,,310,,306,,269,,,,321,,103
2020-02-13 08:00:00,130,,315,,306,,60,,,,293,,108
2020-02-13 09:00:00,59,,351,,72,,31,,,,298,,114
2020-02-13 10:00:00,91,,344,,103,,34,,,,310,,105
2020-02-13 11:00:00,51,,355,,109,,43,,,,212,,92
2020-02-13 12:00:00,67,,351,,115,,34,,,,124,,71
2020-02-13 13:00:00,92,,269,,109,,97,,,,158,,73
2020-02-13 14:00:00,130,,159,,103,,131,,,,166,,68
2020-02-13 15:00:00,133,,155,,104,,137,,,,154,,77
2020-02-13 16:00:00,143,,169,,113,,133,,,,173,,97
2020-02-13 17:00:00,160,,158,,107,,132,,,,164,,93
2020-02-13 18:00:00,157,,144,,100,,131,,,,135,,89
2020-02-13 19:00:00,136,,112,,111,,132,,,,95,,78
2020-02-13 20:00:00,130,,105,,97,,119,,,,105,,70
2020-02-13 21:00:00,125,,129,,83,,109,,,,130,,72
2020-02-13 22:00:00,125,,146,,82,,111,,,,192,,69
2020-02-13 23:00:00,130,,151,,82,,107,,,,128,,66
2020-02-14 00:00:00,106,,139,,82,,124,,,,140,,72
2020-02-14 01:00:00,89,,134,,91,,107,,,,124,,65
2020-02-14 02:00:00,95,,127,,96,,98,,,,93,,62
2020-02-14 03:00:00,75,,102,,92,,84,,,,67,,67
2020-02-14 04:00:00,67,,132,,98,,88,,,,97,,98
2020-02-14 05:00:00,79,,136,,105,,113,,,,108,,72
2020-02-14 06:00:00,87,,136,,101,,118,,,,115,,61
2020-02-14 07:00:00,99,,134,,95,,117,,,,171,,65
2020-02-14 08:00:00,121,,136,,105,,119,,,,148,,72
2020-02-14 09:00:00,134,,138,,99,,111,,,,145,,76
2020-02-14 10:00:00,131,,123,,98,,119,,,,143,,76
2020-02-14 11:00:00,106,,119,,96,,126,,,,143,,54
2020-02-14 12:00:00,66,,136,,93,,117,,,,147,,51
2020-02-14 13:00:00,69,,143,,97,,125,,,,148,,60
2020-02-14 14:00:00,61,,141,,90,,116,,,,129,,60
2020-02-14 15:00:00,54,,113,,102,,99,,,,139,,66
2020-02-14 16:00:00,82,,135,,95,,100,,,,170,,59
2020-02-14 17:00:00,100,,136,,85,,121,,,,191,,71
2020-02-14 18:00:00,123,,142,,90,,113,,,,212,,69
2020-02-14 19:00:00,97,,151,,92,,124,,,,224,,73
2020-02-14 20:00:00,91,,139,,96,,89,,,,265,,80
2020-02-14 21:00:00,62,,149,,89,,80,,,,264,,75
2020-02-14 22:00:00,61,,143,,90,,74,,,,161,,106
2020-02-14 23:00:00,34,,140,,89,,53,,,,135,,100
2020-02-15 00:00:00,17,,145,,96,,74,,,,162,,132
2020-02-15 01:00:00,17,,147,,92,,79,,,,172,,115
2020-02-15 02:00:00,45,,141,,101,,76,,,,147,,95
2020-02-15 03:00:00,64,,138,,114,,101,,,,131,,90
2020-02-15 04:00:00,27,,146,,119,,56,,,,112,,101
2020-02-15 05:00:00,37,,152,,121,,57,,,,129,,104
2020-02-15 06:00:00,56,,143,,76,,81,,,,276,,104
2020-02-15 07:00:00,355,,146,,53,,62,,,,305,,121
2020-02-15 08:00:00,21,,157,,1,,67,,,,308,,281
2020-02-15 09:00:00,323,,45,,276,,167,,,,10,,259
2020-02-15 10:00:00,338,,51,,206,,40,,,,46,,159
2020-02-15 11:00:00,61,,112,,70,,93,,,,117,,82
2020-02-15 12:00:00,108,,74,,111,,65,,,,92,,77
2020-02-15 13:00:00,50,,125,,114,,73,,,,85,,69
2020-02-15 14:00:00,75,,122,,107,,69,,,,96,,82
2020-02-15 15:00:00,75,,97,,106,,71,,,,132,,80
2020-02-15 16:00:00,66,,123,,98,,49,,,,177,,79
2020-02-15 17:00:00,78,,105,,94,,82,,,,299,,85
2020-02-15 18:00:00,77,,60,,93,,73,,,,342,,84
2020-02-15 19:00:00,68,,35,,93,,56,,,,5,,86
2020-02-15 20:00:00,30,,345,,100,,38,,,,353,,92
2020-02-15 21:00:00,322,,301,,79,,30,,,,340,,154
2020-02-15 22:00:00,280,,288,,59,,330,,,,301,,144
2020-02-15 23:00:00,220,,260,,345,,245,,,,312,,233
2020-02-16 00:00:00,244,,330,,293,,280,,,,306,,239
2020-02-16 01:00:00,229,,360,,294,,252,,,,2,,237
2020-02-16 02:00:00,304,,283,,303,,289,,,,338,,244
2020-02-16 03:00:00,260,,298,,294,,317,,,,323,,235
2020-02-16 04:00:00,255,,298,,279,,255,,,,319,,237
2020-02-16 05:00:00,244,,288,,288,,274,,,,328,,251
2020-02-16 06:00:00,254,,297,,282,,250,,,,325,,258
2020-02-16 07:00:00,267,,330,,295,,260,,,,340,,260
2020-02-16 08:00:00,323,,309,,274,,312,,,,313,,236
2020-02-16 09:00:00,178,,300,,262,,258,,,,325,,201
2020-02-16 10:00:00,116,,304,,260,,282,,,,342,,244
2020-02-16 11:00:00,72,,332,,188,,66,,,,53,,69
2020-02-16 12:00:00,100,,63,,282,,2,,,,84,,67
2020-02-16 13:00:00,,,23,,320,,82,,,,118,,79
2020-02-16 14:00:00,79,,149,,95,,68,,,,137,,86
2020-02-16 15:00:00,90,,138,,104,,80,,,,149,,80
2020-02-16 16:00:00,101,,106,,95,,81,,,,148,,73
2020-02-16 17:00:00,80,,126,,101,,104,,,,142,,76
2020-02-16 18:00:00,81,,143,,108,,125,,,,155,,84
2020-02-16 19:00:00,97,,137,,110,,120,,,,137,,100
2020-02-16 20:00:00,106,,133,,106,,124,,,,131,,114
2020-02-16 21:00:00,64,,134,,127,,104,,,,197,,133
2020-02-16 22:00:00,83,,130,,137,,199,,,,266,,131
2020-02-16 23:00:00,188,,130,,86,,6,,,,334,,195
2020-02-17 00:00:00,251,,90,,168,,46,,,,24,,214
2020-02-17 01:00:00,249,,68,,65,,47,,,,29,,206
2020-02-17 02:00:00,264,,92,,18,,41,,,,35,,230
2020-02-17 03:00:00,246,,290,,269,,4,,,,310,,243
2020-02-17 04:00:00,287,,321,,316,,271,,,,326,,238
2020-02-17 05:00:00,251,,339,,297,,314,,,,323,,249
2020-02-17 06:00:00,244,,303,,282,,5,,,,302,,251
2020-02-17 07:00:00,263,,292,,289,,305,,,,294,,247
2020-02-17 08:00:00,306,,282,,279,,304,,,,332,,236
2020-02-17 09:00:00,330,,314,,274,,326,,,,349,,207
2020-02-17 10:00:00,45,,329,,267,,348,,,,32,,225
2020-02-17 11:00:00,75,,359,,239,,67,,,,134,,89
2020-02-17 12:00:00,69,,69,,125,,63,,,,119,,90
2020-02-17 13:00:00,80,,91,,101,,64,,,,146,,84
2020-02-17 14:00:00,70,,138,,101,,89,,,,147,,74
2020-02-17 15:00:00,78,,138,,102,,96,,,,143,,72
2020-02-17 16:00:00,57,,144,,101,,106,,,,148,,68
2020-02-17 17:00:00,55,,136,,103,,103,,,,141,,70
2020-02-17 18:00:00,74,,138,,96,,102,,,,133,,64
2020-02-17 19:00:00,67,,135,,83,,117,,,,117,,72
2020-02-17 20:00:00,66,,130,,95,,112,,,,118,,86
2020-02-17 21:00:00,103,,115,,110,,108,,,,112,,125
2020-02-17 22:00:00,82,,128,,127,,45,,,,130,,167
2020-02-17 23:00:00,308,,118,,127,,50,,,,74,,173
2020-02-18 00:00:00,291,,138,,83,,56,,,,73,,191
2020-02-18 01:00:00,297,,130,,22,,45,,,,110,,163
2020-02-18 02:00:00,294,,148,,7,,53,,,,98,,183
2020-02-18 03:00:00,271,,25,,300,,30,,,,51,,244
2020-02-18 04:00:00,240,,315,,290,,324,,,,56,,198
2020-02-18 05:00:00,295,,293,,295,,339,,,,50,,216
2020-02-18 06:00:00,242,,271,,282,,280,,,,322,,225
2020-02-18 07:00:00,264,,319,,279,,1,,,,352,,184
2020-02-18 08:00:00,256,,316,,279,,353,,,,353,,163
2020-02-18 09:00:00,320,,356,,222,,31,,,,359,,109
2020-02-18 10:00:00,86,,25,,143,,38,,,,325,,72
2020-02-18 11:00:00,109,,321,,118,,71,,,,322,,75
2020-02-18 12:00:00,102,,335,,99,,39,,,,168,,82
2020-02-18 13:00:00,119,,25,,96,,85,,,,43,,77
2020-02-18 14:00:00,94,,73,,101,,86,,,,61,,89
2020-02-18 15:00:00,82,,120,,104,,79,,,,63,,80
2020-02-18 16:00:00,66,,112,,,,152,,,,44,,81
2020-02-18 17:00:00,71,,123,,115,,101,,,,64,,78
2020-02-18 18:00:00,60,,77,,100,,80,,,,67,,75
2020-02-18 19:00:00,22,,10,,96,,44,,,,57,,52
2020-02-18 20:00:00,19,,4,,116,,48,,,,59,,78
2020-02-18 21:00:00,14,,359,,111,,40,,,,323,,91
2020-02-18 22:00:00,58,,357,,111,,44,,,,301,,108
2020-02-18 23:00:00,70,,349,,98,,56,,,,323,,102
2020-02-19 00:00:00,63,,343,,104,,48,,,,316,,93
2020-02-19 01:00:00,53,,330,,98,,44,,,,317,,97
2020-02-19 02:00:00,70,,330,,71,,55,,,,324,,82
2020-02-19 03:00:00,76,,337,,86,,42,,,,334,,96
2020-02-19 04:00:00,50,,345,,91,,42,,,,335,,100
2020-02-19 05:00:00,70,,346,,63,,40,,,,329,,94
2020-02-19 06:00:00,115,,350,,70,,48,,,,328,,100
2020-02-19 07:00:00,95,,351,,72,,51,,,,325,,89
2020-02-19 08:00:00,88,,351,,93,,52,,,,320,,81
2020-02-19 09:00:00,103,,346,,88,,53,,,,317,,84
2020-02-19 10:00:00,,,351,,88,,53,,,,285,,90
2020-02-19 11:00:00,61,,349,,91,,43,,,,294,,94
2020-02-19 12:00:00,54,,346,,101,,36,,,,246,,98
2020-02-19 13:00:00,69,,352,,100,,35,,,,172,,96
2020-02-19 14:00:00,39,,357,,105,,38,,,,167,,80
2020-02-19 15:00:00,48,,358,,103,,47,,,,175,,79
2020-02-19 16:00:00,42,,353,,100,,40,,,,163,,88
2020-02-19 17:00:00,69,,20,,98,,35,,,,154,,83
2020-02-19 18:00:00,94,,34,,100,,47,,,,151,,98
2020-02-19 19:00:00,116,,98,,116,,85,,,,145,,99
2020-02-19 20:00:00,96,,136,,119,,64,,,,140,,103
2020-02-19 21:00:00,69,,138,,101,,96,,,,157,,107
2020-02-19 22:00:00,63,,139,,108,,114,,,,180,,103
2020-02-19 23:00:00,58,,140,,101,,101,,,,158,,107
2020-02-20 00:00:00,49,,144,,103,,75,,,,195,,87
2020-02-20 01:00:00,46,,141,,67,,72,,,,172,,102
2020-02-20 02:00:00,39,,104,,42,,81,,,,33,,98
2020-02-20 03:00:00,82,,16,,97,,62,,,,37,,92
2020-02-20 04:00:00,55,,353,,102,,42,,,,354,,91
2020-02-20 05:00:00,53,,349,,87,,40,,,,327,,89
2020-02-20 06:00:00,52,,343,,78,,41,,,,315,,76
2020-02-20 07:00:00,85,,344,,70,,42,,,,302,,76
2020-02-20 08:00:00,119,,347,,100,,49,,,,319,,80
2020-02-20 09:00:00,98,,339,,98,,35,,,,337,,81
2020-02-20 10:00:00,53,,345,,96,,31,,,,343,,82
2020-02-20 11:00:00,68,,350,,96,,30,,,,335,,84
2020-02-20 12:00:00,106,,355,,107,,13,,,,348,,96
2020-02-20 13:00:00,35,,358,,113,,27,,,,333,,93
2020-02-20 14:00:00,58,,2,,108,,37,,,,335,,102
2020-02-20 15:00:00,41,,4,,106,,33,,,,335,,101
2020-02-20 16:00:00,42,,4,,112,,34,,,,342,,102
2020-02-20 17:00:00,50,,2,,114,,41,,,,337,,97
2020-02-20 18:00:00,36,,3,,108,,30,,,,331,,102
2020-02-20 19:00:00,66,,2,,104,,33,,,,329,,97
2020-02-20 20:00:00,78,,1,,90,,36,,,,321,,95
2020-02-20 21:00:00,68,,4,,94,,34,,,,321,,101
2020-02-20 22:00:00,48,,3,,110,,39,,,,326,,104
2020-02-20 23:00:00,64,,359,,111,,54,,,,339,,105
2020-02-21 00:00:00,92,,358,,118,,69,,,,96,,94
2020-02-21 01:00:00,79,,358,,109,,56,,,,90,,95
2020-02-21 02:00:00,62,,356,,105,,49,,,,78,,91
2020-02-21 03:00:00,63,,346,,94,,41,,,,111,,99
2020-02-21 04:00:00,26,,347,,100,,29,,,,115,,96
2020-02-21 05:00:00,50,,341,,102,,42,,,,159,,108
2020-02-21 06:00:00,60,,337,,109,,30,,,,231,,101
2020-02-21 07:00:00,130,,330,,112,,19,,,,338,,108
2020-02-21 08:00:00,77,,322,,108,,358,,,,338,,110
2020-02-21 09:00:00,71,,326,,92,,355,,,,317,,106
2020-02-21 10:00:00,,,341,,97,,32,,,,329,,100
2020-02-21 11:00:00,,,349,,96,,53,,,,353,,86
2020-02-21 12:00:00,,,353,,103,,43,,,,45,,92
2020-02-21 13:00:00,,,29,,103,,54,,,,101,,90
2020-02-21 14:00:00,,,59,,92,,51,,,,167,,80
2020-02-21 15:00:00,20,,43,,102,,44,,,,,,82
2020-02-21 16:00:00,68,,98,,102,,59,,,,119,,76
2020-02-21 17:00:00,92,,136,,94,,129,,,,164,,81
2020-02-21 18:00:00,139,,143,,102,,134,,,,148,,85
2020-02-21 19:00:00,152,,151,,102,,129,,,,131,,85
2020-02-21 20:00:00,150,,149,,107,,145,,,,144,,84
2020-02-21 21:00:00,139,,138,,103,,134,,,,163,,89
2020-02-21 22:00:00,140,,141,,104,,129,,,,159,,80
2020-02-21 23:00:00,152,,139,,100,,120,,,,138,,69
2020-02-22 00:00:00,125,,135,,95,,124,,,,138,,70
2020-02-22 01:00:00,123,,136,,87,,124,,,,141,,70
2020-02-22 02:00:00,130,,141,,92,,124,,,,156,,69
2020-02-22 03:00:00,132,,141,,102,,123,,,,146,,58
2020-02-22 04:00:00,129,,135,,116,,120,,,,135,,70
2020-02-22 05:00:00,138,,134,,109,,123,,,,155,,66
2020-02-22 06:00:00,136,,136,,110,,123,,,,136,,74
2020-02-22 07:00:00,106,,140,,114,,89,,,,138,,103
2020-02-22 08:00:00,68,,138,,125,,51,,,,133,,91
2020-02-22 09:00:00,9,,147,,71,,34,,,,87,,86
2020-02-22 10:00:00,16,,148,,80,,15,,,,83,,102
2020-02-22 11:00:00,41,,132,,156,,355,,,,110,,79
2020-02-22 12:00:00,100,,145,,160,,89,,,,139,,92
2020-02-22 13:00:00,45,,140,,126,,112,,,,122,,76
2020-02-22 14:00:00,104,,147,,97,,104,,,,157,,72
2020-02-22 15:00:00,95,,139,,97,,123,,,,137,,63
2020-02-22 16:00:00,117,,139,,95,,119,,,,136,,53
2020-02-22 17:00:00,136,,136,,96,,110,,,,137,,62
2020-02-22 18:00:00,117,,124,,94,,125,,,,115,,76
2020-02-22 19:00:00,108,,107,,88,,117,,,,110,,80
2020-02-22 20:00:00,64,,107,,98,,114,,,,87,,85
2020-02-22 21:00:00,76,,132,,93,,90,,,,107,,77
2020-02-22 22:00:00,99,,148,,100,,102,,,,158,,66
2020-02-22 23:00:00,129,,146,,115,,104,,,,157,,60
2020-02-23 00:00:00,111,,140,,142,,113,,,,147,,54
2020-02-23 01:00:00,181,,360,,162,,139,,,,78,,231
2020-02-23 02:00:00,274,,100,,329,,57,,,,60,,235
2020-02-23 03:00:00,314,,44,,300,,24,,,,354,,234
2020-02-23 04:00:00,245,,333,,297,,315,,,,,,241
2020-02-23 05:00:00,264,,304,,290,,10,,,,349,,241
2020-02-23 06:00:00,339,,321,,287,,13,,,,348,,243
2020-02-23 07:00:00,276,,309,,293,,276,,,,309,,166
2020-02-23 08:00:00,314,,306,,283,,304,,,,321,,171
2020-02-23 09:00:00,105,,282,,269,,177,,,,244,,82
2020-02-23 10:00:00,76,,116,,283,,244,,,,169,,65
2020-02-23 11:00:00,39,,253,,258,,10,,,,153,,69
2020-02-23 12:00:00,88,,148,,169,,34,,,,121,,85
2020-02-23 13:00:00,106,,239,,113,,80,,,,154,,84
2020-02-23 14:00:00,70,,158,,91,,110,,,,150,,86
2020-02-23 15:00:00,62,,127,,98,,108,,,,166,,83
2020-02-23 16:00:00,69,,145,,95,,108,,,,150,,83
2020-02-23 17:00:00,42,,144,,98,,98,,,,161,,75
2020-02-23 18:00:00,42,,138,,96,,90,,,,132,,107
2020-02-23 19:00:00,36,,119,,94,,84,,,,97,,138
2020-02-23 20:00:00,304,,110,,135,,19,,,,78,,170
2020-02-23 21:00:00,256,,142,,74,,,,,,327,,220
2020-02-23 22:00:00,255,,117,,45,,245,,,,2,,231
2020-02-23 23:00:00,252,,146,,8,,273,,,,111,,229
2020-02-24 00:00:00,241,,149,,234,,256,,,,95,,232
2020-02-24 01:00:00,265,,135,,275,,263,,,,333,,231
2020-02-24 02:00:00,320,,39,,288,,277,,,,5,,243
2020-02-24 03:00:00,308,,309,,295,,341,,,,4,,233
2020-02-24 04:00:00,245,,274,,287,,241,,,,351,,240
2020-02-24 05:00:00,262,,294,,295,,290,,,,331,,236
2020-02-24 06:00:00,297,,324,,299,,74,,,,343,,114
2020-02-24 07:00:00,190,,325,,278,,201,,,,340,,104
2020-02-24 08:00:00,257,,318,,281,,163,,,,343,,101
2020-02-24 09:00:00,60,,344,,276,,39,,,,347,,246
2020-02-24 10:00:00,85,,350,,293,,29,,,,346,,96
2020-02-24 11:00:00,50,,351,,299,,30,,,,353,,94
2020-02-24 12:00:00,40,,353,,293,,42,,,,357,,105
2020-02-24 13:00:00,57,,351,,288,,49,,,,358,,104
2020-02-24 14:00:00,106,,7,,273,,49,,,,10,,103
2020-02-24 15:00:00,72,,20,,281,,92,,,,16,,102
2020-02-24 16:00:00,104,,20,,304,,98,,,,293,,99
2020-02-24 17:00:00,139,,57,,302,,91,,,,307,,104
2020-02-24 18:00:00,123,,69,,344,,120,,,,90,,102
2020-02-24 19:00:00,63,,1,,76,,64,,,,147,,128
2020-02-24 20:00:00,56,,112,,121,,86,,,,151,,97
2020-02-24 21:00:00,129,,160,,111,,134,,,,163,,85
2020-02-24 22:00:00,149,,148,,30,,196,,,,166,,74
2020-02-24 23:00:00,136,,134,,109,,132,,,,146,,110
2020-02-25 00:00:00,114,,123,,144,,102,,,,134,,93
2020-02-25 01:00:00,117,,143,,142,,125,,,,126,,74
2020-02-25 02:00:00,47,,143,,124,,87,,,,114,,89
2020-02-25 03:00:00,1,,141,,151,,89,,,,163,,116
2020-02-25 04:00:00,3,,136,,53,,67,,,,63,,125
2020-02-25 05:00:00,355,,84,,322,,58,,,,14,,127
2020-02-25 06:00:00,286,,328,,286,,25,,,,4,,192
2020-02-25 07:00:00,174,,282,,292,,271,,,,320,,207
2020-02-25 08:00:00,5,,360,,297,,21,,,,303,,141
2020-02-25 09:00:00,36,,328,,61,,348,,,,339,,111
2020-02-25 10:00:00,19,,316,,127,,19,,,,352,,67
2020-02-25 11:00:00,265,,278,,118,,323,,,,333,,83
2020-02-25 12:00:00,209,,248,,103,,254,,,,217,,75
2020-02-25 13:00:00,29,,341,,334,,109,,,,349,,75
2020-02-25 14:00:00,117,,346,,142,,119,,,,39,,78
2020-02-25 15:00:00,94,,296,,108,,82,,,,56,,92
2020-02-25 16:00:00,340,,121,,118,,73,,,122,76,,79
2020-02-25 17:00:00,122,,108,,104,,66,,,213,70,,106
2020-02-25 18:00:00,111,,39,,107,,73,,,114,91,,117
2020-02-25 19:00:00,8,,14,,108,,38,,,78,90,,79
2020-02-25 20:00:00,6,,355,,112,,31,,,61,71,,121
2020-02-25 21:00:00,18,,358,,111,,33,,,317,7,,117
2020-02-25 22:00:00,64,,1,,112,,29,,,315,309,,104
2020-02-25 23:00:00,37,,2,,103,,35,,,341,328,,69
2020-02-26 00:00:00,55,,355,,111,,38,,,348,326,,88
2020-02-26 01:00:00,39,,5,,119,,39,,,346,331,,85
2020-02-26 02:00:00,18,,1,,115,,51,,,,333,,75
2020-02-26 03:00:00,42,,1,,115,,46,,,,340,,66
2020-02-26 04:00:00,55,,3,,112,,42,,,,347,,76
2020-02-26 05:00:00,58,,7,,115,,49,,,,342,,68
2020-02-26 06:00:00,27,,2,,127,,40,,,,351,,71
2020-02-26 07:00:00,30,,4,,126,,33,,,,351,,81
2020-02-26 08:00:00,36,,3,,121,,36,,,,357,,75
2020-02-26 09:00:00,26,,3,,113,,38,,,,350,,91
2020-02-26 10:00:00,20,,1,,139,,40,,,,346,,100
2020-02-26 11:00:00,14,,1,,150,,33,,,,343,,94
2020-02-26 12:00:00,29,,357,,164,,40,,,9,349,,97
2020-02-26 13:00:00,170,,356,,243,,47,,,359,349,,72
2020-02-26 14:00:00,103,,356,,278,,24,,,359,340,,79
2020-02-26 15:00:00,325,,8,,285,,46,,,357,351,,88
2020-02-26 16:00:00,30,,8,,279,,57,,,6,5,,67
2020-02-26 17:00:00,56,,11,,166,,53,,,7,11,,55
2020-02-26 18:00:00,50,,,,106,,49,,,15,359,,74
2020-02-26 19:00:00,32,,13,,98,,56,,,22,1,,55
2020-02-26 20:00:00,45,,1,,105,,50,,,2,70,,79
2020-02-26 21:00:00,32,,1,,106,,42,,,202,85,,80
2020-02-26 22:00:00,54,,343,,100,,51,,,230,196,,81
2020-02-26 23:00:00,50,,297,,103,,54,,,215,181,,73
2020-02-27 00:00:00,12,,245,,110,,39,,,218,175,,82
2020-02-27 01:00:00,17,,271,,106,,28,,,214,183,,102
2020-02-27 02:00:00,25,,298,,15,,19,,,224,206,,109
2020-02-27 03:00:00,93,,262,,342,,19,,,229,237,,118
2020-02-27 04:00:00,120,,285,,334,,31,,,240,272,,137
2020-02-27 05:00:00,122,,261,,287,,96,,,251,349,,163
2020-02-27 06:00:00,136,,287,,300,,102,,,115,20,,154
2020-02-27 07:00:00,152,,308,,334,,149,,,239,276,,158
2020-02-27 08:00:00,121,,271,,291,,38,,,231,310,,239
2020-02-27 09:00:00,112,,320,,80,,36,,,92,52,,335
2020-02-27 10:00:00,98,,46,,121,,98,,,99,85,,85
2020-02-27 11:00:00,66,,131,,121,,99,,,132,115,,64
2020-02-27 12:00:00,49,,137,,106,,100,,,129,121,,70
2020-02-27 13:00:00,54,,134,,106,,84,,,92,130,,65
2020-02-27 14:00:00,84,,138,,109,,81,,,121,146,,73
2020-02-27 15:00:00,72,,108,,84,,92,,,113,,,63
2020-02-27 16:00:00,63,,110,,96,,89,,,111,128,,63
2020-02-27 17:00:00,66,,136,,96,,98,,,110,139,,63
2020-02-27 18:00:00,67,,138,,106,,97,,,116,125,,48
2020-02-27 19:00:00,125,,133,,98,,104,,,118,121,,76
2020-02-27 20:00:00,114,,113,,102,,106,,,117,98,,80
2020-02-27 21:00:00,107,,108,,98,,109,,,178,92,,110
2020-02-27 22:00:00,88,,149,,135,,90,,,185,244,,132
2020-02-27 23:00:00,76,,145,,128,,102,,,171,193,,138
2020-02-28 00:00:00,262,,128,,154,,123,,,126,121,,179
2020-02-28 01:00:00,247,,88,,359,,50,,,103,157,,199
2020-02-28 02:00:00,312,,120,,223,,59,,,263,323,,223
2020-02-28 03:00:00,280,,1,,297,,25,,,359,18,,191
2020-02-28 04:00:00,24,,299,,314,,21,,,304,344,,206
2020-02-28 05:00:00,293,,294,,276,,292,,,320,328,,221
2020-02-28 06:00:00,236,,320,,290,,14,,,310,358,,158
2020-02-28 07:00:00,285,,291,,328,,286,,,321,309,,244
2020-02-28 08:00:00,277,,298,,286,,257,,,315,286,,237
2020-02-28 09:00:00,230,,295,,286,,258,,,311,259,,268
2020-02-28 10:00:00,24,,323,,237,,44,,,338,155,,77
2020-02-28 11:00:00,59,,298,,111,,51,,,18,144,,82
2020-02-28 12:00:00,63,,88,,106,,58,,,69,143,,79
2020-02-28 13:00:00,63,,129,,107,,66,,,129,123,,63
2020-02-28 14:00:00,54,,134,,104,,75,,,80,142,,59
2020-02-28 15:00:00,78,,111,,106,,79,,,93,84,,51
2020-02-28 16:00:00,66,,137,,103,,88,,,94,93,,49
2020-02-28 17:00:00,78,,122,,96,,121,,,137,164,,55
2020-02-28 18:00:00,97,,123,,98,,124,,,125,164,,59
2020-02-28 19:00:00,103,,120,,100,,128,352,,119,113,,87
2020-02-28 20:00:00,108,,107,,100,,126,,,109,88,,81
2020-02-28 21:00:00,89,,111,,93,,120,,,184,107,,82
2020-02-28 22:00:00,115,,159,,90,,118,,,190,192,,110
2020-02-28 23:00:00,84,,132,,93,,108,,,115,137,,142
2020-02-29 00:00:00,14,,119,,159,,75,,,167,110,,154
2020-02-29 01:00:00,353,,96,,137,,56,,,64,67,,132
2020-02-29 02:00:00,50,,102,,122,,65,,,104,86,,129
2020-02-29 03:00:00,76,,141,,56,,60,,,129,242,,112
2020-02-29 04:00:00,11,,126,,55,,51,,,18,12,,148
2020-02-29 05:00:00,357,,145,,108,,39,,,3,11,,133
2020-02-29 06:00:00,341,,167,,17,,49,,,352,280,,175
2020-02-29 07:00:00,14,,90,,320,,15,,,288,304,,223
2020-02-29 08:00:00,247,,321,,293,,14,,,327,316,,206
2020-02-29 09:00:00,8,,288,,42,,15,,,42,56,,241
2020-02-29 10:00:00,20,,38,,95,,25,,,68,147,,72
2020-02-29 11:00:00,25,,102,,98,,358,,,104,174,,71
2020-02-29 12:00:00,43,,133,,93,,70,,,115,148,,77
2020-02-29 13:00:00,56,,140,,102,,72,,,130,156,,78
2020-02-29 14:00:00,61,,145,,98,,88,,,156,145,,76
2020-02-29 15:00:00,53,,145,,103,,125,,,138,141,,65
2020-02-29 16:00:00,138,,146,,107,,135,,,148,155,,66
2020-02-29 17:00:00,140,,146,,104,,129,,,142,156,,69
2020-02-29 18:00:00,111,,142,,99,,140,,,146,148,,82
2020-02-29 19:00:00,120,,135,,85,,131,,,131,141,,83
2020-02-29 20:00:00,128,,136,,95,,123,,,140,149,,137
2020-02-29 21:00:00,154,,121,,102,,165,,,131,121,,126
2020-02-29 22:00:00,120,,109,,107,,88,,,104,113,,127
2020-02-29 23:00:00,57,,112,,106,,80,,,105,113,,92
2020-03-01 00:00:00,,,,,,,,,,,,,
2020-03-01 01:00:00,4,,360,,139,,50,,,105,109,154,122
2020-03-01 02:00:00,344,,106,,93,,65,,,133,122,138,112
2020-03-01 03:00:00,333,,111,,61,,44,,,86,124,111,130
2020-03-01 04:00:00,335,,101,,8,,36,,,10,260,329,193
2020-03-01 05:00:00,42,,76,,304,,25,,,320,335,347,239
2020-03-01 06:00:00,321,,276,,286,,340,,,308,312,280,231
2020-03-01 07:00:00,268,,291,,296,,290,,,306,299,308,213
2020-03-01 08:00:00,265,,283,,278,,284,,,269,275,297,142
2020-03-01 09:00:00,59,,259,,247,,233,,,282,202,66,47
2020-03-01 10:00:00,34,,258,,261,,278,,,347,195,97,94
2020-03-01 11:00:00,80,,26,,290,,297,,,8,176,115,61
2020-03-01 12:00:00,67,,122,,285,,80,,,230,178,134,78
2020-03-01 13:00:00,96,,133,,104,,124,,,98,166,116,78
2020-03-01 14:00:00,90,,120,,105,,82,,,129,121,119,83
2020-03-01 15:00:00,84,,124,,102,,98,,,120,91,130,84
2020-03-01 16:00:00,74,,145,,100,,124,,,145,167,127,77
2020-03-01 17:00:00,99,,139,,99,,103,,,127,159,128,63
2020-03-01 18:00:00,117,,117,,94,,118,,,123,136,115,57
2020-03-01 19:00:00,92,,71,,97,,87,,,100,122,114,50
2020-03-01 20:00:00,66,,100,,97,,84,,,107,90,150,67
2020-03-01 21:00:00,75,,124,,110,,69,,,165,123,197,120
2020-03-01 22:00:00,73,,152,,107,,113,,,158,120,205,142
2020-03-01 23:00:00,292,,162,,157,,101,,,182,94,190,149
2020-03-02 00:00:00,289,,143,,21,,62,,,141,136,120,174
2020-03-02 01:00:00,305,,120,,88,,46,,,158,163,294,168
2020-03-02 02:00:00,275,,64,,59,,35,,,106,170,271,205
2020-03-02 03:00:00,273,,49,,334,,37,,,319,12,289,232
2020-03-02 04:00:00,286,,269,,295,,350,,,352,10,328,228
2020-03-02 05:00:00,281,,328,,281,,347,,,334,4,309,232
2020-03-02 06:00:00,277,,294,,288,,322,,,329,349,283,247
2020-03-02 07:00:00,315,,288,,279,,355,,,317,299,291,216
2020-03-02 08:00:00,318,,283,,263,,239,,,314,316,271,184
2020-03-02 09:00:00,228,,301,,273,,247,,,323,35,344,265
2020-03-02 10:00:00,215,,314,,278,,341,,,330,20,93,38
2020-03-02 11:00:00,57,,305,,289,,40,,,351,31,112,68
2020-03-02 12:00:00,58,,2,,302,,46,,,357,20,111,76
2020-03-02 13:00:00,96,,11,,329,,102,,,357,37,133,88
2020-03-02 14:00:00,122,,54,,316,,116,,,326,110,130,87
2020-03-02 15:00:00,134,,113,,347,,115,,,121,119,116,81
2020-03-02 16:00:00,96,,116,,97,,119,,,104,110,122,60
2020-03-02 17:00:00,93,,120,,95,,118,,,109,125,99,53
2020-03-02 18:00:00,87,,104,,83,,104,,,96,91,112,66
2020-03-02 19:00:00,84,,107,,85,,99,,,93,107,114,69
2020-03-02 20:00:00,88,,138,,88,,104,,,135,124,110,61
2020-03-02 21:00:00,107,,142,,80,,125,,,173,167,114,69
2020-03-02 22:00:00,138,,143,,85,,105,,,174,158,133,68
2020-03-02 23:00:00,105,,144,,98,,89,,,143,107,163,83
2020-03-03 00:00:00,81,,137,,108,,110,,,118,113,162,90
2020-03-03 01:00:00,5,,135,,104,,83,,,114,144,187,136
2020-03-03 02:00:00,359,,92,,140,,54,,,130,117,306,178
2020-03-03 03:00:00,50,,128,,66,,67,,,110,98,104,157
2020-03-03 04:00:00,131,,145,,91,,67,,,74,92,43,198
2020-03-03 05:00:00,265,,43,,301,,350,,,116,164,274,225
2020-03-03 06:00:00,241,,88,,295,,20,,,167,277,41,215
2020-03-03 07:00:00,316,,90,,300,,38,,,118,33,309,226
2020-03-03 08:00:00,312,,86,,260,,49,,,193,112,323,214
2020-03-03 09:00:00,78,,145,,45,,90,,,190,137,58,144
2020-03-03 10:00:00,77,,145,,110,,78,,,170,150,182,84
2020-03-03 11:00:00,70,,69,,101,,54,,,154,88,129,86
2020-03-03 12:00:00,49,,32,,98,,68,,,118,57,133,80
2020-03-03 13:00:00,52,,78,,94,,56,,,146,93,125,76
2020-03-03 14:00:00,68,,141,,94,,67,,,72,36,129,77
2020-03-03 15:00:00,74,,144,,102,,106,,,155,130,141,85
2020-03-03 16:00:00,71,,146,,100,,104,,,194,225,152,94
2020-03-03 17:00:00,82,,179,,110,,137,,,211,240,141,94
2020-03-03 18:00:00,99,,186,,117,,137,,,223,232,138,92
2020-03-03 19:00:00,114,,171,,113,,175,,,197,238,151,74
2020-03-03 20:00:00,111,,252,,129,,106,,,298,282,172,66
2020-03-03 21:00:00,118,,289,,103,,76,,,201,320,175,83
2020-03-03 22:00:00,76,,324,,93,,125,,,165,127,184,111
2020-03-03 23:00:00,64,,24,,122,,124,,,95,48,262,124
2020-03-04 00:00:00,66,,33,,182,,88,,,66,64,330,92
2020-03-04 01:00:00,52,,44,,356,,64,,,74,42,178,86
2020-03-04 02:00:00,214,,351,,192,,40,,,67,11,194,107
2020-03-04 03:00:00,227,,345,,296,,67,,,333,331,21,145
2020-03-04 04:00:00,270,,8,,272,,40,,,235,296,24,143
2020-03-04 05:00:00,214,,352,,102,,41,,,311,313,279,120
2020-03-04 06:00:00,45,,346,,177,,48,,,325,323,205,103
2020-03-04 07:00:00,119,,350,,262,,44,,,345,331,73,96
2020-03-04 08:00:00,192,,341,,299,,50,,,349,336,312,55
2020-03-04 09:00:00,121,,343,,293,,49,,,349,340,325,253
2020-03-04 10:00:00,,,351,,301,,45,,,357,353,338,341
2020-03-04 11:00:00,323,,353,,299,,323,,,360,350,339,301
2020-03-04 12:00:00,329,,343,,282,,342,,,8,355,344,293
2020-03-04 13:00:00,343,,351,,292,,30,,,354,355,342,297
2020-03-04 14:00:00,334,,4,,283,,332,,,1,355,339,295
2020-03-04 15:00:00,350,,20,,276,,320,,,21,12,318,296
2020-03-04 16:00:00,318,,284,,290,,328,,,109,59,331,296
2020-03-04 17:00:00,313,,302,,298,,333,,,133,135,349,293
2020-03-04 18:00:00,308,,288,,290,,322,,,161,140,348,290
2020-03-04 19:00:00,116,,99,,273,,316,,,137,122,327,283
2020-03-04 20:00:00,103,,154,,278,,336,,,190,150,310,311
2020-03-04 21:00:00,61,,14,,284,,53,,,221,207,333,289
2020-03-04 22:00:00,49,,1,,278,,46,,,276,279,169,97
2020-03-04 23:00:00,75,,355,,117,,36,,,292,284,184,100
2020-03-05 00:00:00,86,,357,,50,,40,,,315,303,145,90
2020-03-05 01:00:00,92,,346,,48,,40,,,322,271,137,100
2020-03-05 02:00:00,71,,349,,44,,60,,,338,317,123,85
2020-03-05 03:00:00,71,,354,,44,,70,,,323,313,119,79
2020-03-05 04:00:00,70,,360,,72,,58,,,320,322,133,75
2020-03-05 05:00:00,56,,359,,66,,42,,,326,326,133,82
2020-03-05 06:00:00,58,,353,,16,,38,,,327,323,137,79
2020-03-05 07:00:00,95,,354,,97,,47,,,320,319,122,81
2020-03-05 08:00:00,110,,355,,44,,38,,,329,321,124,78
2020-03-05 09:00:00,67,,358,,80,,47,,,339,335,140,94
2020-03-05 10:00:00,58,,,,114,,37,,,345,337,113,81
2020-03-05 11:00:00,77,,353,,,,45,,,336,327,102,66
2020-03-05 12:00:00,46,,11,,,,20,,,316,331,113,72
2020-03-05 13:00:00,44,,338,,89,,90,,,349,354,120,94
2020-03-05 14:00:00,115,,340,,82,,52,,,308,329,125,98
2020-03-05 15:00:00,170,,328,,113,,69,,,313,1,134,102
2020-03-05 16:00:00,145,,22,,94,,87,,,22,3,136,108
2020-03-05 17:00:00,96,,27,,98,,60,,,3,38,139,110
2020-03-05 18:00:00,79,,10,,96,,72,,,36,24,139,89
2020-03-05 19:00:00,32,,2,,98,,52,,,54,110,118,46
2020-03-05 20:00:00,25,,355,,100,,43,,,133,82,144,80
2020-03-05 21:00:00,37,,293,,98,,59,,,161,120,142,71
2020-03-05 22:00:00,128,,176,,85,,104,,,176,181,124,67
2020-03-05 23:00:00,148,,157,,89,,146,,,189,169,117,71
2020-03-06 00:00:00,146,,156,,109,,159,,,190,228,117,92
2020-03-06 01:00:00,133,,156,,107,,169,,,190,204,129,84
2020-03-06 02:00:00,140,,81,,98,,178,,,184,302,147,73
2020-03-06 03:00:00,130,,18,,86,,103,,,270,300,138,70
2020-03-06 04:00:00,137,,8,,97,,52,,,232,2,156,74
2020-03-06 05:00:00,121,,336,,91,,46,,,45,35,163,67
2020-03-06 06:00:00,58,,313,,91,,50,,,2,322,172,89
2020-03-06 07:00:00,139,,306,,86,,53,,,290,313,169,105
2020-03-06 08:00:00,75,,334,,112,,43,,,301,325,173,111
2020-03-06 09:00:00,74,,2,,99,,62,,,14,8,141,80
2020-03-06 10:00:00,85,,79,,87,,74,,,88,78,110,65
2020-03-06 11:00:00,77,,115,,88,,99,,,113,102,106,53
2020-03-06 12:00:00,87,,130,,86,,114,,,134,108,108,75
2020-03-06 13:00:00,83,,104,,93,,110,,,126,110,105,63
2020-03-06 14:00:00,82,,104,,101,,116,,,108,105,107,64
2020-03-06 15:00:00,97,,112,,87,,119,,,107,102,113,
2020-03-06 16:00:00,,,120,,94,,119,,,112,114,112,
2020-03-06 17:00:00,100,,115,,91,,120,,,121,122,111,69
2020-03-06 18:00:00,92,,111,,88,,117,,,123,119,111,72
2020-03-06 19:00:00,99,,105,,86,,120,,,113,104,120,81
2020-03-06 20:00:00,106,,104,,84,,120,,,131,99,122,83
2020-03-06 21:00:00,128,,125,,84,,115,,,135,130,125,81
2020-03-06 22:00:00,102,,136,,84,,117,,,153,159,121,74
2020-03-06 23:00:00,129,,135,,81,,120,,,130,129,116,69
2020-03-07 00:00:00,95,,128,,81,,106,,,125,118,113,61
2020-03-07 01:00:00,76,,103,,86,,96,,,119,126,120,56
2020-03-07 02:00:00,60,,111,,91,,85,,,111,126,157,67
2020-03-07 03:00:00,66,,110,,101,,88,,,105,98,156,70
2020-03-07 04:00:00,75,,138,,97,,70,,,156,110,155,72
2020-03-07 05:00:00,81,,146,,99,,86,,,180,83,156,72
2020-03-07 06:00:00,41,,155,,87,,66,,,137,95,164,106
2020-03-07 07:00:00,42,,86,,96,,60,,,96,64,187,98
2020-03-07 08:00:00,85,,87,,88,,82,,,171,86,144,94
2020-03-07 09:00:00,77,,105,,95,,74,,,116,174,145,91
2020-03-07 10:00:00,78,,112,,107,,66,,,112,139,142,77
2020-03-07 11:00:00,71,,114,,114,,102,,,127,144,134,65
2020-03-07 12:00:00,50,,137,,111,,88,,,129,125,159,69
2020-03-07 13:00:00,63,,124,,98,,109,,,126,135,134,50
2020-03-07 14:00:00,123,,117,,96,,112,,,121,129,125,69
2020-03-07 15:00:00,88,,135,,95,,129,,,149,146,113,60
2020-03-07 16:00:00,118,,148,,97,,130,,,123,131,112,64
2020-03-07 17:00:00,132,,139,,93,,131,,,126,129,110,73
2020-03-07 18:00:00,123,,132,,88,,129,,,115,120,118,79
2020-03-07 19:00:00,126,,108,,83,,116,,,115,116,126,77
2020-03-07 20:00:00,129,,108,,75,,107,,,112,110,119,70
2020-03-07 21:00:00,99,,122,,77,,105,,,114,115,125,62
2020-03-07 22:00:00,94,,131,,83,,113,,,122,131,111,61
2020-03-07 23:00:00,94,,133,,89,,120,,,129,137,119,58
2020-03-08 00:00:00,83,,136,,87,,115,,,119,132,136,51
2020-03-08 01:00:00,91,,360,,101,,108,,,125,114,158,59
2020-03-08 02:00:00,52,,134,,114,,89,,,129,103,171,88
2020-03-08 03:00:00,36,,127,,104,,58,,,121,94,152,106
2020-03-08 04:00:00,27,,139,,93,,49,,,137,119,160,98
2020-03-08 05:00:00,41,,136,,100,,48,,,94,89,144,95
2020-03-08 06:00:00,12,,133,,88,,50,,,96,99,160,99
2020-03-08 07:00:00,27,,142,,152,,51,,,114,109,138,100
2020-03-08 08:00:00,61,,138,,87,,68,,,111,118,167,102
2020-03-08 09:00:00,39,,140,,109,,65,,,113,146,152,93
2020-03-08 10:00:00,12,,137,,72,,74,,,109,155,70,99
2020-03-08 11:00:00,18,,138,,87,,43,,,129,134,17,98
2020-03-08 12:00:00,57,,141,,106,,70,,,120,140,101,98
2020-03-08 13:00:00,66,,126,,97,,93,,,146,136,124,78
2020-03-08 14:00:00,62,,110,,101,,103,,,128,124,125,64
2020-03-08 15:00:00,64,,111,,96,,98,,,111,140,161,52
2020-03-08 16:00:00,61,,125,,90,,106,,,112,135,138,42
2020-03-08 17:00:00,62,,123,,94,,116,,,120,159,111,47
2020-03-08 18:00:00,72,,67,,87,,127,,,109,77,135,62
2020-03-08 19:00:00,105,,100,,81,,94,,,93,62,140,70
2020-03-08 20:00:00,81,,103,,82,,82,,,108,103,155,80
2020-03-08 21:00:00,94,,128,,93,,100,,,117,127,159,85
2020-03-08 22:00:00,93,,121,,85,,104,,,124,123,155,68
2020-03-08 23:00:00,62,,125,,91,,101,,,127,125,169,64
2020-03-09 00:00:00,51,,113,,94,,88,,,127,141,186,70
2020-03-09 01:00:00,51,,127,,99,,85,,,125,134,192,82
2020-03-09 02:00:00,64,,135,,83,,122,,,105,120,186,122
2020-03-09 03:00:00,78,,137,,105,,97,,,107,121,176,128
2020-03-09 04:00:00,61,,111,,102,,92,,,116,101,156,110
2020-03-09 05:00:00,341,,107,,16,,78,,,90,78,144,122
2020-03-09 06:00:00,359,,107,,2,,51,,,83,50,87,121
2020-03-09 07:00:00,27,,117,,324,,56,,,76,60,345,105
2020-03-09 08:00:00,5,,77,,328,,40,,,46,57,316,133
2020-03-09 09:00:00,343,,14,,287,,32,,,30,54,313,254
2020-03-09 10:00:00,336,,349,,248,,30,,,2,352,324,107
2020-03-09 11:00:00,354,,345,,304,,40,,,359,19,305,103
2020-03-09 12:00:00,52,,357,,42,,27,,,23,42,1,53
2020-03-09 13:00:00,16,,318,,35,,52,,,45,80,124,71
2020-03-09 14:00:00,62,,15,,,,36,,,68,34,116,82
2020-03-09 15:00:00,92,,88,,101,,83,,,52,30,127,90
2020-03-09 16:00:00,97,,95,,100,,109,,,67,30,131,84
2020-03-09 17:00:00,92,,111,,101,,93,,,81,68,125,79
2020-03-09 18:00:00,93,,120,,111,,98,,,87,60,134,84
2020-03-09 19:00:00,123,,133,,114,,114,,,72,34,149,94
2020-03-09 20:00:00,352,,179,,82,,95,,,223,273,202,92
2020-03-09 21:00:00,262,,176,,103,,280,,,225,279,165,94
2020-03-09 22:00:00,32,,159,,82,,120,,,196,258,175,117
2020-03-09 23:00:00,276,,114,,90,,103,,,213,79,173,123
2020-03-10 00:00:00,92,,110,,69,,140,,,111,98,154,123
2020-03-10 01:00:00,76,,134,,149,,114,,,120,112,170,134
2020-03-10 02:00:00,58,,134,,132,,95,,,128,139,196,123
2020-03-10 03:00:00,359,,84,,136,,53,,,80,85,195,131
2020-03-10 04:00:00,37,,60,,48,,55,,,56,39,222,149
2020-03-10 05:00:00,68,,100,,353,,73,,,324,340,342,100
2020-03-10 06:00:00,34,,344,,31,,15,,,348,8,162,135
2020-03-10 07:00:00,349,,293,,164,,300,,,336,323,290,213
2020-03-10 08:00:00,310,,350,,290,,324,,,7,354,314,231
2020-03-10 09:00:00,344,,339,,277,,9,,,30,44,172,236
2020-03-10 10:00:00,359,,,,59,,35,,,17,10,144,94
2020-03-10 11:00:00,36,,8,,151,,39,,,35,18,141,77
2020-03-10 12:00:00,21,,9,,117,,25,,,5,87,116,84
2020-03-10 13:00:00,18,,89,,89,,76,,,73,86,102,84
2020-03-10 14:00:00,93,,137,,104,,84,,,98,164,129,84
2020-03-10 15:00:00,85,,134,,107,,94,,,135,139,141,76
2020-03-10 16:00:00,76,,119,,103,,101,,,132,145,130,81
2020-03-10 17:00:00,63,,137,,121,,108,,,136,141,134,68
2020-03-10 18:00:00,63,,127,,102,,124,,,,119,134,70
2020-03-10 19:00:00,82,,97,,95,,109,,,104,99,107,66
2020-03-10 20:00:00,74,,102,,82,,99,,,108,102,119,69
2020-03-10 21:00:00,78,,85,,84,,88,,,126,98,116,55
2020-03-10 22:00:00,90,,134,,92,,105,,,131,118,120,62
2020-03-10 23:00:00,77,,138,,96,,111,,,129,124,152,68
2020-03-11 00:00:00,73,,137,,99,,121,,,124,125,169,75
2020-03-11 01:00:00,63,,136,,107,,121,,,119,122,173,105
2020-03-11 02:00:00,65,,136,,105,,106,,,127,127,160,114
2020-03-11 03:00:00,71,,128,,131,,,,,,121,204,107
2020-03-11 04:00:00,77,,141,,89,,122,,,126,133,134,97
2020-03-11 05:00:00,69,,134,,82,,95,,,126,131,323,140
2020-03-11 06:00:00,76,,145,,62,,83,,,108,114,162,115
2020-03-11 07:00:00,80,,126,,76,,88,,,85,44,160,142
2020-03-11 08:00:00,68,,139,,73,,70,,,113,67,140,85
2020-03-11 09:00:00,46,,25,,101,,43,,,80,38,86,304
2020-03-11 10:00:00,35,,39,,116,,45,,,69,8,102,205
2020-03-11 11:00:00,61,,61,,136,,61,,,116,86,325,74
2020-03-11 12:00:00,48,,130,,102,,76,,,142,219,127,72
2020-03-11 13:00:00,38,,135,,100,,63,,,183,236,134,83
2020-03-11 14:00:00,67,,137,,99,,80,,,117,167,127,77
2020-03-11 15:00:00,68,,137,,108,,65,,,119,111,131,83
2020-03-11 16:00:00,65,,139,,103,,106,,,114,156,138,74
2020-03-11 17:00:00,52,,142,,109,,106,,,150,133,134,56
2020-03-11 18:00:00,120,,145,,98,,120,,,153,146,111,62
2020-03-11 19:00:00,150,,139,,83,,124,,,147,161,156,79
2020-03-11 20:00:00,146,,130,,98,,134,,,180,138,167,70
2020-03-11 21:00:00,146,,130,,102,,162,,,112,124,180,118
2020-03-11 22:00:00,106,,120,,87,,112,,,124,119,147,157
2020-03-11 23:00:00,66,,135,,100,,104,,,125,139,155,130
2020-03-12 00:00:00,41,,135,,111,,94,,,126,133,143,119
2020-03-12 01:00:00,336,,109,,114,,75,,,104,111,83,124
2020-03-12 02:00:00,353,,67,,48,,50,,,52,52,248,136
2020-03-12 03:00:00,76,,82,,31,,63,,,75,5,169,115
2020-03-12 04:00:00,83,,111,,54,,44,,,81,334,135,115
2020-03-12 05:00:00,337,,312,,337,,359,,,129,8,292,209
2020-03-12 06:00:00,337,,276,,283,,329,,,247,354,296,225
2020-03-12 07:00:00,276,,286,,285,,316,,,254,318,331,189
2020-03-12 08:00:00,8,,112,,248,,30,,,232,277,214,222
2020-03-12 09:00:00,8,,103,,346,,24,,,111,251,133,108
2020-03-12 10:00:00,27,,28,,97,,36,,,155,347,152,87
2020-03-12 11:00:00,34,,344,,106,,51,,,212,45,126,81
2020-03-12 12:00:00,22,,29,,114,,63,,,201,74,105,83
2020-03-12 13:00:00,81,,83,,95,,66,,,134,138,139,88
2020-03-12 14:00:00,76,,114,,95,,49,,,134,177,133,86
2020-03-12 15:00:00,73,,141,,98,,69,,,106,158,142,76
2020-03-12 16:00:00,76,,125,,103,,86,,,116,140,131,78
2020-03-12 17:00:00,73,,139,,106,,107,,,118,137,132,73
2020-03-12 18:00:00,89,,107,,98,,106,,,132,134,148,60
2020-03-12 19:00:00,110,,115,,77,,112,,,130,143,125,73
2020-03-12 20:00:00,97,,139,,89,,118,,,147,141,176,79
2020-03-12 21:00:00,132,,142,,98,,138,,,192,138,187,103
2020-03-12 22:00:00,148,,111,,104,,195,,,102,97,188,161
2020-03-12 23:00:00,96,,117,,43,,94,,,111,108,133,165
2020-03-13 00:00:00,34,,137,,95,,63,180,,144,118,134,118
2020-03-13 01:00:00,22,,134,,118,,76,180,,150,117,139,119
2020-03-13 02:00:00,7,,131,,100,,54,180,,157,119,122,122
2020-03-13 03:00:00,4,,112,,83,,57,,,138,126,102,110
2020-03-13 04:00:00,347,,98,,45,,43,,,80,78,158,138
2020-03-13 05:00:00,324,,33,,109,,30,,,217,28,312,165
2020-03-13 06:00:00,283,,16,,323,,26,,,144,360,324,207
2020-03-13 07:00:00,317,,333,,290,,21,,,224,353,326,199
2020-03-13 08:00:00,19,,309,,276,,14,,,229,259,329,107
2020-03-13 09:00:00,34,,41,,257,,38,,,199,188,97,78
2020-03-13 10:00:00,71,,18,,247,,38,,,150,,129,73
2020-03-13 11:00:00,79,,68,,301,,54,,,165,144,131,83
2020-03-13 12:00:00,98,,122,,99,,94,,,135,173,123,84
2020-03-13 13:00:00,80,,113,,100,,112,,,114,158,125,79
2020-03-13 14:00:00,64,,97,,102,,73,,,120,166,126,71
2020-03-13 15:00:00,69,,119,,97,,80,,,122,155,123,69
2020-03-13 16:00:00,66,,105,,95,,95,,,126,140,124,61
2020-03-13 17:00:00,87,,113,,92,,113,,,126,146,111,52
2020-03-13 18:00:00,92,,127,,86,,,,,126,127,117,71
2020-03-13 19:00:00,89,,82,,88,,97,,,85,75,126,80
2020-03-13 20:00:00,84,,66,,89,,90,,,95,71,131,77
2020-03-13 21:00:00,90,,105,,85,,103,,,106,106,146,81
2020-03-13 22:00:00,92,,128,,78,,103,,,110,105,130,78
2020-03-13 23:00:00,67,,121,,97,,90,,,93,91,163,83
2020-03-14 00:00:00,48,,98,,92,,91,,,83,64,167,93
2020-03-14 01:00:00,44,,100,,107,,71,,,148,123,170,106
2020-03-14 02:00:00,355,,26,,96,,37,,,169,144,151,123
2020-03-14 03:00:00,73,,45,,357,,58,,,93,99,294,202
2020-03-14 04:00:00,19,,88,,85,,38,,,77,63,140,108
2020-03-14 05:00:00,324,,68,,64,,40,,,94,51,115,119
2020-03-14 06:00:00,12,,27,,339,,38,,,136,37,318,216
2020-03-14 07:00:00,10,,34,,318,,37,,,29,34,339,176
2020-03-14 08:00:00,16,,52,,123,,41,,,54,11,288,93
2020-03-14 09:00:00,20,,32,,54,,55,,,77,347,321,106
2020-03-14 10:00:00,36,,42,,101,,34,,,192,358,77,76
2020-03-14 11:00:00,6,,4,,124,,36,,,184,12,130,81
2020-03-14 12:00:00,60,,343,,97,,38,,,206,117,114,90
2020-03-14 13:00:00,34,,190,,93,,24,,,124,141,142,80
2020-03-14 14:00:00,13,,119,,107,,82,,,164,151,134,74
2020-03-14 15:00:00,64,,158,,101,,70,,,129,162,122,67
2020-03-14 16:00:00,95,,148,,103,,99,,,130,156,121,70
2020-03-14 17:00:00,70,,126,,102,,110,,,133,120,120,53
2020-03-14 18:00:00,97,,109,,94,,117,,,113,125,103,66
2020-03-14 19:00:00,96,,119,,87,,125,,,116,123,122,75
2020-03-14 20:00:00,102,,103,,92,,112,,,106,117,124,71
2020-03-14 21:00:00,96,,98,,79,,95,,,103,115,126,64
2020-03-14 22:00:00,83,,115,,80,,108,,,108,113,146,60
2020-03-14 23:00:00,68,,124,,85,,98,,,122,102,157,73
2020-03-15 00:00:00,66,,135,,93,,88,180,,121,114,153,79
2020-03-15 01:00:00,64,,134,,102,,103,180,,114,118,173,65
2020-03-15 02:00:00,57,,137,,103,,95,180,,106,90,203,80
2020-03-15 03:00:00,66,,138,,113,,,,,115,95,171,105
2020-03-15 04:00:00,92,,86,,99,,72,,,110,64,149,98
2020-03-15 05:00:00,108,,117,,84,,105,,,129,137,136,92
2020-03-15 06:00:00,80,,131,,86,,111,,,150,144,139,75
2020-03-15 07:00:00,70,,90,,114,,96,,,100,111,169,75
2020-03-15 08:00:00,81,,32,,109,,94,,,58,80,166,80
2020-03-15 09:00:00,78,,87,,115,,78,,,105,81,160,67
2020-03-15 10:00:00,76,,111,,105,,89,,,114,115,145,71
2020-03-15 11:00:00,81,,122,,114,,97,,,121,128,146,66
2020-03-15 12:00:00,77,,122,,109,,107,,,120,133,150,64
2020-03-15 13:00:00,90,,134,,101,,123,,,141,139,128,78
2020-03-15 14:00:00,122,,138,,95,,127,,,149,122,112,62
2020-03-15 15:00:00,149,,131,,89,,138,,,138,125,109,73
2020-03-15 16:00:00,126,,129,,93,,122,,,126,130,118,70
2020-03-15 17:00:00,145,,118,,93,,122,,,177,151,122,82
2020-03-15 18:00:00,140,,145,,91,,122,,,199,159,127,78
2020-03-15 19:00:00,145,,156,,89,,123,,,158,116,128,75
2020-03-15 20:00:00,117,,121,,82,,97,,,129,125,141,75
2020-03-15 21:00:00,119,,85,,80,,98,,,144,140,148,81
2020-03-15 22:00:00,152,,84,,79,,78,,,154,159,145,109
2020-03-15 23:00:00,62,,93,,104,,70,,,111,63,158,73
2020-03-16 00:00:00,39,,78,,105,,65,,,73,45,162,114
2020-03-16 01:00:00,82,,103,,89,,101,,,104,72,143,83
2020-03-16 02:00:00,52,,80,,114,,78,,,114,89,171,55
2020-03-16 03:00:00,49,,71,,115,,63,,,74,72,248,84
2020-03-16 04:00:00,349,,61,,132,,39,,,86,47,158,114
2020-03-16 05:00:00,,,11,,147,,35,,,132,5,138,117
2020-03-16 06:00:00,28,,14,,137,,51,,,109,18,211,108
2020-03-16 07:00:00,112,,153,,105,,94,,,99,338,142,97
2020-03-16 08:00:00,77,,172,,102,,150,,,233,273,136,92
2020-03-16 09:00:00,96,,153,,93,,126,,,162,237,141,80
2020-03-16 10:00:00,65,,144,,89,,117,,,152,201,137,66
2020-03-16 11:00:00,68,,139,,92,,100,,,158,166,135,66
2020-03-16 12:00:00,13,,127,,105,,62,,,166,187,155,75
2020-03-16 13:00:00,58,,142,,101,,83,,,161,156,166,85
2020-03-16 14:00:00,51,,126,,105,,104,,,133,142,169,58
2020-03-16 15:00:00,143,,121,,111,,136,,,134,158,191,90
2020-03-16 16:00:00,137,,136,,113,,164,,,169,222,155,104
2020-03-16 17:00:00,130,,141,,109,,156,,,169,186,136,86
2020-03-16 18:00:00,122,,144,,94,,133,,,185,192,155,69
2020-03-16 19:00:00,128,,150,,97,,154,,,174,185,161,91
2020-03-16 20:00:00,117,,135,,98,,46,,,166,190,173,120
2020-03-16 21:00:00,47,,121,,157,,160,,,142,101,188,126
2020-03-16 22:00:00,328,,258,,130,,46,,,137,59,248,147
2020-03-16 23:00:00,326,,291,,128,,45,,,198,75,171,139
2020-03-17 00:00:00,296,,309,,281,,12,,,279,189,314,206
2020-03-17 01:00:00,302,,331,,293,,351,,,268,348,340,120
2020-03-17 02:00:00,327,,337,,89,,13,,,107,15,134,94
2020-03-17 03:00:00,27,,205,,50,,342,,,220,69,151,106
2020-03-17 04:00:00,268,,326,,257,,292,,,185,90,329,192
2020-03-17 05:00:00,260,,84,,302,,259,,,186,254,336,159
2020-03-17 06:00:00,140,,135,,16,,44,,,128,102,196,98
2020-03-17 07:00:00,29,,148,,347,,62,,,73,24,190,117
2020-03-17 08:00:00,81,,148,,72,,85,,,168,110,121,109
2020-03-17 09:00:00,72,,142,,97,,125,,,169,199,141,90
2020-03-17 10:00:00,66,,140,,88,,91,,,157,189,139,92
2020-03-17 11:00:00,74,,147,,86,,122,,,174,263,134,75
2020-03-17 12:00:00,42,,161,,94,,338,,,149,130,159,80
2020-03-17 13:00:00,62,,142,,97,,44,,,132,147,161,70
2020-03-17 14:00:00,57,,136,,106,,98,,,123,138,125,
2020-03-17 15:00:00,76,,140,,101,,115,,,128,143,122,50
2020-03-17 16:00:00,131,,140,,95,,115,,,136,155,109,66
2020-03-17 17:00:00,144,,142,,96,,136,,,142,146,116,68
2020-03-17 18:00:00,150,,142,,90,,154,,,145,139,117,75
2020-03-17 19:00:00,150,,139,,94,,139,,,137,134,122,76
2020-03-17 20:00:00,128,,128,,87,,132,,,121,121,130,70
2020-03-17 21:00:00,108,,132,,86,,120,,,120,115,128,68
2020-03-17 22:00:00,84,,125,,83,,99,,,122,115,143,57
2020-03-17 23:00:00,58,,123,,92,,86,,,120,117,180,75
2020-03-18 00:00:00,24,,86,,111,,54,,,111,97,191,92
2020-03-18 01:00:00,17,,83,,97,,59,,,58,56,155,98
2020-03-18 02:00:00,63,,88,,108,,73,,,60,57,168,87
2020-03-18 03:00:00,68,,92,,108,,84,,,73,72,156,104
2020-03-18 04:00:00,96,,139,,101,,123,,,116,70,136,84
2020-03-18 05:00:00,69,,143,,100,,117,,,152,125,125,82
2020-03-18 06:00:00,77,,139,,107,,113,,,143,116,136,103
2020-03-18 07:00:00,70,,145,,108,,124,,,155,147,136,97
2020-03-18 08:00:00,59,,143,,107,,142,,,154,161,141,87
2020-03-18 09:00:00,354,,139,,94,,57,,,130,150,113,101
2020-03-18 10:00:00,75,,138,,156,,111,,,102,151,95,86
2020-03-18 11:00:00,69,,114,,90,,71,,,100,163,143,85
2020-03-18 12:00:00,76,,107,,112,,,,,129,,137,65
2020-03-18 13:00:00,68,,118,,97,,98,,,157,170,130,55
2020-03-18 14:00:00,69,,146,,95,,107,,,175,,136,62
2020-03-18 15:00:00,80,,138,,95,,108,,,144,151,127,54
2020-03-18 16:00:00,122,,150,,91,,116,,,151,158,109,63
2020-03-18 17:00:00,142,,145,,93,,120,,,141,147,116,70
2020-03-18 18:00:00,153,,143,,94,,132,,,159,165,124,75
2020-03-18 19:00:00,142,,142,,91,,127,,,156,168,119,71
2020-03-18 20:00:00,139,,145,,91,,133,,,153,158,140,66
2020-03-18 21:00:00,117,,134,,83,,48,,,140,153,180,74
2020-03-18 22:00:00,149,,122,,86,,92,,,124,122,170,83
2020-03-18 23:00:00,119,,99,,86,,75,,,110,113,166,92
2020-03-19 00:00:00,20,,108,,105,,43,,,128,133,162,103
2020-03-19 01:00:00,5,,109,,83,,41,,,100,107,228,127
2020-03-19 02:00:00,342,,103,,114,,43,,,62,82,308,170
2020-03-19 03:00:00,8,,103,,66,,53,,,52,52,135,119
2020-03-19 04:00:00,10,,116,,13,,58,,,85,42,99,140
2020-03-19 05:00:00,25,,166,,310,,62,,,134,61,158,161
2020-03-19 06:00:00,300,,189,,312,,76,,,268,360,315,229
2020-03-19 07:00:00,279,,259,,281,,288,,,294,316,322,160
2020-03-19 08:00:00,309,,297,,271,,284,,,276,309,332,165
2020-03-19 09:00:00,74,,99,,293,,33,,,139,249,86,73
2020-03-19 10:00:00,115,,142,,98,,64,,,236,126,114,78
2020-03-19 11:00:00,93,,145,,98,,89,,,181,152,128,76
2020-03-19 12:00:00,86,,143,,94,,106,,,145,126,136,78
2020-03-19 13:00:00,80,,118,,101,,116,,,123,159,129,76
2020-03-19 14:00:00,76,,124,,104,,106,,,116,163,122,76
2020-03-19 15:00:00,70,,146,,107,,110,,,118,157,107,45
2020-03-19 16:00:00,86,,148,,101,,140,,,130,158,99,52
2020-03-19 17:00:00,99,,140,,103,,125,,,126,151,103,69
2020-03-19 18:00:00,121,,144,,103,,133,,,127,127,142,86
2020-03-19 19:00:00,139,,134,,91,,148,,,125,137,134,78
2020-03-19 20:00:00,134,,142,,84,,153,,,156,170,133,65
2020-03-19 21:00:00,153,,141,,94,,142,,,147,116,128,73
2020-03-19 22:00:00,113,,118,,81,,118,,,105,99,140,94
2020-03-19 23:00:00,77,,119,,81,,96,,,150,125,139,77
2020-03-20 00:00:00,37,,101,,81,,53,,,103,149,170,105
2020-03-20 01:00:00,23,,47,,139,,43,,,38,91,168,116
2020-03-20 02:00:00,40,,336,,124,,38,,,34,39,154,100
2020-03-20 03:00:00,35,,358,,353,,35,,,122,43,183,124
2020-03-20 04:00:00,16,,333,,56,,33,,,162,38,314,140
2020-03-20 05:00:00,17,,338,,83,,25,,,338,357,352,134
2020-03-20 06:00:00,27,,339,,62,,39,,,83,11,116,105
2020-03-20 07:00:00,32,,325,,95,,30,,,101,65,144,107
2020-03-20 08:00:00,355,,299,,57,,29,,,128,62,173,95
2020-03-20 09:00:00,24,,340,,143,,29,,,100,34,158,98
2020-03-20 10:00:00,22,,350,,95,,39,,,93,64,123,89
2020-03-20 11:00:00,18,,345,,103,,38,,,72,59,147,95
2020-03-20 12:00:00,39,,352,,91,,41,,,140,303,150,95
2020-03-20 13:00:00,65,,356,,120,,47,,,245,246,136,105
2020-03-20 14:00:00,68,,3,,82,,56,,,250,282,144,113
2020-03-20 15:00:00,48,,2,,118,,57,,,225,72,135,87
2020-03-20 16:00:00,22,,345,,107,,48,,,314,87,141,80
2020-03-20 17:00:00,199,,337,,89,,40,,,300,254,124,84
2020-03-20 18:00:00,3,,339,,89,,42,,,301,278,145,98
2020-03-20 19:00:00,48,,332,,96,,27,,,297,283,139,97
2020-03-20 20:00:00,128,,298,,85,,344,,,299,303,116,101
2020-03-20 21:00:00,189,,295,,105,,342,,,310,320,125,109
2020-03-20 22:00:00,78,,336,,99,,43,,,320,340,134,114
2020-03-20 23:00:00,45,,352,,97,,37,,,310,336,132,100
2020-03-21 00:00:00,61,,355,,94,,28,,,306,306,141,100
2020-03-21 01:00:00,83,,351,,91,,37,,,313,309,120,101
2020-03-21 02:00:00,64,,355,,106,,49,,,307,271,134,92
2020-03-21 03:00:00,55,,344,,107,,36,,,308,273,136,95
2020-03-21 04:00:00,71,,351,,116,,28,,,315,280,131,107
2020-03-21 05:00:00,72,,349,,101,,42,,,311,295,138,103
2020-03-21 06:00:00,39,,355,,116,,39,,,286,249,135,99
2020-03-21 07:00:00,29,,354,,117,,35,,,201,180,150,105
2020-03-21 08:00:00,18,,354,,128,,40,,,163,164,168,99
2020-03-21 09:00:00,20,,346,,116,,44,,,158,132,165,94
2020-03-21 10:00:00,15,,355,,118,,35,,,122,135,171,90
2020-03-21 11:00:00,16,,355,,119,,33,,,139,156,150,65
2020-03-21 12:00:00,26,,357,,110,,39,,,177,167,158,82
2020-03-21 13:00:00,41,,140,,102,,35,,,160,168,157,69
2020-03-21 14:00:00,38,,144,,110,,63,,,154,174,134,62
2020-03-21 15:00:00,48,,132,,104,,84,,,160,132,134,56
2020-03-21 16:00:00,64,,130,,110,,96,,,142,155,145,58
2020-03-21 17:00:00,60,,143,,109,,125,,,147,156,146,72
2020-03-21 18:00:00,60,,146,,125,,104,,,156,171,153,73
2020-03-21 19:00:00,61,,141,,105,,110,,,152,170,167,85
2020-03-21 20:00:00,58,,138,,111,,80,,,125,131,154,73
2020-03-21 21:00:00,75,,141,,118,,111,,,126,120,155,80
2020-03-21 22:00:00,65,,145,,116,,100,,,133,153,157,102
2020-03-21 23:00:00,57,,155,,102,,100,,,169,169,137,104
2020-03-22 00:00:00,40,,153,,80,,85,,,173,159,134,98
2020-03-22 01:00:00,51,,150,,93,,107,,,185,172,151,105
2020-03-22 02:00:00,10,,155,,89,,75,,,160,167,137,111
2020-03-22 03:00:00,13,,338,,68,,39,,,135,163,115,104
2020-03-22 04:00:00,32,,2,,99,,48,,,130,159,179,78
2020-03-22 05:00:00,84,,347,,96,,63,,,145,172,126,71
2020-03-22 06:00:00,58,,331,,102,,50,,,139,179,139,79
2020-03-22 07:00:00,77,,332,,83,,40,,,133,187,116,97
2020-03-22 08:00:00,87,,346,,87,,52,,,173,179,135,70
2020-03-22 09:00:00,57,,335,,71,,52,,,128,153,135,75
2020-03-22 10:00:00,45,,13,,113,,63,,,89,89,135,91
2020-03-22 11:00:00,28,,341,,89,,42,,,103,94,128,89
2020-03-22 12:00:00,26,,41,,81,,57,,,96,49,107,107
2020-03-22 13:00:00,26,,26,,93,,38,,,105,114,121,75
2020-03-22 14:00:00,43,,342,,86,,53,,,110,89,123,80
2020-03-22 15:00:00,79,,154,,89,,56,,,110,112,134,78
2020-03-22 16:00:00,73,,118,,99,,58,,,109,132,145,78
2020-03-22 17:00:00,59,,82,,98,,60,,,146,105,139,70
2020-03-22 18:00:00,79,,87,,92,,66,,,116,131,142,79
2020-03-22 19:00:00,70,,103,,94,,70,,,141,156,134,83
2020-03-22 20:00:00,90,,137,,101,,108,,,164,172,142,92
2020-03-22 21:00:00,89,,149,,108,,129,,,185,184,163,102
2020-03-22 22:00:00,59,,145,,114,,103,,,172,166,168,108
2020-03-22 23:00:00,82,,139,,111,,97,,,150,138,171,93
2020-03-23 00:00:00,46,,136,,108,,97,,,140,130,164,101
2020-03-23 01:00:00,62,,141,,110,,102,,,158,149,137,99
2020-03-23 02:00:00,90,,142,,114,,57,,,182,159,151,111
2020-03-23 03:00:00,59,,132,,28,,62,,,209,182,139,99
2020-03-23 04:00:00,8,,170,,339,,57,,,224,229,358,109
2020-03-23 05:00:00,55,,347,,40,,47,,,251,272,306,84
2020-03-23 06:00:00,74,,27,,122,,55,,,191,242,310,82
2020-03-23 07:00:00,70,,149,,107,,76,,,191,196,30,90
2020-03-23 08:00:00,42,,115,,93,,35,,,177,158,138,94
2020-03-23 09:00:00,33,,158,,54,,65,,,175,181,54,87
2020-03-23 10:00:00,37,,202,,48,,71,,,134,223,146,85
2020-03-23 11:00:00,58,,68,,87,,82,,,134,52,160,64
2020-03-23 12:00:00,84,,98,,110,,,,,116,100,124,80
2020-03-23 13:00:00,86,,130,,95,,,,,118,136,117,73
2020-03-23 14:00:00,72,,149,,97,,,,,121,217,129,80
2020-03-23 15:00:00,70,,136,,100,,,,,143,168,134,77
2020-03-23 16:00:00,69,,135,,100,,,,,133,179,136,79
2020-03-23 17:00:00,73,,151,,92,,,,,154,169,138,85
2020-03-23 18:00:00,67,,146,,98,,,,,152,127,139,77
2020-03-23 19:00:00,62,,142,,108,,,,,142,145,150,101
2020-03-23 20:00:00,86,,149,,116,,,,,199,136,,141
2020-03-23 21:00:00,110,,137,,139,,,,,148,162,278,188
2020-03-23 22:00:00,207,,137,,171,,,,,136,130,312,219
2020-03-23 23:00:00,241,,133,,163,,,,,104,110,319,221
2020-03-24 00:00:00,313,,136,,130,,,,,208,78,219,216
2020-03-24 01:00:00,276,,120,,102,,,,,105,285,336,156
2020-03-24 02:00:00,288,,146,,22,,,,,129,143,299,201
2020-03-24 03:00:00,283,,80,,293,,,,,109,87,316,211
2020-03-24 04:00:00,239,,92,,318,,,,,43,42,327,129
2020-03-24 05:00:00,327,,32,,276,,,,,171,47,301,212
2020-03-24 06:00:00,316,,303,,325,,,,,337,359,262,236
2020-03-24 07:00:00,277,,289,,297,,,,,170,359,324,276
2020-03-24 08:00:00,107,,298,,289,,40,,,301,319,333,86
2020-03-24 09:00:00,194,,310,,271,,333,,,277,348,100,97
2020-03-24 10:00:00,36,,341,,265,,291,,,216,60,123,262
2020-03-24 11:00:00,74,,355,,274,,82,,,238,90,141,85
2020-03-24 12:00:00,103,,52,,295,,77,,,129,74,126,93
2020-03-24 13:00:00,106,,99,,106,,77,,,133,127,138,105
2020-03-24 14:00:00,120,,357,,112,,94,,,138,126,136,98
2020-03-24 15:00:00,89,,353,,109,,77,,,163,149,128,83
2020-03-24 16:00:00,58,,339,,108,,58,,,126,163,117,56
2020-03-24 17:00:00,49,,15,,100,,56,,,129,137,103,45
2020-03-24 18:00:00,98,,144,,88,,123,,,129,124,104,66
2020-03-24 19:00:00,108,,137,,86,,133,,,,106,126,86
2020-03-24 20:00:00,118,,140,,84,,128,,,136,113,115,62
2020-03-24 21:00:00,124,,147,,84,,117,,,182,167,119,60
2020-03-24 22:00:00,111,,151,,86,,121,,,192,195,136,71
2020-03-24 23:00:00,101,,166,,89,,126,,,218,296,152,78
2020-03-25 00:00:00,145,,157,,104,,151,,,218,201,165,101
2020-03-25 01:00:00,101,,143,,115,,162,,,153,169,162,111
2020-03-25 02:00:00,134,,153,,133,,135,,,173,203,151,106
2020-03-25 03:00:00,111,,48,,132,,114,,,130,60,168,160
2020-03-25 04:00:00,30,,24,,270,,30,,,29,35,284,
2020-03-25 05:00:00,28,,326,,288,,39,,,273,8,328,230
2020-03-25 06:00:00,198,,287,,288,,55,,,312,329,27,238
2020-03-25 07:00:00,236,,254,,280,,227,,,319,321,315,222
2020-03-25 08:00:00,280,,314,,295,,247,,,292,288,313,249
2020-03-25 09:00:00,211,,318,,129,,307,,,296,343,76,278
2020-03-25 10:00:00,26,,340,,81,,29,,,142,152,32,60
2020-03-25 11:00:00,36,,112,,109,,48,,,129,157,94,79
2020-03-25 12:00:00,73,,125,,101,,71,,,97,153,94,68
2020-03-25 13:00:00,68,,121,,104,,89,,,108,143,131,73
2020-03-25 14:00:00,63,,137,,99,,108,,,107,119,126,71
2020-03-25 15:00:00,108,,130,,105,,104,,,115,99,118,57
2020-03-25 16:00:00,131,,113,,95,,113,,,104,83,110,72
2020-03-25 17:00:00,106,,111,,80,,92,,,97,80,105,69
2020-03-25 18:00:00,89,,103,,83,,100,,,91,78,105,56
2020-03-25 19:00:00,84,,95,,83,,108,,,87,72,117,66
2020-03-25 20:00:00,111,,118,,81,,125,,,112,109,129,83
2020-03-25 21:00:00,107,,127,,81,,110,,,113,121,136,75
2020-03-25 22:00:00,79,,118,,86,,103,,,123,126,124,63
2020-03-25 23:00:00,59,,118,,95,,109,,,114,118,151,69
2020-03-26 00:00:00,65,,127,,99,,104,,,116,105,178,75
2020-03-26 01:00:00,63,,137,,72,,76,,,121,115,175,104
2020-03-26 02:00:00,49,,141,,95,,75,,,124,111,151,95
2020-03-26 03:00:00,46,,144,,57,,73,,,117,71,141,109
2020-03-26 04:00:00,45,,140,,54,,86,,,92,59,131,115
2020-03-26 05:00:00,75,,158,,357,,88,,,70,123,140,136
2020-03-26 06:00:00,58,,128,,355,,83,,,78,168,4,150
2020-03-26 07:00:00,30,,16,,14,,42,,,44,237,332,144
2020-03-26 08:00:00,120,,4,,41,,349,,,126,238,150,127
2020-03-26 09:00:00,44,,314,,344,,312,,,59,192,84,71
2020-03-26 10:00:00,83,,306,,128,,43,,,71,232,138,73
2020-03-26 11:00:00,78,,64,,105,,70,,,107,204,125,76
2020-03-26 12:00:00,98,,101,,98,,76,,,185,155,128,82
2020-03-26 13:00:00,96,,121,,94,,74,,,160,172,127,72
2020-03-26 14:00:00,77,,136,,96,,71,,,150,201,133,79
2020-03-26 15:00:00,72,,132,,96,,112,,,167,170,135,71
2020-03-26 16:00:00,105,,150,,98,,124,,,153,157,114,61
2020-03-26 17:00:00,115,,143,,92,,118,,,144,148,110,73
2020-03-26 18:00:00,134,,141,,92,,132,,,161,155,119,76
2020-03-26 19:00:00,134,,142,,92,,131,,,147,158,136,80
2020-03-26 20:00:00,147,,144,,90,,129,,,153,161,147,75
2020-03-26 21:00:00,147,,144,,81,2,137,,,145,157,155,81
2020-03-26 22:00:00,147,,123,,85,2,108,,,124,137,179,115
2020-03-26 23:00:00,20,,103,,102,1,109,,,103,87,245,142
2020-03-27 00:00:00,40,,110,,150,1,50,,,105,53,167,116
2020-03-27 01:00:00,9,,113,,81,1,50,,,71,58,213,120
2020-03-27 02:00:00,33,,142,,57,,72,,,71,45,88,132
2020-03-27 03:00:00,60,,161,,3,,88,,,158,46,181,150
2020-03-27 04:00:00,3,,165,,333,,68,,,172,110,97,153
2020-03-27 05:00:00,6,,154,,293,,91,,,153,335,318,166
2020-03-27 06:00:00,341,,135,,332,,84,,,158,348,312,138
2020-03-27 07:00:00,279,,53,,88,,18,,,132,310,288,174
2020-03-27 08:00:00,7,,28,,288,,26,,,221,36,7,215
2020-03-27 09:00:00,51,,113,,88,,59,,,180,265,137,83
2020-03-27 10:00:00,87,,113,,95,,68,,,175,166,132,74
2020-03-27 11:00:00,78,,237,,94,2,80,,,153,135,134,74
2020-03-27 12:00:00,60,,98,,97,3,58,,,158,112,130,75
2020-03-27 13:00:00,64,,144,,86,4,77,,,138,160,133,73
2020-03-27 14:00:00,86,,147,,93,5,109,,,162,174,133,75
2020-03-27 15:00:00,78,,114,,99,5,115,,,141,168,126,65
2020-03-27 16:00:00,87,,119,,104,5,128,,,147,137,123,64
2020-03-27 17:00:00,95,,121,,101,,130,,,147,155,108,69
2020-03-27 18:00:00,118,,113,,94,4,136,,,132,113,119,79
2020-03-27 19:00:00,120,,88,,94,3,117,,,98,77,125,78
2020-03-27 20:00:00,70,,74,,95,2,96,,,111,87,136,68
2020-03-27 21:00:00,114,,122,,89,2,101,,,130,127,139,112
2020-03-27 22:00:00,60,,110,,85,2,92,,,125,128,167,126
2020-03-27 23:00:00,52,,108,,100,,80,,,93,75,174,99
2020-03-28 00:00:00,34,,132,,92,,74,,,114,106,150,97
2020-03-28 01:00:00,29,,118,,56,,66,,,103,48,131,87
2020-03-28 02:00:00,74,,93,,334,3,72,,,252,38,289,141
2020-03-28 03:00:00,19,,334,,282,4,48,,,253,360,330,200
2020-03-28 04:00:00,314,,300,,15,5,349,,,199,11,280,57
2020-03-28 05:00:00,270,,290,,297,5,256,,,139,4,287,251
2020-03-28 06:00:00,115,,296,,281,2,109,,,232,331,316,261
2020-03-28 07:00:00,238,,273,,283,4,178,,,300,339,265,143
2020-03-28 08:00:00,268,,298,,280,3,224,,,304,82,323,216
2020-03-28 09:00:00,39,,310,,262,1,321,,,47,68,311,274
2020-03-28 10:00:00,317,,22,,269,2,336,,,79,96,319,283
2020-03-28 11:00:00,285,,27,,306,2,336,,,174,33,319,299
2020-03-28 12:00:00,132,,359,,322,2,352,,,96,18,353,302
2020-03-28 13:00:00,339,,4,,329,,44,,,77,9,353,102
2020-03-28 14:00:00,33,,5,,286,3,43,,,110,74,92,75
2020-03-28 15:00:00,22,,355,,97,3,40,,,209,90,120,66
2020-03-28 16:00:00,19,,352,,101,2,38,,,297,73,131,73
2020-03-28 17:00:00,17,,353,,100,2,43,,,126,62,140,67
2020-03-28 18:00:00,29,,357,,98,2,44,,,88,68,132,65
2020-03-28 19:00:00,19,,357,,98,1,39,,,70,64,158,74
2020-03-28 20:00:00,22,,358,,110,1,41,,,48,41,151,95
2020-03-28 21:00:00,30,,356,,109,1,41,,,84,48,150,98
2020-03-28 22:00:00,34,,357,,110,,36,,,121,72,147,98
2020-03-28 23:00:00,31,,310,,107,,37,,,137,93,149,106
2020-03-29 00:00:00,62,,169,,100,,63,,,134,121,125,65
2020-03-29 01:00:00,143,,150,,88,,135,,,135,192,114,72
2020-03-29 02:00:00,148,,152,,84,,128,,,143,156,123,81
2020-03-29 03:00:00,125,,145,,87,,115,,,150,154,119,87
2020-03-29 04:00:00,100,,151,,81,,95,,,142,184,123,69
2020-03-29 05:00:00,105,,154,,98,,100,,,176,324,139,76
2020-03-29 06:00:00,11,,254,,112,,35,,,185,126,144,94
2020-03-29 07:00:00,16,,292,,117,3,31,,,212,164,147,107
2020-03-29 08:00:00,101,,329,,114,1,42,,,180,144,156,100
2020-03-29 09:00:00,104,,17,,118,,65,,,150,131,155,82
2020-03-29 10:00:00,110,,161,,111,,116,,,136,82,140,88
2020-03-29 11:00:00,93,,121,,112,,114,,,64,60,131,81
2020-03-29 12:00:00,70,,122,,103,1,108,,,82,68,122,68
2020-03-29 13:00:00,83,,136,,111,1,98,,,93,72,141,81
2020-03-29 14:00:00,86,,143,,102,1,111,,,89,57,145,100
2020-03-29 15:00:00,113,,141,,97,,130,,,92,44,146,101
2020-03-29 16:00:00,92,,130,,101,,106,,,103,75,161,108
2020-03-29 17:00:00,91,,118,,97,,123,,,81,53,161,102
2020-03-29 18:00:00,119,,136,,106,,127,,,82,50,161,97
2020-03-29 19:00:00,96,,62,,103,,99,,,118,99,155,90
2020-03-29 20:00:00,43,,71,,110,,40,,,170,180,146,83
2020-03-29 21:00:00,33,,64,,118,7,71,,,156,176,156,95
2020-03-29 22:00:00,33,,55,,100,10,83,,,145,166,154,97
2020-03-29 23:00:00,56,,104,,101,10,79,,,170,184,140,89
2020-03-30 00:00:00,33,,148,,113,7,73,,,172,165,164,108
2020-03-30 01:00:00,33,,146,,75,4,55,,,171,185,174,109
2020-03-30 02:00:00,335,,179,,48,6,27,,,183,163,305,111
2020-03-30 03:00:00,37,,294,,38,9,48,,,232,242,329,128
2020-03-30 04:00:00,82,,11,,315,8,41,,,153,302,225,75
2020-03-30 05:00:00,73,,345,,59,8,32,,,130,337,102,69
2020-03-30 06:00:00,53,,342,,103,8,54,,,79,285,128,78
2020-03-30 07:00:00,78,,325,,89,,45,,,119,252,132,80
2020-03-30 08:00:00,76,,321,,63,,57,,,302,277,122,93
2020-03-30 09:00:00,55,,332,,298,7,336,,,179,289,1,115
2020-03-30 10:00:00,46,,329,,327,1,21,,,201,343,332,113
2020-03-30 11:00:00,100,,298,,172,1,62,,,129,59,61,86
2020-03-30 12:00:00,20,,88,,132,1,18,,,174,140,100,103
2020-03-30 13:00:00,65,,128,,78,,48,,,118,125,111,77
2020-03-30 14:00:00,68,,137,,103,2,92,,,145,152,120,74
2020-03-30 15:00:00,55,,119,,98,2,83,,,146,148,129,76
2020-03-30 16:00:00,75,,159,,99,2,57,,,131,134,140,76
2020-03-30 17:00:00,74,,112,,93,,80,,,107,104,136,80
2020-03-30 18:00:00,45,,48,,97,,68,,,95,74,138,75
2020-03-30 19:00:00,37,,32,,89,,58,,,54,51,137,82
2020-03-30 20:00:00,40,,40,,89,,52,,,82,37,173,114
2020-03-30 21:00:00,104,,138,,78,,95,,,188,184,133,125
2020-03-30 22:00:00,132,,164,,35,,151,,,216,204,135,114
2020-03-30 23:00:00,224,,193,,30,,232,,,189,166,141,193
2020-03-31 00:00:00,211,,87,,285,3,212,,,138,126,315,225
2020-03-31 01:00:00,159,,40,,297,3,7,,,153,201,317,132
2020-03-31 02:00:00,84,,336,,47,3,36,,,235,330,71,102
2020-03-31 03:00:00,353,,334,,339,4,26,,,319,346,313,115
2020-03-31 04:00:00,241,,326,,18,4,18,,,316,332,315,227
2020-03-31 05:00:00,209,,329,,287,4,53,,,325,317,260,181
2020-03-31 06:00:00,120,,347,,302,5,62,,,319,320,299,237
2020-03-31 07:00:00,180,,350,,182,7,286,,,312,330,186,98
2020-03-31 08:00:00,114,,326,,15,5,69,,,321,331,118,121
2020-03-31 09:00:00,160,,332,,138,1,58,,,315,324,136,106
2020-03-31 10:00:00,33,,350,,97,1,36,,,324,353,140,93
2020-03-31 11:00:00,14,,,,,1,40,,,254,44,141,68
2020-03-31 12:00:00,44,,359,,,2,60,,,249,127,141,82
2020-03-31 13:00:00,73,,348,,,2,71,,,265,82,141,86
2020-03-31 14:00:00,75,,343,,,2,63,,,131,185,145,87
2020-03-31 15:00:00,119,,338,,,,73,,,174,230,135,76
2020-03-31 16:00:00,107,,115,,,3,108,,,134,150,124,61
2020-03-31 17:00:00,103,,147,,,2,125,,,136,121,106,66
2020-03-31 18:00:00,151,,142,,,2,138,,,128,111,132,91
2020-03-31 19:00:00,125,,143,,106,1,141,,,119,114,126,85
2020-03-31 20:00:00,119,,132,,94,1,134,,,124,120,135,98
2020-03-31 21:00:00,148,,142,,98,1,132,,,188,123,136,97
2020-03-31 22:00:00,149,,148,,83,,128,,,195,197,132,100
2020-03-31 23:00:00,154,,139,,86,,124,,,144,130,133,110
2020-04-01 00:00:00,17,,,,,,,,,,,,
2020-04-01 01:00:00,345,,106,,85,,91,,352,97,105,161,108
2020-04-01 02:00:00,7,,115,,104,,88,,,100,80,154,86
2020-04-01 03:00:00,349,,136,,114,,79,,,128,89,180,85
2020-04-01 04:00:00,360,,139,,120,,89,,,131,100,180,73
2020-04-01 05:00:00,16,,139,,106,,108,,,120,109,165,85
2020-04-01 06:00:00,47,,139,,122,1,108,,,111,121,160,74
2020-04-01 07:00:00,40,,137,,114,1,116,,,111,104,150,71
2020-04-01 08:00:00,67,,127,,119,1,118,,,98,87,141,60
2020-04-01 09:00:00,62,,133,,96,2,111,,,106,98,125,58
2020-04-01 10:00:00,64,,134,,107,2,101,,,133,127,141,61
2020-04-01 11:00:00,123,,146,,104,1,99,,,180,153,139,60
2020-04-01 12:00:00,136,,165,,96,1,110,,,186,159,145,71
2020-04-01 13:00:00,122,,153,,98,1,124,,,167,181,126,66
2020-04-01 14:00:00,116,,153,,98,,131,,,134,140,131,70
2020-04-01 15:00:00,128,,138,,95,,136,,,120,155,124,67
2020-04-01 16:00:00,206,,130,,98,,130,,,129,129,113,74
2020-04-01 17:00:00,231,,142,,102,,126,,,140,136,123,77
2020-04-01 18:00:00,237,,138,,92,,132,,,123,138,120,73
2020-04-01 19:00:00,278,,142,,79,,137,,,143,140,121,69
2020-04-01 20:00:00,256,,141,,80,,116,,,146,137,153,72
2020-04-01 21:00:00,229,,129,,81,,107,,,127,127,159,78
2020-04-01 22:00:00,192,,132,,91,,121,,,126,123,135,74
2020-04-01 23:00:00,246,,135,,92,,121,,,124,130,127,60
2020-04-02 00:00:00,263,,130,,97,4,123,,,129,124,136,62
2020-04-02 01:00:00,285,,137,,107,10,106,,,139,117,151,75
2020-04-02 02:00:00,307,,138,,103,10,98,,,116,111,166,87
2020-04-02 03:00:00,320,,139,,118,9,84,,,113,112,168,115
2020-04-02 04:00:00,306,,131,,121,8,99,,,113,108,90,98
2020-04-02 05:00:00,291,,122,,64,8,116,,,86,113,91,175
2020-04-02 06:00:00,315,,133,,77,7,95,,,88,120,140,219
2020-04-02 07:00:00,311,,137,,,7,88,,,102,91,179,123
2020-04-02 08:00:00,317,,139,,,7,101,,,86,61,264,93
2020-04-02 09:00:00,313,,145,,,,140,,,123,106,331,97
2020-04-02 10:00:00,313,,129,,42,6,78,,,120,135,56,77
2020-04-02 11:00:00,310,,101,,117,7,75,,,83,153,79,81
2020-04-02 12:00:00,273,,155,,99,2,84,,,117,154,120,73
2020-04-02 13:00:00,111,,141,,97,2,87,,,154,159,115,70
2020-04-02 14:00:00,110,,136,,96,3,104,,,132,167,134,73
2020-04-02 15:00:00,129,,124,,95,3,105,,,112,168,122,67
2020-04-02 16:00:00,136,,143,,101,3,107,,,108,163,115,54
2020-04-02 17:00:00,157,,140,,96,,124,,,133,162,122,78
2020-04-02 18:00:00,129,,142,,95,2,127,,,117,127,122,73
2020-04-02 19:00:00,128,,109,,84,2,117,,,110,90,124,77
2020-04-02 20:00:00,143,,80,,84,,92,,,85,64,127,70
2020-04-02 21:00:00,360,,76,,85,1,103,,,76,70,127,74
2020-04-02 22:00:00,353,,108,,83,1,108,,,107,121,132,77
2020-04-02 23:00:00,166,,125,,79,4,111,,,129,126,133,61
2020-04-03 00:00:00,212,,130,,95,8,124,,,124,123,160,67
2020-04-03 01:00:00,46,,120,,100,10,116,,,109,108,147,62
2020-04-03 02:00:00,44,,119,,87,13,93,,,99,101,170,78
2020-04-03 03:00:00,9,,122,,105,16,69,,,88,86,139,97
2020-04-03 04:00:00,41,,141,,42,19,85,,,102,84,153,82
2020-04-03 05:00:00,78,,139,,67,22,106,,,121,126,140,89
2020-04-03 06:00:00,82,,141,,98,22,83,,,87,73,150,88
2020-04-03 07:00:00,76,,79,,94,23,78,,,90,66,144,94
2020-04-03 08:00:00,81,,87,,,25,78,,,102,91,140,77
2020-04-03 09:00:00,109,,95,,93,27,68,,,99,129,133,68
2020-04-03 10:00:00,111,,116,,87,32,59,,,118,152,122,66
2020-04-03 11:00:00,107,,139,,99,36,98,,,147,127,144,53
2020-04-03 12:00:00,99,,134,,109,41,111,,,114,159,149,67
2020-04-03 13:00:00,112,,147,,105,37,88,,,107,162,148,68
2020-04-03 14:00:00,121,,116,,106,28,78,,,88,93,140,66
2020-04-03 15:00:00,109,,120,,101,23,94,,,105,88,135,63
2020-04-03 16:00:00,124,,130,,105,23,114,,,120,124,134,49
2020-04-03 17:00:00,96,,124,,103,25,123,,,113,130,114,46
2020-04-03 18:00:00,53,,124,,98,28,113,,,122,139,114,43
2020-04-03 19:00:00,63,,127,,92,34,129,,,124,127,122,60
2020-04-03 20:00:00,72,,105,,94,42,111,,,112,102,131,69
2020-04-03 21:00:00,11,,67,,100,42,87,,,78,73,147,80
2020-04-03 22:00:00,34,,57,,98,41,75,,,72,48,141,74
2020-04-03 23:00:00,79,,85,,96,39,91,,,96,91,118,59
2020-04-04 00:00:00,99,,107,,103,40,110,,352,104,116,133,63
2020-04-04 01:00:00,35,,124,,89,52,110,,352,108,125,132,75
2020-04-04 02:00:00,26,,97,,86,57,103,,354,107,107,150,65
2020-04-04 03:00:00,41,,77,,89,62,94,,,87,87,160,82
2020-04-04 04:00:00,42,,25,,87,54,63,,,71,63,156,81
2020-04-04 05:00:00,63,,354,,110,57,37,,,64,60,134,72
2020-04-04 06:00:00,78,,353,,104,41,44,,,271,91,150,111
2020-04-04 07:00:00,53,,341,,88,25,49,,,317,323,135,86
2020-04-04 08:00:00,53,,331,,85,16,36,,,316,328,116,94
2020-04-04 09:00:00,59,,337,,52,12,44,,,313,329,105,77
2020-04-04 10:00:00,80,,337,,40,12,56,,,317,332,139,66
2020-04-04 11:00:00,95,,337,,95,13,47,,,321,333,181,67
2020-04-04 12:00:00,86,,342,,89,14,42,,,321,335,116,71
2020-04-04 13:00:00,13,,348,,93,14,50,,352,286,343,129,94
2020-04-04 14:00:00,8,,5,,95,12,54,,,252,8,152,106
2020-04-04 15:00:00,80,,358,,107,10,70,,,156,56,143,102
2020-04-04 16:00:00,107,,358,,102,8,72,,,124,116,146,85
2020-04-04 17:00:00,82,,349,,93,6,48,,,125,142,143,80
2020-04-04 18:00:00,107,,355,,103,5,33,,,194,124,151,95
2020-04-04 19:00:00,22,,352,,90,4,34,,,316,239,136,99
2020-04-04 20:00:00,18,,349,,99,4,45,,,317,277,108,98
2020-04-04 21:00:00,56,,343,,100,3,41,,,333,325,122,100
2020-04-04 22:00:00,16,,359,,112,3,42,,,327,356,132,105
2020-04-04 23:00:00,10,,328,,122,5,61,,,270,120,133,99
2020-04-05 00:00:00,7,,324,,118,10,47,180,352,150,171,145,100
2020-04-05 01:00:00,16,,324,,92,10,53,180,350,180,206,161,83
2020-04-05 02:00:00,16,,315,,96,8,34,180,350,,231,175,86
2020-04-05 03:00:00,4,,294,,102,7,24,,350,205,227,152,82
2020-04-05 04:00:00,13,,354,,89,7,31,,349,213,240,153,92
2020-04-05 05:00:00,21,,2,,110,7,42,,349,204,8,152,85
2020-04-05 06:00:00,44,,2,,123,,46,,350,51,17,150,87
2020-04-05 07:00:00,81,,354,,73,,47,,350,39,2,163,96
2020-04-05 08:00:00,74,,343,,35,,48,,350,154,352,140,105
2020-04-05 09:00:00,84,,347,,79,,48,,,318,352,132,91
2020-04-05 10:00:00,79,,346,,90,6,57,,347,201,360,121,83
2020-04-05 11:00:00,84,,142,,86,6,108,,347,257,75,124,82
2020-04-05 12:00:00,108,,140,,94,7,111,,349,117,143,131,76
2020-04-05 13:00:00,115,,143,,109,7,116,,350,126,130,137,81
2020-04-05 14:00:00,126,,142,,120,4,121,,350,121,111,138,75
2020-04-05 15:00:00,151,,152,,123,5,122,,350,121,126,134,62
2020-04-05 16:00:00,140,,132,,119,5,111,,351,117,127,119,58
2020-04-05 17:00:00,135,,114,,105,6,113,,351,118,112,128,65
2020-04-05 18:00:00,139,,117,,102,6,105,,352,112,144,126,70
2020-04-05 19:00:00,83,,138,,105,8,113,,351,129,142,126,63
2020-04-05 20:00:00,30,,122,,109,8,114,,351,147,134,132,68
2020-04-05 21:00:00,50,,136,,106,9,113,,,149,132,142,82
2020-04-05 22:00:00,61,,141,,106,8,103,,,129,136,146,91
2020-04-05 23:00:00,72,,136,,122,9,112,,,136,147,155,80
2020-04-06 00:00:00,70,,140,,116,10,102,,,142,150,144,79
2020-04-06 01:00:00,43,,140,,118,10,76,,,151,163,161,109
2020-04-06 02:00:00,24,,134,,117,10,54,,,147,161,186,135
2020-04-06 03:00:00,29,,64,,112,,54,,,126,106,332,109
2020-04-06 04:00:00,20,,356,,50,9,39,,,119,356,327,118
2020-04-06 05:00:00,36,,317,,16,8,31,,,187,6,14,76
2020-04-06 06:00:00,61,,331,,5,8,26,,,151,338,330,61
2020-04-06 07:00:00,60,,341,,44,8,34,,,321,336,320,91
2020-04-06 08:00:00,60,,335,,90,7,35,,,251,347,65,73
2020-04-06 09:00:00,57,,320,,105,7,33,,,244,350,163,82
2020-04-06 10:00:00,72,,323,,105,7,31,,,297,11,127,85
2020-04-06 11:00:00,69,,13,,102,,88,,,147,34,138,78
2020-04-06 12:00:00,62,,340,,90,6,46,,,150,139,113,85
2020-04-06 13:00:00,37,,10,,74,6,64,,,83,148,132,107
2020-04-06 14:00:00,37,,119,,88,7,59,,,113,151,122,82
2020-04-06 15:00:00,25,,125,,95,6,81,,,92,157,138,89
2020-04-06 16:00:00,23,,133,,96,7,82,,,184,169,130,87
2020-04-06 17:00:00,354,,126,,95,7,93,,,105,91,135,87
2020-04-06 18:00:00,20,,107,,99,7,90,,,99,124,132,74
2020-04-06 19:00:00,339,,124,,93,9,103,,,119,146,141,73
2020-04-06 20:00:00,242,,137,,96,10,115,,,128,117,145,81
2020-04-06 21:00:00,356,,141,,104,12,118,,,123,135,143,73
2020-04-06 22:00:00,290,,141,,101,11,120,,,131,187,149,75
2020-04-06 23:00:00,245,,155,,106,14,103,,,174,217,161,89
2020-04-07 00:00:00,177,,152,,100,15,74,,,203,166,162,99
2020-04-07 01:00:00,239,,151,,102,17,65,,,147,223,166,122
2020-04-07 02:00:00,238,,159,,119,17,59,,,198,307,156,137
2020-04-07 03:00:00,335,,35,,116,20,54,,,207,332,139,108
2020-04-07 04:00:00,13,,351,,288,22,35,,,270,301,334,89
2020-04-07 05:00:00,17,,331,,317,21,11,,,294,322,332,246
2020-04-07 06:00:00,48,,331,,302,24,28,,,327,329,162,80
2020-04-07 07:00:00,42,,300,,283,26,43,,,317,311,136,103
2020-04-07 08:00:00,39,,328,,154,25,63,,,309,319,151,85
2020-04-07 09:00:00,56,,322,,127,29,20,,,320,334,93,88
2020-04-07 10:00:00,75,,337,,36,30,157,,,323,344,141,87
2020-04-07 11:00:00,82,,345,,103,29,71,,,300,2,108,88
2020-04-07 12:00:00,76,,353,,101,22,60,,,194,11,80,86
2020-04-07 13:00:00,84,,71,,109,17,74,,,78,47,126,74
2020-04-07 14:00:00,101,,107,,103,12,100,,,66,89,125,74
2020-04-07 15:00:00,97,,124,,102,14,106,,,99,130,123,62
2020-04-07 16:00:00,65,,122,,97,14,121,,,130,139,119,57
2020-04-07 17:00:00,12,,129,,102,18,128,,,127,145,116,67
2020-04-07 18:00:00,30,,111,,99,27,,,,130,130,129,77
2020-04-07 19:00:00,38,,106,,95,38,114,,,122,132,129,65
2020-04-07 20:00:00,360,,132,,88,43,110,,,122,149,149,65
2020-04-07 21:00:00,66,,137,,98,43,118,,,127,,149,69
2020-04-07 22:00:00,26,,147,,113,50,109,,,138,150,160,89
2020-04-07 23:00:00,79,,149,,117,52,106,,,166,177,160,114
2020-04-08 00:00:00,77,,167,,125,56,47,,352,174,180,256,156
2020-04-08 01:00:00,116,,140,,67,51,43,,352,205,298,2,156
2020-04-08 02:00:00,144,,112,,70,52,335,,351,181,358,143,151
2020-04-08 03:00:00,109,,27,,330,48,318,,351,141,,350,235
2020-04-08 04:00:00,71,,332,,305,45,316,,351,199,351,316,210
2020-04-08 05:00:00,71,,318,,265,42,317,,,221,352,309,61
2020-04-08 06:00:00,73,,283,,316,39,251,,352,331,347,188,229
2020-04-08 07:00:00,84,,279,,307,31,251,,351,334,349,253,259
2020-04-08 08:00:00,126,,306,,295,27,358,,1,310,348,320,269
2020-04-08 09:00:00,141,,303,,267,30,11,,355,231,7,93,230
2020-04-08 10:00:00,151,,326,,279,21,89,,357,318,15,328,34
2020-04-08 11:00:00,136,,337,,288,14,50,,359,280,17,357,296
2020-04-08 12:00:00,146,,323,,282,11,52,,355,202,12,25,90
2020-04-08 13:00:00,142,,34,,310,9,45,,351,206,141,87,80
2020-04-08 14:00:00,120,,42,,275,7,104,,353,178,144,122,93
2020-04-08 15:00:00,54,,113,,118,6,107,,353,121,133,142,106
2020-04-08 16:00:00,3,,139,,112,8,128,,353,124,138,,117
2020-04-08 17:00:00,21,,134,,107,22,135,,,143,145,120,94
2020-04-08 18:00:00,327,,112,,92,19,143,,,146,148,114,77
2020-04-08 19:00:00,284,,106,,96,13,136,,,148,113,113,66
2020-04-08 20:00:00,259,,102,,91,11,120,,,132,118,119,62
2020-04-08 21:00:00,250,,118,,80,9,103,,352,150,159,144,73
2020-04-08 22:00:00,241,,108,,78,8,87,,353,187,70,151,77
2020-04-08 23:00:00,204,,130,,88,7,112,,353,100,90,144,70
2020-04-09 00:00:00,163,,140,,83,7,101,,353,144,112,164,102
2020-04-09 01:00:00,154,,138,,108,7,113,,352,115,122,164,103
2020-04-09 02:00:00,142,,115,,114,,66,,352,161,172,182,138
2020-04-09 03:00:00,106,,74,,304,9,61,,352,164,356,316,202
2020-04-09 04:00:00,332,,346,,334,11,246,,,150,15,5,237
2020-04-09 05:00:00,310,,335,,288,11,334,,,159,360,300,231
2020-04-09 06:00:00,319,,306,,291,11,42,,,168,329,357,243
2020-04-09 07:00:00,312,,271,,286,,128,,,299,334,347,254
2020-04-09 08:00:00,329,,277,,289,,256,,357,339,240,359,254
2020-04-09 09:00:00,80,,290,,291,6,257,,352,312,191,349,268
2020-04-09 10:00:00,138,,286,,274,6,11,,352,188,170,131,265
2020-04-09 11:00:00,131,,310,,280,8,65,,357,181,196,21,81
2020-04-09 12:00:00,127,,3,,282,11,47,,351,163,161,354,86
2020-04-09 13:00:00,124,,4,,274,12,36,,354,172,174,117,102
2020-04-09 14:00:00,137,,132,,140,14,87,,353,118,133,136,102
2020-04-09 15:00:00,134,,124,,106,13,105,,353,175,161,130,115
2020-04-09 16:00:00,140,,131,,110,8,145,,353,129,141,133,83
2020-04-09 17:00:00,133,,134,,103,,140,,,136,146,132,80
2020-04-09 18:00:00,123,,146,,87,,134,,,135,134,134,93
2020-04-09 19:00:00,303,,112,,93,1,112,,,138,104,135,98
2020-04-09 20:00:00,297,,350,,99,1,30,,,121,69,132,83
2020-04-09 21:00:00,305,,323,,33,2,51,,,168,51,131,87
2020-04-09 22:00:00,265,,358,,50,2,67,,,183,108,138,85
2020-04-09 23:00:00,224,,158,,88,2,120,,,99,201,146,92
2020-04-10 00:00:00,229,,5,,47,,26,,,185,158,192,109
2020-04-10 01:00:00,231,,2,,16,,34,,,176,51,286,119
2020-04-10 02:00:00,13,,333,,95,6,25,,,119,203,148,107
2020-04-10 03:00:00,1,,330,,74,6,33,,,208,214,122,104
2020-04-10 04:00:00,30,,306,,97,5,41,,,210,259,143,98
2020-04-10 05:00:00,65,,297,,57,5,47,,,270,144,102,70
2020-04-10 06:00:00,81,,318,,109,6,39,,,239,123,169,89
2020-04-10 07:00:00,116,,306,,69,8,44,,,101,123,157,92
2020-04-10 08:00:00,115,,177,,73,5,,,,132,160,152,88
2020-04-10 09:00:00,119,,144,,94,2,,,,164,150,123,75
2020-04-10 10:00:00,116,,138,,100,3,,,,142,141,130,59
2020-04-10 11:00:00,108,,124,,95,1,,,,141,125,119,56
2020-04-10 12:00:00,113,,118,,88,3,,,,116,90,124,52
2020-04-10 13:00:00,104,,107,,85,5,,,,109,108,133,46
2020-04-10 14:00:00,127,,113,,89,16,,,,104,103,114,59
2020-04-10 15:00:00,118,,90,,97,29,,,,110,135,143,52
2020-04-10 16:00:00,128,,107,,101,28,,,,147,141,140,78
2020-04-10 17:00:00,94,,22,,101,24,,,,177,43,136,61
2020-04-10 18:00:00,58,,7,,107,31,,,,70,46,148,78
2020-04-10 19:00:00,60,,360,,116,37,,,,51,80,169,108
2020-04-10 20:00:00,50,,135,,101,39,,,,113,150,142,99
2020-04-10 21:00:00,72,,142,,87,39,,,,128,174,122,66
2020-04-10 22:00:00,102,,149,,69,41,,,,178,186,133,64
2020-04-10 23:00:00,85,,150,,83,29,,,,172,187,134,63
2020-04-11 00:00:00,116,,145,,78,24,,,,178,183,136,67
2020-04-11 01:00:00,226,,142,,85,17,,,,168,164,167,65
2020-04-11 02:00:00,138,,132,,83,14,,,,164,157,146,62
2020-04-11 03:00:00,62,,132,,94,15,,,,150,138,185,72
2020-04-11 04:00:00,37,,135,,107,15,,,,124,134,240,155
2020-04-11 05:00:00,44,,133,,116,16,,,,133,122,128,148
2020-04-11 06:00:00,49,,,,,,,,,,,,
2020-04-11 07:00:00,77,,91,,97,17,,,,151,49,23,99
2020-04-11 08:00:00,75,,75,,116,15,,,,110,29,25,91
2020-04-11 09:00:00,83,,49,,106,19,,,,143,50,332,258
2020-04-11 10:00:00,123,,262,,46,18,,,,41,53,19,55
2020-04-11 11:00:00,98,,278,,110,15,,,,79,113,133,83
2020-04-11 12:00:00,85,,49,,84,13,,,,104,223,124,82
2020-04-11 13:00:00,98,,138,,93,16,,,,98,228,133,73
2020-04-11 14:00:00,108,,138,,87,15,,,,153,176,136,69
2020-04-11 15:00:00,93,,144,,92,14,,,,129,143,136,78
2020-04-11 16:00:00,90,,147,,100,15,,,,141,131,131,82
2020-04-11 17:00:00,78,,143,,102,18,,,,137,129,142,74
2020-04-11 18:00:00,73,,142,,95,25,,,,120,131,137,73
2020-04-11 19:00:00,71,,138,,91,34,,,,138,129,136,76
2020-04-11 20:00:00,58,,134,,83,36,,,,134,133,153,55
2020-04-11 21:00:00,61,,135,,83,42,,,,131,154,217,64
2020-04-11 22:00:00,55,,138,,100,47,,,,160,178,290,213
2020-04-11 23:00:00,103,,157,,127,48,,,,167,62,302,231
2020-04-12 00:00:00,97,,76,,224,50,,,,202,37,304,267
2020-04-12 01:00:00,95,,101,,292,53,,,,62,26,316,197
2020-04-12 02:00:00,98,,230,,297,51,,,,92,62,277,200
2020-04-12 03:00:00,63,,254,,288,61,,,,188,286,314,174
2020-04-12 04:00:00,62,,349,,291,56,,,,212,308,323,258
2020-04-12 05:00:00,64,,89,,286,55,,,,201,301,325,239
2020-04-12 06:00:00,98,,260,,293,11,,,,239,318,323,231
2020-04-12 07:00:00,96,,22,,274,3,,,,258,294,340,226
2020-04-12 08:00:00,78,,14,,300,1,,,,193,276,312,283
2020-04-12 09:00:00,68,,342,,302,1,,,,248,324,320,283
2020-04-12 10:00:00,66,,297,,288,1,,,,229,102,321,287
2020-04-12 11:00:00,90,,296,,290,,,,,130,62,322,288
2020-04-12 12:00:00,94,,293,,294,,325,,,184,306,314,286
2020-04-12 13:00:00,88,,292,,290,,326,,,279,322,319,287
2020-04-12 14:00:00,98,,294,,290,,327,,,313,330,323,284
2020-04-12 15:00:00,103,,294,,287,,322,,,311,327,318,278
2020-04-12 16:00:00,138,,294,,283,,315,,,319,329,317,284
2020-04-12 17:00:00,114,,298,,282,,318,,,324,324,316,282
2020-04-12 18:00:00,67,,301,,285,,318,,,321,326,316,279
2020-04-12 19:00:00,351,,321,,300,,331,,,320,309,308,272
2020-04-12 20:00:00,265,,284,,280,,94,,,267,180,315,280
2020-04-12 21:00:00,252,,163,,251,,122,,,196,165,314,137
2020-04-12 22:00:00,300,,137,,27,,210,,,199,178,191,98
2020-04-12 23:00:00,103,,133,,211,,151,,,212,155,299,195
2020-04-13 00:00:00,48,,110,,215,,147,,353,163,143,286,237
2020-04-13 01:00:00,183,,135,,281,,142,,353,138,150,295,203
2020-04-13 02:00:00,216,,137,,261,,125,,352,124,131,192,95
2020-04-13 03:00:00,211,,95,,147,,119,,352,135,54,168,70
2020-04-13 04:00:00,229,,351,,221,,45,,352,111,48,182,145
2020-04-13 05:00:00,335,,312,,233,,52,,,45,93,142,139
2020-04-13 06:00:00,12,,295,,356,,51,,,274,334,342,173
2020-04-13 07:00:00,34,,355,,339,,28,,,289,26,333,220
2020-04-13 08:00:00,141,,24,,19,,43,,,304,335,356,266
2020-04-13 09:00:00,99,,113,,114,,32,,,306,58,358,248
2020-04-13 10:00:00,128,,109,,101,,46,,,130,144,118,111
2020-04-13 11:00:00,79,,109,,100,,85,,,128,116,140,68
2020-04-13 12:00:00,95,,113,,96,,116,,,112,100,115,55
2020-04-13 13:00:00,120,,104,,92,,119,,,106,83,101,48
2020-04-13 14:00:00,130,,101,,94,,99,,,101,73,101,64
2020-04-13 15:00:00,125,,115,,93,,115,,,85,91,104,55
2020-04-13 16:00:00,127,,118,,94,,115,,,90,108,111,70
2020-04-13 17:00:00,96,,106,,87,,133,,,111,100,111,68
2020-04-13 18:00:00,137,,122,,91,,136,,,117,97,112,76
2020-04-13 19:00:00,84,,119,,92,,121,,,123,96,119,75
2020-04-13 20:00:00,39,,111,,85,,114,,,114,97,114,66
2020-04-13 21:00:00,50,,109,,81,,105,,,118,126,112,62
2020-04-13 22:00:00,246,,135,,77,,117,,,125,132,115,64
2020-04-13 23:00:00,242,,135,,84,1,115,,,137,125,121,55
2020-04-14 00:00:00,237,,137,,93,1,112,,,135,122,144,59
2020-04-14 01:00:00,35,,129,,98,2,106,,,123,115,159,78
2020-04-14 02:00:00,252,,120,,112,4,91,,,121,113,148,104
2020-04-14 03:00:00,38,,138,,62,4,109,,,105,120,142,97
2020-04-14 04:00:00,6,,142,,27,5,68,,,104,131,115,111
2020-04-14 05:00:00,68,,85,,22,5,87,,,113,37,118,101
2020-04-14 06:00:00,96,,52,,33,5,71,,,72,347,305,90
2020-04-14 07:00:00,59,,23,,16,4,54,,,46,350,20,87
2020-04-14 08:00:00,84,,340,,348,4,51,,,34,349,310,81
2020-04-14 09:00:00,89,,336,,297,3,,,,195,330,302,87
2020-04-14 10:00:00,99,,334,,288,2,,,,314,334,46,93
2020-04-14 11:00:00,146,,358,,88,1,,,,326,336,125,81
2020-04-14 12:00:00,160,,,,103,1,,,,322,340,130,92
2020-04-14 13:00:00,140,,4,,103,1,,,,290,340,131,82
2020-04-14 14:00:00,93,,6,,103,,,,,103,118,136,83
2020-04-14 15:00:00,108,,352,,107,,,,,102,171,131,83
2020-04-14 16:00:00,303,,343,,101,,,,,142,178,129,73
2020-04-14 17:00:00,345,,356,,102,,,,,176,184,122,68
2020-04-14 18:00:00,325,,146,,96,,,,,173,176,137,83
2020-04-14 19:00:00,322,,154,,100,,,,,176,171,158,82
2020-04-14 20:00:00,285,,154,,102,,,,,165,177,158,114
2020-04-14 21:00:00,254,,161,,104,,,,,179,200,157,115
2020-04-14 22:00:00,310,,157,,113,,,,,194,189,158,93
2020-04-14 23:00:00,256,,226,,114,7,,,,186,166,120,59
2020-04-15 00:00:00,226,,142,,105,9,,,,176,169,116,64
2020-04-15 01:00:00,148,,149,,110,8,,,,178,156,123,69
2020-04-15 02:00:00,107,,161,,112,7,,,,174,202,129,68
2020-04-15 03:00:00,57,,182,,120,7,,,,186,207,126,67
2020-04-15 04:00:00,40,,314,,112,8,,,,213,185,125,62
2020-04-15 05:00:00,40,,349,,119,7,,,,244,104,141,79
2020-04-15 06:00:00,79,,357,,110,7,,,,146,79,158,104
2020-04-15 07:00:00,83,,1,,111,7,,,,98,147,158,106
2020-04-15 08:00:00,45,,2,,115,,,,,151,123,169,102
2020-04-15 09:00:00,77,,57,,119,6,,,,172,87,171,98
2020-04-15 10:00:00,92,,357,,109,6,,,,120,81,171,102
2020-04-15 11:00:00,129,,345,,97,6,,,,106,81,150,102
2020-04-15 12:00:00,148,,350,,104,,,,,120,116,152,81
2020-04-15 13:00:00,136,,47,,109,5,,,,122,105,141,77
2020-04-15 14:00:00,120,,147,,124,7,,,,128,129,138,81
2020-04-15 15:00:00,110,,148,,139,1,144,,,155,174,160,92
2020-04-15 16:00:00,74,,144,,126,1,135,,,177,170,181,89
2020-04-15 17:00:00,71,,156,,111,1,133,,,179,170,170,114
2020-04-15 18:00:00,90,,149,,120,,125,,,161,175,179,122
2020-04-15 19:00:00,84,,145,,122,,100,,,160,178,209,118
2020-04-15 20:00:00,89,,142,,117,,113,,,159,154,154,94
2020-04-15 21:00:00,78,,144,,110,,122,,,152,151,132,78
2020-04-15 22:00:00,53,,140,,106,,108,,,157,146,147,74
2020-04-15 23:00:00,59,,137,,108,,116,,,158,154,139,82
2020-04-16 00:00:00,12,,143,,103,2,120,,,156,160,132,70
2020-04-16 01:00:00,26,,140,,99,2,140,,,169,153,131,66
2020-04-16 02:00:00,70,,109,,109,1,106,,,128,101,136,77
2020-04-16 03:00:00,78,,84,,110,2,76,,,111,135,146,82
2020-04-16 04:00:00,65,,77,,112,3,61,,,109,140,169,96
2020-04-16 05:00:00,55,,102,,110,4,56,,,99,113,154,89
2020-04-16 06:00:00,53,,101,,107,6,58,,,96,125,173,103
2020-04-16 07:00:00,54,,138,,99,11,70,,,94,167,155,74
2020-04-16 08:00:00,66,,132,,100,10,91,,,112,148,165,80
2020-04-16 09:00:00,58,,137,,107,9,103,,,166,128,146,81
2020-04-16 10:00:00,61,,131,,94,7,96,,,167,81,145,84
2020-04-16 11:00:00,81,,135,,125,6,77,,,132,98,140,62
2020-04-16 12:00:00,95,,118,,126,6,93,,,109,103,143,65
2020-04-16 13:00:00,122,,126,,114,6,105,,,118,57,135,68
2020-04-16 14:00:00,135,,129,,114,,107,,,105,71,126,69
2020-04-16 15:00:00,137,,127,,110,8,93,,,112,74,132,69
2020-04-16 16:00:00,110,,113,,107,4,95,,,106,131,144,69
2020-04-16 17:00:00,113,,132,,91,3,98,,,119,141,137,67
2020-04-16 18:00:00,86,,137,,90,3,102,,,124,152,120,68
2020-04-16 19:00:00,82,,139,,93,4,104,,,140,154,134,74
2020-04-16 20:00:00,66,,136,,117,6,98,,,144,158,168,85
2020-04-16 21:00:00,55,,136,,121,7,90,,,143,159,167,90
2020-04-16 22:00:00,66,,136,,112,8,81,,,143,154,167,112
2020-04-16 23:00:00,99,,133,,120,8,65,,,145,144,177,118
2020-04-17 00:00:00,14,,137,,133,8,51,,,138,158,196,129
2020-04-17 01:00:00,26,,122,,175,9,44,,,153,145,177,144
2020-04-17 02:00:00,64,,30,,158,9,30,,,126,61,340,306
2020-04-17 03:00:00,64,,346,,17,9,49,,,123,352,190,243
2020-04-17 04:00:00,72,,4,,2,,35,,,181,14,223,256
2020-04-17 05:00:00,79,,356,,279,,25,,,58,,243,242
2020-04-17 06:00:00,77,,7,,299,,39,,,95,10,297,224
2020-04-17 07:00:00,60,,266,,267,,133,,,108,346,167,125
2020-04-17 08:00:00,59,,7,,230,,279,,,123,348,179,211
2020-04-17 09:00:00,115,,347,,251,5,303,,,158,3,336,237
2020-04-17 10:00:00,137,,5,,269,2,333,,,105,354,316,177
2020-04-17 11:00:00,139,,320,,180,2,9,,,113,10,36,141
2020-04-17 12:00:00,117,,335,,145,2,60,,,183,101,99,65
2020-04-17 13:00:00,107,,19,,98,3,70,,,155,103,125,78
2020-04-17 14:00:00,136,,40,,97,3,81,,,154,87,132,74
2020-04-17 15:00:00,132,,70,,100,3,75,,,212,115,136,79
2020-04-17 16:00:00,41,,106,,97,4,75,,,96,97,127,69
2020-04-17 17:00:00,22,,113,,87,5,85,,,85,99,121,70
2020-04-17 18:00:00,54,,84,,93,8,81,,,105,103,135,85
2020-04-17 19:00:00,91,,86,,98,9,85,,,132,92,145,93
2020-04-17 20:00:00,250,,128,,95,15,93,,,108,101,141,79
2020-04-17 21:00:00,136,,148,,98,16,120,,,122,166,173,73
2020-04-17 22:00:00,156,,148,,101,18,105,,,179,193,180,90
2020-04-17 23:00:00,77,,89,,109,20,71,,,184,182,160,92
2020-04-18 00:00:00,44,,16,,92,21,43,,,179,208,158,91
2020-04-18 01:00:00,13,,343,,101,17,32,,,179,213,159,90
2020-04-18 02:00:00,32,,351,,133,17,37,,,174,202,195,114
2020-04-18 03:00:00,51,,344,,103,15,35,,,118,192,150,128
2020-04-18 04:00:00,43,,348,,69,12,58,,,157,180,146,93
2020-04-18 05:00:00,86,,329,,69,12,37,,,182,128,178,108
2020-04-18 06:00:00,69,,330,,84,11,27,,,103,357,183,127
2020-04-18 07:00:00,75,,329,,82,11,44,,,293,198,130,104
2020-04-18 08:00:00,85,,302,,26,10,42,,,303,161,134,113
2020-04-18 09:00:00,128,,327,,69,9,36,,,287,169,112,104
2020-04-18 10:00:00,119,,106,,101,9,61,,,217,179,126,71
2020-04-18 11:00:00,146,,111,,104,11,67,,,109,155,127,76
2020-04-18 12:00:00,225,,100,,114,11,73,,,136,114,141,50
2020-04-18 13:00:00,342,,129,,102,15,100,,,113,124,125,49
2020-04-18 14:00:00,222,,141,,101,14,126,,,124,139,124,70
2020-04-18 15:00:00,129,,144,,104,11,130,,,124,145,115,62
2020-04-18 16:00:00,62,,137,,102,12,134,,,141,154,121,65
2020-04-18 17:00:00,167,,152,,101,15,132,,,142,161,124,70
2020-04-18 18:00:00,149,,143,,102,21,139,,,155,161,135,76
2020-04-18 19:00:00,130,,146,,95,24,138,,,153,166,125,66
2020-04-18 20:00:00,238,,141,,97,32,146,,,156,148,136,67
2020-04-18 21:00:00,231,,133,,96,33,114,,,135,132,163,94
2020-04-18 22:00:00,289,,100,,110,33,109,,,132,102,164,106
2020-04-18 23:00:00,269,,103,,114,32,52,,,120,129,193,119
2020-04-19 00:00:00,293,,132,,131,35,52,,,114,131,178,136
2020-04-19 01:00:00,31,,147,,143,41,91,,,190,126,326,174
2020-04-19 02:00:00,34,,145,,53,44,51,,,178,2,312,225
2020-04-19 03:00:00,47,,336,,305,48,24,,,246,1,323,245
2020-04-19 04:00:00,39,,294,,288,46,288,,,161,354,306,241
2020-04-19 05:00:00,32,,333,,298,46,223,,,315,346,344,202
2020-04-19 06:00:00,23,,293,,284,41,75,,,272,314,266,129
2020-04-19 07:00:00,32,,296,,269,38,32,,,305,295,263,111
2020-04-19 08:00:00,22,,326,,259,28,28,,,318,246,337,83
2020-04-19 09:00:00,20,,1,,289,22,29,,,320,57,345,65
2020-04-19 10:00:00,135,,16,,309,12,32,,,260,350,318,289
2020-04-19 11:00:00,149,,338,,318,4,358,,,306,358,299,272
2020-04-19 12:00:00,145,,342,,306,2,329,,,241,359,306,277
2020-04-19 13:00:00,140,,358,,280,1,337,,,,61,314,283
2020-04-19 14:00:00,144,,350,,254,1,337,,,,157,327,290
2020-04-19 15:00:00,144,,66,,259,1,319,,,,165,327,286
2020-04-19 16:00:00,128,,152,,261,,151,,,,159,324,287
2020-04-19 17:00:00,109,,151,,254,,126,,,,148,327,303
2020-04-19 18:00:00,96,,147,,252,,137,,,,139,344,71
2020-04-19 19:00:00,89,,135,,101,,130,,,,148,109,61
2020-04-19 20:00:00,85,,142,,85,,129,,,,147,117,59
2020-04-19 21:00:00,117,,148,,95,,135,,,,156,149,63
2020-04-19 22:00:00,116,,144,,86,,125,,,,178,176,122
2020-04-19 23:00:00,107,,144,,92,,146,,,,246,167,121
2020-04-20 00:00:00,83,,142,,119,,,,,,144,172,157
2020-04-20 01:00:00,79,,126,,111,,75,,,,33,168,146
2020-04-20 02:00:00,318,,89,,126,,63,,,144,123,167,154
2020-04-20 03:00:00,195,,89,,156,,49,,,165,218,166,152
2020-04-20 04:00:00,146,,213,,139,,34,,,225,307,10,148
2020-04-20 05:00:00,104,,342,,94,,30,,,244,347,318,197
2020-04-20 06:00:00,117,,301,,2,,353,,,263,345,316,226
2020-04-20 07:00:00,140,,336,,241,,259,,,285,341,327,231
2020-04-20 08:00:00,139,,314,,297,,240,,,261,356,359,255
2020-04-20 09:00:00,154,,343,,243,,39,,,303,25,98,163
2020-04-20 10:00:00,150,,19,,111,,40,,,245,83,124,73
2020-04-20 11:00:00,149,,144,,109,,70,,,120,150,153,90
2020-04-20 12:00:00,152,,145,,104,,107,,,177,154,146,70
2020-04-20 13:00:00,155,,151,,105,,108,,,125,126,123,55
2020-04-20 14:00:00,152,,149,,95,,126,,,113,123,112,57
2020-04-20 15:00:00,144,,138,,88,,127,,,109,129,124,75
2020-04-20 16:00:00,94,,137,,97,,122,,,114,125,118,72
2020-04-20 17:00:00,,,138,,90,,132,,,127,130,113,66
2020-04-20 18:00:00,,,142,,93,,124,,,123,127,112,68
2020-04-20 19:00:00,,,124,,95,,130,,,125,124,118,73
2020-04-20 20:00:00,,,134,,91,,126,,,129,126,116,63
2020-04-20 21:00:00,,,135,,86,,116,,,127,127,125,54
2020-04-20 22:00:00,,,131,,84,2,116,,,127,123,156,60
2020-04-20 23:00:00,,,119,,88,4,108,,,122,124,157,69
2020-04-21 00:00:00,,,121,,95,8,103,,,125,106,184,64
2020-04-21 01:00:00,,,119,,115,17,81,,,122,84,143,98
2020-04-21 02:00:00,,,136,,114,27,76,,,129,90,139,102
2020-04-21 03:00:00,,,142,,102,31,105,,,128,83,165,103
2020-04-21 04:00:00,,,143,,91,33,79,,,121,95,168,108
2020-04-21 05:00:00,,,135,,22,35,63,,,116,94,270,157
2020-04-21 06:00:00,,,137,,43,36,68,,,113,101,336,217
2020-04-21 07:00:00,,,133,,117,37,78,,,100,125,45,254
2020-04-21 08:00:00,,,133,,95,37,83,,,110,148,61,244
2020-04-21 09:00:00,,,141,,125,37,80,,,113,157,131,66
2020-04-21 10:00:00,,,105,,116,29,78,,,118,114,129,78
2020-04-21 11:00:00,,,87,,105,26,67,,,124,134,125,74
2020-04-21 12:00:00,,,130,,96,17,72,,,114,147,133,75
2020-04-21 13:00:00,,,109,,100,11,68,,,130,139,124,62
2020-04-21 14:00:00,,,98,,95,9,80,,,121,128,125,68
2020-04-21 15:00:00,,,106,,98,9,96,,,120,135,122,66
2020-04-21 16:00:00,,,132,,96,9,107,,,120,132,115,47
2020-04-21 17:00:00,,,119,,91,12,114,,,117,131,103,65
2020-04-21 18:00:00,,,115,,84,17,119,,,127,116,111,67
2020-04-21 19:00:00,,,118,,85,22,123,,,117,121,113,69
2020-04-21 20:00:00,,,123,,81,28,118,,,115,127,120,67
2020-04-21 21:00:00,,,125,,84,32,125,,,123,122,113,61
2020-04-21 22:00:00,,,121,,87,31,118,,,115,119,117,56
2020-04-21 23:00:00,,,123,,84,39,117,,,118,121,116,52
2020-04-22 00:00:00,,,123,,90,45,118,,,121,125,117,53
2020-04-22 01:00:00,,,123,,96,44,117,,,123,125,121,58
2020-04-22 02:00:00,,,115,,106,49,116,,,120,117,143,68
2020-04-22 03:00:00,,,104,,122,46,70,,,117,113,181,107
2020-04-22 04:00:00,,,105,,112,48,66,,,102,87,131,111
2020-04-22 05:00:00,,,105,,74,52,91,,,107,49,129,98
2020-04-22 06:00:00,,,141,,52,47,122,,,67,71,28,85
2020-04-22 07:00:00,,,144,,19,54,118,,,88,130,12,78
2020-04-22 08:00:00,,,147,,334,47,101,,,118,159,319,78
2020-04-22 09:00:00,,,149,,312,46,111,,,104,170,345,316
2020-04-22 10:00:00,,,308,,246,33,73,,,159,207,92,64
2020-04-22 11:00:00,,,34,,249,20,66,,,142,95,115,83
2020-04-22 12:00:00,,,92,,100,15,39,,,127,98,124,79
2020-04-22 13:00:00,,,163,,101,10,74,,,126,134,89,77
2020-04-22 14:00:00,,,140,,104,9,121,,,144,181,107,62
2020-04-22 15:00:00,,,138,,101,10,105,,,170,252,121,64
2020-04-22 16:00:00,,,124,,101,10,83,,,137,120,116,55
2020-04-22 17:00:00,,,136,,96,12,92,,,72,122,109,54
2020-04-22 18:00:00,,,111,,97,15,96,,,79,140,116,63
2020-04-22 19:00:00,,,73,,90,22,116,,,114,63,113,69
2020-04-22 20:00:00,,,85,,84,26,97,,,73,56,129,74
2020-04-22 21:00:00,,,122,,85,31,116,,,72,113,126,67
2020-04-22 22:00:00,,,151,,95,32,130,,,152,170,140,82
2020-04-22 23:00:00,,,129,,82,33,123,,,162,138,144,67
2020-04-23 00:00:00,,,138,,91,37,106,,,170,115,154,58
2020-04-23 01:00:00,,,130,,98,42,84,,,100,70,180,128
2020-04-23 02:00:00,,,39,,151,42,44,,,117,331,200,120
2020-04-23 03:00:00,,,298,,48,49,262,,,245,293,74,121
2020-04-23 04:00:00,,,323,,320,49,346,,,233,314,326,242
2020-04-23 05:00:00,,,347,,290,46,33,,,314,,274,231
2020-04-23 06:00:00,,,352,,260,48,30,,,321,339,272,75
2020-04-23 07:00:00,,,356,,215,45,37,,,309,27,143,98
2020-04-23 08:00:00,,,142,,153,37,194,,,213,233,154,106
2020-04-23 09:00:00,,,245,,144,26,222,,,194,229,148,248
2020-04-23 10:00:00,,,312,,131,16,214,,,242,301,200,283
2020-04-23 11:00:00,,,333,,130,8,359,,,288,331,168,30
2020-04-23 12:00:00,,,350,,146,3,42,,,308,350,114,112
2020-04-23 13:00:00,,,353,,136,2,37,,,199,4,125,104
2020-04-23 14:00:00,,,17,,154,2,75,,,120,7,129,104
2020-04-23 15:00:00,,,19,,323,1,69,,,204,45,136,87
2020-04-23 16:00:00,,,19,,30,1,96,,,265,86,136,98
2020-04-23 17:00:00,,,66,,109,1,141,,,156,145,127,74
2020-04-23 18:00:00,,,114,,118,,147,,,194,108,125,77
2020-04-23 19:00:00,,,132,,102,,120,,,111,93,130,93
2020-04-23 20:00:00,,,132,,97,,125,,,105,119,126,72
2020-04-23 21:00:00,,,151,,93,,155,,,150,221,148,68
2020-04-23 22:00:00,,,158,,87,,206,,,202,234,164,138
2020-04-23 23:00:00,,,146,,40,,211,,,196,153,168,166
2020-04-24 00:00:00,,,117,,25,,114,,,154,125,158,172
2020-04-24 01:00:00,,,143,,92,2,115,,,139,140,176,132
2020-04-24 02:00:00,,,136,,109,3,96,,,167,70,276,144
2020-04-24 03:00:00,,,54,,157,6,72,,,126,53,225,251
2020-04-24 04:00:00,,,31,,116,8,59,,,182,14,220,184
2020-04-24 05:00:00,,,127,,4,9,68,,,192,352,337,219
2020-04-24 06:00:00,,,151,,274,13,358,,,132,319,334,233
2020-04-24 07:00:00,,,152,,292,13,275,,,236,309,320,225
2020-04-24 08:00:00,,,15,,281,10,26,,,241,295,15,242
2020-04-24 09:00:00,,,329,,291,8,321,,,226,355,12,263
2020-04-24 10:00:00,,,332,,295,7,25,,,124,3,51,91
2020-04-24 11:00:00,,,350,,74,9,65,,,219,301,80,84
2020-04-24 12:00:00,,,31,,99,14,59,,,185,173,117,71
2020-04-24 13:00:00,,,92,,117,20,108,,,125,159,134,85
2020-04-24 14:00:00,,,138,,104,22,129,,,101,164,124,62
2020-04-24 15:00:00,,,141,,102,23,131,,,151,165,121,59
2020-04-24 16:00:00,,,150,,93,22,135,,,150,158,125,73
2020-04-24 17:00:00,,,162,,90,14,153,,,163,131,115,64
2020-04-24 18:00:00,,,145,,97,,136,,,108,151,125,101
2020-04-24 19:00:00,,,133,,100,,139,,,119,118,123,90
2020-04-24 20:00:00,,,106,,98,360,111,,,127,108,156,85
2020-04-24 21:00:00,,,133,,85,360,114,,,136,123,177,127
2020-04-24 22:00:00,,,135,,93,360,91,,,173,144,178,80
2020-04-24 23:00:00,,,92,,112,,84,,,141,92,186,143
2020-04-25 00:00:00,,,97,,160,,50,,,121,127,160,140
2020-04-25 01:00:00,,,93,,358,,47,,,164,101,344,191
2020-04-25 02:00:00,,,150,,7,,43,,,72,119,289,150
2020-04-25 03:00:00,,,70,,23,1,36,,,217,262,291,194
2020-04-25 04:00:00,,,353,,316,1,354,,,262,351,318,187
2020-04-25 05:00:00,,,305,,300,1,8,,,250,14,315,211
2020-04-25 06:00:00,,,288,,301,,302,,,317,313,347,250
2020-04-25 07:00:00,,,322,,265,,6,,,305,344,312,203
2020-04-25 08:00:00,,,346,,121,,52,,,329,346,147,61
2020-04-25 09:00:00,,,351,,131,,43,,,328,343,156,75
2020-04-25 10:00:00,,,358,,88,,43,,,341,339,140,99
2020-04-25 11:00:00,,,,,116,,46,,,301,348,140,97
2020-04-25 12:00:00,,,3,,116,1,48,,,199,91,140,85
2020-04-25 13:00:00,,,17,,122,1,68,,,114,79,137,66
2020-04-25 14:00:00,,,11,,111,1,62,,,173,82,138,78
2020-04-25 15:00:00,,,16,,98,2,65,,,113,89,104,47
2020-04-25 16:00:00,,,93,,87,2,78,,,100,89,109,52
2020-04-25 17:00:00,,,113,,80,3,108,,,96,94,106,77
2020-04-25 18:00:00,,,126,,75,4,138,,,109,138,117,83
2020-04-25 19:00:00,,,145,,79,5,156,,,142,124,122,85
2020-04-25 20:00:00,,,108,,94,6,134,,,171,92,134,92
2020-04-25 21:00:00,,,137,,92,6,126,,,136,104,129,77
2020-04-25 22:00:00,,,138,,88,6,120,,,155,104,129,76
2020-04-25 23:00:00,,,109,,100,,114,,,122,78,134,78
2020-04-26 00:00:00,,,95,,88,7,92,,,98,57,142,61
2020-04-26 01:00:00,,,91,,83,7,99,,,74,121,127,67
2020-04-26 02:00:00,,,136,,92,10,116,,,133,110,109,57
2020-04-26 03:00:00,,,127,,85,13,121,,,140,92,121,65
2020-04-26 04:00:00,,,80,,101,11,55,,,135,51,123,65
2020-04-26 05:00:00,,,328,,104,10,46,,,80,55,124,61
2020-04-26 06:00:00,,,312,,90,10,50,,,87,58,147,63
2020-04-26 07:00:00,,,301,,101,9,42,,,129,346,152,98
2020-04-26 08:00:00,,,323,,106,9,47,,,238,316,153,86
2020-04-26 09:00:00,,,337,,103,8,47,,,203,19,140,60
2020-04-26 10:00:00,,,330,,102,7,51,,,96,32,123,61
2020-04-26 11:00:00,,,20,,108,7,53,,,92,56,119,57
2020-04-26 12:00:00,,,137,,107,7,81,,,95,174,131,64
2020-04-26 13:00:00,,,141,,100,,64,,,111,187,143,71
2020-04-26 14:00:00,,,114,,109,8,97,,,129,207,130,69
2020-04-26 15:00:00,,,144,,102,10,98,,,110,227,130,63
2020-04-26 16:00:00,,,140,,101,6,97,,,132,216,135,60
2020-04-26 17:00:00,,,143,,93,5,104,,,172,176,124,60
2020-04-26 18:00:00,,,145,,90,4,114,,,159,189,121,62
2020-04-26 19:00:00,,,152,,87,4,116,,,159,200,121,61
2020-04-26 20:00:00,,,163,,84,5,120,,,193,210,125,63
2020-04-26 21:00:00,,,154,,83,4,133,,,200,180,142,70
2020-04-26 22:00:00,,,149,,74,4,120,,,178,169,140,65
2020-04-26 23:00:00,,,132,,82,4,106,,,146,127,146,64
2020-04-27 00:00:00,,,134,,86,,125,,,120,135,138,64
2020-04-27 01:00:00,,,133,,95,6,113,,,126,126,137,59
2020-04-27 02:00:00,,,125,,94,7,114,,,123,125,142,58
2020-04-27 03:00:00,,,127,,102,6,120,,,120,129,168,70
2020-04-27 04:00:00,,,139,,114,5,80,,,123,99,201,113
2020-04-27 05:00:00,,,147,,101,5,81,,,141,75,132,96
2020-04-27 06:00:00,,,135,,94,7,122,,,149,107,123,83
2020-04-27 07:00:00,,,133,,93,8,113,,,118,135,131,104
2020-04-27 08:00:00,,,140,,94,7,104,,,149,130,166,106
2020-04-27 09:00:00,,,139,,104,5,110,,,145,131,142,86
2020-04-27 10:00:00,,,139,,105,4,110,,,135,134,138,77
2020-04-27 11:00:00,,,136,,106,4,88,,,134,121,138,75
2020-04-27 12:00:00,,,123,,90,4,104,,,120,135,145,64
2020-04-27 13:00:00,,,137,,97,,106,,,122,150,141,74
2020-04-27 14:00:00,,,138,,84,5,107,,,146,160,128,68
2020-04-27 15:00:00,,,140,,87,7,111,,,164,166,117,60
2020-04-27 16:00:00,,,145,,90,8,110,,,153,174,112,64
2020-04-27 17:00:00,,,152,,88,8,121,,,157,171,123,67
2020-04-27 18:00:00,,,145,,84,7,130,,,168,166,122,67
2020-04-27 19:00:00,,,148,,80,6,134,,,166,172,136,60
2020-04-27 20:00:00,,,138,,80,5,132,,,157,163,160,58
2020-04-27 21:00:00,,,134,,86,5,76,,,154,154,167,63
2020-04-27 22:00:00,,,117,,84,5,80,,,145,109,168,90
2020-04-27 23:00:00,,,108,,98,3,76,,,120,97,186,131
2020-04-28 00:00:00,,,61,,109,3,53,,,123,76,,88
2020-04-28 01:00:00,,,67,,120,4,61,,,76,57,156,88
2020-04-28 02:00:00,,,132,,125,4,122,,,56,54,154,85
2020-04-28 03:00:00,,,183,,115,4,276,,,195,203,158,81
2020-04-28 04:00:00,,,157,,109,,214,,,190,177,146,142
2020-04-28 05:00:00,,,152,,62,,197,,,192,168,179,294
2020-04-28 06:00:00,,,133,,220,6,154,,,162,140,296,120
2020-04-28 07:00:00,,,71,,4,8,62,,,138,139,54,134
2020-04-28 08:00:00,,,9,,74,8,44,,,97,62,312,110
2020-04-28 09:00:00,,,358,,157,3,24,,,124,55,355,65
2020-04-28 10:00:00,,,325,,215,4,60,,,207,70,114,82
2020-04-28 11:00:00,,,289,,97,6,64,,,204,65,103,81
2020-04-28 12:00:00,,,99,,107,8,82,,,127,78,119,74
2020-04-28 13:00:00,,,144,,100,10,64,,,146,155,128,69
2020-04-28 14:00:00,,,143,,93,11,106,,,122,134,123,67
2020-04-28 15:00:00,,,128,,98,11,107,,,115,163,121,59
2020-04-28 16:00:00,,,144,,102,10,122,,,138,176,108,53
2020-04-28 17:00:00,,,147,,99,8,150,,,169,166,127,78
2020-04-28 18:00:00,,,160,,78,7,193,,,158,225,185,63
2020-04-28 19:00:00,,,310,,90,5,309,,,208,263,197,263
2020-04-28 20:00:00,,,349,,116,3,31,,,243,322,194,18
2020-04-28 21:00:00,,,328,,80,3,127,,,317,299,196,141
2020-04-28 22:00:00,,,312,,93,2,37,,,299,330,189,289
2020-04-28 23:00:00,,,331,,78,2,37,,,190,4,171,91
2020-04-29 00:00:00,,,214,,91,1,203,,,164,234,163,93
2020-04-29 01:00:00,,,171,,38,1,201,,,202,177,165,89
2020-04-29 02:00:00,,,106,,236,1,273,,,175,107,182,200
2020-04-29 03:00:00,,,348,,224,,290,,,127,30,304,227
2020-04-29 04:00:00,,,323,,291,,257,,,213,337,327,279
2020-04-29 05:00:00,,,305,,290,,291,,,333,5,342,281
2020-04-29 06:00:00,,,292,,281,,289,,,344,348,303,278
2020-04-29 07:00:00,,,318,,296,,309,,,337,349,300,256
2020-04-29 08:00:00,,,320,,278,,278,,,346,346,327,266
2020-04-29 09:00:00,,,314,,268,,332,,,324,338,77,257
2020-04-29 10:00:00,,,310,,277,2,86,,,328,328,60,238
2020-04-29 11:00:00,,,303,,282,4,324,,,314,29,89,53
2020-04-29 12:00:00,,,2,,262,6,46,,,287,59,135,55
2020-04-29 13:00:00,,,3,,110,5,53,,,80,62,125,58
2020-04-29 14:00:00,,,1,,113,5,62,,,73,60,105,54
2020-04-29 15:00:00,,,357,,114,6,53,,,70,61,95,52
2020-04-29 16:00:00,,,4,,101,5,41,,,78,55,100,34
2020-04-29 17:00:00,,,53,,95,5,121,,,74,8,108,75
2020-04-29 18:00:00,,,206,,111,3,192,,,208,76,113,80
2020-04-29 19:00:00,,,147,,104,2,167,,,221,113,120,92
2020-04-29 20:00:00,,,137,,106,2,137,,,166,107,133,84
2020-04-29 21:00:00,,,138,,96,2,135,,,157,114,117,82
2020-04-29 22:00:00,,,137,,88,1,141,,,123,155,121,80
2020-04-29 23:00:00,,,137,,87,1,134,,,138,161,122,70
2020-04-30 00:00:00,,,133,,83,1,120,,,175,135,134,61
2020-04-30 01:00:00,,,122,,88,,119,,,149,135,158,67
2020-04-30 02:00:00,,,112,,89,,100,,,121,154,139,69
2020-04-30 03:00:00,,,143,,84,,115,,,146,156,132,63
2020-04-30 04:00:00,,,141,,94,2,133,,,167,167,129,70
2020-04-30 05:00:00,,,137,,95,2,119,,,169,145,134,63
2020-04-30 06:00:00,,,131,,88,2,103,,,126,116,147,71
2020-04-30 07:00:00,,,114,,90,,108,,,111,126,162,75
2020-04-30 08:00:00,,,122,,98,,112,,,111,131,120,62
2020-04-30 09:00:00,,,134,,101,,108,,,134,145,150,64
2020-04-30 10:00:00,,,133,,102,,107,,,164,158,156,87
2020-04-30 11:00:00,,,140,,95,,141,,,184,146,126,72
2020-04-30 12:00:00,,,143,,102,,118,,,190,145,117,63
2020-04-30 13:00:00,,,138,,91,,137,,,187,148,110,69
2020-04-30 14:00:00,,,147,,99,,125,,,144,152,120,66
2020-04-30 15:00:00,,,149,,99,,136,,,147,153,112,62
2020-04-30 16:00:00,,,146,,103,,137,,,175,182,121,67
2020-04-30 17:00:00,,,157,,102,,166,,,185,189,122,76
2020-04-30 18:00:00,,,157,,106,,183,,,183,197,116,71
2020-04-30 19:00:00,,,160,,103,,182,,,182,194,120,68
2020-04-30 20:00:00,,,158,,89,,186,,,188,193,132,65
2020-04-30 21:00:00,,,159,,73,,187,,,194,192,148,105
2020-04-30 22:00:00,,,147,,70,,191,,,194,129,138,146
2020-04-30 23:00:00,,,124,,82,,128,,,147,127,132,132
2020-05-01 00:00:00,,,,,,,,,,,,,
2020-05-01 01:00:00,337,,135,,133,,97,,,114,151,161,105
2020-05-01 02:00:00,334,,125,,96,,97,,,141,123,189,127
2020-05-01 03:00:00,6,,82,,77,,67,,,117,64,341,115
2020-05-01 04:00:00,66,,138,,107,,56,,,84,47,145,107
2020-05-01 05:00:00,5,,145,,42,,24,,,281,335,116,123
2020-05-01 06:00:00,16,,328,,12,,9,,,87,304,351,137
2020-05-01 07:00:00,9,,310,,355,,24,,,263,322,17,104
2020-05-01 08:00:00,354,,338,,93,,358,,,263,17,37,48
2020-05-01 09:00:00,40,,30,,76,,15,,,225,63,64,35
2020-05-01 10:00:00,58,,2,,109,,36,,,158,140,89,75
2020-05-01 11:00:00,57,,106,,106,,69,,,152,146,96,88
2020-05-01 12:00:00,81,,130,,111,,76,,,160,136,111,74
2020-05-01 13:00:00,78,,143,,98,,88,,,141,147,124,73
2020-05-01 14:00:00,57,,142,,98,,104,,,148,143,126,65
2020-05-01 15:00:00,78,,143,,100,,116,,,148,143,125,44
2020-05-01 16:00:00,117,,145,,98,,129,,,152,158,107,59
2020-05-01 17:00:00,137,,147,,102,,123,,,146,157,107,65
2020-05-01 18:00:00,140,,148,,98,,137,,,166,168,109,68
2020-05-01 19:00:00,145,,155,,91,,144,,,164,189,113,73
2020-05-01 20:00:00,120,,153,,87,,172,,,179,185,135,60
2020-05-01 21:00:00,149,,128,,68,,124,,,178,124,164,88
2020-05-01 22:00:00,118,,121,,103,,116,,,134,117,153,108
2020-05-01 23:00:00,97,,133,,90,,114,,,119,139,157,79
2020-05-02 00:00:00,75,,126,,118,,109,,,133,128,160,73
2020-05-02 01:00:00,30,,103,,121,,75,,,123,88,171,96
2020-05-02 02:00:00,43,,87,,115,,50,,,99,96,170,112
2020-05-02 03:00:00,67,,98,,49,,72,,,87,79,136,96
2020-05-02 04:00:00,52,,126,,89,,69,,,39,59,128,91
2020-05-02 05:00:00,79,,136,,26,,87,,,74,71,131,95
2020-05-02 06:00:00,282,,126,,349,,63,,,96,91,43,199
2020-05-02 07:00:00,23,,88,,317,,53,,,98,34,345,186
2020-05-02 08:00:00,8,,98,,330,,51,,,28,39,13,303
2020-05-02 09:00:00,359,,338,,249,,50,,,,20,50,189
2020-05-02 10:00:00,30,,52,,113,,76,,,,29,128,70
2020-05-02 11:00:00,45,,85,,92,,70,,,,69,126,75
2020-05-02 12:00:00,67,,125,,96,,85,,,,147,129,77
2020-05-02 13:00:00,82,,130,,94,,95,,,,131,133,83
2020-05-02 14:00:00,71,,131,,95,,116,,,,137,130,73
2020-05-02 15:00:00,56,,136,,97,,88,,,131,150,127,55
2020-05-02 16:00:00,67,,148,,93,,115,,,112,163,111,44
2020-05-02 17:00:00,115,,148,,95,,133,,,154,175,103,65
2020-05-02 18:00:00,147,,149,,100,,134,,,154,188,116,81
2020-05-02 19:00:00,154,,158,,98,,129,,,179,192,116,71
2020-05-02 20:00:00,138,,146,,82,,196,,,197,128,136,71
2020-05-02 21:00:00,102,,116,,71,,120,,,153,114,170,62
2020-05-02 22:00:00,82,,127,,80,,102,,,107,112,155,50
2020-05-02 23:00:00,65,,123,,93,,94,,,117,98,154,65
2020-05-03 00:00:00,54,,132,,92,,92,,,108,75,170,78
2020-05-03 01:00:00,53,,140,,89,,77,,,100,96,166,97
2020-05-03 02:00:00,34,,142,,46,,65,,,117,107,149,89
2020-05-03 03:00:00,34,,138,,72,,74,,,119,116,135,89
2020-05-03 04:00:00,73,,135,,80,,83,,,92,127,140,72
2020-05-03 05:00:00,63,,140,,20,,85,,,91,135,182,83
2020-05-03 06:00:00,53,,121,,179,,81,,,107,134,289,128
2020-05-03 07:00:00,85,,54,,39,,78,,,78,44,280,231
2020-05-03 08:00:00,61,,37,,314,,52,,,35,51,329,252
2020-05-03 09:00:00,28,,45,,286,,51,,,51,67,106,18
2020-05-03 10:00:00,96,,334,,229,,40,,,145,109,128,69
2020-05-03 11:00:00,93,,102,,99,,65,,,127,144,115,76
2020-05-03 12:00:00,70,,130,,96,,77,,,132,173,120,71
2020-05-03 13:00:00,89,,129,,98,,75,,,154,147,125,66
2020-05-03 14:00:00,85,,111,,94,,112,,,118,144,133,69
2020-05-03 15:00:00,74,,135,,105,,103,,,116,143,119,47
2020-05-03 16:00:00,121,,140,,102,,136,,,121,141,104,46
2020-05-03 17:00:00,127,,149,,93,,130,,,130,164,117,67
2020-05-03 18:00:00,127,,147,,91,,133,,,143,179,109,72
2020-05-03 19:00:00,149,,159,,93,,148,,,173,189,115,73
2020-05-03 20:00:00,141,,154,,97,,187,,,188,183,134,65
2020-05-03 21:00:00,123,,133,,73,,181,,,197,123,166,87
2020-05-03 22:00:00,100,,132,,70,,119,,,129,109,158,123
2020-05-03 23:00:00,90,,128,,87,,108,,,121,129,160,62
2020-05-04 00:00:00,63,,125,,99,,99,,,127,99,161,81
2020-05-04 01:00:00,49,,120,,105,,76,,,106,88,175,92
2020-05-04 02:00:00,38,,141,,102,,69,,,115,99,157,107
2020-05-04 03:00:00,39,,140,,60,,70,,,117,105,121,93
2020-05-04 04:00:00,56,,135,,49,,61,,,92,88,143,89
2020-05-04 05:00:00,42,,137,,91,,78,,,83,65,126,83
2020-05-04 06:00:00,18,,140,,24,,77,,,90,58,132,104
2020-05-04 07:00:00,19,,134,,46,,56,,,98,31,121,124
2020-05-04 08:00:00,60,,148,,79,,56,,,87,79,99,58
2020-05-04 09:00:00,49,,119,,87,,100,,,80,64,140,58
2020-05-04 10:00:00,68,,122,,113,,64,,,107,130,133,78
2020-05-04 11:00:00,61,,120,,104,,62,,,124,149,122,79
2020-05-04 12:00:00,56,,129,,101,,69,,,107,140,126,73
2020-05-04 13:00:00,60,,131,,95,,97,,,141,136,130,68
2020-05-04 14:00:00,68,,129,,101,,,,,129,147,126,61
2020-05-04 15:00:00,79,,145,,99,,,,,133,151,121,50
2020-05-04 16:00:00,85,,144,,98,,,,,139,154,102,47
2020-05-04 17:00:00,128,,148,,106,,,,,140,156,110,91
2020-05-04 18:00:00,145,,140,,95,,,,,159,175,134,100
2020-05-04 19:00:00,155,,153,,96,,171,,,172,187,128,86
2020-05-04 20:00:00,124,,154,,93,,192,,,179,173,131,63
2020-05-04 21:00:00,110,,100,,98,,193,,,211,133,151,122
2020-05-04 22:00:00,99,,120,,66,,116,,,137,122,174,137
2020-05-04 23:00:00,71,,116,,99,,106,,,119,117,158,96
2020-05-05 00:00:00,58,,122,,99,,104,,,112,111,154,84
2020-05-05 01:00:00,50,,114,,99,,76,,,107,111,160,100
2020-05-05 02:00:00,35,,106,,70,,67,,,94,97,184,121
2020-05-05 03:00:00,71,,106,,4,,62,,,74,66,82,96
2020-05-05 04:00:00,16,,111,,73,,66,,,80,69,136,122
2020-05-05 05:00:00,,,109,,321,,57,,,92,54,347,223
2020-05-05 06:00:00,16,,106,,309,,53,,,93,31,5,166
2020-05-05 07:00:00,10,,49,,342,,39,,,50,26,355,240
2020-05-05 08:00:00,11,,30,,32,,301,,,35,141,360,281
2020-05-05 09:00:00,49,,351,,160,,356,,,85,178,354,261
2020-05-05 10:00:00,41,,345,,263,,95,,,134,322,98,58
2020-05-05 11:00:00,52,,42,,108,,65,,,122,61,115,70
2020-05-05 12:00:00,79,,104,,88,,74,,,101,137,124,76
2020-05-05 13:00:00,109,,130,,100,,107,,,179,143,132,85
2020-05-05 14:00:00,83,,113,,98,,110,,,115,127,124,71
2020-05-05 15:00:00,81,,75,,67,,94,,,128,71,110,65
2020-05-05 16:00:00,48,,66,,71,,73,,,80,50,94,40
2020-05-05 17:00:00,51,,58,,75,,73,,,59,49,107,44
2020-05-05 18:00:00,47,,25,,97,,68,,,47,28,112,50
2020-05-05 19:00:00,360,,344,,84,,19,,,37,36,129,37
2020-05-05 20:00:00,247,,338,,207,,6,,,32,42,165,89
2020-05-05 21:00:00,190,,333,,155,,292,,,194,248,180,105
2020-05-05 22:00:00,147,,168,,48,,204,,,272,299,152,31
2020-05-05 23:00:00,229,,215,,109,,201,,,216,289,145,152
2020-05-06 00:00:00,182,,171,,86,,197,,,251,2,172,143
2020-05-06 01:00:00,49,,119,,91,,133,,,144,113,152,249
2020-05-06 02:00:00,43,,144,,100,,179,,,133,270,154,101
2020-05-06 03:00:00,239,,247,,237,,275,,,199,268,165,186
2020-05-06 04:00:00,215,,317,,302,,279,,,256,42,315,291
2020-05-06 05:00:00,111,,155,,22,,132,,,201,340,144,66
2020-05-06 06:00:00,325,,297,,80,,237,,,220,191,188,172
2020-05-06 07:00:00,67,,316,,76,,50,,,176,161,128,110
2020-05-06 08:00:00,67,,299,,92,,62,,,200,157,139,65
2020-05-06 09:00:00,32,,337,,102,,40,,,176,320,124,69
2020-05-06 10:00:00,43,,351,,107,,51,,,258,276,122,73
2020-05-06 11:00:00,58,,352,,103,,47,,,276,249,123,71
2020-05-06 12:00:00,55,,21,,99,,42,,,243,72,120,62
2020-05-06 13:00:00,75,,351,,100,,76,,,160,91,110,57
2020-05-06 14:00:00,75,,98,,101,,63,,,162,89,110,54
2020-05-06 15:00:00,90,,117,,92,,128,,,109,90,104,63
2020-05-06 16:00:00,98,,113,,91,,126,,,90,76,111,69
2020-05-06 17:00:00,86,,113,,83,,112,,,92,86,114,77
2020-05-06 18:00:00,117,,123,,72,,126,,,102,171,121,88
2020-05-06 19:00:00,144,,150,,81,,194,,,148,165,111,76
2020-05-06 20:00:00,124,,126,,76,,176,,,161,130,111,64
2020-05-06 21:00:00,107,,105,,84,,88,,,132,80,139,84
2020-05-06 22:00:00,64,,65,,111,,69,,,98,35,144,111
2020-05-06 23:00:00,65,,344,,118,,53,,,111,120,135,102
2020-05-07 00:00:00,84,,141,,80,,99,,,140,186,132,89
2020-05-07 01:00:00,112,,149,,110,,126,,,182,178,148,80
2020-05-07 02:00:00,87,,149,,100,,105,,,169,152,158,96
2020-05-07 03:00:00,58,,81,,137,,66,,,155,93,160,108
2020-05-07 04:00:00,33,,77,,123,,74,,,103,108,174,119
2020-05-07 05:00:00,31,,122,,125,,48,,,139,270,182,117
2020-05-07 06:00:00,25,,128,,151,,45,,,141,344,214,121
2020-05-07 07:00:00,17,,144,,146,,33,,,94,308,328,122
2020-05-07 08:00:00,18,,140,,119,,155,,,107,120,347,89
2020-05-07 09:00:00,13,,124,,120,,74,,,127,141,200,68
2020-05-07 10:00:00,95,,140,,117,,105,,,124,143,132,66
2020-05-07 11:00:00,61,,139,,106,,103,,,149,150,144,71
2020-05-07 12:00:00,72,,140,,109,,122,,,134,140,120,52
2020-05-07 13:00:00,139,,145,,103,,121,,,126,147,113,49
2020-05-07 14:00:00,142,,150,,88,,129,,,149,152,107,74
2020-05-07 15:00:00,148,,149,,88,,138,,,152,164,115,70
2020-05-07 16:00:00,136,,152,,86,,138,,,159,159,108,70
2020-05-07 17:00:00,135,,157,,89,,150,,,174,180,112,74
2020-05-07 18:00:00,147,,155,,89,,162,,,183,174,115,75
2020-05-07 19:00:00,149,,155,,101,,172,,,178,183,119,84
2020-05-07 20:00:00,138,,153,,85,,189,,,177,162,121,70
2020-05-07 21:00:00,113,,131,,72,,157,,,171,121,137,57
2020-05-07 22:00:00,108,,118,,70,,124,,,125,120,122,57
2020-05-07 23:00:00,115,,114,,80,,122,,,121,137,126,50
2020-05-08 00:00:00,95,,130,,86,,124,,,133,144,152,88
2020-05-08 01:00:00,67,,120,,106,,117,,,138,135,304,117
2020-05-08 02:00:00,62,,117,,139,,108,,,120,120,34,119
2020-05-08 03:00:00,59,,106,,66,,95,,,93,94,99,121
2020-05-08 04:00:00,70,,105,,120,,101,,,96,,327,119
2020-05-08 05:00:00,68,,91,,6,,86,,,81,50,328,165
2020-05-08 06:00:00,10,,56,,304,,38,,,58,31,324,221
2020-05-08 07:00:00,329,,347,,288,,6,,,163,359,300,257
2020-05-08 08:00:00,73,,59,,272,,59,,,197,47,28,279
2020-05-08 09:00:00,70,,39,,297,,55,,,87,197,39,76
2020-05-08 10:00:00,97,,44,,6,,65,,,138,197,116,69
2020-05-08 11:00:00,87,,153,,86,,126,,,180,180,143,70
2020-05-08 12:00:00,86,,168,,304,,169,,,161,178,126,70
2020-05-08 13:00:00,85,,124,,296,,129,,,158,160,83,57
2020-05-08 14:00:00,106,,102,,326,,97,,,154,127,129,95
2020-05-08 15:00:00,127,,141,,110,,139,,,91,185,130,74
2020-05-08 16:00:00,70,,326,,132,,60,,,183,169,103,43
2020-05-08 17:00:00,233,,237,,232,,275,,,146,,311,308
2020-05-08 18:00:00,231,,226,,66,,274,,,,212,,286
2020-05-08 19:00:00,249,,274,,272,,257,,,,210,289,283
2020-05-08 20:00:00,269,,321,,257,,64,,,,331,309,63
2020-05-08 21:00:00,119,,332,,280,,30,,,,320,81,78
2020-05-08 22:00:00,219,,328,,246,,261,,,,326,325,229
2020-05-08 23:00:00,266,,304,,291,,313,,,,324,325,244
2020-05-09 00:00:00,334,,312,,271,,325,,,,339,332,250
2020-05-09 01:00:00,89,,311,,311,,323,,,,,315,240
2020-05-09 02:00:00,28,,354,,288,,44,,,,38,294,114
2020-05-09 03:00:00,27,,332,,91,,28,,,,178,125,91
2020-05-09 04:00:00,323,,31,,94,,22,,,,218,151,95
2020-05-09 05:00:00,354,,346,,126,,22,,,,240,156,109
2020-05-09 06:00:00,16,,341,,120,,19,,,,298,137,114
2020-05-09 07:00:00,89,,335,,125,,30,,,,328,129,107
2020-05-09 08:00:00,149,,290,,48,,12,,,,334,127,71
2020-05-09 09:00:00,205,,347,,57,,246,,,,3,333,291
2020-05-09 10:00:00,91,,1,,323,,59,,,,347,144,106
2020-05-09 11:00:00,36,,358,,46,,47,,,,57,137,78
2020-05-09 12:00:00,67,,24,,100,,64,,,,83,128,65
2020-05-09 13:00:00,63,,130,,105,,78,,,75,99,125,63
2020-05-09 14:00:00,100,,144,,103,,132,,,112,98,124,66
2020-05-09 15:00:00,138,,157,,102,,181,,,160,214,131,78
2020-05-09 16:00:00,120,,159,,105,,198,,,215,236,140,83
2020-05-09 17:00:00,141,,156,,103,,191,,,217,202,127,76
2020-05-09 18:00:00,127,,151,,100,,199,,,181,183,128,91
2020-05-09 19:00:00,128,,151,,98,,196,,,185,177,119,52
2020-05-09 20:00:00,128,,151,,98,,192,,,182,181,126,59
2020-05-09 21:00:00,124,,147,,98,,109,,,180,186,152,80
2020-05-09 22:00:00,109,,148,,107,,148,,,187,164,161,78
2020-05-09 23:00:00,112,,140,,100,,224,,,195,296,163,74
2020-05-10 00:00:00,92,,101,,101,,160,,,153,38,175,101
2020-05-10 01:00:00,102,,107,,101,,126,,,152,94,174,128
2020-05-10 02:00:00,71,,96,,91,,93,,,92,135,189,136
2020-05-10 03:00:00,57,,102,,110,,75,,,126,132,188,126
2020-05-10 04:00:00,63,,137,,110,,106,,,104,135,169,107
2020-05-10 05:00:00,69,,130,,125,,115,,,135,132,167,107
2020-05-10 06:00:00,71,,131,,111,,101,,,151,135,155,109
2020-05-10 07:00:00,72,,136,,121,,103,,,120,119,136,101
2020-05-10 08:00:00,82,,114,,110,,117,,,111,125,143,76
2020-05-10 09:00:00,76,,131,,104,,113,,,122,121,157,74
2020-05-10 10:00:00,76,,138,,111,,109,,,121,99,175,82
2020-05-10 11:00:00,63,,136,,109,,105,,,133,96,157,64
2020-05-10 12:00:00,60,,126,,106,,100,,,119,128,148,61
2020-05-10 13:00:00,66,,141,,107,,115,,,135,137,149,53
2020-05-10 14:00:00,100,,142,,102,,106,,,144,136,123,59
2020-05-10 15:00:00,140,,137,,89,,115,,,121,145,112,76
2020-05-10 16:00:00,144,,139,,89,,134,,,146,163,116,82
2020-05-10 17:00:00,105,,139,,89,,136,,,159,164,113,69
2020-05-10 18:00:00,128,,153,,81,,124,,,171,174,118,73
2020-05-10 19:00:00,130,,158,,80,,121,,,179,196,119,66
2020-05-10 20:00:00,145,,148,,72,,116,,,190,176,126,70
2020-05-10 21:00:00,149,,142,,75,,115,,,176,151,142,72
2020-05-10 22:00:00,137,,143,,76,,103,,,145,135,147,71
2020-05-10 23:00:00,130,,123,,76,,100,,,117,120,146,73
2020-05-11 00:00:00,93,,118,,80,,106,,,124,125,125,71
2020-05-11 01:00:00,107,,124,,84,,101,,,128,129,119,67
2020-05-11 02:00:00,69,,109,,84,,112,,,130,116,122,60
2020-05-11 03:00:00,81,,111,,89,,101,,,116,117,134,56
2020-05-11 04:00:00,74,,133,,89,,110,,,120,124,155,61
2020-05-11 05:00:00,79,,133,,85,,125,,,130,124,145,68
2020-05-11 06:00:00,90,,120,,86,,118,,,125,129,148,75
2020-05-11 07:00:00,72,,114,,87,,122,,,121,119,133,69
2020-05-11 08:00:00,61,,113,,87,,128,,,124,131,147,74
2020-05-11 09:00:00,75,,113,,95,,133,,,112,156,130,60
2020-05-11 10:00:00,72,,143,,94,,141,,,117,146,116,59
2020-05-11 11:00:00,148,,145,,89,,135,,,144,175,115,60
2020-05-11 12:00:00,143,,141,,88,,134,,,152,173,109,63
2020-05-11 13:00:00,140,,149,,85,,136,,,156,177,113,60
2020-05-11 14:00:00,148,,140,,88,,143,,,172,158,113,69
2020-05-11 15:00:00,143,,163,,92,,146,,,169,163,114,78
2020-05-11 16:00:00,131,,162,,97,,179,,,198,183,130,68
2020-05-11 17:00:00,146,,153,,87,,179,,,204,301,133,70
2020-05-11 18:00:00,148,,139,,89,,191,,,281,177,166,37
2020-05-11 19:00:00,154,,142,,84,,171,,,186,179,136,43
2020-05-11 20:00:00,83,,132,,86,,104,,,159,148,137,68
2020-05-11 21:00:00,90,,119,,81,,113,,,140,125,146,67
2020-05-11 22:00:00,92,,106,,90,,59,,,131,159,152,92
2020-05-11 23:00:00,66,,92,,110,,39,,,133,142,210,122
2020-05-12 00:00:00,16,,102,,125,,54,,,113,103,161,101
2020-05-12 01:00:00,19,,115,,121,,66,,,78,121,159,107
2020-05-12 02:00:00,25,,132,,137,,111,,,98,125,139,118
2020-05-12 03:00:00,339,,111,,160,,94,,,115,94,300,196
2020-05-12 04:00:00,340,,78,,173,,61,,,91,43,311,159
2020-05-12 05:00:00,14,,70,,142,,70,,,48,40,310,103
2020-05-12 06:00:00,69,,71,,97,,62,,,53,28,294,108
2020-05-12 07:00:00,3,,109,,126,,36,,,89,87,297,101
2020-05-12 08:00:00,8,,67,,119,,28,,,119,191,303,112
2020-05-12 09:00:00,349,,343,,105,,18,,,198,292,320,114
2020-05-12 10:00:00,89,,312,,141,,256,,,312,347,107,101
2020-05-12 11:00:00,79,,47,,132,,63,,,207,30,146,54
2020-05-12 12:00:00,100,,105,,100,,99,,,63,80,127,77
2020-05-12 13:00:00,62,,141,,109,,91,,,102,147,120,58
2020-05-12 14:00:00,74,,146,,109,,96,,,156,166,118,62
2020-05-12 15:00:00,67,,113,,96,,109,,,151,186,118,65
2020-05-12 16:00:00,83,,139,,98,,114,,,150,173,127,52
2020-05-12 17:00:00,141,,148,,98,,124,,,175,194,123,72
2020-05-12 18:00:00,134,,136,,93,,144,,,175,161,128,62
2020-05-12 19:00:00,111,,126,,93,,127,,,154,198,129,56
2020-05-12 20:00:00,124,,146,,88,,104,,,165,145,144,72
2020-05-12 21:00:00,102,,140,,91,,99,,,152,136,175,97
2020-05-12 22:00:00,78,,137,,93,,109,,,183,122,173,83
2020-05-12 23:00:00,90,,125,,96,,120,,,130,115,152,103
2020-05-13 00:00:00,68,,111,,99,,105,,,121,108,149,76
2020-05-13 01:00:00,52,,108,,94,,69,,,129,119,161,82
2020-05-13 02:00:00,43,,104,,101,,66,,,119,81,144,94
2020-05-13 03:00:00,58,,103,,118,,103,,,92,81,151,89
2020-05-13 04:00:00,64,,124,,109,,111,,,101,106,161,81
2020-05-13 05:00:00,55,,136,,96,,112,,,122,133,152,95
2020-05-13 06:00:00,72,,133,,118,,104,,,137,138,172,92
2020-05-13 07:00:00,64,,136,,101,,104,,,143,93,176,97
2020-05-13 08:00:00,68,,140,,114,,104,,,103,133,170,85
2020-05-13 09:00:00,47,,139,,134,,95,,,116,168,172,69
2020-05-13 10:00:00,9,,135,,130,,71,,,130,195,106,83
2020-05-13 11:00:00,7,,121,,107,,56,,,137,196,125,96
2020-05-13 12:00:00,64,,126,,98,,71,,,108,201,145,92
2020-05-13 13:00:00,59,,136,,103,,82,,,144,218,151,67
2020-05-13 14:00:00,65,,154,,102,,116,,,158,174,142,57
2020-05-13 15:00:00,117,,151,,94,,130,,,171,200,122,71
2020-05-13 16:00:00,133,,154,,90,,131,,,158,211,116,69
2020-05-13 17:00:00,130,,152,,90,,139,,,191,208,113,73
2020-05-13 18:00:00,143,,151,,88,,135,,,196,210,114,79
2020-05-13 19:00:00,148,,150,,91,,154,,,185,130,117,72
2020-05-13 20:00:00,123,,125,,90,,129,,,164,106,126,77
2020-05-13 21:00:00,100,,134,,92,,121,,,104,158,110,65
2020-05-13 22:00:00,55,,129,,87,,87,,,130,180,140,71
2020-05-13 23:00:00,65,,109,,100,,92,,,115,78,163,101
2020-05-14 00:00:00,61,,110,,109,,101,,,91,69,163,104
2020-05-14 01:00:00,66,,107,,120,,106,,,109,106,166,96
2020-05-14 02:00:00,76,,124,,103,,109,,,140,145,167,85
2020-05-14 03:00:00,48,,96,,107,,76,,,164,110,162,82
2020-05-14 04:00:00,72,,53,,109,,76,,,256,78,151,108
2020-05-14 05:00:00,85,,65,,102,,91,,,284,88,109,96
2020-05-14 06:00:00,84,,90,,90,,101,,,89,87,145,116
2020-05-14 07:00:00,94,,120,,79,,126,,,102,113,134,87
2020-05-14 08:00:00,78,,133,,91,,122,,,116,125,148,71
2020-05-14 09:00:00,70,,133,,95,,111,,,120,126,147,64
2020-05-14 10:00:00,68,,130,,93,,93,,,117,134,152,67
2020-05-14 11:00:00,63,,140,,102,,96,,,117,166,138,57
2020-05-14 12:00:00,61,,132,,108,,87,,,165,193,141,62
2020-05-14 13:00:00,70,,139,,107,,89,,,159,158,131,55
2020-05-14 14:00:00,75,,150,,103,,117,,,151,158,123,53
2020-05-14 15:00:00,115,,145,,101,,145,,,154,174,130,84
2020-05-14 16:00:00,108,,149,,103,,118,,,164,177,129,70
2020-05-14 17:00:00,125,,142,,97,,117,,,164,153,116,67
2020-05-14 18:00:00,147,,147,,90,,125,,,165,162,113,71
2020-05-14 19:00:00,130,,140,,83,,136,,,155,148,116,65
2020-05-14 20:00:00,115,,141,,73,,126,,,149,159,125,57
2020-05-14 21:00:00,116,,138,,75,,102,,,169,139,145,70
2020-05-14 22:00:00,100,,129,,83,,95,,,134,120,165,105
2020-05-14 23:00:00,94,,129,,87,,106,,,122,123,158,80
2020-05-15 00:00:00,111,,134,,89,,109,,,128,121,132,66
2020-05-15 01:00:00,54,,121,,95,,100,,,131,120,155,75
2020-05-15 02:00:00,30,,112,,98,,84,,,128,116,148,107
2020-05-15 03:00:00,38,,123,,104,,92,,,120,107,152,105
2020-05-15 04:00:00,55,,119,,113,,84,,,128,95,154,94
2020-05-15 05:00:00,39,,117,,105,,73,,,124,88,188,94
2020-05-15 06:00:00,48,,129,,108,,,,,103,89,141,100
2020-05-15 07:00:00,53,,137,,133,,,,,108,87,157,
2020-05-15 08:00:00,56,,145,,95,,77,,,114,72,112,114
2020-05-15 09:00:00,45,,118,,82,,69,,,86,96,100,82
2020-05-15 10:00:00,64,,108,,69,,75,,,95,53,92,70
2020-05-15 11:00:00,72,,98,,96,,82,,,61,101,111,64
2020-05-15 12:00:00,54,,125,,97,,91,,,99,159,120,67
2020-05-15 13:00:00,58,,136,,95,,96,,,90,131,126,67
2020-05-15 14:00:00,92,,138,,93,,81,,,151,172,127,78
2020-05-15 15:00:00,88,,135,,100,,108,,,109,172,128,67
2020-05-15 16:00:00,86,,124,,100,,118,,,119,162,113,51
2020-05-15 17:00:00,113,,142,,92,,116,,,120,167,98,62
2020-05-15 18:00:00,92,,146,,81,,109,,,135,174,106,65
2020-05-15 19:00:00,105,,149,,88,,121,,,159,166,112,57
2020-05-15 20:00:00,115,,140,,76,,132,,,155,117,119,47
2020-05-15 21:00:00,97,,114,,80,,112,,,152,93,122,58
2020-05-15 22:00:00,110,,139,,88,,122,,,95,101,112,65
2020-05-15 23:00:00,129,,139,,94,,140,,,123,127,136,75
2020-05-16 00:00:00,79,,94,,107,,100,,,117,104,139,105
2020-05-16 01:00:00,61,,88,,106,,72,,,99,53,137,100
2020-05-16 02:00:00,45,,79,,84,,64,,,67,45,138,84
2020-05-16 03:00:00,67,,41,,104,,65,,,59,31,139,94
2020-05-16 04:00:00,74,,156,,115,,109,,,39,18,144,90
2020-05-16 05:00:00,45,,82,,87,,65,,,193,141,117,93
2020-05-16 06:00:00,96,,91,,117,,93,,,279,170,160,105
2020-05-16 07:00:00,78,,347,,70,,52,,,127,138,136,96
2020-05-16 08:00:00,41,,343,,103,,33,,,54,111,130,95
2020-05-16 09:00:00,108,,354,,73,,56,,,254,347,116,80
2020-05-16 10:00:00,69,,355,,113,,42,,,283,29,128,83
2020-05-16 11:00:00,97,,2,,99,,78,,,239,149,128,74
2020-05-16 12:00:00,67,,38,,112,,83,,,206,142,121,73
2020-05-16 13:00:00,82,,157,,101,,76,,,151,154,134,75
2020-05-16 14:00:00,91,,140,,99,,113,,,142,165,131,69
2020-05-16 15:00:00,102,,136,,92,,111,,,145,159,133,76
2020-05-16 16:00:00,137,,151,,103,,135,,,134,153,130,89
2020-05-16 17:00:00,146,,144,,106,,142,,,131,113,132,82
2020-05-16 18:00:00,113,,113,,97,,135,,,131,84,123,70
2020-05-16 19:00:00,57,,70,,97,,60,,,104,78,116,61
2020-05-16 20:00:00,117,,139,,92,,137,,,86,153,135,76
2020-05-16 21:00:00,157,,161,,84,,186,,,125,176,114,66
2020-05-16 22:00:00,119,,51,,80,,182,,,197,42,136,68
2020-05-16 23:00:00,59,,353,,127,,52,,,119,26,146,110
2020-05-17 00:00:00,123,,183,,86,,109,,,145,241,117,95
2020-05-17 01:00:00,252,,131,,84,,75,,,199,265,112,77
2020-05-17 02:00:00,23,,355,,63,,34,,,157,316,13,115
2020-05-17 03:00:00,264,,355,,330,,283,,,300,341,338,235
2020-05-17 04:00:00,321,,310,,303,,13,,,167,350,309,255
2020-05-17 05:00:00,294,,297,,292,,100,,,331,351,297,195
2020-05-17 06:00:00,294,,300,,297,,58,,,332,336,72,146
2020-05-17 07:00:00,188,,303,,289,,197,,,316,219,89,72
2020-05-17 08:00:00,142,,312,,279,,193,,,319,160,141,57
2020-05-17 09:00:00,107,,337,,114,,86,,,320,40,126,54
2020-05-17 10:00:00,106,,339,,103,,79,,,200,20,111,76
2020-05-17 11:00:00,75,,311,,114,,89,,,158,60,121,92
2020-05-17 12:00:00,55,,43,,108,,82,,,94,114,145,87
2020-05-17 13:00:00,42,,128,,111,,82,,,86,110,134,61
2020-05-17 14:00:00,81,,134,,108,,92,,,135,142,134,66
2020-05-17 15:00:00,81,,140,,108,,118,,,145,189,117,57
2020-05-17 16:00:00,111,,155,,106,,146,,,154,182,112,70
2020-05-17 17:00:00,161,,115,,106,,144,,,169,118,131,96
2020-05-17 18:00:00,146,,81,,95,,101,,,150,72,137,105
2020-05-17 19:00:00,100,,115,,78,,115,,,82,86,125,81
2020-05-17 20:00:00,109,,128,,91,,125,,,97,128,121,85
2020-05-17 21:00:00,137,,145,,94,,143,,,128,171,121,76
2020-05-17 22:00:00,134,,129,,74,,160,,,157,104,129,83
2020-05-17 23:00:00,102,,90,,75,,81,,,118,71,165,129
2020-05-18 00:00:00,55,,132,,129,,65,,,88,183,147,102
2020-05-18 01:00:00,44,,143,,93,,70,,,153,197,139,98
2020-05-18 02:00:00,26,,107,,40,,52,,,172,21,139,103
2020-05-18 03:00:00,323,,351,,356,,34,,,225,16,357,235
2020-05-18 04:00:00,173,,328,,345,,36,,,181,10,324,199
2020-05-18 05:00:00,250,,338,,,,36,,,232,300,349,188
2020-05-18 06:00:00,20,,32,,303,,36,,,162,288,352,155
2020-05-18 07:00:00,21,,152,,358,,46,,,94,316,347,133
2020-05-18 08:00:00,31,,132,,88,,43,,,227,8,126,59
2020-05-18 09:00:00,6,,84,,114,,53,,,89,11,112,63
2020-05-18 10:00:00,48,,44,,81,,56,,,111,118,61,70
2020-05-18 11:00:00,48,,124,,102,,60,,,128,145,104,74
2020-05-18 12:00:00,55,,121,,104,,73,,,108,161,138,59
2020-05-18 13:00:00,55,,140,,103,,105,,,130,216,134,69
2020-05-18 14:00:00,78,,154,,95,,124,,,148,176,134,58
2020-05-18 15:00:00,134,,144,,96,,117,,,166,174,111,66
2020-05-18 16:00:00,133,,147,,95,,128,,,170,191,112,59
2020-05-18 17:00:00,121,,158,,97,,138,,,175,199,108,72
2020-05-18 18:00:00,145,,156,,95,,151,,,186,203,118,78
2020-05-18 19:00:00,132,,154,,95,,167,,,193,201,116,67
2020-05-18 20:00:00,125,,151,,98,,163,,,167,176,129,63
2020-05-18 21:00:00,145,,139,,83,,191,,,180,132,157,80
2020-05-18 22:00:00,118,,105,,94,,116,,,140,114,145,118
2020-05-18 23:00:00,74,,133,,83,,,,,122,145,156,73
2020-05-19 00:00:00,60,,136,,102,,,,,141,128,157,91
2020-05-19 01:00:00,55,,107,,119,,,,,115,95,154,107
2020-05-19 02:00:00,68,,102,,99,,43,,,97,64,160,105
2020-05-19 03:00:00,59,,115,,83,,69,,,98,50,149,105
2020-05-19 04:00:00,96,,139,,20,,77,,,92,63,125,138
2020-05-19 05:00:00,31,,141,,56,,59,,,63,85,157,163
2020-05-19 06:00:00,26,,126,,347,,37,,,101,327,137,173
2020-05-19 07:00:00,7,,111,,313,,32,,,91,39,341,221
2020-05-19 08:00:00,6,,27,,73,,26,,,45,59,10,264
2020-05-19 09:00:00,358,,27,,253,,39,,,42,90,317,43
2020-05-19 10:00:00,30,,18,,106,,67,,,48,113,80,76
2020-05-19 11:00:00,55,,116,,96,,60,,,80,165,102,75
2020-05-19 12:00:00,57,,132,,100,,59,,,104,147,120,72
2020-05-19 13:00:00,75,,135,,102,,77,,,97,156,118,70
2020-05-19 14:00:00,85,,151,,92,,102,,,140,153,130,70
2020-05-19 15:00:00,55,,138,,98,,116,,,142,167,130,58
2020-05-19 16:00:00,103,,147,,97,,115,,,156,185,123,36
2020-05-19 17:00:00,162,,151,,93,,184,,,169,205,180,137
2020-05-19 18:00:00,61,,139,,100,,134,,,192,166,173,278
2020-05-19 19:00:00,152,,154,,74,,172,,,159,188,140,76
2020-05-19 20:00:00,141,,165,,108,,216,,,199,185,142,75
2020-05-19 21:00:00,200,,106,,84,,226,,,208,104,178,182
2020-05-19 22:00:00,107,,110,,105,,107,,,146,94,171,127
2020-05-19 23:00:00,157,,141,,113,,118,,,139,121,165,160
2020-05-20 00:00:00,85,,135,,113,,114,,,160,145,158,153
2020-05-20 01:00:00,39,,129,,123,,74,,,166,145,146,134
2020-05-20 02:00:00,32,,110,,125,,64,,,134,100,132,125
2020-05-20 03:00:00,16,,96,,90,,58,,,117,75,299,141
2020-05-20 04:00:00,89,,123,,60,,72,,,85,55,135,95
2020-05-20 05:00:00,316,,138,,114,,58,,,220,30,358,228
2020-05-20 06:00:00,71,,96,,48,,82,,,114,67,66,102
2020-05-20 07:00:00,62,,124,,98,,78,,,97,99,140,102
2020-05-20 08:00:00,68,,139,,63,,86,,,120,127,126,100
2020-05-20 09:00:00,62,,136,,103,,87,,,104,133,66,76
2020-05-20 10:00:00,76,,128,,119,,75,,,119,151,106,84
2020-05-20 11:00:00,74,,129,,104,,82,,,112,148,118,80
2020-05-20 12:00:00,87,,119,,96,,80,,,125,158,127,85
2020-05-20 13:00:00,83,,129,,96,,124,,,124,162,135,72
2020-05-20 14:00:00,97,,142,,96,,110,,,140,185,121,68
2020-05-20 15:00:00,95,,129,,98,,111,,,159,129,115,62
2020-05-20 16:00:00,70,,152,,94,,111,,,146,158,111,52
2020-05-20 17:00:00,78,,145,,95,,124,,,147,152,133,67
2020-05-20 18:00:00,141,,143,,101,,123,,,158,171,120,68
2020-05-20 19:00:00,121,,144,,83,,112,,,182,162,131,61
2020-05-20 20:00:00,128,,140,,84,,109,,,159,192,137,62
2020-05-20 21:00:00,126,,143,,86,,123,,,173,135,147,70
2020-05-20 22:00:00,110,,109,,77,,91,,,148,110,162,87
2020-05-20 23:00:00,70,,118,,86,,113,,,98,118,159,102
2020-05-21 00:00:00,60,,134,,97,,94,,,121,115,156,81
2020-05-21 01:00:00,46,,134,,105,,89,,,137,124,161,85
2020-05-21 02:00:00,23,,135,,99,,76,,,134,122,149,115
2020-05-21 03:00:00,21,,81,,119,,66,,,139,91,174,107
2020-05-21 04:00:00,72,,112,,123,,93,,,80,83,149,83
2020-05-21 05:00:00,64,,106,,112,,100,,,94,97,146,82
2020-05-21 06:00:00,62,,104,,107,,106,,,119,102,162,71
2020-05-21 07:00:00,83,,139,,104,,117,,,109,88,164,69
2020-05-21 08:00:00,77,,68,,100,,91,,,122,79,149,61
2020-05-21 09:00:00,73,,83,,99,,86,,,109,64,156,76
2020-05-21 10:00:00,97,,118,,97,,135,,,76,87,133,76
2020-05-21 11:00:00,106,,145,,91,,127,,,119,134,118,66
2020-05-21 12:00:00,142,,154,,94,,141,,,184,189,116,77
2020-05-21 13:00:00,137,,150,,97,,133,,,182,177,113,62
2020-05-21 14:00:00,135,,148,,93,,120,,,166,169,122,71
2020-05-21 15:00:00,145,,153,,91,,132,,,164,185,124,71
2020-05-21 16:00:00,128,,151,,97,,171,,,183,147,132,54
2020-05-21 17:00:00,106,,129,,101,,112,,,162,126,136,90
2020-05-21 18:00:00,117,,136,,106,,122,,,118,127,140,79
2020-05-21 19:00:00,130,,143,,104,,139,,,120,131,126,74
2020-05-21 20:00:00,143,,149,,109,,144,,,155,166,122,74
2020-05-21 21:00:00,159,,158,,105,,176,,,175,178,123,76
2020-05-21 22:00:00,112,,145,,91,,191,,,184,168,117,64
2020-05-21 23:00:00,130,,130,,88,,149,,,179,148,151,88
2020-05-22 00:00:00,130,,87,,101,,238,,,148,112,144,122
2020-05-22 01:00:00,157,,111,,119,,183,,,72,88,167,152
2020-05-22 02:00:00,104,,129,,51,,95,,,114,137,181,157
2020-05-22 03:00:00,26,,142,,122,,21,,,136,140,133,99
2020-05-22 04:00:00,82,,85,,72,,74,,,139,116,19,123
2020-05-22 05:00:00,149,,129,,89,,126,,,234,2,140,99
2020-05-22 06:00:00,295,,12,,75,,3,,,132,18,326,240
2020-05-22 07:00:00,16,,347,,292,,23,,,66,312,,176
2020-05-22 08:00:00,21,,144,,308,,39,,,152,145,46,70
2020-05-22 09:00:00,23,,104,,87,,48,,,117,161,127,82
2020-05-22 10:00:00,21,,77,,96,,61,,,126,177,120,93
2020-05-22 11:00:00,73,,121,,101,,86,,,124,144,127,86
2020-05-22 12:00:00,86,,131,,101,,111,,,111,170,126,76
2020-05-22 13:00:00,74,,136,,100,,103,,,118,166,131,65
2020-05-22 14:00:00,78,,130,,105,,107,,,132,190,123,48
2020-05-22 15:00:00,73,,149,,108,,109,,,165,193,117,52
2020-05-22 16:00:00,138,,147,,107,,121,,,169,201,118,61
2020-05-22 17:00:00,143,,151,,97,,134,,,166,152,115,63
2020-05-22 18:00:00,147,,147,,85,,153,,,132,195,116,69
2020-05-22 19:00:00,136,,155,,96,,194,,,174,175,121,68
2020-05-22 20:00:00,130,,156,,109,,191,,,174,186,118,67
2020-05-22 21:00:00,126,,159,,91,,183,,,198,198,151,100
2020-05-22 22:00:00,104,,140,,76,,136,,,199,140,156,131
2020-05-22 23:00:00,95,,133,,102,,105,,,135,129,149,141
2020-05-23 00:00:00,39,,134,,122,,91,,,135,135,159,131
2020-05-23 01:00:00,74,,129,,93,,96,,,152,129,160,109
2020-05-23 02:00:00,31,,132,,113,,112,,,127,121,155,125
2020-05-23 03:00:00,60,,129,,116,,107,,,132,126,158,109
2020-05-23 04:00:00,21,,115,,117,,94,,,150,122,152,122
2020-05-23 05:00:00,40,,130,,113,,92,,,131,120,150,102
2020-05-23 06:00:00,13,,131,,127,,85,,,153,127,153,116
2020-05-23 07:00:00,3,,126,,125,,114,,,173,128,168,111
2020-05-23 08:00:00,135,,139,,114,,158,,,166,142,140,80
2020-05-23 09:00:00,122,,142,,122,,173,,,152,177,125,52
2020-05-23 10:00:00,95,,143,,115,,101,,,152,182,123,56
2020-05-23 11:00:00,76,,134,,109,,126,,,156,188,136,44
2020-05-23 12:00:00,84,,138,,105,,118,,,161,188,138,66
2020-05-23 13:00:00,127,,144,,101,,129,,,164,188,129,86
2020-05-23 14:00:00,133,,149,,102,,115,,,135,180,109,74
2020-05-23 15:00:00,138,,150,,85,,132,,,158,169,109,73
2020-05-23 16:00:00,140,,147,,89,,147,,,156,172,116,67
2020-05-23 17:00:00,140,,157,,97,,183,,,169,200,117,73
2020-05-23 18:00:00,121,,155,,90,,169,,,192,191,109,70
2020-05-23 19:00:00,138,,149,,83,,156,,,182,153,108,53
2020-05-23 20:00:00,137,,135,,93,,113,,,148,114,125,66
2020-05-23 21:00:00,108,,135,,87,,125,,,107,137,116,70
2020-05-23 22:00:00,101,,138,,80,,123,,,146,157,130,68
2020-05-23 23:00:00,99,,145,,90,,114,,,156,158,139,75
2020-05-24 00:00:00,114,,147,,91,,104,,,169,161,142,72
2020-05-24 01:00:00,75,,137,,90,,98,,,185,107,134,78
2020-05-24 02:00:00,88,,135,,92,,117,,,137,106,123,70
2020-05-24 03:00:00,88,,112,,84,,116,,,113,109,114,67
2020-05-24 04:00:00,95,,106,,91,,96,,,104,115,121,73
2020-05-24 05:00:00,102,,126,,80,,109,,,106,125,146,90
2020-05-24 06:00:00,62,,138,,78,,111,,,116,155,164,94
2020-05-24 07:00:00,47,,150,,92,,117,,,137,179,196,87
2020-05-24 08:00:00,95,,144,,123,,109,,,145,160,174,69
2020-05-24 09:00:00,136,,141,,122,,85,,,155,162,86,71
2020-05-24 10:00:00,119,,147,,114,,105,,,152,188,83,58
2020-05-24 11:00:00,109,,151,,130,,133,,,176,192,47,36
2020-05-24 12:00:00,61,,137,,117,,82,,,173,202,123,70
2020-05-24 13:00:00,63,,140,,105,,119,,,168,193,120,68
2020-05-24 14:00:00,99,,145,,104,,123,,,177,168,126,60
2020-05-24 15:00:00,143,,147,,102,,154,,,166,198,121,83
2020-05-24 16:00:00,167,,169,,95,,184,,,200,228,152,84
2020-05-24 17:00:00,179,,160,,126,,177,,,217,209,160,69
2020-05-24 18:00:00,144,,138,,115,,214,,,196,78,186,191
2020-05-24 19:00:00,139,,141,,98,,101,,,133,171,163,83
2020-05-24 20:00:00,152,,155,,105,,188,,,159,180,132,87
2020-05-24 21:00:00,120,,128,,78,,176,,,170,112,117,103
2020-05-24 22:00:00,64,,109,,100,,105,,,141,66,136,95
2020-05-24 23:00:00,29,,122,,105,,93,,,91,102,148,110
2020-05-25 00:00:00,48,,107,,104,,99,,,168,169,185,119
2020-05-25 01:00:00,109,,83,,121,,60,,,174,120,250,127
2020-05-25 02:00:00,81,,110,,135,,38,,,109,88,6,100
2020-05-25 03:00:00,51,,161,,83,,62,,,103,129,133,100
2020-05-25 04:00:00,9,,150,,116,,65,,,202,205,161,109
2020-05-25 05:00:00,223,,161,,124,,183,,,198,228,176,110
2020-05-25 06:00:00,135,,119,,119,,147,,,198,133,216,210
2020-05-25 07:00:00,71,,86,,157,,68,,,126,92,340,132
2020-05-25 08:00:00,71,,81,,129,,87,,,77,70,149,63
2020-05-25 09:00:00,50,,107,,97,,70,,,109,87,84,69
2020-05-25 10:00:00,39,,133,,99,,69,,,107,101,131,76
2020-05-25 11:00:00,73,,130,,121,,90,,,99,133,77,70
2020-05-25 12:00:00,65,,134,,105,,89,,,117,143,121,65
2020-05-25 13:00:00,66,,139,,99,,106,,,143,141,131,71
2020-05-25 14:00:00,121,,156,,96,,112,,,139,139,131,71
2020-05-25 15:00:00,133,,151,,102,,116,,,143,155,124,68
2020-05-25 16:00:00,130,,142,,97,,130,,,139,157,108,65
2020-05-25 17:00:00,124,,144,,91,,137,,,148,150,100,66
2020-05-25 18:00:00,129,,147,,82,,133,,,151,199,107,65
2020-05-25 19:00:00,126,,144,,70,,120,,,179,179,122,63
2020-05-25 20:00:00,130,,128,,83,,121,,,154,113,125,62
2020-05-25 21:00:00,91,,137,,88,,117,,,119,125,118,54
2020-05-25 22:00:00,122,,140,,86,,113,,,134,151,127,66
2020-05-25 23:00:00,117,,119,,83,,104,,,140,128,141,79
2020-05-26 00:00:00,52,,100,,108,,80,,,134,157,147,81
2020-05-26 01:00:00,27,,14,,100,,47,,,153,41,153,80
2020-05-26 02:00:00,8,,310,,162,,8,,,111,349,167,82
2020-05-26 03:00:00,13,,350,,350,,35,,,304,347,13,126
2020-05-26 04:00:00,92,,336,,81,,34,,,336,315,127,109
2020-05-26 05:00:00,74,,338,,125,,23,,,316,335,123,107
2020-05-26 06:00:00,41,,349,,85,,21,,,317,57,117,107
2020-05-26 07:00:00,30,,360,,107,,37,,,275,44,145,99
2020-05-26 08:00:00,21,,1,,121,,43,,,214,30,143,113
2020-05-26 09:00:00,9,,288,,112,,33,,,57,40,147,113
2020-05-26 10:00:00,53,,278,,118,,35,,,84,83,149,94
2020-05-26 11:00:00,90,,237,,110,,99,,,88,195,147,90
2020-05-26 12:00:00,63,,142,,108,,106,,,164,30,141,59
2020-05-26 13:00:00,78,,129,,102,,94,,,166,172,131,63
2020-05-26 14:00:00,66,,137,,104,,101,,,195,207,146,58
2020-05-26 15:00:00,77,,134,,115,,73,,,209,236,146,75
2020-05-26 16:00:00,104,,126,,102,,74,,,176,221,140,66
2020-05-26 17:00:00,83,,233,,98,,58,,,171,168,136,56
2020-05-26 18:00:00,104,,178,,100,,81,,,167,160,133,79
2020-05-26 19:00:00,112,,137,,96,,131,,,139,156,135,84
2020-05-26 20:00:00,137,,150,,104,,129,,,141,186,140,90
2020-05-26 21:00:00,135,,152,,91,,158,,,168,181,128,66
2020-05-26 22:00:00,120,,147,,90,,170,,,190,166,138,73
2020-05-26 23:00:00,102,,148,,94,,147,,,190,168,155,76
2020-05-27 00:00:00,59,,139,,106,,107,,,182,168,165,90
2020-05-27 01:00:00,112,,134,,93,,127,,,167,160,150,95
2020-05-27 02:00:00,108,,129,,129,,173,,,184,193,144,122
2020-05-27 03:00:00,118,,85,,124,,89,,,166,290,168,122
2020-05-27 04:00:00,69,,52,,111,,73,,,160,324,166,125
2020-05-27 05:00:00,73,,22,,114,,15,,,160,38,190,150
2020-05-27 06:00:00,124,,338,,48,,34,,,131,16,285,191
2020-05-27 07:00:00,169,,274,,346,,23,,,186,64,50,136
2020-05-27 08:00:00,61,,86,,140,,49,,,136,92,344,266
2020-05-27 09:00:00,62,,140,,104,,71,,,89,160,108,204
2020-05-27 10:00:00,5,,146,,118,,81,,,123,182,92,72
2020-05-27 11:00:00,95,,135,,108,,121,,,135,169,131,74
2020-05-27 12:00:00,102,,143,,100,,119,,,152,164,115,55
2020-05-27 13:00:00,142,,146,,107,,124,,,154,164,109,57
2020-05-27 14:00:00,147,,147,,103,,123,,,161,176,112,59
2020-05-27 15:00:00,133,,150,,107,,120,,,153,176,116,63
2020-05-27 16:00:00,134,,146,,98,,124,,,160,175,117,58
2020-05-27 17:00:00,142,,146,,93,,130,,,162,172,117,59
2020-05-27 18:00:00,131,,150,,90,,126,,,172,173,118,59
2020-05-27 19:00:00,126,,146,,82,,121,,,164,164,115,60
2020-05-27 20:00:00,,,,,,,,,,,,,
2020-05-27 21:00:00,110,,141,,104,,190,,,170,164,156,96
2020-05-27 22:00:00,118,,137,,114,,109,,,182,150,152,120
2020-05-27 23:00:00,118,,142,,117,,88,,,141,155,147,131
2020-05-28 00:00:00,148,,122,,37,,91,,,125,166,64,141
2020-05-28 01:00:00,282,,70,,113,,84,,,114,34,63,148
2020-05-28 02:00:00,6,,65,,41,,65,,,70,34,24,164
2020-05-28 03:00:00,28,,91,,331,,41,,,41,37,269,131
2020-05-28 04:00:00,53,,61,,88,,61,,,66,50,134,94
2020-05-28 05:00:00,89,,84,,144,,81,,,50,48,130,93
2020-05-28 06:00:00,199,,168,,110,,209,,,60,126,130,80
2020-05-28 07:00:00,189,,101,,31,,6,,,152,132,330,205
2020-05-28 08:00:00,82,,78,,99,,81,,,116,45,125,103
2020-05-28 09:00:00,92,,111,,100,,86,,,60,344,131,90
2020-05-28 10:00:00,102,,143,,106,,114,,,85,153,119,74
2020-05-28 11:00:00,73,,149,,109,,116,,,136,193,140,73
2020-05-28 12:00:00,91,,151,,115,,126,,,139,232,126,63
2020-05-28 13:00:00,169,,175,,119,,212,,,193,222,141,54
2020-05-28 14:00:00,135,,149,,125,,198,,,209,201,115,45
2020-05-28 15:00:00,131,,160,,89,,185,,,196,194,120,68
2020-05-28 16:00:00,148,,155,,79,,191,,,190,163,106,60
2020-05-28 17:00:00,135,,140,,69,,129,,,181,125,135,74
2020-05-28 18:00:00,107,,105,,82,,89,,,115,104,147,92
2020-05-28 19:00:00,85,,114,,100,,127,,,104,105,147,95
2020-05-28 20:00:00,94,,134,,94,,120,,,149,173,138,72
2020-05-28 21:00:00,111,,149,,118,,124,,,196,179,145,88
2020-05-28 22:00:00,61,,171,,99,,124,,,207,204,144,88
2020-05-28 23:00:00,9,,113,,90,,72,,,219,5,147,89
2020-05-29 00:00:00,352,,337,,290,,16,,,139,357,215,60
2020-05-29 01:00:00,255,,334,,186,,264,,,282,325,26,257
2020-05-29 02:00:00,214,,241,,55,,245,,,314,338,157,198
2020-05-29 03:00:00,236,,34,,162,,42,,,302,17,214,301
2020-05-29 04:00:00,53,,90,,339,,18,,,95,316,151,101
2020-05-29 05:00:00,256,,289,,65,,257,,,257,296,263,44
2020-05-29 06:00:00,270,,316,,312,,331,,,298,324,312,165
2020-05-29 07:00:00,251,,292,,278,,306,,,311,319,337,250
2020-05-29 08:00:00,227,,299,,281,,295,,,304,9,182,245
2020-05-29 09:00:00,359,,337,,285,,24,,,165,56,219,26
2020-05-29 10:00:00,40,,348,,166,,31,,,169,331,135,71
2020-05-29 11:00:00,35,,360,,101,,49,,,292,62,124,52
2020-05-29 12:00:00,62,,37,,100,,60,,,139,157,128,65
2020-05-29 13:00:00,99,,133,,96,,79,,,110,142,112,57
2020-05-29 14:00:00,95,,135,,96,,129,,,137,143,119,62
2020-05-29 15:00:00,135,,145,,92,,123,,,138,138,114,81
2020-05-29 16:00:00,133,,143,,62,,125,,,142,184,106,68
2020-05-29 17:00:00,122,,146,,68,,101,,,164,145,107,47
2020-05-29 18:00:00,83,,149,,62,,118,,,141,164,111,54
2020-05-29 19:00:00,103,,136,,67,,107,,,144,147,100,58
2020-05-29 20:00:00,127,,132,,65,,134,,,143,138,115,74
2020-05-29 21:00:00,130,,132,,77,,115,,,140,155,128,74
2020-05-29 22:00:00,101,,136,,87,,105,,,145,144,136,63
2020-05-29 23:00:00,124,,153,,103,,130,,,144,163,151,90
2020-05-30 00:00:00,116,,145,,133,,130,,,186,178,163,85
2020-05-30 01:00:00,103,,124,,121,,85,,,177,207,157,84
2020-05-30 02:00:00,82,,187,,130,,44,,,169,299,174,97
2020-05-30 03:00:00,102,,333,,7,,268,,,239,295,163,144
2020-05-30 04:00:00,28,,358,,288,,39,,,203,3,357,95
2020-05-30 05:00:00,318,,320,,310,,8,,,259,338,156,128
2020-05-30 06:00:00,217,,300,,308,,345,,,320,330,270,217
2020-05-30 07:00:00,288,,332,,298,,39,,,320,344,318,225
2020-05-30 08:00:00,359,,326,,284,,33,,,313,331,56,180
2020-05-30 09:00:00,32,,347,,245,,41,,,321,3,129,93
2020-05-30 10:00:00,15,,333,,76,,25,,,327,345,147,80
2020-05-30 11:00:00,292,,301,,254,,319,,,313,340,174,120
2020-05-30 12:00:00,340,,315,,289,,294,,,322,318,328,318
2020-05-30 13:00:00,251,,306,,302,,299,,,318,324,332,266
2020-05-30 14:00:00,288,,304,,295,,311,,,318,335,356,232
2020-05-30 15:00:00,351,,317,,100,,19,,,320,71,225,91
2020-05-30 16:00:00,55,,146,,119,,67,,,67,85,158,81
2020-05-30 17:00:00,71,,154,,106,,121,,,82,124,123,82
2020-05-30 18:00:00,103,,129,,125,,134,,,146,191,135,101
2020-05-30 19:00:00,64,,159,,112,,73,,,188,200,130,95
2020-05-30 20:00:00,118,,154,,102,,76,,,181,209,139,87
2020-05-30 21:00:00,159,,145,,111,,156,,,178,210,143,94
2020-05-30 22:00:00,119,,136,,115,,156,,,198,95,133,94
2020-05-30 23:00:00,96,,128,,94,,117,,,110,113,127,73
2020-05-31 00:00:00,123,,139,,86,,126,,,110,165,120,58
2020-05-31 01:00:00,110,,153,,92,,108,,,149,200,160,67
2020-05-31 02:00:00,79,,129,,135,,101,,,164,143,145,92
2020-05-31 03:00:00,51,,16,,140,,52,,,160,314,168,106
2020-05-31 04:00:00,30,,340,,145,,31,,,147,24,184,105
2020-05-31 05:00:00,226,,321,,351,,39,,,135,354,129,188
2020-05-31 06:00:00,304,,326,,295,,334,,,231,20,328,260
2020-05-31 07:00:00,189,,337,,279,,29,,,182,334,333,286
2020-05-31 08:00:00,55,,320,,297,,63,,,113,292,6,135
2020-05-31 09:00:00,204,,316,,158,,316,,,291,325,93,61
2020-05-31 10:00:00,10,,5,,115,,40,,,201,27,101,77
2020-05-31 11:00:00,23,,13,,106,,32,,,160,90,144,78
2020-05-31 12:00:00,137,,64,,111,,54,,,112,258,148,84
2020-05-31 13:00:00,188,,84,,104,,73,,,172,118,147,95
2020-05-31 14:00:00,158,,102,,106,,144,,,114,92,144,93
2020-05-31 15:00:00,142,,129,,131,,139,,,117,103,189,125
2020-05-31 16:00:00,147,,109,,144,,134,,,132,133,171,65
2020-05-31 17:00:00,153,,135,,119,,183,,,137,115,133,92
2020-05-31 18:00:00,156,,136,,92,,162,,,198,109,133,99
2020-05-31 19:00:00,97,,88,,87,,87,,,148,89,133,78
2020-05-31 20:00:00,78,,121,,108,,84,,,194,98,140,85
2020-05-31 21:00:00,121,,175,,123,,70,,,98,324,148,105
2020-05-31 22:00:00,166,,188,,119,,203,,,242,254,137,76
2020-05-31 23:00:00,145,,182,,84,,212,,,253,218,138,107
2020-06-01 00:00:00,,,,,,,,,,,,,
2020-06-01 01:00:00,90,,112,,162,,219,100,,219,273,162,100
2020-06-01 02:00:00,104,,114,,176,,158,106,,158,322,176,106
2020-06-01 03:00:00,79,,27,,138,,235,131,,235,6,138,131
2020-06-01 04:00:00,175,,357,,151,,45,113,,45,320,151,113
2020-06-01 05:00:00,180,,330,,165,,117,174,,117,328,165,174
2020-06-01 06:00:00,222,,331,,314,,249,195,,249,357,314,195
2020-06-01 07:00:00,229,,325,,39,,322,171,,322,332,39,171
2020-06-01 08:00:00,16,,354,,137,,321,58,,321,348,137,58
2020-06-01 09:00:00,56,,345,,100,,255,84,,255,357,100,84
2020-06-01 10:00:00,40,,337,,137,,306,81,,306,290,137,81
2020-06-01 11:00:00,44,,342,,148,,124,88,,124,214,148,88
2020-06-01 12:00:00,72,,29,,144,,69,88,,69,131,144,88
2020-06-01 13:00:00,90,,122,,132,,106,81,,106,138,132,81
2020-06-01 14:00:00,78,,140,,124,,116,70,,116,112,124,70
2020-06-01 15:00:00,77,,130,,116,,126,65,,126,120,116,65
2020-06-01 16:00:00,113,,132,,130,,123,76,,123,164,130,76
2020-06-01 17:00:00,143,,143,,121,,146,73,,146,172,121,73
2020-06-01 18:00:00,146,,71,,154,,96,89,,96,160,154,89
2020-06-01 19:00:00,147,,86,,126,,132,77,,132,56,126,77
2020-06-01 20:00:00,108,,118,,123,,109,71,,109,85,123,71
2020-06-01 21:00:00,95,,132,,125,,93,61,,93,96,125,61
2020-06-01 22:00:00,102,,130,,123,,107,65,,107,127,123,65
2020-06-01 23:00:00,117,,150,,123,,123,65,,123,195,123,65
2020-06-02 00:00:00,147,,145,,131,,180,79,,180,149,131,79
2020-06-02 01:00:00,87,,66,,142,,141,84,,141,88,142,84
2020-06-02 02:00:00,71,,92,,152,,81,94,,81,77,152,94
2020-06-02 03:00:00,62,,79,,145,,93,78,,93,52,145,78
2020-06-02 04:00:00,65,,52,,168,,82,91,,82,349,168,91
2020-06-02 05:00:00,73,,23,,121,,68,103,,68,343,121,103
2020-06-02 06:00:00,93,,19,,145,,158,103,,158,340,145,103
2020-06-02 07:00:00,103,,76,,132,,76,118,,76,73,132,118
2020-06-02 08:00:00,61,,134,,123,,90,96,,90,144,123,96
2020-06-02 09:00:00,78,,130,,136,,112,79,,112,159,136,79
2020-06-02 10:00:00,94,,121,,,,162,87,,162,148,,87
2020-06-02 11:00:00,109,,124,,132,,147,84,,147,106,132,84
2020-06-02 12:00:00,86,,136,,128,,99,79,,99,140,128,79
2020-06-02 13:00:00,91,,137,,132,,120,73,,120,139,132,73
2020-06-02 14:00:00,120,,137,,131,,134,74,,134,166,131,74
2020-06-02 15:00:00,77,,149,,122,,120,61,,120,160,122,61
2020-06-02 16:00:00,90,,145,,116,,132,53,,132,154,116,53
2020-06-02 17:00:00,136,,146,,115,,142,78,,142,154,115,78
2020-06-02 18:00:00,151,,147,,117,,147,83,,147,154,117,83
2020-06-02 19:00:00,140,,144,,113,,162,64,,162,135,113,64
2020-06-02 20:00:00,128,,141,,113,,156,63,,156,129,113,63
2020-06-02 21:00:00,120,,135,,121,,125,61,,125,138,121,61
2020-06-02 22:00:00,116,,136,,124,,130,62,,130,168,124,62
2020-06-02 23:00:00,124,,134,,136,,151,70,,151,155,136,70
2020-06-03 00:00:00,141,,133,,138,,145,69,,145,155,138,69
2020-06-03 01:00:00,128,,134,,141,,136,67,,136,145,141,67
2020-06-03 02:00:00,102,,100,,142,,125,68,,125,92,142,68
2020-06-03 03:00:00,63,,74,,163,,107,96,,107,44,163,96
2020-06-03 04:00:00,100,,104,,154,,86,98,,86,359,154,98
2020-06-03 05:00:00,70,,92,,170,,87,109,,87,93,170,109
2020-06-03 06:00:00,89,,116,,153,,89,109,,89,133,153,109
2020-06-03 07:00:00,86,,112,,105,,111,118,,111,272,105,118
2020-06-03 08:00:00,58,,36,,354,,175,268,,175,41,354,268
2020-06-03 09:00:00,39,,69,,99,,50,99,,50,88,99,99
2020-06-03 10:00:00,62,,126,,137,,86,81,,86,142,137,81
2020-06-03 11:00:00,78,,127,,126,,122,69,,122,146,126,69
2020-06-03 12:00:00,59,,131,,128,,128,65,,128,144,128,65
2020-06-03 13:00:00,77,,124,,131,,129,61,,129,152,131,61
2020-06-03 14:00:00,85,,134,,134,,125,54,,125,156,134,54
2020-06-03 15:00:00,81,,146,,119,,130,61,,130,150,119,61
2020-06-03 16:00:00,93,,142,,116,,135,55,,135,159,116,55
2020-06-03 17:00:00,142,,150,,111,,142,78,,142,149,111,78
2020-06-03 18:00:00,152,,147,,105,,149,71,,149,154,105,71
2020-06-03 19:00:00,155,,145,,116,,147,84,,147,147,116,84
2020-06-03 20:00:00,148,,141,,111,,145,67,,145,134,111,67
2020-06-03 21:00:00,132,,134,,117,,148,63,,148,132,117,63
2020-06-03 22:00:00,106,,132,,130,,129,59,,129,135,130,59
2020-06-03 23:00:00,124,,135,,123,,137,55,,137,133,123,55
2020-06-04 00:00:00,105,,131,,129,,132,45,,132,129,129,45
2020-06-04 01:00:00,112,,133,,133,,121,57,,121,131,133,57
2020-06-04 02:00:00,77,,117,,155,,130,81,,130,114,155,81
2020-06-04 03:00:00,61,,110,,157,,113,84,,113,111,157,84
2020-06-04 04:00:00,57,,125,,149,,104,85,,104,109,149,85
2020-06-04 05:00:00,57,,115,,135,,93,99,,93,76,135,99
2020-06-04 06:00:00,61,,123,,134,,87,99,,87,65,134,99
2020-06-04 07:00:00,73,,87,,173,,80,94,,80,55,173,94
2020-06-04 08:00:00,34,,46,,89,,64,67,,64,56,89,67
2020-06-04 09:00:00,44,,16,,79,,58,61,,58,50,79,61
2020-06-04 10:00:00,50,,29,,123,,199,98,,199,52,123,98
2020-06-04 11:00:00,34,,124,,129,,224,69,,224,160,129,69
2020-06-04 12:00:00,66,,122,,135,,111,63,,111,159,135,63
2020-06-04 13:00:00,81,,135,,118,,127,48,,127,162,118,48
2020-06-04 14:00:00,90,,132,,116,,137,46,,137,156,116,46
2020-06-04 15:00:00,152,,146,,113,,154,76,,154,142,113,76
2020-06-04 16:00:00,138,,141,,121,,138,88,,138,142,121,88
2020-06-04 17:00:00,151,,138,,118,,140,76,,140,146,118,76
2020-06-04 18:00:00,148,,136,,125,,150,86,,150,141,125,86
2020-06-04 19:00:00,149,,131,,126,,128,81,,128,132,126,81
2020-06-04 20:00:00,142,,125,,121,,129,71,,129,130,121,71
2020-06-04 21:00:00,117,,134,,118,,126,71,,126,134,118,71
2020-06-04 22:00:00,131,,134,,118,,124,73,,124,136,118,73
2020-06-04 23:00:00,142,,133,,119,,130,66,,130,132,119,66
2020-06-05 00:00:00,127,,123,,121,,135,62,,135,126,121,62
2020-06-05 01:00:00,131,,119,,129,,128,68,,128,117,129,68
2020-06-05 02:00:00,98,,123,,140,,119,82,,119,115,140,82
2020-06-05 03:00:00,80,,123,,136,,112,80,,112,108,136,80
2020-06-05 04:00:00,55,,102,,134,,114,82,,114,89,134,82
2020-06-05 05:00:00,62,,114,,137,,93,80,,93,112,137,80
2020-06-05 06:00:00,64,,91,,142,,106,91,,106,119,142,91
2020-06-05 07:00:00,34,,74,,160,,100,94,,100,60,160,94
2020-06-05 08:00:00,53,,108,,149,,67,95,,67,104,149,95
2020-06-05 09:00:00,67,,122,,148,,83,87,,83,153,148,87
2020-06-05 10:00:00,78,,100,,149,,111,91,,111,165,149,91
2020-06-05 11:00:00,36,,79,,160,,108,81,,108,152,160,81
2020-06-05 12:00:00,76,,95,,151,,92,61,,92,235,151,61
2020-06-05 13:00:00,66,,121,,140,,90,63,,90,224,140,63
2020-06-05 14:00:00,89,,133,,119,,145,53,,145,185,119,53
2020-06-05 15:00:00,133,,146,,123,,167,85,,167,174,123,85
2020-06-05 16:00:00,143,,141,,111,,166,69,,166,160,111,69
2020-06-05 17:00:00,142,,136,,110,,174,69,,174,154,110,69
2020-06-05 18:00:00,126,,139,,118,,149,80,,149,127,118,80
2020-06-05 19:00:00,147,,139,,133,,134,94,,134,123,133,94
2020-06-05 20:00:00,152,,134,,128,,121,90,,121,124,128,90
2020-06-05 21:00:00,122,,129,,126,,124,77,,124,125,126,77
2020-06-05 22:00:00,112,,128,,119,,118,75,,118,126,119,75
2020-06-05 23:00:00,149,,127,,109,,121,72,,121,126,109,72
2020-06-06 00:00:00,146,,121,,108,,124,73,,124,120,108,73
2020-06-06 01:00:00,118,,130,,116,,120,68,,120,115,116,68
2020-06-06 02:00:00,50,,125,,145,,120,87,,120,121,145,87
2020-06-06 03:00:00,65,,102,,146,,122,86,,122,106,146,86
2020-06-06 04:00:00,44,,123,,134,,104,81,,104,89,134,81
2020-06-06 05:00:00,62,,124,,138,,109,78,,109,104,138,78
2020-06-06 06:00:00,69,,128,,148,,112,77,,112,155,148,77
2020-06-06 07:00:00,60,,138,,151,,107,80,,107,162,151,80
2020-06-06 08:00:00,31,,117,,135,,161,74,,161,162,135,74
2020-06-06 09:00:00,69,,84,,121,,158,72,,158,179,121,72
2020-06-06 10:00:00,71,,159,,127,,114,66,,114,113,127,66
2020-06-06 11:00:00,80,,109,,123,,127,61,,127,159,123,61
2020-06-06 12:00:00,84,,91,,112,,130,59,,130,183,112,59
2020-06-06 13:00:00,67,,117,,119,,153,56,,153,158,119,56
2020-06-06 14:00:00,70,,131,,105,,119,50,,119,144,105,50
2020-06-06 15:00:00,83,,126,,110,,128,55,,128,113,110,55
2020-06-06 16:00:00,101,,134,,106,,126,63,,126,142,106,63
2020-06-06 17:00:00,122,,145,,128,,146,92,,146,133,128,92
2020-06-06 18:00:00,138,,143,,135,,167,94,,167,143,135,94
2020-06-06 19:00:00,143,,116,,137,,163,100,,163,133,137,100
2020-06-06 20:00:00,122,,111,,129,,146,93,,146,126,129,93
2020-06-06 21:00:00,143,,137,,125,,121,81,,121,110,125,81
2020-06-06 22:00:00,121,,120,,122,,122,71,,122,110,122,71
2020-06-06 23:00:00,140,,140,,124,,163,73,,163,165,124,73
2020-06-07 00:00:00,135,,138,,119,,183,65,,183,152,119,65
2020-06-07 01:00:00,116,,141,,130,,141,68,,141,160,130,68
2020-06-07 02:00:00,116,,143,,131,,150,64,,150,163,131,64
2020-06-07 03:00:00,132,,140,,158,,146,56,,146,120,158,56
2020-06-07 04:00:00,125,,95,,179,,158,88,,158,77,179,88
2020-06-07 05:00:00,78,,90,,206,,98,115,,98,57,206,115
2020-06-07 06:00:00,58,,43,,141,,120,137,,120,169,141,137
2020-06-07 07:00:00,20,,17,,139,,141,155,,141,199,139,155
2020-06-07 08:00:00,30,,6,,356,,190,23,,190,7,356,23
2020-06-07 09:00:00,37,,8,,112,,158,68,,158,22,112,68
2020-06-07 10:00:00,39,,97,,94,,146,67,,146,56,94,67
2020-06-07 11:00:00,57,,143,,121,,119,56,,119,173,121,56
2020-06-07 12:00:00,96,,144,,93,,141,63,,141,171,93,63
2020-06-07 13:00:00,72,,133,,121,,153,62,,153,190,121,62
2020-06-07 14:00:00,89,,131,,129,,162,60,,162,192,129,60
2020-06-07 15:00:00,81,,158,,119,,190,61,,190,193,119,61
2020-06-07 16:00:00,74,,152,,125,,184,69,,184,185,125,69
2020-06-07 17:00:00,79,,150,,118,,181,60,,181,184,118,60
2020-06-07 18:00:00,107,,158,,110,,182,87,,182,172,110,87
2020-06-07 19:00:00,152,,160,,135,,189,104,,189,166,135,104
2020-06-07 20:00:00,157,,149,,118,,163,79,,163,165,118,79
2020-06-07 21:00:00,151,,146,,142,,183,64,,183,166,142,64
2020-06-07 22:00:00,151,,140,,156,,174,63,,174,129,156,63
2020-06-07 23:00:00,116,,140,,142,,146,102,,146,162,142,102
2020-06-08 00:00:00,128,,137,,146,,155,63,,155,145,146,63
2020-06-08 01:00:00,114,,123,,186,,134,101,,134,123,186,101
2020-06-08 02:00:00,44,,106,,188,,116,136,,116,122,188,136
2020-06-08 03:00:00,26,,137,,141,,115,117,,115,152,141,117
2020-06-08 04:00:00,18,,89,,104,,135,96,,135,129,104,96
2020-06-08 05:00:00,337,,23,,78,,104,170,,104,46,78,170
2020-06-08 06:00:00,310,,34,,301,,60,207,,60,25,301,207
2020-06-08 07:00:00,340,,348,,1,,30,247,,30,15,1,247
2020-06-08 08:00:00,8,,310,,14,,29,266,,29,1,14,266
2020-06-08 09:00:00,18,,314,,84,,241,266,,241,352,84,266
2020-06-08 10:00:00,34,,357,,123,,244,61,,244,342,123,61
2020-06-08 11:00:00,93,,113,,105,,274,71,,274,208,105,71
2020-06-08 12:00:00,87,,138,,116,,112,68,,112,160,116,68
2020-06-08 13:00:00,77,,135,,123,,149,56,,149,181,123,56
2020-06-08 14:00:00,,,,,,,,,,,,,
2020-06-08 15:00:00,83,,144,,123,,140,68,,140,165,123,68
2020-06-08 16:00:00,94,,143,,124,,153,53,,153,163,124,53
2020-06-08 17:00:00,154,,150,,122,,164,78,,164,162,122,78
2020-06-08 18:00:00,153,,152,,119,,171,84,,171,167,119,84
2020-06-08 19:00:00,148,,147,,110,,151,71,,151,157,110,71
2020-06-08 20:00:00,146,,151,,114,,146,70,,146,176,114,70
2020-06-08 21:00:00,138,,153,,123,,177,64,,177,188,123,64
2020-06-08 22:00:00,131,,125,,153,,189,88,,189,116,153,88
2020-06-08 23:00:00,100,,109,,151,,136,115,,136,110,151,115
2020-06-09 00:00:00,56,,136,,140,,109,105,,109,143,140,105
2020-06-09 01:00:00,34,,131,,161,,168,119,,168,126,161,119
2020-06-09 02:00:00,24,,110,,155,,128,105,,128,114,155,105
2020-06-09 03:00:00,42,,95,,122,,112,106,,112,81,122,106
2020-06-09 04:00:00,19,,118,,353,,85,144,,85,61,353,144
2020-06-09 05:00:00,318,,150,,311,,56,212,,56,101,311,212
2020-06-09 06:00:00,355,,27,,284,,94,261,,94,13,284,261
2020-06-09 07:00:00,353,,84,,96,,34,71,,34,21,96,71
2020-06-09 08:00:00,86,,159,,338,,70,285,,70,157,338,285
2020-06-09 09:00:00,55,,163,,77,,143,52,,143,199,77,52
2020-06-09 10:00:00,53,,40,,121,,173,78,,173,111,121,78
2020-06-09 11:00:00,62,,97,,113,,208,71,,208,123,113,71
2020-06-09 12:00:00,62,,126,,119,,159,78,,159,196,119,78
2020-06-09 13:00:00,86,,140,,128,,164,88,,164,150,128,88
2020-06-09 14:00:00,100,,2,,144,,145,88,,145,209,144,88
2020-06-09 15:00:00,28,,,,153,,187,59,,187,227,153,59
2020-06-09 16:00:00,55,,80,,173,,204,65,,204,228,173,65
2020-06-09 17:00:00,138,,148,,139,,204,83,,204,191,139,83
2020-06-09 18:00:00,161,,159,,146,,202,102,,202,185,146,102
2020-06-09 19:00:00,161,,168,,124,,195,93,,195,174,124,93
2020-06-09 20:00:00,352,,290,,,,197,49,,197,151,,49
2020-06-09 21:00:00,284,,283,,,,203,273,,203,,,273
2020-06-09 22:00:00,213,,189,,,,,281,,,,,281
2020-06-09 23:00:00,203,,174,,,,,250,,,,,250
2020-06-10 00:00:00,217,,72,,,,,253,,,,,253
2020-06-10 01:00:00,252,,310,,,,,173,,,,,173
2020-06-10 02:00:00,244,,343,,,,,171,,,,,171
2020-06-10 03:00:00,233,,334,,,,,242,,,335,,242
2020-06-10 04:00:00,283,,315,,,,,258,,,342,,258
2020-06-10 05:00:00,115,,335,,,,,49,,,2,,49
2020-06-10 06:00:00,79,,349,,,,,91,,,297,,91
2020-06-10 07:00:00,149,,304,,,,,102,,,304,,102
2020-06-10 08:00:00,197,,269,,,,,66,,,308,,66
2020-06-10 09:00:00,249,,263,,,,,359,,,319,,359
2020-06-10 10:00:00,280,,283,,,,323,350,,323,315,,350
2020-06-10 11:00:00,165,,293,,179,,311,354,,311,349,179,354
2020-06-10 12:00:00,23,,359,,133,,220,50,,220,47,133,50
2020-06-10 13:00:00,15,,359,,121,,59,56,,59,75,121,56
2020-06-10 14:00:00,47,,43,,108,,79,48,,79,77,108,48
2020-06-10 15:00:00,83,,116,,99,,89,58,,89,89,99,58
2020-06-10 16:00:00,107,,132,,112,,85,69,,85,130,112,69
2020-06-10 17:00:00,106,,113,,128,,107,91,,107,99,128,91
2020-06-10 18:00:00,121,,137,,119,,108,79,,108,147,119,79
2020-06-10 19:00:00,136,,153,,114,,134,62,,134,196,114,62
2020-06-10 20:00:00,148,,142,,128,,186,86,,186,198,128,86
2020-06-10 21:00:00,98,,73,,136,,163,70,,163,87,136,70
2020-06-10 22:00:00,105,,99,,134,,99,61,,99,40,134,61
2020-06-10 23:00:00,80,,107,,149,,62,101,,62,102,149,101
2020-06-11 00:00:00,74,,127,,147,,103,76,,103,156,147,76
2020-06-11 01:00:00,52,,147,,155,,159,96,,159,151,155,96
2020-06-11 02:00:00,47,,145,,145,,166,75,,166,164,145,75
2020-06-11 03:00:00,73,,146,,129,,138,73,,138,183,129,73
2020-06-11 04:00:00,96,,148,,137,,178,77,,178,166,137,77
2020-06-11 05:00:00,96,,152,,155,,164,63,,164,165,155,63
2020-06-11 06:00:00,64,,87,,180,,151,82,,151,168,180,82
2020-06-11 07:00:00,87,,98,,167,,112,88,,112,111,167,88
2020-06-11 08:00:00,123,,168,,150,,166,91,,166,88,150,91
2020-06-11 09:00:00,30,,86,,141,,123,143,,123,331,141,143
2020-06-11 10:00:00,48,,10,,131,,113,103,,113,344,131,103
2020-06-11 11:00:00,62,,10,,134,,214,89,,214,11,134,89
2020-06-11 12:00:00,69,,34,,142,,191,80,,191,30,142,80
2020-06-11 13:00:00,75,,38,,121,,40,64,,40,24,121,64
2020-06-11 14:00:00,71,,87,,115,,123,55,,123,48,115,55
2020-06-11 15:00:00,69,,111,,111,,74,56,,74,78,111,56
2020-06-11 16:00:00,133,,129,,109,,90,64,,90,179,109,64
2020-06-11 17:00:00,148,,154,,115,,156,65,,156,220,115,65
2020-06-11 18:00:00,113,,153,,141,,186,71,,186,208,141,71
2020-06-11 19:00:00,108,,97,,140,,193,68,,193,41,140,68
2020-06-11 20:00:00,102,,78,,119,,89,69,,89,131,119,69
2020-06-11 21:00:00,101,,34,,151,,69,90,,69,232,151,90
2020-06-11 22:00:00,131,,351,,157,,154,114,,154,307,157,114
2020-06-11 23:00:00,82,,324,,169,,274,116,,274,341,169,116
2020-06-12 00:00:00,32,,311,,134,,169,118,,169,285,134,118
2020-06-12 01:00:00,172,,351,,150,,299,109,,299,303,150,109
2020-06-12 02:00:00,354,,356,,159,,302,116,,302,296,159,116
2020-06-12 03:00:00,88,,322,,153,,259,128,,259,300,153,128
2020-06-12 04:00:00,175,,322,,140,,213,133,,213,300,140,133
2020-06-12 05:00:00,209,,338,,127,,266,129,,266,95,127,129
2020-06-12 06:00:00,129,,57,,140,,155,128,,155,221,140,128
2020-06-12 07:00:00,113,,141,,160,,155,111,,155,279,160,111
2020-06-12 08:00:00,26,,114,,154,,155,97,,155,277,154,97
2020-06-12 09:00:00,63,,147,,152,,194,78,,194,210,152,78
2020-06-12 10:00:00,68,,132,,124,,154,65,,154,156,124,65
2020-06-12 11:00:00,67,,127,,117,,114,44,,114,155,117,44
2020-06-12 12:00:00,66,,142,,112,,116,46,,116,170,112,46
2020-06-12 13:00:00,71,,141,,116,,136,48,,136,137,116,48
2020-06-12 14:00:00,85,,145,,124,,135,50,,135,149,124,50
2020-06-12 15:00:00,77,,143,,115,,135,53,,135,142,115,53
2020-06-12 16:00:00,88,,125,,112,,150,71,,150,157,112,71
2020-06-12 17:00:00,89,,144,,111,,164,83,,164,175,111,83
2020-06-12 18:00:00,130,,145,,121,,173,92,,173,179,121,92
2020-06-12 19:00:00,144,,158,,133,,170,103,,170,169,133,103
2020-06-12 20:00:00,157,,157,,133,,180,99,,180,167,133,99
2020-06-12 21:00:00,139,,144,,135,,192,97,,192,167,135,97
2020-06-12 22:00:00,118,,141,,111,,167,88,,167,262,111,88
2020-06-12 23:00:00,106,,141,,123,,161,72,,161,293,123,72
2020-06-13 00:00:00,102,,135,,150,,210,89,,210,338,150,89
2020-06-13 01:00:00,110,,90,,144,,231,93,,231,95,144,93
2020-06-13 02:00:00,84,,145,,160,,117,105,,117,153,160,105
2020-06-13 03:00:00,359,,140,,155,,186,126,,186,181,155,126
2020-06-13 04:00:00,95,,138,,157,,155,137,,155,129,157,137
2020-06-13 05:00:00,112,,135,,157,,137,135,,137,163,157,135
2020-06-13 06:00:00,137,,142,,175,,172,77,,172,221,175,77
2020-06-13 07:00:00,120,,158,,162,,169,91,,169,253,162,91
2020-06-13 08:00:00,134,,161,,154,,219,71,,219,231,154,71
2020-06-13 09:00:00,146,,147,,129,,203,78,,203,196,129,78
2020-06-13 10:00:00,112,,146,,128,,193,57,,193,176,128,57
2020-06-13 11:00:00,67,,108,,122,,152,57,,152,,122,57
2020-06-13 12:00:00,47,,82,,141,,113,54,,113,,141,54
2020-06-13 13:00:00,63,,77,,133,,124,63,,124,,133,63
2020-06-13 14:00:00,60,,299,,136,,139,78,,139,,136,78
2020-06-13 15:00:00,81,,60,,133,,108,60,,108,96,133,60
2020-06-13 16:00:00,100,,127,,118,,130,72,,130,152,118,72
2020-06-13 17:00:00,87,,144,,122,,98,68,,98,145,122,68
2020-06-13 18:00:00,117,,148,,110,,106,76,,106,189,110,76
2020-06-13 19:00:00,133,,150,,138,,174,113,,174,173,138,113
2020-06-13 20:00:00,165,,159,,145,,195,104,,195,160,145,104
2020-06-13 21:00:00,149,,143,,136,,196,82,,196,159,136,82
2020-06-13 22:00:00,153,,141,,128,,168,74,,168,159,128,74
2020-06-13 23:00:00,108,,146,,125,,151,77,,151,235,125,77
2020-06-14 00:00:00,124,,93,,136,,202,69,,202,43,136,69
2020-06-14 01:00:00,85,,88,,157,,160,75,,160,70,157,75
2020-06-14 02:00:00,117,,139,,146,,88,71,,88,264,146,71
2020-06-14 03:00:00,137,,149,,156,,187,75,,187,246,156,75
2020-06-14 04:00:00,113,,161,,198,,206,118,,206,252,198,118
2020-06-14 05:00:00,108,,142,,274,,210,100,,210,318,274,100
2020-06-14 06:00:00,205,,83,,122,,203,109,,203,32,122,109
2020-06-14 07:00:00,51,,24,,166,,70,107,,70,313,166,107
2020-06-14 08:00:00,92,,324,,147,,176,81,,176,313,147,81
2020-06-14 09:00:00,66,,326,,150,,263,72,,263,293,150,72
2020-06-14 10:00:00,60,,70,,121,,239,77,,239,58,121,77
2020-06-14 11:00:00,40,,42,,142,,150,80,,150,316,142,80
2020-06-14 12:00:00,52,,30,,140,,83,67,,83,171,140,67
2020-06-14 13:00:00,56,,51,,130,,150,61,,150,221,130,61
2020-06-14 14:00:00,33,,27,,121,,211,51,,211,35,121,51
2020-06-14 15:00:00,113,,160,,113,,132,42,,132,168,113,42
2020-06-14 16:00:00,99,,154,,126,,194,76,,194,163,126,76
2020-06-14 17:00:00,102,,141,,130,,148,77,,148,160,130,77
2020-06-14 18:00:00,140,,153,,132,,165,105,,165,174,132,105
2020-06-14 19:00:00,156,,159,,141,,171,110,,171,,141,110
2020-06-14 20:00:00,150,,143,,130,,179,92,,179,,130,92
2020-06-14 21:00:00,142,,135,,123,,170,71,,170,,123,71
2020-06-14 22:00:00,138,,97,,112,,182,71,,182,,112,71
2020-06-14 23:00:00,97,,113,,117,,173,74,,173,,117,74
2020-06-15 00:00:00,91,,142,,107,,105,63,,105,141,107,63
2020-06-15 01:00:00,142,,134,,125,,123,65,,123,181,125,65
2020-06-15 02:00:00,136,,92,,159,,184,85,,184,70,159,85
2020-06-15 03:00:00,66,,97,,167,,106,106,,106,83,167,106
2020-06-15 04:00:00,54,,131,,148,,78,93,,78,233,148,93
2020-06-15 05:00:00,10,,106,,144,,185,103,,185,47,144,103
2020-06-15 06:00:00,10,,69,,141,,168,133,,168,84,141,133
2020-06-15 07:00:00,31,,83,,131,,77,123,,77,226,131,123
2020-06-15 08:00:00,39,,119,,134,,137,90,,137,219,134,90
2020-06-15 09:00:00,49,,127,,130,,109,87,,109,175,130,87
2020-06-15 10:00:00,35,,112,,133,,108,57,,108,162,133,57
2020-06-15 11:00:00,67,,129,,116,,135,44,,135,164,116,44
2020-06-15 12:00:00,89,,130,,103,,133,48,,133,157,103,48
2020-06-15 13:00:00,98,,123,,99,,121,61,,121,155,99,61
2020-06-15 14:00:00,126,,136,,114,,137,59,,137,151,114,59
2020-06-15 15:00:00,115,,147,,110,,134,67,,134,136,110,67
2020-06-15 16:00:00,115,,147,,116,,132,65,,132,128,116,65
2020-06-15 17:00:00,105,,145,,112,,146,67,,146,142,112,67
2020-06-15 18:00:00,123,,146,,110,,138,71,,138,143,110,71
2020-06-15 19:00:00,139,,144,,116,,135,77,,135,152,116,77
2020-06-15 20:00:00,148,,136,,126,,130,87,,130,133,126,87
2020-06-15 21:00:00,153,,138,,132,,146,84,,146,136,132,84
2020-06-15 22:00:00,156,,132,,131,,136,77,,136,137,131,77
2020-06-15 23:00:00,133,,128,,124,,118,74,,118,125,124,74
2020-06-16 00:00:00,145,,137,,112,,127,73,,127,130,112,73
2020-06-16 01:00:00,120,,124,,117,,158,66,,158,119,117,66
2020-06-16 02:00:00,81,,107,,132,,131,73,,131,116,132,73
2020-06-16 03:00:00,73,,102,,135,,122,70,,122,116,135,70
2020-06-16 04:00:00,62,,101,,155,,115,80,,115,104,155,80
2020-06-16 05:00:00,61,,105,,160,,97,95,,97,85,160,95
2020-06-16 06:00:00,73,,114,,157,,87,105,,87,85,157,105
2020-06-16 07:00:00,94,,98,,145,,84,100,,84,97,145,100
2020-06-16 08:00:00,72,,120,,155,,95,81,,95,117,155,81
2020-06-16 09:00:00,50,,134,,150,,95,70,,95,148,150,70
2020-06-16 10:00:00,32,,133,,154,,123,70,,123,156,154,70
2020-06-16 11:00:00,51,,131,,139,,164,68,,164,158,139,68
2020-06-16 12:00:00,86,,142,,118,,154,41,,154,148,118,41
2020-06-16 13:00:00,114,,136,,97,,150,63,,150,136,97,63
2020-06-16 14:00:00,106,,142,,95,,124,68,,124,137,95,68
2020-06-16 15:00:00,98,,138,,104,,143,61,,143,155,104,61
2020-06-16 16:00:00,124,,146,,102,,150,67,,150,143,102,67
2020-06-16 17:00:00,132,,145,,104,,151,71,,151,157,104,71
2020-06-16 18:00:00,141,,149,,109,,147,73,,147,134,109,73
2020-06-16 19:00:00,147,,141,,110,,162,74,,162,129,110,74
2020-06-16 20:00:00,134,,125,,114,,153,74,,153,114,114,74
2020-06-16 21:00:00,87,,133,,110,,115,63,,115,136,110,63
2020-06-16 22:00:00,105,,121,,114,,138,58,,138,130,114,58
2020-06-16 23:00:00,137,,134,,116,,127,64,,127,123,116,64
2020-06-17 00:00:00,143,,135,,118,,121,68,,121,126,118,68
2020-06-17 01:00:00,114,,131,,125,,124,66,,124,123,125,66
2020-06-17 02:00:00,119,,129,,123,,117,68,,117,124,123,68
2020-06-17 03:00:00,89,,128,,122,,119,69,,119,118,122,69
2020-06-17 04:00:00,64,,116,,134,,116,66,,116,107,134,66
2020-06-17 05:00:00,84,,101,,163,,102,85,,102,63,163,85
2020-06-17 06:00:00,78,,98,,148,,79,92,,79,66,148,92
2020-06-17 07:00:00,77,,106,,146,,78,83,,78,83,146,83
2020-06-17 08:00:00,75,,113,,146,,96,89,,96,98,146,89
2020-06-17 09:00:00,63,,112,,133,,92,91,,92,110,133,91
2020-06-17 10:00:00,80,,120,,132,,87,78,,87,128,132,78
2020-06-17 11:00:00,79,,125,,132,,95,62,,95,144,132,62
2020-06-17 12:00:00,85,,116,,137,,103,58,,103,136,137,58
2020-06-17 13:00:00,85,,120,,130,,111,53,,111,161,130,53
2020-06-17 14:00:00,99,,140,,136,,132,42,,132,158,136,42
2020-06-17 15:00:00,112,,140,,116,,134,46,,134,153,116,46
2020-06-17 16:00:00,138,,145,,116,,161,64,,161,156,116,64
2020-06-17 17:00:00,140,,145,,112,,155,59,,155,155,112,59
2020-06-17 18:00:00,145,,142,,105,,154,67,,154,160,105,67
2020-06-17 19:00:00,142,,145,,109,,152,71,,152,190,109,71
2020-06-17 20:00:00,135,,150,,116,,184,58,,184,152,116,58
2020-06-17 21:00:00,136,,110,,124,,183,65,,183,121,124,65
2020-06-17 22:00:00,86,,129,,136,,112,59,,112,119,136,59
2020-06-17 23:00:00,115,,136,,132,,119,66,,119,128,132,66
2020-06-18 00:00:00,99,,134,,145,,141,61,,141,123,145,61
2020-06-18 01:00:00,103,,131,,138,,119,61,,119,117,138,61
2020-06-18 02:00:00,46,,113,,148,,120,82,,120,108,148,82
2020-06-18 03:00:00,71,,109,,163,,101,79,,101,102,163,79
2020-06-18 04:00:00,89,,107,,157,,95,90,,95,94,157,90
2020-06-18 05:00:00,90,,108,,157,,97,94,,97,108,157,94
2020-06-18 06:00:00,84,,123,,154,,89,99,,89,79,154,99
2020-06-18 07:00:00,61,,135,,155,,91,103,,91,105,155,103
2020-06-18 08:00:00,29,,146,,102,,110,86,,110,112,102,86
2020-06-18 09:00:00,26,,127,,64,,93,39,,93,129,64,39
2020-06-18 10:00:00,56,,43,,117,,174,69,,174,78,117,69
2020-06-18 11:00:00,47,,72,,117,,136,68,,136,93,117,68
2020-06-18 12:00:00,58,,124,,117,,104,61,,104,119,117,61
2020-06-18 13:00:00,76,,131,,125,,109,62,,109,142,125,62
2020-06-18 14:00:00,71,,134,,119,,130,57,,130,143,119,57
2020-06-18 15:00:00,75,,138,,104,,135,35,,135,148,104,35
2020-06-18 16:00:00,117,,140,,94,,135,56,,135,162,94,56
2020-06-18 17:00:00,107,,152,,99,,131,66,,131,166,99,66
2020-06-18 18:00:00,137,,148,,100,,162,67,,162,194,100,67
2020-06-18 19:00:00,143,,152,,110,,172,70,,172,186,110,70
2020-06-18 20:00:00,121,,139,,119,,164,69,,164,127,119,69
2020-06-18 21:00:00,99,,113,,116,,127,67,,127,94,116,67
2020-06-18 22:00:00,104,,130,,132,,96,73,,96,111,132,73
2020-06-18 23:00:00,136,,160,,161,,132,63,,132,214,161,63
2020-06-19 00:00:00,153,,179,,289,,201,316,,201,226,289,316
2020-06-19 01:00:00,269,,359,,333,,201,297,,201,343,333,297
2020-06-19 02:00:00,322,,39,,313,,212,334,,212,47,313,334
2020-06-19 03:00:00,56,,80,,64,,42,128,,42,67,64,128
2020-06-19 04:00:00,96,,141,,131,,77,96,,77,203,131,96
2020-06-19 05:00:00,316,,159,,129,,198,99,,198,262,129,99
2020-06-19 06:00:00,291,,183,,343,,220,25,,220,298,343,25
2020-06-19 07:00:00,303,,313,,324,,259,279,,259,352,324,279
2020-06-19 08:00:00,14,,102,,48,,175,144,,175,10,48,144
2020-06-19 09:00:00,99,,135,,118,,84,75,,84,54,118,75
2020-06-19 10:00:00,86,,122,,102,,172,82,,172,107,102,82
2020-06-19 11:00:00,90,,113,,114,,140,81,,140,133,114,81
2020-06-19 12:00:00,84,,106,,122,,128,66,,128,135,122,66
2020-06-19 13:00:00,67,,129,,129,,118,69,,118,128,129,69
2020-06-19 14:00:00,66,,123,,,,117,58,,117,132,,58
2020-06-19 15:00:00,78,,136,,112,,118,44,,118,136,112,44
2020-06-19 16:00:00,122,,141,,98,,137,60,,137,127,98,60
2020-06-19 17:00:00,131,,138,,106,,128,74,,128,129,106,74
2020-06-19 18:00:00,129,,132,,107,,118,73,,118,136,107,73
2020-06-19 19:00:00,102,,133,,109,,125,70,,125,127,109,70
2020-06-19 20:00:00,118,,132,,113,,120,65,,120,152,113,65
2020-06-19 21:00:00,119,,125,,132,,157,58,,157,132,132,58
2020-06-19 22:00:00,57,,100,,145,,121,75,,121,96,145,75
2020-06-19 23:00:00,61,,116,,152,,95,84,,95,99,152,84
2020-06-20 00:00:00,60,,137,,163,,122,83,,122,154,163,83
2020-06-20 01:00:00,80,,138,,127,,141,60,,141,158,127,60
2020-06-20 02:00:00,33,,136,,124,,153,71,,153,151,124,71
2020-06-20 03:00:00,32,,122,,133,,136,85,,136,96,133,85
2020-06-20 04:00:00,48,,142,,144,,95,99,,95,123,144,99
2020-06-20 05:00:00,27,,132,,108,,120,81,,120,119,108,81
2020-06-20 06:00:00,78,,120,,129,,123,90,,123,117,129,90
2020-06-20 07:00:00,78,,128,,132,,116,93,,116,103,132,93
2020-06-20 08:00:00,76,,114,,138,,111,78,,111,123,138,78
2020-06-20 09:00:00,67,,89,,139,,108,80,,108,134,139,80
2020-06-20 10:00:00,58,,77,,126,,88,66,,88,144,126,66
2020-06-20 11:00:00,36,,61,,136,,99,70,,99,55,136,70
2020-06-20 12:00:00,,,108,,126,,90,74,,90,185,126,74
2020-06-20 13:00:00,,,122,,125,,136,77,,136,128,125,77
2020-06-20 14:00:00,,,131,,123,,120,56,,120,154,123,56
2020-06-20 15:00:00,,,147,,123,,136,56,,136,158,123,56
2020-06-20 16:00:00,,,143,,118,,143,77,,143,145,118,77
2020-06-20 17:00:00,,,139,,121,,142,79,,142,136,121,79
2020-06-20 18:00:00,,,142,,114,,134,80,,134,134,114,80
2020-06-20 19:00:00,,,138,,117,,135,72,,135,133,117,72
2020-06-20 20:00:00,129,,135,,108,,125,61,,125,118,108,61
2020-06-20 21:00:00,139,,121,,120,,118,62,,118,89,120,62
2020-06-20 22:00:00,96,,115,,130,,103,61,,103,125,130,61
2020-06-20 23:00:00,105,,133,,131,,118,59,,118,128,131,59
2020-06-21 00:00:00,81,,108,,128,,124,55,,124,117,128,55
2020-06-21 01:00:00,56,,115,,148,,105,66,,105,100,148,66
2020-06-21 02:00:00,41,,113,,175,,94,106,,94,101,175,106
2020-06-21 03:00:00,15,,74,,292,,95,137,,95,47,292,137
2020-06-21 04:00:00,213,,130,,186,,49,302,,49,87,186,302
2020-06-21 05:00:00,72,,122,,274,,99,77,,99,125,274,77
2020-06-21 06:00:00,99,,139,,98,,110,95,,110,148,98,95
2020-06-21 07:00:00,38,,111,,147,,147,80,,147,110,147,80
2020-06-21 08:00:00,24,,77,,110,,100,87,,100,62,110,87
2020-06-21 09:00:00,59,,79,,107,,82,77,,82,12,107,77
2020-06-21 10:00:00,80,,110,,108,,216,72,,216,355,108,72
2020-06-21 11:00:00,73,,134,,89,,151,76,,151,163,89,76
2020-06-21 12:00:00,82,,112,,127,,119,71,,119,142,127,71
2020-06-21 13:00:00,64,,114,,129,,98,76,,98,152,129,76
2020-06-21 14:00:00,81,,132,,121,,123,60,,123,141,121,60
2020-06-21 15:00:00,69,,139,,121,,135,55,,135,138,121,55
2020-06-21 16:00:00,103,,141,,116,,126,50,,126,126,116,50
2020-06-21 17:00:00,148,,141,,125,,124,81,,124,144,125,81
2020-06-21 18:00:00,144,,140,,111,,126,74,,126,159,111,74
2020-06-21 19:00:00,139,,149,,120,,149,79,,149,182,120,79
2020-06-21 20:00:00,154,,160,,128,,168,85,,168,199,128,85
2020-06-21 21:00:00,144,,155,,98,,197,39,,197,168,98,39
2020-06-21 22:00:00,132,,108,,145,,190,85,,190,98,145,85
2020-06-21 23:00:00,57,,107,,163,,96,84,,96,94,163,84
2020-06-22 00:00:00,68,,137,,150,,101,81,,101,106,150,81
2020-06-22 01:00:00,63,,137,,185,,139,90,,139,111,185,90
2020-06-22 02:00:00,45,,114,,155,,140,109,,140,109,155,109
2020-06-22 03:00:00,79,,109,,150,,109,97,,109,83,150,97
2020-06-22 04:00:00,110,,130,,145,,74,96,,74,118,145,96
2020-06-22 05:00:00,97,,142,,124,,113,92,,113,99,124,92
2020-06-22 06:00:00,100,,138,,139,,89,96,,89,240,139,96
2020-06-22 07:00:00,53,,116,,186,,125,38,,125,105,186,38
2020-06-22 08:00:00,15,,47,,2,,89,292,,89,28,2,292
2020-06-22 09:00:00,31,,357,,49,,50,237,,50,31,49,237
2020-06-22 10:00:00,56,,29,,92,,108,63,,108,4,92,63
2020-06-22 11:00:00,46,,82,,121,,81,73,,81,85,121,73
2020-06-22 12:00:00,,,131,,116,,91,71,,91,162,116,71
2020-06-22 13:00:00,,,131,,117,,170,63,,170,139,117,63
2020-06-22 14:00:00,,,110,,128,,125,75,,125,151,128,75
2020-06-22 15:00:00,,,130,,122,,109,72,,109,146,122,72
2020-06-22 16:00:00,,,132,,116,,116,57,,116,141,116,57
2020-06-22 17:00:00,,,126,,102,,138,57,,138,138,102,57
2020-06-22 18:00:00,,,144,,117,,125,82,,125,155,117,82
2020-06-22 19:00:00,143,,149,,131,,139,87,,139,164,131,87
2020-06-22 20:00:00,126,,150,,121,,148,79,,148,180,121,79
2020-06-22 21:00:00,141,,129,,131,,170,66,,170,110,131,66
2020-06-22 22:00:00,100,,110,,143,,134,60,,134,115,143,60
2020-06-22 23:00:00,84,,123,,146,,108,53,,108,124,146,53
2020-06-23 00:00:00,83,,123,,143,,136,61,,136,126,143,61
2020-06-23 01:00:00,59,,118,,149,,122,65,,122,127,149,65
2020-06-23 02:00:00,49,,129,,160,,110,80,,110,148,160,80
2020-06-23 03:00:00,57,,107,,141,,121,99,,121,108,141,99
2020-06-23 04:00:00,65,,122,,160,,91,96,,91,110,160,96
2020-06-23 05:00:00,53,,128,,152,,80,129,,80,114,152,129
2020-06-23 06:00:00,34,,92,,284,,97,144,,97,115,284,144
2020-06-23 07:00:00,79,,101,,65,,92,85,,92,129,65,85
2020-06-23 08:00:00,78,,129,,302,,93,63,,93,126,302,63
2020-06-23 09:00:00,75,,147,,18,,106,38,,106,119,18,38
2020-06-23 10:00:00,68,,135,,76,,111,53,,111,141,76,53
2020-06-23 11:00:00,57,,103,,108,,101,72,,101,126,108,72
2020-06-23 12:00:00,42,,45,,137,,93,84,,93,176,137,84
2020-06-23 13:00:00,51,,62,,139,,90,78,,90,69,139,78
2020-06-23 14:00:00,99,,129,,140,,69,78,,69,132,140,78
2020-06-23 15:00:00,80,,135,,133,,104,77,,104,153,133,77
2020-06-23 16:00:00,88,,118,,134,,119,67,,119,120,134,67
2020-06-23 17:00:00,92,,64,,113,,122,60,,122,158,113,60
2020-06-23 18:00:00,107,,71,,113,,129,67,,129,156,113,67
2020-06-23 19:00:00,151,,143,,120,,159,83,,159,170,120,83
2020-06-23 20:00:00,142,,135,,125,,163,90,,163,168,125,90
2020-06-23 21:00:00,138,,137,,125,,164,78,,164,110,125,78
2020-06-23 22:00:00,129,,101,,129,,172,69,,172,110,129,69
2020-06-23 23:00:00,89,,120,,135,,95,70,,95,122,135,70
2020-06-24 00:00:00,106,,104,,120,,117,69,,117,114,120,69
2020-06-24 01:00:00,59,,99,,132,,98,73,,98,105,132,73
2020-06-24 02:00:00,62,,103,,133,,95,83,,95,102,133,83
2020-06-24 03:00:00,67,,136,,152,,92,89,,92,104,152,89
2020-06-24 04:00:00,42,,137,,149,,95,110,,95,122,149,110
2020-06-24 05:00:00,78,,144,,132,,126,99,,126,129,132,99
2020-06-24 06:00:00,40,,143,,139,,175,104,,175,169,139,104
2020-06-24 07:00:00,11,,144,,126,,175,96,,175,120,126,96
2020-06-24 08:00:00,35,,118,,51,,112,90,,112,333,51,90
2020-06-24 09:00:00,28,,13,,35,,141,77,,141,15,35,77
2020-06-24 10:00:00,65,,333,,9,,107,78,,107,338,9,78
2020-06-24 11:00:00,58,,352,,156,,272,76,,272,39,156,76
2020-06-24 12:00:00,57,,66,,140,,267,80,,267,112,140,80
2020-06-24 13:00:00,79,,105,,138,,140,49,,140,145,138,49
2020-06-24 14:00:00,85,,137,,122,,125,72,,125,145,122,72
2020-06-24 15:00:00,77,,130,,101,,129,45,,129,147,101,45
2020-06-24 16:00:00,118,,147,,102,,122,68,,122,155,102,68
2020-06-24 17:00:00,145,,166,,137,,140,67,,140,163,137,67
2020-06-24 18:00:00,,,,,,,,,,,,,
2020-06-24 19:00:00,330,,146,,316,,162,269,,162,146,316,269
2020-06-24 20:00:00,347,,1,,358,,125,17,,125,55,358,17
2020-06-24 21:00:00,280,,161,,,,60,73,,60,327,,73
2020-06-24 22:00:00,172,,177,,136,,256,65,,256,244,136,65
2020-06-24 23:00:00,252,,173,,118,,224,13,,224,205,118,13
2020-06-25 00:00:00,214,,256,,120,,190,262,,190,229,120,262
2020-06-25 01:00:00,256,,19,,340,,231,150,,231,38,340,150
2020-06-25 02:00:00,16,,12,,35,,39,45,,39,316,35,45
2020-06-25 03:00:00,145,,288,,127,,161,82,,161,302,127,82
2020-06-25 04:00:00,79,,254,,75,,282,91,,282,266,75,91
2020-06-25 05:00:00,202,,291,,118,,273,120,,273,263,118,120
2020-06-25 06:00:00,238,,346,,5,,271,234,,271,329,5,234
2020-06-25 07:00:00,219,,321,,18,,284,223,,284,155,18,223
2020-06-25 08:00:00,267,,320,,57,,91,230,,91,97,57,230
2020-06-25 09:00:00,36,,357,,16,,75,86,,75,100,16,86
2020-06-25 10:00:00,53,,41,,348,,55,80,,55,60,348,80
2020-06-25 11:00:00,35,,69,,66,,73,78,,73,73,66,78
2020-06-25 12:00:00,70,,104,,134,,112,66,,112,138,134,66
2020-06-25 13:00:00,81,,123,,125,,112,56,,112,155,125,56
2020-06-25 14:00:00,69,,133,,118,,131,49,,131,159,118,49
2020-06-25 15:00:00,73,,144,,109,,124,48,,124,157,109,48
2020-06-25 16:00:00,80,,147,,95,,125,51,,125,162,95,51
2020-06-25 17:00:00,88,,124,,97,,135,72,,135,119,97,72
2020-06-25 18:00:00,101,,122,,104,,131,71,,131,121,104,71
2020-06-25 19:00:00,104,,110,,125,,108,80,,108,123,125,80
2020-06-25 20:00:00,127,,133,,110,,119,70,,119,128,110,70
2020-06-25 21:00:00,131,,134,,119,,121,66,,121,130,119,66
2020-06-25 22:00:00,142,,139,,119,,134,68,,134,151,119,68
2020-06-25 23:00:00,131,,141,,,,148,62,,148,147,,62
2020-06-26 00:00:00,73,,128,,147,,143,78,,143,120,147,78
2020-06-26 01:00:00,30,,113,,145,,114,90,,114,93,145,90
2020-06-26 02:00:00,19,,109,,141,,107,92,,107,91,141,92
2020-06-26 03:00:00,76,,128,,145,,94,79,,94,128,145,79
2020-06-26 04:00:00,67,,130,,153,,116,77,,116,123,153,77
2020-06-26 05:00:00,66,,133,,151,,118,71,,118,108,151,71
2020-06-26 06:00:00,67,,137,,143,,117,72,,117,75,143,72
2020-06-26 07:00:00,72,,97,,124,,77,80,,77,49,124,80
2020-06-26 08:00:00,76,,123,,145,,76,71,,76,93,145,71
2020-06-26 09:00:00,66,,139,,109,,102,79,,102,129,109,79
2020-06-26 10:00:00,75,,141,,132,,115,71,,115,136,132,71
2020-06-26 11:00:00,43,,133,,130,,115,66,,115,190,130,66
2020-06-26 12:00:00,5,,126,,125,,108,81,,108,148,125,81
2020-06-26 13:00:00,71,,130,,126,,132,48,,132,134,126,48
2020-06-26 14:00:00,91,,119,,122,,127,57,,127,140,122,57
2020-06-26 15:00:00,90,,129,,124,,123,68,,123,143,124,68
2020-06-26 16:00:00,93,,141,,108,,133,70,,133,143,108,70
2020-06-26 17:00:00,125,,145,,115,,131,73,,131,148,115,73
2020-06-26 18:00:00,128,,142,,115,,137,68,,137,155,115,68
2020-06-26 19:00:00,151,,143,,118,,145,75,,145,147,118,75
2020-06-26 20:00:00,141,,128,,119,,143,67,,143,125,119,67
2020-06-26 21:00:00,127,,133,,117,,128,61,,128,131,117,61
2020-06-26 22:00:00,134,,128,,136,,127,68,,127,155,136,68
2020-06-26 23:00:00,121,,95,,154,,142,64,,142,124,154,64
2020-06-27 00:00:00,66,,101,,146,,109,60,,109,111,146,60
2020-06-27 01:00:00,40,,117,,142,,99,82,,99,114,142,82
2020-06-27 02:00:00,40,,135,,160,,117,98,,117,123,160,98
2020-06-27 03:00:00,18,,123,,139,,112,98,,112,122,139,98
2020-06-27 04:00:00,,,120,,127,,114,110,,114,120,127,110
2020-06-27 05:00:00,67,,112,,120,,107,114,,107,112,120,114
2020-06-27 06:00:00,74,,107,,133,,104,79,,104,110,133,79
2020-06-27 07:00:00,,,101,,172,,89,102,,89,105,172,102
2020-06-27 08:00:00,,,89,,5,,80,97,,80,102,5,97
2020-06-27 09:00:00,,,92,,115,,92,81,,92,91,115,81
2020-06-27 10:00:00,,,82,,129,,77,76,,77,98,129,76
2020-06-27 11:00:00,,,82,,120,,91,73,,91,111,120,73
2020-06-27 12:00:00,,,80,,122,,93,75,,93,193,122,75
2020-06-27 13:00:00,,,88,,116,,149,74,,149,124,116,74
2020-06-27 14:00:00,48,,141,,116,,184,67,,184,163,116,67
2020-06-27 15:00:00,65,,153,,126,,126,76,,126,139,126,76
2020-06-27 16:00:00,261,,210,,203,,154,196,,154,146,203,196
2020-06-27 17:00:00,218,,224,,196,,183,325,,183,220,196,325
2020-06-27 18:00:00,225,,248,,172,,268,242,,268,241,172,242
2020-06-27 19:00:00,234,,291,,180,,223,245,,223,188,180,245
2020-06-27 20:00:00,212,,35,,274,,193,117,,193,148,274,117
2020-06-27 21:00:00,322,,109,,152,,116,257,,116,116,152,257
2020-06-27 22:00:00,94,,141,,200,,128,140,,128,143,200,140
2020-06-27 23:00:00,123,,142,,161,,140,149,,140,160,161,149
2020-06-28 00:00:00,189,,126,,300,,154,177,,154,152,300,177
2020-06-28 01:00:00,272,,77,,282,,105,259,,105,120,282,259
2020-06-28 02:00:00,205,,103,,278,,84,262,,84,98,278,262
2020-06-28 03:00:00,199,,118,,258,,66,165,,66,52,258,165
2020-06-28 04:00:00,230,,116,,266,,105,208,,105,50,266,208
2020-06-28 05:00:00,185,,133,,323,,99,176,,99,72,323,176
2020-06-28 06:00:00,161,,117,,315,,140,160,,140,28,315,160
2020-06-28 07:00:00,220,,55,,281,,218,124,,218,20,281,124
2020-06-28 08:00:00,270,,69,,86,,67,159,,67,319,86,159
2020-06-28 09:00:00,8,,58,,317,,49,73,,49,323,317,73
2020-06-28 10:00:00,14,,342,,137,,64,93,,64,355,137,93
2020-06-28 11:00:00,57,,133,,86,,75,95,,75,26,86,95
2020-06-28 12:00:00,83,,145,,70,,119,72,,119,157,70,72
2020-06-28 13:00:00,60,,139,,161,,142,64,,142,166,161,64
2020-06-28 14:00:00,78,,136,,131,,150,67,,150,144,131,67
2020-06-28 15:00:00,124,,146,,114,,164,69,,164,155,114,69
2020-06-28 16:00:00,147,,147,,121,,162,74,,162,163,121,74
2020-06-28 17:00:00,136,,142,,114,,146,69,,146,157,114,69
2020-06-28 18:00:00,139,,147,,113,,155,65,,155,156,113,65
2020-06-28 19:00:00,143,,146,,115,,146,57,,146,152,115,57
2020-06-28 20:00:00,139,,142,,120,,150,58,,150,162,120,58
2020-06-28 21:00:00,157,,144,,178,,148,63,,148,156,178,63
2020-06-28 22:00:00,100,,140,,190,,150,107,,150,137,190,107
2020-06-28 23:00:00,119,,135,,171,,141,98,,141,142,171,98
2020-06-29 00:00:00,58,,135,,137,,134,127,,134,137,137,127
2020-06-29 01:00:00,49,,131,,151,,124,106,,124,140,151,106
2020-06-29 02:00:00,44,,135,,144,,131,114,,131,126,144,114
2020-06-29 03:00:00,48,,133,,110,,119,110,,119,123,110,110
2020-06-29 04:00:00,54,,108,,329,,108,122,,108,117,329,122
2020-06-29 05:00:00,78,,105,,326,,104,99,,104,114,326,99
2020-06-29 06:00:00,80,,106,,346,,76,112,,76,121,346,112
2020-06-29 07:00:00,71,,137,,219,,92,242,,92,97,219,242
2020-06-29 08:00:00,85,,136,,234,,89,232,,89,137,234,232
2020-06-29 09:00:00,104,,144,,176,,101,235,,101,159,176,235
2020-06-29 10:00:00,87,,143,,146,,130,81,,130,149,146,81
2020-06-29 11:00:00,69,,150,,120,,140,65,,140,141,120,65
2020-06-29 12:00:00,90,,142,,120,,144,55,,144,143,120,55
2020-06-29 13:00:00,127,,136,,110,,137,37,,137,149,110,37
2020-06-29 14:00:00,137,,142,,155,,131,73,,131,145,155,73
2020-06-29 15:00:00,157,,142,,187,,132,212,,132,139,187,212
2020-06-29 16:00:00,235,,144,,187,,129,289,,129,142,187,289
2020-06-29 17:00:00,200,,143,,186,,149,339,,149,133,186,339
2020-06-29 18:00:00,165,,144,,172,,139,70,,139,163,172,70
2020-06-29 19:00:00,123,,143,,182,,157,81,,157,174,182,81
2020-06-29 20:00:00,121,,148,,166,,175,78,,175,155,166,78
2020-06-29 21:00:00,55,,141,,144,,141,121,,141,155,144,121
2020-06-29 22:00:00,63,,104,,176,,126,165,,126,126,176,165
2020-06-29 23:00:00,153,,117,,169,,109,127,,109,121,169,127
2020-06-30 00:00:00,8,,135,,164,,108,154,,108,133,164,154
2020-06-30 01:00:00,27,,114,,164,,133,126,,133,121,164,126
2020-06-30 02:00:00,19,,129,,144,,113,110,,113,120,144,110
2020-06-30 03:00:00,28,,134,,132,,113,104,,113,122,132,104
2020-06-30 04:00:00,23,,123,,137,,117,96,,117,135,137,96
2020-06-30 05:00:00,36,,137,,149,,122,100,,122,140,149,100
2020-06-30 06:00:00,15,,138,,129,,128,108,,128,136,129,108
2020-06-30 07:00:00,39,,123,,128,,119,98,,119,136,128,98
2020-06-30 08:00:00,74,,70,,125,,99,82,,99,129,125,82
2020-06-30 09:00:00,50,,61,,109,,106,87,,106,134,109,87
2020-06-30 10:00:00,75,,76,,97,,78,80,,78,133,97,80
2020-06-30 11:00:00,63,,77,,124,,86,77,,86,112,124,77
2020-06-30 12:00:00,69,,102,,127,,89,74,,89,134,127,74
2020-06-30 13:00:00,61,,,,119,,,,,,,119,
2020-06-30 14:00:00,81,,143,,129,,105,80,,105,165,129,80
2020-06-30 15:00:00,81,,149,,129,,120,74,,120,183,129,74
2020-06-30 16:00:00,99,,142,,132,,149,81,,149,184,132,81
2020-06-30 17:00:00,113,,147,,139,,138,74,,138,169,139,74
2020-06-30 18:00:00,122,,153,,137,,194,70,,194,174,137,70
2020-06-30 19:00:00,110,,146,,142,,192,101,,192,158,142,101
2020-06-30 20:00:00,106,,141,,136,,205,89,,205,181,136,89
2020-06-30 21:00:00,87,,105,,166,,179,108,,179,193,166,108
2020-06-30 22:00:00,90,,71,,152,,176,120,,176,142,152,120
2020-06-30 23:00:00,66,,99,,187,,138,139,,138,135,187,139
2020-07-01 00:00:00,,,,,,,,,,,,,
2020-07-01 01:00:00,61,,132,,23,,135,124,,135,124,23,124
2020-07-01 02:00:00,7,,137,,98,,122,122,,122,123,98,122
2020-07-01 03:00:00,9,,125,,100,,135,120,,135,117,100,120
2020-07-01 04:00:00,13,,138,,319,,117,131,,117,124,319,131
2020-07-01 05:00:00,83,,135,,328,,113,120,,113,134,328,120
2020-07-01 06:00:00,84,,143,,341,,103,98,,103,117,341,98
2020-07-01 07:00:00,56,,137,,269,,149,86,,149,126,269,86
2020-07-01 08:00:00,79,,120,,344,,95,84,,95,124,344,84
2020-07-01 09:00:00,87,,128,,6,,93,76,,93,144,6,76
2020-07-01 10:00:00,95,,131,,93,,118,82,,118,147,93,82
2020-07-01 11:00:00,84,,116,,126,,141,74,,141,190,126,74
2020-07-01 12:00:00,69,,140,,124,,166,71,,166,190,124,71
2020-07-01 13:00:00,64,,114,,131,,119,64,,119,200,131,64
2020-07-01 14:00:00,58,,140,,128,,88,50,,88,153,128,50
2020-07-01 15:00:00,63,,136,,110,,141,48,,141,152,110,48
2020-07-01 16:00:00,103,,145,,109,,108,58,,108,124,109,58
2020-07-01 17:00:00,137,,141,,119,,116,82,,116,152,119,82
2020-07-01 18:00:00,152,,142,,123,,135,73,,135,148,123,73
2020-07-01 19:00:00,143,,155,,116,,152,64,,152,155,116,64
2020-07-01 20:00:00,139,,153,,119,,175,63,,175,157,119,63
2020-07-01 21:00:00,146,,154,,117,,168,63,,168,174,117,63
2020-07-01 22:00:00,131,,149,,123,,185,72,,185,166,123,72
2020-07-01 23:00:00,138,,144,,138,,160,90,,160,168,138,90
2020-07-02 00:00:00,136,,134,,138,,153,75,,153,145,138,75
2020-07-02 01:00:00,76,,135,,155,,132,84,,132,138,155,84
2020-07-02 02:00:00,75,,132,,168,,127,82,,127,130,168,82
2020-07-02 03:00:00,79,,132,,165,,123,84,,123,147,165,84
2020-07-02 04:00:00,62,,134,,147,,124,85,,124,147,147,85
2020-07-02 05:00:00,76,,134,,163,,139,83,,139,138,163,83
2020-07-02 06:00:00,59,,127,,142,,123,108,,123,131,142,108
2020-07-02 07:00:00,46,,77,,131,,110,113,,110,105,131,113
2020-07-02 08:00:00,77,,94,,134,,90,93,,90,86,134,93
2020-07-02 09:00:00,68,,111,,136,,75,77,,75,126,136,77
2020-07-02 10:00:00,61,,121,,125,,82,79,,82,120,125,79
2020-07-02 11:00:00,88,,107,,103,,113,72,,113,153,103,72
2020-07-02 12:00:00,71,,145,,127,,139,75,,139,168,127,75
2020-07-02 13:00:00,43,,150,,129,,198,73,,198,161,129,73
2020-07-02 14:00:00,34,,128,,124,,170,66,,170,137,124,66
2020-07-02 15:00:00,44,,157,,128,,142,56,,142,126,128,56
2020-07-02 16:00:00,69,,158,,122,,139,62,,139,147,122,62
2020-07-02 17:00:00,109,,157,,119,,135,44,,135,175,119,44
2020-07-02 18:00:00,153,,167,,53,,160,65,,160,174,53,65
2020-07-02 19:00:00,150,,173,,324,,222,301,,222,172,324,301
2020-07-02 20:00:00,153,,153,,65,,216,75,,216,151,65,75
2020-07-02 21:00:00,146,,142,,131,,181,77,,181,135,131,77
2020-07-02 22:00:00,139,,127,,148,,142,71,,142,116,148,71
2020-07-02 23:00:00,92,,122,,136,,128,51,,128,122,136,51
2020-07-03 00:00:00,94,,134,,130,,117,63,,117,125,130,63
2020-07-03 01:00:00,108,,129,,134,,128,66,,128,117,134,66
2020-07-03 02:00:00,81,,116,,148,,118,81,,118,112,148,81
2020-07-03 03:00:00,73,,115,,160,,113,98,,113,113,160,98
2020-07-03 04:00:00,60,,117,,172,,116,97,,116,115,172,97
2020-07-03 05:00:00,60,,121,,170,,108,104,,108,121,170,104
2020-07-03 06:00:00,66,,137,,187,,114,107,,114,117,187,107
2020-07-03 07:00:00,9,,110,,185,,114,161,,114,79,185,161
2020-07-03 08:00:00,9,,125,,56,,87,236,,87,55,56,236
2020-07-03 09:00:00,20,,115,,38,,71,68,,71,352,38,68
2020-07-03 10:00:00,17,,69,,57,,85,17,,85,136,57,17
2020-07-03 11:00:00,34,,95,,100,,81,70,,81,182,100,70
2020-07-03 12:00:00,29,,115,,121,,128,76,,128,143,121,76
2020-07-03 13:00:00,62,,118,,117,,97,68,,97,138,117,68
2020-07-03 14:00:00,56,,142,,126,,134,64,,134,141,126,64
2020-07-03 15:00:00,88,,132,,118,,109,52,,109,121,118,52
2020-07-03 16:00:00,125,,134,,109,,135,74,,135,156,109,74
2020-07-03 17:00:00,136,,145,,104,,118,64,,118,131,104,64
2020-07-03 18:00:00,136,,143,,110,,144,67,,144,153,110,67
2020-07-03 19:00:00,152,,150,,118,,149,85,,149,181,118,85
2020-07-03 20:00:00,161,,153,,133,,177,81,,177,183,133,81
2020-07-03 21:00:00,168,,151,,122,,169,71,,169,153,122,71
2020-07-03 22:00:00,165,,122,,126,,171,76,,171,123,126,76
2020-07-03 23:00:00,96,,129,,140,,119,73,,119,122,140,73
2020-07-04 00:00:00,100,,135,,135,,124,79,,124,118,135,79
2020-07-04 01:00:00,86,,124,,152,,131,76,,131,120,152,76
2020-07-04 02:00:00,71,,106,,156,,120,106,,120,120,156,106
2020-07-04 03:00:00,30,,103,,164,,116,115,,116,120,164,115
2020-07-04 04:00:00,29,,101,,5,,103,129,,103,108,5,129
2020-07-04 05:00:00,97,,120,,101,,101,111,,101,114,101,111
2020-07-04 06:00:00,146,,108,,122,,78,177,,78,24,122,177
2020-07-04 07:00:00,315,,37,,301,,29,240,,29,28,301,240
2020-07-04 08:00:00,251,,28,,356,,31,275,,31,70,356,275
2020-07-04 09:00:00,30,,353,,50,,44,336,,44,97,50,336
2020-07-04 10:00:00,33,,314,,89,,114,57,,114,287,89,57
2020-07-04 11:00:00,22,,331,,103,,212,73,,212,270,103,73
2020-07-04 12:00:00,64,,17,,107,,161,65,,161,82,107,65
2020-07-04 13:00:00,63,,116,,119,,134,68,,134,149,119,68
2020-07-04 14:00:00,68,,110,,119,,104,56,,104,130,119,56
2020-07-04 15:00:00,89,,118,,102,,122,62,,122,116,102,62
2020-07-04 16:00:00,130,,136,,111,,124,66,,124,124,111,66
2020-07-04 17:00:00,130,,139,,107,,122,67,,122,124,107,67
2020-07-04 18:00:00,134,,137,,113,,118,83,,118,135,113,83
2020-07-04 19:00:00,158,,151,,115,,137,84,,137,188,115,84
2020-07-04 20:00:00,153,,159,,114,,183,91,,183,193,114,91
2020-07-04 21:00:00,158,,157,,132,,190,78,,190,159,132,78
2020-07-04 22:00:00,177,,135,,140,,180,125,,180,125,140,125
2020-07-04 23:00:00,142,,108,,165,,133,131,,133,117,165,131
2020-07-05 00:00:00,52,,127,,160,,105,121,,105,118,160,121
2020-07-05 01:00:00,35,,129,,142,,123,124,,123,117,142,124
2020-07-05 02:00:00,38,,133,,130,,166,106,,166,119,130,106
2020-07-05 03:00:00,23,,141,,110,,134,109,,134,119,110,109
2020-07-05 04:00:00,4,,144,,134,,107,147,,107,112,134,147
2020-07-05 05:00:00,289,,118,,61,,85,193,,85,94,61,193
2020-07-05 06:00:00,27,,88,,341,,72,218,,72,12,341,218
2020-07-05 07:00:00,349,,80,,337,,81,253,,81,16,337,253
2020-07-05 08:00:00,358,,329,,24,,129,284,,129,28,24,284
2020-07-05 09:00:00,355,,351,,24,,119,236,,119,16,24,236
2020-07-05 10:00:00,47,,44,,81,,130,101,,130,358,81,101
2020-07-05 11:00:00,31,,82,,115,,111,77,,111,133,115,77
2020-07-05 12:00:00,70,,132,,125,,128,74,,128,143,125,74
2020-07-05 13:00:00,66,,106,,117,,121,65,,121,161,117,65
2020-07-05 14:00:00,85,,140,,115,,120,49,,120,148,115,49
2020-07-05 15:00:00,110,,145,,103,,133,67,,133,141,103,67
2020-07-05 16:00:00,130,,142,,107,,126,69,,126,158,107,69
2020-07-05 17:00:00,125,,148,,110,,133,76,,133,153,110,76
2020-07-05 18:00:00,143,,146,,116,,136,82,,136,165,116,82
2020-07-05 19:00:00,130,,150,,113,,146,67,,146,185,113,67
2020-07-05 20:00:00,131,,154,,112,,171,53,,171,185,112,53
2020-07-05 21:00:00,122,,142,,164,,186,52,,186,156,164,52
2020-07-05 22:00:00,128,,123,,171,,174,101,,174,122,171,101
2020-07-05 23:00:00,107,,113,,160,,129,142,,129,111,160,142
2020-07-06 00:00:00,43,,122,,165,,111,125,,111,120,165,125
2020-07-06 01:00:00,32,,131,,161,,127,132,,127,116,161,132
2020-07-06 02:00:00,23,,110,,113,,162,117,,162,110,113,117
2020-07-06 03:00:00,23,,120,,138,,106,114,,106,112,138,114
2020-07-06 04:00:00,48,,134,,154,,115,120,,115,114,154,120
2020-07-06 05:00:00,31,,101,,141,,98,155,,98,109,141,155
2020-07-06 06:00:00,75,,125,,138,,80,158,,80,121,138,158
2020-07-06 07:00:00,55,,112,,60,,102,213,,102,147,60,213
2020-07-06 08:00:00,29,,69,,125,,83,271,,83,123,125,271
2020-07-06 09:00:00,19,,9,,342,,91,252,,91,42,342,252
2020-07-06 10:00:00,48,,47,,76,,69,66,,69,64,76,66
2020-07-06 11:00:00,65,,75,,124,,94,77,,94,130,124,77
2020-07-06 12:00:00,48,,115,,134,,126,68,,126,154,134,68
2020-07-06 13:00:00,57,,125,,132,,109,68,,109,162,132,68
2020-07-06 14:00:00,77,,141,,120,,144,52,,144,140,120,52
2020-07-06 15:00:00,122,,142,,106,,126,60,,126,157,106,60
2020-07-06 16:00:00,107,,133,,109,,134,76,,134,155,109,76
2020-07-06 17:00:00,124,,131,,122,,132,82,,132,137,122,82
2020-07-06 18:00:00,137,,136,,112,,134,72,,134,154,112,72
2020-07-06 19:00:00,131,,147,,113,,141,81,,141,166,113,81
2020-07-06 20:00:00,157,,153,,124,,159,93,,159,188,124,93
2020-07-06 21:00:00,153,,156,,126,,184,92,,184,151,126,92
2020-07-06 22:00:00,136,,116,,124,,177,81,,177,117,124,81
2020-07-06 23:00:00,94,,123,,116,,102,60,,102,121,116,60
2020-07-07 00:00:00,101,,112,,126,,118,65,,118,123,126,65
2020-07-07 01:00:00,103,,106,,142,,116,71,,116,133,142,71
2020-07-07 02:00:00,65,,110,,152,,126,78,,126,120,152,78
2020-07-07 03:00:00,62,,129,,161,,116,96,,116,128,161,96
2020-07-07 04:00:00,59,,134,,152,,120,96,,120,134,152,96
2020-07-07 05:00:00,42,,126,,164,,127,101,,127,119,164,101
2020-07-07 06:00:00,58,,115,,153,,117,98,,117,109,153,98
2020-07-07 07:00:00,31,,106,,152,,117,105,,117,117,152,105
2020-07-07 08:00:00,80,,120,,133,,91,84,,91,125,133,84
2020-07-07 09:00:00,33,,90,,70,,93,75,,93,128,70,75
2020-07-07 10:00:00,70,,58,,92,,103,73,,103,129,92,73
2020-07-07 11:00:00,67,,82,,135,,112,66,,112,133,135,66
2020-07-07 12:00:00,64,,115,,117,,111,65,,111,164,117,65
2020-07-07 13:00:00,62,,125,,125,,121,70,,121,122,125,70
2020-07-07 14:00:00,79,,110,,126,,119,64,,119,124,126,64
2020-07-07 15:00:00,77,,124,,118,,115,44,,115,147,118,44
2020-07-07 16:00:00,101,,145,,112,,124,54,,124,143,112,54
2020-07-07 17:00:00,139,,146,,110,,130,61,,130,155,110,61
2020-07-07 18:00:00,147,,140,,110,,130,79,,130,154,110,79
2020-07-07 19:00:00,146,,148,,119,,138,80,,138,151,119,80
2020-07-07 20:00:00,149,,145,,,,159,66,,159,154,,66
2020-07-07 21:00:00,144,,145,,,,147,67,,147,165,,67
2020-07-07 22:00:00,130,,141,,,,173,67,,173,128,,67
2020-07-07 23:00:00,98,,121,,150,,150,68,,150,,150,68
2020-07-08 00:00:00,123,,113,,122,,,64,,,,122,64
2020-07-08 01:00:00,94,,108,,134,,,66,,,,134,66
2020-07-08 02:00:00,99,,119,,143,,,81,,,,143,81
2020-07-08 03:00:00,66,,135,,166,,,91,,,,166,91
2020-07-08 04:00:00,69,,138,,187,,,83,,,,187,83
2020-07-08 05:00:00,69,,132,,150,,,94,,,,150,94
2020-07-08 06:00:00,57,,118,,135,,,103,,,,135,103
2020-07-08 07:00:00,70,,125,,130,,,99,,,,130,99
2020-07-08 08:00:00,70,,102,,70,,,89,,,,70,89
2020-07-08 09:00:00,68,,77,,109,,,79,,,,109,79
2020-07-08 10:00:00,57,,96,,119,,,79,,,,119,79
2020-07-08 11:00:00,60,,116,,114,,,73,,,93,114,73
2020-07-08 12:00:00,72,,121,,119,,95,72,,95,178,119,72
2020-07-08 13:00:00,68,,114,,132,,120,74,,120,166,132,74
2020-07-08 14:00:00,55,,141,,116,,158,62,,158,149,116,62
2020-07-08 15:00:00,78,,142,,112,,141,56,,141,150,112,56
2020-07-08 16:00:00,129,,144,,107,,127,66,,127,154,107,66
2020-07-08 17:00:00,153,,144,,107,,143,77,,143,155,107,77
2020-07-08 18:00:00,153,,147,,113,,139,81,,139,159,113,81
2020-07-08 19:00:00,154,,152,,120,,149,78,,149,165,120,78
2020-07-08 20:00:00,145,,153,,118,,154,63,,154,173,118,63
2020-07-08 21:00:00,146,,149,,133,,166,58,,166,183,133,58
2020-07-08 22:00:00,133,,147,,138,,180,75,,180,146,138,75
2020-07-08 23:00:00,129,,135,,141,,158,82,,158,134,141,82
2020-07-09 00:00:00,121,,134,,139,,146,74,,146,122,139,74
2020-07-09 01:00:00,48,,134,,153,,118,91,,118,135,153,91
2020-07-09 02:00:00,51,,135,,155,,126,107,,126,125,155,107
2020-07-09 03:00:00,55,,130,,139,,122,106,,122,120,139,106
2020-07-09 04:00:00,68,,128,,143,,108,110,,108,120,143,110
2020-07-09 05:00:00,95,,125,,132,,106,100,,106,123,132,100
2020-07-09 06:00:00,69,,119,,133,,114,97,,114,95,133,97
2020-07-09 07:00:00,81,,89,,135,,114,100,,114,81,135,100
2020-07-09 08:00:00,82,,96,,101,,80,93,,80,91,101,93
2020-07-09 09:00:00,84,,125,,103,,87,79,,87,192,103,79
2020-07-09 10:00:00,70,,148,,103,,105,69,,105,205,103,69
2020-07-09 11:00:00,81,,139,,109,,92,79,,92,195,109,79
2020-07-09 12:00:00,74,,142,,120,,178,71,,178,185,120,71
2020-07-09 13:00:00,72,,115,,122,,101,55,,101,153,122,55
2020-07-09 14:00:00,77,,135,,111,,151,47,,151,143,111,47
2020-07-09 15:00:00,137,,159,,109,,121,65,,121,133,109,65
2020-07-09 16:00:00,113,,146,,111,,136,69,,136,140,111,69
2020-07-09 17:00:00,132,,144,,116,,134,71,,134,153,116,71
2020-07-09 18:00:00,145,,139,,115,,139,77,,139,149,115,77
2020-07-09 19:00:00,147,,145,,127,,131,86,,131,166,127,86
2020-07-09 20:00:00,152,,150,,113,,143,74,,143,165,113,74
2020-07-09 21:00:00,146,,151,,116,,157,61,,157,162,116,61
2020-07-09 22:00:00,142,,125,,140,,172,62,,172,120,140,62
2020-07-09 23:00:00,121,,125,,140,,123,68,,123,128,140,68
2020-07-10 00:00:00,69,,119,,165,,120,69,,120,122,165,69
2020-07-10 01:00:00,57,,107,,161,,121,91,,121,119,161,91
2020-07-10 02:00:00,43,,127,,159,,116,91,,116,126,159,91
2020-07-10 03:00:00,21,,134,,158,,120,107,,120,130,158,107
2020-07-10 04:00:00,20,,114,,126,,123,115,,123,119,126,115
2020-07-10 05:00:00,34,,90,,124,,116,103,,116,111,124,103
2020-07-10 06:00:00,86,,109,,121,,100,97,,100,69,121,97
2020-07-10 07:00:00,90,,93,,133,,84,95,,84,52,133,95
2020-07-10 08:00:00,44,,113,,66,,70,66,,70,64,66,66
2020-07-10 09:00:00,42,,34,,27,,94,344,,94,32,27,344
2020-07-10 10:00:00,347,,17,,120,,83,61,,83,356,120,61
2020-07-10 11:00:00,50,,11,,106,,122,80,,122,70,106,80
2020-07-10 12:00:00,90,,89,,118,,132,76,,132,145,118,76
2020-07-10 13:00:00,82,,117,,125,,121,65,,121,158,125,65
2020-07-10 14:00:00,60,,102,,118,,110,57,,110,159,118,57
2020-07-10 15:00:00,76,,106,,117,,123,35,,123,136,117,35
2020-07-10 16:00:00,92,,132,,102,,125,54,,125,128,102,54
2020-07-10 17:00:00,145,,130,,107,,130,72,,130,138,107,72
2020-07-10 18:00:00,144,,144,,118,,150,87,,150,163,118,87
2020-07-10 19:00:00,158,,154,,119,,163,94,,163,161,119,94
2020-07-10 20:00:00,155,,130,,129,,174,84,,174,119,129,84
2020-07-10 21:00:00,107,,117,,122,,132,73,,132,118,122,73
2020-07-10 22:00:00,116,,122,,120,,115,68,,115,124,120,68
2020-07-10 23:00:00,128,,126,,115,,121,66,,121,128,115,66
2020-07-11 00:00:00,133,,125,,130,,124,77,,124,125,130,77
2020-07-11 01:00:00,58,,108,,158,,124,84,,124,116,158,84
2020-07-11 02:00:00,49,,103,,158,,118,99,,118,134,158,99
2020-07-11 03:00:00,49,,115,,163,,113,96,,113,134,163,96
2020-07-11 04:00:00,46,,117,,160,,116,101,,116,132,160,101
2020-07-11 05:00:00,28,,88,,152,,117,104,,117,100,152,104
2020-07-11 06:00:00,47,,74,,152,,86,133,,86,50,152,133
2020-07-11 07:00:00,17,,78,,142,,93,119,,93,40,142,119
2020-07-11 08:00:00,,,74,,354,,64,61,,64,62,354,61
2020-07-11 09:00:00,347,,40,,10,,71,54,,71,80,10,54
2020-07-11 10:00:00,36,,26,,75,,111,65,,111,105,75,65
2020-07-11 11:00:00,47,,54,,96,,140,84,,140,125,96,84
2020-07-11 12:00:00,47,,99,,128,,124,77,,124,160,128,77
2020-07-11 13:00:00,62,,126,,118,,131,68,,131,142,118,68
2020-07-11 14:00:00,83,,144,,118,,134,52,,134,135,118,52
2020-07-11 15:00:00,127,,134,,102,,139,59,,139,144,102,59
2020-07-11 16:00:00,139,,142,,110,,136,68,,136,149,110,68
2020-07-11 17:00:00,141,,142,,116,,126,76,,126,146,116,76
2020-07-11 18:00:00,151,,144,,120,,130,75,,130,158,120,75
2020-07-11 19:00:00,146,,148,,124,,149,94,,149,169,124,94
2020-07-11 20:00:00,151,,150,,140,,157,85,,157,152,140,85
2020-07-11 21:00:00,160,,130,,122,,155,87,,155,129,122,87
2020-07-11 22:00:00,136,,125,,116,,130,68,,130,123,116,68
2020-07-11 23:00:00,97,,136,,125,,122,67,,122,129,125,67
2020-07-12 00:00:00,104,,116,,138,,126,63,,126,110,138,63
2020-07-12 01:00:00,53,,119,,147,,108,95,,108,104,147,95
2020-07-12 02:00:00,19,,117,,160,,110,108,,110,145,160,108
2020-07-12 03:00:00,25,,76,,159,,145,112,,145,115,159,112
2020-07-12 04:00:00,67,,99,,141,,86,98,,86,120,141,98
2020-07-12 05:00:00,43,,80,,129,,90,126,,90,54,129,126
2020-07-12 06:00:00,21,,75,,136,,48,112,,48,41,136,112
2020-07-12 07:00:00,46,,76,,73,,70,87,,70,83,73,87
2020-07-12 08:00:00,27,,90,,77,,75,69,,75,100,77,69
2020-07-12 09:00:00,44,,21,,99,,83,34,,83,210,99,34
2020-07-12 10:00:00,6,,326,,30,,216,303,,216,179,30,303
2020-07-12 11:00:00,17,,52,,112,,54,79,,54,150,112,79
2020-07-12 12:00:00,45,,125,,133,,95,75,,95,156,133,75
2020-07-12 13:00:00,60,,135,,125,,122,60,,122,136,125,60
2020-07-12 14:00:00,84,,145,,109,,132,50,,132,142,109,50
2020-07-12 15:00:00,94,,145,,102,,126,61,,126,140,102,61
2020-07-12 16:00:00,96,,125,,105,,130,64,,130,129,105,64
2020-07-12 17:00:00,119,,118,,114,,117,73,,117,119,114,73
2020-07-12 18:00:00,140,,134,,114,,114,73,,114,122,114,73
2020-07-12 19:00:00,143,,148,,139,,114,95,,114,145,139,95
2020-07-12 20:00:00,156,,142,,131,,137,101,,137,143,131,101
2020-07-12 21:00:00,147,,120,,128,,183,82,,183,120,128,82
2020-07-12 22:00:00,125,,120,,121,,109,80,,109,115,121,80
2020-07-12 23:00:00,111,,132,,119,,117,62,,117,153,119,62
2020-07-13 00:00:00,91,,108,,152,,138,72,,138,131,152,72
2020-07-13 01:00:00,23,,105,,160,,108,102,,108,132,160,102
2020-07-13 02:00:00,6,,88,,153,,114,128,,114,79,153,128
2020-07-13 03:00:00,16,,69,,132,,87,109,,87,94,132,109
2020-07-13 04:00:00,63,,96,,135,,52,101,,52,55,135,101
2020-07-13 05:00:00,16,,130,,122,,96,118,,96,24,122,118
2020-07-13 06:00:00,349,,108,,346,,61,169,,61,11,346,169
2020-07-13 07:00:00,311,,25,,329,,29,231,,29,14,329,231
2020-07-13 08:00:00,351,,1,,342,,41,257,,41,30,342,257
2020-07-13 09:00:00,25,,335,,68,,34,77,,34,28,68,77
2020-07-13 10:00:00,23,,354,,79,,132,65,,132,149,79,65
2020-07-13 11:00:00,28,,52,,97,,215,87,,215,197,97,87
2020-07-13 12:00:00,50,,131,,129,,157,61,,157,155,129,61
2020-07-13 13:00:00,67,,105,,118,,118,50,,118,135,118,50
2020-07-13 14:00:00,90,,124,,98,,147,44,,147,140,98,44
2020-07-13 15:00:00,121,,129,,116,,127,70,,127,132,116,70
2020-07-13 16:00:00,117,,125,,114,,119,76,,119,137,114,76
2020-07-13 17:00:00,145,,125,,112,,132,75,,132,126,112,75
2020-07-13 18:00:00,143,,120,,113,,137,69,,137,123,113,69
2020-07-13 19:00:00,151,,128,,133,,122,98,,122,137,133,98
2020-07-13 20:00:00,155,,123,,139,,115,,,115,146,139,
2020-07-13 21:00:00,151,,127,,121,,161,77,,161,117,121,77
2020-07-13 22:00:00,92,,113,,125,,113,72,,113,117,125,72
2020-07-13 23:00:00,85,,114,,136,,113,74,,113,128,136,74
2020-07-14 00:00:00,74,,107,,169,,126,97,,126,123,169,97
2020-07-14 01:00:00,57,,104,,175,,124,93,,124,137,175,93
2020-07-14 02:00:00,52,,103,,162,,116,100,,116,122,162,100
2020-07-14 03:00:00,58,,101,,145,,114,104,,114,108,145,104
2020-07-14 04:00:00,59,,93,,155,,97,110,,97,115,155,110
2020-07-14 05:00:00,37,,110,,142,,93,119,,93,116,142,119
2020-07-14 06:00:00,26,,93,,166,,92,154,,92,77,166,154
2020-07-14 07:00:00,35,,84,,144,,48,110,,48,40,144,110
2020-07-14 08:00:00,17,,88,,23,,67,244,,67,89,23,244
2020-07-14 09:00:00,13,,38,,54,,87,65,,87,47,54,65
2020-07-14 10:00:00,6,,40,,112,,67,77,,67,93,112,77
2020-07-14 11:00:00,44,,102,,130,,138,85,,138,154,130,85
2020-07-14 12:00:00,58,,127,,146,,114,73,,114,159,146,73
2020-07-14 13:00:00,64,,141,,122,,116,61,,116,148,122,61
2020-07-14 14:00:00,88,,141,,109,,131,52,,131,153,109,52
2020-07-14 15:00:00,149,,136,,109,,122,71,,122,137,109,71
2020-07-14 16:00:00,132,,125,,107,,142,67,,142,149,107,67
2020-07-14 17:00:00,138,,124,,111,,136,66,,136,157,111,66
2020-07-14 18:00:00,152,,136,,122,,138,80,,138,155,122,80
2020-07-14 19:00:00,151,,149,,136,,143,100,,143,169,136,100
2020-07-14 20:00:00,151,,154,,134,,160,99,,160,163,134,99
2020-07-14 21:00:00,144,,131,,124,,167,74,,167,133,124,74
2020-07-14 22:00:00,117,,112,,121,,136,66,,136,115,121,66
2020-07-14 23:00:00,72,,104,,120,,110,73,,110,116,120,73
2020-07-15 00:00:00,91,,103,,122,,106,72,,106,120,122,72
2020-07-15 01:00:00,72,,104,,130,,118,67,,118,140,130,67
2020-07-15 02:00:00,65,,102,,145,,124,69,,124,136,145,69
2020-07-15 03:00:00,50,,127,,165,,122,92,,122,139,165,92
2020-07-15 04:00:00,47,,137,,176,,129,92,,129,141,176,92
2020-07-15 05:00:00,43,,144,,227,,133,102,,133,152,227,102
2020-07-15 06:00:00,19,,145,,126,,146,112,,146,153,126,112
2020-07-15 07:00:00,6,,145,,91,,147,98,,147,150,91,98
2020-07-15 08:00:00,23,,96,,37,,145,84,,145,135,37,84
2020-07-15 09:00:00,72,,101,,107,,113,78,,113,137,107,78
2020-07-15 10:00:00,68,,128,,121,,121,74,,121,162,121,74
2020-07-15 11:00:00,92,,128,,124,,154,67,,154,153,124,67
2020-07-15 12:00:00,58,,130,,133,,148,60,,148,159,133,60
2020-07-15 13:00:00,59,,138,,124,,141,58,,141,139,124,58
2020-07-15 14:00:00,54,,150,,130,,131,56,,131,134,130,56
2020-07-15 15:00:00,73,,143,,122,,125,49,,125,154,122,49
2020-07-15 16:00:00,136,,146,,104,,136,68,,136,142,104,68
2020-07-15 17:00:00,143,,139,,109,,129,64,,129,139,109,64
2020-07-15 18:00:00,138,,139,,113,,144,81,,144,158,113,81
2020-07-15 19:00:00,145,,146,,116,,144,84,,144,165,116,84
2020-07-15 20:00:00,152,,144,,126,,152,85,,152,142,126,85
2020-07-15 21:00:00,140,,120,,127,,151,82,,151,120,127,82
2020-07-15 22:00:00,98,,118,,113,,118,69,,118,116,113,69
2020-07-15 23:00:00,113,,118,,112,,115,72,,115,121,112,72
2020-07-16 00:00:00,106,,113,,117,,120,69,,120,122,117,69
2020-07-16 01:00:00,124,,114,,132,,113,72,,113,134,132,72
2020-07-16 02:00:00,111,,113,,136,,123,73,,123,129,136,73
2020-07-16 03:00:00,70,,98,,147,,125,88,,125,141,147,88
2020-07-16 04:00:00,57,,119,,139,,121,79,,121,120,139,79
2020-07-16 05:00:00,57,,112,,156,,116,91,,116,121,156,91
2020-07-16 06:00:00,30,,135,,167,,118,93,,118,95,167,93
2020-07-16 07:00:00,34,,130,,141,,126,107,,126,143,141,107
2020-07-16 08:00:00,25,,118,,110,,97,93,,97,113,110,93
2020-07-16 09:00:00,9,,146,,88,,71,67,,71,159,88,67
2020-07-16 10:00:00,47,,126,,119,,99,75,,99,169,119,75
2020-07-16 11:00:00,67,,118,,135,,121,74,,121,136,135,74
2020-07-16 12:00:00,76,,108,,129,,132,59,,132,157,129,59
2020-07-16 13:00:00,62,,129,,126,,147,56,,147,134,126,56
2020-07-16 14:00:00,75,,128,,105,,142,49,,142,147,105,49
2020-07-16 15:00:00,121,,135,,111,,130,66,,130,142,111,66
2020-07-16 16:00:00,99,,127,,122,,128,76,,128,145,122,76
2020-07-16 17:00:00,146,,141,,113,,127,73,,127,157,113,73
2020-07-16 18:00:00,139,,146,,110,,138,72,,138,157,110,72
2020-07-16 19:00:00,138,,143,,119,,142,83,,142,155,119,83
2020-07-16 20:00:00,143,,114,,134,,150,95,,150,117,134,95
2020-07-16 21:00:00,104,,117,,121,,123,84,,123,118,121,84
2020-07-16 22:00:00,98,,126,,112,,112,67,,112,123,112,67
2020-07-16 23:00:00,101,,122,,115,,125,66,,125,124,115,66
2020-07-17 00:00:00,93,,108,,118,,123,63,,123,102,118,63
2020-07-17 01:00:00,80,,113,,120,,108,62,,108,106,120,62
2020-07-17 02:00:00,85,,111,,120,,106,60,,106,119,120,60
2020-07-17 03:00:00,73,,115,,122,,114,62,,114,126,122,62
2020-07-17 04:00:00,69,,118,,125,,116,63,,116,122,125,63
2020-07-17 05:00:00,58,,129,,151,,112,81,,112,131,151,81
2020-07-17 06:00:00,36,,128,,155,,115,106,,115,116,155,106
2020-07-17 07:00:00,66,,84,,123,,110,97,,110,83,123,97
2020-07-17 08:00:00,81,,86,,125,,81,91,,81,127,125,91
2020-07-17 09:00:00,53,,85,,114,,94,83,,94,57,114,83
2020-07-17 10:00:00,66,,7,,82,,120,58,,120,45,82,58
2020-07-17 11:00:00,36,,350,,130,,177,60,,177,76,130,60
2020-07-17 12:00:00,67,,50,,116,,194,72,,194,142,116,72
2020-07-17 13:00:00,72,,91,,130,,144,75,,144,137,130,75
2020-07-17 14:00:00,63,,132,,126,,139,63,,139,154,126,63
2020-07-17 15:00:00,75,,85,,104,,116,58,,116,99,104,58
2020-07-17 16:00:00,86,,115,,105,,134,56,,134,110,105,56
2020-07-17 17:00:00,105,,104,,99,,112,62,,112,102,99,62
2020-07-17 18:00:00,144,,149,,124,,127,92,,127,243,124,92
2020-07-17 19:00:00,145,,158,,108,,220,73,,220,263,108,73
2020-07-17 20:00:00,134,,127,,127,,208,79,,208,51,127,79
2020-07-17 21:00:00,112,,113,,114,,176,62,,176,113,114,62
2020-07-17 22:00:00,148,,119,,113,,105,73,,105,122,113,73
2020-07-17 23:00:00,134,,123,,111,,113,69,,113,122,111,69
2020-07-18 00:00:00,86,,116,,123,,122,70,,122,112,123,70
2020-07-18 01:00:00,75,,104,,124,,101,61,,101,108,124,61
2020-07-18 02:00:00,76,,96,,127,,93,64,,93,114,127,64
2020-07-18 03:00:00,93,,102,,131,,90,62,,90,125,131,62
2020-07-18 04:00:00,76,,122,,136,,113,69,,113,150,136,69
2020-07-18 05:00:00,58,,120,,138,,146,67,,146,147,138,67
2020-07-18 06:00:00,62,,109,,138,,155,71,,155,70,138,71
2020-07-18 07:00:00,52,,78,,156,,104,74,,104,117,156,74
2020-07-18 08:00:00,58,,71,,158,,91,82,,91,126,158,82
2020-07-18 09:00:00,67,,114,,130,,103,84,,103,102,130,84
2020-07-18 10:00:00,44,,75,,139,,97,90,,97,79,139,90
2020-07-18 11:00:00,43,,77,,121,,89,70,,89,94,121,70
2020-07-18 12:00:00,91,,64,,139,,99,63,,99,132,139,63
2020-07-18 13:00:00,67,,103,,133,,103,60,,103,175,133,60
2020-07-18 14:00:00,96,,114,,123,,134,69,,134,165,123,69
2020-07-18 15:00:00,165,,133,,183,,136,105,,136,149,183,105
2020-07-18 16:00:00,211,,98,,207,,129,182,,129,98,207,182
2020-07-18 17:00:00,203,,119,,312,,93,254,,93,190,312,254
2020-07-18 18:00:00,263,,276,,47,,169,14,,169,231,47,14
2020-07-18 19:00:00,145,,121,,123,,207,84,,207,156,123,84
2020-07-18 20:00:00,87,,123,,137,,300,86,,300,282,137,86
2020-07-18 21:00:00,8,,341,,165,,109,127,,109,283,165,127
2020-07-18 22:00:00,5,,355,,129,,241,115,,241,20,129,115
2020-07-18 23:00:00,87,,59,,134,,106,92,,106,23,134,92
2020-07-19 00:00:00,61,,62,,139,,93,95,,93,43,139,95
2020-07-19 01:00:00,45,,79,,143,,76,91,,76,42,143,91
2020-07-19 02:00:00,45,,112,,151,,94,93,,94,95,151,93
2020-07-19 03:00:00,24,,70,,171,,112,95,,112,162,171,95
2020-07-19 04:00:00,48,,65,,168,,93,92,,93,47,168,92
2020-07-19 05:00:00,52,,103,,156,,70,125,,70,55,156,125
2020-07-19 06:00:00,5,,68,,37,,85,114,,85,50,37,114
2020-07-19 07:00:00,69,,54,,318,,49,128,,49,46,318,128
2020-07-19 08:00:00,10,,57,,60,,49,86,,49,48,60,86
2020-07-19 09:00:00,32,,146,,324,,53,274,,53,61,324,274
2020-07-19 10:00:00,20,,137,,1,,83,43,,83,177,1,43
2020-07-19 11:00:00,52,,78,,86,,97,83,,97,43,86,83
2020-07-19 12:00:00,48,,26,,135,,100,82,,100,34,135,82
2020-07-19 13:00:00,66,,4,,112,,76,77,,76,310,112,77
2020-07-19 14:00:00,86,,27,,124,,117,73,,117,75,124,73
2020-07-19 15:00:00,81,,74,,124,,119,62,,119,139,124,62
2020-07-19 16:00:00,81,,131,,118,,148,52,,148,155,118,52
2020-07-19 17:00:00,95,,146,,120,,145,65,,145,220,120,65
2020-07-19 18:00:00,143,,168,,115,,173,76,,173,250,115,76
2020-07-19 19:00:00,130,,182,,114,,224,71,,224,257,114,71
2020-07-19 20:00:00,158,,148,,109,,231,92,,231,210,109,92
2020-07-19 21:00:00,123,,88,,117,,212,92,,212,142,117,92
2020-07-19 22:00:00,143,,127,,117,,127,71,,127,151,117,71
2020-07-19 23:00:00,148,,131,,143,,142,70,,142,130,143,70
2020-07-20 00:00:00,128,,121,,128,,126,67,,126,122,128,67
2020-07-20 01:00:00,102,,101,,129,,118,68,,118,125,129,68
2020-07-20 02:00:00,73,,99,,143,,118,67,,118,114,143,67
2020-07-20 03:00:00,63,,103,,164,,112,98,,112,111,164,98
2020-07-20 04:00:00,59,,105,,150,,105,108,,105,86,150,108
2020-07-20 05:00:00,52,,121,,138,,83,113,,83,55,138,113
2020-07-20 06:00:00,63,,100,,139,,70,102,,70,43,139,102
2020-07-20 07:00:00,64,,78,,98,,75,103,,75,313,98,103
2020-07-20 08:00:00,42,,341,,65,,98,73,,98,331,65,73
2020-07-20 09:00:00,19,,315,,83,,121,49,,121,4,83,49
2020-07-20 10:00:00,349,,320,,44,,105,38,,105,350,44,38
2020-07-20 11:00:00,12,,66,,96,,72,51,,72,123,96,51
2020-07-20 12:00:00,80,,81,,113,,117,71,,117,166,113,71
2020-07-20 13:00:00,104,,133,,125,,158,70,,158,131,125,70
2020-07-20 14:00:00,76,,137,,118,,133,58,,133,149,118,58
2020-07-20 15:00:00,118,,127,,113,,122,73,,122,144,113,73
2020-07-20 16:00:00,141,,164,,173,,167,78,,167,156,173,78
2020-07-20 17:00:00,137,,150,,181,,189,78,,189,169,181,78
2020-07-20 18:00:00,144,,43,,194,,160,73,,160,203,194,73
2020-07-20 19:00:00,154,,130,,170,,177,91,,177,262,170,91
2020-07-20 20:00:00,112,,293,,159,,224,265,,224,266,159,265
2020-07-20 21:00:00,157,,342,,161,,231,157,,231,147,161,157
2020-07-20 22:00:00,102,,104,,169,,152,129,,152,151,169,129
2020-07-20 23:00:00,88,,134,,154,,140,114,,140,154,154,114
2020-07-21 00:00:00,86,,133,,172,,140,117,,140,131,172,117
2020-07-21 01:00:00,51,,93,,176,,125,131,,125,118,176,131
2020-07-21 02:00:00,50,,103,,173,,103,108,,103,113,173,108
2020-07-21 03:00:00,20,,101,,125,,90,110,,90,63,125,110
2020-07-21 04:00:00,27,,120,,123,,88,101,,88,41,123,101
2020-07-21 05:00:00,26,,136,,133,,85,98,,85,23,133,98
2020-07-21 06:00:00,4,,160,,126,,38,114,,38,36,126,114
2020-07-21 07:00:00,241,,40,,343,,57,165,,57,265,343,165
2020-07-21 08:00:00,315,,311,,322,,96,196,,96,249,322,196
2020-07-21 09:00:00,280,,299,,71,,155,249,,155,269,71,249
2020-07-21 10:00:00,319,,333,,340,,201,263,,201,4,340,263
2020-07-21 11:00:00,23,,22,,326,,191,241,,191,49,326,241
2020-07-21 12:00:00,78,,111,,141,,84,91,,84,98,141,91
2020-07-21 13:00:00,91,,120,,128,,112,70,,112,149,128,70
2020-07-21 14:00:00,126,,127,,125,,111,77,,111,146,125,77
2020-07-21 15:00:00,157,,150,,122,,158,92,,158,199,122,92
2020-07-21 16:00:00,146,,99,,129,,196,90,,196,175,129,90
2020-07-21 17:00:00,148,,109,,124,,180,93,,180,198,124,93
2020-07-21 18:00:00,145,,157,,116,,177,78,,177,195,116,78
2020-07-21 19:00:00,142,,161,,116,,191,76,,191,181,116,76
2020-07-21 20:00:00,155,,150,,129,,150,88,,150,173,129,88
2020-07-21 21:00:00,162,,137,,143,,115,145,,115,98,143,145
2020-07-21 22:00:00,57,,79,,152,,147,103,,147,124,152,103
2020-07-21 23:00:00,58,,114,,147,,113,77,,113,149,147,77
2020-07-22 00:00:00,94,,126,,145,,192,83,,192,235,145,83
2020-07-22 01:00:00,125,,130,,144,,115,77,,115,42,144,77
2020-07-22 02:00:00,73,,96,,142,,106,85,,106,101,142,85
2020-07-22 03:00:00,45,,115,,150,,90,81,,90,115,150,81
2020-07-22 04:00:00,37,,127,,149,,101,108,,101,108,149,108
2020-07-22 05:00:00,31,,123,,118,,102,112,,102,57,118,112
2020-07-22 06:00:00,46,,155,,129,,69,106,,69,70,129,106
2020-07-22 07:00:00,251,,84,,90,,94,140,,94,124,90,140
2020-07-22 08:00:00,44,,134,,332,,101,122,,101,151,332,122
2020-07-22 09:00:00,41,,181,,50,,134,8,,134,227,50,8
2020-07-22 10:00:00,19,,26,,81,,245,63,,245,195,81,63
2020-07-22 11:00:00,42,,47,,149,,123,88,,123,,149,88
2020-07-22 12:00:00,73,,85,,126,,120,66,,120,143,126,66
2020-07-22 13:00:00,77,,107,,115,,122,54,,122,158,115,54
2020-07-22 14:00:00,88,,133,,112,,129,56,,129,141,112,56
2020-07-22 15:00:00,142,,134,,142,,137,103,,137,159,142,103
2020-07-22 16:00:00,146,,161,,128,,163,75,,163,149,128,75
2020-07-22 17:00:00,153,,152,,127,,190,70,,190,118,127,70
2020-07-22 18:00:00,160,,117,,134,,210,88,,210,76,134,88
2020-07-22 19:00:00,141,,106,,136,,229,83,,229,25,136,83
2020-07-22 20:00:00,119,,155,,131,,225,87,,225,280,131,87
2020-07-22 21:00:00,122,,172,,128,,231,116,,231,296,128,116
2020-07-22 22:00:00,148,,113,,130,,240,66,,240,130,130,66
2020-07-22 23:00:00,113,,134,,141,,154,94,,154,129,141,94
2020-07-23 00:00:00,121,,130,,110,,161,58,,161,129,110,58
2020-07-23 01:00:00,65,,106,,144,,126,67,,126,112,144,67
2020-07-23 02:00:00,64,,110,,139,,103,83,,103,104,139,83
2020-07-23 03:00:00,63,,126,,163,,96,93,,96,101,163,93
2020-07-23 04:00:00,16,,139,,174,,121,105,,121,114,174,105
2020-07-23 05:00:00,41,,141,,146,,125,101,,125,114,146,101
2020-07-23 06:00:00,61,,141,,122,,120,93,,120,124,122,93
2020-07-23 07:00:00,31,,135,,136,,135,98,,135,119,136,98
2020-07-23 08:00:00,41,,140,,96,,124,103,,124,138,96,103
2020-07-23 09:00:00,21,,48,,48,,117,72,,117,107,48,72
2020-07-23 10:00:00,26,,65,,86,,148,64,,148,23,86,64
2020-07-23 11:00:00,33,,103,,103,,285,87,,285,128,103,87
2020-07-23 12:00:00,61,,105,,144,,157,68,,157,118,144,68
2020-07-23 13:00:00,75,,115,,119,,123,56,,123,151,119,56
2020-07-23 14:00:00,78,,125,,107,,131,59,,131,148,107,59
2020-07-23 15:00:00,91,,125,,105,,128,61,,128,133,105,61
2020-07-23 16:00:00,104,,114,,112,,142,85,,142,99,112,85
2020-07-23 17:00:00,158,,122,,149,,129,108,,129,113,149,108
2020-07-23 18:00:00,164,,92,,148,,113,109,,113,133,148,109
2020-07-23 19:00:00,163,,123,,133,,118,103,,118,128,133,103
2020-07-23 20:00:00,155,,109,,137,,122,98,,122,164,137,98
2020-07-23 21:00:00,120,,127,,121,,169,79,,169,130,121,79
2020-07-23 22:00:00,127,,146,,109,,91,75,,91,195,109,75
2020-07-23 23:00:00,144,,136,,123,,179,62,,179,151,123,62
2020-07-24 00:00:00,131,,144,,115,,155,62,,155,150,115,62
2020-07-24 01:00:00,124,,135,,119,,136,63,,136,126,119,63
2020-07-24 02:00:00,116,,134,,131,,128,68,,128,129,131,68
2020-07-24 03:00:00,29,,133,,134,,126,78,,126,122,134,78
2020-07-24 04:00:00,33,,106,,147,,118,104,,118,107,147,104
2020-07-24 05:00:00,27,,63,,152,,114,110,,114,64,152,110
2020-07-24 06:00:00,41,,322,,120,,47,115,,47,285,120,115
2020-07-24 07:00:00,9,,311,,157,,151,228,,151,335,157,228
2020-07-24 08:00:00,6,,322,,338,,293,278,,293,346,338,278
2020-07-24 09:00:00,10,,328,,24,,276,287,,276,5,24,287
2020-07-24 10:00:00,15,,352,,80,,184,28,,184,355,80,28
2020-07-24 11:00:00,38,,22,,118,,212,92,,212,89,118,92
2020-07-24 12:00:00,55,,32,,142,,131,80,,131,92,142,80
2020-07-24 13:00:00,107,,25,,137,,156,70,,156,117,137,70
2020-07-24 14:00:00,74,,8,,134,,178,48,,178,87,134,48
2020-07-24 15:00:00,68,,102,,127,,189,61,,189,95,127,61
2020-07-24 16:00:00,80,,149,,111,,191,62,,191,94,111,62
2020-07-24 17:00:00,90,,124,,110,,126,64,,126,64,110,64
2020-07-24 18:00:00,117,,159,,138,,100,99,,100,96,138,99
2020-07-24 19:00:00,162,,153,,146,,186,107,,186,145,146,107
2020-07-24 20:00:00,147,,150,,146,,157,105,,157,197,146,105
2020-07-24 21:00:00,148,,147,,136,,217,88,,217,239,136,88
2020-07-24 22:00:00,115,,146,,148,,223,80,,223,161,148,80
2020-07-24 23:00:00,144,,92,,180,,165,81,,165,247,180,81
2020-07-25 00:00:00,282,,124,,172,,104,168,,104,1,172,168
2020-07-25 01:00:00,125,,85,,175,,105,142,,105,80,175,142
2020-07-25 02:00:00,65,,126,,153,,73,93,,73,96,153,93
2020-07-25 03:00:00,6,,157,,167,,158,94,,158,310,167,94
2020-07-25 04:00:00,323,,249,,203,,230,111,,230,325,203,111
2020-07-25 05:00:00,278,,320,,318,,296,228,,296,343,318,228
2020-07-25 06:00:00,16,,7,,258,,276,291,,276,359,258,291
2020-07-25 07:00:00,235,,341,,137,,89,148,,89,301,137,148
2020-07-25 08:00:00,224,,322,,341,,292,261,,292,316,341,261
2020-07-25 09:00:00,288,,338,,350,,317,268,,317,326,350,268
2020-07-25 10:00:00,25,,360,,205,,319,154,,319,353,205,154
2020-07-25 11:00:00,17,,3,,152,,297,92,,297,340,152,92
2020-07-25 12:00:00,253,,,,103,,306,112,,306,339,103,112
2020-07-25 13:00:00,193,,350,,337,,293,61,,293,349,337,61
2020-07-25 14:00:00,211,,295,,129,,123,97,,123,328,129,97
2020-07-25 15:00:00,228,,299,,133,,310,101,,310,310,133,101
2020-07-25 16:00:00,213,,256,,157,,306,279,,306,305,157,279
2020-07-25 17:00:00,295,,292,,123,,296,276,,296,317,123,276
2020-07-25 18:00:00,338,,309,,324,,305,271,,305,333,324,271
2020-07-25 19:00:00,16,,335,,311,,327,257,,327,343,311,257
2020-07-25 20:00:00,237,,316,,141,,166,116,,166,303,141,116
2020-07-25 21:00:00,230,,303,,358,,301,287,,301,308,358,287
2020-07-25 22:00:00,307,,312,,341,,307,235,,307,342,341,235
2020-07-25 23:00:00,285,,329,,321,,325,269,,325,333,321,269
2020-07-26 00:00:00,290,,336,,326,,314,291,,314,341,326,291
2020-07-26 01:00:00,276,,319,,318,,328,279,,328,339,318,279
2020-07-26 02:00:00,280,,313,,324,,332,282,,332,331,324,282
2020-07-26 03:00:00,278,,316,,322,,322,279,,322,328,322,279
2020-07-26 04:00:00,279,,313,,326,,315,281,,315,326,326,281
2020-07-26 05:00:00,274,,305,,329,,326,282,,326,238,329,282
2020-07-26 06:00:00,277,,314,,334,,306,285,,306,346,334,285
2020-07-26 07:00:00,274,,298,,341,,293,292,,293,252,341,292
2020-07-26 08:00:00,275,,289,,325,,295,296,,295,194,325,296
2020-07-26 09:00:00,275,,286,,314,,296,295,,296,197,314,295
2020-07-26 10:00:00,274,,278,,307,,241,298,,241,201,307,298
2020-07-26 11:00:00,270,,271,,306,,151,289,,151,191,306,289
2020-07-26 12:00:00,259,,211,,302,,188,281,,188,173,302,281
2020-07-26 13:00:00,199,,165,,298,,196,293,,196,156,298,293
2020-07-26 14:00:00,158,,148,,162,,154,72,,154,148,162,72
2020-07-26 15:00:00,138,,135,,175,,154,80,,154,118,175,80
2020-07-26 16:00:00,103,,,,231,,162,97,,162,91,231,97
2020-07-26 17:00:00,21,,,,319,,102,84,,102,162,319,84
2020-07-26 18:00:00,,,,,170,,152,89,,152,80,170,89
2020-07-26 19:00:00,,,,,234,,117,113,,117,78,234,113
2020-07-26 20:00:00,,,,,133,,91,119,,91,78,133,119
2020-07-26 21:00:00,,,,,314,,74,60,,74,76,314,60
2020-07-26 22:00:00,,,,,141,,73,87,,73,77,141,87
2020-07-26 23:00:00,,,,,157,,82,96,,82,122,157,96
2020-07-27 00:00:00,,,,,160,,144,95,,144,130,160,95
2020-07-27 01:00:00,,,,,154,,125,68,,125,139,154,68
2020-07-27 02:00:00,,,,,156,,133,64,,133,120,156,64
2020-07-27 03:00:00,,,,,134,,108,64,,108,116,134,64
2020-07-27 04:00:00,,,,,120,,110,51,,110,125,120,51
2020-07-27 05:00:00,,,,,96,,117,55,,117,129,96,55
2020-07-27 06:00:00,,,,,100,,124,52,,124,124,100,52
2020-07-27 07:00:00,,,,,86,,117,58,,117,100,86,58
2020-07-27 08:00:00,,,,,86,,110,59,,110,72,86,59
2020-07-27 09:00:00,,,,,84,,92,60,,92,92,84,60
2020-07-27 10:00:00,,,,,81,,86,60,,86,93,81,60
2020-07-27 11:00:00,,,,,79,,99,62,,99,118,79,62
2020-07-27 12:00:00,,,,,79,,109,60,,109,136,79,60
2020-07-27 13:00:00,66,,,,79,,129,63,,129,130,79,63
2020-07-27 14:00:00,64,,,,,,126,63,,126,141,,63
2020-07-27 15:00:00,68,,,,,,118,68,,118,137,,68
2020-07-27 16:00:00,83,,,,85,,135,59,,135,140,85,59
2020-07-27 17:00:00,78,,,,89,,126,61,,126,132,89,61
2020-07-27 18:00:00,77,,,,90,,126,58,,126,133,90,58
2020-07-27 19:00:00,99,,,,84,,117,64,,117,124,84,64
2020-07-27 20:00:00,144,,,,79,,121,74,,121,124,79,74
2020-07-27 21:00:00,247,,,,,,119,,,119,130,,
2020-07-27 22:00:00,19,,,116,57,,122,73,,122,162,57,73
2020-07-27 23:00:00,67,,,115,47,,149,65,,149,144,47,65
2020-07-28 00:00:00,20,,,113,42,,153,64,,153,134,42,64
2020-07-28 01:00:00,54,,,102,,,137,65,,137,55,36,65
2020-07-28 02:00:00,44,,,99,,,85,73,,85,335,35,73
2020-07-28 03:00:00,16,,,242,,,82,83,,82,17,36,83
2020-07-28 04:00:00,360,,,263,,,83,90,,83,98,38,90
2020-07-28 05:00:00,32,,,80,,,83,83,,83,130,39,83
2020-07-28 06:00:00,60,,,95,,,125,68,,125,129,36,68
2020-07-28 07:00:00,38,,,109,,,118,83,,118,115,35,83
2020-07-28 08:00:00,28,,,118,,,114,107,,114,148,35,107
2020-07-28 09:00:00,13,,,107,,,133,111,,133,123,35,111
2020-07-28 10:00:00,6,,,115,,,124,121,,124,72,32,121
2020-07-28 11:00:00,34,,,,,,95,85,,95,52,31,85
2020-07-28 12:00:00,70,,,86,,,68,79,,68,115,36,79
2020-07-28 13:00:00,64,,,106,,,128,70,,128,131,36,70
2020-07-28 14:00:00,69,,,100,,,125,70,,125,121,36,70
2020-07-28 15:00:00,87,,,97,,,133,97,,133,124,,97
2020-07-28 16:00:00,91,,,113,,,115,70,,115,109,35,70
2020-07-28 17:00:00,131,,,121,,,121,103,,121,91,34,103
2020-07-28 18:00:00,145,,,122,,,135,237,,135,122,36,237
2020-07-28 19:00:00,99,,,124,,,222,111,,222,197,35,111
2020-07-28 20:00:00,67,,,121,,,202,98,,202,218,34,98
2020-07-28 21:00:00,90,,,116,,,210,117,,210,163,35,117
2020-07-28 22:00:00,148,,,128,,,151,74,,151,201,32,74
2020-07-28 23:00:00,155,,,102,,,180,146,,180,186,32,146
2020-07-29 00:00:00,99,,,87,,,174,205,,174,71,34,205
2020-07-29 01:00:00,39,,,263,,,94,235,,94,38,30,235
2020-07-29 02:00:00,36,,,229,,,80,102,,80,48,34,102
2020-07-29 03:00:00,19,,,132,,,136,90,,136,81,32,90
2020-07-29 04:00:00,9,,,222,,,86,96,,86,124,32,96
2020-07-29 05:00:00,17,,,303,,,121,99,,121,147,32,99
2020-07-29 06:00:00,337,,,306,,,137,97,,137,311,33,97
2020-07-29 07:00:00,349,,,312,,,213,122,,213,22,34,122
2020-07-29 08:00:00,47,,,310,,,54,118,,54,47,34,118
2020-07-29 09:00:00,30,,,320,,,51,118,,51,129,32,118
2020-07-29 10:00:00,14,,,359,,,92,104,,92,167,32,104
2020-07-29 11:00:00,353,,,273,,,101,66,,101,166,32,66
2020-07-29 12:00:00,48,,,345,,,122,92,,122,170,34,92
2020-07-29 13:00:00,78,,,77,,,151,85,,151,156,32,85
2020-07-29 14:00:00,126,,,115,,,129,88,,129,157,32,88
2020-07-29 15:00:00,125,,,109,,,139,144,,139,151,32,144
2020-07-29 16:00:00,113,,,321,,,139,146,,139,159,,146
2020-07-29 17:00:00,129,,,94,,,153,78,,153,154,30,78
2020-07-29 18:00:00,149,,,108,,,142,74,,142,126,30,74
2020-07-29 19:00:00,128,,,105,,,140,81,,140,123,30,81
2020-07-29 20:00:00,84,,,104,,,116,58,,116,126,,58
2020-07-29 21:00:00,99,,,102,,,122,60,,122,124,29,60
2020-07-29 22:00:00,141,,,107,,,122,67,,122,125,30,67
2020-07-29 23:00:00,110,,,106,,,127,69,,127,138,31,69
2020-07-30 00:00:00,89,,,105,,,131,71,,131,147,31,71
2020-07-30 01:00:00,49,,,123,,,131,,,131,131,31,
2020-07-30 02:00:00,9,,,152,,,114,98,,114,124,32,98
2020-07-30 03:00:00,51,,,102,,,103,106,,103,100,31,106
2020-07-30 04:00:00,61,,,124,,,145,102,,145,59,31,102
2020-07-30 05:00:00,26,,,173,,,179,106,,179,72,29,106
2020-07-30 06:00:00,51,,,287,,,168,106,,168,161,30,106
2020-07-30 07:00:00,2,,,280,,,188,109,,188,53,30,109
2020-07-30 08:00:00,36,,,287,,,57,86,,57,121,30,86
2020-07-30 09:00:00,89,,,268,,,88,112,,88,134,32,112
2020-07-30 10:00:00,32,,,311,,,107,75,,107,171,28,75
2020-07-30 11:00:00,76,,,26,,,106,65,,106,153,28,65
2020-07-30 12:00:00,8,,,299,,,148,60,,148,153,30,60
2020-07-30 13:00:00,49,,,144,,,192,78,,192,166,30,78
2020-07-30 14:00:00,75,,,127,,,262,84,,262,173,30,84
2020-07-30 15:00:00,64,,140,101,,,125,73,,125,165,,73
2020-07-30 16:00:00,102,,146,100,,,143,67,,143,152,,67
2020-07-30 17:00:00,125,,147,106,,,136,70,,136,144,,70
2020-07-30 18:00:00,132,,149,105,,,141,70,,141,164,31,70
2020-07-30 19:00:00,133,,142,103,,,146,69,,146,163,31,69
2020-07-30 20:00:00,137,,138,99,,,147,69,,147,153,33,69
2020-07-30 21:00:00,156,,138,107,,,152,99,,152,107,34,99
2020-07-30 22:00:00,145,,115,108,,,140,109,,140,127,34,109
2020-07-30 23:00:00,124,,134,100,,,114,98,,114,126,34,98
2020-07-31 00:00:00,88,,135,105,,,124,107,,124,123,,107
2020-07-31 01:00:00,61,,136,114,,,117,122,,117,114,,122
2020-07-31 02:00:00,19,,129,128,,,116,123,,116,103,30,123
2020-07-31 03:00:00,359,,98,311,,,112,141,,112,85,29,141
2020-07-31 04:00:00,31,,97,242,,,76,118,,76,111,29,118
2020-07-31 05:00:00,63,,59,226,,,84,146,,84,72,32,146
2020-07-31 06:00:00,330,,50,277,,,88,219,,88,43,30,219
2020-07-31 07:00:00,337,,76,284,,,37,243,,37,67,27,243
2020-07-31 08:00:00,22,,63,291,,,68,197,,68,128,25,197
2020-07-31 09:00:00,50,,62,308,,,96,77,,96,93,26,77
2020-07-31 10:00:00,72,,69,244,,,72,78,,72,51,25,78
2020-07-31 11:00:00,34,,1,258,,,80,70,,80,65,26,70
2020-07-31 12:00:00,53,,54,244,,,70,75,,70,149,26,75
2020-07-31 13:00:00,67,,53,40,,,145,69,,145,64,26,69
2020-07-31 14:00:00,57,,94,74,,,98,67,,98,86,27,67
2020-07-31 15:00:00,42,,113,89,,,112,54,,112,111,28,54
2020-07-31 16:00:00,74,,105,81,,,126,63,,126,174,27,63
2020-07-31 17:00:00,91,,106,89,,,105,83,,105,154,28,83
2020-07-31 18:00:00,79,,163,85,,,125,76,,125,168,28,76
2020-07-31 19:00:00,78,,141,354,,,134,110,,134,219,31,110
2020-07-31 20:00:00,225,,141,345,,,164,236,,164,266,26,236
2020-07-31 21:00:00,278,,147,295,,,207,138,,207,273,28,138
2020-07-31 22:00:00,116,,140,292,,,192,206,,192,336,26,206
2020-07-31 23:00:00,128,,74,287,,,196,236,,196,121,31,236
2020-08-01 00:00:00,,,,,,,,,,,,,
2020-08-01 01:00:00,56,,129,130,,,84,,,96,99,28,126
2020-08-01 02:00:00,57,,143,131,,,126,,,136,158,29,151
2020-08-01 03:00:00,182,,109,160,,,144,,,109,119,28,213
2020-08-01 04:00:00,25,,26,292,,,57,,,101,37,31,156
2020-08-01 05:00:00,2,,358,25,,,35,,,44,353,25,62
2020-08-01 06:00:00,284,,333,354,,,355,,,157,327,28,94
2020-08-01 07:00:00,242,,264,150,,,267,,,277,304,26,137
2020-08-01 08:00:00,269,,250,337,,,276,,,297,268,27,300
2020-08-01 09:00:00,284,,257,340,,,279,,,290,287,25,306
2020-08-01 10:00:00,309,,317,333,,,322,,,296,5,29,285
2020-08-01 11:00:00,11,,345,345,,,28,,,326,342,28,260
2020-08-01 12:00:00,59,,329,6,,,22,,,306,351,30,82
2020-08-01 13:00:00,28,,326,14,,,22,,,333,359,27,93
2020-08-01 14:00:00,44,,353,20,,,41,,,227,76,28,83
2020-08-01 15:00:00,37,,357,33,,,51,,,143,101,27,86
2020-08-01 16:00:00,35,,356,27,,,43,,,184,121,28,80
2020-08-01 17:00:00,15,,356,41,,,45,,,249,154,28,81
2020-08-01 18:00:00,24,,355,45,,,45,,,177,130,28,67
2020-08-01 19:00:00,6,,352,34,,,40,,,153,143,27,87
2020-08-01 20:00:00,,,127,163,,,48,,,127,174,28,91
2020-08-01 21:00:00,,,150,131,,,106,,,187,166,28,102
2020-08-01 22:00:00,,,154,133,,,140,,,190,148,28,107
2020-08-01 23:00:00,25,,121,110,,,197,,,199,71,,108
2020-08-02 00:00:00,78,,129,115,,,110,,,99,148,,98
2020-08-02 01:00:00,351,,149,157,,,61,,,153,215,,145
2020-08-02 02:00:00,324,,147,294,,,30,,,164,156,25,111
2020-08-02 03:00:00,343,,104,334,,,34,,,179,146,24,184
2020-08-02 04:00:00,274,,115,302,,,339,,,110,177,28,244
2020-08-02 05:00:00,326,,48,286,,,36,,,181,325,27,279
2020-08-02 06:00:00,29,,340,297,,,26,,,96,333,23,304
2020-08-02 07:00:00,266,,305,301,,,330,,,262,345,27,258
2020-08-02 08:00:00,286,,311,298,,,332,,,313,350,24,272
2020-08-02 09:00:00,8,,307,257,,,284,,,299,352,24,281
2020-08-02 10:00:00,82,,318,293,,,306,,,317,350,24,277
2020-08-02 11:00:00,21,,327,301,,,41,,,207,353,26,76
2020-08-02 12:00:00,38,,337,13,,,28,,,198,26,24,78
2020-08-02 13:00:00,67,,336,27,,,43,,,191,20,24,80
2020-08-02 14:00:00,25,,330,19,,,35,,,224,49,25,87
2020-08-02 15:00:00,33,,339,12,,,48,,,126,61,23,66
2020-08-02 16:00:00,16,,101,46,,,46,,,106,50,23,61
2020-08-02 17:00:00,72,,81,34,,,86,,,68,97,23,62
2020-08-02 18:00:00,100,,77,55,,,63,,,79,87,24,82
2020-08-02 19:00:00,95,,110,79,,,101,,,78,116,24,71
2020-08-02 20:00:00,125,,131,104,,,151,,,62,139,23,68
2020-08-02 21:00:00,116,,133,118,,,203,,,152,211,23,84
2020-08-02 22:00:00,118,,137,125,,,205,,,207,174,24,116
2020-08-02 23:00:00,65,,138,136,,,219,,,174,168,24,119
2020-08-03 00:00:00,70,,119,124,,,208,,,197,34,24,148
2020-08-03 01:00:00,93,,39,330,,,289,,,132,115,22,190
2020-08-03 02:00:00,217,,59,285,,,49,,,88,24,23,210
2020-08-03 03:00:00,195,,184,281,,,51,,,48,310,26,245
2020-08-03 04:00:00,268,,10,298,,,22,,,267,11,26,256
2020-08-03 05:00:00,245,,339,304,,,16,,,99,342,24,207
2020-08-03 06:00:00,248,,305,328,,,287,,,262,328,28,243
2020-08-03 07:00:00,254,,313,318,,,9,,,323,353,26,268
2020-08-03 08:00:00,250,,303,336,,,263,,,170,343,20,286
2020-08-03 09:00:00,359,,303,339,,,302,,,293,352,25,273
2020-08-03 10:00:00,33,,336,341,,,30,,,257,17,24,358
2020-08-03 11:00:00,358,,322,268,,,29,,,159,26,23,100
2020-08-03 12:00:00,109,,51,91,,,77,,,102,26,25,89
2020-08-03 13:00:00,76,,75,76,,,82,,,134,95,23,59
2020-08-03 14:00:00,67,,68,66,,,72,,,97,61,22,54
2020-08-03 15:00:00,78,,72,73,,,63,,,66,82,22,43
2020-08-03 16:00:00,91,,99,87,,,99,,,71,83,23,66
2020-08-03 17:00:00,78,,107,105,,,93,,,87,101,23,60
2020-08-03 18:00:00,98,,105,96,,,134,,,104,106,23,69
2020-08-03 19:00:00,110,,127,106,,,128,,,112,99,24,81
2020-08-03 20:00:00,105,,114,98,,,119,,,116,86,25,84
2020-08-03 21:00:00,128,,104,102,,,117,,,97,77,24,72
2020-08-03 22:00:00,140,,128,104,,,126,,,128,83,24,65
2020-08-03 23:00:00,145,,147,112,,,130,,,185,159,25,77
2020-08-04 00:00:00,149,,136,98,,,123,,,170,137,25,143
2020-08-04 01:00:00,138,,136,101,,,125,,,127,137,25,200
2020-08-04 02:00:00,186,,119,292,,,44,,,186,117,22,201
2020-08-04 03:00:00,301,,59,268,,,57,,,148,48,22,91
2020-08-04 04:00:00,45,,341,259,,,37,,,65,40,23,110
2020-08-04 05:00:00,214,,188,290,,,250,,,153,357,20,194
2020-08-04 06:00:00,275,,23,304,,,11,,,84,308,27,259
2020-08-04 07:00:00,237,,12,301,,,4,,,116,326,22,222
2020-08-04 08:00:00,42,,9,327,,,32,,,123,10,22,77
2020-08-04 09:00:00,58,,351,8,,,3,,,32,9,24,66
2020-08-04 10:00:00,30,,334,157,,,26,,,97,,25,76
2020-08-04 11:00:00,71,,91,143,,,73,,,161,92,24,77
2020-08-04 12:00:00,76,,122,107,,,89,,,96,,24,68
2020-08-04 13:00:00,64,,,81,,,90,,,116,129,24,48
2020-08-04 14:00:00,65,,115,100,,,94,,,133,145,,50
2020-08-04 15:00:00,79,,104,95,,,105,,,117,152,23,53
2020-08-04 16:00:00,89,,132,89,,,104,,,121,90,22,58
2020-08-04 17:00:00,95,,123,99,,,110,,,111,109,22,66
2020-08-04 18:00:00,91,,137,101,,,105,,,100,119,22,86
2020-08-04 19:00:00,100,,119,95,,,123,,,114,125,24,94
2020-08-04 20:00:00,105,,116,100,,,123,,,108,108,23,92
2020-08-04 21:00:00,141,,136,101,,,128,,,107,116,22,67
2020-08-04 22:00:00,146,,141,108,,,130,,,160,132,22,64
2020-08-04 23:00:00,134,,137,99,,,126,,,167,147,23,70
2020-08-05 00:00:00,135,,132,100,,,126,,,152,130,21,74
2020-08-05 01:00:00,90,,110,98,,,105,,,142,129,21,66
2020-08-05 02:00:00,64,,130,115,,,105,,,110,118,21,84
2020-08-05 03:00:00,59,,139,151,,,83,,,99,116,22,103
2020-08-05 04:00:00,52,,139,211,,,74,,,104,133,22,105
2020-08-05 05:00:00,75,,144,231,,,84,,,111,115,24,108
2020-08-05 06:00:00,62,,145,195,,,70,,,82,51,26,160
2020-08-05 07:00:00,112,,133,204,,,53,,,90,150,27,206
2020-08-05 08:00:00,65,,85,304,,,34,,,91,141,24,275
2020-08-05 09:00:00,27,,40,315,,,38,,,45,132,22,241
2020-08-05 10:00:00,66,,39,311,,,42,,,49,6,23,63
2020-08-05 11:00:00,35,,36,47,,,61,,,74,105,24,62
2020-08-05 12:00:00,55,,103,76,,,66,,,139,159,24,70
2020-08-05 13:00:00,78,,126,76,,,94,,,111,137,23,50
2020-08-05 14:00:00,107,,123,93,,,123,,,145,133,23,58
2020-08-05 15:00:00,112,,118,97,,,125,,,122,136,23,73
2020-08-05 16:00:00,93,,124,98,,,129,,,124,127,,67
2020-08-05 17:00:00,96,,125,106,,,137,,,113,127,,69
2020-08-05 18:00:00,95,,121,106,,,133,,,103,129,,75
2020-08-05 19:00:00,91,,121,106,,,136,,,117,121,24,78
2020-08-05 20:00:00,93,,110,101,,,127,,,113,100,24,82
2020-08-05 21:00:00,136,,106,96,,,127,,,108,93,24,81
2020-08-05 22:00:00,137,,104,98,,,107,,,131,123,,66
2020-08-05 23:00:00,92,,132,90,,,112,,,119,138,25,63
2020-08-06 00:00:00,113,,133,103,,,120,,,122,142,24,60
2020-08-06 01:00:00,113,,112,102,,,116,,,139,114,25,73
2020-08-06 02:00:00,59,,101,114,,,82,,,105,82,25,101
2020-08-06 03:00:00,54,,97,129,,,68,,,95,68,25,89
2020-08-06 04:00:00,61,,113,112,,,85,,,80,87,24,77
2020-08-06 05:00:00,61,,128,107,,,96,,,107,123,24,87
2020-08-06 06:00:00,35,,131,124,,,66,,,123,116,24,102
2020-08-06 07:00:00,53,,131,82,,,64,,,119,75,25,99
2020-08-06 08:00:00,75,,141,80,,,70,,,88,107,24,74
2020-08-06 09:00:00,55,,134,96,,,64,,,81,119,24,84
2020-08-06 10:00:00,55,,139,99,,,59,,,91,159,23,64
2020-08-06 11:00:00,58,,119,138,,,69,,,120,177,23,69
2020-08-06 12:00:00,54,,130,90,,,92,,,139,140,22,56
2020-08-06 13:00:00,90,,124,89,,,110,,,126,122,22,51
2020-08-06 14:00:00,99,,113,96,,,124,,,118,118,21,64
2020-08-06 15:00:00,90,,115,93,,,128,,,127,130,22,65
2020-08-06 16:00:00,111,,120,97,,,120,,,112,130,22,75
2020-08-06 17:00:00,94,,125,96,,,115,,,111,132,22,74
2020-08-06 18:00:00,98,,119,100,,,,,,116,129,21,72
2020-08-06 19:00:00,98,,119,105,,,126,,,120,125,22,76
2020-08-06 20:00:00,103,,118,98,,,117,,,115,124,22,88
2020-08-06 21:00:00,117,,104,103,,,120,,,113,128,22,71
2020-08-06 22:00:00,96,,123,101,,,125,,,121,127,,70
2020-08-06 23:00:00,138,,135,106,,,122,,,127,140,23,66
2020-08-07 00:00:00,125,,132,106,,,122,,,143,132,23,65
2020-08-07 01:00:00,119,,106,98,,,117,,,136,119,24,66
2020-08-07 02:00:00,59,,104,123,,,95,,,117,110,24,79
2020-08-07 03:00:00,58,,109,129,,,72,,,107,112,24,89
2020-08-07 04:00:00,47,,106,102,,,79,,,96,116,,89
2020-08-07 05:00:00,53,,110,102,,,91,,,111,115,,86
2020-08-07 06:00:00,61,,106,81,,,92,,,117,106,,102
2020-08-07 07:00:00,71,,110,88,,,88,,,91,97,,106
2020-08-07 08:00:00,83,,121,112,,,84,,,99,93,,91
2020-08-07 09:00:00,68,,125,88,,,89,,,93,122,25,75
2020-08-07 10:00:00,69,,115,95,,,79,,,109,132,24,74
2020-08-07 11:00:00,76,,125,83,,,108,,,108,122,24,61
2020-08-07 12:00:00,68,,130,101,,,126,,,120,147,22,49
2020-08-07 13:00:00,128,,127,101,,,110,,,131,131,20,60
2020-08-07 14:00:00,103,,117,97,,,114,,,137,119,20,70
2020-08-07 15:00:00,92,,117,97,,,122,,,111,114,21,68
2020-08-07 16:00:00,89,,115,95,,,124,,,106,128,21,78
2020-08-07 17:00:00,99,,119,104,,,134,,,110,130,22,76
2020-08-07 18:00:00,104,,120,108,,,127,,,111,121,21,88
2020-08-07 19:00:00,108,,122,100,,,117,,,107,123,21,88
2020-08-07 20:00:00,149,,129,108,,,134,,,117,138,21,85
2020-08-07 21:00:00,139,,135,104,,,129,,,148,177,20,69
2020-08-07 22:00:00,130,,135,102,,,129,,,148,146,20,59
2020-08-07 23:00:00,100,,129,101,,,115,,,140,125,20,57
2020-08-08 00:00:00,121,,113,105,,,114,,,123,124,,56
2020-08-08 01:00:00,113,,112,105,,,120,,,120,130,,81
2020-08-08 02:00:00,41,,110,100,,,111,,,124,126,,85
2020-08-08 03:00:00,47,,126,106,,,112,,,115,119,21,89
2020-08-08 04:00:00,51,,114,110,,,113,,,114,111,19,107
2020-08-08 05:00:00,53,,108,114,,,112,,,104,115,19,99
2020-08-08 06:00:00,48,,106,102,,,99,,,99,89,18,104
2020-08-08 07:00:00,76,,104,83,,,78,,,90,100,19,98
2020-08-08 08:00:00,80,,132,88,,,88,,,92,118,20,83
2020-08-08 09:00:00,57,,132,82,,,102,,,96,136,21,67
2020-08-08 10:00:00,65,,144,97,,,121,,,132,145,20,65
2020-08-08 11:00:00,42,,133,98,,,115,,,132,142,22,49
2020-08-08 12:00:00,104,,130,94,,,108,,,145,125,21,56
2020-08-08 13:00:00,129,,128,98,,,129,,,123,137,21,66
2020-08-08 14:00:00,140,,121,105,,,124,,,125,147,22,66
2020-08-08 15:00:00,145,,126,104,,,125,,,123,137,22,76
2020-08-08 16:00:00,140,,125,99,,,137,,,122,131,22,87
2020-08-08 17:00:00,122,,127,101,,,126,,,115,125,,90
2020-08-08 18:00:00,124,,123,104,,,128,,,119,135,,93
2020-08-08 19:00:00,123,,137,102,,,131,,,126,154,21,85
2020-08-08 20:00:00,150,,135,114,,,134,,,141,156,21,76
2020-08-08 21:00:00,143,,121,117,,,132,,,148,125,21,76
2020-08-08 22:00:00,148,,112,96,,,99,,,129,123,,85
2020-08-08 23:00:00,132,,127,98,,,119,,,123,128,20,72
2020-08-09 00:00:00,142,,132,103,,,121,,,121,142,20,60
2020-08-09 01:00:00,122,,134,101,,,125,,,137,134,21,64
2020-08-09 02:00:00,43,,132,109,,,108,,,130,147,21,89
2020-08-09 03:00:00,23,,129,159,,,92,,,129,139,21,131
2020-08-09 04:00:00,10,,83,288,,,63,,,168,152,23,130
2020-08-09 05:00:00,358,,23,227,,,63,,,128,97,17,127
2020-08-09 06:00:00,44,,79,230,,,44,,,95,114,21,97
2020-08-09 07:00:00,19,,69,257,,,37,,,87,110,21,90
2020-08-09 08:00:00,18,,118,259,,,51,,,76,132,19,75
2020-08-09 09:00:00,20,,133,339,,,60,,,95,150,18,73
2020-08-09 10:00:00,20,,143,169,,,63,,,139,155,17,79
2020-08-09 11:00:00,47,,142,56,,,119,,,137,153,20,62
2020-08-09 12:00:00,58,,148,78,,,123,,,169,143,21,59
2020-08-09 13:00:00,96,,135,99,,,119,,,139,149,20,54
2020-08-09 14:00:00,126,,136,97,,,125,,,133,136,19,68
2020-08-09 15:00:00,136,,134,109,,,132,,,133,149,19,71
2020-08-09 16:00:00,142,,139,106,,,140,,,131,144,20,80
2020-08-09 17:00:00,141,,135,109,,,146,,,144,146,20,75
2020-08-09 18:00:00,133,,135,109,,,136,,,140,139,19,72
2020-08-09 19:00:00,141,,129,103,,,123,,,136,133,19,73
2020-08-09 20:00:00,117,,113,97,,,113,,,116,148,20,73
2020-08-09 21:00:00,148,,133,95,,,124,,,123,152,19,69
2020-08-09 22:00:00,154,,134,98,,,127,,,128,132,20,75
2020-08-09 23:00:00,121,,122,97,,,118,,,125,123,20,73
2020-08-10 00:00:00,61,,128,100,,,114,,,110,125,20,88
2020-08-10 01:00:00,105,,119,101,,,108,,,106,122,,67
2020-08-10 02:00:00,31,,108,153,,,84,,,101,104,,109
2020-08-10 03:00:00,29,,72,244,,,50,,,87,127,,121
2020-08-10 04:00:00,55,,157,227,,,41,,,130,93,,109
2020-08-10 05:00:00,7,,132,270,,,34,,,74,31,19,118
2020-08-10 06:00:00,10,,77,273,,,25,,,47,42,19,114
2020-08-10 07:00:00,14,,,287,,,37,,,166,51,20,153
2020-08-10 08:00:00,25,,28,257,,,33,,,145,60,16,102
2020-08-10 09:00:00,13,,106,251,,,64,,,68,135,18,70
2020-08-10 10:00:00,41,,134,43,,,72,,,110,146,20,74
2020-08-10 11:00:00,,,138,88,,,88,,,142,142,20,69
2020-08-10 12:00:00,,,135,93,,,111,,,136,150,20,54
2020-08-10 13:00:00,,,145,90,,,112,,,131,144,19,54
2020-08-10 14:00:00,,,138,100,,,116,,,137,148,18,72
2020-08-10 15:00:00,,,137,95,,,129,,,136,129,19,65
2020-08-10 16:00:00,138,,123,99,,,122,,,138,144,20,66
2020-08-10 17:00:00,110,,139,104,,,123,,,120,147,20,76
2020-08-10 18:00:00,135,,142,109,,,135,,,132,160,20,81
2020-08-10 19:00:00,134,,146,109,,,145,,,148,166,19,73
2020-08-10 20:00:00,145,,147,112,,,132,,,155,163,19,62
2020-08-10 21:00:00,145,,145,135,,,130,,,153,163,19,68
2020-08-10 22:00:00,158,,146,131,,,153,,,152,170,20,84
2020-08-10 23:00:00,159,,136,120,,,187,,,154,165,20,80
2020-08-11 00:00:00,121,,121,138,,,97,,,147,112,21,114
2020-08-11 01:00:00,54,,86,116,,,92,,,121,117,21,131
2020-08-11 02:00:00,31,,118,242,,,62,,,100,146,20,122
2020-08-11 03:00:00,25,,113,297,,,62,,,149,142,20,100
2020-08-11 04:00:00,9,,136,282,,,65,,,148,127,20,109
2020-08-11 05:00:00,11,,136,228,,,68,,,140,93,,112
2020-08-11 06:00:00,14,,136,263,,,67,,,168,93,,97
2020-08-11 07:00:00,51,,123,239,,,83,,,90,153,19,91
2020-08-11 08:00:00,51,,135,265,,,61,,,84,174,20,81
2020-08-11 09:00:00,17,,113,339,,,42,,,110,146,18,85
2020-08-11 10:00:00,45,,129,142,,,60,,,114,165,18,77
2020-08-11 11:00:00,39,,131,293,,,58,,,123,162,20,69
2020-08-11 12:00:00,67,,111,227,,,55,,,162,163,18,81
2020-08-11 13:00:00,58,,125,124,,,65,,,138,157,20,74
2020-08-11 14:00:00,73,,119,77,,,85,,,126,173,21,64
2020-08-11 15:00:00,77,,,96,,,106,,,150,132,19,61
2020-08-11 16:00:00,125,,147,90,,,120,,,141,135,19,62
2020-08-11 17:00:00,129,,,87,,,120,,,200,150,20,77
2020-08-11 18:00:00,134,,123,106,,,151,,,131,154,20,84
2020-08-11 19:00:00,151,,130,118,,,148,,,149,157,19,83
2020-08-11 20:00:00,152,,148,129,,,143,,,159,160,19,84
2020-08-11 21:00:00,140,,132,126,,,149,,,151,134,19,69
2020-08-11 22:00:00,142,,108,109,,,113,,,141,124,,63
2020-08-11 23:00:00,88,,107,102,,,101,,,113,126,20,71
2020-08-12 00:00:00,113,,129,104,,,111,,,112,143,20,64
2020-08-12 01:00:00,107,,129,92,,,101,,,120,139,20,63
2020-08-12 02:00:00,60,,105,94,,,108,,,122,135,,109
2020-08-12 03:00:00,29,,107,62,,,80,,,122,121,19,110
2020-08-12 04:00:00,,,98,285,,,74,,,112,111,19,110
2020-08-12 05:00:00,49,,102,272,,,76,,,58,73,19,114
2020-08-12 06:00:00,93,,100,274,,,85,,,63,124,,132
2020-08-12 07:00:00,92,,136,252,,,94,,,65,96,15,157
2020-08-12 08:00:00,80,,141,238,,,85,,,89,73,15,144
2020-08-12 09:00:00,76,,115,260,,,58,,,89,126,20,89
2020-08-12 10:00:00,94,,45,328,,,14,,,94,83,19,61
2020-08-12 11:00:00,65,,350,313,,,46,,,207,102,19,79
2020-08-12 12:00:00,39,,126,185,,,35,,,168,200,20,69
2020-08-12 13:00:00,70,,114,142,,,53,,,107,172,20,64
2020-08-12 14:00:00,67,,127,99,,,99,,,116,152,20,64
2020-08-12 15:00:00,81,,135,93,,,99,,,153,150,19,56
2020-08-12 16:00:00,143,,141,94,,,122,,,153,150,19,66
2020-08-12 17:00:00,129,,127,106,,,138,,,153,136,19,71
2020-08-12 18:00:00,116,,134,121,,,153,,,131,150,20,
2020-08-12 19:00:00,128,,136,113,,,135,,,119,155,20,
2020-08-12 20:00:00,149,,145,116,,,146,,,140,161,20,
2020-08-12 21:00:00,147,,145,135,,,176,,,155,141,,
2020-08-12 22:00:00,143,,123,124,,,144,,,163,124,,
2020-08-12 23:00:00,50,,108,102,,,103,,,116,116,,
2020-08-13 00:00:00,61,,118,102,,,101,,,112,128,,
2020-08-13 01:00:00,62,,110,93,,,92,,,122,125,,
2020-08-13 02:00:00,42,,101,106,,,82,,,116,118,,
2020-08-13 03:00:00,43,,109,326,,,52,,,100,115,,
2020-08-13 04:00:00,20,,90,325,,,61,,,96,103,,
2020-08-13 05:00:00,50,,99,252,,,73,,,76,62,19,
2020-08-13 06:00:00,65,,134,257,,,74,,,68,60,19,126
2020-08-13 07:00:00,25,,115,284,,,66,,,94,67,19,191
2020-08-13 08:00:00,27,,92,280,,,71,,,78,112,21,244
2020-08-13 09:00:00,360,,48,331,,,33,,,84,67,17,238
2020-08-13 10:00:00,53,,31,315,,,38,,,71,31,17,55
2020-08-13 11:00:00,22,,5,298,,,66,,,89,70,19,74
2020-08-13 12:00:00,63,,76,132,,,60,,,169,92,19,72
2020-08-13 13:00:00,69,,108,105,,,82,,,106,174,20,61
2020-08-13 14:00:00,69,,111,80,,,109,,,117,137,19,61
2020-08-13 15:00:00,87,,136,96,,,117,,,122,125,19,56
2020-08-13 16:00:00,124,,124,103,,,120,,,135,125,19,68
2020-08-13 17:00:00,123,,124,107,,,122,,,122,127,20,84
2020-08-13 18:00:00,117,,117,98,,,131,,,106,130,20,86
2020-08-13 19:00:00,130,,125,109,,,129,,,114,134,20,86
2020-08-13 20:00:00,145,,138,105,,,132,,,117,135,,85
2020-08-13 21:00:00,161,,133,109,,,124,,,127,127,,107
2020-08-13 22:00:00,142,,132,102,,,117,,,146,127,19,80
2020-08-13 23:00:00,81,,115,91,,,95,,,133,119,19,62
2020-08-14 00:00:00,90,,100,96,,,100,,,119,117,19,66
2020-08-14 01:00:00,42,,97,103,,,78,,,117,118,20,94
2020-08-14 02:00:00,28,,94,322,,,45,,,106,113,20,97
2020-08-14 03:00:00,7,,81,273,,,50,,,63,95,18,121
2020-08-14 04:00:00,29,,84,278,,,70,,,60,38,17,161
2020-08-14 05:00:00,16,,51,254,,,39,,,52,30,12,185
2020-08-14 06:00:00,25,,65,274,,,31,,,40,50,20,184
2020-08-14 07:00:00,344,,67,280,,,18,,,71,41,19,234
2020-08-14 08:00:00,338,,9,306,,,4,,,170,359,17,260
2020-08-14 09:00:00,351,,350,292,,,15,,,113,8,15,255
2020-08-14 10:00:00,1,,4,305,,,33,,,129,18,19,123
2020-08-14 11:00:00,34,,10,248,,,40,,,235,3,18,80
2020-08-14 12:00:00,38,,72,90,,,64,,,187,46,21,95
2020-08-14 13:00:00,57,,85,80,,,61,,,108,101,21,77
2020-08-14 14:00:00,82,,109,75,,,80,,,105,141,21,53
2020-08-14 15:00:00,80,,109,98,,,99,,,108,135,20,56
2020-08-14 16:00:00,83,,134,101,,,124,,,127,,19,54
2020-08-14 17:00:00,138,,140,113,,,137,,,119,128,20,80
2020-08-14 18:00:00,147,,137,108,,,130,,,122,123,20,65
2020-08-14 19:00:00,145,,109,109,,,130,,,124,111,20,66
2020-08-14 20:00:00,120,,100,96,,,116,,,104,106,19,68
2020-08-14 21:00:00,129,,122,100,,,118,,,112,116,21,66
2020-08-14 22:00:00,101,,133,100,,,103,,,184,160,20,128
2020-08-14 23:00:00,122,,135,98,,,111,,,136,131,20,104
2020-08-15 00:00:00,76,,133,103,,,107,,,116,119,20,81
2020-08-15 01:00:00,72,,102,26,,,66,,,136,109,,114
2020-08-15 02:00:00,69,,90,203,,,57,,,99,117,,99
2020-08-15 03:00:00,16,,69,297,,,58,,,85,62,19,105
2020-08-15 04:00:00,46,,67,241,,,57,,,50,32,18,131
2020-08-15 05:00:00,49,,79,253,,,29,,,62,347,14,182
2020-08-15 06:00:00,11,,343,283,,,7,,,219,335,20,239
2020-08-15 07:00:00,246,,320,305,,,1,,,92,321,20,219
2020-08-15 08:00:00,293,,306,305,,,315,,,83,297,16,283
2020-08-15 09:00:00,336,,314,304,,,333,,,61,30,16,265
2020-08-15 10:00:00,25,,344,334,,,42,,,118,356,17,63
2020-08-15 11:00:00,27,,42,237,,,44,,,145,29,20,79
2020-08-15 12:00:00,64,,89,133,,,79,,,71,82,22,69
2020-08-15 13:00:00,79,,118,97,,,92,,,105,112,22,55
2020-08-15 14:00:00,80,,130,99,,,102,,,112,138,21,52
2020-08-15 15:00:00,84,,121,95,,,117,,,123,142,21,77
2020-08-15 16:00:00,101,,111,103,,,120,,,116,122,22,82
2020-08-15 17:00:00,133,,127,109,,,128,,,114,126,22,76
2020-08-15 18:00:00,134,,123,106,,,133,,,110,110,22,74
2020-08-15 19:00:00,101,,113,102,,,126,,,103,125,,80
2020-08-15 20:00:00,117,,114,99,,,128,,,113,121,21,76
2020-08-15 21:00:00,161,,102,100,,,122,,,118,119,20,66
2020-08-15 22:00:00,124,,118,97,,,109,,,119,120,20,80
2020-08-15 23:00:00,97,,121,100,,,113,,,117,124,20,90
2020-08-16 00:00:00,87,,95,90,,,100,,,128,115,,68
2020-08-16 01:00:00,62,,95,93,,,81,,,89,105,21,82
2020-08-16 02:00:00,56,,105,142,,,91,,,77,73,20,96
2020-08-16 03:00:00,56,,84,64,,,87,,,74,59,20,97
2020-08-16 04:00:00,70,,89,292,,,78,,,88,54,21,105
2020-08-16 05:00:00,151,,47,300,,,77,,,73,59,20,120
2020-08-16 06:00:00,14,,57,291,,,65,,,112,206,24,171
2020-08-16 07:00:00,1,,141,302,,,5,,,189,188,23,225
2020-08-16 08:00:00,354,,85,281,,,24,,,72,354,20,237
2020-08-16 09:00:00,242,,40,308,,,324,,,64,13,19,256
2020-08-16 10:00:00,23,,13,310,,,37,,,93,13,18,317
2020-08-16 11:00:00,27,,12,73,,,41,,,114,23,19,83
2020-08-16 12:00:00,56,,82,82,,,69,,,79,99,20,67
2020-08-16 13:00:00,68,,121,77,,,79,,,99,140,21,63
2020-08-16 14:00:00,78,,115,97,,,100,,,108,122,18,52
2020-08-16 15:00:00,90,,123,98,,,119,,,113,131,18,74
2020-08-16 16:00:00,99,,112,100,,,113,,,120,114,20,88
2020-08-16 17:00:00,105,,130,100,,,114,,,106,99,20,91
2020-08-16 18:00:00,102,,122,97,,,118,,,118,113,20,92
2020-08-16 19:00:00,107,,120,107,,,128,,,113,122,19,97
2020-08-16 20:00:00,136,,101,103,,,131,,,114,102,19,91
2020-08-16 21:00:00,116,,105,94,,,110,,,101,138,18,104
2020-08-16 22:00:00,156,,134,99,,,116,,,124,127,18,87
2020-08-16 23:00:00,81,,110,128,,,120,,,120,112,19,99
2020-08-17 00:00:00,59,,105,143,,,71,,,108,116,20,95
2020-08-17 01:00:00,25,,99,33,,,67,,,109,101,20,100
2020-08-17 02:00:00,38,,92,281,,,70,,,89,100,20,92
2020-08-17 03:00:00,43,,70,269,,,73,,,92,67,21,99
2020-08-17 04:00:00,52,,121,268,,,66,,,50,45,19,110
2020-08-17 05:00:00,39,,123,265,,,59,,,81,136,13,142
2020-08-17 06:00:00,58,,88,275,,,66,,,109,170,16,189
2020-08-17 07:00:00,18,,23,270,,,34,,,81,8,23,199
2020-08-17 08:00:00,27,,342,273,,,24,,,37,4,20,271
2020-08-17 09:00:00,11,,10,288,,,37,,,97,4,16,214
2020-08-17 10:00:00,22,,30,252,,,51,,,118,47,18,82
2020-08-17 11:00:00,25,,105,198,,,56,,,128,146,20,76
2020-08-17 12:00:00,53,,72,95,,,68,,,132,110,21,65
2020-08-17 13:00:00,79,,100,80,,,95,,,95,82,21,58
2020-08-17 14:00:00,,,142,98,,,132,,,93,112,20,70
2020-08-17 15:00:00,105,,118,107,,,135,,,136,,20,91
2020-08-17 16:00:00,116,,129,116,,,155,,,119,139,21,90
2020-08-17 17:00:00,133,,130,109,,,151,,,117,138,21,98
2020-08-17 18:00:00,109,,127,120,,,145,,,115,100,21,96
2020-08-17 19:00:00,122,,120,110,,,125,,,100,91,20,92
2020-08-17 20:00:00,122,,127,102,,,118,,,98,135,20,110
2020-08-17 21:00:00,137,,130,102,,,120,,,116,139,20,100
2020-08-17 22:00:00,155,,125,118,,,128,,,135,126,19,81
2020-08-17 23:00:00,143,,125,107,,,118,,,124,138,19,73
2020-08-18 00:00:00,115,,114,94,,,102,,,124,152,20,68
2020-08-18 01:00:00,121,,57,310,,,50,,,162,150,19,90
2020-08-18 02:00:00,18,,53,280,,,32,,,108,33,19,140
2020-08-18 03:00:00,41,,32,244,,,29,,,22,14,19,151
2020-08-18 04:00:00,48,,348,274,,,31,,,121,329,13,176
2020-08-18 05:00:00,18,,345,276,,,30,,,315,354,21,180
2020-08-18 06:00:00,22,,338,279,,,41,,,273,336,22,214
2020-08-18 07:00:00,25,,294,301,,,302,,,303,328,19,225
2020-08-18 08:00:00,233,,272,320,,,264,,,309,334,17,261
2020-08-18 09:00:00,278,,330,340,,,309,,,322,341,19,279
2020-08-18 10:00:00,26,,344,309,,,38,,,308,357,20,42
2020-08-18 11:00:00,48,,350,185,,,53,,,251,44,20,75
2020-08-18 12:00:00,93,,52,127,,,68,,,198,164,19,70
2020-08-18 13:00:00,104,,153,101,,,123,,,120,169,19,70
2020-08-18 14:00:00,86,,136,105,,,113,,,127,63,19,57
2020-08-18 15:00:00,81,,114,103,,,136,,,117,168,,94
2020-08-18 16:00:00,85,,123,99,,,129,,,125,132,,87
2020-08-18 17:00:00,81,,117,103,,,130,,,117,138,,97
2020-08-18 18:00:00,98,,136,101,,,114,,,114,127,,86
2020-08-18 19:00:00,114,,123,99,,,116,,,110,114,,102
2020-08-18 20:00:00,151,,148,78,,,134,,,122,107,18,88
2020-08-18 21:00:00,140,,126,97,,,127,,,167,104,18,76
2020-08-18 22:00:00,132,,136,80,,,85,,,138,138,16,88
2020-08-18 23:00:00,100,,351,97,,,116,,,158,243,17,95
2020-08-19 00:00:00,152,,172,114,,,135,,,205,280,17,98
2020-08-19 01:00:00,159,,138,101,,,143,,,221,332,17,164
2020-08-19 02:00:00,112,,38,111,,,112,,,178,314,,159
2020-08-19 03:00:00,86,,349,130,,,67,,,183,315,,169
2020-08-19 04:00:00,155,,313,227,,,13,,,156,317,18,196
2020-08-19 05:00:00,218,,338,306,,,279,,,207,334,16,257
2020-08-19 06:00:00,228,,333,312,,,23,,,273,346,20,221
2020-08-19 07:00:00,244,,317,300,,,38,,,292,354,20,226
2020-08-19 08:00:00,348,,305,305,,,33,,,274,306,15,119
2020-08-19 09:00:00,355,,319,65,,,34,,,308,310,17,73
2020-08-19 10:00:00,33,,331,207,,,35,,,316,25,19,100
2020-08-19 11:00:00,61,,51,106,,,68,,,284,122,16,58
2020-08-19 12:00:00,77,,132,101,,,80,,,164,152,16,62
2020-08-19 13:00:00,70,,131,86,,,124,,,115,143,16,60
2020-08-19 14:00:00,59,,125,98,,,100,,,103,81,18,65
2020-08-19 15:00:00,93,,131,96,,,83,,,110,113,17,70
2020-08-19 16:00:00,94,,68,91,,,99,,,141,165,17,75
2020-08-19 17:00:00,128,,65,91,,,140,,,148,156,18,94
2020-08-19 18:00:00,160,,92,78,,,140,,,137,170,17,89
2020-08-19 19:00:00,158,,105,117,,,145,,,151,166,17,97
2020-08-19 20:00:00,150,,154,138,,,183,,,193,175,16,85
2020-08-19 21:00:00,121,,164,138,,,207,,,205,255,17,93
2020-08-19 22:00:00,143,,159,130,,,211,,,220,189,17,166
2020-08-19 23:00:00,126,,99,111,,,210,,,231,44,15,179
2020-08-20 00:00:00,,,63,99,,,,,,171,,,
2020-08-20 01:00:00,252,,101,143,,,31,,,111,167,19,199
2020-08-20 02:00:00,253,,323,286,,,16,,,115,182,18,220
2020-08-20 03:00:00,221,,20,308,,,29,,,141,329,18,162
2020-08-20 04:00:00,222,,360,315,,,14,,,236,,18,237
2020-08-20 05:00:00,237,,335,319,,,30,,,251,359,21,240
2020-08-20 06:00:00,226,,296,304,,,315,,,279,324,19,185
2020-08-20 07:00:00,239,,304,320,,,288,,,320,303,18,167
2020-08-20 08:00:00,230,,317,311,,,299,,,316,349,23,247
2020-08-20 09:00:00,234,,312,318,,,272,,,284,353,17,266
2020-08-20 10:00:00,262,,317,280,,,255,,,281,347,20,263
2020-08-20 11:00:00,61,,34,151,,,64,,,205,105,17,102
2020-08-20 12:00:00,85,,132,118,,,61,,,106,155,16,74
2020-08-20 13:00:00,79,,121,86,,,80,,,116,148,16,52
2020-08-20 14:00:00,66,,94,104,,,109,,,112,133,15,48
2020-08-20 15:00:00,77,,104,87,,,97,,,119,136,16,52
2020-08-20 16:00:00,66,,109,89,,,136,,,138,156,15,54
2020-08-20 17:00:00,73,,120,102,,,106,,,117,84,16,56
2020-08-20 18:00:00,89,,96,85,,,116,,,117,137,15,66
2020-08-20 19:00:00,103,,128,89,,,115,,,118,120,16,102
2020-08-20 20:00:00,136,,139,98,,,133,,,117,109,16,84
2020-08-20 21:00:00,136,,138,107,,,131,,,125,108,16,77
2020-08-20 22:00:00,132,,143,116,,,137,,,192,163,17,86
2020-08-20 23:00:00,130,,135,102,,,127,,,166,156,17,83
2020-08-21 00:00:00,99,,137,125,,,131,,,145,152,17,142
2020-08-21 01:00:00,112,,74,68,,,130,,,154,158,15,215
2020-08-21 02:00:00,45,,76,260,,,45,,,112,146,19,207
2020-08-21 03:00:00,346,,133,277,,,44,,,115,113,19,169
2020-08-21 04:00:00,10,,90,281,,,29,,,109,86,19,160
2020-08-21 05:00:00,38,,78,272,,,31,,,116,33,17,148
2020-08-21 06:00:00,10,,116,276,,,20,,,26,349,19,130
2020-08-21 07:00:00,274,,89,277,,,17,,,65,81,21,197
2020-08-21 08:00:00,26,,147,293,,,330,,,63,281,19,208
2020-08-21 09:00:00,15,,13,323,,,26,,,204,41,21,219
2020-08-21 10:00:00,56,,335,328,,,39,,,43,8,20,73
2020-08-21 11:00:00,37,,29,87,,,68,,,167,98,20,78
2020-08-21 12:00:00,53,,67,69,,,76,,,78,105,23,67
2020-08-21 13:00:00,77,,120,105,,,113,,,104,162,22,63
2020-08-21 14:00:00,59,,132,94,,,97,,,119,150,24,55
2020-08-21 15:00:00,65,,135,97,,,93,,,115,130,22,42
2020-08-21 16:00:00,75,,115,103,,,114,,,124,132,21,44
2020-08-21 17:00:00,108,,112,102,,,123,,,108,118,20,70
2020-08-21 18:00:00,123,,94,99,,,125,,,115,91,18,89
2020-08-21 19:00:00,102,,101,94,,,111,,,101,108,18,85
2020-08-21 20:00:00,137,,111,103,,,130,,,104,89,18,78
2020-08-21 21:00:00,135,,147,112,,,137,,,145,110,19,64
2020-08-21 22:00:00,133,,139,107,,,131,,,193,156,17,72
2020-08-21 23:00:00,93,,135,102,,,126,,,160,145,19,75
2020-08-22 00:00:00,108,,133,94,,,110,,,128,123,19,74
2020-08-22 01:00:00,75,,121,93,,,114,,,121,110,18,81
2020-08-22 02:00:00,76,,128,104,,,102,,,114,115,18,69
2020-08-22 03:00:00,56,,142,135,,,87,,,128,123,19,90
2020-08-22 04:00:00,42,,138,113,,,74,,,132,129,19,103
2020-08-22 05:00:00,4,,137,308,,,67,,,145,108,18,93
2020-08-22 06:00:00,47,,105,291,,,68,,,110,81,19,99
2020-08-22 07:00:00,67,,103,272,,,72,,,96,133,18,102
2020-08-22 08:00:00,65,,125,206,,,77,,,105,129,18,79
2020-08-22 09:00:00,22,,114,337,,,47,,,98,130,16,67
2020-08-22 10:00:00,17,,42,276,,,58,,,124,43,19,73
2020-08-22 11:00:00,61,,71,193,,,65,,,81,120,20,67
2020-08-22 12:00:00,60,,102,131,,,59,,,116,167,20,64
2020-08-22 13:00:00,60,,97,81,,,82,,,104,121,21,51
2020-08-22 14:00:00,67,,89,87,,,90,,,97,103,21,45
2020-08-22 15:00:00,73,,104,92,,,84,,,115,92,16,56
2020-08-22 16:00:00,79,,134,82,,,82,,,143,83,16,53
2020-08-22 17:00:00,87,,134,96,,,109,,,82,98,18,66
2020-08-22 18:00:00,109,,107,105,,,119,,,93,89,17,90
2020-08-22 19:00:00,102,,126,99,,,119,,,106,121,17,101
2020-08-22 20:00:00,125,,106,100,,,130,,,110,86,16,104
2020-08-22 21:00:00,131,,110,101,,,126,,,106,78,16,108
2020-08-22 22:00:00,136,,125,101,,,122,,,156,86,16,85
2020-08-22 23:00:00,97,,129,98,,,118,,,146,125,,74
2020-08-23 00:00:00,97,,110,94,,,114,,,118,113,,65
2020-08-23 01:00:00,100,,117,99,,,107,,,118,118,,68
2020-08-23 02:00:00,95,,131,100,,,123,,,124,122,,71
2020-08-23 03:00:00,68,,131,96,,,105,,,138,113,17,85
2020-08-23 04:00:00,64,,128,108,,,104,,,126,115,17,80
2020-08-23 05:00:00,84,,135,112,,,93,,,115,123,17,87
2020-08-23 06:00:00,76,,139,138,,,80,,,106,148,16,95
2020-08-23 07:00:00,73,,139,145,,,83,,,116,161,16,122
2020-08-23 08:00:00,69,,162,158,,,79,,,133,160,18,311
2020-08-23 09:00:00,31,,114,30,,,5,,,186,132,17,340
2020-08-23 10:00:00,14,,26,5,,,39,,,129,133,17,38
2020-08-23 11:00:00,22,,110,356,,,78,,,111,65,18,70
2020-08-23 12:00:00,48,,151,91,,,78,,,128,77,19,63
2020-08-23 13:00:00,53,,117,64,,,70,,,129,84,18,66
2020-08-23 14:00:00,100,,96,50,,,87,,,114,90,18,67
2020-08-23 15:00:00,93,,58,56,,,80,,,139,55,18,80
2020-08-23 16:00:00,70,,73,90,,,93,,,79,59,16,63
2020-08-23 17:00:00,75,,64,72,,,84,,,63,69,14,59
2020-08-23 18:00:00,103,,115,67,,,115,,,78,73,17,76
2020-08-23 19:00:00,,,105,149,,,140,,,89,72,16,96
2020-08-23 20:00:00,118,,107,99,,,111,,,84,65,16,99
2020-08-23 21:00:00,97,,104,88,,,101,,,88,138,16,92
2020-08-23 22:00:00,120,,138,107,,,147,,,98,162,17,88
2020-08-23 23:00:00,138,,156,117,,,202,,,189,220,15,63
2020-08-24 00:00:00,137,,138,127,,,210,,,198,219,17,97
2020-08-24 01:00:00,118,,87,113,,,251,,,213,107,16,150
2020-08-24 02:00:00,92,,121,105,,,108,,,75,202,17,111
2020-08-24 03:00:00,126,,145,111,,,29,,,163,277,16,129
2020-08-24 04:00:00,143,,97,165,,,30,,,181,11,18,122
2020-08-24 05:00:00,211,,7,278,,,29,,,125,355,14,138
2020-08-24 06:00:00,244,,351,283,,,26,,,75,359,16,214
2020-08-24 07:00:00,90,,327,276,,,30,,,253,321,15,159
2020-08-24 08:00:00,105,,332,315,,,30,,,303,294,14,262
2020-08-24 09:00:00,46,,1,294,,,56,,,286,2,14,95
2020-08-24 10:00:00,23,,24,187,,,41,,,280,41,18,85
2020-08-24 11:00:00,48,,36,72,,,73,,,99,80,19,81
2020-08-24 12:00:00,45,,60,79,,,84,,,84,80,18,70
2020-08-24 13:00:00,84,,94,92,,,92,,,89,81,18,60
2020-08-24 14:00:00,137,,56,91,,,113,,,79,78,17,82
2020-08-24 15:00:00,150,,35,81,,,91,,,79,78,17,97
2020-08-24 16:00:00,141,,75,98,,,99,,,86,89,16,104
2020-08-24 17:00:00,168,,111,94,,,111,,,108,104,17,113
2020-08-24 18:00:00,160,,102,112,,,134,,,81,216,17,107
2020-08-24 19:00:00,158,,131,133,,,171,,,187,241,17,112
2020-08-24 20:00:00,140,,108,144,,,170,,,209,55,,104
2020-08-24 21:00:00,112,,129,97,,,125,,,73,96,15,72
2020-08-24 22:00:00,152,,132,100,,,122,,,113,123,16,83
2020-08-24 23:00:00,124,,144,98,,,102,,,223,215,16,79
2020-08-25 00:00:00,126,,127,93,,,106,,,188,135,17,68
2020-08-25 01:00:00,121,,105,100,,,122,,,160,130,17,63
2020-08-25 02:00:00,91,,99,107,,,118,,,122,107,18,63
2020-08-25 03:00:00,80,,97,99,,,125,,,131,165,19,76
2020-08-25 04:00:00,64,,79,105,,,86,,,136,318,19,87
2020-08-25 05:00:00,47,,20,163,,,49,,,174,301,18,111
2020-08-25 06:00:00,235,,323,242,,,96,,,125,351,18,188
2020-08-25 07:00:00,242,,334,285,,,273,,,287,8,20,247
2020-08-25 08:00:00,229,,348,320,,,13,,,109,5,12,242
2020-08-25 09:00:00,5,,336,324,,,47,,,48,10,17,46
2020-08-25 10:00:00,,,343,280,,,39,,,115,5,20,98
2020-08-25 11:00:00,34,,,50,,,38,,,83,33,20,87
2020-08-25 12:00:00,54,,,3,,,42,,,136,26,21,124
2020-08-25 13:00:00,47,,352,25,,,60,,,145,29,20,78
2020-08-25 14:00:00,57,,51,82,,,83,,,140,58,20,66
2020-08-25 15:00:00,91,,98,57,,,74,,,97,63,19,75
2020-08-25 16:00:00,96,,95,107,,,94,,,79,55,19,69
2020-08-25 17:00:00,109,,43,55,,,89,,,85,54,19,75
2020-08-25 18:00:00,102,,102,86,,,99,,,97,57,20,82
2020-08-25 19:00:00,162,,101,101,,,124,,,123,62,20,97
2020-08-25 20:00:00,99,,140,103,,,134,,,109,78,19,86
2020-08-25 21:00:00,153,,162,121,,,192,,,144,246,20,73
2020-08-25 22:00:00,124,,159,113,,,207,,,226,242,20,67
2020-08-25 23:00:00,138,,154,123,,,212,,,198,240,20,95
2020-08-26 00:00:00,257,,156,109,,,228,,,209,158,,108
2020-08-26 01:00:00,282,,86,100,,,255,,,190,52,21,231
2020-08-26 02:00:00,121,,353,98,,,209,,,92,351,21,132
2020-08-26 03:00:00,246,,355,92,,,245,,,41,7,21,125
2020-08-26 04:00:00,207,,329,111,,,35,,,114,338,,166
2020-08-26 05:00:00,204,,311,175,,,39,,,313,310,,162
2020-08-26 06:00:00,258,,320,287,,,47,,,313,316,,185
2020-08-26 07:00:00,267,,297,264,,,31,,,320,307,22,138
2020-08-26 08:00:00,231,,294,61,,,3,,,319,275,18,198
2020-08-26 09:00:00,19,,304,360,,,15,,,314,312,22,310
2020-08-26 10:00:00,97,,332,333,,,49,,,283,48,22,80
2020-08-26 11:00:00,114,,138,129,,,76,,,182,144,22,70
2020-08-26 12:00:00,91,,135,85,,,108,,,121,199,,61
2020-08-26 13:00:00,119,,165,102,,,122,,,123,66,23,76
2020-08-26 14:00:00,80,,117,99,,,129,,,131,123,26,70
2020-08-26 15:00:00,86,,73,105,,,92,,,112,174,28,67
2020-08-26 16:00:00,94,,89,100,,,118,,,137,123,29,76
2020-08-26 17:00:00,113,,82,98,,,139,,,108,172,31,104
2020-08-26 18:00:00,129,,144,103,,,124,,,145,108,31,109
2020-08-26 19:00:00,157,,113,104,,,165,,,146,118,32,115
2020-08-26 20:00:00,151,,146,132,,,188,,,132,150,31,112
2020-08-26 21:00:00,135,,154,134,,,198,,,173,179,30,139
2020-08-26 22:00:00,149,,159,126,,,209,,,197,195,31,137
2020-08-26 23:00:00,156,,154,104,,,207,,,194,176,30,103
2020-08-27 00:00:00,120,,137,109,,,198,,,194,164,30,218
2020-08-27 01:00:00,118,,128,120,,,197,,,160,140,29,232
2020-08-27 02:00:00,177,,75,120,,,253,,,114,115,30,168
2020-08-27 03:00:00,29,,65,192,,,26,,,89,144,31,180
2020-08-27 04:00:00,346,,77,284,,,17,,,168,347,29,266
2020-08-27 05:00:00,228,,34,309,,,20,,,116,11,28,230
2020-08-27 06:00:00,304,,48,314,,,2,,,68,30,32,163
2020-08-27 07:00:00,231,,319,306,,,21,,,234,316,33,242
2020-08-27 08:00:00,236,,19,334,,,29,,,296,24,24,255
2020-08-27 09:00:00,38,,21,313,,,38,,,60,26,33,335
2020-08-27 10:00:00,19,,16,287,,,44,,,61,12,37,85
2020-08-27 11:00:00,55,,60,130,,,69,,,109,155,38,78
2020-08-27 12:00:00,77,,123,103,,,104,,,103,161,37,58
2020-08-27 13:00:00,98,,141,99,,,133,,,122,145,37,65
2020-08-27 14:00:00,126,,108,106,,,137,,,134,132,38,73
2020-08-27 15:00:00,120,,113,106,,,121,,,118,129,38,79
2020-08-27 16:00:00,135,,130,101,,,137,,,118,126,38,80
2020-08-27 17:00:00,149,,140,113,,,132,,,126,133,,88
2020-08-27 18:00:00,114,,140,106,,,130,,,127,122,,80
2020-08-27 19:00:00,125,,123,104,,,129,,,117,120,,85
2020-08-27 20:00:00,153,,115,104,,,133,,,117,108,37,83
2020-08-27 21:00:00,151,,109,98,,,125,,,122,116,37,97
2020-08-27 22:00:00,135,,99,92,,,104,,,178,105,36,106
2020-08-27 23:00:00,68,,104,81,,,90,,,106,111,35,96
2020-08-28 00:00:00,86,,104,108,,,104,,,98,121,36,107
2020-08-28 01:00:00,4,,104,140,,,61,,,118,124,36,110
2020-08-28 02:00:00,24,,,216,,,63,,,124,124,32,121
2020-08-28 03:00:00,53,,97,226,,,70,,,107,103,35,107
2020-08-28 04:00:00,64,,103,235,,,71,,,65,73,36,102
2020-08-28 05:00:00,43,,100,235,,,82,,,48,53,30,176
2020-08-28 06:00:00,72,,117,237,,,77,,,72,72,32,126
2020-08-28 07:00:00,71,,143,266,,,90,,,99,136,34,162
2020-08-28 08:00:00,57,,128,302,,,73,,,113,145,24,292
2020-08-28 09:00:00,44,,53,259,,,47,,,110,13,34,79
2020-08-28 10:00:00,34,,7,294,,,39,,,77,17,33,82
2020-08-28 11:00:00,22,,3,306,,,40,,,126,33,32,79
2020-08-28 12:00:00,43,,101,257,,,74,,,184,134,33,75
2020-08-28 13:00:00,84,,116,116,,,75,,,122,151,33,68
2020-08-28 14:00:00,86,,100,79,,,82,,,118,147,33,70
2020-08-28 15:00:00,86,,118,105,,,113,,,117,155,,60
2020-08-28 16:00:00,101,,138,91,,,124,,,127,149,32,57
2020-08-28 17:00:00,157,,141,97,,,127,,,132,142,33,91
2020-08-28 18:00:00,157,,139,103,,,133,,,157,132,32,81
2020-08-28 19:00:00,140,,136,117,,,136,,,122,141,32,77
2020-08-28 20:00:00,136,,133,107,,,130,,,120,145,32,69
2020-08-28 21:00:00,145,,137,128,,,181,,,143,142,,71
2020-08-28 22:00:00,146,,118,120,,,140,,,145,118,,112
2020-08-28 23:00:00,79,,113,100,,,107,,,109,110,,94
2020-08-29 00:00:00,66,,104,98,,,85,,,121,116,,99
2020-08-29 01:00:00,35,,120,133,,,79,,,123,123,,106
2020-08-29 02:00:00,57,,120,21,,,74,,,117,116,,105
2020-08-29 03:00:00,52,,138,147,,,87,,,106,118,,102
2020-08-29 04:00:00,16,,114,164,,,68,,,112,110,,114
2020-08-29 05:00:00,18,,107,292,,,66,,,117,113,,126
2020-08-29 06:00:00,58,,82,254,,,90,,,82,60,30,155
2020-08-29 07:00:00,45,,66,254,,,71,,,49,58,29,129
2020-08-29 08:00:00,28,,91,289,,,65,,,73,65,28,106
2020-08-29 09:00:00,19,,112,275,,,34,,,86,97,26,84
2020-08-29 10:00:00,59,,271,259,,,14,,,95,61,28,87
2020-08-29 11:00:00,56,,12,189,,,67,,,102,59,27,68
2020-08-29 12:00:00,46,,93,61,,,80,,,111,104,30,74
2020-08-29 13:00:00,55,,101,102,,,64,,,106,160,31,72
2020-08-29 14:00:00,75,,111,101,,,90,,,98,149,31,67
2020-08-29 15:00:00,79,,115,97,,,112,,,116,126,31,56
2020-08-29 16:00:00,89,,125,105,,,110,,,115,132,30,62
2020-08-29 17:00:00,115,,124,97,,,125,,,150,129,30,83
2020-08-29 18:00:00,152,,85,111,,,135,,,132,115,31,87
2020-08-29 19:00:00,154,,105,105,,,120,,,113,113,30,78
2020-08-29 20:00:00,153,,95,99,,,123,,,114,84,30,77
2020-08-29 21:00:00,135,,97,96,,,121,,,108,103,31,103
2020-08-29 22:00:00,101,,119,89,,,108,,,145,116,31,105
2020-08-29 23:00:00,107,,117,97,,,116,,,118,121,30,66
2020-08-30 00:00:00,69,,105,98,,,103,,,117,111,31,66
2020-08-30 01:00:00,74,,107,117,,,87,,,104,109,31,84
2020-08-30 02:00:00,67,,118,123,,,89,,,93,108,31,95
2020-08-30 03:00:00,69,,99,63,,,72,,,92,106,,103
2020-08-30 04:00:00,68,,92,306,,,70,,,93,108,30,104
2020-08-30 05:00:00,30,,69,244,,,80,,,66,60,30,97
2020-08-30 06:00:00,40,,69,276,,,64,,,47,19,31,90
2020-08-30 07:00:00,11,,92,300,,,51,,,46,46,27,193
2020-08-30 08:00:00,10,,91,279,,,47,,,50,87,22,169
2020-08-30 09:00:00,57,,82,293,,,61,,,114,65,26,48
2020-08-30 10:00:00,116,,24,238,,,55,,,89,8,29,82
2020-08-30 11:00:00,93,,57,205,,,50,,,62,56,28,78
2020-08-30 12:00:00,77,,126,156,,,54,,,117,188,29,75
2020-08-30 13:00:00,80,,123,129,,,83,,,148,173,29,73
2020-08-30 14:00:00,82,,98,97,,,66,,,117,169,30,73
2020-08-30 15:00:00,63,,108,104,,,103,,,134,164,29,63
2020-08-30 16:00:00,68,,115,95,,,100,,,114,158,29,56
2020-08-30 17:00:00,73,,119,109,,,116,,,126,134,29,61
2020-08-30 18:00:00,109,,134,99,,,124,,,125,128,,90
2020-08-30 19:00:00,157,,137,112,,,131,,,129,123,,78
2020-08-30 20:00:00,128,,109,120,,,133,,,133,104,,65
2020-08-30 21:00:00,134,,115,99,,,119,,,132,77,30,73
2020-08-30 22:00:00,116,,134,100,,,113,,,182,136,29,94
2020-08-30 23:00:00,95,,118,86,,,97,,,146,106,29,103
2020-08-31 00:00:00,57,,,93,,,78,,,107,144,29,72
2020-08-31 01:00:00,24,,126,195,,,61,,,110,130,,96
2020-08-31 02:00:00,20,,111,268,,,79,,,137,102,,105
2020-08-31 03:00:00,60,,101,244,,,81,,,89,95,,113
2020-08-31 04:00:00,75,,117,241,,,83,,,84,69,,97
2020-08-31 05:00:00,67,,89,253,,,82,,,93,66,,101
2020-08-31 06:00:00,57,,116,254,,,84,,,88,75,24,107
2020-08-31 07:00:00,56,,139,268,,,85,,,89,68,18,107
2020-08-31 08:00:00,56,,140,241,,,87,,,79,89,25,81
2020-08-31 09:00:00,19,,141,125,,,49,,,121,128,26,70
2020-08-31 10:00:00,3,,45,185,,,48,,,107,54,28,72
2020-08-31 11:00:00,38,,56,289,,,50,,,95,72,27,82
2020-08-31 12:00:00,57,,85,197,,,71,,,76,163,27,77
2020-08-31 13:00:00,45,,90,125,,,62,,,97,211,28,78
2020-08-31 14:00:00,79,,106,126,,,79,,,138,173,28,69
2020-08-31 15:00:00,,,114,111,,,96,,,121,148,28,61
2020-08-31 16:00:00,,,104,85,,,108,,,129,161,,56
2020-08-31 17:00:00,,,134,95,,,106,,,121,134,,66
2020-08-31 18:00:00,,,143,96,,,130,,,144,133,,74
2020-08-31 19:00:00,,,133,106,,,135,,,148,123,,65
2020-08-31 20:00:00,,,135,107,,,130,,,128,127,,65
2020-08-31 21:00:00,,,131,102,,,111,,,140,144,29,68
2020-08-31 22:00:00,,,113,96,,,94,,,132,105,29,117
2020-08-31 23:00:00,,,119,94,,,90,,,103,120,29,107
2020-09-01 00:00:00,,,,,,,,,,,,,
2020-09-01 01:00:00,,182,126,25,11,,70,,,117,110,28,113
2020-09-01 02:00:00,,183,89,114,10,,67,,,119,107,28,103
2020-09-01 03:00:00,,186,100,216,10,,73,,,101,59,28,98
2020-09-01 04:00:00,,187,103,187,10,,72,,,59,56,,89
2020-09-01 05:00:00,,188,106,241,9,,85,,,68,68,,92
2020-09-01 06:00:00,,188,95,255,10,,87,,,93,61,27,93
2020-09-01 07:00:00,,191,62,275,9,,85,,,93,8,26,132
2020-09-01 08:00:00,,187,82,275,10,,74,,,69,61,24,78
2020-09-01 09:00:00,,183,75,327,10,,66,,,67,127,26,78
2020-09-01 10:00:00,101,183,75,114,12,,64,,,116,82,28,74
2020-09-01 11:00:00,90,181,137,135,12,,97,,,133,207,27,80
2020-09-01 12:00:00,62,181,128,135,12,,104,,,127,185,28,80
2020-09-01 13:00:00,81,181,136,129,11,,109,,,123,178,27,70
2020-09-01 14:00:00,77,183,144,109,10,,104,,,141,170,28,65
2020-09-01 15:00:00,150,186,154,108,10,,114,,,161,119,28,75
2020-09-01 16:00:00,157,184,153,103,10,,134,,,149,139,28,72
2020-09-01 17:00:00,148,183,148,139,,,193,,,155,146,,53
2020-09-01 18:00:00,148,184,151,136,,,190,,,169,176,,56
2020-09-01 19:00:00,159,183,150,135,,,179,,,187,227,,332
2020-09-01 20:00:00,92,185,141,131,,,182,,,202,259,,215
2020-09-01 21:00:00,122,189,147,121,11,,194,,,184,211,,254
2020-09-01 22:00:00,100,185,70,92,11,,84,,,160,113,,152
2020-09-01 23:00:00,27,185,9,44,10,,54,,,99,117,,71
2020-09-02 00:00:00,4,186,355,252,10,,31,,,69,85,,102
2020-09-02 01:00:00,31,188,337,172,10,,36,,,102,64,,112
2020-09-02 02:00:00,69,183,118,109,,,97,,,90,60,,89
2020-09-02 03:00:00,79,182,139,101,,,104,,,98,109,,67
2020-09-02 04:00:00,77,183,137,92,,,79,,,133,118,,76
2020-09-02 05:00:00,8,187,121,161,9,,57,,,95,98,,111
2020-09-02 06:00:00,21,187,143,132,10,,98,,,128,175,27,137
2020-09-02 07:00:00,61,186,155,109,12,,122,,,195,147,25,168
2020-09-02 08:00:00,29,186,144,324,11,,151,,,202,157,23,265
2020-09-02 09:00:00,31,186,47,343,11,,24,,,172,57,24,283
2020-09-02 10:00:00,29,181,6,186,11,,44,,,97,11,27,76
2020-09-02 11:00:00,37,183,353,32,10,,43,,,105,339,28,75
2020-09-02 12:00:00,92,184,6,353,10,,70,,,267,356,28,81
2020-09-02 13:00:00,111,184,28,76,10,,67,,,162,47,27,75
2020-09-02 14:00:00,135,186,101,73,,,65,,,106,70,28,102
2020-09-02 15:00:00,134,184,85,66,,,83,,,98,72,28,118
2020-09-02 16:00:00,116,182,97,78,,,94,,,94,91,28,114
2020-09-02 17:00:00,168,182,105,90,,,111,,,104,61,,98
2020-09-02 18:00:00,150,183,89,93,,,96,,,67,74,,84
2020-09-02 19:00:00,166,184,69,101,,,125,,,79,27,,102
2020-09-02 20:00:00,159,185,63,94,,,137,,,44,21,,109
2020-09-02 21:00:00,114,186,69,84,,,118,,,52,292,,128
2020-09-02 22:00:00,136,185,113,97,,,112,,,182,115,,133
2020-09-02 23:00:00,123,183,98,107,,,110,,,130,99,,103
2020-09-03 00:00:00,86,181,107,81,,,101,,,115,62,,89
2020-09-03 01:00:00,78,182,97,115,,,96,,,90,63,,80
2020-09-03 02:00:00,60,184,80,178,,,62,,,73,110,,90
2020-09-03 03:00:00,63,186,116,275,,,61,,,89,96,,105
2020-09-03 04:00:00,62,182,106,173,11,,79,,,92,94,,95
2020-09-03 05:00:00,49,186,138,153,11,,73,,,90,117,27,94
2020-09-03 06:00:00,49,190,135,204,10,,76,,,99,72,27,101
2020-09-03 07:00:00,58,193,141,192,10,,90,,,79,114,27,86
2020-09-03 08:00:00,54,192,133,168,10,,71,,,106,93,,80
2020-09-03 09:00:00,59,188,33,296,,,47,,,79,355,26,147
2020-09-03 10:00:00,31,183,337,285,,,40,,,111,2,23,69
2020-09-03 11:00:00,43,185,31,329,,,49,,,39,345,26,68
2020-09-03 12:00:00,64,184,69,284,,,63,,,82,162,27,75
2020-09-03 13:00:00,71,185,90,84,,,91,,,109,166,27,73
2020-09-03 14:00:00,73,185,112,97,11,,80,,,142,148,27,79
2020-09-03 15:00:00,2,189,124,,11,,342,,,125,136,24,294
2020-09-03 16:00:00,241,187,236,,11,,265,,,187,299,24,229
2020-09-03 17:00:00,259,187,239,,,,258,,,284,305,25,278
2020-09-03 18:00:00,231,190,292,189,,,237,,,292,316,27,249
2020-09-03 19:00:00,272,192,334,287,,,263,,,304,8,28,258
2020-09-03 20:00:00,227,193,320,319,12,,283,,,239,349,27,232
2020-09-03 21:00:00,268,191,302,318,12,,266,,,248,21,26,280
2020-09-03 22:00:00,205,190,15,319,12,,239,,,273,285,26,237
2020-09-03 23:00:00,346,190,331,303,11,,271,,,156,307,27,107
2020-09-04 00:00:00,80,188,80,303,11,,55,,,198,14,26,110
2020-09-04 01:00:00,64,185,115,134,10,,97,,,46,66,28,108
2020-09-04 02:00:00,45,185,106,119,11,,96,,,82,123,27,120
2020-09-04 03:00:00,75,187,117,105,11,,75,,,123,109,26,109
2020-09-04 04:00:00,37,188,144,277,11,,61,,,106,112,26,125
2020-09-04 05:00:00,21,189,140,263,10,,58,,,137,99,23,130
2020-09-04 06:00:00,36,190,118,225,10,,74,,,99,110,25,93
2020-09-04 07:00:00,24,184,140,295,11,,80,,,95,72,21,260
2020-09-04 08:00:00,71,188,126,118,10,,57,,,101,120,26,251
2020-09-04 09:00:00,84,187,83,148,11,,72,,,105,143,26,110
2020-09-04 10:00:00,69,186,139,90,10,,70,,,145,167,26,82
2020-09-04 11:00:00,25,185,100,237,11,,38,,,163,218,28,82
2020-09-04 12:00:00,40,184,116,81,11,,58,,,127,164,27,65
2020-09-04 13:00:00,76,184,105,106,11,,113,,,154,161,27,69
2020-09-04 14:00:00,82,184,137,104,10,,111,,,150,141,27,71
2020-09-04 15:00:00,89,187,108,103,10,,113,,,142,95,,80
2020-09-04 16:00:00,131,190,105,96,10,,111,,,106,91,,95
2020-09-04 17:00:00,162,191,2,72,,,74,,,99,96,,108
2020-09-04 18:00:00,123,192,356,62,,,45,,,103,93,,111
2020-09-04 19:00:00,106,187,111,123,,,166,,,111,157,25,60
2020-09-04 20:00:00,157,195,134,133,,,175,,,125,178,26,61
2020-09-04 21:00:00,114,197,72,77,,,67,,,157,175,27,64
2020-09-04 22:00:00,44,193,99,136,,,95,,,162,109,27,92
2020-09-04 23:00:00,90,203,41,260,11,,43,,,116,74,27,99
2020-09-05 00:00:00,21,207,79,129,11,,56,,,91,54,,91
2020-09-05 01:00:00,74,211,143,150,11,,74,,,83,176,,100
2020-09-05 02:00:00,49,213,65,309,,,49,,,152,142,,102
2020-09-05 03:00:00,37,213,32,301,,,48,,,147,65,,95
2020-09-05 04:00:00,14,213,356,165,,,44,,,54,298,,88
2020-09-05 05:00:00,70,215,33,104,10,,62,,,82,300,,107
2020-09-05 06:00:00,120,214,77,111,11,,115,,,153,16,,98
2020-09-05 07:00:00,109,213,360,107,11,,111,,,80,36,,98
2020-09-05 08:00:00,110,217,329,119,11,,85,,,96,342,,98
2020-09-05 09:00:00,76,217,346,35,,,40,,,82,46,28,94
2020-09-05 10:00:00,358,214,353,318,,,28,,,80,41,28,123
2020-09-05 11:00:00,17,201,40,342,,,42,,,75,61,28,124
2020-09-05 12:00:00,15,178,64,118,,,56,,,54,79,,113
2020-09-05 13:00:00,99,68,104,86,,,95,,,77,86,27,64
2020-09-05 14:00:00,112,51,98,109,10,,120,,,96,119,27,62
2020-09-05 15:00:00,54,51,57,112,11,,87,,,111,128,28,65
2020-09-05 16:00:00,71,65,70,93,10,,100,,,108,127,27,64
2020-09-05 17:00:00,85,165,81,125,10,,128,,,109,131,27,63
2020-09-05 18:00:00,69,190,79,98,10,,97,,,130,104,28,64
2020-09-05 19:00:00,100,189,67,94,,,100,,,106,76,28,65
2020-09-05 20:00:00,103,193,77,78,,,83,,,95,72,28,71
2020-09-05 21:00:00,79,197,123,85,,,89,,,100,246,,71
2020-09-05 22:00:00,57,202,146,109,,,81,,,163,261,,86
2020-09-05 23:00:00,75,208,216,138,11,,80,,,226,245,,89
2020-09-06 00:00:00,89,185,129,154,11,,81,,,239,239,,91
2020-09-06 01:00:00,73,73,125,148,11,,77,,,182,211,,76
2020-09-06 02:00:00,71,59,119,134,10,,64,,,200,242,,78
2020-09-06 03:00:00,40,53,164,140,11,,54,,,178,256,,74
2020-09-06 04:00:00,56,49,340,125,11,,38,,,182,302,,91
2020-09-06 05:00:00,25,51,333,315,11,,42,,,253,5,29,107
2020-09-06 06:00:00,77,51,360,272,,,49,,,212,60,29,98
2020-09-06 07:00:00,96,55,50,259,,,79,,,149,71,29,95
2020-09-06 08:00:00,67,58,35,81,,,77,,,94,283,,91
2020-09-06 09:00:00,56,57,56,140,,,105,,,182,269,,71
2020-09-06 10:00:00,46,58,48,156,,,62,,,228,21,,77
2020-09-06 11:00:00,73,64,86,101,,,78,,,159,51,,68
2020-09-06 12:00:00,82,65,106,95,,,80,,,84,41,,65
2020-09-06 13:00:00,56,65,77,119,,,78,,,63,14,30,64
2020-09-06 14:00:00,53,76,52,120,,,58,,,102,34,30,77
2020-09-06 15:00:00,42,122,24,109,,,44,,,66,3,30,79
2020-09-06 16:00:00,19,194,2,186,,,42,,,146,37,,80
2020-09-06 17:00:00,48,207,46,92,,,45,,,137,62,,77
2020-09-06 18:00:00,60,206,104,77,,,72,,,72,45,,63
2020-09-06 19:00:00,67,210,101,98,,,81,,,92,337,31,78
2020-09-06 20:00:00,74,212,166,141,,,82,,,156,283,32,86
2020-09-06 21:00:00,89,213,155,101,,,111,,,155,262,32,81
2020-09-06 22:00:00,96,212,156,113,,,120,,,190,249,32,89
2020-09-06 23:00:00,101,213,151,121,10,,125,,,210,249,33,78
2020-09-07 00:00:00,113,213,156,142,11,,164,,,196,221,33,70
2020-09-07 01:00:00,145,217,143,114,11,,277,,,192,177,33,87
2020-09-07 02:00:00,132,217,94,214,11,,345,,,172,140,,125
2020-09-07 03:00:00,60,218,68,240,,,48,,,118,87,31,130
2020-09-07 04:00:00,28,213,108,186,10,,40,,,104,178,32,142
2020-09-07 05:00:00,17,208,164,128,11,,70,,,127,215,32,123
2020-09-07 06:00:00,321,208,102,209,11,,25,,,205,101,29,226
2020-09-07 07:00:00,3,202,48,9,10,,48,,,118,52,28,136
2020-09-07 08:00:00,27,203,70,115,10,,41,,,60,63,32,102
2020-09-07 09:00:00,62,213,133,165,10,,63,,,67,114,31,100
2020-09-07 10:00:00,55,214,119,131,,,72,,,118,122,30,103
2020-09-07 11:00:00,59,205,138,116,11,,71,,,104,157,32,81
2020-09-07 12:00:00,12,200,133,112,11,,64,,,166,267,32,83
2020-09-07 13:00:00,356,201,140,87,11,,107,,,180,192,33,120
2020-09-07 14:00:00,101,199,134,100,,,114,,,167,210,34,121
2020-09-07 15:00:00,110,198,119,98,10,,128,,,146,158,34,95
2020-09-07 16:00:00,159,198,134,102,10,,135,,,148,150,34,85
2020-09-07 17:00:00,147,196,122,108,10,,142,,,125,156,,76
2020-09-07 18:00:00,139,198,143,110,11,,148,,,148,183,,83
2020-09-07 19:00:00,132,193,149,134,11,,174,,,202,254,,129
2020-09-07 20:00:00,117,192,137,122,10,,198,,,209,56,35,167
2020-09-07 21:00:00,113,193,95,57,11,,119,,,174,138,33,167
2020-09-07 22:00:00,190,194,70,139,11,,212,,,159,66,34,164
2020-09-07 23:00:00,186,190,103,129,11,,149,,,117,121,35,177
2020-09-08 00:00:00,80,185,139,107,10,,108,,,101,138,35,139
2020-09-08 01:00:00,360,182,136,108,11,,110,,,139,114,33,151
2020-09-08 02:00:00,54,182,118,114,11,,95,,,129,94,34,200
2020-09-08 03:00:00,27,180,117,137,11,,94,,,98,106,35,129
2020-09-08 04:00:00,23,178,120,141,,,81,,,87,96,36,161
2020-09-08 05:00:00,64,178,112,150,,,77,,,92,72,37,180
2020-09-08 06:00:00,87,177,94,166,10,,72,,,79,69,37,126
2020-09-08 07:00:00,105,170,114,148,10,,100,,,74,83,36,114
2020-09-08 08:00:00,79,170,116,139,11,,108,,,94,81,35,110
2020-09-08 09:00:00,81,176,133,140,10,,96,,,93,123,32,72
2020-09-08 10:00:00,62,178,145,132,10,,98,,,112,149,33,69
2020-09-08 11:00:00,65,182,115,161,10,,72,,,109,89,33,76
2020-09-08 12:00:00,74,185,68,177,11,,57,,,112,90,32,70
2020-09-08 13:00:00,92,188,71,99,10,,69,,,89,171,33,66
2020-09-08 14:00:00,71,189,116,60,10,,84,,,114,162,33,70
2020-09-08 15:00:00,120,188,129,88,10,,99,,,123,169,34,90
2020-09-08 16:00:00,112,195,157,120,,,130,,,158,226,33,113
2020-09-08 17:00:00,125,194,143,101,,,149,,,168,314,34,88
2020-09-08 18:00:00,134,190,133,109,,,132,,,206,272,34,80
2020-09-08 19:00:00,125,189,133,112,,,117,,,211,270,33,104
2020-09-08 20:00:00,134,189,143,107,,,128,,,160,183,33,105
2020-09-08 21:00:00,136,188,146,121,,,130,,,132,136,33,130
2020-09-08 22:00:00,21,185,120,125,11,,114,,,146,119,34,150
2020-09-08 23:00:00,45,185,124,103,11,,113,,,127,123,34,135
2020-09-09 00:00:00,76,183,133,102,10,,108,,,128,123,34,96
2020-09-09 01:00:00,55,183,118,91,10,,107,,,126,117,,81
2020-09-09 02:00:00,60,182,107,93,11,,105,,,117,120,,78
2020-09-09 03:00:00,60,182,102,89,11,,88,,,110,121,,70
2020-09-09 04:00:00,73,182,103,108,11,,97,,,98,122,,84
2020-09-09 05:00:00,83,,100,127,10,,96,,,99,122,33,104
2020-09-09 06:00:00,59,183,94,93,11,,91,,,110,56,34,102
2020-09-09 07:00:00,67,186,96,79,11,,82,,,109,55,35,96
2020-09-09 08:00:00,68,186,93,214,11,,70,,,67,53,35,95
2020-09-09 09:00:00,32,185,89,226,,,61,,,69,53,33,93
2020-09-09 10:00:00,83,186,82,274,10,,54,,,67,101,32,87
2020-09-09 11:00:00,47,189,53,180,10,,38,,,87,235,31,65
2020-09-09 12:00:00,12,187,34,204,11,,29,,,79,254,30,80
2020-09-09 13:00:00,62,189,62,60,11,,55,,,89,210,32,84
2020-09-09 14:00:00,25,191,132,8,10,,30,,,117,137,33,74
2020-09-09 15:00:00,345,190,159,296,11,,47,,,151,174,34,99
2020-09-09 16:00:00,352,190,147,127,11,,194,,,248,299,33,96
2020-09-09 17:00:00,255,191,43,232,11,,14,,,270,332,33,93
2020-09-09 18:00:00,52,,42,97,,,,,,281,324,33,88
2020-09-09 19:00:00,63,192,344,34,,,34,,,176,276,,106
2020-09-09 20:00:00,35,142,330,33,,,69,,,262,298,,96
2020-09-09 21:00:00,16,56,332,215,10,,39,,,267,323,,114
2020-09-09 22:00:00,58,51,353,311,11,,37,,,296,354,,113
2020-09-09 23:00:00,66,53,345,354,10,,33,,,258,318,,112
2020-09-10 00:00:00,90,52,335,148,10,,38,,,309,316,,99
2020-09-10 01:00:00,85,49,315,247,10,,38,,,312,311,,99
2020-09-10 02:00:00,84,53,300,200,,,48,,,305,315,30,94
2020-09-10 03:00:00,103,54,326,145,,,62,,,314,331,32,92
2020-09-10 04:00:00,104,59,346,189,,,41,,,315,331,32,94
2020-09-10 05:00:00,98,60,351,186,11,,34,,,314,329,31,96
2020-09-10 06:00:00,114,61,347,244,11,,35,,,315,327,31,98
2020-09-10 07:00:00,129,58,336,156,9,,57,,,318,326,32,79
2020-09-10 08:00:00,113,62,341,138,12,,54,,,314,329,33,70
2020-09-10 09:00:00,103,60,338,138,12,,54,,,322,329,34,79
2020-09-10 10:00:00,116,63,344,162,12,,52,,,331,334,34,76
2020-09-10 11:00:00,116,69,334,160,,,46,,,327,339,34,80
2020-09-10 12:00:00,88,86,341,175,,,35,,,323,342,33,84
2020-09-10 13:00:00,120,139,337,175,,,43,,,,340,33,73
2020-09-10 14:00:00,126,203,342,162,,,43,,,,344,33,74
2020-09-10 15:00:00,117,220,344,164,9,,62,,,,345,,90
2020-09-10 16:00:00,105,224,353,141,10,,76,,,,357,,87
2020-09-10 17:00:00,67,218,359,114,10,,54,,,,352,,88
2020-09-10 18:00:00,47,215,356,190,10,,41,,,,332,35,82
2020-09-10 19:00:00,51,214,348,211,11,,44,,,,321,33,100
2020-09-10 20:00:00,85,213,344,183,11,,43,,,,306,32,97
2020-09-10 21:00:00,73,203,338,237,10,,45,,,,295,34,91
2020-09-10 22:00:00,46,182,335,236,11,,42,,,,312,34,101
2020-09-10 23:00:00,91,181,328,188,11,,36,,,,324,34,102
2020-09-11 00:00:00,96,177,341,151,10,,41,,,,328,33,96
2020-09-11 01:00:00,109,176,328,157,10,,59,,,,327,33,95
2020-09-11 02:00:00,136,179,341,130,12,,54,,,,331,31,50
2020-09-11 03:00:00,112,182,337,308,12,,36,,,,338,32,134
2020-09-11 04:00:00,165,182,339,331,12,,45,,,,337,33,131
2020-09-11 05:00:00,144,184,335,324,,,49,,,,337,32,117
2020-09-11 06:00:00,106,191,324,78,,,42,,,,314,32,72
2020-09-11 07:00:00,68,190,326,118,,,41,,,,331,33,80
2020-09-11 08:00:00,56,188,342,99,,,37,,,,336,30,56
2020-09-11 09:00:00,34,190,327,303,,,34,,,,338,25,60
2020-09-11 10:00:00,64,206,335,272,,,39,,,,330,28,81
2020-09-11 11:00:00,105,217,331,139,,,37,,,,344,33,69
2020-09-11 12:00:00,118,220,336,128,,,33,,,,341,33,68
2020-09-11 13:00:00,121,220,335,126,,,43,,,,351,31,89
2020-09-11 14:00:00,44,221,340,193,10,,24,,,,337,32,101
2020-09-11 15:00:00,24,217,328,156,11,,341,,,,336,27,90
2020-09-11 16:00:00,108,216,330,163,11,,20,,,269,13,34,99
2020-09-11 17:00:00,134,201,24,147,11,,75,,,235,116,35,107
2020-09-11 18:00:00,157,196,19,100,,,89,,,89,157,33,121
2020-09-11 19:00:00,132,192,5,104,,,194,,,127,141,32,104
2020-09-11 20:00:00,110,190,5,161,,,55,,,132,155,32,108
2020-09-11 21:00:00,36,192,28,261,10,,48,,,146,156,33,96
2020-09-11 22:00:00,26,192,354,269,10,,40,,,152,156,33,89
2020-09-11 23:00:00,354,195,157,218,11,,28,,,180,148,33,98
2020-09-12 00:00:00,10,194,174,255,11,,35,,,161,152,,116
2020-09-12 01:00:00,74,196,355,258,10,,33,,,197,163,32,117
2020-09-12 02:00:00,71,194,350,256,9,,46,,,165,185,30,127
2020-09-12 03:00:00,41,194,325,246,9,,25,,,172,325,29,119
2020-09-12 04:00:00,290,193,357,278,9,,20,,,265,13,29,32
2020-09-12 05:00:00,264,193,316,272,11,,18,,,139,327,29,195
2020-09-12 06:00:00,278,194,314,275,11,,9,,,315,329,31,197
2020-09-12 07:00:00,326,196,316,300,11,,275,,,311,328,31,220
2020-09-12 08:00:00,13,196,319,253,10,,270,,,322,329,27,229
2020-09-12 09:00:00,10,192,324,120,10,,261,,,317,352,33,160
2020-09-12 10:00:00,77,191,317,42,10,,349,,,309,13,26,89
2020-09-12 11:00:00,52,192,337,253,11,,16,,,253,28,27,73
2020-09-12 12:00:00,72,191,7,135,10,,44,,,203,39,31,84
2020-09-12 13:00:00,92,188,72,118,11,,83,,,95,97,32,84
2020-09-12 14:00:00,94,188,134,118,11,,121,,,94,165,31,81
2020-09-12 15:00:00,102,192,142,121,11,,117,,,139,127,32,71
2020-09-12 16:00:00,98,190,147,107,,,108,,,149,136,31,72
2020-09-12 17:00:00,86,189,142,101,10,,106,,,176,138,31,70
2020-09-12 18:00:00,101,189,138,97,10,,123,,,172,144,32,76
2020-09-12 19:00:00,130,187,146,103,10,,134,,,184,158,32,84
2020-09-12 20:00:00,118,187,155,110,,,150,,,194,207,32,82
2020-09-12 21:00:00,121,190,175,107,,,224,,,214,295,31,91
2020-09-12 22:00:00,184,193,190,76,,,268,,,241,301,32,146
2020-09-12 23:00:00,267,194,328,293,9,,300,,,274,304,30,153
2020-09-13 00:00:00,220,195,339,260,10,,257,180,,262,302,24,130
2020-09-13 01:00:00,200,197,314,59,11,,243,180,,250,333,27,115
2020-09-13 02:00:00,280,196,284,295,11,,329,180,,291,297,25,167
2020-09-13 03:00:00,177,197,304,284,11,,342,,,272,326,25,172
2020-09-13 04:00:00,229,200,304,290,12,,234,,,250,331,30,243
2020-09-13 05:00:00,225,202,286,299,12,,266,,,293,321,29,244
2020-09-13 06:00:00,243,202,288,310,12,,260,,,291,319,28,222
2020-09-13 07:00:00,250,203,280,299,,,254,,,297,324,27,209
2020-09-13 08:00:00,239,212,296,306,,,255,,,305,316,24,251
2020-09-13 09:00:00,215,202,304,338,,,262,,,304,330,25,87
2020-09-13 10:00:00,31,196,290,161,11,,28,,,322,319,33,85
2020-09-13 11:00:00,53,196,293,241,10,,6,,,307,300,33,81
2020-09-13 12:00:00,86,196,3,148,11,,73,,,270,289,32,78
2020-09-13 13:00:00,80,194,352,294,11,,62,,,200,353,31,63
2020-09-13 14:00:00,17,195,347,38,10,,60,,,149,354,31,57
2020-09-13 15:00:00,61,197,38,54,10,,81,,,95,26,31,66
2020-09-13 16:00:00,109,196,36,61,10,,72,,,73,352,,73
2020-09-13 17:00:00,41,193,11,31,,,26,,,59,353,32,75
2020-09-13 18:00:00,360,193,322,60,,,352,,,72,335,32,127
2020-09-13 19:00:00,225,192,311,75,11,,36,,,87,302,32,142
2020-09-13 20:00:00,279,192,284,97,11,,234,,,232,281,,129
2020-09-13 21:00:00,231,191,270,84,10,,241,,,242,295,31,200
2020-09-13 22:00:00,254,192,327,85,9,,248,,,259,340,31,199
2020-09-13 23:00:00,332,191,2,69,11,,32,,,250,33,,187
2020-09-14 00:00:00,33,186,351,41,11,,52,,,98,33,31,76
2020-09-14 01:00:00,35,182,347,29,11,,47,,,85,308,31,94
2020-09-14 02:00:00,88,200,324,25,,,40,,,291,319,32,120
2020-09-14 03:00:00,144,206,329,152,9,,82,,,290,333,31,108
2020-09-14 04:00:00,62,209,355,40,10,,46,,,314,17,32,119
2020-09-14 05:00:00,37,187,346,35,11,,38,,,333,23,31,116
2020-09-14 06:00:00,174,173,328,107,10,,30,,,124,288,31,108
2020-09-14 07:00:00,185,174,273,114,9,,175,,,266,310,27,52
2020-09-14 08:00:00,245,187,276,97,10,,254,,,311,299,22,237
2020-09-14 09:00:00,141,204,314,336,12,,160,,,295,259,26,208
2020-09-14 10:00:00,38,217,322,147,12,,165,,,266,293,29,70
2020-09-14 11:00:00,48,218,330,297,11,,30,,,225,296,26,102
2020-09-14 12:00:00,284,210,328,261,11,,5,,,310,321,22,259
2020-09-14 13:00:00,245,201,333,283,12,,342,,,320,36,25,286
2020-09-14 14:00:00,210,198,330,290,11,,29,,,302,287,30,279
2020-09-14 15:00:00,238,195,249,138,10,,257,,,79,287,32,87
2020-09-14 16:00:00,206,214,264,108,10,,235,,,274,309,32,255
2020-09-14 17:00:00,46,186,296,98,11,,39,,,265,347,33,127
2020-09-14 18:00:00,153,166,323,248,11,,37,,,296,78,32,85
2020-09-14 19:00:00,85,155,314,290,11,,1,,,324,14,31,104
2020-09-14 20:00:00,216,154,319,272,,,346,,,314,317,28,108
2020-09-14 21:00:00,345,159,301,286,,,306,,,313,328,30,98
2020-09-14 22:00:00,164,170,299,301,,,246,,,318,344,30,117
2020-09-14 23:00:00,254,194,325,356,12,,359,,,312,326,24,112
2020-09-15 00:00:00,307,204,327,323,11,,13,,,309,328,29,107
2020-09-15 01:00:00,218,210,305,310,12,,278,,,329,328,29,71
2020-09-15 02:00:00,245,213,250,349,12,,234,,,318,337,31,156
2020-09-15 03:00:00,268,212,316,332,12,,248,,,242,350,28,216
2020-09-15 04:00:00,233,215,296,319,,,254,,,244,331,26,168
2020-09-15 05:00:00,167,215,311,342,,,251,,,318,329,27,209
2020-09-15 06:00:00,280,216,312,325,,,360,,,313,337,26,133
2020-09-15 07:00:00,,216,306,303,11,,359,,,234,255,26,228
2020-09-15 08:00:00,193,220,322,63,11,,270,,,289,267,22,177
2020-09-15 09:00:00,275,223,324,270,11,,175,,,305,299,21,219
2020-09-15 10:00:00,72,222,334,116,,,51,,,316,331,27,78
2020-09-15 11:00:00,341,220,325,272,9,,22,,,331,335,29,101
2020-09-15 12:00:00,302,225,296,251,10,,284,,,319,342,32,104
2020-09-15 13:00:00,247,228,322,232,11,,337,,,324,339,26,117
2020-09-15 14:00:00,288,219,316,285,12,,9,,,328,341,19,82
2020-09-15 15:00:00,332,204,311,312,12,,336,,,303,342,21,206
2020-09-15 16:00:00,308,202,310,288,12,,296,,,333,342,20,293
2020-09-15 17:00:00,227,199,308,289,,,313,,,329,43,21,232
2020-09-15 18:00:00,331,195,359,281,,,310,,,270,37,28,63
2020-09-15 19:00:00,49,185,270,52,9,,18,,,56,314,30,89
2020-09-15 20:00:00,220,178,236,110,10,,241,,,164,270,32,108
2020-09-15 21:00:00,193,195,237,118,10,,236,,,246,272,29,239
2020-09-15 22:00:00,233,208,263,277,10,,243,,,253,291,32,255
2020-09-15 23:00:00,168,215,282,328,11,,235,,,249,47,32,309
2020-09-16 00:00:00,223,221,300,319,,,251,,,198,30,30,241
2020-09-16 01:00:00,287,222,302,317,11,,256,,,66,332,31,195
2020-09-16 02:00:00,235,223,312,332,12,,277,,,289,290,31,218
2020-09-16 03:00:00,272,222,310,319,12,,30,,,283,305,31,279
2020-09-16 04:00:00,254,220,307,319,12,,9,,,318,340,,208
2020-09-16 05:00:00,328,223,310,327,,,267,,,326,345,28,183
2020-09-16 06:00:00,295,224,321,324,,,262,,,327,7,30,170
2020-09-16 07:00:00,347,224,321,317,,,291,,,336,357,30,204
2020-09-16 08:00:00,273,226,320,310,,,270,,,321,345,25,166
2020-09-16 09:00:00,317,231,314,312,,,268,,,303,335,22,207
2020-09-16 10:00:00,242,235,339,265,11,,28,,,294,17,26,72
2020-09-16 11:00:00,58,212,3,138,11,,46,,,218,2,32,88
2020-09-16 12:00:00,31,203,6,57,11,,38,,,140,80,33,83
2020-09-16 13:00:00,79,201,33,72,,,47,,,68,74,32,71
2020-09-16 14:00:00,100,202,6,56,10,,71,,,113,8,32,75
2020-09-16 15:00:00,55,201,70,82,10,,71,,,114,39,32,79
2020-09-16 16:00:00,103,196,79,71,11,,91,,,66,39,,84
2020-09-16 17:00:00,94,194,49,80,10,,102,,,56,45,,78
2020-09-16 18:00:00,99,193,47,73,10,,101,,,78,52,30,76
2020-09-16 19:00:00,147,191,81,61,10,,93,,,101,59,32,108
2020-09-16 20:00:00,119,188,111,67,11,,131,,,78,68,28,26
2020-09-16 21:00:00,17,192,113,165,11,,146,,,99,89,32,168
2020-09-16 22:00:00,316,172,158,155,10,,260,,,114,164,32,103
2020-09-16 23:00:00,115,188,145,294,10,,191,,,197,167,29,65
2020-09-17 00:00:00,56,189,142,152,10,,256,,,171,181,31,123
2020-09-17 01:00:00,225,128,167,111,11,,245,,,164,263,31,110
2020-09-17 02:00:00,220,124,242,111,11,,253,,,216,320,31,236
2020-09-17 03:00:00,210,140,278,134,10,,262,,,287,357,29,205
2020-09-17 04:00:00,252,162,310,53,11,,262,,,321,314,31,124
2020-09-17 05:00:00,221,186,353,138,10,,219,,,294,355,27,265
2020-09-17 06:00:00,177,192,336,219,11,,293,,,314,311,24,187
2020-09-17 07:00:00,266,198,314,312,11,,293,,,325,345,30,132
2020-09-17 08:00:00,237,202,307,296,12,,360,,,328,13,28,242
2020-09-17 09:00:00,262,211,325,312,12,,260,,,330,16,24,161
2020-09-17 10:00:00,22,212,349,256,11,,37,,,217,29,31,117
2020-09-17 11:00:00,13,184,347,24,10,,30,,,105,17,31,86
2020-09-17 12:00:00,328,185,341,324,10,,16,,,155,335,30,113
2020-09-17 13:00:00,215,159,,178,11,,222,,,306,305,29,94
2020-09-17 14:00:00,225,217,,112,11,,224,,,313,307,30,287
2020-09-17 15:00:00,54,202,,211,10,,30,,,306,321,31,168
2020-09-17 16:00:00,29,205,,26,10,,17,,,319,3,32,94
2020-09-17 17:00:00,10,199,,27,11,,36,,,301,10,32,84
2020-09-17 18:00:00,240,193,,337,11,,12,,,115,353,31,112
2020-09-17 19:00:00,262,191,,53,11,,335,,,212,323,30,62
2020-09-17 20:00:00,13,139,,36,12,,45,,,326,45,32,91
2020-09-17 21:00:00,130,182,,,11,,63,,,285,302,32,106
2020-09-17 22:00:00,224,206,,,11,,36,,,158,281,30,105
2020-09-17 23:00:00,208,211,,,10,,224,,,293,333,31,72
2020-09-18 00:00:00,235,214,,,12,,273,,,320,336,30,270
2020-09-18 01:00:00,233,215,,,12,,275,,,309,349,30,271
2020-09-18 02:00:00,291,215,,,12,,,,,184,354,30,257
2020-09-18 03:00:00,234,217,,,,,36,,,35,3,26,108
2020-09-18 04:00:00,123,219,,,10,,25,,,223,301,32,99
2020-09-18 05:00:00,183,221,,,11,,263,,,284,321,32,241
2020-09-18 06:00:00,226,221,,,12,,286,,,300,313,29,237
2020-09-18 07:00:00,276,221,,,11,,4,,,313,329,27,251
2020-09-18 08:00:00,343,218,,,11,,15,,,319,335,24,236
2020-09-18 09:00:00,26,209,,,11,,27,,,334,335,26,191
2020-09-18 10:00:00,337,211,,,12,,14,,,334,338,27,138
2020-09-18 11:00:00,305,207,,,12,,18,,,326,334,28,260
2020-09-18 12:00:00,336,205,,,12,,15,,,328,318,24,248
2020-09-18 13:00:00,243,201,,,,,304,,,322,333,25,150
2020-09-18 14:00:00,242,199,,301,11,,301,,,325,334,23,282
2020-09-18 15:00:00,238,196,,295,10,,325,,,327,328,24,329
2020-09-18 16:00:00,217,199,,290,10,,324,,,324,331,22,322
2020-09-18 17:00:00,227,196,,92,12,,300,,,318,331,30,136
2020-09-18 18:00:00,25,194,,44,12,,35,,,322,330,29,132
2020-09-18 19:00:00,21,198,,50,12,,32,,,329,45,32,115
2020-09-18 20:00:00,237,168,,72,,,63,,,315,72,33,70
2020-09-18 21:00:00,97,164,,278,11,,21,,,59,295,33,93
2020-09-18 22:00:00,225,200,,108,10,,248,,,252,272,31,186
2020-09-18 23:00:00,230,207,,177,9,,256,,,263,220,27,301
2020-09-19 00:00:00,258,214,,305,12,,259,,,246,201,29,285
2020-09-19 01:00:00,229,217,,312,11,,276,,,205,255,31,254
2020-09-19 02:00:00,235,217,,321,12,,265,,,204,3,26,249
2020-09-19 03:00:00,336,176,,283,11,,332,,,52,351,31,132
2020-09-19 04:00:00,235,151,,100,11,,262,,,300,343,25,282
2020-09-19 05:00:00,239,147,,310,10,,281,,,323,340,30,290
2020-09-19 06:00:00,229,147,,318,12,,251,,,316,357,30,208
2020-09-19 07:00:00,258,156,,312,11,,354,,,318,348,25,198
2020-09-19 08:00:00,359,189,,296,11,,37,,,320,336,28,140
2020-09-19 09:00:00,48,202,,269,9,,31,,,312,339,33,104
2020-09-19 10:00:00,87,198,,200,11,,28,,,316,358,34,108
2020-09-19 11:00:00,112,164,,10,11,,34,,,320,352,33,122
2020-09-19 12:00:00,181,143,,160,11,,48,,,264,349,33,112
2020-09-19 13:00:00,27,174,,59,10,,26,,,244,352,32,102
2020-09-19 14:00:00,24,187,,8,10,,44,,,269,2,33,77
2020-09-19 15:00:00,45,191,,16,10,,39,,,196,350,32,53
2020-09-19 16:00:00,13,194,,329,11,,33,,,197,342,30,43
2020-09-19 17:00:00,14,192,,22,10,,48,,,88,348,31,327
2020-09-19 18:00:00,24,191,,14,9,,35,,,212,324,28,71
2020-09-19 19:00:00,95,191,,84,9,,48,,,323,312,35,137
2020-09-19 20:00:00,53,189,,77,10,,59,,,316,17,33,108
2020-09-19 21:00:00,36,189,,125,9,,51,,,318,332,34,92
2020-09-19 22:00:00,33,189,,72,9,,31,,,294,309,35,110
2020-09-19 23:00:00,125,,,51,10,,38,,,255,346,35,118
2020-09-20 00:00:00,195,188,,39,10,,26,,,153,330,33,113
2020-09-20 01:00:00,350,190,,304,9,,24,,,178,336,28,120
2020-09-20 02:00:00,248,192,,300,12,,13,,,288,330,32,110
2020-09-20 03:00:00,242,191,,315,11,,25,,,308,352,29,200
2020-09-20 04:00:00,184,190,,324,12,,316,,,328,312,23,239
2020-09-20 05:00:00,232,190,,319,11,,272,,,308,354,28,240
2020-09-20 06:00:00,259,189,,319,12,,284,,,325,5,26,258
2020-09-20 07:00:00,238,191,,307,11,,27,,,321,8,23,222
2020-09-20 08:00:00,185,189,,299,11,,24,,,313,356,24,55
2020-09-20 09:00:00,63,187,,238,10,,37,,,316,298,30,71
2020-09-20 10:00:00,33,188,,38,11,,25,,,321,323,25,166
2020-09-20 11:00:00,343,188,,322,11,,302,,,321,338,26,202
2020-09-20 12:00:00,336,191,,355,11,,4,,,304,342,22,296
2020-09-20 13:00:00,31,193,,338,,,38,,,302,349,26,62
2020-09-20 14:00:00,12,195,,345,10,,33,,,296,353,29,72
2020-09-20 15:00:00,24,197,,18,10,,36,,,132,359,31,67
2020-09-20 16:00:00,17,196,,35,10,,44,,,100,7,33,40
2020-09-20 17:00:00,17,194,,51,,,52,,,84,4,33,48
2020-09-20 18:00:00,23,193,,45,,,40,,,126,337,34,52
2020-09-20 19:00:00,23,190,,44,,,35,,,130,321,35,81
2020-09-20 20:00:00,44,191,,41,,,35,,,299,265,35,91
2020-09-20 21:00:00,69,191,,38,,,31,,,311,291,35,109
2020-09-20 22:00:00,130,192,,36,7,,39,,,314,330,,110
2020-09-20 23:00:00,202,193,,59,9,,169,,,308,311,28,99
2020-09-21 00:00:00,244,193,,111,11,,255,,,318,304,32,130
2020-09-21 01:00:00,254,193,,323,12,,248,,,313,318,27,248
2020-09-21 02:00:00,232,,,325,11,,269,,,328,297,25,252
2020-09-21 03:00:00,251,195,,333,12,,255,,,305,320,24,249
2020-09-21 04:00:00,227,196,,319,12,,278,,,315,328,29,265
2020-09-21 05:00:00,254,196,,322,12,,305,,,320,340,25,265
2020-09-21 06:00:00,302,195,,303,,,254,,,260,328,31,270
2020-09-21 07:00:00,279,194,,316,,,196,,,333,328,34,280
2020-09-21 08:00:00,308,192,,316,,,177,,,327,327,31,273
2020-09-21 09:00:00,11,187,,319,11,,52,,,333,328,27,280
2020-09-21 10:00:00,43,187,,302,12,,38,,,317,338,24,241
2020-09-21 11:00:00,16,188,339,293,12,,36,,,306,344,22,276
2020-09-21 12:00:00,328,190,333,324,12,,24,,,225,,23,277
2020-09-21 13:00:00,348,193,338,333,,,32,,,302,345,21,275
2020-09-21 14:00:00,359,194,346,282,,,31,,,245,348,22,280
2020-09-21 15:00:00,20,197,352,11,11,,34,,,162,353,22,284
2020-09-21 16:00:00,18,197,359,346,12,,38,,,157,353,22,277
2020-09-21 17:00:00,358,199,358,323,12,,38,,,130,356,21,270
2020-09-21 18:00:00,28,200,2,22,12,,40,,,129,350,23,116
2020-09-21 19:00:00,52,198,4,22,11,,32,,,151,293,30,111
2020-09-21 20:00:00,82,197,331,79,11,,35,,,208,294,35,109
2020-09-21 21:00:00,134,197,260,172,8,,48,,,313,302,34,108
2020-09-21 22:00:00,211,196,301,195,11,,173,,,280,297,31,154
2020-09-21 23:00:00,227,195,337,318,11,,210,,,262,296,31,233
2020-09-22 00:00:00,229,195,334,319,12,,252,,,256,310,29,251
2020-09-22 01:00:00,241,195,282,291,11,,49,,,273,297,25,243
2020-09-22 02:00:00,235,196,266,317,12,,257,,,298,286,27,249
2020-09-22 03:00:00,235,196,303,314,12,,235,,,264,348,29,265
2020-09-22 04:00:00,220,197,307,304,12,,269,,,268,323,29,285
2020-09-22 05:00:00,248,197,317,281,10,,254,,,295,346,31,274
2020-09-22 06:00:00,241,197,289,296,11,,275,,,293,298,31,246
2020-09-22 07:00:00,268,198,273,295,11,,256,,,288,288,32,267
2020-09-22 08:00:00,228,196,289,301,11,,258,,,274,308,26,261
2020-09-22 09:00:00,264,196,279,308,12,,288,,,299,337,22,273
2020-09-22 10:00:00,324,197,304,308,11,,279,,,314,330,28,269
2020-09-22 11:00:00,48,197,310,296,11,,296,,,314,322,32,52
2020-09-22 12:00:00,141,196,310,294,12,,299,,,286,300,27,163
2020-09-22 13:00:00,129,198,309,353,12,,349,,,303,319,22,165
2020-09-22 14:00:00,8,199,324,354,12,,34,,,284,335,21,115
2020-09-22 15:00:00,6,203,351,345,,,25,,,225,353,21,300
2020-09-22 16:00:00,353,204,4,16,11,,30,,,215,351,21,278
2020-09-22 17:00:00,43,203,2,34,11,,44,,,112,7,20,99
2020-09-22 18:00:00,59,198,21,40,11,,42,,,97,46,31,75
2020-09-22 19:00:00,83,194,12,48,10,,65,,,35,133,34,84
2020-09-22 20:00:00,122,201,6,48,10,,37,,,135,118,33,100
2020-09-22 21:00:00,21,194,355,360,11,,41,,,116,198,32,121
2020-09-22 22:00:00,251,193,278,322,10,,353,,,165,277,30,143
2020-09-22 23:00:00,234,193,277,297,11,,235,,,246,290,30,265
2020-09-23 00:00:00,233,193,295,315,11,,256,,,258,321,30,257
2020-09-23 01:00:00,226,,276,320,12,,247,,,280,324,26,209
2020-09-23 02:00:00,227,,348,322,11,,250,,,290,306,27,175
2020-09-23 03:00:00,226,192,314,315,11,,317,,,252,308,28,171
2020-09-23 04:00:00,229,194,286,315,11,,242,,,303,321,29,255
2020-09-23 05:00:00,261,194,315,323,,,269,,,307,332,28,265
2020-09-23 06:00:00,244,194,289,308,,,259,,,316,308,23,254
2020-09-23 07:00:00,225,,296,313,12,,255,,,314,343,26,260
2020-09-23 08:00:00,226,193,295,309,11,,283,,,315,351,23,266
2020-09-23 09:00:00,220,194,300,316,11,,287,,,333,355,26,277
2020-09-23 10:00:00,245,194,307,338,12,,266,,,321,358,29,287
2020-09-23 11:00:00,26,194,308,324,12,,40,,,241,11,29,300
2020-09-23 12:00:00,23,,322,12,12,,33,,,88,53,27,60
2020-09-23 13:00:00,331,171,348,277,,,15,,,214,31,26,76
2020-09-23 14:00:00,44,146,14,262,11,,61,,,130,36,26,85
2020-09-23 15:00:00,88,198,35,58,12,,66,,,120,150,32,103
2020-09-23 16:00:00,106,200,20,83,11,,76,,,138,157,32,81
2020-09-23 17:00:00,99,198,62,96,10,,107,,,139,143,31,78
2020-09-23 18:00:00,106,197,138,93,10,,127,,,153,139,32,69
2020-09-23 19:00:00,129,195,136,103,10,,133,,,155,130,32,94
2020-09-23 20:00:00,159,193,,113,,,183,,,148,161,32,75
2020-09-23 21:00:00,124,194,140,115,11,,166,,,193,290,,96
2020-09-23 22:00:00,107,194,134,111,11,,156,,,215,301,27,173
2020-09-23 23:00:00,117,195,107,119,10,,264,,,163,85,25,221
2020-09-24 00:00:00,211,191,122,272,8,,5,,,128,285,24,248
2020-09-24 01:00:00,227,191,109,238,10,,59,,,202,292,23,229
2020-09-24 02:00:00,233,190,352,311,10,,69,,,239,333,24,235
2020-09-24 03:00:00,234,191,349,308,12,,41,,,198,330,22,266
2020-09-24 04:00:00,225,193,332,314,11,,41,,,288,36,29,205
2020-09-24 05:00:00,237,194,329,308,12,,42,,,183,350,26,214
2020-09-24 06:00:00,232,195,287,314,12,,2,,,213,321,24,234
2020-09-24 07:00:00,243,195,331,315,11,,282,,,294,309,25,246
2020-09-24 08:00:00,238,195,324,332,10,,3,,,311,285,20,268
2020-09-24 09:00:00,244,189,354,327,11,,273,,,147,228,25,268
2020-09-24 10:00:00,319,187,52,338,10,,57,,,148,169,27,263
2020-09-24 11:00:00,70,188,52,116,10,,64,,,112,161,29,65
2020-09-24 12:00:00,96,190,77,121,10,,76,,,112,112,32,81
2020-09-24 13:00:00,75,190,132,95,,,92,,,112,138,31,70
2020-09-24 14:00:00,69,193,131,100,,,103,,,131,152,31,57
2020-09-24 15:00:00,79,195,127,98,,,99,,,135,152,30,42
2020-09-24 16:00:00,83,197,116,107,,,122,,,132,150,30,58
2020-09-24 17:00:00,105,195,131,98,,,118,,,122,145,31,71
2020-09-24 18:00:00,147,194,126,99,,,120,,,132,122,31,94
2020-09-24 19:00:00,145,191,119,100,,,130,,,116,101,32,81
2020-09-24 20:00:00,131,191,98,96,,,118,,,108,89,32,75
2020-09-24 21:00:00,139,189,119,96,11,,125,,,157,222,32,83
2020-09-24 22:00:00,134,187,138,86,11,,106,,,182,186,,129
2020-09-24 23:00:00,130,188,135,91,11,,111,,,182,149,31,137
2020-09-25 00:00:00,81,184,135,100,10,,117,,,146,158,32,106
2020-09-25 01:00:00,101,187,137,97,10,,104,,,129,154,31,82
2020-09-25 02:00:00,54,188,119,117,11,,91,,,119,91,29,157
2020-09-25 03:00:00,45,187,87,147,10,,88,,,131,31,32,160
2020-09-25 04:00:00,106,189,114,144,8,,77,,,64,56,30,253
2020-09-25 05:00:00,99,188,125,283,8,,65,,,70,65,31,227
2020-09-25 06:00:00,109,185,102,272,9,,64,,,89,60,30,261
2020-09-25 07:00:00,26,190,130,290,9,,41,,,131,87,28,259
2020-09-25 08:00:00,8,189,63,298,9,,66,,,103,55,27,271
2020-09-25 09:00:00,41,185,103,250,10,,88,,,101,51,29,358
2020-09-25 10:00:00,338,183,104,94,11,,91,,,135,108,32,74
2020-09-25 11:00:00,71,182,87,128,11,,60,,,144,171,31,77
2020-09-25 12:00:00,69,184,97,135,10,,73,,,151,136,31,66
2020-09-25 13:00:00,84,186,98,92,10,,69,,,136,,31,63
2020-09-25 14:00:00,96,189,130,86,10,,78,,,133,154,,65
2020-09-25 15:00:00,78,193,124,98,,,86,,,104,138,,59
2020-09-25 16:00:00,61,195,115,78,,,96,,,124,140,30,70
2020-09-25 17:00:00,69,194,118,97,,,105,,,122,159,31,65
2020-09-25 18:00:00,86,191,125,98,,,103,,,125,124,30,65
2020-09-25 19:00:00,142,189,132,96,,,131,,,154,120,31,75
2020-09-25 20:00:00,135,190,138,94,,,123,,,135,98,32,70
2020-09-25 21:00:00,131,190,146,96,,,139,,,179,230,32,113
2020-09-25 22:00:00,117,190,142,100,,,149,,,195,308,32,175
2020-09-25 23:00:00,193,191,93,159,9,,272,,,233,293,,169
2020-09-26 00:00:00,239,192,135,300,9,,241,,,171,310,29,149
2020-09-26 01:00:00,231,194,73,287,9,,333,,,115,115,27,255
2020-09-26 02:00:00,236,195,71,299,10,,49,,,74,34,26,252
2020-09-26 03:00:00,270,195,99,299,11,,38,,,115,336,30,241
2020-09-26 04:00:00,243,195,70,308,11,,18,,,257,11,27,59
2020-09-26 05:00:00,271,192,70,294,10,,15,,,85,51,28,239
2020-09-26 06:00:00,293,192,82,299,11,,29,,,75,87,26,254
2020-09-26 07:00:00,274,194,101,303,11,,39,,,104,56,25,228
2020-09-26 08:00:00,240,198,67,318,9,,26,,,108,343,22,260
2020-09-26 09:00:00,3,201,216,297,10,,27,,,153,344,21,295
2020-09-26 10:00:00,350,196,223,297,10,,357,,,287,328,27,84
2020-09-26 11:00:00,32,190,115,280,10,,34,,,213,146,30,78
2020-09-26 12:00:00,27,187,113,208,,,64,,,134,141,30,76
2020-09-26 13:00:00,69,187,137,151,,,68,,,91,162,30,74
2020-09-26 14:00:00,82,190,140,120,,,87,,,125,154,29,74
2020-09-26 15:00:00,68,192,137,95,,,93,,,145,171,28,61
2020-09-26 16:00:00,64,194,139,88,,,92,,,143,147,28,61
2020-09-26 17:00:00,89,192,143,87,,,112,,,148,161,28,57
2020-09-26 18:00:00,148,191,145,95,,,127,,,148,165,,65
2020-09-26 19:00:00,151,190,149,93,,,131,,,166,170,29,86
2020-09-26 20:00:00,140,190,131,105,,,233,,,197,266,28,125
2020-09-26 21:00:00,145,191,119,93,9,,252,,,195,236,25,156
2020-09-26 22:00:00,226,193,110,286,9,,220,,,96,297,22,213
2020-09-26 23:00:00,212,195,102,30,9,,81,,,178,163,23,216
2020-09-27 00:00:00,252,193,110,268,,,58,,,136,125,22,214
2020-09-27 01:00:00,247,195,112,298,10,,36,,,69,82,23,238
2020-09-27 02:00:00,260,193,132,308,11,,53,,,100,109,27,220
2020-09-27 03:00:00,355,188,107,291,11,,36,,,118,14,24,227
2020-09-27 04:00:00,318,191,140,290,11,,31,,,65,36,26,180
2020-09-27 05:00:00,307,194,82,312,,,348,,,101,24,25,242
2020-09-27 06:00:00,319,199,186,303,,,10,,,115,,25,234
2020-09-27 07:00:00,297,202,296,277,,,11,,,42,348,24,208
2020-09-27 08:00:00,230,211,283,284,,,328,,,26,348,23,245
2020-09-27 09:00:00,246,204,308,287,,,293,,,170,352,21,247
2020-09-27 10:00:00,72,196,280,277,,,61,,,252,311,28,227
2020-09-27 11:00:00,66,192,288,259,,,87,,,283,270,25,152
2020-09-27 12:00:00,116,190,169,137,12,,71,,,224,202,25,63
2020-09-27 13:00:00,105,192,132,122,11,,78,,,152,159,29,73
2020-09-27 14:00:00,88,194,123,121,10,,96,,,140,155,29,75
2020-09-27 15:00:00,90,200,137,121,10,,96,,,161,152,29,72
2020-09-27 16:00:00,81,202,141,119,10,,106,,,151,139,30,74
2020-09-27 17:00:00,75,200,139,101,,,110,,,139,120,29,70
2020-09-27 18:00:00,101,197,133,108,,,117,,,134,125,29,68
2020-09-27 19:00:00,96,195,107,100,,,114,,,132,84,29,85
2020-09-27 20:00:00,83,194,129,106,,,112,,,127,118,,114
2020-09-27 21:00:00,67,194,129,44,9,,59,,,218,243,27,172
2020-09-27 22:00:00,185,194,102,271,8,,56,,,187,223,22,178
2020-09-27 23:00:00,253,,172,296,9,,64,,,127,312,27,220
2020-09-28 00:00:00,226,196,127,298,9,,204,,,251,29,25,230
2020-09-28 01:00:00,247,196,62,302,11,,10,,,168,64,26,207
2020-09-28 02:00:00,254,197,106,303,11,,21,,,137,18,23,221
2020-09-28 03:00:00,247,198,151,300,11,,6,,,162,4,24,206
2020-09-28 04:00:00,243,199,287,317,10,,290,,,183,3,25,219
2020-09-28 05:00:00,247,198,293,308,11,,301,,,171,352,28,211
2020-09-28 06:00:00,237,202,305,314,11,,261,,,105,348,25,266
2020-09-28 07:00:00,242,206,294,318,11,,253,,,131,6,24,198
2020-09-28 08:00:00,228,209,315,317,,,308,,,151,327,24,227
2020-09-28 09:00:00,14,203,332,336,,,31,,,185,332,25,133
2020-09-28 10:00:00,56,195,168,17,,,35,,,282,343,28,86
2020-09-28 11:00:00,38,193,256,29,,,41,,,332,339,30,99
2020-09-28 12:00:00,25,193,299,29,,,41,,,327,338,30,104
2020-09-28 13:00:00,60,192,267,59,,,26,,,337,335,29,94
2020-09-28 14:00:00,60,192,309,51,,,31,,,330,335,29,81
2020-09-28 15:00:00,58,193,338,29,,,32,,,325,343,28,90
2020-09-28 16:00:00,31,192,321,34,10,,33,,,326,339,28,110
2020-09-28 17:00:00,34,193,333,43,10,,40,,,292,337,30,86
2020-09-28 18:00:00,,195,332,37,10,,35,,,133,335,30,86
2020-09-28 19:00:00,,195,336,32,,,27,,,303,333,29,98
2020-09-28 20:00:00,,197,336,22,11,,49,,,330,327,29,109
2020-09-28 21:00:00,,197,334,23,11,,59,,,324,314,29,87
2020-09-28 22:00:00,,198,327,46,8,,135,,,319,308,,96
2020-09-28 23:00:00,,199,315,108,11,,104,,,317,309,,97
2020-09-29 00:00:00,,199,316,10,10,,18,,,318,325,30,95
2020-09-29 01:00:00,,199,308,5,10,,47,,,318,329,29,94
2020-09-29 02:00:00,,,259,23,10,,57,,,319,342,29,102
2020-09-29 03:00:00,,198,333,38,,,44,,,273,29,29,89
2020-09-29 04:00:00,,198,342,47,,,28,,,309,,,72
2020-09-29 05:00:00,,199,335,57,,,35,,,192,295,,83
2020-09-29 06:00:00,,198,340,42,,,37,,,274,325,30,89
2020-09-29 07:00:00,,199,316,43,,,35,,,259,347,30,91
2020-09-29 08:00:00,,199,314,12,,,38,,,304,343,30,89
2020-09-29 09:00:00,358,200,210,33,11,,34,,,310,26,29,66
2020-09-29 10:00:00,10,200,135,31,10,,40,,,186,,30,46
2020-09-29 11:00:00,30,201,224,62,10,,65,,,112,263,30,46
2020-09-29 12:00:00,52,201,277,60,,,65,,,227,281,30,49
2020-09-29 13:00:00,17,201,221,55,10,,60,,,227,31,,50
2020-09-29 14:00:00,53,,191,65,10,,68,,,90,73,29,47
2020-09-29 15:00:00,55,202,160,45,11,,65,,,131,94,30,44
2020-09-29 16:00:00,29,203,205,57,10,,40,,,193,326,30,61
2020-09-29 17:00:00,38,203,94,57,10,,64,,,230,136,29,50
2020-09-29 18:00:00,65,199,149,76,10,,88,,,108,150,30,73
2020-09-29 19:00:00,89,198,129,64,,,78,,,89,130,30,108
2020-09-29 20:00:00,136,198,117,50,9,,95,,,142,175,30,120
2020-09-29 21:00:00,136,200,161,94,10,,148,,,197,287,29,133
2020-09-29 22:00:00,106,199,166,116,9,,216,,,214,282,29,152
2020-09-29 23:00:00,215,198,167,83,10,,220,,,238,295,25,190
2020-09-30 00:00:00,219,197,226,297,11,,209,,,242,300,25,260
2020-09-30 01:00:00,228,197,336,311,11,,230,,,239,360,20,246
2020-09-30 02:00:00,228,197,315,313,11,,235,,,203,313,26,247
2020-09-30 03:00:00,230,,307,306,,,245,,,294,330,25,231
2020-09-30 04:00:00,230,198,311,281,,,256,,,271,298,22,236
2020-09-30 05:00:00,254,197,324,311,,,257,,,238,336,26,240
2020-09-30 06:00:00,227,197,317,309,,,254,,,294,297,23,241
2020-09-30 07:00:00,245,197,316,316,,,255,,,281,301,25,242
2020-09-30 08:00:00,232,196,306,312,,,264,,,238,302,21,235
2020-09-30 09:00:00,47,197,282,313,,,285,,,275,336,22,260
2020-09-30 10:00:00,76,197,128,126,10,,50,,,206,59,25,103
2020-09-30 11:00:00,71,198,123,124,10,,79,,,122,156,28,70
2020-09-30 12:00:00,68,199,126,107,11,,99,,,151,149,28,61
2020-09-30 13:00:00,72,201,141,98,10,,104,,,144,,29,51
2020-09-30 14:00:00,81,202,135,98,10,,121,,,129,139,28,54
2020-09-30 15:00:00,69,205,137,90,10,,107,,,117,135,27,51
2020-09-30 16:00:00,97,207,135,86,,,127,,,145,124,28,53
2020-09-30 17:00:00,105,205,118,97,,,102,,,125,120,28,82
2020-09-30 18:00:00,87,202,113,95,,,112,,,109,96,29,100
2020-09-30 19:00:00,101,201,99,88,,,115,,,106,105,29,106
2020-09-30 20:00:00,110,201,137,93,,,126,,,104,78,28,110
2020-09-30 21:00:00,120,201,148,112,,,146,,,202,283,28,143
2020-09-30 22:00:00,89,,139,109,9,,157,,,223,302,28,169
2020-09-30 23:00:00,356,,135,234,10,,235,,,229,304,21,216
2020-10-01 00:00:00,,,,,,,,,,,,,
2020-10-01 01:00:00,253,200,74,282,11,,36,,,102,346,21,215
2020-10-01 02:00:00,248,200,275,306,10,,50,,,144,342,23,236
2020-10-01 03:00:00,226,201,280,281,11,,292,,,207,343,26,225
2020-10-01 04:00:00,244,202,306,317,11,,38,,,242,355,24,213
2020-10-01 05:00:00,270,199,321,301,10,,,,,310,325,22,234
2020-10-01 06:00:00,271,204,324,312,11,,270,,,308,345,27,246
2020-10-01 07:00:00,254,201,315,311,11,,17,,,279,316,24,238
2020-10-01 08:00:00,225,199,309,301,11,,8,,,307,324,20,225
2020-10-01 09:00:00,23,199,306,310,9,,276,,,313,347,25,212
2020-10-01 10:00:00,33,200,198,331,11,,49,,,212,13,28,83
2020-10-01 11:00:00,37,200,169,173,10,,58,,,205,144,28,84
2020-10-01 12:00:00,81,200,112,112,10,,65,,,120,160,29,60
2020-10-01 13:00:00,74,202,130,101,10,,100,,,102,165,28,61
2020-10-01 14:00:00,72,203,102,100,,,103,,,159,168,26,51
2020-10-01 15:00:00,73,207,98,88,,,120,,,110,108,26,54
2020-10-01 16:00:00,92,208,102,104,,,116,,,123,94,26,67
2020-10-01 17:00:00,99,207,105,100,,,111,,,107,126,28,82
2020-10-01 18:00:00,93,203,125,102,,,126,,,114,114,28,86
2020-10-01 19:00:00,117,202,136,100,,,127,,,116,113,29,97
2020-10-01 20:00:00,145,201,116,105,,,131,,,119,100,29,105
2020-10-01 21:00:00,135,201,103,93,9,,99,,,189,289,28,97
2020-10-01 22:00:00,80,200,150,93,10,,101,,,135,280,28,92
2020-10-01 23:00:00,,199,150,97,10,,102,,,194,287,29,97
2020-10-02 00:00:00,173,199,159,106,10,,114,,,213,284,29,105
2020-10-02 01:00:00,135,198,157,113,,,118,,,213,309,29,123
2020-10-02 02:00:00,99,199,135,110,11,,112,,,176,124,28,154
2020-10-02 03:00:00,38,197,72,123,10,,66,,,120,224,29,148
2020-10-02 04:00:00,354,197,238,251,10,,43,,,223,357,27,153
2020-10-02 05:00:00,35,198,311,267,10,,31,,,54,349,24,242
2020-10-02 06:00:00,29,200,313,343,,,29,,,222,330,22,263
2020-10-02 07:00:00,214,201,324,299,11,,25,,,313,322,22,244
2020-10-02 08:00:00,240,200,314,339,11,,15,,,311,325,18,248
2020-10-02 09:00:00,184,197,303,358,11,,326,,,320,349,21,268
2020-10-02 10:00:00,56,197,250,98,,,44,,,312,14,27,103
2020-10-02 11:00:00,79,198,100,104,,,82,,,176,109,28,63
2020-10-02 12:00:00,76,199,95,96,10,,82,,,109,,28,54
2020-10-02 13:00:00,77,200,118,100,10,,108,,,116,,28,65
2020-10-02 14:00:00,95,202,113,104,10,,109,,,108,115,30,85
2020-10-02 15:00:00,103,205,123,103,,,107,,,113,125,29,70
2020-10-02 16:00:00,99,206,107,98,,,119,,,108,134,29,72
2020-10-02 17:00:00,102,203,120,108,,,125,,,128,128,28,69
2020-10-02 18:00:00,101,200,134,98,,,121,,,126,124,29,84
2020-10-02 19:00:00,109,201,135,98,,,130,,,119,125,29,81
2020-10-02 20:00:00,146,200,137,103,,,128,,,122,142,29,72
2020-10-02 21:00:00,142,200,135,107,,,124,,,162,175,,70
2020-10-02 22:00:00,147,200,134,103,,,97,,,173,142,30,72
2020-10-02 23:00:00,105,199,140,100,,,108,,,115,140,30,71
2020-10-03 00:00:00,81,199,119,100,,,114,,,129,123,29,113
2020-10-03 01:00:00,16,197,104,105,,,86,,,118,101,29,135
2020-10-03 02:00:00,32,196,111,121,11,,56,,,115,108,29,133
2020-10-03 03:00:00,332,196,134,81,11,,,,,160,170,22,148
2020-10-03 04:00:00,310,198,95,282,10,,,,,113,46,26,238
2020-10-03 05:00:00,233,198,62,287,11,,14,,,37,12,21,233
2020-10-03 06:00:00,237,199,46,310,11,,7,,,278,351,25,231
2020-10-03 07:00:00,246,202,233,290,11,,11,,,300,16,23,248
2020-10-03 08:00:00,255,208,302,284,,,,,,116,357,21,252
2020-10-03 09:00:00,28,199,228,281,,,37,,,86,17,22,249
2020-10-03 10:00:00,356,197,108,295,,,46,,,196,15,26,1
2020-10-03 11:00:00,8,195,83,299,10,,43,,,207,71,25,65
2020-10-03 12:00:00,18,196,108,204,10,,78,,,141,133,26,91
2020-10-03 13:00:00,59,197,128,114,10,,53,,,99,147,26,76
2020-10-03 14:00:00,61,200,136,96,,,102,,,126,164,27,69
2020-10-03 15:00:00,59,201,141,102,,,121,,,156,172,28,63
2020-10-03 16:00:00,144,201,148,97,,,122,,,162,163,27,61
2020-10-03 17:00:00,155,200,135,100,,,140,,,185,182,,70
2020-10-03 18:00:00,151,198,146,107,,,129,,,193,160,28,70
2020-10-03 19:00:00,129,198,140,99,,,127,,,199,142,28,68
2020-10-03 20:00:00,123,198,122,98,,,94,,,185,129,28,101
2020-10-03 21:00:00,102,197,112,91,,,99,,,120,121,,140
2020-10-03 22:00:00,81,195,129,95,,,113,,,112,120,,99
2020-10-03 23:00:00,89,194,137,98,,,112,,,137,165,,76
2020-10-04 00:00:00,122,193,135,97,,,112,,,182,161,,82
2020-10-04 01:00:00,49,193,86,112,11,,86,,,152,93,,90
2020-10-04 02:00:00,38,195,82,189,10,,55,,,96,65,25,108
2020-10-04 03:00:00,33,195,91,295,11,,54,,,79,45,27,96
2020-10-04 04:00:00,267,194,139,260,9,,70,,,89,5,19,198
2020-10-04 05:00:00,254,195,160,273,11,,57,,,192,351,25,232
2020-10-04 06:00:00,256,196,72,298,11,,42,,,255,329,,251
2020-10-04 07:00:00,318,197,165,284,10,,330,,,121,7,23,241
2020-10-04 08:00:00,330,197,307,305,9,,351,,,323,350,21,248
2020-10-04 09:00:00,286,194,291,308,10,,354,,,266,353,26,330
2020-10-04 10:00:00,339,192,293,299,11,,305,,,118,334,23,247
2020-10-04 11:00:00,24,191,146,291,11,,50,,,87,63,22,181
2020-10-04 12:00:00,33,191,101,151,10,,60,,,213,75,28,77
2020-10-04 13:00:00,86,193,104,100,10,,103,,,102,143,27,68
2020-10-04 14:00:00,89,196,112,102,10,,109,,,113,127,27,62
2020-10-04 15:00:00,122,199,103,99,,,112,,,125,139,27,64
2020-10-04 16:00:00,122,201,119,98,,,119,,,129,120,,71
2020-10-04 17:00:00,103,200,122,104,,,123,,,131,133,,74
2020-10-04 18:00:00,97,198,125,97,,,116,,,114,111,28,90
2020-10-04 19:00:00,101,197,115,100,,,120,,,113,84,28,98
2020-10-04 20:00:00,127,197,106,96,,,121,,,109,89,28,95
2020-10-04 21:00:00,128,197,125,96,,,118,,,133,104,,84
2020-10-04 22:00:00,130,,153,100,,,119,,,184,181,,72
2020-10-04 23:00:00,126,196,154,102,,,112,,,190,134,,88
2020-10-05 00:00:00,98,196,141,93,,,107,,,171,118,,106
2020-10-05 01:00:00,53,195,114,109,,,88,,,108,159,,112
2020-10-05 02:00:00,1,194,136,119,11,,79,,,153,339,27,123
2020-10-05 03:00:00,317,194,80,118,11,,63,,,107,18,26,152
2020-10-05 04:00:00,306,197,199,273,11,,47,,,29,21,21,229
2020-10-05 05:00:00,21,198,276,263,12,,35,,,102,348,24,237
2020-10-05 06:00:00,277,200,317,300,11,,28,,,253,322,20,247
2020-10-05 07:00:00,248,201,295,296,11,,5,,,318,332,24,243
2020-10-05 08:00:00,242,206,314,306,11,,298,,,325,355,17,257
2020-10-05 09:00:00,20,197,284,310,,,328,,,225,356,22,264
2020-10-05 10:00:00,340,194,280,318,,,44,,,219,354,24,233
2020-10-05 11:00:00,67,194,139,135,10,,39,,,224,15,23,134
2020-10-05 12:00:00,93,194,129,140,10,,72,,,89,114,26,77
2020-10-05 13:00:00,82,195,122,108,10,,101,,,119,143,26,68
2020-10-05 14:00:00,61,198,116,92,,,105,,,134,141,26,61
2020-10-05 15:00:00,99,202,143,103,,,120,,,127,128,25,64
2020-10-05 16:00:00,134,203,139,100,,,119,,,115,131,26,69
2020-10-05 17:00:00,134,201,137,97,,,127,,,127,126,26,71
2020-10-05 18:00:00,98,199,129,101,,,112,,,117,118,26,77
2020-10-05 19:00:00,117,199,133,102,,,121,,,116,126,27,80
2020-10-05 20:00:00,142,199,137,104,,,126,,,127,170,27,81
2020-10-05 21:00:00,127,,136,119,,,168,,,196,188,27,131
2020-10-05 22:00:00,129,200,123,129,,,159,,,188,156,,155
2020-10-05 23:00:00,112,199,80,144,,,101,,,181,136,,168
2020-10-06 00:00:00,353,198,100,251,11,,41,,,96,114,25,201
2020-10-06 01:00:00,336,197,86,270,11,,46,,,154,63,21,185
2020-10-06 02:00:00,315,197,163,270,11,,21,,,134,325,23,220
2020-10-06 03:00:00,256,199,316,310,,,318,,,252,12,19,237
2020-10-06 04:00:00,271,200,311,303,,,350,,,245,2,24,231
2020-10-06 05:00:00,290,201,300,306,,,288,,,181,313,19,216
2020-10-06 06:00:00,184,202,295,317,,,267,,,309,298,22,193
2020-10-06 07:00:00,288,203,301,311,,,277,,,266,330,24,246
2020-10-06 08:00:00,267,202,295,325,,,252,,,296,290,23,222
2020-10-06 09:00:00,285,197,301,323,,,15,,,306,339,21,234
2020-10-06 10:00:00,24,197,173,270,,,38,,,308,9,21,157
2020-10-06 11:00:00,59,197,148,317,10,,34,,,214,89,26,79
2020-10-06 12:00:00,103,,118,158,10,,70,,,138,142,27,88
2020-10-06 13:00:00,77,198,113,132,10,,73,,,105,130,26,73
2020-10-06 14:00:00,61,199,113,94,,,73,,,88,151,26,65
2020-10-06 15:00:00,66,213,115,99,,,92,,,135,160,26,55
2020-10-06 16:00:00,72,202,110,97,,,99,,,124,153,25,52
2020-10-06 17:00:00,77,201,113,99,,,112,,,143,163,26,59
2020-10-06 18:00:00,103,199,138,106,,,134,,,128,168,26,80
2020-10-06 19:00:00,135,198,149,116,,,137,,,159,134,27,108
2020-10-06 20:00:00,112,198,163,115,,,145,,,193,238,26,157
2020-10-06 21:00:00,150,198,125,148,11,,225,,,236,283,26,171
2020-10-06 22:00:00,182,,95,107,10,,69,,,171,33,27,183
2020-10-06 23:00:00,103,197,132,144,11,,48,,,123,240,27,179
2020-10-07 00:00:00,83,197,134,135,10,,125,,,185,170,26,176
2020-10-07 01:00:00,255,196,120,241,11,,77,,,131,226,22,252
2020-10-07 02:00:00,232,207,92,324,11,,60,,,170,295,23,213
2020-10-07 03:00:00,235,206,112,272,11,,40,,,161,325,23,249
2020-10-07 04:00:00,241,196,153,276,10,,25,,,116,15,22,249
2020-10-07 05:00:00,229,197,286,301,11,,30,,,86,349,23,236
2020-10-07 06:00:00,257,198,333,302,11,,27,,,85,304,22,237
2020-10-07 07:00:00,229,200,291,317,11,,357,,,310,307,19,250
2020-10-07 08:00:00,258,197,305,309,,,319,,,307,308,23,269
2020-10-07 09:00:00,224,194,313,309,,,330,,,318,353,15,270
2020-10-07 10:00:00,281,194,305,308,,,14,,,319,326,23,250
2020-10-07 11:00:00,86,194,293,344,,,60,,,281,323,21,235
2020-10-07 12:00:00,46,195,262,263,,,229,,,282,333,22,184
2020-10-07 13:00:00,41,196,159,96,,,55,,,247,324,26,87
2020-10-07 14:00:00,83,218,109,82,10,,75,,,148,359,26,70
2020-10-07 15:00:00,86,209,91,105,10,,87,,,105,317,26,79
2020-10-07 16:00:00,103,199,97,96,10,,113,,,123,227,,67
2020-10-07 17:00:00,88,197,86,111,,,115,,,127,89,,65
2020-10-07 18:00:00,109,196,,106,11,,114,,,130,81,27,103
2020-10-07 19:00:00,141,196,,103,10,,131,,,80,67,27,99
2020-10-07 20:00:00,177,196,,145,10,,195,,,194,280,26,63
2020-10-07 21:00:00,146,,,123,8,,181,,,175,156,27,145
2020-10-07 22:00:00,154,,,103,9,,155,,,228,205,27,181
2020-10-07 23:00:00,345,,143,100,10,,118,,,143,286,26,174
2020-10-08 00:00:00,109,197,161,113,10,,218,180,,223,327,26,192
2020-10-08 01:00:00,206,197,208,197,11,,250,180,,253,315,22,220
2020-10-08 02:00:00,228,197,316,283,11,,22,180,,291,326,22,264
2020-10-08 03:00:00,233,198,328,307,11,,223,,,287,3,23,265
2020-10-08 04:00:00,242,199,322,327,,,331,,,305,336,20,278
2020-10-08 05:00:00,233,199,297,307,,,183,,,314,314,23,238
2020-10-08 06:00:00,229,201,275,312,,,248,,,310,294,25,240
2020-10-08 07:00:00,255,201,315,307,,,266,,,293,288,25,253
2020-10-08 08:00:00,227,198,323,315,,,296,,,287,343,22,246
2020-10-08 09:00:00,245,196,323,311,,,282,,,223,1,21,258
2020-10-08 10:00:00,227,197,330,320,,,,,,190,358,21,273
2020-10-08 11:00:00,18,198,204,313,,,56,,,215,339,24,127
2020-10-08 12:00:00,10,198,220,24,10,,44,,,139,351,26,84
2020-10-08 13:00:00,347,199,135,80,11,,59,,,218,3,26,73
2020-10-08 14:00:00,40,201,233,40,10,,42,,,116,353,26,67
2020-10-08 15:00:00,10,205,213,342,11,,28,,,260,338,,74
2020-10-08 16:00:00,21,206,206,357,10,,15,,,157,332,,101
2020-10-08 17:00:00,42,203,109,35,10,,46,,,184,336,,80
2020-10-08 18:00:00,14,200,175,30,10,,50,,,156,339,,105
2020-10-08 19:00:00,41,199,270,45,,,48,,,96,80,27,102
2020-10-08 20:00:00,56,199,210,43,,,36,,,167,274,26,116
2020-10-08 21:00:00,228,198,277,194,9,,53,,,217,282,26,120
2020-10-08 22:00:00,251,199,311,310,9,,273,,,236,308,26,123
2020-10-08 23:00:00,230,199,310,285,11,,230,,,254,309,24,255
2020-10-09 00:00:00,239,199,301,287,11,,224,,,205,299,25,261
2020-10-09 01:00:00,227,,310,313,11,,262,,,228,304,24,211
2020-10-09 02:00:00,230,,265,327,,,246,,,262,324,20,267
2020-10-09 03:00:00,242,,256,314,,,252,,,292,285,23,241
2020-10-09 04:00:00,245,198,312,309,,,261,,,175,16,23,265
2020-10-09 05:00:00,233,197,292,314,,,255,,,172,313,21,266
2020-10-09 06:00:00,268,197,295,320,,,336,,,186,330,24,270
2020-10-09 07:00:00,272,198,289,315,,,332,,,302,279,24,262
2020-10-09 08:00:00,241,198,291,299,,,261,,,292,272,22,268
2020-10-09 09:00:00,223,198,300,293,,,235,,,272,317,24,258
2020-10-09 10:00:00,326,199,295,327,,,47,,,298,313,22,172
2020-10-09 11:00:00,109,199,295,279,,,356,,,322,334,26,82
2020-10-09 12:00:00,37,200,282,9,,,15,,,295,333,23,82
2020-10-09 13:00:00,8,201,215,2,,,40,,,295,348,23,74
2020-10-09 14:00:00,61,202,183,288,,,43,,,255,352,24,94
2020-10-09 15:00:00,146,206,241,236,,,46,,,205,306,26,97
2020-10-09 16:00:00,177,208,186,312,,,37,,,248,338,25,104
2020-10-09 17:00:00,158,206,63,299,10,,52,,,145,346,25,119
2020-10-09 18:00:00,173,202,44,59,10,,83,,,95,239,24,133
2020-10-09 19:00:00,167,201,119,114,11,,204,,,189,168,24,113
2020-10-09 20:00:00,241,200,140,101,10,,211,,,224,159,22,185
2020-10-09 21:00:00,234,200,138,294,9,,241,,,173,219,19,246
2020-10-09 22:00:00,235,200,252,301,11,,217,,,227,308,23,251
2020-10-09 23:00:00,226,201,322,284,11,,245,,,282,324,22,249
2020-10-10 00:00:00,251,200,330,302,11,,231,180,,283,319,22,198
2020-10-10 01:00:00,228,201,282,284,,,255,180,,300,309,22,261
2020-10-10 02:00:00,234,200,296,319,,,246,180,,259,327,,250
2020-10-10 03:00:00,225,201,241,317,,,263,,,223,312,20,237
2020-10-10 04:00:00,249,199,296,314,,,273,,,282,324,21,241
2020-10-10 05:00:00,351,199,296,314,,,253,,,298,334,22,269
2020-10-10 06:00:00,299,199,297,324,,,283,,,303,332,24,260
2020-10-10 07:00:00,283,198,292,322,,,266,,,313,313,23,208
2020-10-10 08:00:00,326,199,289,311,,,310,,,315,305,24,211
2020-10-10 09:00:00,191,200,293,317,,,274,,,310,329,16,245
2020-10-10 10:00:00,244,202,291,317,,,316,,,317,331,19,204
2020-10-10 11:00:00,90,203,320,320,,,32,,,322,2,20,177
2020-10-10 12:00:00,126,203,154,158,,,71,,,240,105,24,87
2020-10-10 13:00:00,96,205,116,133,,,92,,,158,181,25,76
2020-10-10 14:00:00,2,206,131,121,10,,72,,,,158,24,71
2020-10-10 15:00:00,2,208,120,115,10,,80,,,,156,24,73
2020-10-10 16:00:00,29,209,119,97,10,,98,,,,158,25,83
2020-10-10 17:00:00,102,206,127,101,,,139,,,,151,25,99
2020-10-10 18:00:00,153,204,132,104,,,131,,,,122,25,123
2020-10-10 19:00:00,189,203,141,109,9,,155,,,,118,,102
2020-10-10 20:00:00,23,203,146,123,9,,195,,,,282,,171
2020-10-10 21:00:00,337,202,142,130,10,,277,,,,301,23,229
2020-10-10 22:00:00,252,202,129,175,11,,349,,,,297,20,250
2020-10-10 23:00:00,250,202,68,255,11,,320,,,,23,21,220
2020-10-11 00:00:00,264,,77,288,11,,35,,,,344,23,235
2020-10-11 01:00:00,241,201,76,306,,,16,,,,336,24,227
2020-10-11 02:00:00,228,200,239,301,,,261,,,,324,21,239
2020-10-11 03:00:00,252,199,287,307,,,261,,,,328,22,
2020-10-11 04:00:00,246,199,297,323,,,255,,,,345,21,215
2020-10-11 05:00:00,229,198,292,316,,,253,,,,329,22,261
2020-10-11 06:00:00,264,200,293,314,,,255,,,,277,21,258
2020-10-11 07:00:00,339,199,300,310,,,270,,,,294,20,238
2020-10-11 08:00:00,27,198,293,321,,,270,,,,287,21,232
2020-10-11 09:00:00,236,201,291,313,,,266,,,,185,18,259
2020-10-11 10:00:00,241,203,293,313,,,270,,,,199,18,217
2020-10-11 11:00:00,154,204,299,309,,,38,,,,257,20,246
2020-10-11 12:00:00,13,204,247,133,,,64,,,,170,23,93
2020-10-11 13:00:00,50,205,171,199,10,,60,,,,161,25,75
2020-10-11 14:00:00,87,206,142,131,10,,86,,,,134,25,71
2020-10-11 15:00:00,71,208,148,111,10,,111,,,,137,24,66
2020-10-11 16:00:00,107,208,143,93,,,107,180,,,166,24,72
2020-10-11 17:00:00,148,206,145,97,,,121,180,,,119,25,86
2020-10-11 18:00:00,147,203,140,103,,,129,180,,,117,25,84
2020-10-11 19:00:00,128,201,126,104,,,124,,,,130,25,144
2020-10-11 20:00:00,181,200,140,103,9,,120,,,,254,,139
2020-10-11 21:00:00,172,200,140,121,8,,116,,,,112,,158
2020-10-11 22:00:00,302,199,100,255,11,,62,,,,112,21,200
2020-10-11 23:00:00,20,194,108,154,11,,74,,,,124,22,198
2020-10-12 00:00:00,346,191,111,152,10,,67,,,,19,23,170
2020-10-12 01:00:00,309,192,82,306,8,,52,,,,52,19,220
2020-10-12 02:00:00,258,193,109,284,11,,64,,,,53,23,199
2020-10-12 03:00:00,241,193,165,293,11,,31,,,,3,19,239
2020-10-12 04:00:00,245,193,150,311,,,6,,,,291,20,198
2020-10-12 05:00:00,210,196,257,319,,,18,,,,324,21,198
2020-10-12 06:00:00,220,201,297,319,,,290,,,,310,22,191
2020-10-12 07:00:00,240,207,302,304,,,271,,,,354,22,242
2020-10-12 08:00:00,232,219,278,305,,,253,,,,311,23,238
2020-10-12 09:00:00,236,216,215,306,,,276,,,,328,23,257
2020-10-12 10:00:00,48,204,266,314,,,38,,,,36,19,233
2020-10-12 11:00:00,38,198,285,175,,,48,,,,31,24,95
2020-10-12 12:00:00,49,197,196,142,,,54,,,,115,24,83
2020-10-12 13:00:00,67,198,124,139,,,100,,,,151,24,73
2020-10-12 14:00:00,77,200,109,113,,,99,,,,153,,63
2020-10-12 15:00:00,95,201,102,104,,,110,,,,156,23,62
2020-10-12 16:00:00,96,201,113,107,,,116,,,,153,24,97
2020-10-12 17:00:00,93,200,124,113,10,,131,,,,143,23,82
2020-10-12 18:00:00,98,198,124,106,10,,124,,,,93,25,80
2020-10-12 19:00:00,138,197,122,105,10,,128,,,,81,31,94
2020-10-12 20:00:00,131,197,136,116,,,155,,,,339,36,120
2020-10-12 21:00:00,140,197,131,109,,,170,,,,296,35,103
2020-10-12 22:00:00,112,196,124,96,9,,119,,,,136,35,112
2020-10-12 23:00:00,96,194,130,91,10,,104,,,,158,35,95
2020-10-13 00:00:00,267,191,135,120,10,,111,,,,152,34,123
2020-10-13 01:00:00,15,191,111,249,11,,85,,,,98,35,152
2020-10-13 02:00:00,49,191,79,298,11,,56,,,,51,35,117
2020-10-13 03:00:00,56,201,66,288,10,,73,,,,13,35,122
2020-10-13 04:00:00,95,199,87,305,9,,81,,,,58,32,161
2020-10-13 05:00:00,195,191,95,293,11,,62,,,,,28,232
2020-10-13 06:00:00,230,190,29,303,11,,301,,,,353,29,266
2020-10-13 07:00:00,231,189,52,324,10,,263,,,,27,25,238
2020-10-13 08:00:00,233,192,69,322,10,,234,,,,81,27,263
2020-10-13 09:00:00,223,191,54,305,11,,42,,,,95,28,288
2020-10-13 10:00:00,217,186,54,259,11,,69,,,,56,32,92
2020-10-13 11:00:00,62,189,77,103,10,,70,,,,107,34,95
2020-10-13 12:00:00,87,188,120,95,10,,107,,,,144,33,66
2020-10-13 13:00:00,84,190,116,100,10,,126,,,,136,33,59
2020-10-13 14:00:00,80,192,116,103,,,121,,,113,159,31,62
2020-10-13 15:00:00,84,194,142,105,,,133,,,132,106,31,67
2020-10-13 16:00:00,79,195,144,107,,,131,,,122,83,31,63
2020-10-13 17:00:00,113,195,134,98,,,122,,,109,126,33,99
2020-10-13 18:00:00,149,194,117,110,,,138,,,125,87,33,98
2020-10-13 19:00:00,152,193,139,123,,,143,,,122,138,32,95
2020-10-13 20:00:00,128,193,134,126,,,135,,,152,249,33,78
2020-10-13 21:00:00,135,193,132,116,,,131,,,212,143,33,70
2020-10-13 22:00:00,110,,118,95,,,104,,,153,126,33,74
2020-10-13 23:00:00,108,192,135,98,,,117,,,115,153,32,81
2020-10-14 00:00:00,87,191,116,107,,,116,,,139,123,32,69
2020-10-14 01:00:00,60,191,96,110,,,,,,120,91,,106
2020-10-14 02:00:00,49,191,83,152,11,,65,,,95,61,32,110
2020-10-14 03:00:00,79,,100,284,10,,62,,,77,61,32,80
2020-10-14 04:00:00,105,190,134,264,10,,74,,,86,54,33,99
2020-10-14 05:00:00,173,191,135,278,10,,82,,,84,158,30,156
2020-10-14 06:00:00,226,193,66,291,8,,56,,,107,49,33,262
2020-10-14 07:00:00,286,195,124,312,11,,49,,,117,360,29,232
2020-10-14 08:00:00,247,201,201,314,11,,34,,,220,5,24,243
2020-10-14 09:00:00,10,194,264,330,11,,345,,,54,21,30,271
2020-10-14 10:00:00,1,189,181,289,,,189,,,46,61,29,273
2020-10-14 11:00:00,18,190,109,171,10,,71,,,77,66,28,56
2020-10-14 12:00:00,112,190,131,156,11,,69,,,132,129,26,85
2020-10-14 13:00:00,84,191,138,124,11,,97,,,129,146,31,56
2020-10-14 14:00:00,91,193,120,129,11,,92,,,124,150,31,64
2020-10-14 15:00:00,123,196,142,125,,,112,,,123,143,32,77
2020-10-14 16:00:00,97,196,138,108,,,116,,,120,145,32,77
2020-10-14 17:00:00,101,195,137,100,,,109,,,157,149,32,70
2020-10-14 18:00:00,150,194,136,103,,,133,,,153,134,,92
2020-10-14 19:00:00,149,193,146,107,,,132,,,167,133,,77
2020-10-14 20:00:00,127,193,142,129,,,230,,,192,167,,107
2020-10-14 21:00:00,113,194,140,128,10,,274,,,186,265,,159
2020-10-14 22:00:00,134,194,140,344,10,,256,,,230,272,30,177
2020-10-14 23:00:00,193,195,136,293,10,,232,,,226,302,27,231
2020-10-15 00:00:00,213,196,114,299,12,,232,,,240,349,20,227
2020-10-15 01:00:00,229,196,33,314,12,,252,,,87,43,25,265
2020-10-15 02:00:00,248,197,197,320,12,,25,,,43,329,24,206
2020-10-15 03:00:00,230,200,302,307,,,234,,,268,3,28,258
2020-10-15 04:00:00,249,200,206,315,,,286,,,270,300,29,264
2020-10-15 05:00:00,237,200,128,321,,,316,,,129,336,27,203
2020-10-15 06:00:00,239,199,121,315,,,311,,,245,300,27,235
2020-10-15 07:00:00,254,200,168,311,,,334,,,207,336,28,219
2020-10-15 08:00:00,283,201,137,291,,,267,,,250,323,27,234
2020-10-15 09:00:00,224,196,141,305,,,313,,,280,355,26,243
2020-10-15 10:00:00,211,194,140,304,,,280,,,173,,22,242
2020-10-15 11:00:00,280,196,160,162,,,295,,,178,168,26,193
2020-10-15 12:00:00,46,198,211,149,,,41,,,151,150,31,83
2020-10-15 13:00:00,67,198,281,104,,,110,,,156,160,30,75
2020-10-15 14:00:00,94,198,314,117,,,108,,,160,145,30,65
2020-10-15 15:00:00,83,202,317,122,,,105,,,142,140,31,66
2020-10-15 16:00:00,83,203,314,98,,,103,,,144,143,32,67
2020-10-15 17:00:00,84,201,312,97,11,,121,,,164,128,32,112
2020-10-15 18:00:00,102,199,279,98,11,,124,,,122,91,31,113
2020-10-15 19:00:00,83,198,258,70,11,,87,,,108,69,30,
2020-10-15 20:00:00,105,196,250,94,,,90,,,74,57,32,89
2020-10-15 21:00:00,45,198,177,40,,,52,,,69,331,30,56
2020-10-15 22:00:00,21,199,176,30,,,35,,,254,48,32,104
2020-10-15 23:00:00,32,200,166,40,,,39,,,286,74,32,110
2020-10-16 00:00:00,48,200,165,36,,,38,,,84,64,32,102
2020-10-16 01:00:00,102,200,145,100,10,,77,,,292,298,,108
2020-10-16 02:00:00,124,,152,160,11,,110,,,291,313,,92
2020-10-16 03:00:00,133,201,168,136,12,,106,,,300,307,,75
2020-10-16 04:00:00,137,201,189,106,11,,26,,,303,308,31,93
2020-10-16 05:00:00,104,200,254,30,11,,59,,,306,319,31,98
2020-10-16 06:00:00,107,200,266,195,11,,47,,,313,322,32,97
2020-10-16 07:00:00,51,199,223,346,,,30,,,322,321,32,101
2020-10-16 08:00:00,68,204,153,86,,,32,,,318,323,32,102
2020-10-16 09:00:00,23,201,195,38,,,35,,,330,337,,99
2020-10-16 10:00:00,27,203,175,44,,,32,,,314,348,,96
2020-10-16 11:00:00,19,198,191,28,,,35,,,310,339,,78
2020-10-16 12:00:00,24,198,178,41,,,31,,,247,339,,77
2020-10-16 13:00:00,29,201,155,35,,,41,,,235,341,,68
2020-10-16 14:00:00,56,198,165,48,,,52,,,174,319,,72
2020-10-16 15:00:00,59,196,186,50,,,45,,,316,317,,76
2020-10-16 16:00:00,64,197,178,34,,,41,,,317,347,,74
2020-10-16 17:00:00,33,197,177,40,,,38,,,271,5,,74
2020-10-16 18:00:00,63,195,142,58,,,41,,,176,347,,66
2020-10-16 19:00:00,87,196,134,179,,,50,,,67,58,,82
2020-10-16 20:00:00,67,196,194,88,,,45,,,46,80,,84
2020-10-16 21:00:00,66,195,284,260,,,60,,,93,170,33,75
2020-10-16 22:00:00,44,194,308,149,10,,111,,,146,183,33,80
2020-10-16 23:00:00,112,194,331,124,11,,105,,,168,171,31,94
2020-10-17 00:00:00,123,194,308,119,10,,113,,,172,158,30,93
2020-10-17 01:00:00,117,195,321,138,10,,78,,,153,163,23,93
2020-10-17 02:00:00,71,194,311,150,9,,81,,,139,140,25,91
2020-10-17 03:00:00,23,195,202,257,11,,69,,,133,28,21,95
2020-10-17 04:00:00,4,197,189,311,10,,350,,,74,355,24,234
2020-10-17 05:00:00,353,198,155,313,12,,8,,,100,356,23,219
2020-10-17 06:00:00,355,200,150,309,12,,38,,,184,307,29,212
2020-10-17 07:00:00,64,202,139,293,12,,41,,,134,303,26,239
2020-10-17 08:00:00,113,204,155,313,11,,345,,,204,352,26,228
2020-10-17 09:00:00,19,196,146,324,11,,54,,,40,354,20,247
2020-10-17 10:00:00,22,194,212,157,12,,48,,,148,37,27,54
2020-10-17 11:00:00,19,194,267,259,11,,47,,,229,142,31,80
2020-10-17 12:00:00,41,193,279,103,11,,64,,,130,147,30,91
2020-10-17 13:00:00,43,194,260,173,11,,60,,,146,154,28,69
2020-10-17 14:00:00,71,195,312,134,,,79,,,162,139,30,71
2020-10-17 15:00:00,69,197,264,130,,,104,,,154,129,31,69
2020-10-17 16:00:00,80,197,199,107,,,107,,,162,157,32,67
2020-10-17 17:00:00,125,196,218,92,,,114,,,134,162,32,68
2020-10-17 18:00:00,146,195,229,96,,,125,,,136,135,32,75
2020-10-17 19:00:00,123,201,282,95,,,109,,,151,116,,94
2020-10-17 20:00:00,102,198,277,91,,,95,,,121,149,31,129
2020-10-17 21:00:00,119,195,286,99,,,117,,,169,119,31,152
2020-10-17 22:00:00,107,195,275,149,,,67,,,126,110,32,173
2020-10-17 23:00:00,23,195,230,249,10,,70,,,131,127,27,215
2020-10-18 00:00:00,357,,244,140,11,,63,,,120,122,22,161
2020-10-18 01:00:00,290,,264,230,11,,59,,,173,121,28,143
2020-10-18 02:00:00,322,194,286,281,9,,53,,,170,111,24,206
2020-10-18 03:00:00,6,194,278,302,8,,58,,,104,54,25,223
2020-10-18 04:00:00,63,191,224,300,12,,60,,,69,40,27,149
2020-10-18 05:00:00,323,191,151,289,12,,359,,,103,17,27,237
2020-10-18 06:00:00,330,193,232,311,12,,311,,,23,360,25,233
2020-10-18 07:00:00,315,194,234,287,,,341,,,116,358,26,231
2020-10-18 08:00:00,312,195,296,288,,,313,,,253,334,24,221
2020-10-18 09:00:00,7,192,298,284,,,10,,,186,355,21,172
2020-10-18 10:00:00,36,191,289,275,,,33,,,229,6,25,85
2020-10-18 11:00:00,42,191,281,286,,,60,,,176,347,30,72
2020-10-18 12:00:00,83,191,90,114,11,,80,,,199,155,31,82
2020-10-18 13:00:00,71,192,100,148,11,,68,,,183,188,32,84
2020-10-18 14:00:00,71,195,85,201,11,,61,,,222,118,32,92
2020-10-18 15:00:00,86,200,119,109,,,84,,,141,143,32,75
2020-10-18 16:00:00,83,198,120,117,,,120,,,117,150,,78
2020-10-18 17:00:00,81,196,133,105,,,113,,,121,149,,63
2020-10-18 18:00:00,117,195,137,102,,,127,,,140,153,,79
2020-10-18 19:00:00,121,195,145,99,,,118,,,153,147,,87
2020-10-18 20:00:00,104,195,122,115,,,98,,,191,283,31,130
2020-10-18 21:00:00,65,,117,111,12,,85,,,220,97,31,149
2020-10-18 22:00:00,314,194,134,108,12,,70,,,102,110,31,132
2020-10-18 23:00:00,36,192,137,143,11,,83,,,116,125,32,145
2020-10-19 00:00:00,16,193,130,125,11,,,,,172,145,32,115
2020-10-19 01:00:00,359,194,116,305,11,,72,,,182,120,21,137
2020-10-19 02:00:00,19,196,107,281,10,,51,,,114,98,28,172
2020-10-19 03:00:00,359,198,91,246,10,,72,,,107,61,26,205
2020-10-19 04:00:00,6,200,140,295,11,,63,,,181,56,24,251
2020-10-19 05:00:00,339,203,131,283,11,,55,,,211,76,26,240
2020-10-19 06:00:00,232,209,161,256,10,,37,,,78,301,20,236
2020-10-19 07:00:00,231,208,123,310,11,,292,,,141,339,24,245
2020-10-19 08:00:00,240,207,96,316,12,,314,,,30,16,25,257
2020-10-19 09:00:00,326,202,174,344,12,,40,,,35,33,24,174
2020-10-19 10:00:00,22,200,232,292,11,,37,,,42,15,31,97
2020-10-19 11:00:00,87,192,87,214,11,,41,,,86,3,31,77
2020-10-19 12:00:00,49,190,102,181,11,,65,,,204,155,31,78
2020-10-19 13:00:00,39,193,130,160,,,64,,,168,149,,71
2020-10-19 14:00:00,77,192,112,98,,,95,,,132,176,32,67
2020-10-19 15:00:00,78,195,146,98,,,105,,,152,170,31,61
2020-10-19 16:00:00,58,196,150,93,,,107,,,181,147,31,56
2020-10-19 17:00:00,158,194,155,101,,,134,,,164,126,31,83
2020-10-19 18:00:00,153,194,109,108,,,136,,,160,109,32,96
2020-10-19 19:00:00,126,193,104,118,,,150,,,110,120,32,102
2020-10-19 20:00:00,139,194,140,106,,,124,,,155,101,32,122
2020-10-19 21:00:00,138,194,125,97,,,116,,,155,113,,148
2020-10-19 22:00:00,355,193,110,97,,,88,,,108,116,,151
2020-10-19 23:00:00,69,192,137,109,,,112,,,128,141,31,127
2020-10-20 00:00:00,205,192,129,101,,,114,,,176,133,30,123
2020-10-20 01:00:00,32,197,98,116,,,92,,,166,113,23,149
2020-10-20 02:00:00,46,198,102,90,,,68,,,121,110,24,118
2020-10-20 03:00:00,45,192,115,95,,,86,,,109,81,31,102
2020-10-20 04:00:00,78,191,121,94,,,91,,,98,94,31,113
2020-10-20 05:00:00,99,191,122,124,,,72,,,98,120,28,120
2020-10-20 06:00:00,101,192,119,156,,,76,,,108,117,31,257
2020-10-20 07:00:00,105,192,138,128,,,93,,,114,113,32,258
2020-10-20 08:00:00,85,192,142,93,,,85,,,119,125,30,259
2020-10-20 09:00:00,99,190,140,129,,,105,,,96,121,29,256
2020-10-20 10:00:00,100,188,127,131,,,79,,,116,133,30,31
2020-10-20 11:00:00,62,188,138,127,,,93,,,120,150,31,80
2020-10-20 12:00:00,79,189,137,77,,,97,,,143,164,32,56
2020-10-20 13:00:00,63,190,128,68,,,70,,,146,139,32,53
2020-10-20 14:00:00,68,191,140,71,,,96,,,146,149,31,52
2020-10-20 15:00:00,115,193,148,87,,,106,,,130,148,30,56
2020-10-20 16:00:00,150,194,111,96,,,120,,,121,150,30,76
2020-10-20 17:00:00,139,193,115,100,,,139,,,152,143,31,88
2020-10-20 18:00:00,126,193,129,102,,,135,,,139,127,32,85
2020-10-20 19:00:00,137,193,127,116,,,135,,,138,108,32,72
2020-10-20 20:00:00,141,,142,108,,,127,,,167,118,32,70
2020-10-20 21:00:00,106,,118,95,,,110,,,134,125,,94
2020-10-20 22:00:00,96,192,131,100,,,124,,,119,154,,57
2020-10-20 23:00:00,126,192,135,103,,,125,,,154,156,31,64
2020-10-21 00:00:00,112,192,131,104,,,123,,,155,132,32,65
2020-10-21 01:00:00,78,191,127,109,,,121,,,129,124,32,75
2020-10-21 02:00:00,76,191,128,102,,,121,,,115,116,32,72
2020-10-21 03:00:00,66,191,107,100,,,112,,,117,118,,85
2020-10-21 04:00:00,83,192,140,103,,,108,,,117,111,,83
2020-10-21 05:00:00,63,194,127,144,,,81,,,129,100,,93
2020-10-21 06:00:00,50,193,93,101,,,75,,,122,108,31,105
2020-10-21 07:00:00,84,194,118,79,,,98,,,132,131,31,117
2020-10-21 08:00:00,73,194,145,120,,,108,,,156,165,31,117
2020-10-21 09:00:00,10,191,152,318,12,,37,,,179,166,27,154
2020-10-21 10:00:00,10,190,130,149,11,,51,,,164,158,24,152
2020-10-21 11:00:00,23,189,134,186,11,,53,,,138,148,25,108
2020-10-21 12:00:00,58,188,132,70,10,,89,,,125,158,31,82
2020-10-21 13:00:00,77,190,140,96,10,,104,,,176,170,32,59
2020-10-21 14:00:00,80,191,133,101,10,,113,,,115,134,30,73
2020-10-21 15:00:00,97,194,132,98,,,123,,,144,135,29,63
2020-10-21 16:00:00,128,194,105,104,,,137,,,118,142,31,70
2020-10-21 17:00:00,148,194,152,119,,,147,,,154,156,31,76
2020-10-21 18:00:00,154,,146,123,,,178,,,164,135,31,72
2020-10-21 19:00:00,142,,142,134,,,181,,,179,135,32,66
2020-10-21 20:00:00,134,,110,104,,,125,,,143,100,32,73
2020-10-21 21:00:00,126,,99,100,,,121,,,121,115,32,85
2020-10-21 22:00:00,100,,116,97,,,115,,,110,155,,76
2020-10-21 23:00:00,136,193,146,107,,,142,,,137,150,31,63
2020-10-22 00:00:00,122,193,138,112,,,124,,,159,131,31,66
2020-10-22 01:00:00,98,192,132,104,,,111,,,135,125,32,62
2020-10-22 02:00:00,79,193,136,102,,,111,,,118,135,32,74
2020-10-22 03:00:00,102,193,121,101,,,101,,,135,149,32,97
2020-10-22 04:00:00,71,193,101,93,,,90,,,133,81,,102
2020-10-22 05:00:00,56,,107,119,,,86,,,98,107,,79
2020-10-22 06:00:00,43,,144,128,,,100,,,119,163,31,83
2020-10-22 07:00:00,172,,146,154,9,,85,,,150,180,29,124
2020-10-22 08:00:00,228,195,132,145,9,,74,,,168,72,28,254
2020-10-22 09:00:00,321,191,61,325,9,,69,,,87,58,29,236
2020-10-22 10:00:00,337,190,130,219,10,,6,,,76,216,27,354
2020-10-22 11:00:00,17,190,143,110,10,,49,,,132,102,25,63
2020-10-22 12:00:00,25,190,107,133,10,,73,,,135,112,29,69
2020-10-22 13:00:00,83,191,134,130,,,87,,,121,134,28,67
2020-10-22 14:00:00,87,193,132,122,,,95,,,155,127,28,68
2020-10-22 15:00:00,72,195,142,108,,,100,,,146,135,29,64
2020-10-22 16:00:00,68,196,141,104,,,118,,,138,136,29,50
2020-10-22 17:00:00,137,194,142,101,,,121,,,151,160,28,64
2020-10-22 18:00:00,146,193,140,101,,,133,,,172,160,30,84
2020-10-22 19:00:00,147,193,145,109,,,161,,,163,161,30,85
2020-10-22 20:00:00,129,193,148,116,,,169,,,202,285,29,96
2020-10-22 21:00:00,121,194,151,155,11,,196,,,216,290,29,160
2020-10-22 22:00:00,122,194,123,147,10,,208,,,201,278,30,153
2020-10-22 23:00:00,76,194,135,148,10,,285,,,137,349,29,166
2020-10-23 00:00:00,196,,87,288,10,,24,,,148,126,29,246
2020-10-23 01:00:00,339,,134,181,,,56,,,90,128,25,194
2020-10-23 02:00:00,296,,135,200,,,48,,,166,196,27,181
2020-10-23 03:00:00,331,,93,294,8,,46,,,155,61,24,238
2020-10-23 04:00:00,315,193,72,284,10,,52,,,90,47,24,221
2020-10-23 05:00:00,326,195,137,290,11,,48,,,96,14,27,243
2020-10-23 06:00:00,2,196,166,286,11,,348,,,178,355,25,237
2020-10-23 07:00:00,323,197,163,293,11,,328,,,307,356,24,243
2020-10-23 08:00:00,298,197,155,289,,,331,,,314,358,27,234
2020-10-23 09:00:00,315,195,263,290,,,353,,,319,349,24,255
2020-10-23 10:00:00,33,191,220,300,,,32,,,179,340,24,273
2020-10-23 11:00:00,29,190,236,295,,,39,,,266,30,29,87
2020-10-23 12:00:00,38,191,183,234,10,,60,,,227,30,30,94
2020-10-23 13:00:00,58,193,109,144,10,,72,,,223,65,28,82
2020-10-23 14:00:00,59,196,115,160,10,,84,,,194,148,31,94
2020-10-23 15:00:00,84,200,115,115,,,89,,,161,154,31,79
2020-10-23 16:00:00,74,201,103,113,,,91,,,120,139,31,80
2020-10-23 17:00:00,85,196,107,110,,,121,,,128,136,,75
2020-10-23 18:00:00,93,195,127,99,,,126,,,120,119,,69
2020-10-23 19:00:00,119,194,118,104,,,128,,,116,81,,76
2020-10-23 20:00:00,129,194,111,105,,,132,,,99,66,,91
2020-10-23 21:00:00,139,194,124,102,,,117,,,152,89,,110
2020-10-23 22:00:00,92,193,125,96,,,117,,,143,66,30,67
2020-10-23 23:00:00,95,193,106,102,,,107,,,167,86,30,74
2020-10-24 00:00:00,83,191,128,97,,,100,,,113,128,31,67
2020-10-24 01:00:00,97,191,140,101,,,113,,,123,185,30,61
2020-10-24 02:00:00,126,191,137,102,,,120,,,145,132,30,70
2020-10-24 03:00:00,125,,187,98,,,92,,,136,121,31,74
2020-10-24 04:00:00,37,194,281,100,,,38,,,153,119,31,97
2020-10-24 05:00:00,83,194,323,188,,,32,,,92,20,31,97
2020-10-24 06:00:00,97,195,324,195,,,40,,,322,330,,100
2020-10-24 07:00:00,103,195,259,188,,,45,,,314,317,26,98
2020-10-24 08:00:00,119,195,303,190,,,52,,,315,260,29,103
2020-10-24 09:00:00,136,,326,177,,,69,,,305,210,30,76
2020-10-24 10:00:00,96,194,327,146,,,48,,,288,188,30,86
2020-10-24 11:00:00,71,193,316,230,,,50,,,288,171,30,97
2020-10-24 12:00:00,69,192,194,189,,,43,,,268,180,,98
2020-10-24 13:00:00,48,192,134,178,,,66,,,184,157,31,97
2020-10-24 14:00:00,124,192,151,171,,,68,,,144,156,30,89
2020-10-24 15:00:00,80,,143,156,,,80,,,150,153,29,84
2020-10-24 16:00:00,85,193,134,131,,,91,,,146,155,30,89
2020-10-24 17:00:00,90,192,150,108,,,119,,,143,147,31,88
2020-10-24 18:00:00,91,192,138,113,,,115,,,146,152,30,79
2020-10-24 19:00:00,88,193,143,89,,,132,,,149,136,31,74
2020-10-24 20:00:00,72,193,147,84,,,137,,,148,136,31,82
2020-10-24 21:00:00,47,193,140,87,9,,134,,,142,161,31,93
2020-10-24 22:00:00,65,,148,97,9,,124,,,140,,,80
2020-10-24 23:00:00,97,,145,129,10,,153,,,148,199,30,70
2020-10-25 00:00:00,106,,164,65,10,,128,,,158,186,29,89
2020-10-25 01:00:00,119,,157,105,10,,219,,,195,28,29,151
2020-10-25 02:00:00,110,,142,75,9,,292,,,165,34,30,142
2020-10-25 03:00:00,140,,89,53,9,,216,,,60,30,28,195
2020-10-25 04:00:00,88,,148,47,9,,67,,,47,8,27,233
2020-10-25 05:00:00,280,,124,308,11,,21,,,43,2,23,208
2020-10-25 06:00:00,259,194,62,290,11,,9,,,77,7,27,236
2020-10-25 07:00:00,229,194,93,263,11,,17,,,143,353,22,238
2020-10-25 08:00:00,232,194,231,280,,,17,,,269,275,22,247
2020-10-25 09:00:00,282,193,285,298,,,33,,,249,276,21,283
2020-10-25 10:00:00,48,192,252,303,,,47,,,209,170,27,63
2020-10-25 11:00:00,65,192,259,171,,,67,,,211,160,31,74
2020-10-25 12:00:00,70,193,141,131,10,,61,,,153,155,30,76
2020-10-25 13:00:00,88,197,141,136,10,,85,,,145,159,30,86
2020-10-25 14:00:00,74,195,125,143,10,,92,,,126,134,31,82
2020-10-25 15:00:00,64,197,130,127,,,94,,,148,146,31,79
2020-10-25 16:00:00,61,197,143,102,,,95,,,153,156,30,73
2020-10-25 17:00:00,119,195,141,93,,,118,,,133,135,30,75
2020-10-25 18:00:00,113,194,127,102,,,119,,,108,64,30,73
2020-10-25 19:00:00,87,193,95,106,,,101,,,104,67,31,92
2020-10-25 20:00:00,341,193,134,103,,,59,,,165,161,31,98
2020-10-25 21:00:00,110,193,131,122,,,40,,,127,129,30,114
2020-10-25 22:00:00,46,192,134,106,11,,89,,,136,123,30,145
2020-10-25 23:00:00,9,192,141,138,10,,79,,,155,124,30,140
2020-10-26 00:00:00,18,193,137,10,11,,87,,,134,112,24,126
2020-10-26 01:00:00,28,191,135,344,10,,83,,,135,89,27,120
2020-10-26 02:00:00,44,189,136,113,10,,108,,,124,113,30,106
2020-10-26 03:00:00,60,189,137,133,10,,122,,,124,128,29,83
2020-10-26 04:00:00,89,189,136,119,,,97,,,127,124,29,95
2020-10-26 05:00:00,54,191,133,124,,,80,,,121,125,29,112
2020-10-26 06:00:00,353,192,148,81,,,76,,,161,153,27,171
2020-10-26 07:00:00,31,194,91,167,,,80,,,192,208,24,218
2020-10-26 08:00:00,22,195,116,256,,,91,,,136,54,26,235
2020-10-26 09:00:00,16,191,84,335,11,,76,,,162,343,24,241
2020-10-26 10:00:00,9,191,53,312,10,,58,,,108,89,25,184
2020-10-26 11:00:00,17,194,164,128,10,,71,,,171,152,28,75
2020-10-26 12:00:00,83,208,120,155,10,,55,,,126,153,30,73
2020-10-26 13:00:00,71,199,132,134,,,76,,,139,156,30,74
2020-10-26 14:00:00,49,205,130,85,,,94,,,150,144,30,67
2020-10-26 15:00:00,44,195,91,79,,,76,,,125,161,31,70
2020-10-26 16:00:00,81,207,103,88,,,89,,,141,140,30,70
2020-10-26 17:00:00,80,194,116,104,,,122,,,198,139,30,76
2020-10-26 18:00:00,133,193,131,105,,,133,,,217,226,30,85
2020-10-26 19:00:00,118,193,102,107,,,132,,,139,320,31,88
2020-10-26 20:00:00,123,193,93,83,,,94,,,143,77,31,89
2020-10-26 21:00:00,80,194,81,84,,,87,,,89,94,31,87
2020-10-26 22:00:00,79,193,94,83,,,46,,,115,95,29,62
2020-10-26 23:00:00,55,196,234,76,,,38,,,121,105,29,54
2020-10-27 00:00:00,13,196,291,56,,,51,181,,100,92,31,65
2020-10-27 01:00:00,32,196,268,62,,,43,181,,87,100,31,105
2020-10-27 02:00:00,18,,336,85,,,52,181,,255,105,31,104
2020-10-27 03:00:00,43,199,335,245,11,,39,,,202,164,,111
2020-10-27 04:00:00,45,202,324,186,10,,44,,,233,171,,100
2020-10-27 05:00:00,51,202,334,185,10,,53,,,317,177,,95
2020-10-27 06:00:00,83,211,309,223,10,,49,,,320,331,30,96
2020-10-27 07:00:00,83,221,338,202,,,43,,,316,307,30,102
2020-10-27 08:00:00,85,222,334,194,,,53,,,317,306,29,100
2020-10-27 09:00:00,92,222,325,190,,,55,180,,323,297,29,95
2020-10-27 10:00:00,84,219,265,196,,,54,180,,321,164,27,94
2020-10-27 11:00:00,73,218,285,216,,,44,180,,314,165,29,82
2020-10-27 12:00:00,87,213,250,211,,,49,,,244,156,30,97
2020-10-27 13:00:00,82,206,258,215,,,52,,,313,148,30,89
2020-10-27 14:00:00,63,215,167,219,,,49,,,301,158,30,89
2020-10-27 15:00:00,83,224,326,229,,,54,,,301,157,,82
2020-10-27 16:00:00,69,217,268,195,,,53,,,307,221,,86
2020-10-27 17:00:00,83,203,319,205,,,58,,,185,171,,85
2020-10-27 18:00:00,77,205,322,159,,,60,,,172,155,31,89
2020-10-27 19:00:00,43,207,260,207,,,45,,,148,160,31,77
2020-10-27 20:00:00,20,202,293,251,,,45,,,148,164,30,82
2020-10-27 21:00:00,48,202,291,281,,,52,,,155,164,31,88
2020-10-27 22:00:00,38,201,290,261,,,45,,,232,176,30,83
2020-10-27 23:00:00,52,207,336,261,,,46,,,324,181,30,72
2020-10-28 00:00:00,71,243,266,252,9,,35,,,336,318,29,70
2020-10-28 01:00:00,72,226,342,271,10,,44,,,340,327,28,76
2020-10-28 02:00:00,68,219,341,194,11,,36,,,337,337,29,72
2020-10-28 03:00:00,86,221,337,144,11,,43,,,336,344,29,88
2020-10-28 04:00:00,56,244,343,155,11,,45,,,334,339,29,73
2020-10-28 05:00:00,65,258,342,289,,,55,,,340,345,,75
2020-10-28 06:00:00,129,261,321,136,,,49,,,334,330,30,77
2020-10-28 07:00:00,90,259,197,144,,,52,,,324,326,29,73
2020-10-28 08:00:00,128,256,31,162,,,53,,,322,319,28,74
2020-10-28 09:00:00,112,256,221,161,,,78,,,313,326,31,87
2020-10-28 10:00:00,81,250,200,168,,,61,,,209,339,30,87
2020-10-28 11:00:00,98,220,252,151,,,62,,,219,358,30,74
2020-10-28 12:00:00,74,219,228,150,,,58,,,168,6,30,89
2020-10-28 13:00:00,124,204,198,158,,,90,,,142,156,,85
2020-10-28 14:00:00,130,217,130,152,10,,76,,,208,149,29,91
2020-10-28 15:00:00,140,209,86,142,10,,76,,,145,139,30,92
2020-10-28 16:00:00,110,206,132,140,10,,96,,,142,153,30,91
2020-10-28 17:00:00,79,200,134,122,,,128,,,142,144,30,92
2020-10-28 18:00:00,73,199,140,108,,,129,,,156,118,,75
2020-10-28 19:00:00,111,198,135,117,,,133,,,145,105,,85
2020-10-28 20:00:00,113,198,136,112,,,163,,,135,159,,83
2020-10-28 21:00:00,91,198,140,104,,,102,,,172,161,,89
2020-10-28 22:00:00,64,,147,109,11,,76,,,193,182,,78
2020-10-28 23:00:00,78,,104,98,11,,79,,,183,290,,88
2020-10-29 00:00:00,58,199,286,106,11,,36,,,194,335,,77
2020-10-29 01:00:00,303,199,271,313,10,,13,,,250,281,23,155
2020-10-29 02:00:00,242,199,293,312,11,,303,,,258,288,22,240
2020-10-29 03:00:00,249,201,282,324,11,,273,,,245,286,27,257
2020-10-29 04:00:00,,199,289,334,11,,281,,,296,320,26,278
2020-10-29 05:00:00,,200,317,299,,,319,,,293,312,26,258
2020-10-29 06:00:00,,200,306,305,,,320,,,299,320,29,234
2020-10-29 07:00:00,,211,310,317,,,7,,,215,12,26,97
2020-10-29 08:00:00,,200,309,308,,,357,,,304,279,26,96
2020-10-29 09:00:00,,198,323,141,,,2,,,308,320,29,69
2020-10-29 10:00:00,215,199,322,81,,,263,,,312,331,29,58
2020-10-29 11:00:00,49,199,256,323,,,108,,,255,12,26,206
2020-10-29 12:00:00,50,200,293,274,,,39,,,245,341,23,85
2020-10-29 13:00:00,43,202,224,321,,,40,,,258,345,30,88
2020-10-29 14:00:00,51,203,230,328,,,50,,,181,359,,101
2020-10-29 15:00:00,153,207,246,284,,,42,,,249,349,30,107
2020-10-29 16:00:00,63,206,186,185,,,47,,,211,4,,111
2020-10-29 17:00:00,44,203,188,47,,,36,,,168,7,31,103
2020-10-29 18:00:00,57,203,136,40,,,35,,,258,354,31,109
2020-10-29 19:00:00,87,201,242,51,10,,36,,,316,335,30,104
2020-10-29 20:00:00,112,200,295,216,10,,48,,,308,324,30,100
2020-10-29 21:00:00,134,199,312,166,10,,75,,,311,306,30,97
2020-10-29 22:00:00,147,199,311,125,,,99,,,316,318,,75
2020-10-29 23:00:00,107,200,298,172,11,,81,,,303,315,,89
2020-10-30 00:00:00,126,199,285,189,9,,76,,,270,135,,102
2020-10-30 01:00:00,105,199,276,183,9,,52,,,116,183,,98
2020-10-30 02:00:00,8,199,286,261,10,,25,,,130,267,,91
2020-10-30 03:00:00,91,,293,229,8,,35,,,,268,,99
2020-10-30 04:00:00,154,,308,115,8,,88,,,201,284,29,100
2020-10-30 05:00:00,136,,315,179,10,,77,,,174,206,29,94
2020-10-30 06:00:00,78,198,196,258,11,,35,,,174,249,30,104
2020-10-30 07:00:00,84,198,270,236,9,,33,,,189,217,30,100
2020-10-30 08:00:00,114,197,165,245,9,,140,,,182,177,30,84
2020-10-30 09:00:00,65,197,165,305,10,,70,,,174,180,,76
2020-10-30 10:00:00,84,197,153,290,10,,48,,,169,150,,84
2020-10-30 11:00:00,3,,255,230,10,,23,,,191,159,,82
2020-10-30 12:00:00,90,198,184,123,,,45,,,80,65,,84
2020-10-30 13:00:00,52,199,165,149,,,45,,,241,202,,72
2020-10-30 14:00:00,88,200,132,150,,,60,,,141,151,30,69
2020-10-30 15:00:00,73,203,159,91,,,62,,,129,180,30,80
2020-10-30 16:00:00,53,202,122,80,,,48,,,159,195,30,71
2020-10-30 17:00:00,82,200,115,75,,,95,,,120,,,73
2020-10-30 18:00:00,97,199,122,101,,,127,,,121,,,87
2020-10-30 19:00:00,128,199,135,107,,,134,,,125,,,79
2020-10-30 20:00:00,116,198,139,103,,,129,,,159,,,70
2020-10-30 21:00:00,113,198,145,103,,,121,,,190,,,67
2020-10-30 22:00:00,111,198,143,105,,,123,,,188,,,74
2020-10-30 23:00:00,93,,142,103,11,,117,,,194,,29,73
2020-10-31 00:00:00,93,,149,101,11,,129,,,235,,27,153
2020-10-31 01:00:00,153,,151,301,8,,273,,,225,,17,147
2020-10-31 02:00:00,129,,60,123,8,,213,,,187,,21,198
2020-10-31 03:00:00,194,199,86,264,9,,14,,,91,,19,237
2020-10-31 04:00:00,221,203,123,281,10,,33,,,121,,21,226
2020-10-31 05:00:00,235,204,291,306,11,,35,,,90,,20,231
2020-10-31 06:00:00,266,203,321,304,11,,30,,,154,,12,223
2020-10-31 07:00:00,255,208,323,316,11,,16,,,306,,24,232
2020-10-31 08:00:00,243,202,307,302,,,25,,,313,,24,234
2020-10-31 09:00:00,292,198,294,301,,,317,,,299,,25,254
2020-10-31 10:00:00,12,198,182,336,,,10,,,192,,26,246
2020-10-31 11:00:00,14,198,117,266,,,54,,,211,,25,85
2020-10-31 12:00:00,14,,150,155,10,,63,,,146,,26,80
2020-10-31 13:00:00,82,,147,137,10,,73,,,166,,27,77
2020-10-31 14:00:00,82,199,168,133,10,,69,,,125,,29,76
2020-10-31 15:00:00,69,202,152,141,,,76,,,108,,30,76
2020-10-31 16:00:00,74,201,144,124,,,93,,,143,,30,75
2020-10-31 17:00:00,61,199,149,123,,,106,,,141,,30,85
2020-10-31 18:00:00,88,198,144,105,,,105,,,132,,,95
2020-10-31 19:00:00,116,198,127,98,9,,153,,,157,,29,137
2020-10-31 20:00:00,123,198,145,128,8,,101,,,207,,29,152
2020-10-31 21:00:00,220,,142,94,10,,91,,,231,,22,210
2020-10-31 22:00:00,220,199,144,358,9,,90,,,241,,22,232
2020-10-31 23:00:00,245,199,168,301,11,,319,,,240,,19,234
2020-11-01 00:00:00,,,,,,,,,,,,,
2020-11-01 01:00:00,262,200,133,288,11,,284,,,264,,27,230
2020-11-01 02:00:00,247,203,334,305,11,,291,,,302,,26,234
2020-11-01 03:00:00,246,204,303,309,11,,271,,,286,,29,227
2020-11-01 04:00:00,264,203,297,309,,,266,,,300,,25,238
2020-11-01 05:00:00,247,204,303,314,,,263,,,316,,26,214
2020-11-01 06:00:00,305,204,303,314,,,257,,,305,,26,235
2020-11-01 07:00:00,300,204,292,313,,,259,,,312,,25,228
2020-11-01 08:00:00,266,205,310,321,,,263,,,318,,26,225
2020-11-01 09:00:00,304,201,306,321,,,304,,,320,,24,318
2020-11-01 10:00:00,63,199,298,154,,,16,,,322,,29,43
2020-11-01 11:00:00,55,198,218,148,10,,36,,,226,,28,96
2020-11-01 12:00:00,22,199,243,359,10,,53,,,208,,30,86
2020-11-01 13:00:00,69,200,163,93,10,,76,,,126,,30,78
2020-11-01 14:00:00,89,200,132,125,11,,64,,,131,,30,71
2020-11-01 15:00:00,72,204,98,123,10,,112,,,90,,29,73
2020-11-01 16:00:00,97,204,125,113,10,,104,,,78,,29,70
2020-11-01 17:00:00,98,199,124,109,10,,123,,,96,,29,69
2020-11-01 18:00:00,114,199,107,83,,,116,,,92,,31,100
2020-11-01 19:00:00,99,198,112,56,,,99,,,100,,30,89
2020-11-01 20:00:00,106,197,162,86,,,112,,,193,94,31,105
2020-11-01 21:00:00,154,197,133,98,,,120,,,221,281,31,103
2020-11-01 22:00:00,143,197,210,105,,,144,,,130,308,30,84
2020-11-01 23:00:00,101,,57,115,,,81,,,116,123,31,81
2020-11-02 00:00:00,67,,84,72,11,,71,,,115,117,30,113
2020-11-02 01:00:00,5,196,152,123,10,,117,,,193,199,30,99
2020-11-02 02:00:00,98,196,149,161,11,,124,,,178,176,29,121
2020-11-02 03:00:00,74,196,139,131,10,,103,,,135,146,29,143
2020-11-02 04:00:00,72,195,88,115,10,,100,,,188,330,30,107
2020-11-02 05:00:00,100,195,203,110,10,,82,,,109,354,30,84
2020-11-02 06:00:00,113,196,310,109,,,50,,,78,341,30,83
2020-11-02 07:00:00,30,197,319,104,,,43,,,245,313,,86
2020-11-02 08:00:00,349,197,320,104,,,46,,,107,4,,116
2020-11-02 09:00:00,55,196,146,99,,,47,,,99,26,,79
2020-11-02 10:00:00,67,195,58,113,,,65,,,62,67,,75
2020-11-02 11:00:00,66,195,104,104,,,73,,,104,103,,71
2020-11-02 12:00:00,83,195,171,123,,,79,,,81,167,,69
2020-11-02 13:00:00,77,,97,108,,,77,,,87,121,29,58
2020-11-02 14:00:00,64,197,104,95,,,83,,,115,89,29,57
2020-11-02 15:00:00,67,199,113,94,,,92,,,99,103,29,53
2020-11-02 16:00:00,90,200,123,95,,,103,,,116,100,,62
2020-11-02 17:00:00,99,198,106,95,,,115,,,111,92,,80
2020-11-02 18:00:00,106,198,102,94,,,110,,,114,93,31,93
2020-11-02 19:00:00,93,198,102,97,,,121,,,106,103,31,90
2020-11-02 20:00:00,109,,126,99,,,124,,,164,142,31,84
2020-11-02 21:00:00,124,202,146,96,,,118,,,197,199,30,74
2020-11-02 22:00:00,131,197,146,101,,,115,,,192,265,31,75
2020-11-02 23:00:00,138,197,142,109,,,118,,,181,240,31,128
2020-11-03 00:00:00,122,197,142,120,,,110,,,170,147,30,134
2020-11-03 01:00:00,75,,107,104,11,,100,,,106,102,30,145
2020-11-03 02:00:00,57,202,113,107,10,,89,,,164,143,30,121
2020-11-03 03:00:00,28,201,127,139,10,,58,,,154,341,,113
2020-11-03 04:00:00,46,201,67,293,11,,30,,,37,14,18,147
2020-11-03 05:00:00,27,200,67,297,9,,1,,,223,18,24,208
2020-11-03 06:00:00,269,201,273,304,10,,354,,,293,18,21,239
2020-11-03 07:00:00,234,201,332,316,11,,36,,,247,324,25,225
2020-11-03 08:00:00,261,204,324,314,11,,39,,,296,300,24,235
2020-11-03 09:00:00,29,200,220,328,11,,49,,,201,30,27,54
2020-11-03 10:00:00,22,200,97,306,,,64,,,114,24,29,84
2020-11-03 11:00:00,69,199,123,212,10,,76,,,127,156,30,81
2020-11-03 12:00:00,79,199,126,121,10,,96,,,139,157,30,66
2020-11-03 13:00:00,56,195,106,107,10,,105,,,115,149,30,75
2020-11-03 14:00:00,55,196,138,100,,,95,,,118,139,29,57
2020-11-03 15:00:00,82,198,143,96,,,107,,,113,135,28,46
2020-11-03 16:00:00,111,198,145,98,,,127,,,121,133,29,78
2020-11-03 17:00:00,107,197,132,95,,,126,,,114,116,30,80
2020-11-03 18:00:00,83,197,108,93,,,112,,,108,120,30,77
2020-11-03 19:00:00,107,197,103,96,,,107,,,124,113,31,81
2020-11-03 20:00:00,135,,133,97,,,102,,,185,182,31,75
2020-11-03 21:00:00,141,,148,108,,,111,,,184,199,30,126
2020-11-03 22:00:00,126,198,139,124,11,,120,,,128,124,29,151
2020-11-03 23:00:00,65,197,127,105,11,,106,,,122,139,29,178
2020-11-04 00:00:00,328,197,130,131,10,,74,,,185,112,21,161
2020-11-04 01:00:00,346,196,96,297,10,,60,,,110,73,17,168
2020-11-04 02:00:00,45,198,70,297,9,,46,,,60,54,23,145
2020-11-04 03:00:00,17,200,86,282,9,,47,,,245,1,25,174
2020-11-04 04:00:00,9,201,231,276,10,,36,,,304,327,26,201
2020-11-04 05:00:00,293,202,318,301,11,,14,,,134,351,24,208
2020-11-04 06:00:00,308,203,302,314,11,,290,,,310,349,25,237
2020-11-04 07:00:00,267,203,304,322,11,,297,,,324,333,23,226
2020-11-04 08:00:00,256,207,302,321,,,289,,,318,344,19,239
2020-11-04 09:00:00,273,203,304,305,,,283,,,333,350,23,243
2020-11-04 10:00:00,21,197,194,310,,,334,,,230,25,25,205
2020-11-04 11:00:00,51,211,143,3,10,,48,,,132,67,28,74
2020-11-04 12:00:00,78,209,130,162,10,,67,,,159,154,30,77
2020-11-04 13:00:00,69,200,114,132,10,,82,,,114,145,30,71
2020-11-04 14:00:00,57,198,127,109,,,109,,,149,134,29,73
2020-11-04 15:00:00,64,199,139,92,,,122,,,126,176,30,67
2020-11-04 16:00:00,155,202,131,98,,,132,,,122,117,29,71
2020-11-04 17:00:00,142,198,93,96,,,117,,,106,112,30,77
2020-11-04 18:00:00,117,196,100,94,,,106,,,103,99,30,95
2020-11-04 19:00:00,97,197,101,98,,,114,,,137,110,31,96
2020-11-04 20:00:00,119,197,150,94,,,98,,,194,162,30,127
2020-11-04 21:00:00,221,197,140,102,,,65,,,150,128,29,145
2020-11-04 22:00:00,300,198,110,86,11,,60,,,107,120,27,157
2020-11-04 23:00:00,18,197,138,113,11,,98,,,193,171,24,125
2020-11-05 00:00:00,323,196,135,105,10,,50,,,143,154,25,149
2020-11-05 01:00:00,336,197,100,271,10,,44,,,92,25,27,145
2020-11-05 02:00:00,357,199,100,255,9,,44,,,85,110,26,129
2020-11-05 03:00:00,339,199,74,276,10,,28,,,247,332,23,213
2020-11-05 04:00:00,,196,328,280,10,,3,,,297,9,26,197
2020-11-05 05:00:00,308,193,308,295,10,,359,,,301,318,24,237
2020-11-05 06:00:00,274,189,281,312,,,4,,,314,305,27,210
2020-11-05 07:00:00,248,194,270,299,11,,319,,,311,310,24,241
2020-11-05 08:00:00,241,219,289,292,11,,290,,,319,322,27,234
2020-11-05 09:00:00,261,217,313,274,10,,298,,,273,13,26,238
2020-11-05 10:00:00,278,202,246,346,11,,275,,,175,274,23,228
2020-11-05 11:00:00,333,196,199,322,11,,11,,,195,151,24,174
2020-11-05 12:00:00,98,194,133,153,10,,66,,,140,112,27,88
2020-11-05 13:00:00,72,195,134,157,10,,84,,,143,149,29,74
2020-11-05 14:00:00,63,195,130,117,10,,85,,,116,124,29,62
2020-11-05 15:00:00,76,198,138,104,,,99,,,123,122,29,62
2020-11-05 16:00:00,80,199,82,100,,,94,,,117,133,28,52
2020-11-05 17:00:00,93,198,118,93,,,94,,,116,117,29,85
2020-11-05 18:00:00,102,197,93,89,,,104,,,97,94,31,101
2020-11-05 19:00:00,114,196,102,89,,,105,,,96,78,31,105
2020-11-05 20:00:00,113,196,108,100,,,119,,,175,74,30,98
2020-11-05 21:00:00,122,196,153,104,,,122,,,215,277,31,104
2020-11-05 22:00:00,142,197,157,112,,,151,,,206,245,30,124
2020-11-05 23:00:00,105,197,127,141,9,,168,,,149,104,30,167
2020-11-06 00:00:00,41,196,121,158,9,,97,,,76,98,29,167
2020-11-06 01:00:00,55,196,100,146,10,,64,,,133,170,19,125
2020-11-06 02:00:00,9,198,112,243,11,,47,,,57,331,26,132
2020-11-06 03:00:00,5,198,131,257,10,,45,,,71,,24,153
2020-11-06 04:00:00,272,195,154,304,10,,22,,,275,296,24,173
2020-11-06 05:00:00,253,196,68,273,11,,21,,,135,38,25,240
2020-11-06 06:00:00,272,196,33,264,11,,13,,,160,327,26,231
2020-11-06 07:00:00,237,196,26,294,11,,39,,,80,341,24,246
2020-11-06 08:00:00,237,,176,280,,,19,,,308,317,23,250
2020-11-06 09:00:00,229,,292,286,,,281,,,275,359,18,252
2020-11-06 10:00:00,241,193,185,310,,,330,,,189,21,23,210
2020-11-06 11:00:00,18,192,134,18,10,,20,,,91,121,28,115
2020-11-06 12:00:00,24,192,139,112,10,,96,,,138,139,30,76
2020-11-06 13:00:00,69,192,128,114,10,,94,,,158,142,29,59
2020-11-06 14:00:00,89,195,134,102,,,103,,,139,158,28,61
2020-11-06 15:00:00,81,197,98,87,,,98,,,129,157,28,59
2020-11-06 16:00:00,87,198,91,107,,,116,,,145,140,29,84
2020-11-06 17:00:00,111,197,109,105,,,129,,,118,118,30,100
2020-11-06 18:00:00,109,197,103,104,,,122,,,108,102,30,93
2020-11-06 19:00:00,121,197,104,101,,,135,,,104,78,31,100
2020-11-06 20:00:00,105,,111,97,,,130,,,178,110,30,105
2020-11-06 21:00:00,127,,152,99,,,124,,,191,174,31,109
2020-11-06 22:00:00,139,,146,94,,,98,,,182,227,31,108
2020-11-06 23:00:00,80,,145,93,,,103,,,130,115,30,100
2020-11-07 00:00:00,72,,114,85,,,85,,,123,111,30,103
2020-11-07 01:00:00,322,,142,101,,,107,,,173,122,30,118
2020-11-07 02:00:00,48,196,147,97,,,105,,,200,109,29,120
2020-11-07 03:00:00,14,197,97,119,,,83,,,79,86,23,143
2020-11-07 04:00:00,86,197,99,277,11,,70,,,90,108,24,157
2020-11-07 05:00:00,111,197,139,258,9,,71,,,145,159,19,141
2020-11-07 06:00:00,171,196,156,250,10,,41,,,166,304,24,237
2020-11-07 07:00:00,235,196,138,274,10,,30,,,137,346,23,252
2020-11-07 08:00:00,266,203,320,290,10,,11,,,241,8,25,249
2020-11-07 09:00:00,331,204,305,301,9,,312,,,152,48,20,263
2020-11-07 10:00:00,43,197,128,312,10,,39,,,84,145,25,85
2020-11-07 11:00:00,28,194,103,177,10,,56,,,99,140,29,81
2020-11-07 12:00:00,53,193,127,145,10,,55,,,124,142,30,79
2020-11-07 13:00:00,11,194,134,117,,,91,,,128,138,29,75
2020-11-07 14:00:00,53,195,143,121,,,119,,,143,138,29,80
2020-11-07 15:00:00,75,196,142,105,,,121,,,126,152,30,57
2020-11-07 16:00:00,133,197,149,96,,,122,,,120,121,29,64
2020-11-07 17:00:00,110,196,125,95,,,125,,,115,123,29,77
2020-11-07 18:00:00,87,196,107,97,,,125,,,116,114,31,84
2020-11-07 19:00:00,118,196,102,97,,,121,,,125,109,31,86
2020-11-07 20:00:00,116,,136,96,,,98,,,184,169,30,86
2020-11-07 21:00:00,127,197,154,99,,,106,,,191,180,30,115
2020-11-07 22:00:00,125,197,141,105,,,119,,,124,131,30,119
2020-11-07 23:00:00,90,197,132,95,,,96,,,115,129,,123
2020-11-08 00:00:00,76,196,134,92,,,88,,,108,112,,91
2020-11-08 01:00:00,35,196,109,122,,,70,,,102,89,,125
2020-11-08 02:00:00,30,196,119,345,,,56,,,139,90,,120
2020-11-08 03:00:00,7,198,138,300,11,,44,,,93,123,29,115
2020-11-08 04:00:00,6,200,160,262,10,,34,,,139,290,23,157
2020-11-08 05:00:00,222,201,166,193,10,,19,,,267,21,25,178
2020-11-08 06:00:00,217,201,154,268,10,,27,,,287,359,27,223
2020-11-08 07:00:00,222,201,269,291,11,,25,,,147,343,22,231
2020-11-08 08:00:00,284,204,275,305,11,,14,,,112,341,25,220
2020-11-08 09:00:00,330,201,254,303,10,,15,,,137,242,22,228
2020-11-08 10:00:00,337,195,177,301,10,,32,,,89,72,29,138
2020-11-08 11:00:00,21,194,85,116,10,,42,,,92,93,23,60
2020-11-08 12:00:00,60,193,133,174,,,77,,,110,121,25,81
2020-11-08 13:00:00,85,193,124,157,,,58,,,130,146,28,76
2020-11-08 14:00:00,90,193,128,148,,,89,,,130,137,30,72
2020-11-08 15:00:00,71,198,137,117,,,87,,,130,148,30,80
2020-11-08 16:00:00,71,196,139,114,,,119,,,126,154,30,79
2020-11-08 17:00:00,69,195,141,91,,,107,,,139,125,,74
2020-11-08 18:00:00,124,195,128,101,,,122,,,117,114,,83
2020-11-08 19:00:00,113,195,108,104,,,107,,,135,109,,72
2020-11-08 20:00:00,30,,148,96,,,85,,,197,212,,104
2020-11-08 21:00:00,313,196,131,116,,,74,,,197,338,,150
2020-11-08 22:00:00,338,198,111,207,11,,75,,,99,114,25,153
2020-11-08 23:00:00,29,198,141,109,10,,84,,,185,155,27,136
2020-11-09 00:00:00,359,197,134,134,10,,66,,,141,146,29,120
2020-11-09 01:00:00,306,197,126,183,10,,58,,,133,128,28,122
2020-11-09 02:00:00,347,198,100,288,,,45,,,151,97,27,214
2020-11-09 03:00:00,27,198,91,184,,,44,,,112,64,29,145
2020-11-09 04:00:00,18,197,109,270,,,43,,,90,49,22,159
2020-11-09 05:00:00,334,198,179,280,,,12,,,136,317,27,222
2020-11-09 06:00:00,319,198,253,283,9,,285,,,306,346,26,239
2020-11-09 07:00:00,300,199,245,302,11,,292,,,296,2,26,221
2020-11-09 08:00:00,263,198,298,324,11,,294,,,296,357,,219
2020-11-09 09:00:00,323,198,278,289,11,,342,,,258,319,22,240
2020-11-09 10:00:00,57,194,201,147,,,30,,,142,233,29,80
2020-11-09 11:00:00,22,192,147,50,,,62,,,134,,28,87
2020-11-09 12:00:00,82,191,136,131,10,,72,,,124,144,27,81
2020-11-09 13:00:00,86,192,131,147,10,,95,,,132,141,28,80
2020-11-09 14:00:00,80,193,119,141,10,,105,,,132,136,28,78
2020-11-09 15:00:00,67,194,124,129,,,108,,,126,151,28,76
2020-11-09 16:00:00,59,195,139,107,,,89,,,152,152,,70
2020-11-09 17:00:00,95,194,139,95,,,113,,,168,143,,74
2020-11-09 18:00:00,104,194,138,102,,,121,,,133,121,27,85
2020-11-09 19:00:00,126,194,125,109,,,111,,,138,121,28,103
2020-11-09 20:00:00,118,,137,111,,,105,,,141,147,28,147
2020-11-09 21:00:00,140,195,133,112,11,,241,,,157,146,25,164
2020-11-09 22:00:00,182,360,116,108,11,,212,,,154,126,23,219
2020-11-09 23:00:00,231,360,102,155,10,,40,,,116,121,24,229
2020-11-10 00:00:00,251,360,97,253,10,,54,,,118,114,23,222
2020-11-10 01:00:00,70,,107,203,9,,63,,,117,64,22,211
2020-11-10 02:00:00,344,,95,282,10,,54,,,136,65,25,169
2020-11-10 03:00:00,305,,128,289,11,,35,,,201,9,25,218
2020-11-10 04:00:00,301,,298,287,11,,1,,,270,351,24,218
2020-11-10 05:00:00,295,,303,288,11,,341,,,280,347,23,180
2020-11-10 06:00:00,260,,295,332,,,279,,,271,352,25,247
2020-11-10 07:00:00,212,,278,280,,,68,,,272,327,23,123
2020-11-10 08:00:00,339,,277,109,,,46,,,227,359,24,163
2020-11-10 09:00:00,93,,242,122,,,38,,,189,340,25,134
2020-11-10 10:00:00,62,,106,295,,,51,,,176,25,27,81
2020-11-10 11:00:00,75,,146,164,,,69,,,98,58,27,79
2020-11-10 12:00:00,88,,108,190,,,91,,,142,156,27,87
2020-11-10 13:00:00,123,,61,138,,,81,,,110,133,,104
2020-11-10 14:00:00,82,,102,62,10,,64,,,137,159,28,79
2020-11-10 15:00:00,59,,63,59,10,,76,,,152,177,27,73
2020-11-10 16:00:00,54,,183,54,10,,72,,,160,145,27,67
2020-11-10 17:00:00,30,,225,56,,,56,,,149,132,27,60
2020-11-10 18:00:00,23,,53,44,,,62,,,118,99,,61
2020-11-10 19:00:00,57,,136,67,,,64,,,105,110,28,58
2020-11-10 20:00:00,99,,140,89,,,115,,,148,162,28,62
2020-11-10 21:00:00,119,,143,99,,,109,,,163,171,28,72
2020-11-10 22:00:00,129,,151,89,,,104,,,184,180,,64
2020-11-10 23:00:00,139,,153,79,,,131,,,178,192,,64
2020-11-11 00:00:00,147,,153,93,,,114,,,184,189,,82
2020-11-11 01:00:00,121,,148,108,,,132,,,154,160,,68
2020-11-11 02:00:00,122,,145,109,,,124,,,144,165,,62
2020-11-11 03:00:00,94,,144,101,,,106,,,150,153,,56
2020-11-11 04:00:00,83,,153,93,,,107,,,163,169,,70
2020-11-11 05:00:00,88,,148,103,,,132,,,194,176,,61
2020-11-11 06:00:00,97,,146,127,,,122,,,202,190,,72
2020-11-11 07:00:00,94,,122,119,,,104,,,195,170,,83
2020-11-11 08:00:00,80,,95,98,,,90,,,143,163,,81
2020-11-11 09:00:00,74,,79,87,,,78,,,152,238,,78
2020-11-11 10:00:00,69,,56,13,,,66,,,89,319,,80
2020-11-11 11:00:00,68,,102,152,,,53,,,87,337,,84
2020-11-11 12:00:00,89,,65,128,,,75,,,128,191,27,74
2020-11-11 13:00:00,78,,113,104,,,89,,,134,162,28,77
2020-11-11 14:00:00,103,,130,108,,,125,,,139,134,28,80
2020-11-11 15:00:00,135,184,128,115,,,131,,,125,151,28,78
2020-11-11 16:00:00,139,185,147,107,,,130,,,136,149,27,68
2020-11-11 17:00:00,126,187,154,113,,,136,,,162,153,27,66
2020-11-11 18:00:00,119,189,151,116,,,132,,,176,175,28,78
2020-11-11 19:00:00,125,192,149,109,,,136,,,194,200,27,84
2020-11-11 20:00:00,107,194,154,115,,,157,,,204,237,27,83
2020-11-11 21:00:00,111,196,154,110,11,,222,,,199,204,27,109
2020-11-11 22:00:00,131,197,150,114,11,,258,,,210,192,,119
2020-11-11 23:00:00,121,197,144,135,11,,307,,,182,181,,135
2020-11-12 00:00:00,88,196,92,192,,,223,,,123,53,26,153
2020-11-12 01:00:00,91,195,99,127,,,95,,,84,72,26,188
2020-11-12 02:00:00,72,195,105,101,,,72,,,120,93,21,195
2020-11-12 03:00:00,76,195,93,128,10,,62,,,117,84,28,248
2020-11-12 04:00:00,75,,88,125,10,,61,,,91,45,28,114
2020-11-12 05:00:00,69,194,65,208,11,,59,,,64,30,30,116
2020-11-12 06:00:00,57,193,73,244,10,,60,,,42,51,30,240
2020-11-12 07:00:00,19,193,72,239,10,,51,,,55,75,27,260
2020-11-12 08:00:00,68,193,115,169,10,,73,,,102,132,29,249
2020-11-12 09:00:00,66,,150,82,,,66,,,128,171,28,254
2020-11-12 10:00:00,22,194,128,245,11,,49,,,110,176,28,117
2020-11-12 11:00:00,21,195,54,284,11,,58,,,112,162,28,112
2020-11-12 12:00:00,59,195,100,136,10,,51,,,134,178,,82
2020-11-12 13:00:00,84,193,143,99,10,,62,,,107,158,,100
2020-11-12 14:00:00,84,191,112,112,10,,65,,,105,107,,83
2020-11-12 15:00:00,47,191,110,113,,,70,,,117,120,,64
2020-11-12 16:00:00,62,191,,98,,,105,,,126,106,,63
2020-11-12 17:00:00,80,192,136,112,,,104,,,150,150,,64
2020-11-12 18:00:00,63,193,,88,,,92,,,150,187,,62
2020-11-12 19:00:00,63,195,,101,,,84,,,133,208,,93
2020-11-12 20:00:00,23,197,,156,11,,65,,,197,233,,129
2020-11-12 21:00:00,302,199,,287,10,,60,,,86,318,27,149
2020-11-12 22:00:00,281,200,,291,10,,32,,,109,304,28,151
2020-11-12 23:00:00,302,200,,269,10,,34,,,160,247,22,151
2020-11-13 00:00:00,344,201,,238,11,,40,,,139,261,26,225
2020-11-13 01:00:00,333,200,,129,11,,48,,,182,314,28,199
2020-11-13 02:00:00,223,199,,102,10,,74,,,151,319,30,234
2020-11-13 03:00:00,43,198,,143,11,,52,,,92,30,30,250
2020-11-13 04:00:00,79,198,,168,10,,54,,,96,86,30,239
2020-11-13 05:00:00,94,196,,140,10,,62,,,116,141,28,246
2020-11-13 06:00:00,84,195,,81,10,,100,,,130,173,28,206
2020-11-13 07:00:00,156,194,,154,,,89,,,149,157,24,260
2020-11-13 08:00:00,215,192,,133,,,100,,,127,151,23,260
2020-11-13 09:00:00,218,148,,121,11,,116,,,148,154,24,237
2020-11-13 10:00:00,93,180,,108,11,,107,,,144,158,28,124
2020-11-13 11:00:00,73,199,,110,11,,101,,,153,154,29,87
2020-11-13 12:00:00,70,202,,100,10,,115,,,149,161,28,77
2020-11-13 13:00:00,78,196,,104,10,,117,,,130,142,28,62
2020-11-13 14:00:00,86,192,,107,10,,125,,,137,154,29,64
2020-11-13 15:00:00,134,192,,103,,,135,,,119,133,29,77
2020-11-13 16:00:00,144,192,,103,,,134,,,141,133,28,78
2020-11-13 17:00:00,142,193,,104,,,129,,,132,148,29,85
2020-11-13 18:00:00,136,195,,102,,,139,,,123,166,29,68
2020-11-13 19:00:00,124,196,,110,,,141,,,119,141,29,76
2020-11-13 20:00:00,90,197,,109,,,120,,,149,129,,109
2020-11-13 21:00:00,316,198,,134,11,,73,,,165,112,28,147
2020-11-13 22:00:00,344,199,,284,11,,36,,,133,98,28,137
2020-11-13 23:00:00,60,199,,98,10,,94,,,171,139,29,114
2020-11-14 00:00:00,109,198,,98,10,,122,,,164,144,29,95
2020-11-14 01:00:00,50,198,,118,11,,96,,,98,104,28,114
2020-11-14 02:00:00,33,197,,40,11,,66,,,131,117,28,113
2020-11-14 03:00:00,347,196,,311,10,,67,,,83,97,28,142
2020-11-14 04:00:00,15,196,,294,11,,81,,,98,103,,125
2020-11-14 05:00:00,2,195,,337,10,,75,,,86,126,24,175
2020-11-14 06:00:00,22,193,,273,10,,84,,,96,74,28,240
2020-11-14 07:00:00,54,192,,289,10,,54,,,81,105,28,248
2020-11-14 08:00:00,237,193,,301,11,,86,,,116,75,24,243
2020-11-14 09:00:00,239,194,,295,11,,46,,,103,337,26,233
2020-11-14 10:00:00,24,195,,315,11,,55,,,138,134,23,191
2020-11-14 11:00:00,35,192,,34,,,338,,,127,160,27,33
2020-11-14 12:00:00,74,189,,135,,,109,,,146,220,26,76
2020-11-14 13:00:00,68,192,,139,10,,129,,,175,182,27,85
2020-11-14 14:00:00,95,192,,127,10,,107,,,101,142,27,74
2020-11-14 15:00:00,74,194,,126,10,,99,,,112,164,28,72
2020-11-14 16:00:00,71,194,,129,,,113,,,139,162,29,76
2020-11-14 17:00:00,79,194,,98,,,104,,,148,160,28,82
2020-11-14 18:00:00,52,,,83,,,79,,,103,105,28,71
2020-11-14 19:00:00,40,195,,90,,,44,,,161,61,28,99
2020-11-14 20:00:00,343,199,,279,11,,36,,,266,328,,111
2020-11-14 21:00:00,298,201,,259,10,,35,,,250,306,25,123
2020-11-14 22:00:00,232,202,,326,9,,231,,,259,287,27,190
2020-11-14 23:00:00,233,205,,296,10,,258,,,268,313,28,195
2020-11-15 00:00:00,235,206,,290,11,,257,,,257,15,23,217
2020-11-15 01:00:00,233,206,,281,11,,247,,,114,21,25,221
2020-11-15 02:00:00,251,206,,296,10,,300,,,219,307,27,202
2020-11-15 03:00:00,235,,,270,11,,256,,,267,356,24,235
2020-11-15 04:00:00,327,207,,294,11,,308,,,232,7,26,260
2020-11-15 05:00:00,235,207,,314,11,,238,,,321,348,24,248
2020-11-15 06:00:00,211,206,,305,,,277,,,311,319,24,224
2020-11-15 07:00:00,247,205,,298,,,247,,,314,334,25,190
2020-11-15 08:00:00,253,205,,270,,,274,,,309,327,25,234
2020-11-15 09:00:00,190,202,,302,,,46,,,315,330,22,75
2020-11-15 10:00:00,88,196,,45,10,,36,,,334,327,25,87
2020-11-15 11:00:00,58,195,,40,10,,42,,,326,332,29,105
2020-11-15 12:00:00,38,196,,51,10,,46,,,304,327,29,86
2020-11-15 13:00:00,43,197,,31,,,44,,,317,328,29,100
2020-11-15 14:00:00,44,199,,350,11,,52,,,286,336,,95
2020-11-15 15:00:00,51,200,,24,11,,60,,,295,263,,78
2020-11-15 16:00:00,47,200,,39,10,,48,,,243,103,,81
2020-11-15 17:00:00,22,200,,36,10,,47,,,172,80,28,66
2020-11-15 18:00:00,18,,,39,10,,42,,,92,66,29,82
2020-11-15 19:00:00,43,,260,37,,,38,,,236,89,29,108
2020-11-15 20:00:00,54,201,331,31,,,35,,,309,114,29,108
2020-11-15 21:00:00,60,201,340,32,,,44,,,228,97,,108
2020-11-15 22:00:00,61,202,311,33,,,35,,,219,124,,110
2020-11-15 23:00:00,37,202,286,19,,,33,,,165,118,,111
2020-11-16 00:00:00,39,202,262,173,,,34,,,136,113,28,111
2020-11-16 01:00:00,296,201,229,158,,,70,,,138,173,28,103
2020-11-16 02:00:00,179,201,206,108,,,97,,,163,190,28,109
2020-11-16 03:00:00,101,200,138,98,11,,120,,,201,266,27,124
2020-11-16 04:00:00,115,199,136,109,10,,132,,,206,282,28,117
2020-11-16 05:00:00,117,198,161,102,11,,117,,,225,301,24,146
2020-11-16 06:00:00,11,198,136,116,11,,159,,,251,300,22,194
2020-11-16 07:00:00,234,198,176,284,11,,122,,,272,329,22,237
2020-11-16 08:00:00,233,199,309,311,,,89,,,119,341,19,234
2020-11-16 09:00:00,216,199,299,316,,,55,,,49,351,24,331
2020-11-16 10:00:00,106,198,114,132,,,80,,,80,21,28,70
2020-11-16 11:00:00,79,198,120,146,,,85,,,121,83,28,80
2020-11-16 12:00:00,66,198,138,121,10,,94,,,121,182,28,71
2020-11-16 13:00:00,61,199,133,98,10,,108,,,113,131,,71
2020-11-16 14:00:00,53,199,117,101,10,,120,,,129,162,27,66
2020-11-16 15:00:00,56,200,118,96,,,99,,,106,139,27,61
2020-11-16 16:00:00,86,200,133,111,,,117,,,132,157,27,55
2020-11-16 17:00:00,115,198,151,98,,,113,,,145,156,28,93
2020-11-16 18:00:00,93,198,140,102,,,128,,,144,115,29,90
2020-11-16 19:00:00,112,198,129,101,,,123,,,121,99,29,94
2020-11-16 20:00:00,125,,134,99,,,125,,,140,124,29,120
2020-11-16 21:00:00,136,,137,103,,,126,,,173,152,,111
2020-11-16 22:00:00,155,197,139,103,,,127,,,131,127,28,89
2020-11-16 23:00:00,122,197,134,99,,,118,,,127,118,28,94
2020-11-17 00:00:00,105,197,132,102,,,120,,,102,82,28,76
2020-11-17 01:00:00,89,196,111,95,,,104,,,99,109,,75
2020-11-17 02:00:00,79,204,119,95,,,105,,,103,115,,62
2020-11-17 03:00:00,78,234,120,101,,,111,,,101,102,29,61
2020-11-17 04:00:00,65,226,111,97,,,84,,,112,116,29,71
2020-11-17 05:00:00,75,210,144,97,,,92,,,150,104,29,69
2020-11-17 06:00:00,81,198,157,108,,,94,,,137,122,,63
2020-11-17 07:00:00,92,194,137,122,,,128,,,209,149,,74
2020-11-17 08:00:00,71,196,99,94,,,109,,,196,167,,90
2020-11-17 09:00:00,77,191,136,100,,,97,,,189,168,,66
2020-11-17 10:00:00,79,191,120,89,,,84,,,101,82,,64
2020-11-17 11:00:00,62,198,163,99,,,94,,,154,185,,61
2020-11-17 12:00:00,74,206,152,93,,,91,,,194,227,,63
2020-11-17 13:00:00,83,205,169,97,,,99,,,201,244,28,62
2020-11-17 14:00:00,66,203,157,112,,,121,,,204,211,28,59
2020-11-17 15:00:00,91,204,160,115,,,129,,,195,201,28,58
2020-11-17 16:00:00,154,205,168,110,,,141,,,202,201,,68
2020-11-17 17:00:00,138,205,171,127,,,184,,,221,116,29,84
2020-11-17 18:00:00,133,205,167,131,,,174,,,206,243,29,85
2020-11-17 19:00:00,119,,152,119,,,137,,,170,105,28,81
2020-11-17 20:00:00,126,204,115,104,,,121,,,140,91,28,79
2020-11-17 21:00:00,124,205,141,100,,,121,,,170,107,28,80
2020-11-17 22:00:00,140,206,119,111,,,128,,,154,110,,82
2020-11-17 23:00:00,115,205,124,103,,,124,,,126,131,,74
2020-11-18 00:00:00,109,204,134,106,,,120,,,114,126,,69
2020-11-18 01:00:00,92,202,135,106,,,121,,,113,125,29,60
2020-11-18 02:00:00,112,201,136,104,,,120,,,128,114,28,77
2020-11-18 03:00:00,93,200,137,98,,,91,,,151,105,27,103
2020-11-18 04:00:00,65,200,82,207,,,47,,,122,318,28,135
2020-11-18 05:00:00,21,200,118,249,11,,45,,,105,53,29,121
2020-11-18 06:00:00,51,,223,108,10,,30,,,155,258,29,115
2020-11-18 07:00:00,51,199,139,139,9,,44,,,115,278,29,130
2020-11-18 08:00:00,36,202,171,116,9,,43,,,86,262,28,128
2020-11-18 09:00:00,58,203,140,116,10,,55,,,130,183,28,116
2020-11-18 10:00:00,46,199,70,130,10,,56,,,101,94,29,112
2020-11-18 11:00:00,51,198,111,123,11,,72,,,93,119,29,98
2020-11-18 12:00:00,25,199,110,136,10,,72,,,85,193,29,100
2020-11-18 13:00:00,47,198,133,87,10,,82,,,120,115,,92
2020-11-18 14:00:00,114,198,113,89,10,,123,,,141,129,28,80
2020-11-18 15:00:00,94,198,109,106,,,119,,,168,,28,73
2020-11-18 16:00:00,84,197,88,105,,,121,,,150,213,28,67
2020-11-18 17:00:00,120,197,140,102,,,112,,,166,213,,66
2020-11-18 18:00:00,126,196,129,101,,,98,,,243,262,29,70
2020-11-18 19:00:00,116,196,84,100,,,103,,,226,288,29,86
2020-11-18 20:00:00,119,196,101,103,,,101,,,219,266,29,114
2020-11-18 21:00:00,104,197,144,136,,,129,,,180,266,,104
2020-11-18 22:00:00,128,197,142,134,,,110,,,132,120,28,96
2020-11-18 23:00:00,85,197,131,105,11,,97,,,119,141,28,119
2020-11-19 00:00:00,69,196,138,99,11,,113,,,123,136,28,125
2020-11-19 01:00:00,69,195,107,116,10,,117,,,122,109,,127
2020-11-19 02:00:00,31,196,101,127,11,,61,,,109,109,27,129
2020-11-19 03:00:00,22,196,101,303,,,45,,,105,116,28,118
2020-11-19 04:00:00,351,195,141,269,10,,45,,,122,99,27,105
2020-11-19 05:00:00,339,194,145,318,10,,75,,,94,185,27,158
2020-11-19 06:00:00,285,194,146,277,,,50,,,77,179,28,173
2020-11-19 07:00:00,1,195,152,296,,,83,,,102,135,26,244
2020-11-19 08:00:00,77,194,149,320,,,218,,,143,150,26,244
2020-11-19 09:00:00,204,193,123,294,,,151,,,102,115,27,251
2020-11-19 10:00:00,334,193,116,329,11,,79,,,102,189,23,161
2020-11-19 11:00:00,345,193,136,292,,,61,,,144,170,22,95
2020-11-19 12:00:00,352,,131,159,11,,86,,,149,146,26,102
2020-11-19 13:00:00,43,194,138,88,11,,98,,,125,142,28,90
2020-11-19 14:00:00,74,194,133,94,11,,105,,,131,138,28,52
2020-11-19 15:00:00,101,195,137,100,,,117,,,118,142,28,64
2020-11-19 16:00:00,139,196,121,103,,,119,,,129,131,,80
2020-11-19 17:00:00,106,195,149,96,,,111,,,113,126,29,76
2020-11-19 18:00:00,79,195,84,100,,,92,,,108,109,29,94
2020-11-19 19:00:00,135,195,104,82,,,104,,,159,105,29,109
2020-11-19 20:00:00,227,196,139,266,,,96,,,165,132,,118
2020-11-19 21:00:00,251,197,144,75,,,85,,,114,146,28,128
2020-11-19 22:00:00,287,197,96,115,,,50,,,122,103,28,144
2020-11-19 23:00:00,33,197,112,95,,,68,,,125,115,28,130
2020-11-20 00:00:00,357,196,138,129,,,49,,,198,139,,117
2020-11-20 01:00:00,323,196,126,323,,,53,,,155,131,19,123
2020-11-20 02:00:00,355,197,103,293,,,44,,,122,131,22,140
2020-11-20 03:00:00,348,196,116,246,,,39,,,130,37,21,131
2020-11-20 04:00:00,31,192,143,293,,,32,,,144,302,24,189
2020-11-20 05:00:00,350,194,,302,,,352,,,239,303,24,202
2020-11-20 06:00:00,349,196,,325,,,294,,,218,344,27,221
2020-11-20 07:00:00,1,197,,24,,,289,,,138,343,24,239
2020-11-20 08:00:00,278,197,,109,,,275,,,142,23,25,236
2020-11-20 09:00:00,259,196,,250,,,282,,,88,162,24,264
2020-11-20 10:00:00,272,195,,245,,,290,,,90,134,25,102
2020-11-20 11:00:00,,194,,237,11,,315,,,138,154,26,93
2020-11-20 12:00:00,360,193,,154,11,,16,,,151,148,26,115
2020-11-20 13:00:00,29,194,,123,11,,97,,,146,136,27,101
2020-11-20 14:00:00,102,195,138,114,,,110,,,109,134,26,60
2020-11-20 15:00:00,75,197,114,94,,,115,,,119,125,27,73
2020-11-20 16:00:00,114,198,103,97,,,111,,,144,126,27,68
2020-11-20 17:00:00,139,197,117,104,,,130,,,118,120,29,90
2020-11-20 18:00:00,121,197,86,100,,,121,,,101,105,29,107
2020-11-20 19:00:00,123,197,90,82,,,97,,,134,91,29,127
2020-11-20 20:00:00,90,198,116,89,,,101,,,190,121,,122
2020-11-20 21:00:00,269,198,146,93,,,93,,,186,116,28,108
2020-11-20 22:00:00,22,198,107,87,,,86,,,120,87,28,117
2020-11-20 23:00:00,95,196,138,92,,,95,,,181,138,28,105
2020-11-21 00:00:00,273,195,138,85,,,98,,,146,147,,135
2020-11-21 01:00:00,356,194,129,99,,,107,,,102,123,27,136
2020-11-21 02:00:00,48,194,103,122,,,103,,,93,107,23,148
2020-11-21 03:00:00,32,195,94,115,,,96,,,101,93,23,148
2020-11-21 04:00:00,89,195,113,115,,,93,,,123,96,26,216
2020-11-21 05:00:00,318,193,139,118,,,90,,,171,139,23,244
2020-11-21 06:00:00,245,193,138,159,,,61,,,191,171,26,245
2020-11-21 07:00:00,232,193,133,123,,,70,,,114,174,26,265
2020-11-21 08:00:00,220,,144,148,,,95,,,137,191,24,268
2020-11-21 09:00:00,260,191,149,136,,,99,,,152,190,22,266
2020-11-21 10:00:00,35,188,146,132,,,81,,,139,181,24,263
2020-11-21 11:00:00,18,188,145,90,,,110,,,124,178,28,89
2020-11-21 12:00:00,65,192,142,90,,,114,,,173,185,28,80
2020-11-21 13:00:00,73,191,153,99,,,117,,,156,167,29,73
2020-11-21 14:00:00,77,189,146,88,,,115,,,148,145,28,59
2020-11-21 15:00:00,84,190,144,98,,,125,,,141,144,28,62
2020-11-21 16:00:00,124,191,146,103,,,124,,,158,156,28,74
2020-11-21 17:00:00,146,192,145,107,,,131,,,170,189,29,74
2020-11-21 18:00:00,130,192,150,122,,,140,,,174,199,29,68
2020-11-21 19:00:00,116,193,162,117,,,153,,,204,202,29,66
2020-11-21 20:00:00,119,193,162,125,,,164,,,206,197,28,64
2020-11-21 21:00:00,113,195,158,143,,,145,,,203,191,28,67
2020-11-21 22:00:00,113,195,146,124,,,185,,,167,163,28,73
2020-11-21 23:00:00,125,195,140,131,,,177,,,116,161,,72
2020-11-22 00:00:00,118,,132,142,,,159,,,191,165,,107
2020-11-22 01:00:00,68,,133,165,,,222,,,129,122,27,158
2020-11-22 02:00:00,57,,87,167,,,226,,,80,48,27,161
2020-11-22 03:00:00,105,194,104,124,,,113,,,97,75,28,162
2020-11-22 04:00:00,82,194,136,119,,,63,,,120,118,28,162
2020-11-22 05:00:00,45,193,132,154,,,84,,,114,123,25,150
2020-11-22 06:00:00,61,191,137,141,,,103,,,150,98,24,132
2020-11-22 07:00:00,32,191,142,118,,,106,,,192,105,28,107
2020-11-22 08:00:00,322,190,112,111,,,96,,,191,179,27,99
2020-11-22 09:00:00,54,189,125,103,,,103,,,87,170,28,128
2020-11-22 10:00:00,76,189,133,117,,,112,,,99,157,28,90
2020-11-22 11:00:00,64,189,123,97,,,75,,,111,145,27,73
2020-11-22 12:00:00,65,188,115,102,,,70,,,116,149,29,82
2020-11-22 13:00:00,84,191,135,97,,,71,,,136,145,28,76
2020-11-22 14:00:00,74,191,134,96,,,99,,,133,163,29,79
2020-11-22 15:00:00,75,192,128,106,,,109,,,136,153,28,76
2020-11-22 16:00:00,78,192,134,109,,,115,,,122,121,28,75
2020-11-22 17:00:00,92,193,114,111,,,135,,,112,94,,73
2020-11-22 18:00:00,107,194,120,107,,,127,,,97,80,28,71
2020-11-22 19:00:00,106,197,106,129,,,171,,,94,75,28,60
2020-11-22 20:00:00,73,199,103,146,,,192,,,174,138,28,61
2020-11-22 21:00:00,125,202,160,153,,,202,,,199,227,,68
2020-11-22 22:00:00,97,203,150,125,,,213,,,208,224,,79
2020-11-22 23:00:00,136,203,156,116,,,171,,,173,226,,72
2020-11-23 00:00:00,112,191,120,119,,,122,,,191,237,,69
2020-11-23 01:00:00,137,200,135,113,,,124,,,143,17,,68
2020-11-23 02:00:00,111,199,94,105,,,100,,,141,160,,77
2020-11-23 03:00:00,157,207,146,118,,,190,,,178,184,,71
2020-11-23 04:00:00,148,204,139,122,,,230,,,128,152,29,85
2020-11-23 05:00:00,151,203,101,113,,,65,,,108,105,29,84
2020-11-23 06:00:00,114,203,94,133,,,35,,,109,92,29,74
2020-11-23 07:00:00,47,204,63,204,,,30,,,110,83,,69
2020-11-23 08:00:00,7,204,60,255,,,33,,,97,97,,115
2020-11-23 09:00:00,24,211,95,198,,,53,,,122,129,,107
2020-11-23 10:00:00,41,210,117,158,,,74,,,129,147,,102
2020-11-23 11:00:00,32,210,137,111,,,95,,,144,141,,94
2020-11-23 12:00:00,77,208,138,107,,,112,,,133,130,,67
2020-11-23 13:00:00,136,205,142,104,,,135,,,129,133,28,75
2020-11-23 14:00:00,148,202,122,112,,,133,,,120,119,28,73
2020-11-23 15:00:00,150,201,107,105,,,128,,,112,127,28,76
2020-11-23 16:00:00,134,200,108,103,,,128,,,112,117,,69
2020-11-23 17:00:00,106,199,103,100,,,120,,,108,116,29,86
2020-11-23 18:00:00,155,199,105,96,,,110,,,111,112,29,87
2020-11-23 19:00:00,141,199,112,95,,,102,,,119,124,29,81
2020-11-23 20:00:00,146,,137,99,,,108,,,149,133,,82
2020-11-23 21:00:00,139,,135,102,,,123,,,152,136,,67
2020-11-23 22:00:00,123,198,136,98,,,112,,,143,143,28,66
2020-11-23 23:00:00,54,198,138,96,,,111,,,137,122,29,110
2020-11-24 00:00:00,48,197,143,103,,,101,,,155,125,29,142
2020-11-24 01:00:00,41,198,139,105,,,100,,,171,113,29,124
2020-11-24 02:00:00,360,198,144,328,,,54,,,180,91,21,139
2020-11-24 03:00:00,351,199,92,310,,,45,,,148,47,23,224
2020-11-24 04:00:00,284,199,166,271,12,,24,,,145,327,25,206
2020-11-24 05:00:00,302,200,221,296,10,,335,,,249,5,26,221
2020-11-24 06:00:00,293,200,320,298,12,,276,,,306,345,24,184
2020-11-24 07:00:00,257,199,317,317,12,,267,,,247,333,22,211
2020-11-24 08:00:00,223,201,293,114,12,,249,,,262,300,22,125
2020-11-24 09:00:00,211,205,318,51,11,,257,,,270,264,21,200
2020-11-24 10:00:00,252,200,305,13,12,,303,,,241,283,20,50
2020-11-24 11:00:00,113,198,306,138,12,,67,,,258,266,24,84
2020-11-24 12:00:00,107,199,243,129,12,,43,,,173,224,24,82
2020-11-24 13:00:00,110,200,193,127,,,93,,,180,172,22,71
2020-11-24 14:00:00,81,202,147,135,13,,130,,,138,177,23,76
2020-11-24 15:00:00,83,203,147,132,13,,121,,,147,167,23,82
2020-11-24 16:00:00,101,203,151,123,12,,132,,,138,144,23,64
2020-11-24 17:00:00,146,202,146,112,11,,129,,,159,173,,81
2020-11-24 18:00:00,117,201,150,108,11,,142,,,158,181,,142
2020-11-24 19:00:00,118,201,150,116,11,,208,,,220,279,22,167
2020-11-24 20:00:00,234,201,172,115,12,,203,,,168,274,21,231
2020-11-24 21:00:00,231,,136,276,11,,231,,,137,206,20,228
2020-11-24 22:00:00,231,202,260,312,11,,247,,,197,288,21,211
2020-11-24 23:00:00,229,202,92,296,12,,236,,,296,7,24,240
2020-11-25 00:00:00,243,203,235,287,12,,256,,,292,295,25,215
2020-11-25 01:00:00,272,205,244,280,12,,250,,,302,338,27,219
2020-11-25 02:00:00,244,205,296,280,,,263,,,252,357,24,
2020-11-25 03:00:00,353,205,293,315,,,275,,,249,340,22,238
2020-11-25 04:00:00,309,203,278,313,,,243,,,297,352,22,244
2020-11-25 05:00:00,271,203,292,316,,,256,,,330,355,21,243
2020-11-25 06:00:00,305,203,311,310,,,16,,,328,333,21,252
2020-11-25 07:00:00,180,,336,108,,,17,,,323,334,19,
2020-11-25 08:00:00,164,202,343,129,,,18,,,334,334,20,205
2020-11-25 09:00:00,157,203,338,116,,,21,,,339,336,23,87
2020-11-25 10:00:00,110,204,336,107,,,27,,,335,340,21,87
2020-11-25 11:00:00,32,205,339,280,,,27,,,317,342,22,92
2020-11-25 12:00:00,67,206,322,212,,,39,,,268,349,22,94
2020-11-25 13:00:00,100,205,217,172,,,64,,,190,350,22,87
2020-11-25 14:00:00,101,206,148,73,,,69,,,138,341,,87
2020-11-25 15:00:00,88,207,55,72,11,,64,,,226,356,23,90
2020-11-25 16:00:00,90,206,50,68,11,,92,,,143,312,23,95
2020-11-25 17:00:00,57,204,181,62,11,,70,,,226,265,23,96
2020-11-25 18:00:00,64,204,277,47,,,45,,,210,139,,101
2020-11-25 19:00:00,25,205,273,229,,,48,,,173,130,,114
2020-11-25 20:00:00,8,204,177,129,,,42,,,200,218,,110
2020-11-25 21:00:00,128,202,163,101,,,96,,,193,213,,96
2020-11-25 22:00:00,141,202,154,131,10,,158,,,190,167,,105
2020-11-25 23:00:00,135,201,157,127,11,,250,,,202,201,,147
2020-11-26 00:00:00,121,200,133,285,10,,233,,,143,194,21,179
2020-11-26 01:00:00,155,199,126,269,9,,33,,,145,264,17,208
2020-11-26 02:00:00,220,199,82,275,9,,21,,,106,127,20,179
2020-11-26 03:00:00,249,199,215,277,9,,47,,,151,187,20,223
2020-11-26 04:00:00,,200,222,308,10,,,,,234,345,23,168
2020-11-26 05:00:00,273,200,100,299,9,,46,,,167,278,21,240
2020-11-26 06:00:00,265,201,257,308,9,,39,,,187,278,20,239
2020-11-26 07:00:00,241,200,318,303,11,,47,,,219,301,18,173
2020-11-26 08:00:00,241,201,301,303,12,,26,,,167,342,22,232
2020-11-26 09:00:00,264,200,238,285,12,,34,,,133,354,20,246
2020-11-26 10:00:00,13,199,62,299,11,,40,,,111,22,18,223
2020-11-26 11:00:00,32,199,158,245,11,,64,,,127,51,20,202
2020-11-26 12:00:00,42,200,134,200,11,,54,,,138,114,19,74
2020-11-26 13:00:00,12,200,170,181,,,39,,,161,178,23,81
2020-11-26 14:00:00,60,201,144,132,,,50,,,168,141,24,81
2020-11-26 15:00:00,108,202,160,137,,,46,,,164,128,23,85
2020-11-26 16:00:00,81,201,149,120,,,105,,,133,141,23,82
2020-11-26 17:00:00,90,201,140,110,,,101,,,112,127,23,79
2020-11-26 18:00:00,121,200,125,101,,,158,,,104,73,,123
2020-11-26 19:00:00,95,199,69,97,10,,88,,,126,61,,154
2020-11-26 20:00:00,240,199,76,119,10,,77,,,225,293,,137
2020-11-26 21:00:00,256,200,150,338,10,,56,,,253,301,19,154
2020-11-26 22:00:00,246,202,192,287,,,257,,,232,263,23,178
2020-11-26 23:00:00,251,202,251,295,11,,245,,,236,92,21,246
2020-11-27 00:00:00,230,203,100,310,12,,249,,,150,314,21,220
2020-11-27 01:00:00,247,203,201,314,11,,270,,,226,303,23,223
2020-11-27 02:00:00,296,204,202,248,12,,35,,,225,348,20,242
2020-11-27 03:00:00,230,204,250,30,12,,266,,,294,349,19,217
2020-11-27 04:00:00,234,205,287,299,12,,331,,,238,5,20,221
2020-11-27 05:00:00,272,205,292,318,,,329,,,284,290,21,250
2020-11-27 06:00:00,233,205,297,320,,,272,,,287,312,20,245
2020-11-27 07:00:00,246,,310,323,,,281,,,130,,20,233
2020-11-27 08:00:00,264,206,325,314,,,14,,,184,355,20,231
2020-11-27 09:00:00,131,203,308,17,,,353,,,280,356,19,144
2020-11-27 10:00:00,65,197,258,107,,,43,,,130,12,18,96
2020-11-27 11:00:00,114,197,184,208,,,45,,,218,8,23,83
2020-11-27 12:00:00,76,198,183,108,,,62,,,150,53,23,83
2020-11-27 13:00:00,83,199,123,154,11,,82,,,119,40,22,83
2020-11-27 14:00:00,87,199,152,153,11,,79,,,171,63,23,77
2020-11-27 15:00:00,78,200,120,93,11,,86,,,86,68,23,82
2020-11-27 16:00:00,101,200,124,108,,,111,,,96,91,23,91
2020-11-27 17:00:00,95,199,115,109,,,113,,,98,77,,93
2020-11-27 18:00:00,96,198,117,105,,,121,,,88,68,,97
2020-11-27 19:00:00,95,197,101,93,,,113,,,88,65,,99
2020-11-27 20:00:00,83,197,105,88,,,106,,,183,57,,78
2020-11-27 21:00:00,81,197,235,73,,,51,,,223,287,24,103
2020-11-27 22:00:00,26,198,320,31,,,44,,,237,301,23,101
2020-11-27 23:00:00,16,198,277,301,,,45,,,144,35,23,108
2020-11-28 00:00:00,36,196,64,7,,,67,180,,93,83,,116
2020-11-28 01:00:00,41,194,110,142,,,73,180,,130,100,24,94
2020-11-28 02:00:00,15,194,144,177,,,61,180,,115,182,24,94
2020-11-28 03:00:00,41,194,83,184,,,58,,,141,131,23,95
2020-11-28 04:00:00,74,,107,217,,,75,,,222,256,24,99
2020-11-28 05:00:00,104,193,101,218,,,72,,,211,298,24,105
2020-11-28 06:00:00,90,193,66,189,10,,71,,,199,262,22,109
2020-11-28 07:00:00,70,193,97,242,11,,45,,,212,188,23,98
2020-11-28 08:00:00,33,195,200,217,11,,41,,,197,188,24,92
2020-11-28 09:00:00,34,195,305,209,11,,52,,,183,183,24,114
2020-11-28 10:00:00,83,193,201,168,10,,53,,,189,228,24,104
2020-11-28 11:00:00,66,193,134,192,11,,57,,,251,317,,87
2020-11-28 12:00:00,83,193,226,193,11,,53,,,310,316,23,80
2020-11-28 13:00:00,80,,214,200,11,,49,,,305,312,23,103
2020-11-28 14:00:00,98,194,269,189,,,42,,,270,346,23,94
2020-11-28 15:00:00,67,194,206,237,,,45,,,190,353,,102
2020-11-28 16:00:00,41,194,220,223,,,46,,,130,347,,76
2020-11-28 17:00:00,53,195,259,209,,,52,,,313,332,,74
2020-11-28 18:00:00,85,195,304,183,,,47,,,318,319,,81
2020-11-28 19:00:00,100,195,320,175,,,52,,,313,321,22,83
2020-11-28 20:00:00,91,196,315,181,,,47,,,321,327,23,91
2020-11-28 21:00:00,95,196,334,176,10,,47,,,328,331,23,99
2020-11-28 22:00:00,94,197,314,167,10,,36,,,334,329,23,89
2020-11-28 23:00:00,118,197,278,173,11,,54,,,326,314,,98
2020-11-29 00:00:00,124,197,249,171,11,,49,,,320,317,,97
2020-11-29 01:00:00,93,,311,209,11,,46,,,331,328,,101
2020-11-29 02:00:00,81,198,311,201,,,42,,,333,335,,108
2020-11-29 03:00:00,99,197,272,193,,,39,,,326,342,,101
2020-11-29 04:00:00,163,197,339,169,,,58,,,319,335,,92
2020-11-29 05:00:00,194,198,333,200,,,354,,,320,325,22,348
2020-11-29 06:00:00,223,198,335,111,10,,258,,,328,329,22,259
2020-11-29 07:00:00,250,198,341,286,11,,19,,,330,333,15,117
2020-11-29 08:00:00,26,,335,258,12,,52,,,331,337,23,103
2020-11-29 09:00:00,64,,334,142,12,,50,,,324,328,23,107
2020-11-29 10:00:00,83,,344,231,12,,45,,,324,329,23,95
2020-11-29 11:00:00,70,,336,316,,,25,,,195,353,22,87
2020-11-29 12:00:00,9,,322,230,,,65,,,267,353,19,90
2020-11-29 13:00:00,340,199,161,176,11,,13,,,269,39,22,84
2020-11-29 14:00:00,72,201,200,131,11,,68,,,203,135,21,80
2020-11-29 15:00:00,124,202,104,147,11,,83,,,162,153,23,99
2020-11-29 16:00:00,154,204,120,129,12,,98,,,140,152,23,104
2020-11-29 17:00:00,133,202,149,119,12,,148,,,154,157,23,82
2020-11-29 18:00:00,124,200,151,123,12,,177,,,193,197,,93
2020-11-29 19:00:00,118,200,161,123,11,,132,,,206,176,,107
2020-11-29 20:00:00,181,201,161,107,11,,225,,,186,150,,113
2020-11-29 21:00:00,55,200,88,64,11,,25,,,217,181,,113
2020-11-29 22:00:00,17,201,134,40,,,50,,,273,282,,73
2020-11-29 23:00:00,9,203,310,43,,,37,,,264,321,,63
2020-11-30 00:00:00,12,202,243,43,,,43,,,247,52,,63
2020-11-30 01:00:00,27,202,94,137,,,43,,,300,347,,98
2020-11-30 02:00:00,43,200,167,45,,,42,,,320,325,,78
2020-11-30 03:00:00,78,201,238,41,10,,50,,,329,321,,86
2020-11-30 04:00:00,93,200,123,207,10,,37,,,331,307,,97
2020-11-30 05:00:00,72,204,112,205,10,,32,,,311,323,22,105
2020-11-30 06:00:00,98,204,271,340,11,,27,,,279,328,22,93
2020-11-30 07:00:00,33,204,308,14,11,,31,,,289,331,22,97
2020-11-30 08:00:00,32,208,293,36,11,,27,,,323,335,,100
2020-11-30 09:00:00,356,203,338,9,,,21,,,338,332,23,106
2020-11-30 10:00:00,357,205,339,27,9,,35,,,326,338,21,94
2020-11-30 11:00:00,65,204,336,11,11,,42,,,309,348,19,107
2020-11-30 12:00:00,41,204,279,327,12,,13,,,254,341,17,252
2020-11-30 13:00:00,288,203,292,303,12,,297,,,282,343,19,353
2020-11-30 14:00:00,279,202,247,293,12,,37,,,169,347,18,89
2020-11-30 15:00:00,35,202,215,310,11,,40,,,182,360,20,90
2020-11-30 16:00:00,124,202,146,64,11,,49,,,106,360,23,91
2020-11-30 17:00:00,122,,129,119,10,,87,,,238,315,23,90
2020-11-30 18:00:00,122,,120,121,10,,133,,,200,199,23,91
2020-11-30 19:00:00,143,,160,121,11,,143,,,184,160,,109
2020-11-30 20:00:00,143,,154,135,10,,193,,,185,157,,97
2020-11-30 21:00:00,137,201,152,133,10,,188,,,180,170,,77
2020-11-30 22:00:00,128,201,138,130,10,,149,,,122,130,,80
2020-11-30 23:00:00,125,201,138,140,11,,126,,,117,147,,76
2020-12-01 00:00:00,,,,,,,,,,,,,
2020-12-01 01:00:00,91,202,102,269,9,,41,,,91,100,23,112
2020-12-01 02:00:00,42,202,94,299,10,,61,,,98,108,23,107
2020-12-01 03:00:00,56,204,103,165,10,,66,,,160,87,23,110
2020-12-01 04:00:00,23,198,143,135,9,,76,,,184,182,,98
2020-12-01 05:00:00,16,205,148,155,9,,86,,,192,253,,126
2020-12-01 06:00:00,323,205,145,335,9,,81,,,162,152,16,134
2020-12-01 07:00:00,285,205,137,274,8,,38,,,120,26,15,139
2020-12-01 08:00:00,326,207,104,314,8,,42,,,124,19,19,162
2020-12-01 09:00:00,54,208,133,284,10,,35,,,96,33,19,225
2020-12-01 10:00:00,355,206,129,250,10,,53,,,89,72,19,62
2020-12-01 11:00:00,32,204,118,171,10,,64,,,118,142,18,81
2020-12-01 12:00:00,92,202,130,157,,,83,,,140,160,20,73
2020-12-01 13:00:00,64,202,144,142,,,64,,,154,171,20,74
2020-12-01 14:00:00,68,202,143,140,,,119,,,162,162,22,74
2020-12-01 15:00:00,68,203,142,115,,,138,,,149,154,22,72
2020-12-01 16:00:00,58,203,137,102,,,109,,,147,149,23,61
2020-12-01 17:00:00,144,203,139,92,,,118,,,153,152,23,70
2020-12-01 18:00:00,138,202,138,101,,,128,,,146,152,23,106
2020-12-01 19:00:00,148,202,136,129,11,,231,,,158,133,,146
2020-12-01 20:00:00,142,202,142,129,10,,268,,,180,163,,145
2020-12-01 21:00:00,146,,146,118,10,,189,,,192,149,21,205
2020-12-01 22:00:00,204,,79,84,9,,293,,,155,17,20,227
2020-12-01 23:00:00,224,203,185,93,10,,116,,,214,34,21,225
2020-12-02 00:00:00,250,205,123,290,11,,35,,,227,41,19,244
2020-12-02 01:00:00,260,205,162,308,11,,285,,,236,1,19,233
2020-12-02 02:00:00,263,205,259,303,11,,274,,,278,321,21,247
2020-12-02 03:00:00,273,206,292,309,,,278,,,294,347,21,218
2020-12-02 04:00:00,269,206,294,320,,,279,,,309,311,21,240
2020-12-02 05:00:00,264,207,285,304,,,299,,,286,292,,174
2020-12-02 06:00:00,264,208,283,330,,,265,,,279,310,,182
2020-12-02 07:00:00,259,208,291,323,,,291,,,303,316,20,194
2020-12-02 08:00:00,249,207,284,306,,,242,,,312,331,21,242
2020-12-02 09:00:00,281,204,276,318,,,285,,,229,347,19,267
2020-12-02 10:00:00,249,204,305,320,,,301,,,155,309,19,264
2020-12-02 11:00:00,15,204,311,317,,,53,,,185,224,17,61
2020-12-02 12:00:00,49,,168,133,,,48,,,186,27,22,87
2020-12-02 13:00:00,103,,192,106,10,,67,,,258,358,23,82
2020-12-02 14:00:00,71,205,107,54,11,,61,,,239,328,23,89
2020-12-02 15:00:00,43,207,113,39,11,,38,,,133,332,23,85
2020-12-02 16:00:00,73,208,131,55,10,,58,,,210,86,22,74
2020-12-02 17:00:00,22,206,142,43,10,,45,,,245,118,23,77
2020-12-02 18:00:00,56,205,191,39,11,,40,,,322,208,23,103
2020-12-02 19:00:00,86,205,191,34,10,,33,,,301,247,23,98
2020-12-02 20:00:00,70,205,243,63,10,,41,,,307,241,,96
2020-12-02 21:00:00,62,,278,45,10,,39,,,304,275,,94
2020-12-02 22:00:00,71,207,254,244,9,,34,,,311,302,,90
2020-12-02 23:00:00,100,207,301,260,10,,23,,,329,335,,103
2020-12-03 00:00:00,53,204,321,310,9,,60,,,318,321,,105
2020-12-03 01:00:00,54,205,316,30,9,,62,,,310,311,,100
2020-12-03 02:00:00,40,204,334,215,9,,54,,,312,308,,96
2020-12-03 03:00:00,32,205,332,33,10,,63,,,320,309,,99
2020-12-03 04:00:00,47,205,336,24,10,,48,,,317,313,,95
2020-12-03 05:00:00,54,206,330,31,9,,54,,,314,312,,104
2020-12-03 06:00:00,94,207,337,164,8,,38,,,317,320,,94
2020-12-03 07:00:00,88,207,335,231,11,,27,,,318,310,22,89
2020-12-03 08:00:00,119,209,338,208,11,,29,,,328,317,23,101
2020-12-03 09:00:00,133,208,339,49,10,,34,,,338,330,21,97
2020-12-03 10:00:00,49,207,328,307,11,,33,,,340,339,22,159
2020-12-03 11:00:00,24,206,331,293,11,,35,,,313,341,21,68
2020-12-03 12:00:00,36,207,324,290,11,,46,,,322,348,20,86
2020-12-03 13:00:00,58,205,306,356,,,46,,,301,351,22,99
2020-12-03 14:00:00,46,206,159,34,,,38,,,264,6,23,94
2020-12-03 15:00:00,30,207,196,19,10,,51,,,274,350,22,81
2020-12-03 16:00:00,24,207,172,20,10,,56,,,164,333,23,94
2020-12-03 17:00:00,47,205,89,37,10,,54,,,142,335,23,104
2020-12-03 18:00:00,32,205,129,51,,,55,,,46,322,23,86
2020-12-03 19:00:00,39,208,247,43,,,42,,,319,139,,82
2020-12-03 20:00:00,45,206,290,34,,,40,,,248,216,,89
2020-12-03 21:00:00,48,206,262,49,9,,45,,,231,244,,105
2020-12-03 22:00:00,72,206,296,109,8,,51,,,234,206,,108
2020-12-03 23:00:00,26,,301,23,8,,27,,,270,227,,98
2020-12-04 00:00:00,30,,307,35,9,,30,,,305,249,,113
2020-12-04 01:00:00,73,209,321,172,9,,26,,,299,285,,108
2020-12-04 02:00:00,112,207,322,186,10,,30,,,307,294,22,103
2020-12-04 03:00:00,98,208,326,165,11,,37,,,306,319,22,104
2020-12-04 04:00:00,100,210,314,260,10,,46,,,309,324,23,103
2020-12-04 05:00:00,62,207,323,218,10,,51,,,310,331,23,103
2020-12-04 06:00:00,112,208,321,314,11,,29,,,309,319,21,109
2020-12-04 07:00:00,126,211,310,313,11,,79,,,308,311,23,108
2020-12-04 08:00:00,149,212,298,293,11,,100,,,312,305,23,98
2020-12-04 09:00:00,117,208,315,306,,,51,,,315,311,22,84
2020-12-04 10:00:00,96,207,306,283,10,,38,,,318,320,22,100
2020-12-04 11:00:00,25,209,283,204,10,,31,,,274,337,23,88
2020-12-04 12:00:00,29,204,232,292,11,,42,,,193,3,23,86
2020-12-04 13:00:00,83,204,129,211,11,,67,,,187,16,23,74
2020-12-04 14:00:00,82,204,152,99,10,,82,,,183,213,,75
2020-12-04 15:00:00,56,205,120,99,10,,109,,,136,199,22,64
2020-12-04 16:00:00,78,206,110,90,10,,96,,,117,142,22,64
2020-12-04 17:00:00,72,204,105,100,,,118,,,114,140,22,75
2020-12-04 18:00:00,120,204,129,94,,,117,,,123,133,23,94
2020-12-04 19:00:00,119,204,138,105,,,131,,,116,116,23,80
2020-12-04 20:00:00,126,,137,103,,,126,,,133,151,23,82
2020-12-04 21:00:00,117,,141,106,,,121,,,153,159,,89
2020-12-04 22:00:00,121,,143,105,,,120,,,138,168,,83
2020-12-04 23:00:00,131,,142,101,,,118,,,121,152,,85
2020-12-05 00:00:00,106,205,137,95,,,108,,,134,160,,102
2020-12-05 01:00:00,78,205,144,117,,,129,,,209,187,,106
2020-12-05 02:00:00,239,206,76,142,,,285,,,59,24,,114
2020-12-05 03:00:00,344,206,258,256,9,,44,,,48,33,22,110
2020-12-05 04:00:00,21,205,268,248,9,,46,,,235,60,22,117
2020-12-05 05:00:00,45,208,333,253,10,,43,,,285,324,19,115
2020-12-05 06:00:00,71,206,287,259,11,,26,,,291,305,20,105
2020-12-05 07:00:00,178,206,237,280,11,,349,,,300,315,20,42
2020-12-05 08:00:00,225,208,252,317,11,,251,,,293,309,19,224
2020-12-05 09:00:00,262,207,302,318,,,290,,,314,321,21,250
2020-12-05 10:00:00,277,207,324,330,,,278,,,318,353,18,242
2020-12-05 11:00:00,343,207,316,331,,,7,,,245,352,16,267
2020-12-05 12:00:00,19,212,307,351,,,28,,,293,7,18,188
2020-12-05 13:00:00,114,216,193,359,,,83,,,258,355,18,74
2020-12-05 14:00:00,77,225,90,334,,,79,,,114,358,20,
2020-12-05 15:00:00,110,218,108,205,,,96,,,57,16,20,89
2020-12-05 16:00:00,78,205,96,135,,,123,,,89,73,21,88
2020-12-05 17:00:00,116,204,114,128,,,90,,,88,94,21,88
2020-12-05 18:00:00,98,203,115,125,10,,117,,,108,115,21,115
2020-12-05 19:00:00,97,203,143,157,10,,81,,,156,173,20,111
2020-12-05 20:00:00,90,203,150,181,10,,113,,,182,181,21,106
2020-12-05 21:00:00,283,,168,125,9,,232,,,192,200,21,82
2020-12-05 22:00:00,283,204,252,146,10,,126,,,195,198,20,156
2020-12-05 23:00:00,139,204,95,327,11,,112,,,190,187,20,163
2020-12-06 00:00:00,148,205,149,315,11,,34,,,177,185,18,203
2020-12-06 01:00:00,34,205,295,315,10,,25,,,189,198,16,154
2020-12-06 02:00:00,237,205,298,310,10,,332,,,277,271,20,229
2020-12-06 03:00:00,243,206,300,311,11,,266,,,314,321,18,237
2020-12-06 04:00:00,281,206,305,317,11,,248,,,308,341,19,209
2020-12-06 05:00:00,284,206,303,276,11,,272,,,309,338,18,193
2020-12-06 06:00:00,261,,313,221,,,25,,,325,302,19,200
2020-12-06 07:00:00,207,,323,129,,,112,,,264,282,19,252
2020-12-06 08:00:00,234,,312,114,,,223,,,254,284,20,199
2020-12-06 09:00:00,208,,258,298,,,194,,,118,316,20,87
2020-12-06 10:00:00,125,207,138,298,,,146,,,84,329,19,83
2020-12-06 11:00:00,140,207,305,274,,,54,,,222,279,18,279
2020-12-06 12:00:00,228,206,330,282,,,321,,,193,248,18,269
2020-12-06 13:00:00,336,206,331,293,,,329,,,216,331,20,282
2020-12-06 14:00:00,341,207,324,303,,,331,,,250,352,17,300
2020-12-06 15:00:00,338,207,334,301,,,353,,,173,11,18,297
2020-12-06 16:00:00,334,208,336,305,,,14,,,223,356,15,284
2020-12-06 17:00:00,329,206,338,309,,,3,,,66,1,18,282
2020-12-06 18:00:00,309,205,332,307,,,18,,,190,357,20,238
2020-12-06 19:00:00,205,205,331,310,,,316,,,292,355,20,212
2020-12-06 20:00:00,273,204,264,325,,,209,,,297,254,17,228
2020-12-06 21:00:00,270,204,156,284,,,250,,,246,292,20,224
2020-12-06 22:00:00,240,205,200,305,,,356,,,261,302,19,233
2020-12-06 23:00:00,235,206,276,299,9,,224,,,223,241,20,191
2020-12-07 00:00:00,241,206,278,281,11,,324,,,273,312,20,239
2020-12-07 01:00:00,244,206,285,288,11,,260,,,265,328,17,232
2020-12-07 02:00:00,238,,294,325,11,,244,,,289,323,19,230
2020-12-07 03:00:00,258,207,271,311,,,,,,295,245,18,232
2020-12-07 04:00:00,227,206,277,294,,,242,,,309,284,20,212
2020-12-07 05:00:00,238,206,276,286,,,245,,,306,92,18,242
2020-12-07 06:00:00,232,206,289,310,,,251,,,278,219,19,231
2020-12-07 07:00:00,251,,290,314,11,,274,,,285,317,18,242
2020-12-07 08:00:00,280,,284,317,11,,284,,,295,267,18,265
2020-12-07 09:00:00,243,207,275,315,11,,301,,,291,227,18,243
2020-12-07 10:00:00,211,206,293,310,,,258,,,298,191,16,224
2020-12-07 11:00:00,32,206,309,306,,,263,,,301,131,21,76
2020-12-07 12:00:00,77,206,264,163,,,58,,,192,23,21,88
2020-12-07 13:00:00,78,,257,183,10,,76,,,188,8,21,84
2020-12-07 14:00:00,98,,188,158,10,,67,,,172,117,,76
2020-12-07 15:00:00,73,207,208,120,10,,60,,,186,155,,68
2020-12-07 16:00:00,83,207,126,113,,,116,,,167,129,,68
2020-12-07 17:00:00,104,205,129,105,11,,116,,,107,114,,94
2020-12-07 18:00:00,94,205,124,106,11,,134,,,112,122,22,120
2020-12-07 19:00:00,133,204,141,111,9,,130,,,129,114,21,108
2020-12-07 20:00:00,117,204,145,110,10,,126,,,192,157,22,141
2020-12-07 21:00:00,91,204,137,106,11,,117,,,169,243,21,156
2020-12-07 22:00:00,93,,143,161,11,,113,,,182,283,19,163
2020-12-07 23:00:00,332,206,148,274,11,,40,,,227,299,16,247
2020-12-08 00:00:00,256,204,148,290,,,337,,,279,313,18,232
2020-12-08 01:00:00,231,205,337,295,10,,264,,,304,316,18,240
2020-12-08 02:00:00,234,204,257,296,11,,237,,,303,327,19,239
2020-12-08 03:00:00,230,205,292,307,11,,278,,,284,302,18,228
2020-12-08 04:00:00,230,206,286,319,11,,261,,,283,311,17,231
2020-12-08 05:00:00,239,205,302,297,,,265,,,303,323,20,248
2020-12-08 06:00:00,351,206,295,318,,,258,,,307,334,19,
2020-12-08 07:00:00,232,206,296,319,,,257,,,293,316,18,253
2020-12-08 08:00:00,267,207,290,328,,,279,,,316,332,18,251
2020-12-08 09:00:00,265,207,298,318,,,293,,,322,337,18,251
2020-12-08 10:00:00,235,206,313,317,,,262,,,322,334,17,249
2020-12-08 11:00:00,195,206,313,316,,,281,,,315,338,18,241
2020-12-08 12:00:00,62,206,278,148,,,42,,,209,56,20,113
2020-12-08 13:00:00,29,205,179,171,,,99,,,236,123,21,91
2020-12-08 14:00:00,119,206,172,152,10,,69,,,181,89,21,85
2020-12-08 15:00:00,59,206,171,138,10,,77,,,191,111,21,71
2020-12-08 16:00:00,39,206,112,87,11,,67,,,199,130,,74
2020-12-08 17:00:00,103,207,94,93,10,,60,,,72,106,,99
2020-12-08 18:00:00,175,205,54,91,10,,75,,,87,116,,128
2020-12-08 19:00:00,264,205,174,216,10,,198,,,201,71,,131
2020-12-08 20:00:00,260,205,131,288,,,197,,,235,275,18,220
2020-12-08 21:00:00,235,206,149,290,11,,189,,,247,300,18,244
2020-12-08 22:00:00,278,207,143,274,11,,291,,,203,293,18,234
2020-12-08 23:00:00,256,206,147,289,11,,287,,,268,316,20,246
2020-12-09 00:00:00,234,207,164,301,,,258,,,287,319,18,223
2020-12-09 01:00:00,222,206,141,292,,,237,,,307,327,20,239
2020-12-09 02:00:00,241,206,317,287,,,276,,,289,309,20,237
2020-12-09 03:00:00,254,207,301,291,,,261,,,292,312,20,244
2020-12-09 04:00:00,244,207,312,313,,,271,,,299,332,,249
2020-12-09 05:00:00,260,207,306,312,,,254,,,302,321,19,241
2020-12-09 06:00:00,242,,298,323,,,268,,,310,332,20,244
2020-12-09 07:00:00,254,206,284,330,,,251,,,312,292,20,220
2020-12-09 08:00:00,258,207,288,314,,,246,,,292,314,20,243
2020-12-09 09:00:00,8,207,301,307,,,264,,,315,284,18,238
2020-12-09 10:00:00,70,206,316,300,,,340,,,306,171,16,215
2020-12-09 11:00:00,64,207,307,330,,,28,,,169,166,19,100
2020-12-09 12:00:00,357,207,245,217,,,21,,,151,,20,93
2020-12-09 13:00:00,85,207,206,140,,,50,,,195,206,21,88
2020-12-09 14:00:00,87,,135,140,10,,64,,,140,145,21,79
2020-12-09 15:00:00,96,208,139,139,10,,70,,,143,121,21,76
2020-12-09 16:00:00,84,208,129,118,10,,98,,,129,155,,80
2020-12-09 17:00:00,81,206,135,104,,,112,,,113,128,,89
2020-12-09 18:00:00,79,205,137,101,11,,115,,,113,114,,112
2020-12-09 19:00:00,124,205,120,101,10,,113,,,145,104,,134
2020-12-09 20:00:00,308,205,144,110,9,,104,,,196,151,18,153
2020-12-09 21:00:00,286,,143,109,10,,113,,,193,238,19,202
2020-12-09 22:00:00,253,204,141,222,10,,81,,,241,36,18,244
2020-12-09 23:00:00,235,204,90,300,11,,30,,,285,16,19,227
2020-12-10 00:00:00,251,204,83,291,11,,322,,,71,24,20,237
2020-12-10 01:00:00,254,203,85,311,11,,37,,,274,329,18,227
2020-12-10 02:00:00,262,204,129,274,,,315,,,266,346,20,216
2020-12-10 03:00:00,290,204,285,312,,,332,,,311,15,19,227
2020-12-10 04:00:00,316,203,306,310,,,274,,,315,344,20,248
2020-12-10 05:00:00,289,203,297,286,,,157,,,318,331,20,236
2020-12-10 06:00:00,353,202,284,319,,,312,,,295,309,18,234
2020-12-10 07:00:00,332,202,282,251,,,264,,,309,306,18,220
2020-12-10 08:00:00,269,203,296,288,,,265,,,316,296,19,219
2020-12-10 09:00:00,299,204,287,310,,,277,,,322,194,17,234
2020-12-10 10:00:00,60,205,294,353,,,260,,,296,156,13,112
2020-12-10 11:00:00,70,204,177,77,,,332,,,211,141,21,89
2020-12-10 12:00:00,73,203,105,138,,,354,,,102,159,21,74
2020-12-10 13:00:00,114,204,164,148,,,70,,,165,159,21,85
2020-12-10 14:00:00,103,205,118,136,10,,113,,,164,146,,80
2020-12-10 15:00:00,71,206,147,137,10,,112,,,122,166,,87
2020-12-10 16:00:00,64,206,149,135,10,,95,,,145,158,,86
2020-12-10 17:00:00,98,204,137,108,,,118,,,139,116,,84
2020-12-10 18:00:00,111,203,103,104,,,114,,,105,94,,95
2020-12-10 19:00:00,81,202,114,96,,,64,,,133,113,,137
2020-12-10 20:00:00,337,202,107,129,11,,39,,,211,237,20,153
2020-12-10 21:00:00,264,204,195,294,9,,28,,,239,319,18,190
2020-12-10 22:00:00,245,202,157,292,9,,262,,,281,304,19,233
2020-12-10 23:00:00,263,204,164,307,9,,264,,,238,35,18,237
2020-12-11 00:00:00,268,203,100,278,10,,268,,,100,96,20,206
2020-12-11 01:00:00,337,203,139,278,11,,47,,,120,107,19,232
2020-12-11 02:00:00,296,202,133,303,10,,38,,,198,121,19,204
2020-12-11 03:00:00,300,206,164,280,11,,354,,,315,359,18,194
2020-12-11 04:00:00,293,203,315,303,11,,327,,,310,354,18,214
2020-12-11 05:00:00,291,203,289,307,11,,252,,,290,328,20,223
2020-12-11 06:00:00,302,203,281,278,,,294,,,245,302,19,248
2020-12-11 07:00:00,233,,301,221,,,271,,,174,288,21,275
2020-12-11 08:00:00,228,204,276,252,,,268,,,209,304,20,272
2020-12-11 09:00:00,235,202,318,259,,,272,,,201,155,21,268
2020-12-11 10:00:00,,203,323,121,,,248,,,185,175,16,262
2020-12-11 11:00:00,,204,315,336,,,58,,,191,169,21,100
2020-12-11 12:00:00,,204,197,314,,,47,,,116,120,21,91
2020-12-11 13:00:00,,204,47,13,,,70,,,125,125,21,89
2020-12-11 14:00:00,,,112,91,,,80,,,144,155,22,87
2020-12-11 15:00:00,,,150,66,,,68,,,154,155,22,91
2020-12-11 16:00:00,112,203,147,91,,,128,,,172,133,22,100
2020-12-11 17:00:00,148,202,152,121,10,,158,,,125,94,,97
2020-12-11 18:00:00,140,202,135,120,10,,130,,,147,144,,72
2020-12-11 19:00:00,119,202,138,96,10,,115,,,182,157,,77
2020-12-11 20:00:00,130,,147,101,11,,137,,,195,219,,91
2020-12-11 21:00:00,135,203,150,118,11,,49,,,206,257,,124
2020-12-11 22:00:00,158,202,156,110,11,,246,,,203,229,19,136
2020-12-11 23:00:00,201,202,150,106,9,,201,,,204,263,19,192
2020-12-12 00:00:00,224,202,124,139,11,,243,,,225,349,18,223
2020-12-12 01:00:00,228,,229,269,10,,314,,,241,3,20,210
2020-12-12 02:00:00,237,,304,296,11,,253,,,267,341,20,235
2020-12-12 03:00:00,231,204,264,295,10,,236,,,,262,19,236
2020-12-12 04:00:00,238,206,262,296,11,,281,,,217,352,19,230
2020-12-12 05:00:00,277,210,313,282,11,,40,,,248,319,19,245
2020-12-12 06:00:00,262,202,291,282,11,,10,,,292,297,21,191
2020-12-12 07:00:00,302,202,281,269,,,274,,,288,319,21,213
2020-12-12 08:00:00,180,203,299,296,,,35,,,285,294,18,172
2020-12-12 09:00:00,293,201,270,341,10,,42,,,249,266,19,85
2020-12-12 10:00:00,71,202,238,290,10,,57,,,213,223,22,107
2020-12-12 11:00:00,58,201,109,114,10,,89,,,140,140,22,86
2020-12-12 12:00:00,61,201,124,90,,,90,,,146,104,21,64
2020-12-12 13:00:00,65,201,116,91,,,100,,,141,135,21,60
2020-12-12 14:00:00,64,,96,100,,,87,,,92,124,21,57
2020-12-12 15:00:00,107,200,100,94,,,88,,,114,97,,70
2020-12-12 16:00:00,107,200,115,106,,,129,,,124,93,22,86
2020-12-12 17:00:00,115,200,117,112,,,137,,,102,82,22,82
2020-12-12 18:00:00,119,199,95,102,,,116,,,96,78,22,81
2020-12-12 19:00:00,133,199,101,85,,,97,,,95,60,,94
2020-12-12 20:00:00,81,198,108,84,,,89,,,100,55,,77
2020-12-12 21:00:00,86,198,144,102,,,110,,,123,76,,64
2020-12-12 22:00:00,89,197,97,96,,,96,,,115,119,,86
2020-12-12 23:00:00,59,195,112,89,,,93,,,104,117,,71
2020-12-13 00:00:00,85,192,124,104,,,105,,,120,115,,98
2020-12-13 01:00:00,58,194,121,117,,,100,,,140,116,,129
2020-12-13 02:00:00,104,210,135,128,11,,127,,,135,110,18,115
2020-12-13 03:00:00,336,204,144,136,10,,133,,,148,133,21,205
2020-12-13 04:00:00,237,199,135,147,10,,66,,,144,145,22,233
2020-12-13 05:00:00,218,187,154,145,9,,169,,,123,154,20,236
2020-12-13 06:00:00,243,179,152,137,10,,253,,,154,142,21,230
2020-12-13 07:00:00,265,165,273,302,11,,314,,,257,20,21,234
2020-12-13 08:00:00,237,182,312,309,11,,276,,,302,355,21,265
2020-12-13 09:00:00,213,205,300,286,11,,271,,,198,348,18,252
2020-12-13 10:00:00,91,202,320,280,,,308,,,306,345,22,251
2020-12-13 11:00:00,49,197,306,302,,,120,,,328,329,21,231
2020-12-13 12:00:00,126,196,315,281,,,315,,,274,5,19,322
2020-12-13 13:00:00,341,202,321,287,,,325,,,305,356,17,275
2020-12-13 14:00:00,314,205,330,302,,,341,,,255,335,20,296
2020-12-13 15:00:00,335,207,322,303,,,353,,,261,346,20,287
2020-12-13 16:00:00,335,207,146,302,,,11,,,147,18,21,279
2020-12-13 17:00:00,12,204,60,16,,,43,,,136,123,18,240
2020-12-13 18:00:00,21,203,146,40,10,,40,,,267,30,22,98
2020-12-13 19:00:00,62,203,106,49,10,,38,,,320,353,22,95
2020-12-13 20:00:00,77,204,174,137,10,,53,,,318,335,22,92
2020-12-13 21:00:00,92,204,226,50,,,66,,,313,341,,93
2020-12-13 22:00:00,60,205,71,94,9,,52,,,327,326,,83
2020-12-13 23:00:00,48,205,85,52,10,,45,,,325,336,,90
2020-12-14 00:00:00,62,204,174,44,10,,53,,,336,325,,92
2020-12-14 01:00:00,76,204,179,41,10,,62,,,331,320,,93
2020-12-14 02:00:00,83,204,179,46,,,73,,,323,322,,90
2020-12-14 03:00:00,87,,151,173,,,63,,,312,312,21,85
2020-12-14 04:00:00,66,203,157,37,8,,51,,,311,304,21,79
2020-12-14 05:00:00,73,203,221,32,9,,39,,,316,306,22,74
2020-12-14 06:00:00,60,204,304,54,9,,52,,,307,304,21,79
2020-12-14 07:00:00,45,205,329,189,9,,40,,,306,312,21,78
2020-12-14 08:00:00,93,205,327,194,8,,38,,,314,320,21,77
2020-12-14 09:00:00,143,206,334,248,9,,33,,,323,329,,66
2020-12-14 10:00:00,108,206,322,334,10,,37,,,299,341,20,80
2020-12-14 11:00:00,65,205,305,87,11,,51,,,316,346,19,89
2020-12-14 12:00:00,81,204,158,164,10,,63,,,135,359,21,75
2020-12-14 13:00:00,72,205,155,172,10,,79,,,164,69,22,64
2020-12-14 14:00:00,66,205,173,134,10,,69,,,190,128,21,70
2020-12-14 15:00:00,65,206,128,123,,,97,,,149,153,21,68
2020-12-14 16:00:00,77,206,115,101,,,117,,,124,138,21,67
2020-12-14 17:00:00,104,205,134,101,,,115,,,116,124,,75
2020-12-14 18:00:00,108,204,125,98,,,117,,,116,117,22,84
2020-12-14 19:00:00,81,203,133,101,,,119,,,117,119,22,68
2020-12-14 20:00:00,111,203,136,104,,,121,,,142,132,22,65
2020-12-14 21:00:00,121,203,142,100,,,120,,,161,162,21,79
2020-12-14 22:00:00,128,,145,121,11,,122,,,182,166,21,105
2020-12-14 23:00:00,143,205,147,109,10,,175,,,178,163,20,112
2020-12-15 00:00:00,129,204,143,127,9,,177,,,188,158,20,143
2020-12-15 01:00:00,125,204,131,132,10,,116,,,114,112,17,170
2020-12-15 02:00:00,146,205,104,286,9,,57,,,89,10,19,197
2020-12-15 03:00:00,358,210,75,287,11,,69,,,140,280,18,206
2020-12-15 04:00:00,51,204,106,317,10,,52,,,247,335,19,171
2020-12-15 05:00:00,320,207,318,305,11,,328,,,319,340,18,220
2020-12-15 06:00:00,264,207,304,315,11,,282,,,312,332,18,217
2020-12-15 07:00:00,261,208,305,315,11,,273,,,281,331,19,237
2020-12-15 08:00:00,284,208,318,303,,,282,,,203,265,18,189
2020-12-15 09:00:00,26,208,301,309,,,26,,,272,304,18,239
2020-12-15 10:00:00,253,207,249,311,,,263,,,273,341,17,51
2020-12-15 11:00:00,52,205,200,282,,,3,,,189,300,16,247
2020-12-15 12:00:00,37,206,252,230,10,,44,,,164,346,21,83
2020-12-15 13:00:00,52,207,229,145,10,,51,,,119,21,21,82
2020-12-15 14:00:00,68,207,119,157,10,,63,,,173,50,21,77
2020-12-15 15:00:00,74,211,94,210,,,87,,,75,64,22,87
2020-12-15 16:00:00,78,207,95,141,,,93,,,105,78,22,98
2020-12-15 17:00:00,70,205,97,82,,,87,,,108,131,22,97
2020-12-15 18:00:00,35,207,222,43,,,30,,,160,111,,99
2020-12-15 19:00:00,53,206,318,79,,,32,,,165,205,,99
2020-12-15 20:00:00,116,205,339,192,,,33,,,269,259,,103
2020-12-15 21:00:00,86,205,339,14,9,,33,,,261,157,,112
2020-12-15 22:00:00,82,206,336,273,10,,19,,,256,265,,115
2020-12-15 23:00:00,235,205,271,260,10,,12,,,296,289,,112
2020-12-16 00:00:00,231,205,295,169,11,,41,,,305,316,19,111
2020-12-16 01:00:00,190,204,304,153,11,,117,,,301,325,19,110
2020-12-16 02:00:00,206,204,306,120,10,,174,,,295,344,22,97
2020-12-16 03:00:00,4,204,325,129,11,,80,,,313,323,22,80
2020-12-16 04:00:00,107,205,328,144,9,,66,,,317,308,22,104
2020-12-16 05:00:00,139,205,308,139,9,,112,,,304,310,,94
2020-12-16 06:00:00,132,205,289,138,11,,40,,,311,307,,108
2020-12-16 07:00:00,108,207,303,122,11,,69,,,309,304,21,98
2020-12-16 08:00:00,118,207,303,117,11,,55,,,300,307,21,91
2020-12-16 09:00:00,114,207,320,127,,,64,,,303,307,20,92
2020-12-16 10:00:00,115,,324,131,,,58,,,313,316,18,89
2020-12-16 11:00:00,76,206,316,161,10,,45,,,309,328,21,93
2020-12-16 12:00:00,52,206,233,288,10,,40,,,252,265,21,94
2020-12-16 13:00:00,24,206,193,225,11,,4,,,161,166,21,77
2020-12-16 14:00:00,118,,107,180,10,,91,,,142,125,,65
2020-12-16 15:00:00,77,207,155,143,11,,75,,,113,140,,72
2020-12-16 16:00:00,67,207,147,121,10,,81,,,114,127,,75
2020-12-16 17:00:00,90,206,135,103,10,,99,,,114,134,22,75
2020-12-16 18:00:00,120,205,129,98,10,,115,,,124,127,22,92
2020-12-16 19:00:00,121,205,131,105,,,129,,,121,109,21,72
2020-12-16 20:00:00,119,205,144,106,,,130,,,186,139,21,83
2020-12-16 21:00:00,131,204,149,105,11,,132,,,190,202,21,81
2020-12-16 22:00:00,144,205,143,123,11,,176,,,153,158,18,137
2020-12-16 23:00:00,140,205,141,112,9,,100,,,150,207,20,207
2020-12-17 00:00:00,245,205,143,108,10,,75,,,181,265,20,184
2020-12-17 01:00:00,237,,122,299,9,,,,,126,360,20,214
2020-12-17 02:00:00,251,204,50,268,11,,43,,,269,37,21,214
2020-12-17 03:00:00,284,210,62,308,10,,39,,,257,317,19,201
2020-12-17 04:00:00,264,208,230,299,11,,285,,,239,336,19,237
2020-12-17 05:00:00,238,210,312,309,11,,9,,,263,18,18,232
2020-12-17 06:00:00,278,208,322,311,11,,44,,,263,310,20,230
2020-12-17 07:00:00,306,207,296,322,,,38,,,249,299,17,236
2020-12-17 08:00:00,250,208,310,312,10,,265,,,257,331,17,242
2020-12-17 09:00:00,270,209,278,305,10,,40,,,166,345,18,254
2020-12-17 10:00:00,30,206,66,260,11,,61,,,107,117,21,75
2020-12-17 11:00:00,69,205,131,299,10,,52,,,123,150,21,95
2020-12-17 12:00:00,81,204,138,146,10,,85,,,129,143,21,78
2020-12-17 13:00:00,51,204,136,92,10,,101,,,128,136,,75
2020-12-17 14:00:00,58,205,138,92,,,106,,,129,,,65
2020-12-17 15:00:00,106,205,136,95,,,113,,,126,,,67
2020-12-17 16:00:00,92,206,127,96,,,109,,,109,,,71
2020-12-17 17:00:00,81,204,120,94,,,108,,,117,,,76
2020-12-17 18:00:00,91,204,115,95,,,105,,,110,115,,71
2020-12-17 19:00:00,93,204,111,98,,,102,,,124,121,22,70
2020-12-17 20:00:00,119,203,142,98,,,109,,,173,157,22,71
2020-12-17 21:00:00,139,203,146,107,,,131,,,176,182,21,61
2020-12-17 22:00:00,134,203,145,106,,,128,,,159,172,21,58
2020-12-17 23:00:00,93,201,140,100,,,117,,,144,146,21,74
2020-12-18 00:00:00,79,201,141,105,,,120,,,183,123,,125
2020-12-18 01:00:00,48,200,147,115,11,,105,,,198,146,19,138
2020-12-18 02:00:00,342,203,144,344,10,,82,,,174,337,19,220
2020-12-18 03:00:00,310,202,144,283,11,,43,,,34,349,20,210
2020-12-18 04:00:00,307,206,132,310,11,,352,,,36,334,20,223
2020-12-18 05:00:00,259,210,159,293,11,,287,,,30,354,20,238
2020-12-18 06:00:00,282,208,299,313,,,265,,,292,337,19,233
2020-12-18 07:00:00,245,208,234,310,,,285,,,289,309,19,247
2020-12-18 08:00:00,305,203,279,317,,,272,,,316,334,18,246
2020-12-18 09:00:00,229,206,293,311,,,281,,,316,319,18,223
2020-12-18 10:00:00,295,205,234,315,,,351,,,239,5,17,217
2020-12-18 11:00:00,349,205,148,282,,,350,,,167,170,18,174
2020-12-18 12:00:00,335,201,199,255,,,43,,,258,158,19,187
2020-12-18 13:00:00,13,204,158,116,,,22,,,220,150,20,69
2020-12-18 14:00:00,41,212,155,145,10,,44,,,186,177,20,86
2020-12-18 15:00:00,83,207,156,134,10,,78,,,146,146,21,89
2020-12-18 16:00:00,46,204,137,152,10,,57,,,145,208,22,86
2020-12-18 17:00:00,51,212,136,113,,,57,,,131,59,21,94
2020-12-18 18:00:00,73,206,82,117,11,,113,,,87,41,21,137
2020-12-18 19:00:00,97,201,108,248,10,,81,,,145,54,20,155
2020-12-18 20:00:00,360,201,125,269,10,,56,,,219,269,19,155
2020-12-18 21:00:00,293,203,144,287,11,,40,,,248,305,20,227
2020-12-18 22:00:00,245,205,312,290,10,,27,,,260,322,18,238
2020-12-18 23:00:00,230,206,195,304,9,,243,,,237,34,19,247
2020-12-19 00:00:00,242,207,78,297,10,,245,,,109,74,19,239
2020-12-19 01:00:00,259,209,142,254,11,,53,,,248,136,20,230
2020-12-19 02:00:00,257,209,177,300,10,,267,,,254,256,21,252
2020-12-19 03:00:00,259,210,180,299,11,,264,,,281,324,21,254
2020-12-19 04:00:00,254,209,312,304,11,,277,,,308,339,19,242
2020-12-19 05:00:00,239,207,301,318,11,,248,,,313,347,20,239
2020-12-19 06:00:00,300,204,316,315,,,196,,,316,314,19,247
2020-12-19 07:00:00,273,208,289,282,,,182,,,259,326,19,209
2020-12-19 08:00:00,285,208,295,289,,,349,,,249,308,19,279
2020-12-19 09:00:00,227,209,318,277,,,222,,,322,357,20,137
2020-12-19 10:00:00,139,204,312,255,,,252,,,334,346,20,54
2020-12-19 11:00:00,61,203,336,316,,,36,,,334,346,20,89
2020-12-19 12:00:00,110,202,258,355,,,31,,,309,355,19,100
2020-12-19 13:00:00,62,204,347,349,,,31,,,325,356,20,101
2020-12-19 14:00:00,38,206,318,262,,,31,,,200,358,17,110
2020-12-19 15:00:00,87,207,322,254,,,43,,,244,,20,103
2020-12-19 16:00:00,69,209,259,183,,,43,,,96,354,21,109
2020-12-19 17:00:00,56,211,136,43,,,45,,,108,343,22,109
2020-12-19 18:00:00,80,208,47,47,,,71,,,200,329,22,111
2020-12-19 19:00:00,76,204,171,55,10,,69,,,269,245,22,107
2020-12-19 20:00:00,132,205,322,42,10,,31,,,218,205,,107
2020-12-19 21:00:00,123,205,246,42,10,,26,,,232,238,,110
2020-12-19 22:00:00,340,205,244,260,8,,28,,,222,173,,107
2020-12-19 23:00:00,263,206,269,260,10,,23,,,269,218,20,120
2020-12-20 00:00:00,190,206,252,288,9,,354,,,236,170,20,104
2020-12-20 01:00:00,176,206,268,272,10,,302,,,258,161,19,244
2020-12-20 02:00:00,250,,288,173,11,,295,,,265,250,19,240
2020-12-20 03:00:00,224,205,272,126,11,,281,,,284,336,19,245
2020-12-20 04:00:00,227,204,262,304,11,,239,,,246,7,,237
2020-12-20 05:00:00,259,203,257,291,,,253,,,208,304,20,237
2020-12-20 06:00:00,,,,,,,,,,,,,
2020-12-20 07:00:00,233,203,278,317,,,259,,,211,315,18,233
2020-12-20 08:00:00,257,205,218,311,,,235,,,245,296,19,244
2020-12-20 09:00:00,196,204,199,288,,,233,,,237,302,20,234
2020-12-20 10:00:00,30,204,204,309,,,35,,,244,242,17,14
2020-12-20 11:00:00,101,205,162,267,,,,,,199,220,21,74
2020-12-20 12:00:00,52,205,207,152,,,,,,161,152,19,78
2020-12-20 13:00:00,85,206,227,133,,,,,,139,244,20,78
2020-12-20 14:00:00,85,206,187,145,10,,63,,,146,132,21,75
2020-12-20 15:00:00,79,207,190,113,10,,62,,,170,30,21,66
2020-12-20 16:00:00,90,207,127,77,10,,70,,,123,135,21,73
2020-12-20 17:00:00,98,206,149,112,11,,135,,,146,153,22,89
2020-12-20 18:00:00,141,205,116,126,11,,143,,,129,121,22,123
2020-12-20 19:00:00,104,204,121,95,10,,111,,,134,101,21,124
2020-12-20 20:00:00,83,204,146,98,10,,113,,,173,84,21,135
2020-12-20 21:00:00,323,204,153,107,11,,103,,,219,248,21,145
2020-12-20 22:00:00,295,,148,115,11,,60,,,215,292,20,159
2020-12-20 23:00:00,314,,140,286,11,,33,,,188,317,18,206
2020-12-21 00:00:00,301,207,134,263,,,66,,,257,331,20,237
2020-12-21 01:00:00,260,204,101,294,,,25,,,280,273,19,239
2020-12-21 02:00:00,243,208,263,258,10,,66,,,284,326,18,226
2020-12-21 03:00:00,251,203,290,299,11,,69,,,303,304,19,253
2020-12-21 04:00:00,263,203,317,296,11,,260,,,258,324,19,244
2020-12-21 05:00:00,256,208,320,296,11,,289,,,294,305,20,259
2020-12-21 06:00:00,242,204,305,299,,,247,,,301,306,19,242
2020-12-21 07:00:00,235,203,294,280,,,253,,,299,323,20,226
2020-12-21 08:00:00,238,203,290,267,,,265,,,314,348,18,246
2020-12-21 09:00:00,264,204,315,296,,,299,,,233,355,20,264
2020-12-21 10:00:00,249,204,253,299,,,277,,,313,9,17,253
2020-12-21 11:00:00,64,204,80,233,10,,43,,,161,33,20,210
2020-12-21 12:00:00,60,,98,176,10,,43,,,135,137,20,103
2020-12-21 13:00:00,54,203,96,210,11,,65,,,115,160,21,87
2020-12-21 14:00:00,69,204,114,106,11,,110,,,125,160,21,61
2020-12-21 15:00:00,69,204,146,101,11,,104,,,127,139,21,62
2020-12-21 16:00:00,124,203,144,99,10,,116,,,122,160,20,66
2020-12-21 17:00:00,127,201,140,93,10,,104,,,122,150,22,100
2020-12-21 18:00:00,133,200,136,101,10,,125,,,122,131,22,101
2020-12-21 19:00:00,125,200,142,101,,,110,,,164,108,22,106
2020-12-21 20:00:00,127,200,146,92,,,93,,,189,167,21,141
2020-12-21 21:00:00,65,206,77,147,,,46,,,121,155,21,150
2020-12-21 22:00:00,55,202,122,247,11,,81,,,119,122,21,146
2020-12-21 23:00:00,78,199,141,95,10,,104,,,181,148,,100
2020-12-22 00:00:00,74,198,100,99,10,,84,,,122,119,,115
2020-12-22 01:00:00,28,200,78,352,11,,61,,,116,70,19,125
2020-12-22 02:00:00,356,204,77,306,11,,42,,,140,70,18,116
2020-12-22 03:00:00,334,209,153,134,10,,31,,,118,48,21,103
2020-12-22 04:00:00,345,212,139,295,9,,49,,,69,4,20,198
2020-12-22 05:00:00,22,208,105,263,10,,34,,,48,19,21,260
2020-12-22 06:00:00,239,209,131,287,11,,51,,,68,34,20,246
2020-12-22 07:00:00,254,209,83,301,10,,17,,,36,26,19,255
2020-12-22 08:00:00,236,207,168,303,11,,299,,,108,345,21,236
2020-12-22 09:00:00,234,207,153,286,11,,311,,,40,24,19,249
2020-12-22 10:00:00,231,203,235,308,11,,,,,63,91,21,230
2020-12-22 11:00:00,356,200,149,304,10,,,,,93,155,18,173
2020-12-22 12:00:00,,201,166,269,11,,,,,135,123,19,93
2020-12-22 13:00:00,342,199,179,227,11,,,,,223,135,20,80
2020-12-22 14:00:00,55,200,158,144,11,,,,,148,130,21,71
2020-12-22 15:00:00,67,197,110,142,10,,,,,138,146,21,67
2020-12-22 16:00:00,63,198,142,139,10,,,,,136,124,21,72
2020-12-22 17:00:00,60,198,147,88,10,,,,,134,140,,72
2020-12-22 18:00:00,76,198,138,92,,,,,,127,126,,89
2020-12-22 19:00:00,66,199,96,111,,,,,,124,77,,140
2020-12-22 20:00:00,82,201,150,271,11,,,,,206,279,20,159
2020-12-22 21:00:00,273,202,141,288,10,,,,,148,259,15,207
2020-12-22 22:00:00,251,205,151,294,9,,297,,,216,296,18,237
2020-12-22 23:00:00,232,205,137,307,11,,325,,,293,4,19,229
2020-12-23 00:00:00,260,205,152,293,10,,357,,,278,316,18,214
2020-12-23 01:00:00,234,,125,276,11,,253,,,288,298,19,231
2020-12-23 02:00:00,263,,69,292,11,,291,,,209,25,20,211
2020-12-23 03:00:00,249,,254,302,11,,350,,,291,314,19,225
2020-12-23 04:00:00,273,197,304,319,,,288,,,317,338,19,227
2020-12-23 05:00:00,253,173,303,312,,,316,,,327,319,20,231
2020-12-23 06:00:00,330,143,308,323,,,252,,,315,322,19,237
2020-12-23 07:00:00,327,158,298,314,,,33,,,319,314,21,214
2020-12-23 08:00:00,328,182,304,312,,,265,,,302,,20,251
2020-12-23 09:00:00,23,213,309,301,,,1,,,311,,20,260
2020-12-23 10:00:00,7,222,312,325,,,247,,,309,,18,263
2020-12-23 11:00:00,100,211,311,324,,,68,,,326,266,19,236
2020-12-23 12:00:00,109,204,316,292,,,70,,,246,197,19,267
2020-12-23 13:00:00,137,208,331,291,,,322,,,187,195,17,300
2020-12-23 14:00:00,331,209,327,283,,,317,,,140,28,16,292
2020-12-23 15:00:00,332,210,281,291,,,320,,,199,13,16,285
2020-12-23 16:00:00,341,211,272,281,12,,338,,,149,130,15,187
2020-12-23 17:00:00,110,208,142,148,12,,81,,,,134,20,109
2020-12-23 18:00:00,106,203,135,69,11,,113,,,125,100,21,115
2020-12-23 19:00:00,115,201,138,87,11,,105,,,154,93,20,99
2020-12-23 20:00:00,95,201,134,36,11,,57,,,193,208,21,68
2020-12-23 21:00:00,63,201,168,269,,,49,,,205,311,21,126
2020-12-23 22:00:00,4,207,277,241,,,42,,,214,279,21,131
2020-12-23 23:00:00,331,202,316,240,10,,31,,,243,291,20,137
2020-12-24 00:00:00,160,203,334,242,9,,43,,,295,303,17,67
2020-12-24 01:00:00,246,203,323,36,11,,334,,,296,301,18,240
2020-12-24 02:00:00,232,204,331,44,11,,8,,,310,329,18,239
2020-12-24 03:00:00,21,204,163,,10,,27,,,340,334,21,100
2020-12-24 04:00:00,60,206,226,,10,,28,,,340,336,22,103
2020-12-24 05:00:00,44,207,315,,11,,27,,,258,343,21,108
2020-12-24 06:00:00,36,209,344,,10,,28,,,174,347,21,110
2020-12-24 07:00:00,33,206,345,,10,,26,,,179,349,20,109
2020-12-24 08:00:00,25,208,339,,10,,27,,,319,349,19,106
2020-12-24 09:00:00,61,209,340,,11,,38,,,308,341,18,107
2020-12-24 10:00:00,149,207,335,,11,,33,,,230,335,20,91
2020-12-24 11:00:00,147,206,280,,11,,46,,,279,336,20,97
2020-12-24 12:00:00,92,206,239,,,,53,,,171,345,20,70
2020-12-24 13:00:00,54,209,278,,,,42,,,164,354,,80
2020-12-24 14:00:00,73,208,253,245,,,86,,,230,353,,81
2020-12-24 15:00:00,37,208,162,330,,,76,,,246,352,,77
2020-12-24 16:00:00,88,208,269,146,,,64,,,186,7,,78
2020-12-24 17:00:00,58,206,130,78,10,,80,,,289,21,21,82
2020-12-24 18:00:00,120,206,41,54,10,,58,,,123,93,21,110
2020-12-24 19:00:00,67,208,220,65,10,,53,,,150,137,21,109
2020-12-24 20:00:00,59,205,198,300,,,70,,,192,174,,98
2020-12-24 21:00:00,118,206,160,134,,,135,,,194,170,,99
2020-12-24 22:00:00,155,206,156,112,9,,205,,,191,163,,109
2020-12-24 23:00:00,148,206,149,116,8,,203,,,195,160,18,149
2020-12-25 00:00:00,207,207,144,107,8,,192,,,165,228,15,235
2020-12-25 01:00:00,227,207,57,276,11,,148,,,204,350,16,227
2020-12-25 02:00:00,229,208,238,316,10,,270,,,40,302,17,210
2020-12-25 03:00:00,289,210,310,311,11,,50,,,261,310,18,231
2020-12-25 04:00:00,243,209,305,317,10,,35,,,312,316,18,224
2020-12-25 05:00:00,255,210,310,329,11,,278,,,306,329,20,232
2020-12-25 06:00:00,267,210,304,324,11,,284,,,317,348,16,236
2020-12-25 07:00:00,252,212,299,333,11,,259,,,320,325,16,170
2020-12-25 08:00:00,295,210,307,318,,,277,,,330,339,19,237
2020-12-25 09:00:00,318,212,298,307,,,287,,,320,322,16,251
2020-12-25 10:00:00,234,210,306,315,,,276,,,313,266,19,219
2020-12-25 11:00:00,16,209,291,287,10,,260,,,254,335,20,97
2020-12-25 12:00:00,66,207,90,138,11,,68,,,94,167,20,88
2020-12-25 13:00:00,65,207,127,126,10,,69,,,136,158,20,59
2020-12-25 14:00:00,62,207,131,102,10,,85,,,132,122,21,56
2020-12-25 15:00:00,50,208,151,89,10,,91,,,113,144,20,53
2020-12-25 16:00:00,66,208,147,119,,,117,,,122,135,21,59
2020-12-25 17:00:00,92,207,140,95,,,109,,,140,131,21,82
2020-12-25 18:00:00,111,206,133,93,,,114,,,116,114,21,106
2020-12-25 19:00:00,112,206,104,98,,,107,,,130,104,,120
2020-12-25 20:00:00,64,206,141,95,11,,80,,,194,161,,128
2020-12-25 21:00:00,91,,136,99,10,,99,,,194,257,,135
2020-12-25 22:00:00,116,,136,107,10,,97,,,167,327,20,157
2020-12-25 23:00:00,67,,111,125,11,,77,,,170,119,18,230
2020-12-26 00:00:00,305,,66,158,11,,32,,,250,108,17,243
2020-12-26 01:00:00,322,217,72,290,11,,45,,,159,35,18,240
2020-12-26 02:00:00,277,212,282,274,,,345,,,180,7,19,238
2020-12-26 03:00:00,250,214,277,303,,,23,,,307,322,19,248
2020-12-26 04:00:00,296,208,312,298,,,351,,,315,342,18,237
2020-12-26 05:00:00,249,208,276,316,,,262,,,319,348,20,253
2020-12-26 06:00:00,247,208,255,327,,,256,,,304,346,19,251
2020-12-26 07:00:00,244,,293,330,,,252,,,300,345,20,255
2020-12-26 08:00:00,266,212,289,323,,,245,,,314,318,18,241
2020-12-26 09:00:00,331,210,297,275,,,276,,,291,305,20,239
2020-12-26 10:00:00,7,211,297,282,,,82,,,234,9,17,53
2020-12-26 11:00:00,78,210,240,211,,,47,,,176,186,20,82
2020-12-26 12:00:00,91,208,106,194,,,46,,,189,99,19,83
2020-12-26 13:00:00,59,207,128,158,,,78,,,192,167,19,75
2020-12-26 14:00:00,82,208,137,158,10,,143,,,151,150,20,82
2020-12-26 15:00:00,80,208,157,135,10,,102,,,198,178,20,75
2020-12-26 16:00:00,62,209,135,131,10,,91,,,129,148,21,78
2020-12-26 17:00:00,69,207,119,104,,,109,,,115,148,21,81
2020-12-26 18:00:00,76,206,143,105,,,102,,,154,155,21,109
2020-12-26 19:00:00,105,206,147,114,9,,131,,,215,137,,145
2020-12-26 20:00:00,277,205,127,256,9,,139,,,188,172,16,164
2020-12-26 21:00:00,243,208,103,294,11,,275,,,223,223,17,235
2020-12-26 22:00:00,248,206,160,300,10,,255,,,269,321,17,
2020-12-26 23:00:00,245,209,254,286,11,,250,,,288,346,19,238
2020-12-27 00:00:00,235,208,193,300,11,,244,181,,208,340,19,242
2020-12-27 01:00:00,266,208,165,294,11,,238,180,,279,356,19,225
2020-12-27 02:00:00,251,208,142,268,,,264,180,,214,27,,246
2020-12-27 03:00:00,212,210,272,307,,,9,180,,302,356,,231
2020-12-27 04:00:00,271,208,276,286,,,255,,,306,315,20,220
2020-12-27 05:00:00,251,208,283,319,,,254,,,317,315,21,249
2020-12-27 06:00:00,255,207,305,318,,,246,,,314,297,20,254
2020-12-27 07:00:00,267,209,301,322,,,268,,,255,316,21,241
2020-12-27 08:00:00,312,209,286,316,,,266,,,276,296,21,242
2020-12-27 09:00:00,159,208,273,307,,,257,,,287,170,17,240
2020-12-27 10:00:00,220,208,308,303,,,297,,,160,130,17,239
2020-12-27 11:00:00,20,208,276,271,,,294,,,132,206,16,317
2020-12-27 12:00:00,68,,137,133,,,22,181,,115,150,20,90
2020-12-27 13:00:00,76,,132,146,,,84,181,,79,148,21,91
2020-12-27 14:00:00,91,209,143,138,,,116,,,101,169,21,82
2020-12-27 15:00:00,81,209,135,119,10,,85,,,133,166,21,78
2020-12-27 16:00:00,85,210,141,114,10,,105,,,118,166,,82
2020-12-27 17:00:00,89,207,149,101,11,,127,,,115,141,,94
2020-12-27 18:00:00,107,206,143,104,11,,124,,,124,115,,126
2020-12-27 19:00:00,359,206,139,116,10,,107,,,171,102,,144
2020-12-27 20:00:00,346,205,139,137,11,,86,,,157,130,20,188
2020-12-27 21:00:00,297,210,114,131,11,,47,,,180,124,19,243
2020-12-27 22:00:00,261,206,102,286,10,,15,,,257,149,19,239
2020-12-27 23:00:00,274,208,231,315,10,,284,,,294,220,20,229
2020-12-28 00:00:00,246,205,244,295,11,,272,,,205,60,19,245
2020-12-28 01:00:00,292,206,144,277,11,,40,,,250,111,20,225
2020-12-28 02:00:00,246,206,179,284,11,,308,,,309,328,20,210
2020-12-28 03:00:00,325,211,281,292,,,290,,,285,339,19,240
2020-12-28 04:00:00,269,206,288,308,,,269,,,303,352,19,246
2020-12-28 05:00:00,252,206,293,317,,,279,,,306,316,20,229
2020-12-28 06:00:00,249,205,301,283,,,274,,,303,304,17,233
2020-12-28 07:00:00,280,205,310,285,,,266,,,,314,19,228
2020-12-28 08:00:00,271,206,283,282,,,284,,,302,314,20,211
2020-12-28 09:00:00,211,205,289,298,,,345,,,316,353,19,233
2020-12-28 10:00:00,94,198,251,301,,,285,,,146,19,17,241
2020-12-28 11:00:00,350,200,226,302,,,20,,,165,100,19,112
2020-12-28 12:00:00,36,202,123,166,10,,42,,,127,119,21,87
2020-12-28 13:00:00,70,201,121,143,10,,81,,,115,145,21,79
2020-12-28 14:00:00,62,202,140,111,11,,94,,,154,159,21,81
2020-12-28 15:00:00,95,,148,78,11,,112,,,151,,,65
2020-12-28 16:00:00,98,201,140,102,10,,126,,,,151,21,78
2020-12-28 17:00:00,141,203,134,103,10,,121,,,,150,21,83
2020-12-28 18:00:00,133,202,136,104,10,,125,,,,147,21,73
2020-12-28 19:00:00,138,204,138,111,,,113,,,,158,,80
2020-12-28 20:00:00,138,207,147,129,,,173,,,,156,,94
2020-12-28 21:00:00,138,211,144,121,,,129,,,,148,,123
2020-12-28 22:00:00,150,208,116,113,,,116,,,,114,,114
2020-12-28 23:00:00,343,199,120,98,,,79,,,,124,,114
2020-12-29 00:00:00,122,202,121,95,,,69,,,,118,,76
2020-12-29 01:00:00,14,205,122,98,11,,63,,,,110,19,94
2020-12-29 02:00:00,351,201,104,32,11,,62,,,,108,17,123
2020-12-29 03:00:00,354,196,102,327,11,,48,,,,66,21,118
2020-12-29 04:00:00,342,194,110,329,,,47,,,,66,21,115
2020-12-29 05:00:00,343,196,135,125,,,71,,,,59,20,124
2020-12-29 06:00:00,304,209,142,119,,,76,,,,111,20,228
2020-12-29 07:00:00,322,197,145,104,,,133,,,,151,21,247
2020-12-29 08:00:00,270,205,74,124,,,34,,,,155,20,226
2020-12-29 09:00:00,315,202,77,208,,,46,,,,71,21,282
2020-12-29 10:00:00,30,195,75,195,,,54,,,,123,19,270
2020-12-29 11:00:00,15,196,124,349,10,,74,,,,136,18,232
2020-12-29 12:00:00,78,194,140,142,11,,80,,,,133,20,74
2020-12-29 13:00:00,75,197,144,135,10,,107,,,,156,21,84
2020-12-29 14:00:00,75,198,141,140,11,,105,,,,193,21,87
2020-12-29 15:00:00,42,200,149,126,11,,86,,,145,159,21,69
2020-12-29 16:00:00,84,201,154,94,10,,129,,,168,160,,72
2020-12-29 17:00:00,158,201,150,101,10,,131,,,156,153,,104
2020-12-29 18:00:00,123,200,156,174,10,,228,,,168,146,,124
2020-12-29 19:00:00,82,200,146,300,11,,236,,,146,144,,159
2020-12-29 20:00:00,109,201,141,202,10,,138,,,161,160,20,182
2020-12-29 21:00:00,152,201,147,128,10,,223,,,154,156,18,216
2020-12-29 22:00:00,244,201,139,283,10,,141,,,132,142,19,235
2020-12-29 23:00:00,278,,131,286,9,,69,,,116,126,20,227
2020-12-30 00:00:00,289,203,121,94,11,,66,,,134,127,20,225
2020-12-30 01:00:00,303,204,136,319,11,,45,,,106,94,18,163
2020-12-30 02:00:00,301,205,103,275,11,,39,,,99,51,20,223
2020-12-30 03:00:00,289,205,103,300,,,31,,,144,46,18,213
2020-12-30 04:00:00,281,203,142,326,,,4,,,218,50,18,219
2020-12-30 05:00:00,265,203,290,292,,,346,,,307,40,17,235
2020-12-30 06:00:00,252,199,302,319,,,288,,,301,311,20,239
2020-12-30 07:00:00,249,201,304,322,,,276,,,317,299,19,240
2020-12-30 08:00:00,250,201,297,327,,,256,,,297,214,19,210
2020-12-30 09:00:00,255,211,298,317,,,259,,,304,249,19,264
2020-12-30 10:00:00,347,216,308,296,,,288,,,307,283,20,231
2020-12-30 11:00:00,33,208,282,298,,,351,,,309,291,20,87
2020-12-30 12:00:00,27,215,172,221,,,44,,,215,250,20,89
2020-12-30 13:00:00,49,199,92,209,10,,59,,,137,254,21,79
2020-12-30 14:00:00,62,200,86,74,10,,75,,,198,121,21,84
2020-12-30 15:00:00,44,203,55,54,11,,54,,,180,42,21,79
2020-12-30 16:00:00,50,206,67,57,11,,75,,,88,61,,85
2020-12-30 17:00:00,63,202,96,77,11,,82,,,84,339,22,75
2020-12-30 18:00:00,70,207,111,46,10,,57,,,78,50,22,106
2020-12-30 19:00:00,6,214,202,30,11,,38,,,85,53,22,91
2020-12-30 20:00:00,25,200,333,31,11,,31,,,304,345,,116
2020-12-30 21:00:00,61,202,330,55,11,,35,,,299,296,,108
2020-12-30 22:00:00,53,202,335,31,,,35,,,318,325,,95
2020-12-30 23:00:00,74,203,315,27,,,38,,,316,323,,106
2020-12-31 00:00:00,90,204,312,201,10,,36,,,321,327,20,98
2020-12-31 01:00:00,90,207,324,208,10,,37,,,322,333,21,91
2020-12-31 02:00:00,89,205,344,189,11,,41,,,337,331,21,82
2020-12-31 03:00:00,142,205,344,156,11,,39,,,329,341,19,86
2020-12-31 04:00:00,125,210,347,292,11,,36,,,344,343,18,118
2020-12-31 05:00:00,144,218,337,291,,,341,,,317,348,19,282
2020-12-31 06:00:00,335,212,340,294,,,329,,,344,359,19,283
2020-12-31 07:00:00,319,215,329,313,,,327,,,331,349,20,261
2020-12-31 08:00:00,234,217,342,301,,,334,,,316,308,20,260
2020-12-31 09:00:00,289,214,269,290,,,347,,,288,289,20,277
2020-12-31 10:00:00,294,216,298,291,,,330,,,188,294,,279
2020-12-31 11:00:00,317,217,318,292,,,329,,,174,181,18,288
2020-12-31 12:00:00,310,218,285,290,,,333,,,257,164,19,295
2020-12-31 13:00:00,306,214,283,287,,,334,,,296,335,20,288
2020-12-31 14:00:00,310,207,286,278,,,322,,,294,299,19,289
2020-12-31 15:00:00,308,207,292,280,,,329,,,307,307,18,293
2020-12-31 16:00:00,315,207,294,285,,,329,,,314,322,19,298
2020-12-31 17:00:00,303,206,289,282,,,333,,,305,321,17,289
2020-12-31 18:00:00,120,205,286,290,,,336,,,296,324,18,275
2020-12-31 19:00:00,43,205,305,293,,,327,,,281,246,19,269
2020-12-31 20:00:00,211,205,295,287,,,307,,,189,179,20,249
2020-12-31 21:00:00,146,,230,252,12,,288,,,162,174,21,246
2020-12-31 22:00:00,153,202,146,186,11,,124,,,151,170,16,271
2020-12-31 23:00:00,101,202,155,143,11,,105,,,155,167,18,244
